player_id,game_id,season,week,position,y_true,y_pred,fold_idx
00-0027029,2020_01_TB_NO,2020,1,RB,0.0,6.8446069670406,0
00-0027966,2020_01_CLE_BAL,2020,1,RB,10.0,7.4179611285866445,0
00-0030496,2020_01_NYJ_BUF,2020,1,RB,6.0,9.70332564058682,0
00-0030513,2020_01_TB_NO,2020,1,RB,15.0,6.962947854865317,0
00-0031045,2020_01_SEA_ATL,2020,1,RB,7.0,7.291858749694931,0
00-0031687,2020_01_ARI_SF,2020,1,RB,15.0,7.057511033517808,0
00-0031806,2020_01_DAL_LA,2020,1,RB,18.0,12.333191099266928,0
00-0032144,2020_01_TEN_DEN,2020,1,RB,15.0,11.66201716743566,0
00-0032187,2020_01_HOU_KC,2020,1,RB,11.0,13.232030304789824,0
00-0032241,2020_01_SEA_ATL,2020,1,RB,14.0,9.154797421635061,0
00-0032602,2020_01_PHI_WAS,2020,1,RB,3.0,8.213086463277227,0
00-0032741,2020_01_PHI_WAS,2020,1,RB,17.0,8.344423721871898,0
00-0032764,2020_01_TEN_DEN,2020,1,RB,31.0,15.691163729912336,0
00-0033045,2020_01_DAL_LA,2020,1,RB,22.0,16.27285669151177,0
00-0033118,2020_01_ARI_SF,2020,1,RB,16.0,12.826650296471996,0
00-0033280,2020_01_LV_CAR,2020,1,RB,23.0,15.51930278522639,0
00-0033293,2020_01_GB_MIN,2020,1,RB,16.0,10.745545338169544,0
00-0033556,2020_01_CHI_DET,2020,1,RB,7.0,6.702569997969741,0
00-0033594,2020_01_SEA_ATL,2020,1,RB,6.0,9.545316268705774,0
00-0033699,2020_01_LAC_CIN,2020,1,RB,19.0,13.63553884578333,0
00-0033725,2020_01_PHI_WAS,2020,1,RB,6.0,7.977943643428969,0
00-0033893,2020_01_GB_MIN,2020,1,RB,12.0,13.265682741929055,0
00-0033897,2020_01_LAC_CIN,2020,1,RB,19.0,12.120025758411463,0
00-0033906,2020_01_TB_NO,2020,1,RB,12.0,12.274562244094568,0
00-0033923,2020_01_CLE_BAL,2020,1,RB,13.0,10.66042644471236,0
00-0033948,2020_01_GB_MIN,2020,1,RB,7.0,7.758361103162578,0
00-0034367,2020_01_IND_JAX,2020,1,RB,7.0,9.443724419819524,0
00-0034414,2020_01_PHI_WAS,2020,1,RB,9.0,10.599550416322392,0
00-0034681,2020_01_ARI_SF,2020,1,RB,6.0,5.255478606615043,0
00-0034791,2020_01_CLE_BAL,2020,1,RB,10.0,10.265658283941006,0
00-0034816,2020_01_TB_NO,2020,1,RB,17.0,9.069143968805513,0
00-0034844,2020_01_PIT_NYG,2020,1,RB,15.0,17.55873094311372,0
00-0034972,2020_01_GB_MIN,2020,1,RB,6.0,7.447862274781377,0
00-0035217,2020_01_PIT_NYG,2020,1,RB,19.0,9.983821363860791,0
00-0035250,2020_01_NYJ_BUF,2020,1,RB,9.0,8.297500178021743,0
00-0035311,2020_01_MIA_NE,2020,1,RB,9.0,9.470554289364543,0
00-0035685,2020_01_CHI_DET,2020,1,RB,13.0,9.509764134186,0
00-0035700,2020_01_LV_CAR,2020,1,RB,25.0,16.041933701220987,0
00-0035831,2020_01_IND_JAX,2020,1,RB,16.0,15.777619611042704,0
00-0036158,2020_01_CLE_BAL,2020,1,RB,7.0,7.415709417300546,0
00-0036223,2020_01_IND_JAX,2020,1,RB,9.0,8.719293323710513,0
00-0036251,2020_01_NYJ_BUF,2020,1,RB,9.0,6.572784179389588,0
00-0036275,2020_01_CHI_DET,2020,1,RB,3.0,8.643047475170967,0
00-0036360,2020_01_HOU_KC,2020,1,RB,25.0,9.65413843174779,0
00-0023500,2020_02_SF_NYJ,2020,2,RB,21.0,9.73866058682107,0
00-0027966,2020_02_BAL_HOU,2020,2,RB,9.0,10.588617692916337,0
00-0028087,2020_02_NYG_CHI,2020,2,RB,10.0,11.455254239912291,0
00-0030288,2020_02_NE_SEA,2020,2,RB,6.0,13.7025232658678,0
00-0030404,2020_02_JAX_TEN,2020,2,RB,2.0,4.476607948637644,0
00-0030456,2020_02_CIN_CLE,2020,2,RB,1.0,5.695159265549656,0
00-0031806,2020_02_LA_PHI,2020,2,RB,11.0,13.759666306697158,0
00-0032058,2020_02_SF_NYJ,2020,2,RB,14.0,7.548943013983794,0
00-0032144,2020_02_DEN_PIT,2020,2,RB,19.0,19.731749509826045,0
00-0032187,2020_02_BAL_HOU,2020,2,RB,11.0,17.41682167399392,0
00-0032241,2020_02_ATL_DAL,2020,2,RB,21.0,18.893755514825784,0
00-0032404,2020_02_DET_GB,2020,2,RB,0.0,4.459581409996206,0
00-0032602,2020_02_WAS_ARI,2020,2,RB,8.0,4.050244633401043,0
00-0032764,2020_02_JAX_TEN,2020,2,RB,25.0,19.870731337803043,0
00-0033045,2020_02_ATL_DAL,2020,2,RB,22.0,18.825828705176626,0
00-0033118,2020_02_WAS_ARI,2020,2,RB,20.0,16.970081215727845,0
00-0033280,2020_02_CAR_TB,2020,2,RB,18.0,18.186393974384877,0
00-0033293,2020_02_DET_GB,2020,2,RB,18.0,13.508215249657363,0
00-0033553,2020_02_DEN_PIT,2020,2,RB,16.0,14.802472025186383,0
00-0033594,2020_02_NE_SEA,2020,2,RB,17.0,8.300213815271361,0
00-0033699,2020_02_KC_LAC,2020,2,RB,16.0,18.411772934663404,0
00-0033856,2020_02_CAR_TB,2020,2,RB,12.0,8.372593844185095,0
00-0033893,2020_02_MIN_IND,2020,2,RB,14.0,15.246145242981708,0
00-0033897,2020_02_CIN_CLE,2020,2,RB,16.0,16.054809319445102,0
00-0033906,2020_02_NO_LV,2020,2,RB,13.0,12.492793587775612,0
00-0033923,2020_02_CIN_CLE,2020,2,RB,10.0,10.913959776752698,0
00-0033948,2020_02_DET_GB,2020,2,RB,8.0,6.737084418728633,0
00-0034115,2020_02_SF_NYJ,2020,2,RB,2.0,6.335989712769406,0
00-0034681,2020_02_WAS_ARI,2020,2,RB,3.0,2.1200121471065074,0
00-0034791,2020_02_CIN_CLE,2020,2,RB,22.0,15.754711857268353,0
00-0034816,2020_02_CAR_TB,2020,2,RB,7.0,14.14697195724454,0
00-0035243,2020_02_LA_PHI,2020,2,RB,20.0,14.434492836609799,0
00-0035250,2020_02_BUF_MIA,2020,2,RB,10.0,8.66665241266367,0
00-0035311,2020_02_BUF_MIA,2020,2,RB,7.0,13.81383500559949,0
00-0035664,2020_02_LA_PHI,2020,2,RB,12.0,5.429882326426165,0
00-0035685,2020_02_NYG_CHI,2020,2,RB,16.0,14.054688013815623,0
00-0035700,2020_02_NO_LV,2020,2,RB,27.0,16.479378744708026,0
00-0035831,2020_02_JAX_TEN,2020,2,RB,16.0,17.707281492795346,0
00-0036223,2020_02_MIN_IND,2020,2,RB,26.0,11.362067081912423,0
00-0036251,2020_02_BUF_MIA,2020,2,RB,8.0,6.716407523369681,0
00-0036275,2020_02_DET_GB,2020,2,RB,5.0,5.320956540147804,0
00-0036328,2020_02_WAS_ARI,2020,2,RB,13.0,11.789141071698502,0
00-0036360,2020_02_KC_LAC,2020,2,RB,10.0,19.270377208537333,0
00-0036370,2020_02_KC_LAC,2020,2,RB,23.0,10.534973257591814,0
00-0023500,2020_03_NYJ_IND,2020,3,RB,15.0,13.017667453034306,0
00-0025394,2020_03_DET_ARI,2020,3,RB,22.0,12.162605104844392,0
00-0028087,2020_03_SF_NYG,2020,3,RB,1.0,4.080215563541426,0
00-0030288,2020_03_LV_NE,2020,3,RB,6.0,6.161459314551151,0
00-0030404,2020_03_MIA_JAX,2020,3,RB,2.0,6.975911888168506,0
00-0030513,2020_03_GB_NO,2020,3,RB,12.0,11.709743640819184,0
00-0031376,2020_03_SF_NYG,2020,3,RB,14.0,11.947743267421394,0
00-0031806,2020_03_LA_BUF,2020,3,RB,7.0,14.502813772211454,0
00-0032063,2020_03_CAR_LAC,2020,3,RB,13.0,14.730179750709222,0
00-0032144,2020_03_TB_DEN,2020,3,RB,8.0,19.40093098782655,0
00-0032187,2020_03_HOU_PIT,2020,3,RB,13.0,16.302756617511218,0
00-0032241,2020_03_CHI_ATL,2020,3,RB,14.0,14.134655036170647,0
00-0032404,2020_03_GB_NO,2020,3,RB,1.0,2.004702953987989,0
00-0032602,2020_03_WAS_CLE,2020,3,RB,5.0,7.479496419853499,0
00-0032764,2020_03_TEN_MIN,2020,3,RB,26.0,22.18611551616243,0
00-0033025,2020_03_LV_NE,2020,3,RB,1.0,8.333303047011828,0
00-0033045,2020_03_DAL_SEA,2020,3,RB,14.0,16.945616051670477,0
00-0033118,2020_03_DET_ARI,2020,3,RB,18.0,20.270419935800142,0
00-0033293,2020_03_GB_NO,2020,3,RB,16.0,14.331246328936341,0
00-0033553,2020_03_HOU_PIT,2020,3,RB,18.0,18.688545595875624,0
00-0033567,2020_03_CHI_ATL,2020,3,RB,9.0,7.425366810674348,0
00-0033594,2020_03_DAL_SEA,2020,3,RB,14.0,13.540396519648748,0
00-0033699,2020_03_CAR_LAC,2020,3,RB,12.0,20.85485272827994,0
00-0033856,2020_03_TB_DEN,2020,3,RB,7.0,9.690007770938923,0
00-0033893,2020_03_TEN_MIN,2020,3,RB,22.0,16.489261996936598,0
00-0033897,2020_03_CIN_PHI,2020,3,RB,17.0,20.636999042818047,0
00-0033906,2020_03_GB_NO,2020,3,RB,6.0,13.568699689408156,0
00-0033923,2020_03_WAS_CLE,2020,3,RB,16.0,11.492159480731294,0
00-0033950,2020_03_SF_NYG,2020,3,RB,4.0,8.997363931807712,0
00-0034115,2020_03_SF_NYG,2020,3,RB,12.0,6.553514719081429,0
00-0034367,2020_03_NYJ_IND,2020,3,RB,7.0,4.53035771227112,0
00-0034791,2020_03_WAS_CLE,2020,3,RB,19.0,16.56743480046348,0
00-0034816,2020_03_TB_DEN,2020,3,RB,13.0,13.139625678616701,0
00-0034838,2020_03_TB_DEN,2020,3,RB,2.0,5.7121044431689345,0
00-0034845,2020_03_LV_NE,2020,3,RB,9.0,11.102675473980538,0
00-0035243,2020_03_CIN_PHI,2020,3,RB,18.0,16.991022400975048,0
00-0035250,2020_03_LA_BUF,2020,3,RB,13.0,16.70253195351704,0
00-0035311,2020_03_MIA_JAX,2020,3,RB,22.0,15.38340740016698,0
00-0035664,2020_03_LA_BUF,2020,3,RB,20.0,10.067840911022365,0
00-0035685,2020_03_CHI_ATL,2020,3,RB,14.0,13.643639669307847,0
00-0035700,2020_03_LV_NE,2020,3,RB,16.0,16.10416273342925,0
00-0035831,2020_03_MIA_JAX,2020,3,RB,11.0,16.25060761812901,0
00-0036158,2020_03_KC_BAL,2020,3,RB,1.0,9.67394433893247,0
00-0036223,2020_03_NYJ_IND,2020,3,RB,13.0,14.608113812507185,0
00-0036328,2020_03_WAS_CLE,2020,3,RB,9.0,11.652676971349155,0
00-0036360,2020_03_KC_BAL,2020,3,RB,20.0,18.19956973833257,0
00-0023500,2020_04_DEN_NYJ,2020,4,RB,13.0,14.120613414363222,0
00-0025394,2020_04_NO_DET,2020,4,RB,11.0,15.971204437157718,0
00-0030288,2020_04_NE_KC,2020,4,RB,11.0,5.314686586192008,0
00-0030513,2020_04_NO_DET,2020,4,RB,14.0,11.475432407982062,0
00-0031062,2020_04_NE_KC,2020,4,RB,3.0,14.457334676019542,0
00-0031285,2020_04_NYG_LA,2020,4,RB,11.0,9.635117411517685,0
00-0031376,2020_04_PHI_SF,2020,4,RB,14.0,15.122357885897436,0
00-0031806,2020_04_NYG_LA,2020,4,RB,9.0,15.20291435391908,0
00-0032063,2020_04_ARI_CAR,2020,4,RB,16.0,11.817982630625355,0
00-0032144,2020_04_DEN_NYJ,2020,4,RB,23.0,19.801382456026857,0
00-0032187,2020_04_MIN_HOU,2020,4,RB,16.0,10.877167790079307,0
00-0032241,2020_04_ATL_GB,2020,4,RB,16.0,16.25793123083902,0
00-0032257,2020_04_MIN_HOU,2020,4,RB,5.0,7.558861085656427,0
00-0032404,2020_04_ATL_GB,2020,4,RB,0.0,1.2797828184316913,0
00-0032602,2020_04_BAL_WAS,2020,4,RB,2.0,6.960514687345296,0
00-0033045,2020_04_CLE_DAL,2020,4,RB,12.0,17.71390474510978,0
00-0033118,2020_04_ARI_CAR,2020,4,RB,13.0,20.983971784257847,0
00-0033293,2020_04_ATL_GB,2020,4,RB,15.0,10.40027838242916,0
00-0033594,2020_04_SEA_MIA,2020,4,RB,16.0,13.66502806949444,0
00-0033893,2020_04_MIN_HOU,2020,4,RB,27.0,19.26728022680275,0
00-0033897,2020_04_JAX_CIN,2020,4,RB,25.0,21.15505868913648,0
00-0033906,2020_04_NO_DET,2020,4,RB,19.0,11.741796888205307,0
00-0033923,2020_04_CLE_DAL,2020,4,RB,11.0,9.93216098866743,0
00-0033948,2020_04_ATL_GB,2020,4,RB,8.0,9.717738605721214,0
00-0034115,2020_04_PHI_SF,2020,4,RB,3.0,6.3223300120386705,0
00-0034184,2020_04_BAL_WAS,2020,4,RB,9.0,5.2374764817379384,0
00-0034367,2020_04_IND_CHI,2020,4,RB,9.0,4.620600941013486,0
00-0034440,2020_04_LAC_TB,2020,4,RB,6.0,5.639220704119945,0
00-0034681,2020_04_ARI_CAR,2020,4,RB,4.0,5.193053214175942,0
00-0034799,2020_04_DEN_NYJ,2020,4,RB,0.0,5.726057847969128,0
00-0034816,2020_04_LAC_TB,2020,4,RB,20.0,15.78306096232776,0
00-0035243,2020_04_PHI_SF,2020,4,RB,13.0,17.48849187891503,0
00-0035250,2020_04_BUF_LV,2020,4,RB,18.0,15.7176681981107,0
00-0035311,2020_04_SEA_MIA,2020,4,RB,10.0,11.751985673633488,0
00-0035664,2020_04_NYG_LA,2020,4,RB,8.0,11.390795366392922,0
00-0035685,2020_04_IND_CHI,2020,4,RB,10.0,16.788040608583323,0
00-0035700,2020_04_BUF_LV,2020,4,RB,15.0,19.583894920611854,0
00-0035831,2020_04_JAX_CIN,2020,4,RB,17.0,21.23303392280947,0
00-0036158,2020_04_BAL_WAS,2020,4,RB,5.0,6.4110933208214504,0
00-0036223,2020_04_IND_CHI,2020,4,RB,17.0,16.378276146898074,0
00-0036275,2020_04_NO_DET,2020,4,RB,4.0,4.0036495721263545,0
00-0036328,2020_04_BAL_WAS,2020,4,RB,13.0,13.66383565464391,0
00-0036360,2020_04_NE_KC,2020,4,RB,16.0,16.882236051699596,0
00-0036370,2020_04_LAC_TB,2020,4,RB,9.0,17.2658564351257,0
00-0030404,2020_05_JAX_HOU,2020,5,RB,2.0,3.8271543268467454,0
00-0030496,2020_05_ARI_NYJ,2020,5,RB,13.0,13.50601074495618,0
00-0031285,2020_05_NYG_DAL,2020,5,RB,17.0,11.764051478967238,0
00-0031687,2020_05_MIA_SF,2020,5,RB,11.0,7.738039277958179,0
00-0031806,2020_05_LA_WAS,2020,5,RB,8.0,9.213032152998114,0
00-0032063,2020_05_CAR_ATL,2020,5,RB,16.0,15.685682183477407,0
00-0032187,2020_05_JAX_HOU,2020,5,RB,17.0,14.959385617321214,0
00-0032209,2020_05_BUF_TEN,2020,5,RB,7.0,9.029955033274707,0
00-0032241,2020_05_CAR_ATL,2020,5,RB,14.0,16.408936420902197,0
00-0032602,2020_05_LA_WAS,2020,5,RB,1.0,4.883082953885249,0
00-0032764,2020_05_BUF_TEN,2020,5,RB,19.0,16.937852982844817,0
00-0033045,2020_05_NYG_DAL,2020,5,RB,19.0,16.678632955806552,0
00-0033118,2020_05_ARI_NYJ,2020,5,RB,18.0,20.02498553932728,0
00-0033553,2020_05_PHI_PIT,2020,5,RB,15.0,18.462417944375844,0
00-0033594,2020_05_MIN_SEA,2020,5,RB,8.0,15.345077014105126,0
00-0033893,2020_05_MIN_SEA,2020,5,RB,17.0,12.561154739808646,0
00-0033897,2020_05_CIN_BAL,2020,5,RB,24.0,18.41201152988718,0
00-0033906,2020_05_LAC_NO,2020,5,RB,11.0,14.187110608969881,0
00-0033923,2020_05_IND_CLE,2020,5,RB,20.0,16.298271122165534,0
00-0033955,2020_05_BUF_TEN,2020,5,RB,9.0,6.470909729096131,0
00-0034115,2020_05_MIA_SF,2020,5,RB,4.0,4.073573583436044,0
00-0034184,2020_05_CIN_BAL,2020,5,RB,7.0,9.12030534320368,0
00-0034301,2020_05_LV_KC,2020,5,RB,1.0,7.640202840633765,0
00-0034367,2020_05_IND_CLE,2020,5,RB,3.0,4.080297017543575,0
00-0034440,2020_05_LAC_NO,2020,5,RB,15.0,9.184991392939235,0
00-0034681,2020_05_ARI_NYJ,2020,5,RB,3.0,4.872124267173227,0
00-0034816,2020_05_TB_CHI,2020,5,RB,17.0,17.5070127042366,0
00-0034972,2020_05_MIN_SEA,2020,5,RB,20.0,5.912868571675134,0
00-0035243,2020_05_PHI_PIT,2020,5,RB,11.0,18.554630941594773,0
00-0035250,2020_05_BUF_TEN,2020,5,RB,11.0,14.030768902344757,0
00-0035311,2020_05_MIA_SF,2020,5,RB,16.0,14.365837098948708,0
00-0035594,2020_05_MIN_SEA,2020,5,RB,3.0,9.383984594723373,0
00-0035664,2020_05_LA_WAS,2020,5,RB,15.0,10.351775337418953,0
00-0035685,2020_05_TB_CHI,2020,5,RB,10.0,17.353419667053323,0
00-0035700,2020_05_LV_KC,2020,5,RB,23.0,17.429211006599036,0
00-0035831,2020_05_JAX_HOU,2020,5,RB,13.0,15.151775241337507,0
00-0036223,2020_05_IND_CLE,2020,5,RB,12.0,17.511593012981784,0
00-0036328,2020_05_LA_WAS,2020,5,RB,11.0,13.865842000515876,0
00-0036360,2020_05_LV_KC,2020,5,RB,10.0,15.1151946040223,0
00-0036370,2020_05_LAC_NO,2020,5,RB,11.0,13.460300531824434,0
00-0023500,2020_06_NYJ_MIA,2020,6,RB,11.0,12.903823956022615,0
00-0025394,2020_06_DET_JAX,2020,6,RB,15.0,16.1987817438274,0
00-0030456,2020_06_CIN_IND,2020,6,RB,8.0,5.621541390550514,0
00-0031062,2020_06_DEN_NE,2020,6,RB,4.0,5.564593071891726,0
00-0031285,2020_06_WAS_NYG,2020,6,RB,18.0,19.615368688087784,0
00-0031687,2020_06_LA_SF,2020,6,RB,17.0,10.178977216223785,0
00-0031806,2020_06_LA_SF,2020,6,RB,2.0,7.624118497672094,0
00-0032063,2020_06_CHI_CAR,2020,6,RB,18.0,15.924223128965165,0
00-0032187,2020_06_HOU_TEN,2020,6,RB,19.0,15.799547849021163,0
00-0032241,2020_06_ATL_MIN,2020,6,RB,20.0,17.434588800413067,0
00-0032602,2020_06_WAS_NYG,2020,6,RB,8.0,6.7747967377155165,0
00-0032764,2020_06_HOU_TEN,2020,6,RB,22.0,19.154168336601263,0
00-0033045,2020_06_ARI_DAL,2020,6,RB,12.0,15.008699004715716,0
00-0033118,2020_06_ARI_DAL,2020,6,RB,20.0,22.587559774104005,0
00-0033293,2020_06_GB_TB,2020,6,RB,10.0,12.019611178095346,0
00-0033553,2020_06_CLE_PIT,2020,6,RB,20.0,19.231521181596758,0
00-0033897,2020_06_CIN_IND,2020,6,RB,18.0,14.783321175128169,0
00-0033923,2020_06_CLE_PIT,2020,6,RB,13.0,11.963996917392736,0
00-0033948,2020_06_GB_TB,2020,6,RB,4.0,6.961669295922078,0
00-0033955,2020_06_HOU_TEN,2020,6,RB,5.0,7.268317185580055,0
00-0034109,2020_06_DEN_NE,2020,6,RB,23.0,10.545357635589426,0
00-0034184,2020_06_BAL_PHI,2020,6,RB,14.0,8.950830477777776,0
00-0034414,2020_06_BAL_PHI,2020,6,RB,2.0,9.217857476570842,0
00-0034681,2020_06_ARI_DAL,2020,6,RB,5.0,3.5272573158892637,0
00-0034816,2020_06_GB_TB,2020,6,RB,23.0,12.538041040692551,0
00-0034838,2020_06_DEN_NE,2020,6,RB,8.0,6.216974709084139,0
00-0034972,2020_06_ATL_MIN,2020,6,RB,10.0,12.402356313391405,0
00-0035243,2020_06_BAL_PHI,2020,6,RB,9.0,11.333899771519611,0
00-0035250,2020_06_KC_BUF,2020,6,RB,10.0,19.209034816549178,0
00-0035261,2020_06_ARI_DAL,2020,6,RB,10.0,7.560937200724854,0
00-0035311,2020_06_NYJ_MIA,2020,6,RB,18.0,14.90830673171189,0
00-0035664,2020_06_LA_SF,2020,6,RB,14.0,11.03755958511006,0
00-0035685,2020_06_CHI_CAR,2020,6,RB,19.0,16.774058699815573,0
00-0035831,2020_06_DET_JAX,2020,6,RB,12.0,15.201155781184411,0
00-0036158,2020_06_BAL_PHI,2020,6,RB,9.0,4.090902880995076,0
00-0036223,2020_06_CIN_IND,2020,6,RB,12.0,16.595019554864304,0
00-0036269,2020_06_NYJ_MIA,2020,6,RB,7.0,14.249383368652065,0
00-0036275,2020_06_DET_JAX,2020,6,RB,14.0,5.0089835347087,0
00-0036328,2020_06_WAS_NYG,2020,6,RB,9.0,11.77112218438685,0
00-0036360,2020_06_KC_BUF,2020,6,RB,26.0,17.937045650759075,0
00-0030288,2020_07_SF_NE,2020,7,RB,4.0,6.568207356276869,0
00-0030456,2020_07_CLE_CIN,2020,7,RB,13.0,12.761703711081584,0
00-0031045,2020_07_SEA_ARI,2020,7,RB,15.0,9.067364877131055,0
00-0031806,2020_07_CHI_LA,2020,7,RB,10.0,5.922620795260387,0
00-0032063,2020_07_CAR_NO,2020,7,RB,7.0,15.267886391694862,0
00-0032144,2020_07_KC_DEN,2020,7,RB,17.0,17.153267497351496,0
00-0032187,2020_07_GB_HOU,2020,7,RB,14.0,18.03492127173011,0
00-0032241,2020_07_DET_ATL,2020,7,RB,23.0,22.058979629639786,0
00-0032602,2020_07_DAL_WAS,2020,7,RB,5.0,5.290137990630688,0
00-0032764,2020_07_PIT_TEN,2020,7,RB,20.0,20.365472836899443,0
00-0033045,2020_07_DAL_WAS,2020,7,RB,12.0,16.49065864299039,0
00-0033118,2020_07_SEA_ARI,2020,7,RB,14.0,13.830663851928907,0
00-0033553,2020_07_PIT_TEN,2020,7,RB,20.0,19.480546782993684,0
00-0033856,2020_07_TB_LV,2020,7,RB,11.0,9.793919798429966,0
00-0033906,2020_07_CAR_NO,2020,7,RB,14.0,14.249724119205087,0
00-0033923,2020_07_CLE_CIN,2020,7,RB,18.0,19.683129650197298,0
00-0033948,2020_07_GB_HOU,2020,7,RB,19.0,13.555387971479723,0
00-0033950,2020_07_NYG_PHI,2020,7,RB,10.0,6.293583647587064,0
00-0034115,2020_07_SF_NE,2020,7,RB,17.0,5.204662237024022,0
00-0034414,2020_07_NYG_PHI,2020,7,RB,12.0,13.559922506058031,0
00-0034440,2020_07_JAX_LAC,2020,7,RB,5.0,8.621835267490683,0
00-0034681,2020_07_SEA_ARI,2020,7,RB,5.0,5.183992868866119,0
00-0034816,2020_07_TB_LV,2020,7,RB,13.0,14.414197010113039,0
00-0035250,2020_07_BUF_NYJ,2020,7,RB,8.0,12.885206805085819,0
00-0035657,2020_07_SF_NE,2020,7,RB,10.0,6.282879113850131,0
00-0035664,2020_07_CHI_LA,2020,7,RB,15.0,15.900635187584658,0
00-0035685,2020_07_CHI_LA,2020,7,RB,14.0,18.204295196962704,0
00-0035700,2020_07_TB_LV,2020,7,RB,10.0,13.17224153396564,0
00-0035726,2020_07_SF_NE,2020,7,RB,0.0,4.737944043173474,0
00-0035831,2020_07_JAX_LAC,2020,7,RB,22.0,17.3761036388714,0
00-0036251,2020_07_BUF_NYJ,2020,7,RB,7.0,9.295479310622765,0
00-0036269,2020_07_BUF_NYJ,2020,7,RB,11.0,13.153191564965859,0
00-0036275,2020_07_DET_ATL,2020,7,RB,9.0,6.870845724582581,0
00-0036328,2020_07_DAL_WAS,2020,7,RB,20.0,12.852532232272754,0
00-0036360,2020_07_KC_DEN,2020,7,RB,8.0,14.041806155820973,0
00-0036370,2020_07_JAX_LAC,2020,7,RB,12.0,9.967847944322589,0
00-0023500,2020_08_NYJ_KC,2020,8,RB,10.0,11.506511544891756,0
00-0030288,2020_08_NE_BUF,2020,8,RB,6.0,9.02757506722686,0
00-0030456,2020_08_TEN_CIN,2020,8,RB,15.0,10.855557792198466,0
00-0031062,2020_08_NE_BUF,2020,8,RB,2.0,6.921341794438996,0
00-0031376,2020_08_SF_SEA,2020,8,RB,3.0,8.72861052980674,0
00-0031806,2020_08_LA_MIA,2020,8,RB,10.0,11.546038788584077,0
00-0032063,2020_08_ATL_CAR,2020,8,RB,13.0,18.80704943593284,0
00-0032144,2020_08_LAC_DEN,2020,8,RB,8.0,12.12644065193092,0
00-0032241,2020_08_ATL_CAR,2020,8,RB,18.0,15.004112017224882,0
00-0032764,2020_08_TEN_CIN,2020,8,RB,18.0,14.509542345806658,0
00-0033045,2020_08_DAL_PHI,2020,8,RB,19.0,17.528023356719988,0
00-0033553,2020_08_PIT_BAL,2020,8,RB,15.0,16.452987872572194,0
00-0033567,2020_08_ATL_CAR,2020,8,RB,11.0,11.303267747491539,0
00-0033856,2020_08_TB_NYG,2020,8,RB,15.0,13.606980948534186,0
00-0033893,2020_08_MIN_GB,2020,8,RB,30.0,19.474483521337877,0
00-0033906,2020_08_NO_CHI,2020,8,RB,12.0,17.108058925806954,0
00-0033923,2020_08_LV_CLE,2020,8,RB,14.0,21.028958585125437,0
00-0033948,2020_08_MIN_GB,2020,8,RB,16.0,13.98928938009939,0
00-0033950,2020_08_TB_NYG,2020,8,RB,12.0,5.2299182210542305,0
00-0033955,2020_08_TEN_CIN,2020,8,RB,4.0,7.806259799347966,0
00-0034109,2020_08_LAC_DEN,2020,8,RB,6.0,13.684496605511535,0
00-0034400,2020_08_IND_DET,2020,8,RB,20.0,13.38737375681932,0
00-0034414,2020_08_DAL_PHI,2020,8,RB,15.0,11.38490315450484,0
00-0034440,2020_08_LAC_DEN,2020,8,RB,17.0,7.688004663779566,0
00-0035250,2020_08_NE_BUF,2020,8,RB,14.0,11.787634043551654,0
00-0035311,2020_08_LA_MIA,2020,8,RB,18.0,15.035794739280004,0
00-0035685,2020_08_NO_CHI,2020,8,RB,21.0,16.74135629121338,0
00-0035700,2020_08_LV_CLE,2020,8,RB,31.0,18.608538534859722,0
00-0035806,2020_08_SF_SEA,2020,8,RB,12.0,7.205731578862598,0
00-0036158,2020_08_PIT_BAL,2020,8,RB,15.0,10.967630797843098,0
00-0036223,2020_08_IND_DET,2020,8,RB,11.0,13.050362314869465,0
00-0036251,2020_08_NE_BUF,2020,8,RB,14.0,8.481789323246485,0
00-0036269,2020_08_NYJ_KC,2020,8,RB,8.0,8.136971567918188,0
00-0036275,2020_08_IND_DET,2020,8,RB,6.0,13.791926007273153,0
00-0036360,2020_08_NYJ_KC,2020,8,RB,6.0,12.999977799376731,0
00-0036425,2020_08_SF_SEA,2020,8,RB,18.0,12.267831858836288,0
00-0023500,2020_09_NE_NYJ,2020,9,RB,12.0,13.138547140027914,0
00-0030288,2020_09_NE_NYJ,2020,9,RB,12.0,6.163238804406791,0
00-0030513,2020_09_NO_TB,2020,9,RB,10.0,12.542328429919202,0
00-0031376,2020_09_GB_SF,2020,9,RB,12.0,10.416922778905484,0
00-0032144,2020_09_DEN_ATL,2020,9,RB,6.0,16.8422192689328,0
00-0032241,2020_09_DEN_ATL,2020,9,RB,19.0,19.18996626191694,0
00-0032257,2020_09_HOU_JAX,2020,9,RB,16.0,13.344243457816384,0
00-0032602,2020_09_NYG_WAS,2020,9,RB,3.0,13.112365207367594,0
00-0032764,2020_09_CHI_TEN,2020,9,RB,21.0,15.597450922808042,0
00-0032780,2020_09_MIA_ARI,2020,9,RB,10.0,8.131750937565071,0
00-0033045,2020_09_PIT_DAL,2020,9,RB,18.0,19.036019301266876,0
00-0033280,2020_09_CAR_KC,2020,9,RB,18.0,19.196085232363874,0
00-0033293,2020_09_GB_SF,2020,9,RB,15.0,10.426045410237032,0
00-0033553,2020_09_PIT_DAL,2020,9,RB,9.0,17.020214627297086,0
00-0033856,2020_09_NO_TB,2020,9,RB,1.0,14.086079055887037,0
00-0033893,2020_09_DET_MIN,2020,9,RB,22.0,14.937687463640751,0
00-0033906,2020_09_NO_TB,2020,9,RB,9.0,9.3549869032508,0
00-0033950,2020_09_NYG_WAS,2020,9,RB,14.0,8.02062414487716,0
00-0034109,2020_09_DEN_ATL,2020,9,RB,8.0,9.570166515712863,0
00-0034184,2020_09_BAL_IND,2020,9,RB,11.0,9.622880908080518,0
00-0034681,2020_09_MIA_ARI,2020,9,RB,25.0,9.936502831173057,0
00-0034799,2020_09_LV_LAC,2020,9,RB,15.0,3.1014015038543334,0
00-0035250,2020_09_SEA_BUF,2020,9,RB,2.0,10.679024928097398,0
00-0035594,2020_09_SEA_BUF,2020,9,RB,6.0,10.45378750908975,0
00-0035657,2020_09_NE_NYJ,2020,9,RB,14.0,10.143972884265409,0
00-0035685,2020_09_CHI_TEN,2020,9,RB,14.0,16.229254596874725,0
00-0035700,2020_09_LV_LAC,2020,9,RB,14.0,16.130842500549736,0
00-0035726,2020_09_NE_NYJ,2020,9,RB,0.0,7.731380292083056,0
00-0035831,2020_09_HOU_JAX,2020,9,RB,25.0,16.319888981008297,0
00-0036020,2020_09_MIA_ARI,2020,9,RB,7.0,8.121184115256774,0
00-0036158,2020_09_BAL_IND,2020,9,RB,12.0,8.929023374719371,0
00-0036245,2020_09_MIA_ARI,2020,9,RB,0.0,6.007113759037195,0
00-0036251,2020_09_SEA_BUF,2020,9,RB,9.0,10.727080228815485,0
00-0036269,2020_09_NE_NYJ,2020,9,RB,6.0,6.467995739427743,0
00-0036275,2020_09_DET_MIN,2020,9,RB,13.0,8.38055977031135,0
00-0036328,2020_09_NYG_WAS,2020,9,RB,6.0,10.537092401455535,0
00-0036360,2020_09_CAR_KC,2020,9,RB,5.0,9.846959236798831,0
00-0036370,2020_09_LV_LAC,2020,9,RB,9.0,12.433080227578635,0
00-0030288,2020_10_BAL_NE,2020,10,RB,6.0,5.2330307866293895,0
00-0030456,2020_10_CIN_PIT,2020,10,RB,8.0,15.001023942399438,0
00-0030513,2020_10_SF_NO,2020,10,RB,9.0,10.361760863438437,0
00-0030578,2020_10_MIN_CHI,2020,10,RB,12.0,11.27066362187878,0
00-0031376,2020_10_SF_NO,2020,10,RB,18.0,11.33328004247514,0
00-0031806,2020_10_SEA_LA,2020,10,RB,6.0,6.176767907597932,0
00-0032063,2020_10_TB_CAR,2020,10,RB,7.0,13.12948015505739,0
00-0032144,2020_10_DEN_LV,2020,10,RB,11.0,14.38637245469603,0
00-0032257,2020_10_HOU_CLE,2020,10,RB,14.0,15.445417163278286,0
00-0032426,2020_10_SEA_LA,2020,10,RB,11.0,9.419951151094395,0
00-0032602,2020_10_WAS_DET,2020,10,RB,8.0,9.745002181299284,0
00-0032764,2020_10_IND_TEN,2020,10,RB,19.0,19.645626234701595,0
00-0032972,2020_10_DEN_LV,2020,10,RB,16.0,7.038984153731395,0
00-0033118,2020_10_BUF_ARI,2020,10,RB,16.0,17.518388992868374,0
00-0033293,2020_10_JAX_GB,2020,10,RB,13.0,15.343010359861374,0
00-0033553,2020_10_CIN_PIT,2020,10,RB,13.0,19.022795951050927,0
00-0033856,2020_10_TB_CAR,2020,10,RB,8.0,5.580532537833172,0
00-0033893,2020_10_MIN_CHI,2020,10,RB,30.0,22.07945558704401,0
00-0033906,2020_10_SF_NO,2020,10,RB,8.0,14.166158193930372,0
00-0033923,2020_10_HOU_CLE,2020,10,RB,19.0,13.222531263151245,0
00-0033948,2020_10_JAX_GB,2020,10,RB,8.0,8.215789050653132,0
00-0033950,2020_10_PHI_NYG,2020,10,RB,18.0,10.744210774352345,0
00-0034367,2020_10_IND_TEN,2020,10,RB,12.0,4.414216899187971,0
00-0034597,2020_10_MIN_CHI,2020,10,RB,1.0,4.561362941976193,0
00-0034681,2020_10_BUF_ARI,2020,10,RB,8.0,6.4649430873117,0
00-0034791,2020_10_HOU_CLE,2020,10,RB,19.0,12.410129861470848,0
00-0034799,2020_10_LAC_MIA,2020,10,RB,18.0,14.882457367052309,0
00-0034816,2020_10_TB_CAR,2020,10,RB,23.0,17.334988995116934,0
00-0035243,2020_10_PHI_NYG,2020,10,RB,15.0,17.388817974905887,0
00-0035250,2020_10_BUF_ARI,2020,10,RB,4.0,8.891342100461955,0
00-0035657,2020_10_BAL_NE,2020,10,RB,22.0,17.175586525329923,0
00-0035700,2020_10_DEN_LV,2020,10,RB,21.0,17.449574876816015,0
00-0035726,2020_10_BAL_NE,2020,10,RB,0.0,8.73509834883524,0
00-0035831,2020_10_JAX_GB,2020,10,RB,23.0,17.74115198144485,0
00-0036020,2020_10_LAC_MIA,2020,10,RB,21.0,15.9983155982692,0
00-0036158,2020_10_BAL_NE,2020,10,RB,5.0,7.6657085771844535,0
00-0036245,2020_10_LAC_MIA,2020,10,RB,1.0,6.098656024456355,0
00-0036251,2020_10_BUF_ARI,2020,10,RB,7.0,10.691153487672004,0
00-0036275,2020_10_WAS_DET,2020,10,RB,16.0,13.30577622014993,0
00-0036328,2020_10_WAS_DET,2020,10,RB,13.0,13.120454554853941,0
00-0023500,2020_11_NYJ_LAC,2020,11,RB,15.0,14.482531738551796,0
00-0030456,2020_11_CIN_WAS,2020,11,RB,9.0,7.577860210866866,0
00-0030513,2020_11_ATL_NO,2020,11,RB,12.0,12.495221345930897,0
00-0031045,2020_11_ARI_SEA,2020,11,RB,14.0,15.199526870965084,0
00-0031062,2020_11_NE_HOU,2020,11,RB,5.0,5.050079245549122,0
00-0031806,2020_11_LA_TB,2020,11,RB,3.0,7.471786258692935,0
00-0032063,2020_11_DET_CAR,2020,11,RB,19.0,16.539054619780927,0
00-0032144,2020_11_MIA_DEN,2020,11,RB,15.0,13.973550630023604,0
00-0032241,2020_11_ATL_NO,2020,11,RB,8.0,11.279764304535512,0
00-0032257,2020_11_NE_HOU,2020,11,RB,10.0,16.627979570502898,0
00-0032602,2020_11_CIN_WAS,2020,11,RB,6.0,4.088452680133493,0
00-0032764,2020_11_TEN_BAL,2020,11,RB,28.0,20.772506382062637,0
00-0033045,2020_11_DAL_MIN,2020,11,RB,21.0,19.451702001997766,0
00-0033118,2020_11_ARI_SEA,2020,11,RB,11.0,17.234417322712783,0
00-0033293,2020_11_GB_IND,2020,11,RB,10.0,10.735170012108624,0
00-0033526,2020_11_CIN_WAS,2020,11,RB,5.0,7.43931092677212,0
00-0033553,2020_11_PIT_JAX,2020,11,RB,13.0,18.717406075163908,0
00-0033567,2020_11_ATL_NO,2020,11,RB,4.0,6.12448032736309,0
00-0033856,2020_11_LA_TB,2020,11,RB,7.0,8.156636251157408,0
00-0033893,2020_11_DAL_MIN,2020,11,RB,27.0,20.708821487633415,0
00-0033906,2020_11_ATL_NO,2020,11,RB,13.0,9.278574060350147,0
00-0033923,2020_11_PHI_CLE,2020,11,RB,13.0,14.019635402268944,0
00-0033948,2020_11_GB_IND,2020,11,RB,5.0,9.391883246401289,0
00-0034109,2020_11_MIA_DEN,2020,11,RB,16.0,10.83315072044501,0
00-0034349,2020_11_DET_CAR,2020,11,RB,6.0,14.199993321951593,0
00-0034367,2020_11_GB_IND,2020,11,RB,6.0,4.198227145800953,0
00-0034414,2020_11_PHI_CLE,2020,11,RB,5.0,5.565001541662922,0
00-0034681,2020_11_ARI_SEA,2020,11,RB,2.0,8.379839355185108,0
00-0034791,2020_11_PHI_CLE,2020,11,RB,20.0,15.645561146320038,0
00-0034799,2020_11_NYJ_LAC,2020,11,RB,16.0,14.538764257770605,0
00-0034816,2020_11_LA_TB,2020,11,RB,10.0,12.250769208501481,0
00-0035243,2020_11_PHI_CLE,2020,11,RB,16.0,13.176355157501131,0
00-0035657,2020_11_NE_HOU,2020,11,RB,11.0,16.380307188744943,0
00-0035664,2020_11_LA_TB,2020,11,RB,8.0,12.33605304392917,0
00-0035700,2020_11_KC_LV,2020,11,RB,17.0,18.73470932896523,0
00-0035831,2020_11_PIT_JAX,2020,11,RB,17.0,18.085075387122995,0
00-0036020,2020_11_MIA_DEN,2020,11,RB,12.0,19.809457434561384,0
00-0036158,2020_11_TEN_BAL,2020,11,RB,15.0,14.479533385819034,0
00-0036223,2020_11_GB_IND,2020,11,RB,22.0,13.830720972261798,0
00-0036245,2020_11_MIA_DEN,2020,11,RB,0.0,11.500759116873798,0
00-0036328,2020_11_CIN_WAS,2020,11,RB,16.0,14.424966717427965,0
00-0036360,2020_11_KC_LV,2020,11,RB,14.0,12.495113415824704,0
00-0023500,2020_12_MIA_NYJ,2020,12,RB,18.0,15.83947374567521,0
00-0030456,2020_12_NYG_CIN,2020,12,RB,8.0,14.33047767934888,0
00-0030513,2020_12_NO_DEN,2020,12,RB,19.0,13.93404333839414,0
00-0031045,2020_12_SEA_PHI,2020,12,RB,15.0,12.189049389721898,0
00-0031062,2020_12_ARI_NE,2020,12,RB,5.0,5.062494930551344,0
00-0031687,2020_12_SF_LA,2020,12,RB,16.0,8.622028030536041,0
00-0031806,2020_12_SF_LA,2020,12,RB,3.0,6.484579611783447,0
00-0032063,2020_12_CAR_MIN,2020,12,RB,15.0,12.430492788263253,0
00-0032144,2020_12_NO_DEN,2020,12,RB,12.0,17.422352118476546,0
00-0032257,2020_12_HOU_DET,2020,12,RB,9.0,13.774770889858335,0
00-0032602,2020_12_WAS_DAL,2020,12,RB,1.0,3.3658207844445442,0
00-0032764,2020_12_TEN_IND,2020,12,RB,27.0,21.421453925578668,0
00-0032940,2020_12_MIA_NYJ,2020,12,RB,13.0,9.47098551200552,0
00-0032972,2020_12_LV_ATL,2020,12,RB,5.0,14.750550501416747,0
00-0033045,2020_12_WAS_DAL,2020,12,RB,10.0,17.707058194267738,0
00-0033118,2020_12_ARI_NE,2020,12,RB,22.0,16.193591951911515,0
00-0033293,2020_12_CHI_GB,2020,12,RB,17.0,12.276369256261301,0
00-0033567,2020_12_LV_ATL,2020,12,RB,13.0,10.05232516391554,0
00-0033594,2020_12_SEA_PHI,2020,12,RB,8.0,11.515541027888808,0
00-0033699,2020_12_LAC_BUF,2020,12,RB,14.0,16.674125098950228,0
00-0033856,2020_12_KC_TB,2020,12,RB,3.0,7.998098060123654,0
00-0033893,2020_12_CAR_MIN,2020,12,RB,18.0,17.64126053265426,0
00-0033906,2020_12_NO_DEN,2020,12,RB,11.0,11.007733536941158,0
00-0033923,2020_12_CLE_JAX,2020,12,RB,10.0,11.991503468911214,0
00-0033948,2020_12_CHI_GB,2020,12,RB,17.0,7.30301752188951,0
00-0033950,2020_12_NYG_CIN,2020,12,RB,24.0,20.232512010169703,0
00-0034115,2020_12_SF_LA,2020,12,RB,12.0,5.878143019853037,0
00-0034184,2020_12_BAL_PIT,2020,12,RB,9.0,9.734923104825835,0
00-0034349,2020_12_HOU_DET,2020,12,RB,11.0,8.001473562420266,0
00-0034367,2020_12_TEN_IND,2020,12,RB,10.0,8.568456511931066,0
00-0034378,2020_12_LV_ATL,2020,12,RB,12.0,7.381704737806876,0
00-0034400,2020_12_TEN_IND,2020,12,RB,6.0,15.857302644663706,0
00-0034414,2020_12_SEA_PHI,2020,12,RB,2.0,6.4742720009342865,0
00-0034681,2020_12_ARI_NE,2020,12,RB,6.0,6.297831298127158,0
00-0034791,2020_12_CLE_JAX,2020,12,RB,19.0,18.956208324661134,0
00-0034816,2020_12_KC_TB,2020,12,RB,9.0,12.812101230390288,0
00-0034975,2020_12_BAL_PIT,2020,12,RB,9.0,8.374595386947405,0
00-0035217,2020_12_BAL_PIT,2020,12,RB,16.0,19.971946444040817,0
00-0035243,2020_12_SEA_PHI,2020,12,RB,6.0,14.204533124000983,0
00-0035250,2020_12_LAC_BUF,2020,12,RB,11.0,6.674086423961661,0
00-0035261,2020_12_WAS_DAL,2020,12,RB,4.0,6.587648603929702,0
00-0035657,2020_12_ARI_NE,2020,12,RB,14.0,20.02304684983248,0
00-0035685,2020_12_CHI_GB,2020,12,RB,11.0,14.60614634872342,0
00-0035700,2020_12_LV_ATL,2020,12,RB,7.0,16.596475566301407,0
00-0035831,2020_12_CLE_JAX,2020,12,RB,22.0,17.808408860346642,0
00-0036251,2020_12_LAC_BUF,2020,12,RB,9.0,11.123267510159158,0
00-0036328,2020_12_WAS_DAL,2020,12,RB,20.0,17.35387910496585,0
00-0036360,2020_12_KC_TB,2020,12,RB,11.0,15.526070446450317,0
00-0025394,2020_13_DET_CHI,2020,13,RB,16.0,16.68268798842916,0
00-0030456,2020_13_CIN_MIA,2020,13,RB,12.0,13.3570827646963,0
00-0030496,2020_13_DEN_KC,2020,13,RB,11.0,12.197718524349382,0
00-0030513,2020_13_NO_ATL,2020,13,RB,5.0,14.569327652392047,0
00-0031687,2020_13_BUF_SF,2020,13,RB,9.0,10.891552265293909,0
00-0032144,2020_13_DEN_KC,2020,13,RB,15.0,14.400948007185553,0
00-0032187,2020_13_IND_HOU,2020,13,RB,10.0,16.63575390470778,0
00-0032257,2020_13_IND_HOU,2020,13,RB,2.0,7.895087589447423,0
00-0032602,2020_13_WAS_PIT,2020,13,RB,5.0,14.72341283702786,0
00-0032764,2020_13_CLE_TEN,2020,13,RB,15.0,18.139177718914034,0
00-0032972,2020_13_LV_NYJ,2020,13,RB,16.0,10.148237248961147,0
00-0033025,2020_13_LV_NYJ,2020,13,RB,4.0,4.815858625137482,0
00-0033045,2020_13_DAL_BAL,2020,13,RB,18.0,18.166067776165146,0
00-0033118,2020_13_LA_ARI,2020,13,RB,10.0,15.501141909847941,0
00-0033293,2020_13_PHI_GB,2020,13,RB,15.0,17.820244882713872,0
00-0033594,2020_13_NYG_SEA,2020,13,RB,13.0,15.385721235639924,0
00-0033699,2020_13_NE_LAC,2020,13,RB,8.0,13.433588588979358,0
00-0033893,2020_13_JAX_MIN,2020,13,RB,32.0,19.11159114392639,0
00-0033906,2020_13_NO_ATL,2020,13,RB,15.0,14.474214057698386,0
00-0033923,2020_13_CLE_TEN,2020,13,RB,14.0,12.748431313010059,0
00-0033948,2020_13_PHI_GB,2020,13,RB,5.0,6.620280627822245,0
00-0033950,2020_13_NYG_SEA,2020,13,RB,16.0,11.6904848252158,0
00-0033955,2020_13_CLE_TEN,2020,13,RB,2.0,7.47213130955482,0
00-0034109,2020_13_DEN_KC,2020,13,RB,14.0,10.457190511424605,0
00-0034115,2020_13_BUF_SF,2020,13,RB,7.0,10.564588635104991,0
00-0034301,2020_13_DEN_KC,2020,13,RB,6.0,7.321435630381278,0
00-0034331,2020_13_WAS_PIT,2020,13,RB,1.0,6.102582456746274,0
00-0034349,2020_13_DET_CHI,2020,13,RB,3.0,8.33744510687808,0
00-0034378,2020_13_NO_ATL,2020,13,RB,8.0,8.966360696607069,0
00-0034681,2020_13_LA_ARI,2020,13,RB,6.0,9.518934142060063,0
00-0034791,2020_13_CLE_TEN,2020,13,RB,18.0,15.442885396064995,0
00-0034799,2020_13_NE_LAC,2020,13,RB,7.0,8.545364929150312,0
00-0035217,2020_13_WAS_PIT,2020,13,RB,8.0,13.625963547153363,0
00-0035243,2020_13_PHI_GB,2020,13,RB,10.0,12.845059312118828,0
00-0035250,2020_13_BUF_SF,2020,13,RB,18.0,15.089916844895685,0
00-0035261,2020_13_DAL_BAL,2020,13,RB,8.0,3.6460227717018956,0
00-0035311,2020_13_CIN_MIA,2020,13,RB,21.0,15.798296795376011,0
00-0035537,2020_13_LV_NYJ,2020,13,RB,22.0,13.279932958662917,0
00-0035657,2020_13_NE_LAC,2020,13,RB,16.0,15.02137082255299,0
00-0035685,2020_13_DET_CHI,2020,13,RB,17.0,17.544987100992007,0
00-0035726,2020_13_NE_LAC,2020,13,RB,0.0,3.8826543165144667,0
00-0035831,2020_13_JAX_MIN,2020,13,RB,18.0,17.84329720486605,0
00-0036158,2020_13_DAL_BAL,2020,13,RB,11.0,6.07467721892771,0
00-0036223,2020_13_IND_HOU,2020,13,RB,13.0,16.452047199001928,0
00-0036414,2020_13_LA_ARI,2020,13,RB,21.0,13.620649711708634,0
00-0031045,2020_14_NYJ_SEA,2020,14,RB,15.0,10.491458200152913,0
00-0031062,2020_14_NE_LA,2020,14,RB,3.0,4.043988598816272,0
00-0031687,2020_14_WAS_SF,2020,14,RB,14.0,12.04614855098377,0
00-0032063,2020_14_DEN_CAR,2020,14,RB,11.0,16.511953211297758,0
00-0032144,2020_14_DEN_CAR,2020,14,RB,13.0,13.996370806842144,0
00-0032257,2020_14_HOU_CHI,2020,14,RB,8.0,6.471441762566234,0
00-0032602,2020_14_WAS_SF,2020,14,RB,11.0,6.739374889382557,0
00-0032741,2020_14_WAS_SF,2020,14,RB,12.0,13.917650365683343,0
00-0032764,2020_14_TEN_JAX,2020,14,RB,26.0,21.310357328160627,0
00-0032940,2020_14_KC_MIA,2020,14,RB,13.0,9.926696503109136,0
00-0033045,2020_14_DAL_CIN,2020,14,RB,12.0,17.486085697607592,0
00-0033118,2020_14_ARI_NYG,2020,14,RB,23.0,16.213507133587722,0
00-0033293,2020_14_GB_DET,2020,14,RB,15.0,19.05409979697325,0
00-0033526,2020_14_DAL_CIN,2020,14,RB,10.0,3.276249574527503,0
00-0033553,2020_14_PIT_BUF,2020,14,RB,10.0,12.749512986019619,0
00-0033594,2020_14_NYJ_SEA,2020,14,RB,12.0,11.714768422164818,0
00-0033699,2020_14_ATL_LAC,2020,14,RB,15.0,13.711303960134765,0
00-0033893,2020_14_MIN_TB,2020,14,RB,22.0,19.540896471922082,0
00-0033906,2020_14_NO_PHI,2020,14,RB,11.0,16.715037219361943,0
00-0033923,2020_14_BAL_CLE,2020,14,RB,6.0,13.463831018281905,0
00-0033950,2020_14_ARI_NYG,2020,14,RB,12.0,16.69487282786077,0
00-0034109,2020_14_DEN_CAR,2020,14,RB,11.0,13.644914580723968,0
00-0034115,2020_14_WAS_SF,2020,14,RB,11.0,6.720258778729875,0
00-0034331,2020_14_PIT_BUF,2020,14,RB,4.0,7.180471531334262,0
00-0034367,2020_14_IND_LV,2020,14,RB,7.0,3.42969677808337,0
00-0034378,2020_14_ATL_LAC,2020,14,RB,11.0,7.723902840910688,0
00-0034449,2020_14_HOU_CHI,2020,14,RB,11.0,6.8750290262395,0
00-0034681,2020_14_ARI_NYG,2020,14,RB,7.0,6.472913189313093,0
00-0034791,2020_14_BAL_CLE,2020,14,RB,17.0,16.343341044177322,0
00-0034816,2020_14_MIN_TB,2020,14,RB,18.0,16.018452785234807,0
00-0035243,2020_14_NO_PHI,2020,14,RB,14.0,17.91952945220115,0
00-0035250,2020_14_PIT_BUF,2020,14,RB,7.0,7.90493062678415,0
00-0035261,2020_14_DAL_CIN,2020,14,RB,11.0,4.900545821347312,0
00-0035291,2020_14_DAL_CIN,2020,14,RB,12.0,7.068042484856052,0
00-0035342,2020_14_KC_MIA,2020,14,RB,4.0,11.400344784517051,0
00-0035537,2020_14_NYJ_SEA,2020,14,RB,8.0,11.421411752527012,0
00-0035657,2020_14_NE_LA,2020,14,RB,11.0,12.624309790389118,0
00-0035685,2020_14_HOU_CHI,2020,14,RB,11.0,16.46079134403716,0
00-0035700,2020_14_IND_LV,2020,14,RB,13.0,15.094571900499446,0
00-0035831,2020_14_TEN_JAX,2020,14,RB,12.0,14.013782971836152,0
00-0036158,2020_14_BAL_CLE,2020,14,RB,13.0,13.012965540381463,0
00-0036223,2020_14_IND_LV,2020,14,RB,20.0,17.04719268173109,0
00-0036245,2020_14_KC_MIA,2020,14,RB,0.0,3.8094059719065374,0
00-0036251,2020_14_PIT_BUF,2020,14,RB,13.0,10.717074095161808,0
00-0036275,2020_14_GB_DET,2020,14,RB,7.0,7.778385579307851,0
00-0036360,2020_14_KC_MIA,2020,14,RB,16.0,20.24807439237727,0
00-0036414,2020_14_NE_LA,2020,14,RB,29.0,23.552460988507754,0
00-0023500,2020_15_NYJ_LA,2020,15,RB,23.0,14.862743945353174,0
00-0030456,2020_15_PIT_CIN,2020,15,RB,25.0,14.124201289863777,0
00-0031062,2020_15_NE_MIA,2020,15,RB,2.0,5.278365595210036,0
00-0032063,2020_15_CAR_GB,2020,15,RB,14.0,12.344067400934497,0
00-0032144,2020_15_BUF_DEN,2020,15,RB,11.0,15.099365808183881,0
00-0032187,2020_15_HOU_IND,2020,15,RB,8.0,17.858977607631623,0
00-0032602,2020_15_SEA_WAS,2020,15,RB,13.0,13.702589426897225,0
00-0032764,2020_15_DET_TEN,2020,15,RB,24.0,19.88002620653039,0
00-0033118,2020_15_PHI_ARI,2020,15,RB,10.0,17.918036426288737,0
00-0033293,2020_15_CAR_GB,2020,15,RB,20.0,18.293851581188836,0
00-0033594,2020_15_SEA_WAS,2020,15,RB,15.0,16.453439756149677,0
00-0033699,2020_15_LAC_LV,2020,15,RB,13.0,11.234576500052945,0
00-0033856,2020_15_TB_ATL,2020,15,RB,14.0,12.585378488328383,0
00-0033893,2020_15_CHI_MIN,2020,15,RB,24.0,20.339532834848143,0
00-0033906,2020_15_KC_NO,2020,15,RB,11.0,14.27608138156349,0
00-0033950,2020_15_CLE_NYG,2020,15,RB,9.0,10.891299996158317,0
00-0034109,2020_15_BUF_DEN,2020,15,RB,11.0,7.74086652385538,0
00-0034115,2020_15_SF_DAL,2020,15,RB,16.0,9.305013225925947,0
00-0034184,2020_15_JAX_BAL,2020,15,RB,9.0,11.430903965431709,0
00-0034378,2020_15_TB_ATL,2020,15,RB,6.0,7.099504979199904,0
00-0034681,2020_15_PHI_ARI,2020,15,RB,11.0,10.777950500061166,0
00-0034791,2020_15_CLE_NYG,2020,15,RB,15.0,16.44229313596394,0
00-0034845,2020_15_NE_MIA,2020,15,RB,10.0,10.474837894661977,0
00-0035217,2020_15_PIT_CIN,2020,15,RB,18.0,18.38025139668871,0
00-0035243,2020_15_PHI_ARI,2020,15,RB,17.0,18.390066554195496,0
00-0035250,2020_15_BUF_DEN,2020,15,RB,8.0,10.564857342855726,0
00-0035261,2020_15_SF_DAL,2020,15,RB,12.0,14.345794530193327,0
00-0035537,2020_15_NYJ_LA,2020,15,RB,3.0,12.98137818530905,0
00-0035685,2020_15_CHI_MIN,2020,15,RB,32.0,16.82545918990725,0
00-0035700,2020_15_LAC_LV,2020,15,RB,26.0,18.7077289356963,0
00-0035726,2020_15_NE_MIA,2020,15,RB,0.0,3.7702811353792747,0
00-0035831,2020_15_JAX_BAL,2020,15,RB,16.0,17.458574664272625,0
00-0035957,2020_15_CAR_GB,2020,15,RB,4.0,6.723872158422188,0
00-0036020,2020_15_NE_MIA,2020,15,RB,23.0,10.590375357804078,0
00-0036158,2020_15_JAX_BAL,2020,15,RB,14.0,13.002878213609447,0
00-0036223,2020_15_HOU_IND,2020,15,RB,16.0,18.408826563625638,0
00-0036251,2020_15_BUF_DEN,2020,15,RB,13.0,10.803464058362662,0
00-0036275,2020_15_DET_TEN,2020,15,RB,15.0,11.427668402526827,0
00-0036360,2020_15_KC_NO,2020,15,RB,14.0,10.801586730992053,0
00-0036414,2020_15_NYJ_LA,2020,15,RB,15.0,17.563469783893353,0
00-0023500,2020_16_CLE_NYJ,2020,16,RB,14.0,12.77304538205138,0
00-0028087,2020_16_NYG_BAL,2020,16,RB,1.0,3.888810386743449,0
00-0030456,2020_16_CIN_HOU,2020,16,RB,16.0,12.880952345555862,0
00-0030513,2020_16_MIN_NO,2020,16,RB,12.0,10.586683484466462,0
00-0031806,2020_16_LA_SEA,2020,16,RB,7.0,9.563840904561143,0
00-0032063,2020_16_CAR_WAS,2020,16,RB,14.0,13.701350229786838,0
00-0032144,2020_16_DEN_LAC,2020,16,RB,16.0,18.09473268874427,0
00-0032187,2020_16_CIN_HOU,2020,16,RB,12.0,14.533939236371435,0
00-0032241,2020_16_ATL_KC,2020,16,RB,4.0,14.207760583154052,0
00-0032602,2020_16_CAR_WAS,2020,16,RB,4.0,11.644280296655086,0
00-0032764,2020_16_TEN_GB,2020,16,RB,23.0,19.59104647785675,0
00-0033045,2020_16_PHI_DAL,2020,16,RB,19.0,16.192617367904433,0
00-0033118,2020_16_SF_ARI,2020,16,RB,18.0,17.907789803744805,0
00-0033293,2020_16_TEN_GB,2020,16,RB,10.0,11.877394977829773,0
00-0033526,2020_16_CIN_HOU,2020,16,RB,13.0,5.320472908429668,0
00-0033553,2020_16_IND_PIT,2020,16,RB,5.0,17.468750332486188,0
00-0033594,2020_16_LA_SEA,2020,16,RB,16.0,16.81472138605151,0
00-0033699,2020_16_DEN_LAC,2020,16,RB,10.0,14.573264801941164,0
00-0033854,2020_16_CHI_JAX,2020,16,RB,14.0,14.994156653892036,0
00-0033893,2020_16_MIN_NO,2020,16,RB,15.0,15.120682010700817,0
00-0033906,2020_16_MIN_NO,2020,16,RB,22.0,12.374261500869203,0
00-0033923,2020_16_CLE_NYJ,2020,16,RB,4.0,12.48461208326734,0
00-0033950,2020_16_NYG_BAL,2020,16,RB,6.0,13.887249471452034,0
00-0034115,2020_16_SF_ARI,2020,16,RB,22.0,8.001356367704135,0
00-0034184,2020_16_NYG_BAL,2020,16,RB,15.0,10.670052214301768,0
00-0034301,2020_16_ATL_KC,2020,16,RB,10.0,10.72478859413091,0
00-0034367,2020_16_IND_PIT,2020,16,RB,8.0,4.983874204570182,0
00-0034791,2020_16_CLE_NYJ,2020,16,RB,11.0,15.604235294777082,0
00-0034845,2020_16_BUF_NE,2020,16,RB,10.0,9.061423065460925,0
00-0035243,2020_16_PHI_DAL,2020,16,RB,15.0,18.488693067195964,0
00-0035250,2020_16_BUF_NE,2020,16,RB,10.0,10.850511435421138,0
00-0035261,2020_16_PHI_DAL,2020,16,RB,9.0,7.874473082804777,0
00-0035311,2020_16_MIA_LV,2020,16,RB,14.0,17.07303956712079,0
00-0035664,2020_16_LA_SEA,2020,16,RB,12.0,12.000897457151158,0
00-0035685,2020_16_CHI_JAX,2020,16,RB,23.0,20.42191246951613,0
00-0035700,2020_16_MIA_LV,2020,16,RB,13.0,14.744551665532896,0
00-0036158,2020_16_NYG_BAL,2020,16,RB,11.0,14.055198370138054,0
00-0036223,2020_16_IND_PIT,2020,16,RB,18.0,16.16416677878531,0
00-0036251,2020_16_BUF_NE,2020,16,RB,12.0,11.881388653975819,0
00-0036265,2020_16_TEN_GB,2020,16,RB,21.0,11.220457596970977,0
00-0036275,2020_16_TB_DET,2020,16,RB,10.0,13.547606001578108,0
00-0036450,2020_16_TB_DET,2020,16,RB,15.0,10.15241817458539,0
00-0030456,2020_17_BAL_CIN,2020,17,RB,3.0,8.995781334704253,0
00-0032144,2020_17_LV_DEN,2020,17,RB,26.0,18.272962116008873,0
00-0032187,2020_17_TEN_HOU,2020,17,RB,14.0,16.94808276615453,0
00-0032241,2020_17_ATL_TB,2020,17,RB,9.0,9.064277207517126,0
00-0032602,2020_17_WAS_PHI,2020,17,RB,2.0,5.740988215839918,0
00-0032764,2020_17_TEN_HOU,2020,17,RB,34.0,22.45861668417077,0
00-0033045,2020_17_DAL_NYG,2020,17,RB,14.0,17.275155763998676,0
00-0033118,2020_17_ARI_LA,2020,17,RB,10.0,15.631964604772971,0
00-0033293,2020_17_GB_CHI,2020,17,RB,11.0,16.489804230270032,0
00-0033526,2020_17_BAL_CIN,2020,17,RB,9.0,8.62332783147337,0
00-0033553,2020_17_PIT_CLE,2020,17,RB,9.0,18.750217373244666,0
00-0033567,2020_17_ATL_TB,2020,17,RB,9.0,10.491983004247516,0
00-0033594,2020_17_SEA_SF,2020,17,RB,11.0,13.049023826754691,0
00-0033699,2020_17_LAC_KC,2020,17,RB,7.0,8.5181401498413,0
00-0033854,2020_17_JAX_IND,2020,17,RB,14.0,16.976910116791714,0
00-0033856,2020_17_ATL_TB,2020,17,RB,5.0,6.503321859249334,0
00-0033923,2020_17_PIT_CLE,2020,17,RB,10.0,13.080939662380082,0
00-0033950,2020_17_DAL_NYG,2020,17,RB,11.0,15.668264877412946,0
00-0034115,2020_17_SEA_SF,2020,17,RB,20.0,9.5531861503488,0
00-0034414,2020_17_WAS_PHI,2020,17,RB,15.0,10.385216602628072,0
00-0034457,2020_17_NYJ_NE,2020,17,RB,11.0,5.143646902532167,0
00-0034681,2020_17_ARI_LA,2020,17,RB,3.0,4.770329199407908,0
00-0034750,2020_17_SEA_SF,2020,17,RB,6.0,7.879620840196913,0
00-0034791,2020_17_PIT_CLE,2020,17,RB,14.0,14.178224437034977,0
00-0034799,2020_17_LAC_KC,2020,17,RB,13.0,8.002297217141592,0
00-0034816,2020_17_ATL_TB,2020,17,RB,12.0,13.4284944350026,0
00-0034838,2020_17_LV_DEN,2020,17,RB,2.0,6.154837125930892,0
00-0034845,2020_17_NYJ_NE,2020,17,RB,16.0,16.839959684372516,0
00-0034972,2020_17_MIN_DET,2020,17,RB,21.0,11.447560703884506,0
00-0035148,2020_17_LAC_KC,2020,17,RB,14.0,14.758936564028673,0
00-0035261,2020_17_DAL_NYG,2020,17,RB,5.0,5.192373113061434,0
00-0035311,2020_17_MIA_BUF,2020,17,RB,7.0,15.766589825596464,0
00-0035537,2020_17_NYJ_NE,2020,17,RB,11.0,11.140246446837734,0
00-0035685,2020_17_GB_CHI,2020,17,RB,22.0,19.703984667435194,0
00-0035700,2020_17_LV_DEN,2020,17,RB,15.0,15.839276575876289,0
00-0035957,2020_17_NO_CAR,2020,17,RB,10.0,8.570093508062373,0
00-0036020,2020_17_MIA_BUF,2020,17,RB,6.0,12.068410390511074,0
00-0036158,2020_17_BAL_CIN,2020,17,RB,13.0,11.296434294305358,0
00-0036188,2020_17_MIA_BUF,2020,17,RB,12.0,8.019771456860568,0
00-0036223,2020_17_JAX_IND,2020,17,RB,30.0,22.34893826914633,0
00-0036275,2020_17_MIN_DET,2020,17,RB,12.0,9.06857663089852,0
00-0036328,2020_17_WAS_PHI,2020,17,RB,19.0,14.110338555825079,0
00-0036414,2020_17_ARI_LA,2020,17,RB,21.0,18.895960257127165,0
00-0032602,2020_18_TB_WAS,2020,18,RB,2.0,5.308101025133617,0
00-0032764,2020_18_BAL_TEN,2020,18,RB,18.0,25.718040517126585,0
00-0033553,2020_18_CLE_PIT,2020,18,RB,11.0,16.22748354710622,0
00-0033594,2020_18_LA_SEA,2020,18,RB,16.0,18.533694244933958,0
00-0033856,2020_18_TB_WAS,2020,18,RB,19.0,13.009230952273924,0
00-0033906,2020_18_CHI_NO,2020,18,RB,23.0,13.7308972409859,0
00-0033923,2020_18_CLE_PIT,2020,18,RB,8.0,10.871996758708589,0
00-0034184,2020_18_BAL_TEN,2020,18,RB,8.0,10.350008279107405,0
00-0034367,2020_18_IND_BUF,2020,18,RB,6.0,6.165835554207868,0
00-0034791,2020_18_CLE_PIT,2020,18,RB,18.0,15.851178443193053,0
00-0035250,2020_18_IND_BUF,2020,18,RB,3.0,12.547571393722984,0
00-0035685,2020_18_CHI_NO,2020,18,RB,12.0,16.358799290628298,0
00-0036158,2020_18_BAL_TEN,2020,18,RB,9.0,11.567339219663847,0
00-0036223,2020_18_IND_BUF,2020,18,RB,21.0,18.367973968538433,0
00-0036251,2020_18_IND_BUF,2020,18,RB,7.0,8.700785781357439,0
00-0036328,2020_18_TB_WAS,2020,18,RB,14.0,13.30857295073999,0
00-0036414,2020_18_LA_SEA,2020,18,RB,28.0,20.330959125242167,0
00-0033293,2020_19_LA_GB,2020,19,RB,14.0,12.692877994931337,0
00-0033856,2020_19_TB_NO,2020,19,RB,17.0,15.08064437597971,0
00-0033906,2020_19_TB_NO,2020,19,RB,18.0,17.350373938262376,0
00-0033923,2020_19_CLE_KC,2020,19,RB,6.0,11.812834995345183,0
00-0033948,2020_19_LA_GB,2020,19,RB,12.0,6.689811079161055,0
00-0034301,2020_19_CLE_KC,2020,19,RB,13.0,13.40152186431992,0
00-0034791,2020_19_CLE_KC,2020,19,RB,13.0,15.606791073220464,0
00-0035250,2020_19_BAL_BUF,2020,19,RB,7.0,12.439066056002776,0
00-0036158,2020_19_BAL_BUF,2020,19,RB,10.0,14.446326306730771,0
00-0036414,2020_19_LA_GB,2020,19,RB,18.0,20.245518959495783,0
00-0032209,2020_20_BUF_KC,2020,20,RB,3.0,9.159932871226944,0
00-0033856,2020_20_TB_GB,2020,20,RB,12.0,14.695261224377901,0
00-0033948,2020_20_TB_GB,2020,20,RB,7.0,7.702519798141912,0
00-0034301,2020_20_BUF_KC,2020,20,RB,13.0,7.475693722043458,0
00-0035250,2020_20_BUF_KC,2020,20,RB,6.0,10.152331148759519,0
00-0036360,2020_20_BUF_KC,2020,20,RB,6.0,14.368943280161917,0
00-0033856,2020_21_KC_TB,2020,21,RB,16.0,12.68343074034484,0
00-0034301,2020_21_KC_TB,2020,21,RB,2.0,6.446182775487012,0
00-0036360,2020_21_KC_TB,2020,21,RB,9.0,10.569285813791813,0
00-0027966,2021_01_JAX_HOU,2021,1,RB,26.0,9.643433024870538,1
00-0030874,2021_01_CHI_LA,2021,1,RB,6.0,8.14080940927546,1
00-0031045,2021_01_JAX_HOU,2021,1,RB,9.0,7.685591531268763,1
00-0031062,2021_01_MIA_NE,2021,1,RB,4.0,6.741567705725246,1
00-0032063,2021_01_PHI_ATL,2021,1,RB,15.0,15.990967527287696,1
00-0032144,2021_01_DEN_NYG,2021,1,RB,11.0,10.849400570217483,1
00-0032602,2021_01_LAC_WAS,2021,1,RB,1.0,6.744611746276559,1
00-0032764,2021_01_ARI_TEN,2021,1,RB,17.0,18.560000721016287,1
00-0032972,2021_01_DEN_NYG,2021,1,RB,4.0,8.237321916678198,1
00-0033045,2021_01_DAL_TB,2021,1,RB,11.0,16.81914208211817,1
00-0033118,2021_01_BAL_LV,2021,1,RB,6.0,10.340353989633211,1
00-0033280,2021_01_NYJ_CAR,2021,1,RB,21.0,15.774291662059237,1
00-0033293,2021_01_GB_NO,2021,1,RB,5.0,10.294884947818618,1
00-0033553,2021_01_ARI_TEN,2021,1,RB,16.0,10.175291827868811,1
00-0033594,2021_01_SEA_IND,2021,1,RB,16.0,16.114720246028053,1
00-0033699,2021_01_LAC_WAS,2021,1,RB,15.0,11.121912072542285,1
00-0033856,2021_01_DAL_TB,2021,1,RB,9.0,14.577309153136667,1
00-0033893,2021_01_MIN_CIN,2021,1,RB,20.0,15.504543296078033,1
00-0033897,2021_01_MIN_CIN,2021,1,RB,29.0,16.159703403216973,1
00-0033906,2021_01_GB_NO,2021,1,RB,20.0,16.012822194752754,1
00-0033923,2021_01_CLE_KC,2021,1,RB,6.0,9.521054667931299,1
00-0033948,2021_01_SF_DET,2021,1,RB,9.0,7.933619507346761,1
00-0033955,2021_01_ARI_TEN,2021,1,RB,2.0,6.53456642732324,1
00-0034367,2021_01_SEA_IND,2021,1,RB,9.0,7.141331308821161,1
00-0034681,2021_01_ARI_TEN,2021,1,RB,12.0,12.742492141380398,1
00-0034791,2021_01_CLE_KC,2021,1,RB,15.0,10.38533714682213,1
00-0034844,2021_01_DEN_NYG,2021,1,RB,10.0,10.849400570217483,1
00-0035243,2021_01_PHI_ATL,2021,1,RB,15.0,14.365889472382227,1
00-0035250,2021_01_PIT_BUF,2021,1,RB,11.0,14.859824507015805,1
00-0035311,2021_01_MIA_NE,2021,1,RB,9.0,8.128493212030284,1
00-0035537,2021_01_NYJ_CAR,2021,1,RB,4.0,10.575120031306207,1
00-0035657,2021_01_MIA_NE,2021,1,RB,23.0,10.342653341996966,1
00-0035664,2021_01_CHI_LA,2021,1,RB,16.0,16.731475120104086,1
00-0035685,2021_01_CHI_LA,2021,1,RB,16.0,13.399747166966794,1
00-0035700,2021_01_BAL_LV,2021,1,RB,10.0,10.340353989633211,1
00-0035831,2021_01_JAX_HOU,2021,1,RB,5.0,14.489642191122586,1
00-0035860,2021_01_GB_NO,2021,1,RB,11.0,7.8532118489588,1
00-0036223,2021_01_SEA_IND,2021,1,RB,17.0,10.697498388245446,1
00-0036275,2021_01_SF_DET,2021,1,RB,11.0,15.707588114967116,1
00-0036328,2021_01_LAC_WAS,2021,1,RB,20.0,14.367263834183348,1
00-0036360,2021_01_CLE_KC,2021,1,RB,14.0,15.547227100903196,1
00-0036457,2021_01_BAL_LV,2021,1,RB,9.0,10.340353989633211,1
00-0036567,2021_01_SF_DET,2021,1,RB,19.0,13.954307221587936,1
00-0036893,2021_01_PIT_BUF,2021,1,RB,16.0,16.731475120104086,1
00-0036919,2021_01_PHI_ATL,2021,1,RB,9.0,6.559108942500807,1
00-0036997,2021_01_DEN_NYG,2021,1,RB,14.0,10.849400570217483,1
00-0030513,2021_02_KC_BAL,2021,2,RB,9.0,8.542084363613649,1
00-0031062,2021_02_NE_NYJ,2021,2,RB,5.0,5.645434279882162,1
00-0032063,2021_02_ATL_TB,2021,2,RB,9.0,14.242212012821753,1
00-0032144,2021_02_DEN_JAX,2021,2,RB,13.0,14.846882443527596,1
00-0032187,2021_02_HOU_CLE,2021,2,RB,6.0,7.9626838928307455,1
00-0032602,2021_02_NYG_WAS,2021,2,RB,4.0,6.22987284910866,1
00-0032764,2021_02_TEN_SEA,2021,2,RB,35.0,17.594282691002356,1
00-0033045,2021_02_DAL_LAC,2021,2,RB,16.0,17.43247815282647,1
00-0033118,2021_02_LV_PIT,2021,2,RB,7.0,10.573896781151413,1
00-0033280,2021_02_NO_CAR,2021,2,RB,24.0,15.804322132551071,1
00-0033293,2021_02_DET_GB,2021,2,RB,17.0,14.462957754383131,1
00-0033553,2021_02_MIN_ARI,2021,2,RB,8.0,11.464327425046823,1
00-0033594,2021_02_TEN_SEA,2021,2,RB,13.0,17.34424943593818,1
00-0033699,2021_02_DAL_LAC,2021,2,RB,9.0,17.661119595141916,1
00-0033856,2021_02_ATL_TB,2021,2,RB,11.0,9.45862208579728,1
00-0033893,2021_02_MIN_ARI,2021,2,RB,22.0,16.334645618703593,1
00-0033897,2021_02_CIN_CHI,2021,2,RB,20.0,18.634307269114323,1
00-0033906,2021_02_NO_CAR,2021,2,RB,8.0,18.78137806512472,1
00-0033923,2021_02_HOU_CLE,2021,2,RB,13.0,7.75324916388906,1
00-0033948,2021_02_DET_GB,2021,2,RB,7.0,7.951488684257063,1
00-0034367,2021_02_LA_IND,2021,2,RB,1.0,6.614278637520631,1
00-0034681,2021_02_MIN_ARI,2021,2,RB,8.0,16.358922501321366,1
00-0034791,2021_02_HOU_CLE,2021,2,RB,11.0,15.74864599697454,1
00-0034816,2021_02_ATL_TB,2021,2,RB,6.0,7.898338870458068,1
00-0034844,2021_02_NYG_WAS,2021,2,RB,13.0,15.255766719332644,1
00-0035243,2021_02_SF_PHI,2021,2,RB,13.0,17.487630506202027,1
00-0035250,2021_02_BUF_MIA,2021,2,RB,13.0,12.801962350976027,1
00-0035261,2021_02_DAL_LAC,2021,2,RB,13.0,7.27980978094058,1
00-0035311,2021_02_BUF_MIA,2021,2,RB,5.0,10.183908481972333,1
00-0035537,2021_02_NE_NYJ,2021,2,RB,12.0,7.11731301811659,1
00-0035657,2021_02_NE_NYJ,2021,2,RB,16.0,12.22269336852529,1
00-0035664,2021_02_LA_IND,2021,2,RB,13.0,21.729401007301675,1
00-0035685,2021_02_CIN_CHI,2021,2,RB,20.0,21.541533617122717,1
00-0035806,2021_02_SF_PHI,2021,2,RB,5.0,6.662796816336405,1
00-0035831,2021_02_DEN_JAX,2021,2,RB,11.0,12.972414568118035,1
00-0036223,2021_02_LA_IND,2021,2,RB,15.0,11.069044249581195,1
00-0036275,2021_02_DET_GB,2021,2,RB,8.0,13.328908391510295,1
00-0036328,2021_02_NYG_WAS,2021,2,RB,13.0,15.67366689108079,1
00-0036360,2021_02_KC_BAL,2021,2,RB,13.0,14.935086598384576,1
00-0036457,2021_02_KC_BAL,2021,2,RB,13.0,11.575805086383525,1
00-0036567,2021_02_SF_PHI,2021,2,RB,17.0,17.552299905591262,1
00-0036893,2021_02_LV_PIT,2021,2,RB,10.0,16.82754204335677,1
00-0036997,2021_02_DEN_JAX,2021,2,RB,13.0,11.321126861765086,1
00-0027966,2021_03_CAR_HOU,2021,3,RB,6.0,14.27239805207451,1
00-0029239,2021_03_NO_NE,2021,3,RB,3.0,9.42262370360066,1
00-0030456,2021_03_TB_LA,2021,3,RB,0.0,7.299633922574621,1
00-0030578,2021_03_ATL_NYG,2021,3,RB,7.0,7.874274059930251,1
00-0031045,2021_03_ARI_JAX,2021,3,RB,8.0,8.370539195851618,1
00-0031806,2021_03_MIA_LV,2021,3,RB,7.0,7.697007700911767,1
00-0032063,2021_03_ATL_NYG,2021,3,RB,12.0,14.244001952606961,1
00-0032144,2021_03_NYJ_DEN,2021,3,RB,18.0,13.207118588508148,1
00-0032187,2021_03_CAR_HOU,2021,3,RB,2.0,7.962252347740106,1
00-0032602,2021_03_WAS_BUF,2021,3,RB,3.0,5.406928055061754,1
00-0032741,2021_03_MIA_LV,2021,3,RB,23.0,11.25306377287184,1
00-0032764,2021_03_IND_TEN,2021,3,RB,28.0,17.09584142255931,1
00-0033045,2021_03_PHI_DAL,2021,3,RB,17.0,17.07093489593482,1
00-0033118,2021_03_MIA_LV,2021,3,RB,8.0,5.720864712381687,1
00-0033293,2021_03_GB_SF,2021,3,RB,19.0,15.237213806480538,1
00-0033553,2021_03_ARI_JAX,2021,3,RB,11.0,10.767951059725721,1
00-0033594,2021_03_SEA_MIN,2021,3,RB,12.0,12.241170430619015,1
00-0033699,2021_03_LAC_KC,2021,3,RB,11.0,14.96831501476962,1
00-0033856,2021_03_TB_LA,2021,3,RB,4.0,9.094718025562031,1
00-0033897,2021_03_CIN_PIT,2021,3,RB,18.0,19.970061720669943,1
00-0033906,2021_03_NO_NE,2021,3,RB,24.0,15.115761725735263,1
00-0033923,2021_03_CHI_CLE,2021,3,RB,10.0,9.860391459581075,1
00-0033948,2021_03_BAL_DET,2021,3,RB,12.0,7.766649617032413,1
00-0034301,2021_03_LAC_KC,2021,3,RB,7.0,8.324864158778675,1
00-0034367,2021_03_IND_TEN,2021,3,RB,6.0,4.71749717694293,1
00-0034681,2021_03_ARI_JAX,2021,3,RB,11.0,14.016370197404617,1
00-0034791,2021_03_CHI_CLE,2021,3,RB,22.0,15.117209129096798,1
00-0034844,2021_03_ATL_NYG,2021,3,RB,16.0,15.46804096664443,1
00-0034845,2021_03_TB_LA,2021,3,RB,20.0,13.637705233854403,1
00-0034972,2021_03_SEA_MIN,2021,3,RB,26.0,13.730787720897641,1
00-0035243,2021_03_PHI_DAL,2021,3,RB,2.0,14.97559192205187,1
00-0035250,2021_03_WAS_BUF,2021,3,RB,11.0,12.41843086674652,1
00-0035261,2021_03_PHI_DAL,2021,3,RB,11.0,10.42775976563497,1
00-0035311,2021_03_MIA_LV,2021,3,RB,13.0,7.177485197846522,1
00-0035537,2021_03_NYJ_DEN,2021,3,RB,3.0,9.395874172659294,1
00-0035685,2021_03_CHI_CLE,2021,3,RB,10.0,20.315705366574143,1
00-0035831,2021_03_ARI_JAX,2021,3,RB,15.0,10.998273090475987,1
00-0036223,2021_03_IND_TEN,2021,3,RB,10.0,12.707477160495802,1
00-0036251,2021_03_WAS_BUF,2021,3,RB,13.0,11.256045708228946,1
00-0036275,2021_03_BAL_DET,2021,3,RB,14.0,9.54007997931795,1
00-0036328,2021_03_WAS_BUF,2021,3,RB,12.0,14.644073859918404,1
00-0036360,2021_03_LAC_KC,2021,3,RB,17.0,17.917816041361878,1
00-0036457,2021_03_BAL_DET,2021,3,RB,5.0,11.895533573363165,1
00-0036555,2021_03_CAR_HOU,2021,3,RB,11.0,10.3855031648557,1
00-0036893,2021_03_CIN_PIT,2021,3,RB,14.0,15.550830692329402,1
00-0036984,2021_03_GB_SF,2021,3,RB,10.0,13.02764333193555,1
00-0036997,2021_03_NYJ_DEN,2021,3,RB,12.0,11.173931511043644,1
00-0030513,2021_04_BAL_DEN,2021,4,RB,18.0,14.69040198718195,1
00-0031806,2021_04_IND_MIA,2021,4,RB,8.0,14.744483772684767,1
00-0032063,2021_04_WAS_ATL,2021,4,RB,13.0,16.289582795827588,1
00-0032144,2021_04_BAL_DEN,2021,4,RB,9.0,12.585646462998813,1
00-0032187,2021_04_HOU_BUF,2021,4,RB,5.0,7.109299594835872,1
00-0032426,2021_04_SEA_SF,2021,4,RB,10.0,7.618199601865089,1
00-0032602,2021_04_WAS_ATL,2021,4,RB,7.0,4.561942905360125,1
00-0032764,2021_04_TEN_NYJ,2021,4,RB,33.0,16.915324612319687,1
00-0033045,2021_04_CAR_DAL,2021,4,RB,20.0,18.333264614221854,1
00-0033118,2021_04_LV_LAC,2021,4,RB,1.0,5.192531932530542,1
00-0033293,2021_04_PIT_GB,2021,4,RB,15.0,14.824465455383118,1
00-0033553,2021_04_ARI_LA,2021,4,RB,18.0,10.025036154185846,1
00-0033594,2021_04_SEA_SF,2021,4,RB,13.0,12.913785435607846,1
00-0033699,2021_04_LV_LAC,2021,4,RB,15.0,12.15654223471149,1
00-0033856,2021_04_TB_NE,2021,4,RB,20.0,15.422042238009777,1
00-0033893,2021_04_CLE_MIN,2021,4,RB,9.0,13.833293116656463,1
00-0033897,2021_04_JAX_CIN,2021,4,RB,16.0,19.55214064965637,1
00-0033906,2021_04_NYG_NO,2021,4,RB,26.0,17.771621377330053,1
00-0033923,2021_04_CLE_MIN,2021,4,RB,14.0,10.367967467639094,1
00-0033955,2021_04_TEN_NYJ,2021,4,RB,1.0,5.291131471843623,1
00-0034301,2021_04_KC_PHI,2021,4,RB,10.0,7.533521325935363,1
00-0034681,2021_04_ARI_LA,2021,4,RB,12.0,13.240233021854289,1
00-0034791,2021_04_CLE_MIN,2021,4,RB,21.0,16.144773043522125,1
00-0034844,2021_04_NYG_NO,2021,4,RB,13.0,16.387821336360624,1
00-0034972,2021_04_CLE_MIN,2021,4,RB,10.0,10.846916362732856,1
00-0035243,2021_04_KC_PHI,2021,4,RB,7.0,15.507372835660703,1
00-0035250,2021_04_HOU_BUF,2021,4,RB,14.0,9.900071075698516,1
00-0035657,2021_04_TB_NE,2021,4,RB,4.0,17.301294161002808,1
00-0035664,2021_04_ARI_LA,2021,4,RB,14.0,18.013608480776977,1
00-0035685,2021_04_DET_CHI,2021,4,RB,23.0,16.57169269258104,1
00-0035700,2021_04_LV_LAC,2021,4,RB,13.0,17.696216475702037,1
00-0035831,2021_04_JAX_CIN,2021,4,RB,18.0,18.080950859387062,1
00-0035957,2021_04_CAR_DAL,2021,4,RB,0.0,7.47083453577767,1
00-0036223,2021_04_IND_MIA,2021,4,RB,16.0,12.890717938853596,1
00-0036251,2021_04_HOU_BUF,2021,4,RB,14.0,13.044474503699623,1
00-0036265,2021_04_PIT_GB,2021,4,RB,15.0,7.077733885070428,1
00-0036275,2021_04_DET_CHI,2021,4,RB,8.0,13.872827519661524,1
00-0036328,2021_04_WAS_ATL,2021,4,RB,14.0,14.14467882996661,1
00-0036360,2021_04_KC_PHI,2021,4,RB,14.0,13.391180796223075,1
00-0036555,2021_04_CAR_DAL,2021,4,RB,13.0,9.005319138708543,1
00-0036893,2021_04_PIT_GB,2021,4,RB,15.0,14.756006473709817,1
00-0036919,2021_04_KC_PHI,2021,4,RB,3.0,8.319340162898577,1
00-0036984,2021_04_SEA_SF,2021,4,RB,19.0,12.07284165975252,1
00-0036997,2021_04_BAL_DEN,2021,4,RB,7.0,10.744966199285669,1
00-0027966,2021_05_NE_HOU,2021,5,RB,16.0,13.287516224257974,1
00-0029239,2021_05_NE_HOU,2021,5,RB,2.0,6.70593007621742,1
00-0030513,2021_05_IND_BAL,2021,5,RB,6.0,12.666191607462817,1
00-0030578,2021_05_NYJ_ATL,2021,5,RB,14.0,9.611851139188854,1
00-0030874,2021_05_CHI_LV,2021,5,RB,16.0,6.17387400538648,1
00-0032063,2021_05_NYJ_ATL,2021,5,RB,13.0,16.25554847324023,1
00-0032144,2021_05_DEN_PIT,2021,5,RB,9.0,14.932720954038581,1
00-0032187,2021_05_NE_HOU,2021,5,RB,2.0,6.072443336697494,1
00-0032426,2021_05_LA_SEA,2021,5,RB,15.0,15.034720112354936,1
00-0032602,2021_05_NO_WAS,2021,5,RB,2.0,4.8901504928653745,1
00-0032764,2021_05_TEN_JAX,2021,5,RB,29.0,21.993488749947943,1
00-0032972,2021_05_NYG_DAL,2021,5,RB,16.0,13.575275746092746,1
00-0033045,2021_05_NYG_DAL,2021,5,RB,21.0,18.994016007248966,1
00-0033293,2021_05_GB_CIN,2021,5,RB,14.0,15.043619934099407,1
00-0033526,2021_05_GB_CIN,2021,5,RB,11.0,13.228191800127886,1
00-0033553,2021_05_SF_ARI,2021,5,RB,10.0,12.859211065016181,1
00-0033699,2021_05_CLE_LAC,2021,5,RB,17.0,14.510876784629286,1
00-0033856,2021_05_MIA_TB,2021,5,RB,12.0,14.850885702469492,1
00-0033906,2021_05_NO_WAS,2021,5,RB,16.0,17.187259736223908,1
00-0033923,2021_05_CLE_LAC,2021,5,RB,12.0,10.526191303600854,1
00-0034301,2021_05_BUF_KC,2021,5,RB,5.0,8.704711276537331,1
00-0034367,2021_05_IND_BAL,2021,5,RB,4.0,4.816345794022659,1
00-0034681,2021_05_SF_ARI,2021,5,RB,6.0,11.532351505645924,1
00-0034791,2021_05_CLE_LAC,2021,5,RB,21.0,16.376182659933527,1
00-0034845,2021_05_LA_SEA,2021,5,RB,11.0,11.268729303193343,1
00-0034972,2021_05_DET_MIN,2021,5,RB,25.0,16.537167714304925,1
00-0035243,2021_05_PHI_CAR,2021,5,RB,11.0,15.908800916669652,1
00-0035261,2021_05_NYG_DAL,2021,5,RB,14.0,12.911591443018374,1
00-0035311,2021_05_MIA_TB,2021,5,RB,5.0,12.340250954135893,1
00-0035537,2021_05_NYJ_ATL,2021,5,RB,4.0,4.8194722314806375,1
00-0035664,2021_05_LA_SEA,2021,5,RB,17.0,16.01392525813015,1
00-0035700,2021_05_CHI_LV,2021,5,RB,15.0,16.090632677718713,1
00-0035831,2021_05_TEN_JAX,2021,5,RB,18.0,16.366580229492126,1
00-0036223,2021_05_IND_BAL,2021,5,RB,15.0,12.381040817049092,1
00-0036251,2021_05_BUF_KC,2021,5,RB,11.0,18.148535890368606,1
00-0036275,2021_05_DET_MIN,2021,5,RB,11.0,13.325893563007787,1
00-0036328,2021_05_NO_WAS,2021,5,RB,20.0,13.74883856636018,1
00-0036370,2021_05_CLE_LAC,2021,5,RB,2.0,7.4647822099988845,1
00-0036555,2021_05_PHI_CAR,2021,5,RB,24.0,15.077054593859438,1
00-0036567,2021_05_SF_ARI,2021,5,RB,9.0,19.182588424152037,1
00-0036875,2021_05_NE_HOU,2021,5,RB,11.0,6.752791339729045,1
00-0036893,2021_05_DEN_PIT,2021,5,RB,23.0,12.98458538393194,1
00-0036906,2021_05_CHI_LV,2021,5,RB,18.0,9.599433469401413,1
00-0036997,2021_05_DEN_PIT,2021,5,RB,8.0,9.161902064516198,1
00-0027966,2021_06_HOU_IND,2021,6,RB,18.0,12.276585672052944,1
00-0030513,2021_06_LAC_BAL,2021,6,RB,9.0,10.417334790658769,1
00-0031806,2021_06_MIA_JAX,2021,6,RB,5.0,7.444779642492872,1
00-0032144,2021_06_LV_DEN,2021,6,RB,10.0,12.655831881659616,1
00-0032187,2021_06_HOU_IND,2021,6,RB,2.0,3.483743076960888,1
00-0032426,2021_06_SEA_PIT,2021,6,RB,20.0,15.878475249840559,1
00-0032602,2021_06_KC_WAS,2021,6,RB,8.0,7.680361455401665,1
00-0032764,2021_06_BUF_TEN,2021,6,RB,20.0,22.481086986228277,1
00-0032972,2021_06_LA_NYG,2021,6,RB,12.0,16.315780070383326,1
00-0033045,2021_06_DAL_NE,2021,6,RB,17.0,19.69998389751931,1
00-0033293,2021_06_GB_CHI,2021,6,RB,13.0,13.697108631578613,1
00-0033553,2021_06_ARI_CLE,2021,6,RB,16.0,12.629590506110457,1
00-0033699,2021_06_LAC_BAL,2021,6,RB,6.0,13.706908248683185,1
00-0033856,2021_06_TB_PHI,2021,6,RB,22.0,14.748572965661264,1
00-0033893,2021_06_MIN_CAR,2021,6,RB,29.0,17.667096737510708,1
00-0033897,2021_06_CIN_DET,2021,6,RB,18.0,19.23257480781,1
00-0033923,2021_06_ARI_CLE,2021,6,RB,14.0,15.44700564125387,1
00-0034301,2021_06_KC_WAS,2021,6,RB,21.0,14.082479319759205,1
00-0034681,2021_06_ARI_CLE,2021,6,RB,4.0,8.651717210209839,1
00-0035243,2021_06_TB_PHI,2021,6,RB,9.0,16.52946044406227,1
00-0035250,2021_06_BUF_TEN,2021,6,RB,5.0,12.51299521988461,1
00-0035311,2021_06_MIA_JAX,2021,6,RB,5.0,5.923281872575299,1
00-0035657,2021_06_DAL_NE,2021,6,RB,18.0,12.013544525326948,1
00-0035664,2021_06_LA_NYG,2021,6,RB,21.0,20.147988729286965,1
00-0035700,2021_06_LV_DEN,2021,6,RB,16.0,15.503044417080545,1
00-0035831,2021_06_MIA_JAX,2021,6,RB,17.0,18.82964411424222,1
00-0036223,2021_06_HOU_IND,2021,6,RB,14.0,15.733027085129724,1
00-0036251,2021_06_BUF_TEN,2021,6,RB,8.0,12.0606559407594,1
00-0036265,2021_06_GB_CHI,2021,6,RB,11.0,13.593864782307252,1
00-0036275,2021_06_CIN_DET,2021,6,RB,13.0,14.208695182915756,1
00-0036328,2021_06_KC_WAS,2021,6,RB,10.0,11.003082171095336,1
00-0036425,2021_06_SEA_PIT,2021,6,RB,4.0,7.499417260584695,1
00-0036555,2021_06_MIN_CAR,2021,6,RB,16.0,16.55396046690631,1
00-0036893,2021_06_SEA_PIT,2021,6,RB,24.0,16.374691766104533,1
00-0036906,2021_06_GB_CHI,2021,6,RB,19.0,17.03197336733392,1
00-0036997,2021_06_LV_DEN,2021,6,RB,11.0,10.237293424639299,1
00-0027966,2021_07_HOU_ARI,2021,7,RB,6.0,12.173430979800134,1
00-0030578,2021_07_ATL_MIA,2021,7,RB,14.0,14.112013862892038,1
00-0031285,2021_07_CIN_BAL,2021,7,RB,4.0,6.736564860638646,1
00-0032063,2021_07_ATL_MIA,2021,7,RB,4.0,16.040113913343728,1
00-0032144,2021_07_DEN_CLE,2021,7,RB,8.0,13.928786540787199,1
00-0032187,2021_07_HOU_ARI,2021,7,RB,7.0,6.8267498978902355,1
00-0032426,2021_07_NO_SEA,2021,7,RB,16.0,12.32106308979456,1
00-0032602,2021_07_WAS_GB,2021,7,RB,4.0,9.428753066541644,1
00-0032764,2021_07_KC_TEN,2021,7,RB,29.0,22.221115650428406,1
00-0032972,2021_07_CAR_NYG,2021,7,RB,14.0,16.548324616355824,1
00-0033118,2021_07_PHI_LV,2021,7,RB,14.0,5.2234447785459155,1
00-0033293,2021_07_WAS_GB,2021,7,RB,6.0,16.25495493556827,1
00-0033526,2021_07_CIN_BAL,2021,7,RB,11.0,9.634695732897724,1
00-0033856,2021_07_CHI_TB,2021,7,RB,15.0,11.250428216125679,1
00-0033897,2021_07_CIN_BAL,2021,7,RB,12.0,13.883706231513171,1
00-0033906,2021_07_NO_SEA,2021,7,RB,20.0,15.598324754631694,1
00-0034301,2021_07_KC_TEN,2021,7,RB,5.0,15.39201824926812,1
00-0034681,2021_07_HOU_ARI,2021,7,RB,15.0,14.214346031190084,1
00-0034750,2021_07_NO_SEA,2021,7,RB,6.0,7.715956851056785,1
00-0034838,2021_07_CAR_NYG,2021,7,RB,3.0,8.95488814696741,1
00-0035311,2021_07_ATL_MIA,2021,7,RB,15.0,10.174853166089143,1
00-0035628,2021_07_DEN_CLE,2021,7,RB,22.0,15.583557065271114,1
00-0035657,2021_07_NYJ_NE,2021,7,RB,14.0,13.422794456140217,1
00-0035664,2021_07_DET_LA,2021,7,RB,15.0,19.939581083309342,1
00-0035700,2021_07_PHI_LV,2021,7,RB,6.0,9.7890942209409,1
00-0035726,2021_07_NYJ_NE,2021,7,RB,0.0,4.758108817947552,1
00-0035806,2021_07_IND_SF,2021,7,RB,3.0,5.72003191377878,1
00-0036223,2021_07_IND_SF,2021,7,RB,18.0,16.538057553788832,1
00-0036275,2021_07_DET_LA,2021,7,RB,13.0,13.810509393657721,1
00-0036328,2021_07_WAS_GB,2021,7,RB,14.0,10.355306059608957,1
00-0036555,2021_07_CAR_NYG,2021,7,RB,12.0,13.696446088973037,1
00-0036567,2021_07_IND_SF,2021,7,RB,18.0,18.550603762869834,1
00-0036906,2021_07_CHI_TB,2021,7,RB,18.0,18.943781761288346,1
00-0036919,2021_07_PHI_LV,2021,7,RB,5.0,6.958751445473829,1
00-0036997,2021_07_DEN_CLE,2021,7,RB,4.0,9.596349230031358,1
00-0030288,2021_08_LA_HOU,2021,8,RB,4.0,10.166468690353426,1
00-0030578,2021_08_CAR_ATL,2021,8,RB,9.0,12.059792827168723,1
00-0031045,2021_08_JAX_SEA,2021,8,RB,9.0,13.693786009431802,1
00-0032063,2021_08_CAR_ATL,2021,8,RB,9.0,15.14003706449909,1
00-0032144,2021_08_WAS_DEN,2021,8,RB,10.0,12.222128089521224,1
00-0032426,2021_08_JAX_SEA,2021,8,RB,10.0,13.265165254589542,1
00-0032602,2021_08_WAS_DEN,2021,8,RB,3.0,5.596966613380632,1
00-0032764,2021_08_TEN_IND,2021,8,RB,28.0,21.888560390167257,1
00-0032972,2021_08_NYG_KC,2021,8,RB,15.0,17.341410707556804,1
00-0033045,2021_08_DAL_MIN,2021,8,RB,16.0,17.950502392143086,1
00-0033293,2021_08_GB_ARI,2021,8,RB,15.0,14.5313420743988,1
00-0033553,2021_08_GB_ARI,2021,8,RB,5.0,9.94402899066562,1
00-0033699,2021_08_NE_LAC,2021,8,RB,11.0,15.068463084037317,1
00-0033856,2021_08_TB_NO,2021,8,RB,8.0,14.0673783644822,1
00-0033893,2021_08_DAL_MIN,2021,8,RB,18.0,20.413660284949827,1
00-0033897,2021_08_CIN_NYJ,2021,8,RB,14.0,20.831267859327145,1
00-0033906,2021_08_TB_NO,2021,8,RB,19.0,16.469626135322564,1
00-0034301,2021_08_NYG_KC,2021,8,RB,13.0,14.456046529878467,1
00-0034414,2021_08_PHI_DET,2021,8,RB,12.0,7.33574128269371,1
00-0034681,2021_08_GB_ARI,2021,8,RB,7.0,12.289755913587957,1
00-0034791,2021_08_PIT_CLE,2021,8,RB,16.0,16.14093274227568,1
00-0035250,2021_08_MIA_BUF,2021,8,RB,7.0,11.19576240015504,1
00-0035311,2021_08_MIA_BUF,2021,8,RB,12.0,10.042789919197995,1
00-0035657,2021_08_NE_LAC,2021,8,RB,23.0,14.63020300375576,1
00-0035664,2021_08_LA_HOU,2021,8,RB,14.0,16.85890904512057,1
00-0035806,2021_08_SF_CHI,2021,8,RB,3.0,4.97947998506197,1
00-0036223,2021_08_TEN_IND,2021,8,RB,16.0,18.655509801386586,1
00-0036251,2021_08_MIA_BUF,2021,8,RB,8.0,15.738841589791516,1
00-0036265,2021_08_GB_ARI,2021,8,RB,16.0,12.056966981377851,1
00-0036275,2021_08_PHI_DET,2021,8,RB,12.0,14.182406811483261,1
00-0036555,2021_08_CAR_ATL,2021,8,RB,24.0,11.269249995293537,1
00-0036567,2021_08_SF_CHI,2021,8,RB,18.0,19.261889907010048,1
00-0036893,2021_08_PIT_CLE,2021,8,RB,26.0,13.170395041632048,1
00-0036906,2021_08_SF_CHI,2021,8,RB,23.0,18.864047137243166,1
00-0036997,2021_08_WAS_DEN,2021,8,RB,9.0,6.9257231400364745,1
00-0027966,2021_09_ATL_NO,2021,9,RB,9.0,10.01592529751387,1
00-0029239,2021_09_NE_CAR,2021,9,RB,8.0,5.569189661281094,1
00-0030578,2021_09_ATL_NO,2021,9,RB,9.0,8.804821606937212,1
00-0031045,2021_09_BUF_JAX,2021,9,RB,21.0,14.303837816266734,1
00-0031285,2021_09_MIN_BAL,2021,9,RB,13.0,10.284656970498403,1
00-0032063,2021_09_ATL_NO,2021,9,RB,9.0,9.58799015784701,1
00-0032104,2021_09_NE_CAR,2021,9,RB,1.0,6.6399186312034235,1
00-0032144,2021_09_DEN_DAL,2021,9,RB,21.0,9.845407211586044,1
00-0032187,2021_09_HOU_MIA,2021,9,RB,4.0,4.374124901911414,1
00-0032780,2021_09_LAC_PHI,2021,9,RB,17.0,8.542004730660095,1
00-0032972,2021_09_LV_NYG,2021,9,RB,21.0,15.68354747836011,1
00-0033045,2021_09_DEN_DAL,2021,9,RB,10.0,12.971768476003394,1
00-0033118,2021_09_LV_NYG,2021,9,RB,4.0,8.27937630772114,1
00-0033280,2021_09_NE_CAR,2021,9,RB,14.0,11.618827331801528,1
00-0033293,2021_09_GB_KC,2021,9,RB,12.0,13.558641455743919,1
00-0033553,2021_09_ARI_SF,2021,9,RB,21.0,17.146103007137555,1
00-0033699,2021_09_LAC_PHI,2021,9,RB,17.0,13.911411614509056,1
00-0033893,2021_09_MIN_BAL,2021,9,RB,17.0,19.701194942001536,1
00-0033897,2021_09_CLE_CIN,2021,9,RB,13.0,18.30676358329113,1
00-0033906,2021_09_ATL_NO,2021,9,RB,13.0,17.29344919939183,1
00-0033955,2021_09_TEN_LA,2021,9,RB,7.0,4.322484261866914,1
00-0034301,2021_09_GB_KC,2021,9,RB,19.0,11.045491495936162,1
00-0034367,2021_09_NYJ_IND,2021,9,RB,6.0,7.1232105666110455,1
00-0034414,2021_09_LAC_PHI,2021,9,RB,10.0,11.05936444648431,1
00-0034791,2021_09_CLE_CIN,2021,9,RB,14.0,15.674065322068627,1
00-0034845,2021_09_TEN_LA,2021,9,RB,7.0,10.976678319593516,1
00-0035250,2021_09_BUF_JAX,2021,9,RB,6.0,16.313456505357777,1
00-0035261,2021_09_DEN_DAL,2021,9,RB,4.0,9.73270271738691,1
00-0035311,2021_09_HOU_MIA,2021,9,RB,20.0,13.562035942966743,1
00-0035537,2021_09_NYJ_IND,2021,9,RB,4.0,6.3351020057838205,1
00-0035657,2021_09_NE_CAR,2021,9,RB,15.0,13.223933045204156,1
00-0035664,2021_09_TEN_LA,2021,9,RB,11.0,15.794396540941747,1
00-0035685,2021_09_CHI_PIT,2021,9,RB,13.0,21.176255785186264,1
00-0035700,2021_09_LV_NYG,2021,9,RB,13.0,12.133781549057037,1
00-0035806,2021_09_ARI_SF,2021,9,RB,1.0,4.23577840656759,1
00-0036223,2021_09_NYJ_IND,2021,9,RB,19.0,18.692107836400147,1
00-0036265,2021_09_GB_KC,2021,9,RB,8.0,11.74249638958768,1
00-0036567,2021_09_ARI_SF,2021,9,RB,8.0,19.291446500055688,1
00-0036893,2021_09_CHI_PIT,2021,9,RB,22.0,17.26905593676939,1
00-0036997,2021_09_DEN_DAL,2021,9,RB,17.0,7.38008637578166,1
00-0027966,2021_10_NO_TEN,2021,10,RB,14.0,15.79141415577437,1
00-0030496,2021_10_BAL_MIA,2021,10,RB,3.0,7.945293235145114,1
00-0031285,2021_10_BAL_MIA,2021,10,RB,10.0,10.975175422256347,1
00-0032063,2021_10_ATL_DAL,2021,10,RB,4.0,8.163415792704292,1
00-0032144,2021_10_PHI_DEN,2021,10,RB,9.0,12.060429041068083,1
00-0032426,2021_10_SEA_GB,2021,10,RB,10.0,13.121767422186766,1
00-0032602,2021_10_TB_WAS,2021,10,RB,2.0,3.5792172700380096,1
00-0032780,2021_10_PHI_DEN,2021,10,RB,12.0,12.468501152249843,1
00-0033045,2021_10_ATL_DAL,2021,10,RB,14.0,14.507389776306042,1
00-0033280,2021_10_CAR_ARI,2021,10,RB,13.0,12.418083980703404,1
00-0033293,2021_10_SEA_GB,2021,10,RB,7.0,10.66449089448109,1
00-0033553,2021_10_CAR_ARI,2021,10,RB,10.0,18.78321500979473,1
00-0033699,2021_10_MIN_LAC,2021,10,RB,11.0,14.913626287304158,1
00-0033856,2021_10_TB_WAS,2021,10,RB,11.0,13.983227115499997,1
00-0033893,2021_10_MIN_LAC,2021,10,RB,24.0,20.291054862145014,1
00-0033925,2021_10_NO_TEN,2021,10,RB,11.0,7.4709729155300995,1
00-0033950,2021_10_ATL_DAL,2021,10,RB,15.0,7.798111333886513,1
00-0034115,2021_10_LA_SF,2021,10,RB,10.0,6.595887434232376,1
00-0034301,2021_10_KC_LV,2021,10,RB,11.0,14.097596622180998,1
00-0035250,2021_10_BUF_NYJ,2021,10,RB,7.0,6.367216435021741,1
00-0035261,2021_10_ATL_DAL,2021,10,RB,11.0,9.435593551586603,1
00-0035311,2021_10_BAL_MIA,2021,10,RB,14.0,12.905294728580834,1
00-0035594,2021_10_SEA_GB,2021,10,RB,1.0,7.652242565447923,1
00-0035628,2021_10_CLE_NE,2021,10,RB,19.0,22.869544885548656,1
00-0035664,2021_10_LA_SF,2021,10,RB,5.0,18.183475193981725,1
00-0035700,2021_10_KC_LV,2021,10,RB,7.0,12.188765831387336,1
00-0035831,2021_10_JAX_IND,2021,10,RB,12.0,15.193361589481398,1
00-0036223,2021_10_JAX_IND,2021,10,RB,21.0,19.212601697173785,1
00-0036251,2021_10_BUF_NYJ,2021,10,RB,7.0,10.264438555114129,1
00-0036265,2021_10_SEA_GB,2021,10,RB,21.0,14.60186112860859,1
00-0036275,2021_10_DET_PIT,2021,10,RB,33.0,13.953340582250783,1
00-0036328,2021_10_TB_WAS,2021,10,RB,24.0,16.016068834175854,1
00-0036567,2021_10_LA_SF,2021,10,RB,27.0,13.076109508556467,1
00-0036875,2021_10_CLE_NE,2021,10,RB,20.0,11.159982044114871,1
00-0036893,2021_10_DET_PIT,2021,10,RB,26.0,18.62625014610883,1
00-0036997,2021_10_PHI_DEN,2021,10,RB,8.0,11.387986506457057,1
00-0027966,2021_11_NO_PHI,2021,11,RB,16.0,16.20352626527369,1
00-0030288,2021_11_HOU_TEN,2021,11,RB,18.0,7.480333326816102,1
00-0030513,2021_11_BAL_CHI,2021,11,RB,10.0,10.679614718202831,1
00-0031285,2021_11_BAL_CHI,2021,11,RB,16.0,11.255372820909242,1
00-0032063,2021_11_NE_ATL,2021,11,RB,3.0,9.055132204177497,1
00-0032187,2021_11_HOU_TEN,2021,11,RB,13.0,5.423582364065367,1
00-0032426,2021_11_ARI_SEA,2021,11,RB,10.0,11.081814520786377,1
00-0032602,2021_11_WAS_CAR,2021,11,RB,7.0,5.220973417437457,1
00-0032972,2021_11_NYG_TB,2021,11,RB,3.0,8.896388970971671,1
00-0033045,2021_11_DAL_KC,2021,11,RB,9.0,17.897597450559097,1
00-0033280,2021_11_WAS_CAR,2021,11,RB,10.0,16.168753292681338,1
00-0033553,2021_11_ARI_SEA,2021,11,RB,21.0,19.436876721310647,1
00-0033699,2021_11_PIT_LAC,2021,11,RB,11.0,15.20193839174156,1
00-0033856,2021_11_NYG_TB,2021,11,RB,10.0,13.018417948335603,1
00-0033893,2021_11_GB_MIN,2021,11,RB,22.0,19.05285339026215,1
00-0033897,2021_11_CIN_LV,2021,11,RB,30.0,19.41084348269234,1
00-0034115,2021_11_SF_JAX,2021,11,RB,19.0,8.476222274894326,1
00-0034253,2021_11_HOU_TEN,2021,11,RB,7.0,14.325651862469096,1
00-0034301,2021_11_DAL_KC,2021,11,RB,5.0,10.202628905472135,1
00-0034414,2021_11_NO_PHI,2021,11,RB,6.0,9.867974201856226,1
00-0034791,2021_11_DET_CLE,2021,11,RB,22.0,16.230145754485235,1
00-0034844,2021_11_NYG_TB,2021,11,RB,6.0,12.572673395831353,1
00-0035243,2021_11_NO_PHI,2021,11,RB,16.0,8.475726126325558,1
00-0035250,2021_11_IND_BUF,2021,11,RB,3.0,6.999656031252032,1
00-0035273,2021_11_NE_ATL,2021,11,RB,9.0,10.212748935233002,1
00-0035311,2021_11_MIA_NYJ,2021,11,RB,23.0,13.386686339180505,1
00-0035628,2021_11_DET_CLE,2021,11,RB,5.0,10.13270401026001,1
00-0035657,2021_11_NE_ATL,2021,11,RB,10.0,13.318061037483368,1
00-0035685,2021_11_BAL_CHI,2021,11,RB,14.0,20.68379611300785,1
00-0035700,2021_11_CIN_LV,2021,11,RB,9.0,14.0593591338387,1
00-0035726,2021_11_NE_ATL,2021,11,RB,0.0,3.5569660014643336,1
00-0035831,2021_11_SF_JAX,2021,11,RB,12.0,15.58662933891117,1
00-0036223,2021_11_IND_BUF,2021,11,RB,32.0,19.178277852019217,1
00-0036265,2021_11_GB_MIN,2021,11,RB,11.0,20.62793254034009,1
00-0036275,2021_11_DET_CLE,2021,11,RB,14.0,14.580683585460637,1
00-0036328,2021_11_WAS_CAR,2021,11,RB,19.0,12.585321515527385,1
00-0036360,2021_11_DAL_KC,2021,11,RB,12.0,13.225518646827785,1
00-0036425,2021_11_ARI_SEA,2021,11,RB,4.0,5.186295671042336,1
00-0036875,2021_11_NE_ATL,2021,11,RB,12.0,10.764918427791097,1
00-0036893,2021_11_PIT_LAC,2021,11,RB,12.0,18.763887591730686,1
00-0036984,2021_11_SF_JAX,2021,11,RB,10.0,10.241154342582078,1
00-0030288,2021_12_NYJ_HOU,2021,12,RB,12.0,13.478105021300095,1
00-0030513,2021_12_CLE_BAL,2021,12,RB,8.0,10.512886485945156,1
00-0030578,2021_12_ATL_JAX,2021,12,RB,16.0,8.949687321616207,1
00-0031045,2021_12_ATL_JAX,2021,12,RB,6.0,12.83610674968174,1
00-0031285,2021_12_CLE_BAL,2021,12,RB,16.0,10.06137330403762,1
00-0032058,2021_12_NYJ_HOU,2021,12,RB,16.0,9.228609887864774,1
00-0032063,2021_12_ATL_JAX,2021,12,RB,5.0,8.347414187303041,1
00-0032104,2021_12_CAR_MIA,2021,12,RB,2.0,4.57689009285956,1
00-0032144,2021_12_LAC_DEN,2021,12,RB,17.0,11.076590412002666,1
00-0032187,2021_12_NYJ_HOU,2021,12,RB,10.0,4.862137618260694,1
00-0032426,2021_12_SEA_WAS,2021,12,RB,7.0,11.346338130264842,1
00-0032602,2021_12_SEA_WAS,2021,12,RB,7.0,4.440866270860224,1
00-0033045,2021_12_LV_DAL,2021,12,RB,9.0,15.814649608951482,1
00-0033280,2021_12_CAR_MIA,2021,12,RB,10.0,10.199124442188293,1
00-0033293,2021_12_LA_GB,2021,12,RB,10.0,10.156954454246733,1
00-0033699,2021_12_LAC_DEN,2021,12,RB,12.0,14.514857460833161,1
00-0033856,2021_12_TB_IND,2021,12,RB,17.0,14.15042679691422,1
00-0033893,2021_12_MIN_SF,2021,12,RB,10.0,13.982360630248925,1
00-0033897,2021_12_PIT_CIN,2021,12,RB,28.0,21.11417442081011,1
00-0033923,2021_12_CLE_BAL,2021,12,RB,7.0,9.799616428717322,1
00-0033925,2021_12_TEN_NE,2021,12,RB,19.0,11.83317652866751,1
00-0033948,2021_12_CHI_DET,2021,12,RB,15.0,14.500472335090183,1
00-0034115,2021_12_MIN_SF,2021,12,RB,2.0,9.973231499274847,1
00-0034253,2021_12_TEN_NE,2021,12,RB,12.0,5.821508574089396,1
00-0034367,2021_12_TB_IND,2021,12,RB,1.0,6.56252705437207,1
00-0034414,2021_12_PHI_NYG,2021,12,RB,15.0,9.775465415955056,1
00-0034791,2021_12_CLE_BAL,2021,12,RB,8.0,16.294108538175816,1
00-0034844,2021_12_PHI_NYG,2021,12,RB,13.0,14.992419574014285,1
00-0034972,2021_12_MIN_SF,2021,12,RB,7.0,9.487490848038751,1
00-0035250,2021_12_BUF_NO,2021,12,RB,15.0,12.338783578903865,1
00-0035261,2021_12_LV_DAL,2021,12,RB,10.0,8.943605914829119,1
00-0035311,2021_12_CAR_MIA,2021,12,RB,16.0,10.914349389162116,1
00-0035537,2021_12_NYJ_HOU,2021,12,RB,6.0,6.528492715496461,1
00-0035657,2021_12_TEN_NE,2021,12,RB,11.0,12.935809941975748,1
00-0035664,2021_12_LA_GB,2021,12,RB,16.0,17.967493765889554,1
00-0035685,2021_12_CHI_DET,2021,12,RB,17.0,20.90691411173733,1
00-0035700,2021_12_LV_DAL,2021,12,RB,22.0,13.46667391530454,1
00-0035831,2021_12_ATL_JAX,2021,12,RB,17.0,12.480735738148384,1
00-0035860,2021_12_BUF_NO,2021,12,RB,16.0,9.510814834072683,1
00-0036223,2021_12_TB_IND,2021,12,RB,16.0,19.277726991283707,1
00-0036265,2021_12_LA_GB,2021,12,RB,20.0,12.71215890284632,1
00-0036328,2021_12_SEA_WAS,2021,12,RB,29.0,19.405942650519172,1
00-0036425,2021_12_SEA_WAS,2021,12,RB,3.0,11.02840193493062,1
00-0036567,2021_12_MIN_SF,2021,12,RB,27.0,19.402606384100196,1
00-0036893,2021_12_PIT_CIN,2021,12,RB,8.0,14.320660647492893,1
00-0036997,2021_12_LAC_DEN,2021,12,RB,14.0,12.083282603990673,1
00-0027966,2021_13_DAL_NO,2021,13,RB,10.0,8.736997944885992,1
00-0030288,2021_13_IND_HOU,2021,13,RB,8.0,9.050137051076428,1
00-0030578,2021_13_TB_ATL,2021,13,RB,13.0,9.206346338397033,1
00-0031045,2021_13_JAX_LA,2021,13,RB,9.0,11.152962224755406,1
00-0031285,2021_13_BAL_PIT,2021,13,RB,14.0,16.374032984788364,1
00-0032058,2021_13_PHI_NYJ,2021,13,RB,11.0,13.22987706710283,1
00-0032063,2021_13_TB_ATL,2021,13,RB,4.0,8.188748632478863,1
00-0032972,2021_13_NYG_MIA,2021,13,RB,6.0,9.626873992036053,1
00-0033045,2021_13_DAL_NO,2021,13,RB,13.0,13.810594160824076,1
00-0033526,2021_13_LAC_CIN,2021,13,RB,5.0,9.574051795720042,1
00-0033553,2021_13_ARI_CHI,2021,13,RB,20.0,19.260662045955147,1
00-0033699,2021_13_LAC_CIN,2021,13,RB,14.0,13.264147624605865,1
00-0033856,2021_13_TB_ATL,2021,13,RB,13.0,13.552346164889917,1
00-0033897,2021_13_LAC_CIN,2021,13,RB,19.0,18.36919763876354,1
00-0033948,2021_13_MIN_DET,2021,13,RB,17.0,9.119827999533934,1
00-0034301,2021_13_DEN_KC,2021,13,RB,5.0,10.380061252462813,1
00-0034614,2021_13_MIN_DET,2021,13,RB,2.0,7.881876802146903,1
00-0034750,2021_13_SF_SEA,2021,13,RB,10.0,6.7132178323048635,1
00-0034838,2021_13_IND_HOU,2021,13,RB,3.0,6.834572583770606,1
00-0034844,2021_13_NYG_MIA,2021,13,RB,11.0,15.557294195616132,1
00-0034845,2021_13_JAX_LA,2021,13,RB,24.0,16.952049232003443,1
00-0034972,2021_13_MIN_DET,2021,13,RB,22.0,19.03767091456165,1
00-0035243,2021_13_PHI_NYJ,2021,13,RB,24.0,12.156242108900521,1
00-0035250,2021_13_NE_BUF,2021,13,RB,10.0,8.220127766822477,1
00-0035261,2021_13_DAL_NO,2021,13,RB,7.0,9.15362288047681,1
00-0035311,2021_13_NYG_MIA,2021,13,RB,15.0,13.81416396939191,1
00-0035537,2021_13_PHI_NYJ,2021,13,RB,1.0,6.284189312270657,1
00-0035685,2021_13_ARI_CHI,2021,13,RB,21.0,18.878025927829608,1
00-0035700,2021_13_WAS_LV,2021,13,RB,13.0,17.070090520309535,1
00-0035831,2021_13_JAX_LA,2021,13,RB,8.0,11.217545209474812,1
00-0036223,2021_13_IND_HOU,2021,13,RB,32.0,20.93711326412661,1
00-0036251,2021_13_NE_BUF,2021,13,RB,8.0,9.127153874795567,1
00-0036328,2021_13_WAS_LV,2021,13,RB,23.0,19.476299268402524,1
00-0036360,2021_13_DEN_KC,2021,13,RB,14.0,12.87242420911378,1
00-0036567,2021_13_SF_SEA,2021,13,RB,22.0,21.311591563912216,1
00-0036875,2021_13_NE_BUF,2021,13,RB,24.0,17.620431627063454,1
00-0036893,2021_13_BAL_PIT,2021,13,RB,21.0,17.110903302357478,1
00-0036919,2021_13_PHI_NYJ,2021,13,RB,12.0,4.314558178991495,1
00-0036997,2021_13_DEN_KC,2021,13,RB,23.0,15.291162162194325,1
00-0030288,2021_14_SEA_HOU,2021,14,RB,11.0,9.352111531089289,1
00-0030578,2021_14_ATL_CAR,2021,14,RB,16.0,11.292671131283607,1
00-0031285,2021_14_BAL_CLE,2021,14,RB,13.0,14.813570071110583,1
00-0032063,2021_14_ATL_CAR,2021,14,RB,11.0,8.645395613642874,1
00-0032104,2021_14_ATL_CAR,2021,14,RB,4.0,7.271656777827851,1
00-0032144,2021_14_DET_DEN,2021,14,RB,24.0,12.110503020811494,1
00-0032972,2021_14_NYG_LAC,2021,14,RB,8.0,10.51250299609392,1
00-0033045,2021_14_DAL_WAS,2021,14,RB,12.0,15.826933731088511,1
00-0033293,2021_14_CHI_GB,2021,14,RB,5.0,10.003083341977185,1
00-0033526,2021_14_SF_CIN,2021,14,RB,4.0,7.763645232895819,1
00-0033553,2021_14_LA_ARI,2021,14,RB,13.0,18.831987760675506,1
00-0033699,2021_14_NYG_LAC,2021,14,RB,12.0,9.923973619106384,1
00-0033725,2021_14_DAL_WAS,2021,14,RB,13.0,7.433681358625094,1
00-0033856,2021_14_BUF_TB,2021,14,RB,19.0,12.188107034369613,1
00-0033893,2021_14_PIT_MIN,2021,14,RB,27.0,17.68734279809019,1
00-0033897,2021_14_SF_CIN,2021,14,RB,18.0,17.84175209907144,1
00-0033906,2021_14_NO_NYJ,2021,14,RB,27.0,17.877819752256325,1
00-0033955,2021_14_JAX_TEN,2021,14,RB,8.0,4.186075797992119,1
00-0034115,2021_14_SF_CIN,2021,14,RB,13.0,9.502743894811507,1
00-0034253,2021_14_JAX_TEN,2021,14,RB,6.0,7.674133757924654,1
00-0034301,2021_14_LV_KC,2021,14,RB,2.0,8.781139463447952,1
00-0034614,2021_14_DET_DEN,2021,14,RB,8.0,6.743902954786845,1
00-0034750,2021_14_SEA_HOU,2021,14,RB,16.0,10.507067850343418,1
00-0034791,2021_14_BAL_CLE,2021,14,RB,17.0,19.166787442745573,1
00-0034838,2021_14_SEA_HOU,2021,14,RB,11.0,6.320845054034697,1
00-0034844,2021_14_NYG_LAC,2021,14,RB,16.0,11.237522040116323,1
00-0034845,2021_14_LA_ARI,2021,14,RB,20.0,16.48774534384045,1
00-0035250,2021_14_BUF_TB,2021,14,RB,4.0,14.728004000428879,1
00-0035537,2021_14_NO_NYJ,2021,14,RB,6.0,12.184696004506206,1
00-0035567,2021_14_DET_DEN,2021,14,RB,11.0,9.353167604042653,1
00-0035685,2021_14_CHI_GB,2021,14,RB,10.0,17.784794002874943,1
00-0035700,2021_14_LV_KC,2021,14,RB,9.0,14.705306241176647,1
00-0035831,2021_14_JAX_TEN,2021,14,RB,6.0,14.978016906956054,1
00-0036265,2021_14_CHI_GB,2021,14,RB,15.0,13.458225061691062,1
00-0036328,2021_14_DAL_WAS,2021,14,RB,10.0,17.566208714376632,1
00-0036360,2021_14_LV_KC,2021,14,RB,10.0,12.19136264090789,1
00-0036555,2021_14_ATL_CAR,2021,14,RB,10.0,11.123848467860183,1
00-0036893,2021_14_PIT_MIN,2021,14,RB,20.0,16.85528058908232,1
00-0036997,2021_14_DET_DEN,2021,14,RB,15.0,11.395210308232443,1
00-0027966,2021_15_NO_TB,2021,15,RB,9.0,10.376525503177824,1
00-0029239,2021_15_NE_IND,2021,15,RB,4.0,7.501652841086572,1
00-0030288,2021_15_HOU_JAX,2021,15,RB,16.0,14.139248225683723,1
00-0030513,2021_15_GB_BAL,2021,15,RB,7.0,8.632123505175933,1
00-0030578,2021_15_ATL_SF,2021,15,RB,11.0,12.779480637381468,1
00-0031285,2021_15_GB_BAL,2021,15,RB,6.0,11.925980750116281,1
00-0032058,2021_15_NYJ_MIA,2021,15,RB,8.0,9.802384956327533,1
00-0032063,2021_15_ATL_SF,2021,15,RB,6.0,6.124480029757994,1
00-0032104,2021_15_CAR_BUF,2021,15,RB,4.0,4.532296784216626,1
00-0032144,2021_15_CIN_DEN,2021,15,RB,15.0,11.452802496986626,1
00-0032257,2021_15_NYJ_MIA,2021,15,RB,22.0,12.312368817918657,1
00-0032780,2021_15_WAS_PHI,2021,15,RB,15.0,11.216449007621524,1
00-0032972,2021_15_DAL_NYG,2021,15,RB,8.0,9.908930407018842,1
00-0033045,2021_15_DAL_NYG,2021,15,RB,16.0,13.105676878660832,1
00-0033293,2021_15_GB_BAL,2021,15,RB,13.0,12.948904023034972,1
00-0033553,2021_15_ARI_DET,2021,15,RB,8.0,11.805560977236711,1
00-0033699,2021_15_KC_LAC,2021,15,RB,12.0,8.40318359198159,1
00-0033856,2021_15_NO_TB,2021,15,RB,9.0,8.186810527794625,1
00-0033893,2021_15_MIN_CHI,2021,15,RB,28.0,20.23142619514449,1
00-0033897,2021_15_CIN_DEN,2021,15,RB,17.0,16.654356215089294,1
00-0033906,2021_15_NO_TB,2021,15,RB,11.0,15.823879297803593,1
00-0033925,2021_15_TEN_PIT,2021,15,RB,22.0,15.463761039742383,1
00-0034115,2021_15_ATL_SF,2021,15,RB,21.0,9.68326914839497,1
00-0034253,2021_15_TEN_PIT,2021,15,RB,9.0,7.93707670901195,1
00-0034440,2021_15_KC_LAC,2021,15,RB,13.0,8.638096426499779,1
00-0034681,2021_15_ARI_DET,2021,15,RB,6.0,8.871134710931173,1
00-0034750,2021_15_SEA_LA,2021,15,RB,11.0,10.669632193143995,1
00-0034791,2021_15_LV_CLE,2021,15,RB,23.0,19.1974148797347,1
00-0034844,2021_15_DAL_NYG,2021,15,RB,15.0,13.082381007755888,1
00-0034845,2021_15_SEA_LA,2021,15,RB,18.0,19.281485495626352,1
00-0035243,2021_15_WAS_PHI,2021,15,RB,18.0,11.413876469740128,1
00-0035250,2021_15_CAR_BUF,2021,15,RB,22.0,14.740216363091237,1
00-0035261,2021_15_DAL_NYG,2021,15,RB,12.0,9.025412122382813,1
00-0035311,2021_15_NYJ_MIA,2021,15,RB,10.0,12.357300906927538,1
00-0035567,2021_15_ARI_DET,2021,15,RB,26.0,16.71828012788709,1
00-0035685,2021_15_MIN_CHI,2021,15,RB,18.0,17.391874586069022,1
00-0035700,2021_15_LV_CLE,2021,15,RB,15.0,14.02538560414114,1
00-0035831,2021_15_HOU_JAX,2021,15,RB,18.0,17.343121042208416,1
00-0036223,2021_15_NE_IND,2021,15,RB,29.0,22.92323837840101,1
00-0036265,2021_15_GB_BAL,2021,15,RB,7.0,13.401316301361321,1
00-0036328,2021_15_WAS_PHI,2021,15,RB,15.0,20.204557666014743,1
00-0036360,2021_15_KC_LAC,2021,15,RB,9.0,17.939480722831057,1
00-0036425,2021_15_SEA_LA,2021,15,RB,8.0,8.584401453793598,1
00-0036555,2021_15_CAR_BUF,2021,15,RB,8.0,11.598728854650936,1
00-0036654,2021_15_LV_CLE,2021,15,RB,0.0,7.955299295962491,1
00-0036875,2021_15_NE_IND,2021,15,RB,10.0,13.544259651026955,1
00-0036893,2021_15_TEN_PIT,2021,15,RB,12.0,18.313259334718122,1
00-0036997,2021_15_CIN_DEN,2021,15,RB,15.0,13.101536113837875,1
00-0027966,2021_16_MIA_NO,2021,16,RB,4.0,10.280178055333277,1
00-0029239,2021_16_BUF_NE,2021,16,RB,2.0,5.3831284572124565,1
00-0030288,2021_16_LAC_HOU,2021,16,RB,22.0,13.57856052069561,1
00-0030578,2021_16_DET_ATL,2021,16,RB,7.0,11.90663561964068,1
00-0031285,2021_16_BAL_CIN,2021,16,RB,6.0,11.252675721997578,1
00-0032063,2021_16_DET_ATL,2021,16,RB,7.0,8.699627974330008,1
00-0032144,2021_16_DEN_LV,2021,16,RB,7.0,13.665574699751364,1
00-0032257,2021_16_MIA_NO,2021,16,RB,13.0,13.000706177970796,1
00-0032780,2021_16_NYG_PHI,2021,16,RB,9.0,10.684218483857084,1
00-0032972,2021_16_NYG_PHI,2021,16,RB,6.0,10.102976936270851,1
00-0032975,2021_16_WAS_DAL,2021,16,RB,3.0,7.7380331531812265,1
00-0033045,2021_16_WAS_DAL,2021,16,RB,9.0,13.2789628878729,1
00-0033293,2021_16_CLE_GB,2021,16,RB,12.0,11.727868183950884,1
00-0033854,2021_16_JAX_NYJ,2021,16,RB,17.0,15.045774819983487,1
00-0033897,2021_16_BAL_CIN,2021,16,RB,18.0,21.585724110740927,1
00-0033906,2021_16_MIA_NO,2021,16,RB,13.0,15.556222756240144,1
00-0033925,2021_16_SF_TEN,2021,16,RB,9.0,12.387766103452227,1
00-0033948,2021_16_DET_ATL,2021,16,RB,19.0,9.665918766796269,1
00-0033955,2021_16_SF_TEN,2021,16,RB,7.0,3.993976170710866,1
00-0034115,2021_16_SF_TEN,2021,16,RB,14.0,10.06813742089809,1
00-0034301,2021_16_PIT_KC,2021,16,RB,11.0,8.445194506235492,1
00-0034440,2021_16_LAC_HOU,2021,16,RB,11.0,19.56079227521334,1
00-0034681,2021_16_IND_ARI,2021,16,RB,16.0,14.68991390388506,1
00-0034750,2021_16_CHI_SEA,2021,16,RB,17.0,12.474714239192334,1
00-0034791,2021_16_CLE_GB,2021,16,RB,17.0,17.98538828835943,1
00-0034816,2021_16_TB_CAR,2021,16,RB,20.0,8.090127895735478,1
00-0034838,2021_16_LAC_HOU,2021,16,RB,12.0,4.048301760220353,1
00-0034844,2021_16_NYG_PHI,2021,16,RB,15.0,8.664283499890468,1
00-0034845,2021_16_LA_MIN,2021,16,RB,27.0,20.506603139601324,1
00-0034972,2021_16_LA_MIN,2021,16,RB,13.0,18.15512065854186,1
00-0035250,2021_16_BUF_NE,2021,16,RB,12.0,15.749377988948144,1
00-0035261,2021_16_WAS_DAL,2021,16,RB,8.0,8.644519870500226,1
00-0035567,2021_16_DET_ATL,2021,16,RB,11.0,12.639234955371808,1
00-0035628,2021_16_CLE_GB,2021,16,RB,4.0,10.942954543721932,1
00-0035657,2021_16_BUF_NE,2021,16,RB,18.0,13.43564712582253,1
00-0035685,2021_16_CHI_SEA,2021,16,RB,21.0,17.17518801403629,1
00-0035700,2021_16_DEN_LV,2021,16,RB,27.0,15.958148704291045,1
00-0036223,2021_16_IND_ARI,2021,16,RB,27.0,22.939463359513223,1
00-0036265,2021_16_CLE_GB,2021,16,RB,9.0,13.103550651595842,1
00-0036328,2021_16_WAS_DAL,2021,16,RB,6.0,11.155518294559155,1
00-0036425,2021_16_CHI_SEA,2021,16,RB,4.0,6.376605873231873,1
00-0036450,2021_16_TB_CAR,2021,16,RB,7.0,7.6748755237448965,1
00-0036555,2021_16_TB_CAR,2021,16,RB,6.0,11.760285358972961,1
00-0036893,2021_16_PIT_KC,2021,16,RB,19.0,17.323785194141045,1
00-0036924,2021_16_JAX_NYJ,2021,16,RB,16.0,14.086127795540076,1
00-0036997,2021_16_DEN_LV,2021,16,RB,7.0,10.800807367282903,1
00-0030288,2021_17_HOU_SF,2021,17,RB,16.0,15.418414368903447,1
00-0030496,2021_17_TB_NYJ,2021,17,RB,3.0,6.693690063330822,1
00-0030578,2021_17_ATL_BUF,2021,17,RB,9.0,10.97242869328914,1
00-0031285,2021_17_LA_BAL,2021,17,RB,14.0,14.75942529796572,1
00-0032063,2021_17_ATL_BUF,2021,17,RB,8.0,7.835276627147332,1
00-0032104,2021_17_CAR_NO,2021,17,RB,6.0,4.398060647013072,1
00-0032144,2021_17_DEN_LAC,2021,17,RB,10.0,13.493195915270537,1
00-0032257,2021_17_MIA_TEN,2021,17,RB,7.0,17.42392747822131,1
00-0032780,2021_17_PHI_WAS,2021,17,RB,11.0,10.080762428295376,1
00-0032972,2021_17_NYG_CHI,2021,17,RB,18.0,10.54477393825814,1
00-0033045,2021_17_ARI_DAL,2021,17,RB,9.0,15.272787258301975,1
00-0033293,2021_17_MIN_GB,2021,17,RB,8.0,10.155145764849143,1
00-0033699,2021_17_DEN_LAC,2021,17,RB,17.0,12.06744795850356,1
00-0033854,2021_17_JAX_NE,2021,17,RB,9.0,15.944407526322024,1
00-0033893,2021_17_MIN_GB,2021,17,RB,9.0,13.27224359647449,1
00-0033897,2021_17_KC_CIN,2021,17,RB,12.0,18.992140233216737,1
00-0033906,2021_17_CAR_NO,2021,17,RB,13.0,17.337817878238987,1
00-0033925,2021_17_MIA_TEN,2021,17,RB,26.0,17.91026795789712,1
00-0034115,2021_17_HOU_SF,2021,17,RB,0.0,10.48304080972377,1
00-0034301,2021_17_KC_CIN,2021,17,RB,14.0,13.923285326766557,1
00-0034367,2021_17_LV_IND,2021,17,RB,2.0,7.191282388299656,1
00-0034414,2021_17_PHI_WAS,2021,17,RB,14.0,9.308402660524445,1
00-0034440,2021_17_DEN_LAC,2021,17,RB,12.0,9.20405368504299,1
00-0034681,2021_17_ARI_DAL,2021,17,RB,18.0,15.45908892294405,1
00-0034750,2021_17_DET_SEA,2021,17,RB,25.0,17.784309625678972,1
00-0034791,2021_17_CLE_PIT,2021,17,RB,12.0,14.502383742097447,1
00-0034844,2021_17_NYG_CHI,2021,17,RB,21.0,12.046209480946203,1
00-0034845,2021_17_LA_BAL,2021,17,RB,19.0,20.247359370130166,1
00-0034972,2021_17_MIN_GB,2021,17,RB,0.0,10.364801879828576,1
00-0035187,2021_17_TB_NYJ,2021,17,RB,14.0,7.066944450990453,1
00-0035250,2021_17_ATL_BUF,2021,17,RB,23.0,15.253858568079778,1
00-0035537,2021_17_TB_NYJ,2021,17,RB,5.0,4.780551043186055,1
00-0035628,2021_17_CLE_PIT,2021,17,RB,5.0,12.562580976426984,1
00-0035685,2021_17_NYG_CHI,2021,17,RB,22.0,16.77476962194007,1
00-0035700,2021_17_LV_IND,2021,17,RB,16.0,14.337711676293733,1
00-0035726,2021_17_JAX_NE,2021,17,RB,0.0,3.271837783484898,1
00-0036223,2021_17_LV_IND,2021,17,RB,20.0,21.311980123538902,1
00-0036265,2021_17_MIN_GB,2021,17,RB,14.0,14.372250720390857,1
00-0036275,2021_17_DET_SEA,2021,17,RB,4.0,10.67537919937556,1
00-0036555,2021_17_CAR_NO,2021,17,RB,17.0,11.884999992587002,1
00-0036567,2021_17_HOU_SF,2021,17,RB,21.0,17.8465740867693,1
00-0036727,2021_17_CAR_NO,2021,17,RB,1.0,7.375450553720357,1
00-0036755,2021_17_PHI_WAS,2021,17,RB,12.0,13.10640429268117,1
00-0036875,2021_17_JAX_NE,2021,17,RB,19.0,12.869049936869812,1
00-0036893,2021_17_CLE_PIT,2021,17,RB,28.0,16.49725554336246,1
00-0036997,2021_17_DEN_LAC,2021,17,RB,14.0,11.756919890956343,1
00-0029239,2021_18_NE_MIA,2021,18,RB,7.0,4.270396339869784,1
00-0030288,2021_18_TEN_HOU,2021,18,RB,12.0,13.609618269661787,1
00-0030496,2021_18_CAR_TB,2021,18,RB,3.0,5.222796335710085,1
00-0030513,2021_18_PIT_BAL,2021,18,RB,16.0,10.557489694769501,1
00-0030578,2021_18_NO_ATL,2021,18,RB,4.0,8.626470556441738,1
00-0031285,2021_18_PIT_BAL,2021,18,RB,5.0,10.85716229672722,1
00-0032063,2021_18_NO_ATL,2021,18,RB,6.0,5.953173702527259,1
00-0032104,2021_18_CAR_TB,2021,18,RB,7.0,5.132843511370946,1
00-0032144,2021_18_KC_DEN,2021,18,RB,12.0,12.639957938723127,1
00-0032257,2021_18_NE_MIA,2021,18,RB,25.0,18.21390701658836,1
00-0032972,2021_18_WAS_NYG,2021,18,RB,8.0,10.202166186510993,1
00-0033045,2021_18_DAL_PHI,2021,18,RB,18.0,13.114084653846426,1
00-0033553,2021_18_SEA_ARI,2021,18,RB,15.0,15.394994663082374,1
00-0033699,2021_18_LAC_LV,2021,18,RB,16.0,15.680953974857225,1
00-0033854,2021_18_IND_JAX,2021,18,RB,11.0,15.541899276646728,1
00-0033893,2021_18_CHI_MIN,2021,18,RB,14.0,14.323514682208009,1
00-0033906,2021_18_NO_ATL,2021,18,RB,30.0,15.783789532102553,1
00-0033925,2021_18_TEN_HOU,2021,18,RB,21.0,16.22916174048901,1
00-0033948,2021_18_GB_DET,2021,18,RB,13.0,9.582740036860628,1
00-0034115,2021_18_SF_LA,2021,18,RB,0.0,9.081098732794374,1
00-0034253,2021_18_TEN_HOU,2021,18,RB,9.0,9.209513728715146,1
00-0034301,2021_18_KC_DEN,2021,18,RB,7.0,9.60618585123283,1
00-0034750,2021_18_SEA_ARI,2021,18,RB,23.0,20.48326308950807,1
00-0034844,2021_18_WAS_NYG,2021,18,RB,11.0,14.953808625328515,1
00-0034845,2021_18_SF_LA,2021,18,RB,21.0,18.285894302032524,1
00-0034972,2021_18_CHI_MIN,2021,18,RB,5.0,8.490677756803288,1
00-0035217,2021_18_PIT_BAL,2021,18,RB,12.0,7.344073531809838,1
00-0035250,2021_18_NYJ_BUF,2021,18,RB,19.0,18.145111685599502,1
00-0035291,2021_18_CIN_CLE,2021,18,RB,9.0,7.71158934958478,1
00-0035628,2021_18_CIN_CLE,2021,18,RB,25.0,16.62095243516871,1
00-0035657,2021_18_NE_MIA,2021,18,RB,11.0,14.448087641795539,1
00-0035685,2021_18_CHI_MIN,2021,18,RB,20.0,16.20266951819396,1
00-0035700,2021_18_LAC_LV,2021,18,RB,26.0,16.235663477672965,1
00-0035973,2021_18_GB_DET,2021,18,RB,11.0,9.996281205422424,1
00-0036223,2021_18_IND_JAX,2021,18,RB,15.0,23.14185788791871,1
00-0036265,2021_18_GB_DET,2021,18,RB,14.0,14.92231843251033,1
00-0036275,2021_18_GB_DET,2021,18,RB,7.0,9.78132667735516,1
00-0036278,2021_18_DAL_PHI,2021,18,RB,13.0,6.985875537075257,1
00-0036328,2021_18_WAS_NYG,2021,18,RB,21.0,12.702211473868854,1
00-0036450,2021_18_CAR_TB,2021,18,RB,10.0,8.092439949986048,1
00-0036555,2021_18_CAR_TB,2021,18,RB,9.0,9.545280192039161,1
00-0036567,2021_18_SF_LA,2021,18,RB,21.0,15.271250499818915,1
00-0036727,2021_18_NO_ATL,2021,18,RB,1.0,6.257722428633374,1
00-0036857,2021_18_CIN_CLE,2021,18,RB,7.0,11.344043410383769,1
00-0036893,2021_18_PIT_BAL,2021,18,RB,11.0,14.306623229686362,1
00-0036919,2021_18_DAL_PHI,2021,18,RB,12.0,6.128719729887326,1
00-0036997,2021_18_KC_DEN,2021,18,RB,12.0,12.434050926804295,1
00-0029239,2021_19_NE_BUF,2021,19,RB,0.0,5.442471898453798,1
00-0030456,2021_19_PHI_TB,2021,19,RB,13.0,5.341449555994525,1
00-0031376,2021_19_PIT_KC,2021,19,RB,12.0,14.508235145876291,1
00-0033045,2021_19_SF_DAL,2021,19,RB,12.0,14.315830954828229,1
00-0033897,2021_19_LV_CIN,2021,19,RB,17.0,18.541539116461077,1
00-0034681,2021_19_ARI_LA,2021,19,RB,8.0,10.148540177881712,1
00-0034845,2021_19_ARI_LA,2021,19,RB,13.0,11.97073470080671,1
00-0035250,2021_19_NE_BUF,2021,19,RB,16.0,16.456078455929035,1
00-0035261,2021_19_SF_DAL,2021,19,RB,4.0,8.25679970262647,1
00-0035700,2021_19_LV_CIN,2021,19,RB,13.0,17.042088726938807,1
00-0036414,2021_19_ARI_LA,2021,19,RB,17.0,10.124038725489122,1
00-0036450,2021_19_PHI_TB,2021,19,RB,17.0,9.485799498982823,1
00-0036567,2021_19_SF_DAL,2021,19,RB,27.0,20.053492190351967,1
00-0036875,2021_19_NE_BUF,2021,19,RB,8.0,13.55407154029006,1
00-0036893,2021_19_PIT_KC,2021,19,RB,12.0,13.409214012761904,1
00-0036919,2021_19_PHI_TB,2021,19,RB,1.0,6.111210190785869,1
00-0031376,2021_20_BUF_KC,2021,20,RB,10.0,15.426255411380739,1
00-0032764,2021_20_CIN_TEN,2021,20,RB,20.0,17.5176318782221,1
00-0033293,2021_20_SF_GB,2021,20,RB,12.0,15.901541963126341,1
00-0033856,2021_20_LA_TB,2021,20,RB,13.0,13.423923549001879,1
00-0033897,2021_20_CIN_TEN,2021,20,RB,14.0,17.279504052559865,1
00-0035250,2021_20_BUF_KC,2021,20,RB,10.0,15.960229614499903,1
00-0036414,2021_20_LA_TB,2021,20,RB,24.0,16.875956926769128,1
00-0036567,2021_20_SF_GB,2021,20,RB,17.0,20.13069226757883,1
00-0031376,2021_21_CIN_KC,2021,21,RB,12.0,14.49678100104251,1
00-0033897,2021_21_CIN_KC,2021,21,RB,21.0,18.26432619500944,1
00-0034845,2021_21_SF_LA,2021,21,RB,10.0,15.315964825157554,1
00-0036414,2021_21_SF_LA,2021,21,RB,13.0,10.018544656153392,1
00-0036567,2021_21_SF_LA,2021,21,RB,11.0,12.476657171144765,1
00-0033897,2021_22_LA_CIN,2021,22,RB,15.0,19.105698084928854,1
00-0036414,2021_22_LA_CIN,2021,22,RB,13.0,12.700837653210668,1
00-0030288,2022_01_IND_HOU,2022,1,RB,14.0,14.642351395519729,2
00-0030578,2022_01_NO_ATL,2022,1,RB,22.0,14.448137965874166,2
00-0031376,2022_01_KC_ARI,2022,1,RB,4.0,6.935347004020687,2
00-0031687,2022_01_NE_MIA,2022,1,RB,5.0,8.249080801905361,2
00-0032144,2022_01_DEN_SEA,2022,1,RB,12.0,9.768798245795631,2
00-0032602,2022_01_JAX_WAS,2022,1,RB,3.0,6.841138781850876,2
00-0032764,2022_01_NYG_TEN,2022,1,RB,21.0,19.917951650578374,2
00-0033045,2022_01_TB_DAL,2022,1,RB,10.0,13.133785954143667,2
00-0033118,2022_01_BAL_NYJ,2022,1,RB,11.0,12.54726278697848,2
00-0033280,2022_01_CLE_CAR,2022,1,RB,10.0,15.549978938078041,2
00-0033293,2022_01_GB_MIN,2022,1,RB,5.0,13.402855585461113,2
00-0033553,2022_01_KC_ARI,2022,1,RB,10.0,15.732291074304946,2
00-0033699,2022_01_LV_LAC,2022,1,RB,14.0,9.418213066970072,2
00-0033856,2022_01_TB_DAL,2022,1,RB,21.0,16.682582469579696,2
00-0033893,2022_01_GB_MIN,2022,1,RB,20.0,16.47138922209733,2
00-0033897,2022_01_PIT_CIN,2022,1,RB,27.0,15.890727600134326,2
00-0033906,2022_01_NO_ATL,2022,1,RB,9.0,13.945567871582202,2
00-0033923,2022_01_CLE_CAR,2022,1,RB,11.0,12.240969959251009,2
00-0034115,2022_01_SF_CHI,2022,1,RB,9.0,6.41247689036861,2
00-0034681,2022_01_NE_MIA,2022,1,RB,12.0,13.463448733724935,2
00-0034750,2022_01_DEN_SEA,2022,1,RB,12.0,15.716509756177672,2
00-0034791,2022_01_CLE_CAR,2022,1,RB,22.0,11.282830106905307,2
00-0034844,2022_01_NYG_TEN,2022,1,RB,18.0,16.81364346969582,2
00-0035243,2022_01_PHI_DET,2022,1,RB,13.0,11.242571850621166,2
00-0035250,2022_01_BUF_LA,2022,1,RB,8.0,11.416660335355486,2
00-0035261,2022_01_TB_DAL,2022,1,RB,6.0,12.04200974701536,2
00-0035594,2022_01_DEN_SEA,2022,1,RB,1.0,6.900163611551457,2
00-0035657,2022_01_NE_MIA,2022,1,RB,9.0,8.752845510993325,2
00-0035664,2022_01_BUF_LA,2022,1,RB,13.0,16.62633569089668,2
00-0035685,2022_01_SF_CHI,2022,1,RB,17.0,15.323711874693371,2
00-0035700,2022_01_LV_LAC,2022,1,RB,10.0,13.133785954143667,2
00-0035831,2022_01_JAX_WAS,2022,1,RB,11.0,11.22095986042423,2
00-0036223,2022_01_IND_HOU,2022,1,RB,31.0,16.659852834529794,2
00-0036251,2022_01_BUF_LA,2022,1,RB,6.0,8.04115426994717,2
00-0036265,2022_01_GB_MIN,2022,1,RB,10.0,10.201318104618371,2
00-0036275,2022_01_PHI_DET,2022,1,RB,15.0,15.766676362060588,2
00-0036328,2022_01_JAX_WAS,2022,1,RB,14.0,14.265481504494733,2
00-0036360,2022_01_KC_ARI,2022,1,RB,7.0,8.460503557345557,2
00-0036383,2022_01_KC_ARI,2022,1,RB,4.0,8.03184166586329,2
00-0036893,2022_01_PIT_CIN,2022,1,RB,10.0,12.739491947071185,2
00-0036973,2022_01_JAX_WAS,2022,1,RB,4.0,9.070385935595734,2
00-0036997,2022_01_DEN_SEA,2022,1,RB,7.0,12.997218421118037,2
00-0037228,2022_01_PIT_CIN,2022,1,RB,3.0,7.912780059666671,2
00-0038120,2022_01_BAL_NYJ,2022,1,RB,6.0,9.830668492276708,2
00-0027966,2022_02_TB_NO,2022,2,RB,10.0,7.96441296900432,2
00-0030288,2022_02_HOU_DEN,2022,2,RB,0.0,7.796755288847888,2
00-0030578,2022_02_ATL_LA,2022,2,RB,10.0,15.12023663968457,2
00-0031376,2022_02_LAC_KC,2022,2,RB,4.0,5.603869856454431,2
00-0031687,2022_02_MIA_BAL,2022,2,RB,11.0,8.837361015258814,2
00-0032602,2022_02_WAS_DET,2022,2,RB,3.0,6.318546744328928,2
00-0032764,2022_02_TEN_BUF,2022,2,RB,13.0,14.135696531043953,2
00-0033045,2022_02_CIN_DAL,2022,2,RB,15.0,15.316449524144542,2
00-0033280,2022_02_CAR_NYG,2022,2,RB,15.0,14.635020629856525,2
00-0033293,2022_02_CHI_GB,2022,2,RB,15.0,9.755278404698679,2
00-0033699,2022_02_LAC_KC,2022,2,RB,14.0,12.685845875832412,2
00-0033856,2022_02_TB_NO,2022,2,RB,24.0,20.786352329012857,2
00-0033893,2022_02_MIN_PHI,2022,2,RB,6.0,18.301749456432326,2
00-0033897,2022_02_CIN_DAL,2022,2,RB,19.0,17.924459448427854,2
00-0033923,2022_02_NYJ_CLE,2022,2,RB,13.0,8.929179711383306,2
00-0033948,2022_02_WAS_DET,2022,2,RB,12.0,8.404125730941349,2
00-0034115,2022_02_SEA_SF,2022,2,RB,18.0,7.755022629289699,2
00-0034301,2022_02_ARI_LV,2022,2,RB,8.0,9.305680162380511,2
00-0034681,2022_02_MIA_BAL,2022,2,RB,5.0,9.554349618196927,2
00-0034750,2022_02_SEA_SF,2022,2,RB,6.0,11.295905063845666,2
00-0034791,2022_02_NYJ_CLE,2022,2,RB,17.0,15.311670601572338,2
00-0034844,2022_02_CAR_NYG,2022,2,RB,21.0,18.334325472621018,2
00-0034975,2022_02_MIA_BAL,2022,2,RB,3.0,6.563466648529002,2
00-0035243,2022_02_MIN_PHI,2022,2,RB,17.0,13.708119337008487,2
00-0035250,2022_02_TEN_BUF,2022,2,RB,6.0,11.493567918940517,2
00-0035261,2022_02_CIN_DAL,2022,2,RB,9.0,6.943774412406164,2
00-0035594,2022_02_SEA_SF,2022,2,RB,2.0,6.647654621704532,2
00-0035657,2022_02_NE_PIT,2022,2,RB,15.0,8.783006161493027,2
00-0035664,2022_02_ATL_LA,2022,2,RB,10.0,11.957496795564335,2
00-0035685,2022_02_CHI_GB,2022,2,RB,15.0,16.663861115083996,2
00-0035700,2022_02_ARI_LV,2022,2,RB,19.0,15.808480661458761,2
00-0035831,2022_02_IND_JAX,2022,2,RB,23.0,15.352811324333562,2
00-0035860,2022_02_TB_NO,2022,2,RB,2.0,10.346968532934284,2
00-0036223,2022_02_IND_JAX,2022,2,RB,9.0,18.919921833154277,2
00-0036265,2022_02_CHI_GB,2022,2,RB,18.0,12.977904373951779,2
00-0036275,2022_02_WAS_DET,2022,2,RB,5.0,14.178993791004919,2
00-0036328,2022_02_WAS_DET,2022,2,RB,14.0,11.236672193389577,2
00-0036360,2022_02_LAC_KC,2022,2,RB,8.0,8.392482099605221,2
00-0036383,2022_02_ARI_LV,2022,2,RB,8.0,5.698540809520118,2
00-0036414,2022_02_ATL_LA,2022,2,RB,15.0,9.318422139701092,2
00-0036875,2022_02_NE_PIT,2022,2,RB,9.0,13.324730577644615,2
00-0036893,2022_02_NE_PIT,2022,2,RB,15.0,14.983200913108954,2
00-0036973,2022_02_IND_JAX,2022,2,RB,9.0,3.7121046702134226,2
00-0036997,2022_02_HOU_DEN,2022,2,RB,15.0,12.819769209314629,2
00-0037258,2022_02_HOU_DEN,2022,2,RB,15.0,13.499650659312767,2
00-0037617,2022_02_TEN_BUF,2022,2,RB,9.0,10.25557619537019,2
00-0037827,2022_02_SEA_SF,2022,2,RB,14.0,7.966040145725442,2
00-0029239,2022_03_LV_TEN,2022,3,RB,3.0,8.240068619763765,2
00-0030288,2022_03_HOU_CHI,2022,3,RB,3.0,7.574725718088632,2
00-0030578,2022_03_ATL_SEA,2022,3,RB,17.0,15.804598562687303,2
00-0031376,2022_03_KC_IND,2022,3,RB,7.0,6.335330667590472,2
00-0031687,2022_03_BUF_MIA,2022,3,RB,8.0,11.016969351446384,2
00-0032144,2022_03_SF_DEN,2022,3,RB,12.0,10.614053239953726,2
00-0032602,2022_03_PHI_WAS,2022,3,RB,3.0,5.433417555429818,2
00-0032764,2022_03_LV_TEN,2022,3,RB,20.0,21.7682682822035,2
00-0033045,2022_03_DAL_NYG,2022,3,RB,15.0,15.746401793053852,2
00-0033280,2022_03_NO_CAR,2022,3,RB,25.0,16.70974482700892,2
00-0033293,2022_03_GB_TB,2022,3,RB,12.0,13.37042551290861,2
00-0033526,2022_03_CIN_NYJ,2022,3,RB,9.0,8.800551291256845,2
00-0033553,2022_03_LA_ARI,2022,3,RB,13.0,9.997089269426514,2
00-0033699,2022_03_JAX_LAC,2022,3,RB,4.0,9.264467831230247,2
00-0033856,2022_03_GB_TB,2022,3,RB,12.0,20.242881205277776,2
00-0033893,2022_03_DET_MIN,2022,3,RB,17.0,13.488748640887431,2
00-0033897,2022_03_CIN_NYJ,2022,3,RB,12.0,17.76318020205573,2
00-0033906,2022_03_NO_CAR,2022,3,RB,15.0,14.540658562609373,2
00-0033923,2022_03_PIT_CLE,2022,3,RB,12.0,9.977825355152142,2
00-0033948,2022_03_DET_MIN,2022,3,RB,20.0,11.306500943557374,2
00-0034115,2022_03_SF_DEN,2022,3,RB,12.0,8.926409484775004,2
00-0034367,2022_03_KC_IND,2022,3,RB,3.0,7.570876298148815,2
00-0034681,2022_03_BUF_MIA,2022,3,RB,6.0,8.171286217507248,2
00-0034750,2022_03_ATL_SEA,2022,3,RB,14.0,14.710377401263958,2
00-0034791,2022_03_PIT_CLE,2022,3,RB,23.0,17.84253034002657,2
00-0034844,2022_03_DAL_NYG,2022,3,RB,14.0,19.1531326127986,2
00-0034972,2022_03_DET_MIN,2022,3,RB,7.0,8.090976366132857,2
00-0034975,2022_03_BAL_NE,2022,3,RB,6.0,6.111515233435231,2
00-0035243,2022_03_PHI_WAS,2022,3,RB,15.0,16.453259170218146,2
00-0035250,2022_03_BUF_MIA,2022,3,RB,9.0,13.569994993941158,2
00-0035261,2022_03_DAL_NYG,2022,3,RB,13.0,7.291401386693574,2
00-0035657,2022_03_BAL_NE,2022,3,RB,11.0,9.355918790890051,2
00-0035664,2022_03_LA_ARI,2022,3,RB,4.0,11.946944958471377,2
00-0035700,2022_03_LV_TEN,2022,3,RB,13.0,16.78410007102173,2
00-0035831,2022_03_JAX_LAC,2022,3,RB,17.0,15.35082546160481,2
00-0036158,2022_03_BAL_NE,2022,3,RB,7.0,9.032027251474837,2
00-0036223,2022_03_KC_IND,2022,3,RB,21.0,19.711715288799798,2
00-0036265,2022_03_GB_TB,2022,3,RB,12.0,14.174589084430506,2
00-0036275,2022_03_DET_MIN,2022,3,RB,7.0,10.383178255458773,2
00-0036328,2022_03_PHI_WAS,2022,3,RB,12.0,10.649903877407215,2
00-0036360,2022_03_KC_IND,2022,3,RB,7.0,7.680233328436993,2
00-0036414,2022_03_LA_ARI,2022,3,RB,12.0,12.539353676260232,2
00-0036875,2022_03_BAL_NE,2022,3,RB,12.0,14.619747375450245,2
00-0036893,2022_03_PIT_CLE,2022,3,RB,15.0,16.01219194414652,2
00-0036906,2022_03_HOU_CHI,2022,3,RB,20.0,12.329641924773242,2
00-0036973,2022_03_JAX_LAC,2022,3,RB,13.0,6.635187219721513,2
00-0036997,2022_03_SF_DEN,2022,3,RB,15.0,9.98949185761677,2
00-0037258,2022_03_HOU_CHI,2022,3,RB,20.0,16.51890921553763,2
00-0037263,2022_03_ATL_SEA,2022,3,RB,6.0,8.802096886139378,2
00-0038120,2022_03_CIN_NYJ,2022,3,RB,8.0,8.415020673683866,2
00-0027966,2022_04_MIN_NO,2022,4,RB,10.0,11.522201609464625,2
00-0030513,2022_04_MIN_NO,2022,4,RB,11.0,9.446493156211929,2
00-0031687,2022_04_MIA_CIN,2022,4,RB,15.0,13.358367507115615,2
00-0032602,2022_04_WAS_DAL,2022,4,RB,8.0,5.151137046218182,2
00-0032764,2022_04_TEN_IND,2022,4,RB,22.0,20.37387406455817,2
00-0033045,2022_04_WAS_DAL,2022,4,RB,19.0,15.92676598780643,2
00-0033280,2022_04_ARI_CAR,2022,4,RB,8.0,18.384550662133286,2
00-0033293,2022_04_NE_GB,2022,4,RB,16.0,12.482994970826569,2
00-0033553,2022_04_ARI_CAR,2022,4,RB,15.0,14.897367373384615,2
00-0033699,2022_04_LAC_HOU,2022,4,RB,13.0,9.851164935225865,2
00-0033856,2022_04_KC_TB,2022,4,RB,3.0,15.68021799176904,2
00-0033893,2022_04_MIN_NO,2022,4,RB,20.0,15.534575088244393,2
00-0033897,2022_04_MIA_CIN,2022,4,RB,24.0,18.821259787534252,2
00-0033923,2022_04_CLE_ATL,2022,4,RB,10.0,10.990720439666639,2
00-0033948,2022_04_SEA_DET,2022,4,RB,19.0,13.866654042387612,2
00-0034115,2022_04_LA_SF,2022,4,RB,18.0,7.840756290592371,2
00-0034208,2022_04_DEN_LV,2022,4,RB,3.0,6.593379017399902,2
00-0034750,2022_04_SEA_DET,2022,4,RB,17.0,15.378217933392975,2
00-0034791,2022_04_CLE_ATL,2022,4,RB,19.0,17.49896405964294,2
00-0034844,2022_04_CHI_NYG,2022,4,RB,31.0,19.43140507403821,2
00-0034972,2022_04_MIN_NO,2022,4,RB,3.0,8.313721508382546,2
00-0034975,2022_04_BUF_BAL,2022,4,RB,8.0,6.1916453589422025,2
00-0035243,2022_04_JAX_PHI,2022,4,RB,27.0,16.952370802037905,2
00-0035250,2022_04_BUF_BAL,2022,4,RB,11.0,15.166747483123128,2
00-0035261,2022_04_WAS_DAL,2022,4,RB,8.0,9.219908465895687,2
00-0035657,2022_04_NE_GB,2022,4,RB,18.0,11.389272071881484,2
00-0035664,2022_04_LA_SF,2022,4,RB,7.0,12.044211026508233,2
00-0035700,2022_04_DEN_LV,2022,4,RB,28.0,17.45227343945042,2
00-0035831,2022_04_JAX_PHI,2022,4,RB,8.0,13.437192919876251,2
00-0036158,2022_04_BUF_BAL,2022,4,RB,13.0,8.980969579431799,2
00-0036223,2022_04_TEN_IND,2022,4,RB,20.0,20.52918595130057,2
00-0036265,2022_04_NE_GB,2022,4,RB,17.0,12.517335273264708,2
00-0036328,2022_04_WAS_DAL,2022,4,RB,13.0,11.24046139849612,2
00-0036360,2022_04_KC_TB,2022,4,RB,19.0,10.289451204645454,2
00-0036414,2022_04_LA_SF,2022,4,RB,8.0,10.657559518255464,2
00-0036875,2022_04_NE_GB,2022,4,RB,14.0,14.25383310400476,2
00-0036893,2022_04_NYJ_PIT,2022,4,RB,18.0,16.370076797940303,2
00-0036906,2022_04_CHI_NYG,2022,4,RB,19.0,20.053435631393228,2
00-0036973,2022_04_JAX_PHI,2022,4,RB,8.0,9.451512237301342,2
00-0036997,2022_04_DEN_LV,2022,4,RB,10.0,9.400933153174783,2
00-0037256,2022_04_KC_TB,2022,4,RB,3.0,7.822352732871024,2
00-0037258,2022_04_LAC_HOU,2022,4,RB,14.0,19.615059592584146,2
00-0037263,2022_04_CLE_ATL,2022,4,RB,10.0,8.509348351152088,2
00-0038120,2022_04_NYJ_PIT,2022,4,RB,17.0,11.590912322441397,2
00-0038134,2022_04_SEA_DET,2022,4,RB,8.0,8.208537367395454,2
00-0031376,2022_05_LV_KC,2022,5,RB,8.0,9.06274780014948,2
00-0031687,2022_05_MIA_NYJ,2022,5,RB,18.0,14.543912151318747,2
00-0032144,2022_05_IND_DEN,2022,5,RB,15.0,11.91839929173438,2
00-0032602,2022_05_TEN_WAS,2022,5,RB,0.0,5.559550425498123,2
00-0032764,2022_05_TEN_WAS,2022,5,RB,28.0,19.74404641717588,2
00-0033045,2022_05_DAL_LA,2022,5,RB,22.0,15.693691893254806,2
00-0033118,2022_05_CIN_BAL,2022,5,RB,4.0,10.800599667346786,2
00-0033280,2022_05_SF_CAR,2022,5,RB,14.0,16.514911329129163,2
00-0033293,2022_05_NYG_GB,2022,5,RB,13.0,16.212809344138297,2
00-0033553,2022_05_PHI_ARI,2022,5,RB,9.0,8.687516991327724,2
00-0033699,2022_05_LAC_CLE,2022,5,RB,16.0,11.110208506448846,2
00-0033856,2022_05_ATL_TB,2022,5,RB,14.0,15.130780332818798,2
00-0033893,2022_05_CHI_MIN,2022,5,RB,18.0,15.059985580393725,2
00-0033897,2022_05_CIN_BAL,2022,5,RB,14.0,16.577208908067227,2
00-0033906,2022_05_SEA_NO,2022,5,RB,23.0,16.40093131373955,2
00-0033923,2022_05_LAC_CLE,2022,5,RB,11.0,11.170107696659457,2
00-0034109,2022_05_IND_DEN,2022,5,RB,11.0,6.275297212720803,2
00-0034115,2022_05_SF_CAR,2022,5,RB,17.0,11.845820109464515,2
00-0034208,2022_05_IND_DEN,2022,5,RB,7.0,5.634729723975811,2
00-0034791,2022_05_LAC_CLE,2022,5,RB,17.0,15.731284073760579,2
00-0034844,2022_05_NYG_GB,2022,5,RB,13.0,18.12365538912053,2
00-0034972,2022_05_CHI_MIN,2022,5,RB,9.0,7.973570292994816,2
00-0035243,2022_05_PHI_ARI,2022,5,RB,15.0,18.961936040703932,2
00-0035250,2022_05_PIT_BUF,2022,5,RB,6.0,10.024557877070096,2
00-0035261,2022_05_DAL_LA,2022,5,RB,8.0,8.240858994835682,2
00-0035567,2022_05_DET_NE,2022,5,RB,6.0,9.9993552291975,2
00-0035664,2022_05_DAL_LA,2022,5,RB,0.0,11.85182271918456,2
00-0035685,2022_05_CHI_MIN,2022,5,RB,12.0,16.362149322240327,2
00-0035700,2022_05_LV_KC,2022,5,RB,21.0,18.208181217640718,2
00-0035726,2022_05_LV_KC,2022,5,RB,0.0,6.629416764419724,2
00-0035831,2022_05_HOU_JAX,2022,5,RB,10.0,13.03197113307313,2
00-0036158,2022_05_CIN_BAL,2022,5,RB,8.0,7.532183078924019,2
00-0036360,2022_05_LV_KC,2022,5,RB,9.0,9.257690992820363,2
00-0036370,2022_05_LAC_CLE,2022,5,RB,10.0,8.181015974096669,2
00-0036383,2022_05_PHI_ARI,2022,5,RB,8.0,7.618348871246742,2
00-0036493,2022_05_IND_DEN,2022,5,RB,13.0,12.611022711307482,2
00-0036875,2022_05_DET_NE,2022,5,RB,25.0,18.041770732976104,2
00-0036893,2022_05_PIT_BUF,2022,5,RB,11.0,12.84091585438641,2
00-0036973,2022_05_HOU_JAX,2022,5,RB,10.0,9.885383604866025,2
00-0037228,2022_05_PIT_BUF,2022,5,RB,5.0,7.721701686598626,2
00-0037256,2022_05_ATL_TB,2022,5,RB,5.0,6.733252097936704,2
00-0037258,2022_05_HOU_JAX,2022,5,RB,26.0,19.253351418735548,2
00-0037263,2022_05_ATL_TB,2022,5,RB,13.0,12.719728373781598,2
00-0037456,2022_05_HOU_JAX,2022,5,RB,0.0,6.810254634814911,2
00-0038120,2022_05_MIA_NYJ,2022,5,RB,18.0,13.530316217287318,2
00-0038134,2022_05_SEA_NO,2022,5,RB,8.0,12.416481491230961,2
00-0030513,2022_06_DEN_LAC,2022,6,RB,15.0,12.715890693625335,2
00-0031376,2022_06_BUF_KC,2022,6,RB,2.0,9.11335700762111,2
00-0031687,2022_06_MIN_MIA,2022,6,RB,14.0,14.6284453291341,2
00-0033045,2022_06_DAL_PHI,2022,6,RB,13.0,16.15656043168635,2
00-0033118,2022_06_BAL_NYG,2022,6,RB,10.0,11.48896443511966,2
00-0033280,2022_06_CAR_LA,2022,6,RB,13.0,16.137842170831295,2
00-0033293,2022_06_NYJ_GB,2022,6,RB,9.0,13.378726253924505,2
00-0033699,2022_06_DEN_LAC,2022,6,RB,14.0,12.972236153519752,2
00-0033856,2022_06_TB_PIT,2022,6,RB,21.0,16.10156886128085,2
00-0033893,2022_06_MIN_MIA,2022,6,RB,13.0,19.084715579355326,2
00-0033897,2022_06_CIN_NO,2022,6,RB,8.0,17.410645141306137,2
00-0033906,2022_06_CIN_NO,2022,6,RB,19.0,16.888926893777214,2
00-0033923,2022_06_NE_CLE,2022,6,RB,4.0,10.8747159769874,2
00-0034115,2022_06_SF_ATL,2022,6,RB,7.0,11.317484660128981,2
00-0034208,2022_06_DEN_LAC,2022,6,RB,1.0,5.039008580088515,2
00-0034681,2022_06_MIN_MIA,2022,6,RB,2.0,6.644119084862785,2
00-0034791,2022_06_NE_CLE,2022,6,RB,12.0,15.431302090228673,2
00-0034844,2022_06_BAL_NYG,2022,6,RB,22.0,18.524054736507626,2
00-0035243,2022_06_DAL_PHI,2022,6,RB,18.0,17.08185950507503,2
00-0035250,2022_06_BUF_KC,2022,6,RB,17.0,14.600196785793297,2
00-0035261,2022_06_DAL_PHI,2022,6,RB,11.0,8.655764136307742,2
00-0035664,2022_06_CAR_LA,2022,6,RB,12.0,13.308026561714833,2
00-0035685,2022_06_WAS_CHI,2022,6,RB,15.0,16.093174943493718,2
00-0035831,2022_06_JAX_IND,2022,6,RB,12.0,12.319834208629024,2
00-0036265,2022_06_NYJ_GB,2022,6,RB,10.0,14.244010759612065,2
00-0036360,2022_06_BUF_KC,2022,6,RB,9.0,8.98262411026107,2
00-0036383,2022_06_ARI_SEA,2022,6,RB,15.0,14.699155096900384,2
00-0036425,2022_06_ARI_SEA,2022,6,RB,2.0,7.999568332553314,2
00-0036493,2022_06_JAX_IND,2022,6,RB,12.0,15.368878866010848,2
00-0036829,2022_06_SF_ATL,2022,6,RB,16.0,8.129598552683245,2
00-0036875,2022_06_NE_CLE,2022,6,RB,19.0,21.53301256968844,2
00-0036893,2022_06_TB_PIT,2022,6,RB,14.0,16.611149819663602,2
00-0036973,2022_06_JAX_IND,2022,6,RB,10.0,8.606250320132133,2
00-0037263,2022_06_SF_ATL,2022,6,RB,15.0,12.701490402120363,2
00-0037746,2022_06_WAS_CHI,2022,6,RB,17.0,9.39820272328154,2
00-0038120,2022_06_NYJ_GB,2022,6,RB,20.0,14.87933046870021,2
00-0038134,2022_06_ARI_SEA,2022,6,RB,21.0,13.581109444285147,2
00-0030288,2022_07_HOU_LV,2022,7,RB,2.0,4.969669213517999,2
00-0030513,2022_07_NYJ_DEN,2022,7,RB,8.0,11.034149743555826,2
00-0031376,2022_07_KC_SF,2022,7,RB,2.0,6.635233800116603,2
00-0031687,2022_07_PIT_MIA,2022,7,RB,16.0,15.476523492961068,2
00-0032144,2022_07_NYJ_DEN,2022,7,RB,11.0,11.842390627477467,2
00-0032764,2022_07_IND_TEN,2022,7,RB,30.0,23.750338077030662,2
00-0033045,2022_07_DET_DAL,2022,7,RB,15.0,14.315612531146176,2
00-0033293,2022_07_GB_WAS,2022,7,RB,8.0,16.86819534244917,2
00-0033699,2022_07_SEA_LAC,2022,7,RB,9.0,15.54267328015921,2
00-0033856,2022_07_TB_CAR,2022,7,RB,8.0,12.963474465833865,2
00-0033897,2022_07_ATL_CIN,2022,7,RB,17.0,16.11366290258894,2
00-0033906,2022_07_NO_ARI,2022,7,RB,11.0,16.16651874765653,2
00-0033923,2022_07_CLE_BAL,2022,7,RB,5.0,9.741975034815932,2
00-0033925,2022_07_TB_CAR,2022,7,RB,15.0,10.685664838811196,2
00-0033948,2022_07_DET_DAL,2022,7,RB,15.0,13.638381480364345,2
00-0034115,2022_07_KC_SF,2022,7,RB,7.0,10.082455656303008,2
00-0034184,2022_07_CLE_BAL,2022,7,RB,16.0,7.704627096503663,2
00-0034367,2022_07_IND_TEN,2022,7,RB,4.0,4.517154094593285,2
00-0034791,2022_07_CLE_BAL,2022,7,RB,16.0,16.21841229775136,2
00-0034844,2022_07_NYG_JAX,2022,7,RB,24.0,18.644153172417496,2
00-0035261,2022_07_DET_DAL,2022,7,RB,12.0,14.020738086038717,2
00-0035567,2022_07_DET_DAL,2022,7,RB,4.0,7.904901598298075,2
00-0035685,2022_07_CHI_NE,2022,7,RB,15.0,13.326393111070436,2
00-0035700,2022_07_HOU_LV,2022,7,RB,20.0,19.758413250640956,2
00-0036223,2022_07_IND_TEN,2022,7,RB,10.0,16.751001750931703,2
00-0036328,2022_07_GB_WAS,2022,7,RB,10.0,9.37854927464998,2
00-0036383,2022_07_NO_ARI,2022,7,RB,12.0,13.534998958202385,2
00-0036555,2022_07_TB_CAR,2022,7,RB,9.0,8.348489193507053,2
00-0036875,2022_07_CHI_NE,2022,7,RB,11.0,21.58843904073229,2
00-0036893,2022_07_PIT_MIA,2022,7,RB,17.0,16.12373535832901,2
00-0036906,2022_07_CHI_NE,2022,7,RB,12.0,14.749100418881305,2
00-0036973,2022_07_NYG_JAX,2022,7,RB,14.0,15.877422961187802,2
00-0037256,2022_07_TB_CAR,2022,7,RB,6.0,6.19007649427347,2
00-0037258,2022_07_HOU_LV,2022,7,RB,20.0,13.708618884461067,2
00-0037263,2022_07_ATL_CIN,2022,7,RB,16.0,14.577087449403901,2
00-0037746,2022_07_GB_WAS,2022,7,RB,20.0,12.949293107924325,2
00-0038134,2022_07_SEA_LAC,2022,7,RB,23.0,18.037843597298753,2
00-0030513,2022_08_DEN_JAX,2022,8,RB,14.0,12.114987400366047,2
00-0031687,2022_08_MIA_DET,2022,8,RB,14.0,13.264416951345346,2
00-0032104,2022_08_LV_NO,2022,8,RB,0.0,6.809366686271067,2
00-0032144,2022_08_DEN_JAX,2022,8,RB,9.0,12.874514908088388,2
00-0032602,2022_08_WAS_IND,2022,8,RB,2.0,4.038972336487706,2
00-0032764,2022_08_TEN_HOU,2022,8,RB,32.0,23.6839060710003,2
00-0033118,2022_08_BAL_TB,2022,8,RB,7.0,13.22714398963996,2
00-0033280,2022_08_SF_LA,2022,8,RB,18.0,15.974014644072104,2
00-0033293,2022_08_GB_BUF,2022,8,RB,20.0,13.336544121412194,2
00-0033856,2022_08_BAL_TB,2022,8,RB,9.0,15.681597377206801,2
00-0033893,2022_08_ARI_MIN,2022,8,RB,20.0,18.64254579402929,2
00-0033897,2022_08_CIN_CLE,2022,8,RB,8.0,16.954959482921538,2
00-0033906,2022_08_LV_NO,2022,8,RB,18.0,16.142920952991677,2
00-0033923,2022_08_CIN_CLE,2022,8,RB,11.0,9.580509732578104,2
00-0033925,2022_08_CAR_ATL,2022,8,RB,26.0,17.698608499428865,2
00-0033948,2022_08_MIA_DET,2022,8,RB,10.0,11.263841084132281,2
00-0034115,2022_08_SF_LA,2022,8,RB,4.0,11.172748682759547,2
00-0034367,2022_08_WAS_IND,2022,8,RB,5.0,4.734017998206282,2
00-0034791,2022_08_CIN_CLE,2022,8,RB,23.0,14.881598671572503,2
00-0034844,2022_08_NYG_SEA,2022,8,RB,20.0,19.788045601755837,2
00-0035243,2022_08_PIT_PHI,2022,8,RB,9.0,14.666269802374769,2
00-0035250,2022_08_GB_BUF,2022,8,RB,14.0,14.49500722937311,2
00-0035261,2022_08_CHI_DAL,2022,8,RB,14.0,11.157761181213411,2
00-0035657,2022_08_NE_NYJ,2022,8,RB,11.0,12.07038961843777,2
00-0035664,2022_08_SF_LA,2022,8,RB,4.0,7.560550215522079,2
00-0035685,2022_08_CHI_DAL,2022,8,RB,15.0,16.752943628135775,2
00-0035700,2022_08_LV_NO,2022,8,RB,10.0,15.847314184328301,2
00-0036223,2022_08_WAS_IND,2022,8,RB,16.0,18.42509603853658,2
00-0036265,2022_08_GB_BUF,2022,8,RB,10.0,12.302165010302534,2
00-0036275,2022_08_MIA_DET,2022,8,RB,5.0,10.973344038570861,2
00-0036328,2022_08_WAS_IND,2022,8,RB,7.0,9.641751420717338,2
00-0036383,2022_08_ARI_MIN,2022,8,RB,9.0,14.013391668196844,2
00-0036829,2022_08_CAR_ATL,2022,8,RB,16.0,10.775979380706218,2
00-0036875,2022_08_NE_NYJ,2022,8,RB,16.0,17.833668198701837,2
00-0036893,2022_08_PIT_PHI,2022,8,RB,8.0,16.071028889307183,2
00-0036973,2022_08_DEN_JAX,2022,8,RB,24.0,16.82837994470181,2
00-0037258,2022_08_TEN_HOU,2022,8,RB,15.0,19.367820467314267,2
00-0037263,2022_08_CAR_ATL,2022,8,RB,14.0,14.48378825681538,2
00-0037557,2022_08_SF_LA,2022,8,RB,8.0,6.510373814921298,2
00-0038134,2022_08_NYG_SEA,2022,8,RB,18.0,20.173975754161553,2
00-0030578,2022_09_LAC_ATL,2022,9,RB,13.0,12.188220325061431,2
00-0031376,2022_09_TEN_KC,2022,9,RB,3.0,8.314329811582091,2
00-0031687,2022_09_MIA_CHI,2022,9,RB,9.0,11.070671599304367,2
00-0032764,2022_09_TEN_KC,2022,9,RB,17.0,19.992855753507463,2
00-0033118,2022_09_BAL_NO,2022,9,RB,24.0,13.50077338172878,2
00-0033293,2022_09_GB_DET,2022,9,RB,9.0,10.81450245816539,2
00-0033526,2022_09_CAR_CIN,2022,9,RB,6.0,10.323721805092474,2
00-0033553,2022_09_SEA_ARI,2022,9,RB,7.0,14.882910624374505,2
00-0033699,2022_09_LAC_ATL,2022,9,RB,14.0,13.181254580204824,2
00-0033856,2022_09_LA_TB,2022,9,RB,9.0,14.055381535445957,2
00-0033893,2022_09_MIN_WAS,2022,9,RB,17.0,19.566660875534843,2
00-0033897,2022_09_CAR_CIN,2022,9,RB,22.0,14.808118160696456,2
00-0033906,2022_09_BAL_NO,2022,9,RB,9.0,16.560392749293236,2
00-0033925,2022_09_CAR_CIN,2022,9,RB,7.0,14.978619129767383,2
00-0033948,2022_09_GB_DET,2022,9,RB,24.0,16.85264024254912,2
00-0034115,2022_09_MIA_CHI,2022,9,RB,9.0,9.606240312126676,2
00-0035243,2022_09_PHI_HOU,2022,9,RB,17.0,16.048189191511234,2
00-0035250,2022_09_BUF_NYJ,2022,9,RB,8.0,14.626562203547925,2
00-0035664,2022_09_LA_TB,2022,9,RB,12.0,8.877104614516103,2
00-0035685,2022_09_MIA_CHI,2022,9,RB,14.0,16.571417819844058,2
00-0035700,2022_09_LV_JAX,2022,9,RB,17.0,18.33662404280002,2
00-0035831,2022_09_BUF_NYJ,2022,9,RB,13.0,10.976384944111903,2
00-0036265,2022_09_GB_DET,2022,9,RB,11.0,18.879160396988986,2
00-0036328,2022_09_MIN_WAS,2022,9,RB,11.0,12.126937044274012,2
00-0036493,2022_09_IND_NE,2022,9,RB,11.0,13.384929508490817,2
00-0036875,2022_09_IND_NE,2022,9,RB,15.0,21.250284755389668,2
00-0036973,2022_09_LV_JAX,2022,9,RB,28.0,17.339783532924436,2
00-0037256,2022_09_LA_TB,2022,9,RB,8.0,5.691315010445975,2
00-0037258,2022_09_PHI_HOU,2022,9,RB,27.0,17.232584560640902,2
00-0037263,2022_09_LAC_ATL,2022,9,RB,10.0,11.547205347114886,2
00-0037429,2022_09_CAR_CIN,2022,9,RB,5.0,6.065578935697613,2
00-0037746,2022_09_MIN_WAS,2022,9,RB,13.0,13.51805484921377,2
00-0038134,2022_09_SEA_ARI,2022,9,RB,26.0,19.894439109424418,2
00-0030578,2022_10_ATL_CAR,2022,10,RB,5.0,12.179829156500846,2
00-0031376,2022_10_JAX_KC,2022,10,RB,1.0,4.933568443944241,2
00-0032144,2022_10_DEN_TEN,2022,10,RB,7.0,11.12317667364554,2
00-0032764,2022_10_DEN_TEN,2022,10,RB,19.0,21.620606635934244,2
00-0033280,2022_10_LAC_SF,2022,10,RB,14.0,13.797094370039051,2
00-0033293,2022_10_DAL_GB,2022,10,RB,24.0,15.999848840836012,2
00-0033553,2022_10_ARI_LA,2022,10,RB,21.0,15.743557696819416,2
00-0033699,2022_10_LAC_SF,2022,10,RB,6.0,12.360899423088117,2
00-0033893,2022_10_MIN_BUF,2022,10,RB,14.0,16.9887786348746,2
00-0033906,2022_10_NO_PIT,2022,10,RB,8.0,16.950739940033728,2
00-0033923,2022_10_CLE_MIA,2022,10,RB,6.0,7.897117225161697,2
00-0033925,2022_10_ATL_CAR,2022,10,RB,31.0,18.13942321695349,2
00-0033948,2022_10_DET_CHI,2022,10,RB,16.0,12.516730294382311,2
00-0034115,2022_10_CLE_MIA,2022,10,RB,17.0,9.284000912870685,2
00-0034253,2022_10_DEN_TEN,2022,10,RB,1.0,7.845742944511165,2
00-0034791,2022_10_CLE_MIA,2022,10,RB,11.0,14.932410075581124,2
00-0034844,2022_10_HOU_NYG,2022,10,RB,35.0,19.16930185930623,2
00-0035243,2022_10_WAS_PHI,2022,10,RB,12.0,16.33034878834667,2
00-0035250,2022_10_MIN_BUF,2022,10,RB,13.0,13.78508526142057,2
00-0035261,2022_10_DAL_GB,2022,10,RB,22.0,16.44725379783148,2
00-0035664,2022_10_ARI_LA,2022,10,RB,6.0,10.692054586885275,2
00-0035685,2022_10_DET_CHI,2022,10,RB,9.0,16.217186714411362,2
00-0035700,2022_10_IND_LV,2022,10,RB,21.0,20.048896390095358,2
00-0036223,2022_10_IND_LV,2022,10,RB,22.0,18.922534597038492,2
00-0036265,2022_10_DAL_GB,2022,10,RB,13.0,8.750949666982443,2
00-0036328,2022_10_WAS_PHI,2022,10,RB,14.0,11.179355967357695,2
00-0036567,2022_10_LAC_SF,2022,10,RB,18.0,7.849391757166268,2
00-0036893,2022_10_NO_PIT,2022,10,RB,20.0,12.690234062981432,2
00-0036906,2022_10_DET_CHI,2022,10,RB,10.0,11.698652632304197,2
00-0036973,2022_10_JAX_KC,2022,10,RB,11.0,17.872512171290808,2
00-0037197,2022_10_JAX_KC,2022,10,RB,16.0,11.942612259392247,2
00-0037228,2022_10_NO_PIT,2022,10,RB,9.0,6.77210951451212,2
00-0037256,2022_10_SEA_TB,2022,10,RB,22.0,11.089536459337262,2
00-0037258,2022_10_HOU_NYG,2022,10,RB,17.0,19.448313596473916,2
00-0037263,2022_10_ATL_CAR,2022,10,RB,8.0,12.332234087438922,2
00-0037746,2022_10_WAS_PHI,2022,10,RB,26.0,14.464802210149207,2
00-0038134,2022_10_SEA_TB,2022,10,RB,10.0,20.603396716017382,2
00-0030513,2022_11_LV_DEN,2022,11,RB,17.0,12.554621311360343,2
00-0030578,2022_11_CHI_ATL,2022,11,RB,10.0,13.269996305621339,2
00-0031376,2022_11_KC_LAC,2022,11,RB,6.0,6.0254827484168425,2
00-0032144,2022_11_LV_DEN,2022,11,RB,8.0,10.143680478471644,2
00-0032764,2022_11_TEN_GB,2022,11,RB,28.0,23.061367049410674,2
00-0033118,2022_11_CAR_BAL,2022,11,RB,10.0,13.352956326314477,2
00-0033280,2022_11_SF_ARI,2022,11,RB,7.0,12.851592749831243,2
00-0033293,2022_11_TEN_GB,2022,11,RB,12.0,15.20483352017582,2
00-0033526,2022_11_CIN_PIT,2022,11,RB,11.0,13.276680150457793,2
00-0033553,2022_11_SF_ARI,2022,11,RB,14.0,15.991887893005078,2
00-0033699,2022_11_KC_LAC,2022,11,RB,19.0,13.874173303455416,2
00-0033893,2022_11_DAL_MIN,2022,11,RB,11.0,14.997872415565435,2
00-0033906,2022_11_LA_NO,2022,11,RB,12.0,15.03141552052438,2
00-0033923,2022_11_CLE_BUF,2022,11,RB,5.0,8.847602143554148,2
00-0033925,2022_11_CAR_BAL,2022,11,RB,11.0,12.475322888409549,2
00-0033948,2022_11_DET_NYG,2022,11,RB,17.0,14.80360342481809,2
00-0034440,2022_11_DET_NYG,2022,11,RB,9.0,6.327764303569567,2
00-0034791,2022_11_CLE_BUF,2022,11,RB,14.0,16.320265952964995,2
00-0034844,2022_11_DET_NYG,2022,11,RB,15.0,19.408773908339484,2
00-0034975,2022_11_CAR_BAL,2022,11,RB,7.0,7.442110070709614,2
00-0035243,2022_11_PHI_IND,2022,11,RB,13.0,17.444499956741108,2
00-0035250,2022_11_CLE_BUF,2022,11,RB,18.0,12.894394927290032,2
00-0035261,2022_11_DAL_MIN,2022,11,RB,15.0,11.643721770977102,2
00-0035685,2022_11_CHI_ATL,2022,11,RB,17.0,17.03074518590123,2
00-0035700,2022_11_LV_DEN,2022,11,RB,24.0,19.09858085261763,2
00-0036223,2022_11_PHI_IND,2022,11,RB,22.0,18.966529755900055,2
00-0036265,2022_11_TEN_GB,2022,11,RB,6.0,11.909492391603369,2
00-0036328,2022_11_WAS_HOU,2022,11,RB,18.0,14.89527925016791,2
00-0036414,2022_11_LA_NO,2022,11,RB,14.0,10.105755701361396,2
00-0036555,2022_11_CAR_BAL,2022,11,RB,4.0,9.010040432523791,2
00-0036875,2022_11_NYJ_NE,2022,11,RB,15.0,19.621766288580222,2
00-0036893,2022_11_CIN_PIT,2022,11,RB,20.0,16.68115157800993,2
00-0037197,2022_11_KC_LAC,2022,11,RB,15.0,11.569135203878753,2
00-0037258,2022_11_WAS_HOU,2022,11,RB,10.0,18.99531410692008,2
00-0037263,2022_11_CHI_ATL,2022,11,RB,8.0,14.08715721527934,2
00-0037746,2022_11_WAS_HOU,2022,11,RB,15.0,12.292104862170524,2
00-0037840,2022_11_LA_NO,2022,11,RB,7.0,10.613469038004146,2
00-0030513,2022_12_DEN_CAR,2022,12,RB,13.0,17.33243603988199,2
00-0030578,2022_12_ATL_WAS,2022,12,RB,11.0,14.577647315232575,2
00-0031376,2022_12_LA_KC,2022,12,RB,0.0,3.890650331791189,2
00-0032764,2022_12_CIN_TEN,2022,12,RB,17.0,19.78712367651006,2
00-0033045,2022_12_NYG_DAL,2022,12,RB,16.0,14.65200191409121,2
00-0033280,2022_12_NO_SF,2022,12,RB,11.0,11.091144463805481,2
00-0033293,2022_12_GB_PHI,2022,12,RB,12.0,15.608711749858374,2
00-0033526,2022_12_CIN_TEN,2022,12,RB,17.0,13.158631846140109,2
00-0033553,2022_12_LAC_ARI,2022,12,RB,25.0,16.66362282455376,2
00-0033699,2022_12_LAC_ARI,2022,12,RB,5.0,13.24073424478739,2
00-0033893,2022_12_NE_MIN,2022,12,RB,22.0,17.786607486283586,2
00-0033906,2022_12_NO_SF,2022,12,RB,7.0,15.335579508382743,2
00-0033923,2022_12_TB_CLE,2022,12,RB,5.0,8.060982953464803,2
00-0033925,2022_12_DEN_CAR,2022,12,RB,24.0,15.117857268384034,2
00-0033948,2022_12_BUF_DET,2022,12,RB,18.0,13.984704741732934,2
00-0034115,2022_12_HOU_MIA,2022,12,RB,13.0,9.379742093384365,2
00-0034184,2022_12_BAL_JAX,2022,12,RB,16.0,14.773277668351838,2
00-0034253,2022_12_CIN_TEN,2022,12,RB,2.0,5.480295077748169,2
00-0034791,2022_12_TB_CLE,2022,12,RB,26.0,17.08649937429535,2
00-0034844,2022_12_NYG_DAL,2022,12,RB,11.0,18.885689532307776,2
00-0035217,2022_12_PIT_IND,2022,12,RB,12.0,9.576001518727178,2
00-0035243,2022_12_GB_PHI,2022,12,RB,21.0,14.508588048346638,2
00-0035250,2022_12_BUF_DET,2022,12,RB,14.0,15.31919770704651,2
00-0035261,2022_12_NYG_DAL,2022,12,RB,18.0,11.9410278430537,2
00-0035311,2022_12_HOU_MIA,2022,12,RB,6.0,6.154051211269239,2
00-0035685,2022_12_CHI_NYJ,2022,12,RB,14.0,15.378613219271594,2
00-0035700,2022_12_LV_SEA,2022,12,RB,33.0,19.751020260605394,2
00-0035806,2022_12_BAL_JAX,2022,12,RB,12.0,14.774323324145328,2
00-0036223,2022_12_PIT_IND,2022,12,RB,20.0,20.124624888955978,2
00-0036265,2022_12_GB_PHI,2022,12,RB,8.0,10.870516528747054,2
00-0036275,2022_12_BUF_DET,2022,12,RB,5.0,7.26288904294671,2
00-0036328,2022_12_ATL_WAS,2022,12,RB,9.0,10.142742778159118,2
00-0036555,2022_12_DEN_CAR,2022,12,RB,17.0,6.812260517632397,2
00-0036875,2022_12_NE_MIN,2022,12,RB,7.0,18.126161513175866,2
00-0036919,2022_12_GB_PHI,2022,12,RB,8.0,6.2930295744812,2
00-0037157,2022_12_CHI_NYJ,2022,12,RB,14.0,9.451700596714783,2
00-0037197,2022_12_LA_KC,2022,12,RB,22.0,14.47831319768097,2
00-0037256,2022_12_TB_CLE,2022,12,RB,14.0,14.516911622526884,2
00-0037258,2022_12_HOU_MIA,2022,12,RB,5.0,14.692546865046634,2
00-0037263,2022_12_ATL_WAS,2022,12,RB,11.0,11.019671149698693,2
00-0037746,2022_12_ATL_WAS,2022,12,RB,18.0,14.62630237327902,2
00-0037840,2022_12_LA_KC,2022,12,RB,11.0,12.378178855090395,2
00-0038134,2022_12_LV_SEA,2022,12,RB,14.0,17.942371561106285,2
00-0027966,2022_13_NO_TB,2022,13,RB,7.0,10.16536374486339,2
00-0030513,2022_13_DEN_BAL,2022,13,RB,17.0,15.998265464727655,2
00-0030578,2022_13_PIT_ATL,2022,13,RB,11.0,11.01474801060266,2
00-0031376,2022_13_KC_CIN,2022,13,RB,8.0,4.890341579129881,2
00-0031687,2022_13_MIA_SF,2022,13,RB,7.0,13.006043616478683,2
00-0032764,2022_13_TEN_PHI,2022,13,RB,11.0,19.437950786762126,2
00-0033045,2022_13_IND_DAL,2022,13,RB,17.0,15.525007680901734,2
00-0033118,2022_13_DEN_BAL,2022,13,RB,7.0,11.891461073844635,2
00-0033280,2022_13_MIA_SF,2022,13,RB,17.0,14.010157524773401,2
00-0033293,2022_13_GB_CHI,2022,13,RB,9.0,9.548264198819574,2
00-0033526,2022_13_KC_CIN,2022,13,RB,21.0,14.822467385224599,2
00-0033699,2022_13_LAC_LV,2022,13,RB,10.0,10.764081356027946,2
00-0033856,2022_13_NO_TB,2022,13,RB,10.0,12.870976425355703,2
00-0033893,2022_13_NYJ_MIN,2022,13,RB,20.0,18.68211258786946,2
00-0033906,2022_13_NO_TB,2022,13,RB,12.0,12.990296707917418,2
00-0033923,2022_13_CLE_HOU,2022,13,RB,9.0,7.696819288113603,2
00-0034115,2022_13_MIA_SF,2022,13,RB,1.0,8.1379821068427,2
00-0034253,2022_13_TEN_PHI,2022,13,RB,1.0,4.675423077711873,2
00-0034791,2022_13_CLE_HOU,2022,13,RB,17.0,15.618844872724267,2
00-0034844,2022_13_WAS_NYG,2022,13,RB,18.0,19.045729747948517,2
00-0035243,2022_13_TEN_PHI,2022,13,RB,10.0,14.590918902129731,2
00-0035250,2022_13_BUF_NE,2022,13,RB,13.0,9.984188201817329,2
00-0035261,2022_13_IND_DAL,2022,13,RB,12.0,11.070343062377933,2
00-0035685,2022_13_GB_CHI,2022,13,RB,14.0,16.689934284293024,2
00-0035700,2022_13_LAC_LV,2022,13,RB,26.0,18.365888718765113,2
00-0035860,2022_13_SEA_LA,2022,13,RB,7.0,4.332575926896732,2
00-0036223,2022_13_IND_DAL,2022,13,RB,21.0,19.408350775642578,2
00-0036265,2022_13_GB_CHI,2022,13,RB,18.0,14.740240805305543,2
00-0036275,2022_13_JAX_DET,2022,13,RB,14.0,8.186286354037637,2
00-0036328,2022_13_WAS_NYG,2022,13,RB,9.0,11.077110761833469,2
00-0036370,2022_13_LAC_LV,2022,13,RB,7.0,10.390977246667106,2
00-0036414,2022_13_SEA_LA,2022,13,RB,17.0,16.79862692932143,2
00-0036425,2022_13_SEA_LA,2022,13,RB,10.0,6.864276163761129,2
00-0036654,2022_13_CLE_HOU,2022,13,RB,0.0,10.824720706547591,2
00-0036875,2022_13_BUF_NE,2022,13,RB,10.0,19.248512281083723,2
00-0036893,2022_13_PIT_ATL,2022,13,RB,17.0,15.028341223364421,2
00-0036973,2022_13_JAX_DET,2022,13,RB,13.0,17.425250528813386,2
00-0037157,2022_13_NYJ_MIN,2022,13,RB,15.0,13.017492807041053,2
00-0037197,2022_13_KC_CIN,2022,13,RB,14.0,13.991322111684623,2
00-0037248,2022_13_BUF_NE,2022,13,RB,14.0,7.330530272641465,2
00-0037256,2022_13_NO_TB,2022,13,RB,9.0,9.274798127891444,2
00-0037258,2022_13_CLE_HOU,2022,13,RB,18.0,17.590929619987765,2
00-0037263,2022_13_PIT_ATL,2022,13,RB,10.0,12.553876579971659,2
00-0037746,2022_13_WAS_NYG,2022,13,RB,21.0,12.477657907290151,2
00-0030513,2022_14_KC_DEN,2022,14,RB,8.0,12.704032667613701,2
00-0031376,2022_14_KC_DEN,2022,14,RB,6.0,7.745962102531275,2
00-0031687,2022_14_MIA_LAC,2022,14,RB,11.0,16.175083123470518,2
00-0032764,2022_14_JAX_TEN,2022,14,RB,17.0,21.529835312443815,2
00-0033045,2022_14_HOU_DAL,2022,14,RB,15.0,15.549748063554325,2
00-0033280,2022_14_TB_SF,2022,14,RB,14.0,13.186910600887188,2
00-0033308,2022_14_PHI_NYG,2022,14,RB,3.0,6.3765470647651075,2
00-0033526,2022_14_CLE_CIN,2022,14,RB,4.0,10.631138822701342,2
00-0033553,2022_14_NE_ARI,2022,14,RB,15.0,16.295168979258477,2
00-0033699,2022_14_MIA_LAC,2022,14,RB,15.0,10.782455848922012,2
00-0033856,2022_14_TB_SF,2022,14,RB,4.0,10.34316017412793,2
00-0033893,2022_14_MIN_DET,2022,14,RB,15.0,19.120778402858022,2
00-0033897,2022_14_CLE_CIN,2022,14,RB,14.0,14.108096568958466,2
00-0033923,2022_14_CLE_CIN,2022,14,RB,4.0,6.580921354313472,2
00-0033925,2022_14_CAR_SEA,2022,14,RB,21.0,15.774140118494952,2
00-0033948,2022_14_MIN_DET,2022,14,RB,16.0,12.266083638882677,2
00-0034115,2022_14_MIA_LAC,2022,14,RB,4.0,10.865299842080319,2
00-0034184,2022_14_BAL_PIT,2022,14,RB,13.0,10.929080134987105,2
00-0034791,2022_14_CLE_CIN,2022,14,RB,14.0,18.46661204398118,2
00-0035243,2022_14_PHI_NYG,2022,14,RB,17.0,18.198651524703898,2
00-0035250,2022_14_NYJ_BUF,2022,14,RB,8.0,11.479188913746263,2
00-0035261,2022_14_HOU_DAL,2022,14,RB,10.0,13.597368637813346,2
00-0035594,2022_14_CAR_SEA,2022,14,RB,9.0,11.248981493421878,2
00-0035700,2022_14_LV_LA,2022,14,RB,27.0,18.647066490690367,2
00-0035726,2022_14_LV_LA,2022,14,RB,0.0,2.699590105617551,2
00-0036158,2022_14_BAL_PIT,2022,14,RB,15.0,9.575372953363166,2
00-0036275,2022_14_MIN_DET,2022,14,RB,6.0,7.593809606498089,2
00-0036370,2022_14_MIA_LAC,2022,14,RB,4.0,9.793309138720456,2
00-0036414,2022_14_LV_LA,2022,14,RB,12.0,11.925331473617565,2
00-0036893,2022_14_BAL_PIT,2022,14,RB,12.0,14.289226365105682,2
00-0036973,2022_14_JAX_TEN,2022,14,RB,17.0,16.75243164982303,2
00-0037157,2022_14_NYJ_BUF,2022,14,RB,17.0,12.104646506730099,2
00-0037197,2022_14_KC_DEN,2022,14,RB,13.0,14.70695613347106,2
00-0037228,2022_14_BAL_PIT,2022,14,RB,3.0,6.426736312711817,2
00-0037248,2022_14_NYJ_BUF,2022,14,RB,4.0,9.64960711976704,2
00-0037256,2022_14_TB_SF,2022,14,RB,13.0,8.86582331285871,2
00-0037258,2022_14_HOU_DAL,2022,14,RB,22.0,15.771103406522704,2
00-0037286,2022_14_NE_ARI,2022,14,RB,8.0,9.7760921297957,2
00-0030513,2022_15_ARI_DEN,2022,15,RB,24.0,15.48490023747656,2
00-0030578,2022_15_ATL_NO,2022,15,RB,14.0,13.085936078739573,2
00-0031376,2022_15_KC_HOU,2022,15,RB,10.0,9.733458583327891,2
00-0031687,2022_15_MIA_BUF,2022,15,RB,17.0,16.24385604623895,2
00-0032764,2022_15_TEN_LAC,2022,15,RB,21.0,21.216709999261536,2
00-0033045,2022_15_DAL_JAX,2022,15,RB,16.0,13.929907805869139,2
00-0033280,2022_15_SF_SEA,2022,15,RB,26.0,15.129625118716055,2
00-0033293,2022_15_LA_GB,2022,15,RB,17.0,12.317323791743203,2
00-0033526,2022_15_CIN_TB,2022,15,RB,7.0,8.83914077823076,2
00-0033553,2022_15_ARI_DEN,2022,15,RB,16.0,16.575866978797904,2
00-0033699,2022_15_TEN_LAC,2022,15,RB,12.0,12.735073539270637,2
00-0033854,2022_15_KC_HOU,2022,15,RB,8.0,8.092422461618415,2
00-0033856,2022_15_CIN_TB,2022,15,RB,10.0,12.170759319288408,2
00-0033893,2022_15_IND_MIN,2022,15,RB,17.0,18.908204786921925,2
00-0033897,2022_15_CIN_TB,2022,15,RB,11.0,16.186062355249142,2
00-0033906,2022_15_ATL_NO,2022,15,RB,21.0,13.731594746549527,2
00-0034791,2022_15_BAL_CLE,2022,15,RB,21.0,18.574213173030785,2
00-0034838,2022_15_KC_HOU,2022,15,RB,11.0,7.6287319495657755,2
00-0034844,2022_15_NYG_WAS,2022,15,RB,18.0,18.621233984622855,2
00-0034975,2022_15_BAL_CLE,2022,15,RB,1.0,7.247940280260984,2
00-0035243,2022_15_PHI_CHI,2022,15,RB,11.0,15.938182524853021,2
00-0035250,2022_15_MIA_BUF,2022,15,RB,13.0,11.679707329668664,2
00-0035261,2022_15_DAL_JAX,2022,15,RB,19.0,13.09557392995234,2
00-0035685,2022_15_PHI_CHI,2022,15,RB,12.0,15.342414045431113,2
00-0035700,2022_15_NE_LV,2022,15,RB,22.0,18.99169613567284,2
00-0036158,2022_15_BAL_CLE,2022,15,RB,13.0,9.371793911580788,2
00-0036251,2022_15_IND_MIN,2022,15,RB,24.0,13.459086224496758,2
00-0036265,2022_15_LA_GB,2022,15,RB,11.0,11.15618520439087,2
00-0036275,2022_15_DET_NYJ,2022,15,RB,8.0,7.087442141992235,2
00-0036328,2022_15_NYG_WAS,2022,15,RB,5.0,12.45360808911865,2
00-0036370,2022_15_TEN_LAC,2022,15,RB,10.0,8.282550323659933,2
00-0036414,2022_15_LA_GB,2022,15,RB,12.0,17.332614092791683,2
00-0036555,2022_15_PIT_CAR,2022,15,RB,4.0,13.71490598765922,2
00-0036875,2022_15_NE_LV,2022,15,RB,19.0,18.059031184772866,2
00-0036893,2022_15_PIT_CAR,2022,15,RB,24.0,16.153570073581612,2
00-0036919,2022_15_PHI_CHI,2022,15,RB,3.0,7.4073804858122,2
00-0036973,2022_15_DAL_JAX,2022,15,RB,19.0,17.387129712149406,2
00-0037157,2022_15_DET_NYJ,2022,15,RB,13.0,13.652418534443568,2
00-0037197,2022_15_KC_HOU,2022,15,RB,15.0,14.091787541437439,2
00-0037228,2022_15_PIT_CAR,2022,15,RB,11.0,5.610557457793682,2
00-0037248,2022_15_MIA_BUF,2022,15,RB,5.0,6.518868663312603,2
00-0037256,2022_15_CIN_TB,2022,15,RB,11.0,8.29324031913719,2
00-0037263,2022_15_ATL_NO,2022,15,RB,17.0,12.683413493207707,2
00-0037745,2022_15_PHI_CHI,2022,15,RB,1.0,13.76745612496606,2
00-0037746,2022_15_NYG_WAS,2022,15,RB,12.0,12.277327350961267,2
00-0038134,2022_15_SF_SEA,2022,15,RB,12.0,19.932595464701183,2
00-0030513,2022_16_DEN_LA,2022,16,RB,8.0,12.640166291223803,2
00-0030578,2022_16_ATL_BAL,2022,16,RB,8.0,10.131572668254265,2
00-0031376,2022_16_SEA_KC,2022,16,RB,5.0,7.282839566842506,2
00-0031687,2022_16_GB_MIA,2022,16,RB,8.0,11.305309798505016,2
00-0032764,2022_16_HOU_TEN,2022,16,RB,23.0,25.62354858448228,2
00-0033045,2022_16_PHI_DAL,2022,16,RB,16.0,13.50573091076691,2
00-0033280,2022_16_WAS_SF,2022,16,RB,15.0,14.84988135359076,2
00-0033293,2022_16_GB_MIA,2022,16,RB,6.0,8.312703500008023,2
00-0033526,2022_16_CIN_NE,2022,16,RB,4.0,8.90347426905167,2
00-0033553,2022_16_TB_ARI,2022,16,RB,15.0,16.80838622573707,2
00-0033699,2022_16_LAC_IND,2022,16,RB,18.0,11.204678012779915,2
00-0033856,2022_16_TB_ARI,2022,16,RB,20.0,11.861328529360318,2
00-0033893,2022_16_NYG_MIN,2022,16,RB,14.0,18.2244579379591,2
00-0033897,2022_16_CIN_NE,2022,16,RB,16.0,13.416476301394292,2
00-0033906,2022_16_NO_CLE,2022,16,RB,20.0,16.17406794573044,2
00-0033923,2022_16_NO_CLE,2022,16,RB,7.0,7.945294530616871,2
00-0033925,2022_16_DET_CAR,2022,16,RB,21.0,14.689067661592704,2
00-0034115,2022_16_GB_MIA,2022,16,RB,9.0,10.08779397430368,2
00-0034184,2022_16_ATL_BAL,2022,16,RB,11.0,10.99926950707049,2
00-0034681,2022_16_DEN_LA,2022,16,RB,6.0,5.870373088734897,2
00-0034791,2022_16_NO_CLE,2022,16,RB,24.0,15.333897878967905,2
00-0034838,2022_16_HOU_TEN,2022,16,RB,16.0,12.769036065871845,2
00-0034844,2022_16_NYG_MIN,2022,16,RB,14.0,18.93971934416606,2
00-0035243,2022_16_PHI_DAL,2022,16,RB,21.0,14.327104992621246,2
00-0035250,2022_16_BUF_CHI,2022,16,RB,12.0,12.989170650690589,2
00-0035261,2022_16_PHI_DAL,2022,16,RB,9.0,11.890342370205397,2
00-0035685,2022_16_BUF_CHI,2022,16,RB,16.0,15.312876031747255,2
00-0035700,2022_16_LV_PIT,2022,16,RB,15.0,19.564470567666277,2
00-0036158,2022_16_ATL_BAL,2022,16,RB,12.0,12.190601820724163,2
00-0036251,2022_16_LAC_IND,2022,16,RB,12.0,16.89410140311292,2
00-0036265,2022_16_GB_MIA,2022,16,RB,11.0,15.731562401045082,2
00-0036275,2022_16_DET_CAR,2022,16,RB,4.0,9.739762003697372,2
00-0036370,2022_16_LAC_IND,2022,16,RB,9.0,7.275209583079392,2
00-0036414,2022_16_DEN_LA,2022,16,RB,23.0,17.76683105383251,2
00-0036425,2022_16_SEA_KC,2022,16,RB,2.0,7.419008496008743,2
00-0036555,2022_16_DET_CAR,2022,16,RB,12.0,8.372361919106549,2
00-0036875,2022_16_CIN_NE,2022,16,RB,13.0,19.731876261134342,2
00-0036893,2022_16_LV_PIT,2022,16,RB,16.0,17.579047665100042,2
00-0036906,2022_16_BUF_CHI,2022,16,RB,6.0,15.26565139409811,2
00-0036919,2022_16_PHI_DAL,2022,16,RB,4.0,6.154387677680364,2
00-0036973,2022_16_JAX_NYJ,2022,16,RB,22.0,17.767456536817832,2
00-0037157,2022_16_JAX_NYJ,2022,16,RB,6.0,12.562839515996053,2
00-0037197,2022_16_SEA_KC,2022,16,RB,14.0,14.367433239639649,2
00-0037248,2022_16_BUF_CHI,2022,16,RB,11.0,6.659696527568523,2
00-0037256,2022_16_TB_ARI,2022,16,RB,7.0,8.465986874266854,2
00-0037263,2022_16_ATL_BAL,2022,16,RB,18.0,13.946391466746178,2
00-0037745,2022_16_BUF_CHI,2022,16,RB,0.0,3.8923347381946485,2
00-0037746,2022_16_WAS_SF,2022,16,RB,22.0,15.36902799301155,2
00-0038134,2022_16_SEA_KC,2022,16,RB,26.0,13.245107279343692,2
00-0030513,2022_17_DEN_KC,2022,17,RB,12.0,14.099658063727938,2
00-0030578,2022_17_ARI_ATL,2022,17,RB,9.0,12.61125635564345,2
00-0031376,2022_17_DEN_KC,2022,17,RB,2.0,7.68683197709715,2
00-0031687,2022_17_MIA_NE,2022,17,RB,9.0,10.81794147840464,2
00-0032975,2022_17_CLE_WAS,2022,17,RB,9.0,8.938294499836047,2
00-0033045,2022_17_DAL_TEN,2022,17,RB,19.0,17.19675949310734,2
00-0033280,2022_17_SF_LV,2022,17,RB,19.0,16.554410501248935,2
00-0033293,2022_17_MIN_GB,2022,17,RB,14.0,9.815993002413533,2
00-0033553,2022_17_ARI_ATL,2022,17,RB,16.0,13.813255102730189,2
00-0033699,2022_17_LA_LAC,2022,17,RB,10.0,9.661392404114105,2
00-0033725,2022_17_ARI_ATL,2022,17,RB,7.0,8.918913990182233,2
00-0033854,2022_17_JAX_HOU,2022,17,RB,7.0,9.76174152942486,2
00-0033856,2022_17_CAR_TB,2022,17,RB,10.0,10.18913226486956,2
00-0033893,2022_17_MIN_GB,2022,17,RB,9.0,15.151643128139469,2
00-0033906,2022_17_NO_PHI,2022,17,RB,16.0,13.8639768463217,2
00-0033925,2022_17_CAR_TB,2022,17,RB,13.0,13.248279698897836,2
00-0033948,2022_17_CHI_DET,2022,17,RB,22.0,14.370714650505736,2
00-0034115,2022_17_MIA_NE,2022,17,RB,15.0,7.475612660099524,2
00-0034681,2022_17_DEN_KC,2022,17,RB,7.0,9.257257341007458,2
00-0034791,2022_17_CLE_WAS,2022,17,RB,14.0,16.222674103082074,2
00-0034838,2022_17_JAX_HOU,2022,17,RB,7.0,11.612859376348982,2
00-0034844,2022_17_IND_NYG,2022,17,RB,12.0,19.09248258982293,2
00-0034972,2022_17_MIN_GB,2022,17,RB,8.0,6.972033862342279,2
00-0035243,2022_17_NO_PHI,2022,17,RB,12.0,13.061383992607189,2
00-0035537,2022_17_NYJ_SEA,2022,17,RB,8.0,8.721585411554877,2
00-0035657,2022_17_MIA_NE,2022,17,RB,9.0,12.233241761104365,2
00-0035685,2022_17_CHI_DET,2022,17,RB,6.0,11.645229254564496,2
00-0035700,2022_17_SF_LV,2022,17,RB,17.0,18.890653152199874,2
00-0035806,2022_17_JAX_HOU,2022,17,RB,10.0,8.470863388964366,2
00-0036158,2022_17_PIT_BAL,2022,17,RB,17.0,12.912546041436709,2
00-0036251,2022_17_IND_NYG,2022,17,RB,15.0,14.370408568930552,2
00-0036265,2022_17_MIN_GB,2022,17,RB,12.0,13.161759166820085,2
00-0036275,2022_17_CHI_DET,2022,17,RB,11.0,6.663792309031109,2
00-0036370,2022_17_LA_LAC,2022,17,RB,9.0,7.544057083531589,2
00-0036414,2022_17_LA_LAC,2022,17,RB,19.0,18.30524157005163,2
00-0036425,2022_17_NYJ_SEA,2022,17,RB,7.0,6.203434726818831,2
00-0036555,2022_17_CAR_TB,2022,17,RB,3.0,10.995724574833977,2
00-0036727,2022_17_NO_PHI,2022,17,RB,1.0,6.692226623507799,2
00-0036875,2022_17_MIA_NE,2022,17,RB,8.0,15.155772149829389,2
00-0036893,2022_17_PIT_BAL,2022,17,RB,22.0,15.316469274345387,2
00-0036906,2022_17_CHI_DET,2022,17,RB,5.0,10.78187257669085,2
00-0036973,2022_17_JAX_HOU,2022,17,RB,9.0,11.822661717492606,2
00-0037197,2022_17_DEN_KC,2022,17,RB,9.0,13.757203181807169,2
00-0037228,2022_17_PIT_BAL,2022,17,RB,12.0,6.7613724144196325,2
00-0037256,2022_17_CAR_TB,2022,17,RB,11.0,9.326277077078053,2
00-0037263,2022_17_ARI_ATL,2022,17,RB,20.0,14.531711360776226,2
00-0037617,2022_17_DAL_TEN,2022,17,RB,12.0,14.959324492235437,2
00-0037746,2022_17_CLE_WAS,2022,17,RB,24.0,15.631573570322107,2
00-0038134,2022_17_NYJ_SEA,2022,17,RB,23.0,15.777582009957928,2
00-0030456,2022_18_TB_ATL,2022,18,RB,7.0,7.958312457673709,2
00-0030513,2022_18_LAC_DEN,2022,18,RB,15.0,14.395512610029249,2
00-0031376,2022_18_KC_LV,2022,18,RB,2.0,4.651951616461751,2
00-0031687,2022_18_NYJ_MIA,2022,18,RB,11.0,9.62974872815049,2
00-0032764,2022_18_TEN_JAX,2022,18,RB,30.0,22.724959497696496,2
00-0032975,2022_18_DAL_WAS,2022,18,RB,14.0,9.104362325039904,2
00-0033045,2022_18_DAL_WAS,2022,18,RB,8.0,14.368116609678173,2
00-0033118,2022_18_BAL_CIN,2022,18,RB,16.0,14.273892779700724,2
00-0033280,2022_18_ARI_SF,2022,18,RB,10.0,12.124070917794636,2
00-0033293,2022_18_DET_GB,2022,18,RB,12.0,13.099371320868533,2
00-0033308,2022_18_NYG_PHI,2022,18,RB,4.0,10.420461768321596,2
00-0033526,2022_18_BAL_CIN,2022,18,RB,6.0,9.040017681575666,2
00-0033699,2022_18_LAC_DEN,2022,18,RB,11.0,10.483760385275891,2
00-0033725,2022_18_ARI_SF,2022,18,RB,8.0,13.326191972901906,2
00-0033854,2022_18_HOU_IND,2022,18,RB,11.0,11.110937716199441,2
00-0033893,2022_18_MIN_CHI,2022,18,RB,11.0,10.623021129052306,2
00-0033897,2022_18_BAL_CIN,2022,18,RB,11.0,13.024132944584839,2
00-0033906,2022_18_CAR_NO,2022,18,RB,23.0,16.33868033589186,2
00-0033948,2022_18_DET_GB,2022,18,RB,16.0,15.21017452749456,2
00-0034115,2022_18_NYJ_MIA,2022,18,RB,16.0,7.502526313932973,2
00-0034681,2022_18_LAC_DEN,2022,18,RB,9.0,6.847104209727063,2
00-0034791,2022_18_CLE_PIT,2022,18,RB,12.0,20.304316806725375,2
00-0034959,2022_18_LAC_DEN,2022,18,RB,0.0,5.631667985034709,2
00-0034972,2022_18_MIN_CHI,2022,18,RB,10.0,8.147325956121353,2
00-0035243,2022_18_NYG_PHI,2022,18,RB,11.0,12.803919124045981,2
00-0035250,2022_18_NE_BUF,2022,18,RB,7.0,9.834100895055292,2
00-0035261,2022_18_DAL_WAS,2022,18,RB,7.0,10.510513186567561,2
00-0035537,2022_18_NYJ_MIA,2022,18,RB,5.0,7.9979435404497,2
00-0035657,2022_18_NE_BUF,2022,18,RB,13.0,12.482495796890479,2
00-0035685,2022_18_MIN_CHI,2022,18,RB,7.0,11.232432006420614,2
00-0035700,2022_18_KC_LV,2022,18,RB,17.0,17.67518496521472,2
00-0035806,2022_18_TEN_JAX,2022,18,RB,3.0,8.704283385599897,2
00-0036251,2022_18_HOU_IND,2022,18,RB,18.0,14.702152498052168,2
00-0036265,2022_18_DET_GB,2022,18,RB,9.0,12.09233811241099,2
00-0036275,2022_18_DET_GB,2022,18,RB,6.0,7.180102250009037,2
00-0036370,2022_18_LAC_DEN,2022,18,RB,5.0,9.06217353178688,2
00-0036414,2022_18_LA_SEA,2022,18,RB,21.0,19.441512583226853,2
00-0036493,2022_18_HOU_IND,2022,18,RB,8.0,10.130528178838091,2
00-0036555,2022_18_CAR_NO,2022,18,RB,21.0,14.219972865472965,2
00-0036569,2022_18_NYG_PHI,2022,18,RB,11.0,8.731515433030966,2
00-0036755,2022_18_DAL_WAS,2022,18,RB,17.0,8.833596995369781,2
00-0036875,2022_18_NE_BUF,2022,18,RB,6.0,14.807387660440503,2
00-0036893,2022_18_CLE_PIT,2022,18,RB,23.0,14.970479635216595,2
00-0036906,2022_18_MIN_CHI,2022,18,RB,10.0,12.302629776093928,2
00-0036973,2022_18_TEN_JAX,2022,18,RB,7.0,13.76915009975187,2
00-0037197,2022_18_KC_LV,2022,18,RB,8.0,11.772514613497478,2
00-0037228,2022_18_CLE_PIT,2022,18,RB,6.0,8.37198321812366,2
00-0037248,2022_18_NE_BUF,2022,18,RB,9.0,11.032208023255857,2
00-0037263,2022_18_TB_ATL,2022,18,RB,24.0,18.415655147101454,2
00-0037299,2022_18_ARI_SF,2022,18,RB,3.0,7.787939616127874,2
00-0038134,2022_18_LA_SEA,2022,18,RB,29.0,19.43192251550239,2
00-0033045,2022_19_DAL_TB,2022,19,RB,13.0,13.39534408259299,2
00-0033280,2022_19_SEA_SF,2022,19,RB,15.0,16.119711895412753,2
00-0033526,2022_19_BAL_CIN,2022,19,RB,2.0,10.037770508877726,2
00-0033699,2022_19_LAC_JAX,2022,19,RB,13.0,13.666659997648033,2
00-0033856,2022_19_DAL_TB,2022,19,RB,5.0,9.946483621351225,2
00-0033893,2022_19_NYG_MIN,2022,19,RB,15.0,17.76892471765489,2
00-0033897,2022_19_BAL_CIN,2022,19,RB,11.0,11.061835652330762,2
00-0034115,2022_19_MIA_BUF,2022,19,RB,10.0,9.070084798162181,2
00-0034844,2022_19_NYG_MIN,2022,19,RB,9.0,19.035299688711156,2
00-0035250,2022_19_MIA_BUF,2022,19,RB,10.0,11.618824910669023,2
00-0035261,2022_19_DAL_TB,2022,19,RB,15.0,13.220826447996306,2
00-0036020,2022_19_MIA_BUF,2022,19,RB,5.0,8.296707146015654,2
00-0036158,2022_19_BAL_CIN,2022,19,RB,13.0,13.095116587589441,2
00-0036370,2022_19_LAC_JAX,2022,19,RB,7.0,7.061240325546007,2
00-0036425,2022_19_SEA_SF,2022,19,RB,6.0,5.5351026809966966,2
00-0036973,2022_19_LAC_JAX,2022,19,RB,20.0,17.804595338180924,2
00-0037256,2022_19_DAL_TB,2022,19,RB,7.0,11.648993841142845,2
00-0038134,2022_19_SEA_SF,2022,19,RB,15.0,17.884589226120653,2
00-0031376,2022_20_JAX_KC,2022,20,RB,11.0,9.932370072663307,2
00-0033045,2022_20_DAL_SF,2022,20,RB,10.0,16.99424464450051,2
00-0033280,2022_20_DAL_SF,2022,20,RB,10.0,14.835657045391622,2
00-0033308,2022_20_NYG_PHI,2022,20,RB,4.0,4.666716241244765,2
00-0033526,2022_20_CIN_BUF,2022,20,RB,7.0,7.640203672608512,2
00-0033897,2022_20_CIN_BUF,2022,20,RB,20.0,12.4582881835333,2
00-0034844,2022_20_NYG_PHI,2022,20,RB,9.0,16.32166717356695,2
00-0035243,2022_20_NYG_PHI,2022,20,RB,17.0,11.84399894232349,2
00-0035250,2022_20_CIN_BUF,2022,20,RB,6.0,13.56285651762168,2
00-0035806,2022_20_JAX_KC,2022,20,RB,4.0,10.45436974051327,2
00-0036919,2022_20_NYG_PHI,2022,20,RB,12.0,5.827594183340717,2
00-0036973,2022_20_JAX_KC,2022,20,RB,10.0,12.537083022450233,2
00-0037197,2022_20_JAX_KC,2022,20,RB,12.0,11.524123203364685,2
00-0031376,2022_21_CIN_KC,2022,21,RB,4.0,5.952689979688722,2
00-0033280,2022_21_SF_PHI,2022,21,RB,15.0,15.626912540342522,2
00-0033526,2022_21_CIN_KC,2022,21,RB,5.0,11.341556272216955,2
00-0033897,2022_21_CIN_KC,2022,21,RB,8.0,9.920289727759412,2
00-0036919,2022_21_SF_PHI,2022,21,RB,14.0,7.947955443998216,2
00-0037197,2022_21_CIN_KC,2022,21,RB,10.0,14.590180047805031,2
00-0031376,2022_22_KC_PHI,2022,22,RB,4.0,8.01050785749592,2
00-0035243,2022_22_KC_PHI,2022,22,RB,7.0,11.50732380558173,2
00-0036919,2022_22_KC_PHI,2022,22,RB,7.0,8.63208952880798,2
00-0037197,2022_22_KC_PHI,2022,22,RB,15.0,15.675801438636205,2
00-0031687,2023_01_MIA_LAC,2023,1,RB,10.0,13.442363326467072,3
00-0032764,2023_01_TEN_NO,2023,1,RB,15.0,12.517207643669755,3
00-0033045,2023_01_PHI_NE,2023,1,RB,7.0,7.887356726738941,3
00-0033280,2023_01_SF_PIT,2023,1,RB,22.0,14.970732767663907,3
00-0033293,2023_01_GB_CHI,2023,1,RB,9.0,9.469883174707917,3
00-0033526,2023_01_LV_DEN,2023,1,RB,8.0,9.057361805496267,3
00-0033553,2023_01_ARI_WAS,2023,1,RB,14.0,16.97034828849624,3
00-0033699,2023_01_MIA_LAC,2023,1,RB,16.0,8.79528079241662,3
00-0033893,2023_01_BUF_NYJ,2023,1,RB,13.0,10.144441973863694,3
00-0033897,2023_01_CIN_CLE,2023,1,RB,13.0,14.705289955473566,3
00-0033948,2023_01_TEN_NO,2023,1,RB,18.0,16.72976463518441,3
00-0034791,2023_01_CIN_CLE,2023,1,RB,18.0,10.929057096680657,3
00-0034844,2023_01_DAL_NYG,2023,1,RB,12.0,14.705289955473566,3
00-0034972,2023_01_TB_MIN,2023,1,RB,11.0,16.608689263528564,3
00-0035243,2023_01_CAR_ATL,2023,1,RB,18.0,12.575007343419847,3
00-0035261,2023_01_DAL_NYG,2023,1,RB,14.0,14.024378039884068,3
00-0035685,2023_01_DET_KC,2023,1,RB,21.0,16.97034828849624,3
00-0035700,2023_01_LV_DEN,2023,1,RB,19.0,16.97034828849624,3
00-0036158,2023_01_HOU_BAL,2023,1,RB,8.0,10.149568690166147,3
00-0036265,2023_01_GB_CHI,2023,1,RB,13.0,12.552147082215635,3
00-0036328,2023_01_ARI_WAS,2023,1,RB,3.0,8.124423909500265,3
00-0036370,2023_01_MIA_LAC,2023,1,RB,16.0,10.657050475373454,3
00-0036414,2023_01_LA_SEA,2023,1,RB,22.0,7.82322538069037,3
00-0036493,2023_01_JAX_IND,2023,1,RB,13.0,15.780466376268706,3
00-0036555,2023_01_CAR_ATL,2023,1,RB,9.0,7.4999252993677645,3
00-0036875,2023_01_PHI_NE,2023,1,RB,12.0,18.139090912204068,3
00-0036893,2023_01_SF_PIT,2023,1,RB,6.0,10.929057096680657,3
00-0036906,2023_01_GB_CHI,2023,1,RB,9.0,7.616113211366558,3
00-0036919,2023_01_PHI_NE,2023,1,RB,14.0,10.99572999809644,3
00-0036973,2023_01_JAX_IND,2023,1,RB,18.0,15.06185436682651,3
00-0036997,2023_01_LV_DEN,2023,1,RB,13.0,9.55382426604741,3
00-0037197,2023_01_DET_KC,2023,1,RB,8.0,10.420746398546951,3
00-0037228,2023_01_SF_PIT,2023,1,RB,3.0,8.165091579506548,3
00-0037248,2023_01_BUF_NYJ,2023,1,RB,12.0,11.30929372808012,3
00-0037256,2023_01_TB_MIN,2023,1,RB,17.0,16.380557972069347,3
00-0037258,2023_01_HOU_BAL,2023,1,RB,11.0,10.149568690166147,3
00-0037263,2023_01_CAR_ATL,2023,1,RB,15.0,11.629914666488919,3
00-0037267,2023_01_CIN_CLE,2023,1,RB,15.0,8.65833807060977,3
00-0037746,2023_01_ARI_WAS,2023,1,RB,19.0,13.898915501053144,3
00-0037840,2023_01_LA_SEA,2023,1,RB,15.0,12.318831424301369,3
00-0038134,2023_01_LA_SEA,2023,1,RB,12.0,14.024378039884068,3
00-0038542,2023_01_CAR_ATL,2023,1,RB,10.0,14.475549550034383,3
00-0039021,2023_01_GB_CHI,2023,1,RB,5.0,8.124423909500265,3
00-0039032,2023_01_TEN_NO,2023,1,RB,3.0,8.61783719720145,3
00-0031687,2023_02_MIA_NE,2023,2,RB,18.0,13.848668040442602,3
00-0032764,2023_02_LAC_TEN,2023,2,RB,25.0,18.962081273860292,3
00-0033280,2023_02_SF_LA,2023,2,RB,20.0,17.443548364417474,3
00-0033526,2023_02_WAS_DEN,2023,2,RB,1.0,10.01042872337431,3
00-0033553,2023_02_NYG_ARI,2023,2,RB,23.0,17.92040868296953,3
00-0033893,2023_02_NYJ_DAL,2023,2,RB,4.0,7.478078240447036,3
00-0033897,2023_02_BAL_CIN,2023,2,RB,13.0,14.8643122108497,3
00-0034184,2023_02_BAL_CIN,2023,2,RB,10.0,9.348617289015724,3
00-0034844,2023_02_NYG_ARI,2023,2,RB,17.0,16.07549853744586,3
00-0034972,2023_02_MIN_PHI,2023,2,RB,8.0,14.968776734396647,3
00-0034975,2023_02_BAL_CIN,2023,2,RB,11.0,10.357073424842813,3
00-0035243,2023_02_NO_CAR,2023,2,RB,14.0,15.250440254122298,3
00-0035250,2023_02_IND_HOU,2023,2,RB,4.0,6.212908468342948,3
00-0035261,2023_02_NYJ_DAL,2023,2,RB,25.0,15.000487887122265,3
00-0035685,2023_02_SEA_DET,2023,2,RB,16.0,14.251070952490036,3
00-0035700,2023_02_LV_BUF,2023,2,RB,9.0,18.141339909748666,3
00-0035860,2023_02_NO_CAR,2023,2,RB,12.0,10.946774257568904,3
00-0036251,2023_02_IND_HOU,2023,2,RB,18.0,16.39041012967145,3
00-0036265,2023_02_GB_ATL,2023,2,RB,15.0,18.6922911650345,3
00-0036275,2023_02_MIN_PHI,2023,2,RB,28.0,16.226738268002503,3
00-0036328,2023_02_WAS_DEN,2023,2,RB,2.0,6.8334679314584506,3
00-0036370,2023_02_LAC_TEN,2023,2,RB,13.0,19.46126271198723,3
00-0036555,2023_02_NO_CAR,2023,2,RB,2.0,10.160690693990244,3
00-0036875,2023_02_MIA_NE,2023,2,RB,15.0,18.263117774047494,3
00-0036893,2023_02_CLE_PIT,2023,2,RB,10.0,11.83249257235264,3
00-0036906,2023_02_CHI_TB,2023,2,RB,7.0,11.406840287277985,3
00-0036973,2023_02_KC_JAX,2023,2,RB,12.0,16.99107504642049,3
00-0036997,2023_02_WAS_DEN,2023,2,RB,12.0,9.573371821001512,3
00-0037197,2023_02_KC_JAX,2023,2,RB,12.0,9.336743252840225,3
00-0037228,2023_02_CLE_PIT,2023,2,RB,6.0,5.014999563330055,3
00-0037248,2023_02_LV_BUF,2023,2,RB,17.0,12.575286721313011,3
00-0037256,2023_02_CHI_TB,2023,2,RB,17.0,15.395153329033977,3
00-0037258,2023_02_IND_HOU,2023,2,RB,15.0,9.94325284357323,3
00-0037263,2023_02_GB_ATL,2023,2,RB,16.0,10.201526161650603,3
00-0037267,2023_02_CLE_PIT,2023,2,RB,16.0,14.103499098293835,3
00-0037746,2023_02_WAS_DEN,2023,2,RB,18.0,14.363524532353535,3
00-0037840,2023_02_SF_LA,2023,2,RB,14.0,16.08194531352426,3
00-0038120,2023_02_NYJ_DAL,2023,2,RB,4.0,7.645087128869928,3
00-0038134,2023_02_SEA_DET,2023,2,RB,17.0,14.624465148938818,3
00-0038542,2023_02_GB_ATL,2023,2,RB,19.0,13.308099981595007,3
00-0039021,2023_02_CHI_TB,2023,2,RB,4.0,5.487914687646061,3
00-0039032,2023_02_LAC_TEN,2023,2,RB,8.0,5.920457626203223,3
00-0039139,2023_02_SEA_DET,2023,2,RB,7.0,8.607714517930429,3
00-0031687,2023_03_DEN_MIA,2023,3,RB,13.0,11.909437819973231,3
00-0032144,2023_03_IND_BAL,2023,3,RB,10.0,7.568872069475047,3
00-0032764,2023_03_TEN_CLE,2023,3,RB,11.0,9.57661203174316,3
00-0033045,2023_03_NE_NYJ,2023,3,RB,16.0,5.722872000292967,3
00-0033280,2023_03_NYG_SF,2023,3,RB,18.0,15.964288442974997,3
00-0033308,2023_03_NYG_SF,2023,3,RB,4.0,13.678702232548405,3
00-0033553,2023_03_DAL_ARI,2023,3,RB,14.0,17.16020261079982,3
00-0033897,2023_03_LA_CIN,2023,3,RB,19.0,16.266498922513374,3
00-0034184,2023_03_IND_BAL,2023,3,RB,11.0,11.21494852933582,3
00-0034959,2023_03_HOU_JAX,2023,3,RB,0.0,10.4911230904306,3
00-0034972,2023_03_LAC_MIN,2023,3,RB,20.0,16.131189050947544,3
00-0035243,2023_03_CAR_SEA,2023,3,RB,9.0,14.306528465161993,3
00-0035250,2023_03_HOU_JAX,2023,3,RB,9.0,6.420285366908857,3
00-0035261,2023_03_DAL_ARI,2023,3,RB,23.0,16.950351690071912,3
00-0035700,2023_03_PIT_LV,2023,3,RB,17.0,16.092904409316315,3
00-0035860,2023_03_NO_GB,2023,3,RB,8.0,11.771439530340519,3
00-0035973,2023_03_NO_GB,2023,3,RB,3.0,7.31198859839721,3
00-0036251,2023_03_IND_BAL,2023,3,RB,30.0,18.5711180535633,3
00-0036265,2023_03_NO_GB,2023,3,RB,11.0,12.43292467597447,3
00-0036275,2023_03_PHI_TB,2023,3,RB,16.0,13.894141187209202,3
00-0036328,2023_03_BUF_WAS,2023,3,RB,2.0,9.383327939781282,3
00-0036370,2023_03_LAC_MIN,2023,3,RB,11.0,18.7886169197989,3
00-0036555,2023_03_CAR_SEA,2023,3,RB,1.0,5.590043549745839,3
00-0036567,2023_03_NYG_SF,2023,3,RB,11.0,7.926132340320936,3
00-0036875,2023_03_NE_NYJ,2023,3,RB,19.0,16.200729924630338,3
00-0036893,2023_03_PIT_LV,2023,3,RB,19.0,11.054376092313914,3
00-0036906,2023_03_CHI_KC,2023,3,RB,7.0,8.609930497601951,3
00-0036919,2023_03_PHI_TB,2023,3,RB,14.0,9.50992325258927,3
00-0036973,2023_03_HOU_JAX,2023,3,RB,19.0,15.186820499139692,3
00-0036997,2023_03_DEN_MIA,2023,3,RB,11.0,9.593742325565364,3
00-0037157,2023_03_ATL_DET,2023,3,RB,3.0,7.0541221294097465,3
00-0037197,2023_03_CHI_KC,2023,3,RB,15.0,9.548516738960046,3
00-0037228,2023_03_PIT_LV,2023,3,RB,8.0,5.7725146614482306,3
00-0037248,2023_03_BUF_WAS,2023,3,RB,15.0,13.038663056969678,3
00-0037256,2023_03_PHI_TB,2023,3,RB,14.0,16.883036920291545,3
00-0037258,2023_03_HOU_JAX,2023,3,RB,14.0,9.662470377648829,3
00-0037267,2023_03_TEN_CLE,2023,3,RB,10.0,14.62429459023638,3
00-0037746,2023_03_BUF_WAS,2023,3,RB,10.0,12.610274549561055,3
00-0037840,2023_03_LA_CIN,2023,3,RB,10.0,13.803250920411076,3
00-0038120,2023_03_NE_NYJ,2023,3,RB,12.0,8.173773394480655,3
00-0038134,2023_03_CAR_SEA,2023,3,RB,18.0,12.072550055583184,3
00-0038542,2023_03_ATL_DET,2023,3,RB,10.0,15.332425880726058,3
00-0038551,2023_03_NO_GB,2023,3,RB,9.0,8.076712989616569,3
00-0039021,2023_03_CHI_KC,2023,3,RB,8.0,6.102341435912982,3
00-0039032,2023_03_TEN_CLE,2023,3,RB,4.0,6.233159471278672,3
00-0039040,2023_03_DEN_MIA,2023,3,RB,18.0,6.749997373837141,3
00-0039139,2023_03_ATL_DET,2023,3,RB,17.0,8.87079932262415,3
00-0039165,2023_03_CAR_SEA,2023,3,RB,9.0,9.32801639566374,3
00-0031687,2023_04_MIA_BUF,2023,4,RB,7.0,11.356635726412433,3
00-0032764,2023_04_CIN_TEN,2023,4,RB,22.0,17.51982081070238,3
00-0033045,2023_04_NE_DAL,2023,4,RB,6.0,8.872371770062205,3
00-0033280,2023_04_ARI_SF,2023,4,RB,20.0,20.842588726261287,3
00-0033293,2023_04_DET_GB,2023,4,RB,5.0,6.827349676115566,3
00-0033308,2023_04_SEA_NYG,2023,4,RB,14.0,10.66319710749562,3
00-0033526,2023_04_DEN_CHI,2023,4,RB,6.0,7.6694452070345065,3
00-0033553,2023_04_ARI_SF,2023,4,RB,11.0,17.035871599355865,3
00-0033897,2023_04_CIN_TEN,2023,4,RB,14.0,17.5197228352731,3
00-0033906,2023_04_TB_NO,2023,4,RB,11.0,16.21424585994497,3
00-0034184,2023_04_BAL_CLE,2023,4,RB,15.0,16.970538124048556,3
00-0034959,2023_04_PIT_HOU,2023,4,RB,0.0,5.339591377618232,3
00-0034972,2023_04_MIN_CAR,2023,4,RB,17.0,15.213556404726877,3
00-0035243,2023_04_MIN_CAR,2023,4,RB,13.0,8.925801788855319,3
00-0035250,2023_04_PIT_HOU,2023,4,RB,7.0,5.836839863447456,3
00-0035261,2023_04_NE_DAL,2023,4,RB,11.0,12.311516881472434,3
00-0035685,2023_04_DET_GB,2023,4,RB,32.0,20.11579297681365,3
00-0035700,2023_04_LV_LAC,2023,4,RB,17.0,15.266912085646334,3
00-0035726,2023_04_LV_LAC,2023,4,RB,0.0,5.217441705362883,3
00-0036251,2023_04_LA_IND,2023,4,RB,18.0,19.319056685263675,3
00-0036265,2023_04_DET_GB,2023,4,RB,5.0,16.18383567972213,3
00-0036275,2023_04_WAS_PHI,2023,4,RB,14.0,18.317432480333576,3
00-0036328,2023_04_WAS_PHI,2023,4,RB,6.0,5.23162818761349,3
00-0036370,2023_04_LV_LAC,2023,4,RB,17.0,15.362400611800279,3
00-0036555,2023_04_MIN_CAR,2023,4,RB,14.0,6.810463090471249,3
00-0036875,2023_04_NE_DAL,2023,4,RB,14.0,15.997512271605661,3
00-0036893,2023_04_PIT_HOU,2023,4,RB,14.0,11.52287189653957,3
00-0036906,2023_04_DEN_CHI,2023,4,RB,18.0,14.464015839069628,3
00-0036919,2023_04_WAS_PHI,2023,4,RB,4.0,7.643731640559004,3
00-0036973,2023_04_ATL_JAX,2023,4,RB,20.0,17.464066741721233,3
00-0037197,2023_04_KC_NYJ,2023,4,RB,20.0,14.90335701509025,3
00-0037228,2023_04_PIT_HOU,2023,4,RB,8.0,7.720109810930182,3
00-0037248,2023_04_MIA_BUF,2023,4,RB,12.0,9.204813981614429,3
00-0037256,2023_04_TB_NO,2023,4,RB,15.0,16.357651524320012,3
00-0037258,2023_04_PIT_HOU,2023,4,RB,24.0,14.03669229965551,3
00-0037267,2023_04_BAL_CLE,2023,4,RB,9.0,14.61689147437233,3
00-0037746,2023_04_WAS_PHI,2023,4,RB,14.0,14.170289397863023,3
00-0037840,2023_04_LA_IND,2023,4,RB,25.0,14.247036869149225,3
00-0038120,2023_04_KC_NYJ,2023,4,RB,6.0,8.281009556079468,3
00-0038134,2023_04_SEA_NYG,2023,4,RB,17.0,18.359853080277073,3
00-0038542,2023_04_ATL_JAX,2023,4,RB,14.0,16.670176653257293,3
00-0038705,2023_04_ARI_SF,2023,4,RB,1.0,7.096702307537735,3
00-0039032,2023_04_CIN_TEN,2023,4,RB,5.0,6.572117151799205,3
00-0039040,2023_04_MIA_BUF,2023,4,RB,8.0,16.516751300002177,3
00-0039139,2023_04_DET_GB,2023,4,RB,8.0,7.439178836009012,3
00-0031687,2023_05_NYG_MIA,2023,5,RB,10.0,14.59518361796007,3
00-0032764,2023_05_TEN_IND,2023,5,RB,13.0,19.04402899692306,3
00-0033045,2023_05_NO_NE,2023,5,RB,8.0,9.07989613911836,3
00-0033280,2023_05_DAL_SF,2023,5,RB,19.0,18.438339659025527,3
00-0033308,2023_05_NYG_MIA,2023,5,RB,9.0,11.085878531880716,3
00-0033526,2023_05_NYJ_DEN,2023,5,RB,6.0,11.141179141313769,3
00-0033897,2023_05_CIN_ARI,2023,5,RB,25.0,18.119388102844617,3
00-0033906,2023_05_NO_NE,2023,5,RB,22.0,12.48222080950555,3
00-0034184,2023_05_BAL_PIT,2023,5,RB,12.0,11.262818203098645,3
00-0034972,2023_05_KC_MIN,2023,5,RB,8.0,12.16178874250444,3
00-0034975,2023_05_BAL_PIT,2023,5,RB,7.0,11.387623242460487,3
00-0035243,2023_05_CAR_DET,2023,5,RB,7.0,9.052200850379833,3
00-0035261,2023_05_DAL_SF,2023,5,RB,8.0,16.490306833568695,3
00-0035685,2023_05_CAR_DET,2023,5,RB,19.0,21.44633942459798,3
00-0035700,2023_05_GB_LV,2023,5,RB,20.0,16.97620114905471,3
00-0035973,2023_05_GB_LV,2023,5,RB,2.0,6.138728805175585,3
00-0036251,2023_05_TEN_IND,2023,5,RB,23.0,18.298783680722543,3
00-0036265,2023_05_GB_LV,2023,5,RB,20.0,15.492652056794238,3
00-0036275,2023_05_PHI_LA,2023,5,RB,17.0,17.363396144508396,3
00-0036328,2023_05_CHI_WAS,2023,5,RB,0.0,7.35460758846791,3
00-0036555,2023_05_CAR_DET,2023,5,RB,9.0,7.8596753248367754,3
00-0036875,2023_05_NO_NE,2023,5,RB,8.0,11.554140692275348,3
00-0036893,2023_05_BAL_PIT,2023,5,RB,14.0,12.724658786607375,3
00-0036906,2023_05_CHI_WAS,2023,5,RB,10.0,14.117520375386801,3
00-0036919,2023_05_PHI_LA,2023,5,RB,7.0,7.340934849379405,3
00-0036973,2023_05_JAX_BUF,2023,5,RB,26.0,18.002044204253206,3
00-0037157,2023_05_CAR_DET,2023,5,RB,0.0,6.56956439618326,3
00-0037197,2023_05_KC_MIN,2023,5,RB,16.0,15.497326834454524,3
00-0037228,2023_05_BAL_PIT,2023,5,RB,9.0,7.32262001657455,3
00-0037248,2023_05_JAX_BUF,2023,5,RB,5.0,14.300715553649342,3
00-0037258,2023_05_HOU_ATL,2023,5,RB,20.0,15.601845567854236,3
00-0037263,2023_05_HOU_ATL,2023,5,RB,17.0,12.512248782038563,3
00-0037746,2023_05_CHI_WAS,2023,5,RB,6.0,13.641493065687428,3
00-0037840,2023_05_PHI_LA,2023,5,RB,13.0,17.614491438635604,3
00-0038120,2023_05_NYJ_DEN,2023,5,RB,22.0,9.766036710293552,3
00-0038396,2023_05_NYG_MIA,2023,5,RB,12.0,8.050543279365138,3
00-0038542,2023_05_HOU_ATL,2023,5,RB,14.0,13.960351098057654,3
00-0038551,2023_05_NO_NE,2023,5,RB,12.0,8.423825849547354,3
00-0038705,2023_05_CIN_ARI,2023,5,RB,10.0,10.872629799316694,3
00-0039032,2023_05_TEN_IND,2023,5,RB,7.0,7.262903092535122,3
00-0039040,2023_05_NYG_MIA,2023,5,RB,11.0,12.51523499278551,3
00-0030513,2023_06_NYG_BUF,2023,6,RB,12.0,10.755199738909555,3
00-0031687,2023_06_CAR_MIA,2023,6,RB,17.0,15.451689084637561,3
00-0032764,2023_06_BAL_TEN,2023,6,RB,12.0,15.024859465988415,3
00-0033045,2023_06_NE_LV,2023,6,RB,7.0,8.320344909571693,3
00-0033280,2023_06_SF_CLE,2023,6,RB,11.0,15.44760681089128,3
00-0033699,2023_06_DAL_LAC,2023,6,RB,14.0,17.037862514504816,3
00-0033897,2023_06_SEA_CIN,2023,6,RB,12.0,17.692202361921446,3
00-0033906,2023_06_NO_HOU,2023,6,RB,19.0,17.1318097268005,3
00-0033923,2023_06_SF_CLE,2023,6,RB,12.0,7.281139410528006,3
00-0033925,2023_06_MIN_CHI,2023,6,RB,15.0,13.301793732664354,3
00-0034184,2023_06_BAL_TEN,2023,6,RB,16.0,14.641794309100533,3
00-0034844,2023_06_NYG_BUF,2023,6,RB,24.0,17.395727308908423,3
00-0034972,2023_06_MIN_CHI,2023,6,RB,18.0,15.271082923910322,3
00-0034975,2023_06_BAL_TEN,2023,6,RB,8.0,7.1024317332959885,3
00-0035250,2023_06_NO_HOU,2023,6,RB,12.0,6.2251201590144,3
00-0035261,2023_06_DAL_LAC,2023,6,RB,15.0,18.036915051045604,3
00-0035567,2023_06_DET_TB,2023,6,RB,10.0,13.26880759870414,3
00-0035700,2023_06_NE_LV,2023,6,RB,25.0,16.342360944394077,3
00-0036020,2023_06_CAR_MIA,2023,6,RB,6.0,7.465949162583709,3
00-0036223,2023_06_IND_JAX,2023,6,RB,8.0,8.379111398258232,3
00-0036251,2023_06_IND_JAX,2023,6,RB,7.0,15.245234620736937,3
00-0036275,2023_06_PHI_NYJ,2023,6,RB,10.0,16.387147235690087,3
00-0036297,2023_06_MIN_CHI,2023,6,RB,9.0,6.96254789848681,3
00-0036328,2023_06_WAS_ATL,2023,6,RB,3.0,5.548027171959032,3
00-0036555,2023_06_CAR_MIA,2023,6,RB,19.0,12.720620480865657,3
00-0036875,2023_06_NE_LV,2023,6,RB,10.0,15.638547252117828,3
00-0036919,2023_06_PHI_NYJ,2023,6,RB,2.0,7.385723771492782,3
00-0036973,2023_06_IND_JAX,2023,6,RB,18.0,18.72375885113722,3
00-0036997,2023_06_DEN_KC,2023,6,RB,10.0,9.73317158850448,3
00-0037197,2023_06_DEN_KC,2023,6,RB,16.0,16.997287597801947,3
00-0037248,2023_06_NYG_BUF,2023,6,RB,14.0,11.682188847218248,3
00-0037256,2023_06_DET_TB,2023,6,RB,7.0,16.31808784834353,3
00-0037267,2023_06_SF_CLE,2023,6,RB,17.0,10.816369242440466,3
00-0037299,2023_06_ARI_LA,2023,6,RB,10.0,7.190686298233524,3
00-0037746,2023_06_WAS_ATL,2023,6,RB,10.0,12.795891225106407,3
00-0037840,2023_06_ARI_LA,2023,6,RB,20.0,16.91131328155815,3
00-0038120,2023_06_PHI_NYJ,2023,6,RB,12.0,16.695297460062953,3
00-0038134,2023_06_SEA_CIN,2023,6,RB,19.0,18.826360663986804,3
00-0038542,2023_06_WAS_ATL,2023,6,RB,13.0,16.67508042768527,3
00-0038705,2023_06_ARI_LA,2023,6,RB,2.0,6.035002386918776,3
00-0038794,2023_06_DEN_KC,2023,6,RB,7.0,6.8586875486993515,3
00-0039032,2023_06_BAL_TEN,2023,6,RB,4.0,8.062161244469213,3
00-0030513,2023_07_BUF_NE,2023,7,RB,4.0,10.658936598062386,3
00-0030578,2023_07_ATL_TB,2023,7,RB,10.0,7.714151114219222,3
00-0031376,2023_07_LAC_KC,2023,7,RB,2.0,6.359716951528752,3
00-0031687,2023_07_MIA_PHI,2023,7,RB,9.0,12.102163890207482,3
00-0033045,2023_07_BUF_NE,2023,7,RB,11.0,8.35144816232961,3
00-0033280,2023_07_SF_MIN,2023,7,RB,15.0,18.926094878038505,3
00-0033293,2023_07_GB_DEN,2023,7,RB,8.0,5.813976504549834,3
00-0033699,2023_07_LAC_KC,2023,7,RB,14.0,14.583931691600696,3
00-0033906,2023_07_JAX_NO,2023,7,RB,17.0,17.058489343718986,3
00-0033925,2023_07_LV_CHI,2023,7,RB,16.0,13.958331754724771,3
00-0034184,2023_07_DET_BAL,2023,7,RB,14.0,11.885983745036018,3
00-0034838,2023_07_PIT_LA,2023,7,RB,12.0,9.259868612519634,3
00-0034844,2023_07_WAS_NYG,2023,7,RB,21.0,17.98942610278058,3
00-0034972,2023_07_SF_MIN,2023,7,RB,8.0,10.506601049493014,3
00-0034975,2023_07_DET_BAL,2023,7,RB,4.0,7.016870093799557,3
00-0035664,2023_07_PIT_LA,2023,7,RB,18.0,12.329738795955137,3
00-0035700,2023_07_LV_CHI,2023,7,RB,11.0,14.847362431021638,3
00-0036020,2023_07_MIA_PHI,2023,7,RB,2.0,4.868320202878452,3
00-0036223,2023_07_CLE_IND,2023,7,RB,18.0,8.031717028593174,3
00-0036251,2023_07_CLE_IND,2023,7,RB,18.0,13.066340268447789,3
00-0036265,2023_07_GB_DEN,2023,7,RB,15.0,13.906369895651869,3
00-0036275,2023_07_MIA_PHI,2023,7,RB,15.0,16.683321106000115,3
00-0036297,2023_07_LV_CHI,2023,7,RB,14.0,8.24263871690954,3
00-0036328,2023_07_WAS_NYG,2023,7,RB,2.0,6.251818533066035,3
00-0036370,2023_07_LAC_KC,2023,7,RB,7.0,9.731717801480281,3
00-0036414,2023_07_SF_MIN,2023,7,RB,10.0,11.532934245398764,3
00-0036875,2023_07_BUF_NE,2023,7,RB,9.0,15.495834947058292,3
00-0036893,2023_07_PIT_LA,2023,7,RB,14.0,14.403856970299806,3
00-0036973,2023_07_JAX_NO,2023,7,RB,14.0,18.89496594710064,3
00-0036997,2023_07_GB_DEN,2023,7,RB,15.0,12.090846571104242,3
00-0037197,2023_07_LAC_KC,2023,7,RB,13.0,12.428768864734819,3
00-0037228,2023_07_PIT_LA,2023,7,RB,6.0,7.609771027962961,3
00-0037248,2023_07_BUF_NE,2023,7,RB,13.0,11.797035179408379,3
00-0037256,2023_07_ATL_TB,2023,7,RB,13.0,15.076444549814664,3
00-0037263,2023_07_ATL_TB,2023,7,RB,21.0,13.038008407975402,3
00-0037267,2023_07_CLE_IND,2023,7,RB,11.0,10.13495824845683,3
00-0037746,2023_07_WAS_NYG,2023,7,RB,8.0,13.300351977288713,3
00-0038134,2023_07_ARI_SEA,2023,7,RB,26.0,19.91790285731022,3
00-0038705,2023_07_ARI_SEA,2023,7,RB,13.0,13.165340008650695,3
00-0039139,2023_07_DET_BAL,2023,7,RB,11.0,15.155324808344476,3
00-0031376,2023_08_KC_DEN,2023,8,RB,2.0,5.014367058560599,3
00-0031687,2023_08_NE_MIA,2023,8,RB,13.0,12.462992641342167,3
00-0032764,2023_08_ATL_TEN,2023,8,RB,22.0,17.13502724364136,3
00-0033045,2023_08_NE_MIA,2023,8,RB,7.0,8.181288752669342,3
00-0033280,2023_08_CIN_SF,2023,8,RB,12.0,18.24980893240729,3
00-0033293,2023_08_MIN_GB,2023,8,RB,7.0,7.866918771973452,3
00-0033699,2023_08_CHI_LAC,2023,8,RB,15.0,14.455718712273397,3
00-0033897,2023_08_CIN_SF,2023,8,RB,16.0,17.60825374402929,3
00-0033906,2023_08_NO_IND,2023,8,RB,17.0,15.854053014988505,3
00-0033923,2023_08_CLE_SEA,2023,8,RB,14.0,8.915158199589658,3
00-0034184,2023_08_BAL_ARI,2023,8,RB,19.0,13.558601317074334,3
00-0034838,2023_08_LA_DAL,2023,8,RB,9.0,14.157936227215869,3
00-0034844,2023_08_NYJ_NYG,2023,8,RB,36.0,19.05655349504592,3
00-0034959,2023_08_HOU_CAR,2023,8,RB,2.0,1.5906416269725838,3
00-0034972,2023_08_MIN_GB,2023,8,RB,16.0,14.426977831716117,3
00-0034975,2023_08_BAL_ARI,2023,8,RB,4.0,7.310249507089984,3
00-0035250,2023_08_HOU_CAR,2023,8,RB,10.0,8.224116331939928,3
00-0035261,2023_08_LA_DAL,2023,8,RB,12.0,15.290661173057403,3
00-0035664,2023_08_LA_DAL,2023,8,RB,12.0,13.77627382007836,3
00-0035700,2023_08_LV_DET,2023,8,RB,15.0,16.315291829734175,3
00-0036139,2023_08_LA_DAL,2023,8,RB,5.0,7.458768035176227,3
00-0036223,2023_08_NO_IND,2023,8,RB,12.0,12.986794838688633,3
00-0036251,2023_08_NO_IND,2023,8,RB,11.0,11.346463775652149,3
00-0036265,2023_08_MIN_GB,2023,8,RB,6.0,12.948953466905396,3
00-0036275,2023_08_PHI_WAS,2023,8,RB,16.0,15.055873600345576,3
00-0036328,2023_08_PHI_WAS,2023,8,RB,2.0,6.308758283494535,3
00-0036555,2023_08_HOU_CAR,2023,8,RB,15.0,13.018512763443525,3
00-0036875,2023_08_NE_MIA,2023,8,RB,10.0,13.952533002038171,3
00-0036893,2023_08_JAX_PIT,2023,8,RB,7.0,11.745509761003285,3
00-0036973,2023_08_JAX_PIT,2023,8,RB,24.0,19.26309184017709,3
00-0036997,2023_08_KC_DEN,2023,8,RB,27.0,14.340713106678184,3
00-0037197,2023_08_KC_DEN,2023,8,RB,8.0,13.515611800884264,3
00-0037228,2023_08_JAX_PIT,2023,8,RB,5.0,8.209427169083487,3
00-0037248,2023_08_TB_BUF,2023,8,RB,14.0,14.909976662846066,3
00-0037256,2023_08_TB_BUF,2023,8,RB,9.0,15.375198345690535,3
00-0037258,2023_08_HOU_CAR,2023,8,RB,12.0,12.189172890051685,3
00-0037299,2023_08_BAL_ARI,2023,8,RB,2.0,8.71889927491081,3
00-0037746,2023_08_PHI_WAS,2023,8,RB,10.0,11.839740051703222,3
00-0038120,2023_08_NYJ_NYG,2023,8,RB,12.0,16.987378988405457,3
00-0038134,2023_08_CLE_SEA,2023,8,RB,8.0,11.03194367193585,3
00-0038542,2023_08_ATL_TEN,2023,8,RB,11.0,15.187526473213698,3
00-0038705,2023_08_BAL_ARI,2023,8,RB,20.0,7.283113845273486,3
00-0039021,2023_08_CHI_LAC,2023,8,RB,6.0,6.6954772273388325,3
00-0039032,2023_08_ATL_TEN,2023,8,RB,3.0,6.3502949094163235,3
00-0039139,2023_08_LV_DET,2023,8,RB,26.0,13.462661102809625,3
00-0039165,2023_08_CLE_SEA,2023,8,RB,5.0,12.774182593786573,3
00-0030513,2023_09_BUF_CIN,2023,9,RB,2.0,8.049149246624347,3
00-0031687,2023_09_MIA_KC,2023,9,RB,12.0,13.59029334674505,3
00-0032764,2023_09_TEN_PIT,2023,9,RB,17.0,15.589205751680478,3
00-0033045,2023_09_WAS_NE,2023,9,RB,6.0,7.610813395301246,3
00-0033293,2023_09_LA_GB,2023,9,RB,20.0,10.137797321418482,3
00-0033699,2023_09_LAC_NYJ,2023,9,RB,14.0,13.157327084798284,3
00-0033897,2023_09_BUF_CIN,2023,9,RB,14.0,18.540069031218778,3
00-0033906,2023_09_CHI_NO,2023,9,RB,9.0,11.279407400401567,3
00-0033925,2023_09_CHI_NO,2023,9,RB,20.0,14.683265248298426,3
00-0033948,2023_09_CHI_NO,2023,9,RB,3.0,11.92472779959891,3
00-0034838,2023_09_LA_GB,2023,9,RB,12.0,11.268926780925474,3
00-0034844,2023_09_NYG_LV,2023,9,RB,16.0,18.046993788373143,3
00-0034959,2023_09_TB_HOU,2023,9,RB,0.0,1.959339484718999,3
00-0034972,2023_09_MIN_ATL,2023,9,RB,16.0,11.53663798073061,3
00-0034975,2023_09_SEA_BAL,2023,9,RB,13.0,9.451260637499153,3
00-0035250,2023_09_TB_HOU,2023,9,RB,13.0,12.585201738602047,3
00-0035261,2023_09_DAL_PHI,2023,9,RB,12.0,17.034313085069158,3
00-0035664,2023_09_LA_GB,2023,9,RB,10.0,15.716719124922559,3
00-0035700,2023_09_NYG_LV,2023,9,RB,26.0,16.3725771017036,3
00-0035860,2023_09_ARI_CLE,2023,9,RB,3.0,8.377550403363339,3
00-0036223,2023_09_IND_CAR,2023,9,RB,18.0,17.85084231589395,3
00-0036265,2023_09_LA_GB,2023,9,RB,9.0,8.817127217545806,3
00-0036275,2023_09_DAL_PHI,2023,9,RB,18.0,15.429425854288477,3
00-0036328,2023_09_WAS_NE,2023,9,RB,6.0,6.012881780956587,3
00-0036370,2023_09_LAC_NYJ,2023,9,RB,3.0,10.874288164804298,3
00-0036555,2023_09_IND_CAR,2023,9,RB,16.0,14.347255050054532,3
00-0036875,2023_09_WAS_NE,2023,9,RB,9.0,14.397478905547123,3
00-0036893,2023_09_TEN_PIT,2023,9,RB,16.0,13.562170545204264,3
00-0036919,2023_09_DAL_PHI,2023,9,RB,3.0,4.748894201793213,3
00-0037197,2023_09_MIA_KC,2023,9,RB,16.0,16.815460866591813,3
00-0037228,2023_09_TEN_PIT,2023,9,RB,11.0,5.955133140430712,3
00-0037248,2023_09_BUF_CIN,2023,9,RB,6.0,12.30928686363422,3
00-0037256,2023_09_TB_HOU,2023,9,RB,20.0,14.726498983334544,3
00-0037263,2023_09_MIN_ATL,2023,9,RB,12.0,11.52628439351931,3
00-0037267,2023_09_ARI_CLE,2023,9,RB,20.0,16.097880667677384,3
00-0037299,2023_09_ARI_CLE,2023,9,RB,9.0,6.2741359245453285,3
00-0037746,2023_09_WAS_NE,2023,9,RB,18.0,12.874125648916785,3
00-0038120,2023_09_LAC_NYJ,2023,9,RB,16.0,12.946258559115982,3
00-0038134,2023_09_SEA_BAL,2023,9,RB,9.0,13.404449875695647,3
00-0038542,2023_09_MIN_ATL,2023,9,RB,11.0,13.078440356635987,3
00-0039032,2023_09_TEN_PIT,2023,9,RB,5.0,8.637744638119734,3
00-0039165,2023_09_SEA_BAL,2023,9,RB,4.0,9.73120359010169,3
00-0030513,2023_10_DEN_BUF,2023,10,RB,9.0,9.599462325363165,3
00-0032764,2023_10_TEN_TB,2023,10,RB,11.0,11.536015909319573,3
00-0033280,2023_10_SF_JAX,2023,10,RB,16.0,15.857705599203435,3
00-0033293,2023_10_GB_PIT,2023,10,RB,13.0,9.992759093598675,3
00-0033553,2023_10_ATL_ARI,2023,10,RB,16.0,17.052145744620116,3
00-0033699,2023_10_DET_LAC,2023,10,RB,19.0,13.357850775295566,3
00-0033897,2023_10_HOU_CIN,2023,10,RB,11.0,17.678792186496647,3
00-0033906,2023_10_NO_MIN,2023,10,RB,9.0,16.643381087318673,3
00-0033923,2023_10_CLE_BAL,2023,10,RB,10.0,10.782624635811354,3
00-0033925,2023_10_CAR_CHI,2023,10,RB,21.0,15.75954466584416,3
00-0034184,2023_10_CLE_BAL,2023,10,RB,11.0,12.4968732280065,3
00-0034844,2023_10_NYG_DAL,2023,10,RB,13.0,14.633281904580983,3
00-0034972,2023_10_NO_MIN,2023,10,RB,8.0,10.132093890806543,3
00-0035243,2023_10_CAR_CHI,2023,10,RB,2.0,7.523375797495353,3
00-0035250,2023_10_HOU_CIN,2023,10,RB,30.0,12.178708252466773,3
00-0035261,2023_10_NYG_DAL,2023,10,RB,15.0,16.97438699999831,3
00-0035685,2023_10_DET_LAC,2023,10,RB,12.0,12.401146054781771,3
00-0035700,2023_10_NYJ_LV,2023,10,RB,27.0,17.730291885687315,3
00-0036223,2023_10_IND_NE,2023,10,RB,23.0,15.243187382000205,3
00-0036265,2023_10_GB_PIT,2023,10,RB,9.0,12.574300113260396,3
00-0036328,2023_10_WAS_SEA,2023,10,RB,4.0,7.314484247171031,3
00-0036555,2023_10_CAR_CHI,2023,10,RB,9.0,10.249610298479173,3
00-0036875,2023_10_IND_NE,2023,10,RB,20.0,15.294322488875181,3
00-0036893,2023_10_GB_PIT,2023,10,RB,16.0,12.08016412909709,3
00-0036973,2023_10_SF_JAX,2023,10,RB,9.0,14.574276312627402,3
00-0036997,2023_10_DEN_BUF,2023,10,RB,21.0,12.985296542864157,3
00-0037228,2023_10_GB_PIT,2023,10,RB,15.0,8.961543464349964,3
00-0037248,2023_10_DEN_BUF,2023,10,RB,12.0,10.32409843136791,3
00-0037256,2023_10_TEN_TB,2023,10,RB,20.0,14.239018616764348,3
00-0037267,2023_10_CLE_BAL,2023,10,RB,17.0,13.761898577979697,3
00-0037276,2023_10_NO_MIN,2023,10,RB,15.0,7.9412836210220705,3
00-0037746,2023_10_WAS_SEA,2023,10,RB,8.0,12.837120268952297,3
00-0038120,2023_10_NYJ_LV,2023,10,RB,13.0,15.246644839737336,3
00-0038134,2023_10_WAS_SEA,2023,10,RB,19.0,13.06673062747333,3
00-0038542,2023_10_ATL_ARI,2023,10,RB,22.0,16.202243274474196,3
00-0039021,2023_10_CAR_CHI,2023,10,RB,5.0,6.57781605345277,3
00-0039032,2023_10_TEN_TB,2023,10,RB,5.0,8.267030642803142,3
00-0039139,2023_10_DET_LAC,2023,10,RB,14.0,12.89527299999173,3
00-0039165,2023_10_WAS_SEA,2023,10,RB,6.0,8.49923735402977,3
00-0031687,2023_11_LV_MIA,2023,11,RB,22.0,16.656100564420647,3
00-0032764,2023_11_TEN_JAX,2023,11,RB,10.0,17.675012401331312,3
00-0033280,2023_11_TB_SF,2023,11,RB,21.0,16.331156897434713,3
00-0033526,2023_11_MIN_DEN,2023,11,RB,1.0,5.765148123610864,3
00-0033553,2023_11_ARI_HOU,2023,11,RB,14.0,18.09466300027739,3
00-0033699,2023_11_LAC_GB,2023,11,RB,10.0,14.494295656466615,3
00-0033897,2023_11_CIN_BAL,2023,11,RB,16.0,16.79448799008585,3
00-0033923,2023_11_PIT_CLE,2023,11,RB,12.0,11.701523518034815,3
00-0034184,2023_11_CIN_BAL,2023,11,RB,12.0,11.390160185702012,3
00-0034838,2023_11_SEA_LA,2023,11,RB,17.0,15.244600645618359,3
00-0034844,2023_11_NYG_WAS,2023,11,RB,14.0,16.894180929996757,3
00-0034972,2023_11_MIN_DEN,2023,11,RB,18.0,15.921223524268237,3
00-0035243,2023_11_DAL_CAR,2023,11,RB,11.0,8.874421975118988,3
00-0035250,2023_11_ARI_HOU,2023,11,RB,22.0,15.451933782633803,3
00-0035261,2023_11_DAL_CAR,2023,11,RB,12.0,15.558342157269202,3
00-0035664,2023_11_SEA_LA,2023,11,RB,6.0,8.8690439800353,3
00-0035685,2023_11_CHI_DET,2023,11,RB,12.0,12.917369530332365,3
00-0035700,2023_11_LV_MIA,2023,11,RB,14.0,19.044197351137743,3
00-0036265,2023_11_LAC_GB,2023,11,RB,14.0,17.97466278833329,3
00-0036275,2023_11_PHI_KC,2023,11,RB,12.0,15.642779847128228,3
00-0036555,2023_11_DAL_CAR,2023,11,RB,10.0,10.210404972588497,3
00-0036893,2023_11_PIT_CLE,2023,11,RB,12.0,13.327442164022578,3
00-0036906,2023_11_CHI_DET,2023,11,RB,16.0,8.352439361187686,3
00-0036973,2023_11_TEN_JAX,2023,11,RB,14.0,16.209932791456872,3
00-0036997,2023_11_MIN_DEN,2023,11,RB,11.0,13.582682166300916,3
00-0037197,2023_11_PHI_KC,2023,11,RB,19.0,14.752383830833306,3
00-0037228,2023_11_PIT_CLE,2023,11,RB,9.0,8.14877539692449,3
00-0037248,2023_11_NYJ_BUF,2023,11,RB,17.0,11.11840392397404,3
00-0037256,2023_11_TB_SF,2023,11,RB,9.0,15.113320103473182,3
00-0037267,2023_11_PIT_CLE,2023,11,RB,12.0,12.657445847795506,3
00-0037746,2023_11_NYG_WAS,2023,11,RB,17.0,17.2161678307546,3
00-0038120,2023_11_NYJ_BUF,2023,11,RB,10.0,14.41893866864152,3
00-0038454,2023_11_CIN_BAL,2023,11,RB,8.0,6.842798360493721,3
00-0039032,2023_11_TEN_JAX,2023,11,RB,4.0,4.934966973902023,3
00-0039139,2023_11_CHI_DET,2023,11,RB,8.0,10.406936285885912,3
00-0039165,2023_11_SEA_LA,2023,11,RB,15.0,13.95186087725437,3
00-0030513,2023_12_BUF_PHI,2023,12,RB,9.0,7.950002312477702,3
00-0031687,2023_12_MIA_NYJ,2023,12,RB,20.0,15.716665181329157,3
00-0032764,2023_12_CAR_TEN,2023,12,RB,18.0,17.700107747352092,3
00-0033280,2023_12_SF_SEA,2023,12,RB,19.0,16.52358878298472,3
00-0033553,2023_12_LA_ARI,2023,12,RB,6.0,12.253925935918328,3
00-0033699,2023_12_BAL_LAC,2023,12,RB,10.0,15.259154293297787,3
00-0033897,2023_12_PIT_CIN,2023,12,RB,8.0,17.089233753266026,3
00-0033906,2023_12_NO_ATL,2023,12,RB,15.0,14.34230750581263,3
00-0034838,2023_12_LA_ARI,2023,12,RB,13.0,10.68994406932234,3
00-0034844,2023_12_NE_NYG,2023,12,RB,12.0,17.65109892342482,3
00-0034972,2023_12_CHI_MIN,2023,12,RB,10.0,12.327030994546126,3
00-0035243,2023_12_CAR_TEN,2023,12,RB,15.0,8.778635174390208,3
00-0035250,2023_12_JAX_HOU,2023,12,RB,6.0,15.975817970635267,3
00-0035261,2023_12_WAS_DAL,2023,12,RB,13.0,15.918010862847433,3
00-0035628,2023_12_JAX_HOU,2023,12,RB,7.0,7.609615342228896,3
00-0035700,2023_12_KC_LV,2023,12,RB,20.0,18.522337371396194,3
00-0035973,2023_12_GB_DET,2023,12,RB,3.0,6.046159802876499,3
00-0036223,2023_12_TB_IND,2023,12,RB,15.0,15.478669176904953,3
00-0036251,2023_12_TB_IND,2023,12,RB,8.0,12.346757358806265,3
00-0036265,2023_12_GB_DET,2023,12,RB,14.0,13.206114845338497,3
00-0036275,2023_12_BUF_PHI,2023,12,RB,14.0,16.26805984622447,3
00-0036328,2023_12_WAS_DAL,2023,12,RB,6.0,6.132366988530842,3
00-0036555,2023_12_CAR_TEN,2023,12,RB,14.0,14.234230130269534,3
00-0036875,2023_12_NE_NYG,2023,12,RB,21.0,18.008044430940302,3
00-0036893,2023_12_PIT_CIN,2023,12,RB,15.0,12.116200931939302,3
00-0036919,2023_12_BUF_PHI,2023,12,RB,2.0,5.217419027914857,3
00-0036924,2023_12_LA_ARI,2023,12,RB,4.0,6.937170171956665,3
00-0036973,2023_12_JAX_HOU,2023,12,RB,20.0,15.881126061730317,3
00-0036997,2023_12_CLE_DEN,2023,12,RB,18.0,16.691986405540696,3
00-0037197,2023_12_KC_LV,2023,12,RB,15.0,18.534282076419643,3
00-0037228,2023_12_PIT_CIN,2023,12,RB,13.0,9.526801968040928,3
00-0037248,2023_12_BUF_PHI,2023,12,RB,16.0,10.671085558179831,3
00-0037256,2023_12_TB_IND,2023,12,RB,15.0,15.805746643253752,3
00-0037267,2023_12_CLE_DEN,2023,12,RB,9.0,17.05254160607083,3
00-0037746,2023_12_WAS_DAL,2023,12,RB,15.0,10.591469042888235,3
00-0037840,2023_12_LA_ARI,2023,12,RB,16.0,14.784873552426273,3
00-0038120,2023_12_MIA_NYJ,2023,12,RB,7.0,14.348118752669249,3
00-0038454,2023_12_BAL_LAC,2023,12,RB,9.0,7.520089783550423,3
00-0038542,2023_12_NO_ATL,2023,12,RB,16.0,14.469089836456885,3
00-0039021,2023_12_CHI_MIN,2023,12,RB,10.0,12.878789936987976,3
00-0039032,2023_12_CAR_TEN,2023,12,RB,2.0,5.2104680357109,3
00-0039139,2023_12_GB_DET,2023,12,RB,11.0,15.29850734169048,3
00-0039165,2023_12_SF_SEA,2023,12,RB,14.0,15.698889147192828,3
00-0031687,2023_13_MIA_WAS,2023,13,RB,11.0,9.625751663242125,3
00-0032764,2023_13_IND_TEN,2023,13,RB,21.0,11.804258900971456,3
00-0033045,2023_13_LAC_NE,2023,13,RB,17.0,13.143129344843656,3
00-0033280,2023_13_SF_PHI,2023,13,RB,17.0,16.49508793775411,3
00-0033553,2023_13_ARI_PIT,2023,13,RB,25.0,17.678191965995413,3
00-0033699,2023_13_LAC_NE,2023,13,RB,14.0,12.420726295329375,3
00-0033897,2023_13_CIN_JAX,2023,13,RB,19.0,16.260527237531207,3
00-0033906,2023_13_DET_NO,2023,13,RB,14.0,13.776217482997685,3
00-0033923,2023_13_CLE_LA,2023,13,RB,12.0,10.499096916498335,3
00-0034959,2023_13_DEN_HOU,2023,13,RB,0.0,2.3144977710701085,3
00-0035250,2023_13_DEN_HOU,2023,13,RB,8.0,9.87572150814267,3
00-0035261,2023_13_SEA_DAL,2023,13,RB,20.0,16.877155799090268,3
00-0035628,2023_13_CIN_JAX,2023,13,RB,5.0,7.6791894405182095,3
00-0035685,2023_13_DET_NO,2023,13,RB,18.0,18.023096031419374,3
00-0036251,2023_13_IND_TEN,2023,13,RB,19.0,18.601071224789326,3
00-0036265,2023_13_KC_GB,2023,13,RB,18.0,16.925431178409625,3
00-0036275,2023_13_SF_PHI,2023,13,RB,6.0,11.699449524671078,3
00-0036328,2023_13_MIA_WAS,2023,13,RB,10.0,8.115616075396517,3
00-0036370,2023_13_LAC_NE,2023,13,RB,6.0,10.284678714411035,3
00-0036425,2023_13_SEA_DAL,2023,13,RB,1.0,7.99658925083071,3
00-0036555,2023_13_CAR_TB,2023,13,RB,25.0,13.947118553545852,3
00-0036893,2023_13_ARI_PIT,2023,13,RB,16.0,15.002119102888779,3
00-0036919,2023_13_SF_PHI,2023,13,RB,2.0,5.113361089805222,3
00-0036973,2023_13_CIN_JAX,2023,13,RB,11.0,15.146609322270493,3
00-0036997,2023_13_DEN_HOU,2023,13,RB,13.0,15.983094851041052,3
00-0037197,2023_13_KC_GB,2023,13,RB,18.0,17.884880234016734,3
00-0037228,2023_13_ARI_PIT,2023,13,RB,9.0,8.154242172061481,3
00-0037256,2023_13_CAR_TB,2023,13,RB,20.0,16.760076391790527,3
00-0037258,2023_13_DEN_HOU,2023,13,RB,15.0,12.332284129907064,3
00-0037267,2023_13_CLE_LA,2023,13,RB,9.0,12.071929203549132,3
00-0037840,2023_13_CLE_LA,2023,13,RB,21.0,18.27789312966521,3
00-0038120,2023_13_ATL_NYJ,2023,13,RB,13.0,14.683739579616498,3
00-0038542,2023_13_ATL_NYJ,2023,13,RB,18.0,15.989763908743889,3
00-0039032,2023_13_IND_TEN,2023,13,RB,16.0,8.725324751363782,3
00-0039040,2023_13_MIA_WAS,2023,13,RB,17.0,14.462015119371706,3
00-0039139,2023_13_DET_NO,2023,13,RB,8.0,9.014397565334633,3
00-0039165,2023_13_SEA_DAL,2023,13,RB,19.0,12.497877786484135,3
00-0031376,2023_14_BUF_KC,2023,14,RB,4.0,4.30697351281821,3
00-0031687,2023_14_TEN_MIA,2023,14,RB,21.0,15.793867949005605,3
00-0032764,2023_14_TEN_MIA,2023,14,RB,17.0,14.724153033642917,3
00-0033045,2023_14_NE_PIT,2023,14,RB,22.0,15.00376443175209,3
00-0033280,2023_14_SEA_SF,2023,14,RB,16.0,17.89056400220245,3
00-0033699,2023_14_DEN_LAC,2023,14,RB,10.0,15.206140534320703,3
00-0033897,2023_14_IND_CIN,2023,14,RB,21.0,16.29689119365842,3
00-0033906,2023_14_CAR_NO,2023,14,RB,12.0,10.336380021631193,3
00-0033923,2023_14_JAX_CLE,2023,14,RB,10.0,9.546094793303551,3
00-0033925,2023_14_DET_CHI,2023,14,RB,11.0,14.581332021139591,3
00-0033948,2023_14_CAR_NO,2023,14,RB,11.0,8.650967473181058,3
00-0034844,2023_14_GB_NYG,2023,14,RB,20.0,18.420718689934592,3
00-0034975,2023_14_LA_BAL,2023,14,RB,0.0,6.065290967220895,3
00-0035250,2023_14_HOU_NYJ,2023,14,RB,13.0,11.877898899771523,3
00-0035261,2023_14_PHI_DAL,2023,14,RB,16.0,15.921376791037844,3
00-0035685,2023_14_DET_CHI,2023,14,RB,10.0,12.996251732189164,3
00-0035700,2023_14_MIN_LV,2023,14,RB,13.0,15.913694202324853,3
00-0035973,2023_14_GB_NYG,2023,14,RB,4.0,5.936354730612954,3
00-0036251,2023_14_IND_CIN,2023,14,RB,13.0,19.013853649575896,3
00-0036265,2023_14_GB_NYG,2023,14,RB,15.0,13.14071902536625,3
00-0036275,2023_14_PHI_DAL,2023,14,RB,11.0,12.691787927226796,3
00-0036360,2023_14_BUF_KC,2023,14,RB,11.0,10.031591388582022,3
00-0036555,2023_14_CAR_NO,2023,14,RB,23.0,16.184506443220393,3
00-0036893,2023_14_NE_PIT,2023,14,RB,12.0,13.53521247097724,3
00-0036919,2023_14_PHI_DAL,2023,14,RB,4.0,4.143382210331875,3
00-0036973,2023_14_JAX_CLE,2023,14,RB,14.0,18.431297647357788,3
00-0036997,2023_14_DEN_LAC,2023,14,RB,17.0,15.433567332034526,3
00-0037228,2023_14_NE_PIT,2023,14,RB,7.0,9.422957287494615,3
00-0037248,2023_14_BUF_KC,2023,14,RB,10.0,10.794315681378565,3
00-0037256,2023_14_TB_ATL,2023,14,RB,25.0,15.651029239906695,3
00-0037267,2023_14_JAX_CLE,2023,14,RB,12.0,12.409320561875118,3
00-0037276,2023_14_MIN_LV,2023,14,RB,12.0,13.450835522722352,3
00-0037840,2023_14_LA_BAL,2023,14,RB,25.0,18.503869739315007,3
00-0038120,2023_14_HOU_NYJ,2023,14,RB,10.0,12.812230145589625,3
00-0038134,2023_14_SEA_SF,2023,14,RB,8.0,13.763447899846588,3
00-0038542,2023_14_TB_ATL,2023,14,RB,10.0,15.371818864538898,3
00-0039032,2023_14_TEN_MIA,2023,14,RB,7.0,9.790832834974786,3
00-0039040,2023_14_TEN_MIA,2023,14,RB,7.0,11.017157121858881,3
00-0039139,2023_14_DET_CHI,2023,14,RB,11.0,13.764157366274825,3
00-0039165,2023_14_SEA_SF,2023,14,RB,9.0,9.211471068150315,3
00-0031376,2023_15_KC_NE,2023,15,RB,4.0,4.605764571986502,3
00-0031687,2023_15_NYJ_MIA,2023,15,RB,15.0,13.477075613441531,3
00-0032764,2023_15_HOU_TEN,2023,15,RB,16.0,14.808714712318238,3
00-0033045,2023_15_KC_NE,2023,15,RB,11.0,14.270712882653484,3
00-0033280,2023_15_SF_ARI,2023,15,RB,18.0,19.162082262650912,3
00-0033293,2023_15_TB_GB,2023,15,RB,13.0,9.036982579755904,3
00-0033308,2023_15_NYG_NO,2023,15,RB,3.0,7.410313916329211,3
00-0033526,2023_15_DEN_DET,2023,15,RB,6.0,4.623002727296066,3
00-0033553,2023_15_SF_ARI,2023,15,RB,14.0,13.558521053293195,3
00-0033699,2023_15_LAC_LV,2023,15,RB,5.0,8.360098360215554,3
00-0033897,2023_15_MIN_CIN,2023,15,RB,10.0,17.320551089142622,3
00-0033906,2023_15_NYG_NO,2023,15,RB,16.0,11.259210598707291,3
00-0033948,2023_15_NYG_NO,2023,15,RB,8.0,10.68842597484862,3
00-0034184,2023_15_BAL_JAX,2023,15,RB,16.0,10.837854541629655,3
00-0034844,2023_15_NYG_NO,2023,15,RB,9.0,13.551603515959728,3
00-0035250,2023_15_HOU_TEN,2023,15,RB,26.0,15.328912421189855,3
00-0035261,2023_15_DAL_BUF,2023,15,RB,11.0,16.150744893306992,3
00-0035685,2023_15_DEN_DET,2023,15,RB,17.0,16.385865854489758,3
00-0035973,2023_15_TB_GB,2023,15,RB,1.0,4.777648023924373,3
00-0036275,2023_15_PHI_SEA,2023,15,RB,18.0,15.228859327639457,3
00-0036328,2023_15_WAS_LA,2023,15,RB,4.0,6.4462798073424326,3
00-0036360,2023_15_KC_NE,2023,15,RB,13.0,11.494233141271863,3
00-0036555,2023_15_ATL_CAR,2023,15,RB,22.0,15.957951625131418,3
00-0036893,2023_15_PIT_IND,2023,15,RB,12.0,10.601433865641427,3
00-0036919,2023_15_PHI_SEA,2023,15,RB,6.0,4.418610048154662,3
00-0036973,2023_15_BAL_JAX,2023,15,RB,10.0,18.170888582990656,3
00-0036984,2023_15_PIT_IND,2023,15,RB,17.0,8.955005051362303,3
00-0036997,2023_15_DEN_DET,2023,15,RB,12.0,13.009598239557837,3
00-0037228,2023_15_PIT_IND,2023,15,RB,10.0,14.498953408089715,3
00-0037248,2023_15_DAL_BUF,2023,15,RB,25.0,12.160827296502905,3
00-0037256,2023_15_TB_GB,2023,15,RB,21.0,18.80195425696092,3
00-0037263,2023_15_ATL_CAR,2023,15,RB,14.0,13.307832279516825,3
00-0037267,2023_15_CHI_CLE,2023,15,RB,8.0,10.474098168574663,3
00-0037276,2023_15_MIN_CIN,2023,15,RB,23.0,16.813842710257784,3
00-0037840,2023_15_WAS_LA,2023,15,RB,27.0,19.0087167594788,3
00-0038040,2023_15_LAC_LV,2023,15,RB,17.0,15.224279396781949,3
00-0038045,2023_15_LAC_LV,2023,15,RB,16.0,7.971533663539353,3
00-0038120,2023_15_NYJ_MIA,2023,15,RB,6.0,7.9899070162423325,3
00-0038134,2023_15_PHI_SEA,2023,15,RB,19.0,13.42632228348294,3
00-0038389,2023_15_NYJ_MIA,2023,15,RB,4.0,7.370351145226841,3
00-0038454,2023_15_BAL_JAX,2023,15,RB,9.0,7.694785082140343,3
00-0038542,2023_15_ATL_CAR,2023,15,RB,7.0,13.743672513882817,3
00-0039021,2023_15_CHI_CLE,2023,15,RB,5.0,8.056113143967577,3
00-0039032,2023_15_HOU_TEN,2023,15,RB,9.0,6.329712294542084,3
00-0039040,2023_15_NYJ_MIA,2023,15,RB,9.0,9.9231655202891,3
00-0039139,2023_15_DEN_DET,2023,15,RB,11.0,10.406449425508654,3
00-0039165,2023_15_PHI_SEA,2023,15,RB,4.0,9.003596389709578,3
00-0032764,2023_16_SEA_TEN,2023,16,RB,19.0,16.02352511566314,3
00-0033045,2023_16_NE_DEN,2023,16,RB,12.0,15.265293539562629,3
00-0033280,2023_16_BAL_SF,2023,16,RB,14.0,18.364554901275774,3
00-0033293,2023_16_GB_CAR,2023,16,RB,21.0,9.657782690338859,3
00-0033526,2023_16_NE_DEN,2023,16,RB,1.0,5.154634031097413,3
00-0033553,2023_16_ARI_CHI,2023,16,RB,12.0,15.663799404064525,3
00-0033699,2023_16_BUF_LAC,2023,16,RB,15.0,13.16473154660079,3
00-0033854,2023_16_CLE_HOU,2023,16,RB,1.0,7.046019543289023,3
00-0033897,2023_16_CIN_PIT,2023,16,RB,11.0,16.318211311665028,3
00-0033906,2023_16_NO_LA,2023,16,RB,9.0,14.298618646526325,3
00-0033923,2023_16_CLE_HOU,2023,16,RB,7.0,9.533216083978004,3
00-0034184,2023_16_BAL_SF,2023,16,RB,9.0,11.41934479176308,3
00-0034844,2023_16_NYG_PHI,2023,16,RB,23.0,17.24477867082518,3
00-0034975,2023_16_BAL_SF,2023,16,RB,10.0,8.276680411692857,3
00-0035243,2023_16_GB_CAR,2023,16,RB,3.0,9.022624883693682,3
00-0035250,2023_16_CLE_HOU,2023,16,RB,9.0,9.19909862327762,3
00-0035261,2023_16_DAL_MIA,2023,16,RB,12.0,15.196488643159652,3
00-0035685,2023_16_DET_MIN,2023,16,RB,17.0,12.964551804948254,3
00-0036223,2023_16_IND_ATL,2023,16,RB,18.0,15.661201297257126,3
00-0036275,2023_16_NYG_PHI,2023,16,RB,20.0,14.905423644171288,3
00-0036328,2023_16_WAS_NYJ,2023,16,RB,9.0,7.053104151772141,3
00-0036360,2023_16_LV_KC,2023,16,RB,4.0,8.193841295324248,3
00-0036555,2023_16_GB_CAR,2023,16,RB,16.0,15.48024071034909,3
00-0036893,2023_16_CIN_PIT,2023,16,RB,19.0,10.881717654554482,3
00-0036906,2023_16_ARI_CHI,2023,16,RB,20.0,10.08515553284235,3
00-0036919,2023_16_NYG_PHI,2023,16,RB,6.0,4.278494342106887,3
00-0036973,2023_16_JAX_TB,2023,16,RB,6.0,17.371737797068118,3
00-0036997,2023_16_NE_DEN,2023,16,RB,11.0,9.51608871358658,3
00-0037197,2023_16_LV_KC,2023,16,RB,11.0,15.155178118087196,3
00-0037228,2023_16_CIN_PIT,2023,16,RB,8.0,11.573556472176532,3
00-0037248,2023_16_BUF_LAC,2023,16,RB,20.0,18.1395652905681,3
00-0037256,2023_16_JAX_TB,2023,16,RB,20.0,17.507259055136426,3
00-0037267,2023_16_CLE_HOU,2023,16,RB,15.0,9.366528527432912,3
00-0037276,2023_16_DET_MIN,2023,16,RB,8.0,16.802789397319025,3
00-0037840,2023_16_NO_LA,2023,16,RB,22.0,17.576328211889063,3
00-0038040,2023_16_LV_KC,2023,16,RB,22.0,18.068571620428507,3
00-0038120,2023_16_WAS_NYJ,2023,16,RB,20.0,16.14619559543209,3
00-0038134,2023_16_SEA_TEN,2023,16,RB,16.0,15.994236312018149,3
00-0038542,2023_16_IND_ATL,2023,16,RB,12.0,16.22874177208501,3
00-0038611,2023_16_WAS_NYJ,2023,16,RB,10.0,8.055174205446257,3
00-0038705,2023_16_ARI_CHI,2023,16,RB,2.0,7.072907074491189,3
00-0039021,2023_16_ARI_CHI,2023,16,RB,9.0,7.061575649970876,3
00-0039032,2023_16_SEA_TEN,2023,16,RB,9.0,8.531585243076501,3
00-0039040,2023_16_DAL_MIA,2023,16,RB,7.0,11.351607104440138,3
00-0039139,2023_16_DET_MIN,2023,16,RB,15.0,13.058352665120466,3
00-0039165,2023_16_SEA_TEN,2023,16,RB,2.0,9.619466811860002,3
00-0032104,2023_17_LV_IND,2023,17,RB,1.0,7.193673463565227,3
00-0032764,2023_17_TEN_HOU,2023,17,RB,12.0,10.7013365810494,3
00-0033045,2023_17_NE_BUF,2023,17,RB,14.0,15.015409582169829,3
00-0033280,2023_17_SF_WAS,2023,17,RB,14.0,11.599364303596905,3
00-0033293,2023_17_GB_MIN,2023,17,RB,20.0,12.138562547613985,3
00-0033553,2023_17_ARI_PHI,2023,17,RB,26.0,16.640961859471528,3
00-0033699,2023_17_LAC_DEN,2023,17,RB,13.0,15.068468017951727,3
00-0033897,2023_17_CIN_KC,2023,17,RB,21.0,14.494387324902245,3
00-0033923,2023_17_NYJ_CLE,2023,17,RB,10.0,9.793793517594466,3
00-0033948,2023_17_NO_TB,2023,17,RB,19.0,11.724738227148348,3
00-0034115,2023_17_MIA_BAL,2023,17,RB,3.0,8.540194914069904,3
00-0034184,2023_17_MIA_BAL,2023,17,RB,16.0,12.627776363700601,3
00-0034844,2023_17_LA_NYG,2023,17,RB,12.0,17.334195845477137,3
00-0034972,2023_17_GB_MIN,2023,17,RB,3.0,10.524005203458188,3
00-0034975,2023_17_MIA_BAL,2023,17,RB,3.0,5.701485766367952,3
00-0035250,2023_17_TEN_HOU,2023,17,RB,16.0,12.51360601973084,3
00-0035261,2023_17_DET_DAL,2023,17,RB,16.0,15.492093038419133,3
00-0035685,2023_17_DET_DAL,2023,17,RB,14.0,12.157743115483955,3
00-0036223,2023_17_LV_IND,2023,17,RB,21.0,17.663674824221957,3
00-0036275,2023_17_ARI_PHI,2023,17,RB,13.0,14.07941588026273,3
00-0036328,2023_17_SF_WAS,2023,17,RB,4.0,7.295189881628753,3
00-0036555,2023_17_CAR_JAX,2023,17,RB,11.0,15.559366615885592,3
00-0036567,2023_17_SF_WAS,2023,17,RB,17.0,9.966340794500036,3
00-0036893,2023_17_PIT_SEA,2023,17,RB,27.0,12.693368487340695,3
00-0036906,2023_17_ATL_CHI,2023,17,RB,18.0,11.457474854371867,3
00-0036919,2023_17_ARI_PHI,2023,17,RB,2.0,7.781258940138989,3
00-0036973,2023_17_CAR_JAX,2023,17,RB,16.0,14.37967547800622,3
00-0036997,2023_17_LAC_DEN,2023,17,RB,15.0,10.843850496617234,3
00-0037197,2023_17_CIN_KC,2023,17,RB,18.0,18.484330501348683,3
00-0037228,2023_17_PIT_SEA,2023,17,RB,13.0,9.06713362189784,3
00-0037248,2023_17_NE_BUF,2023,17,RB,16.0,11.86055814781645,3
00-0037256,2023_17_NO_TB,2023,17,RB,11.0,17.54108500303196,3
00-0037267,2023_17_NYJ_CLE,2023,17,RB,12.0,10.068692055291868,3
00-0037276,2023_17_GB_MIN,2023,17,RB,10.0,14.508380752039379,3
00-0037746,2023_17_SF_WAS,2023,17,RB,9.0,11.412043410792235,3
00-0037840,2023_17_LA_NYG,2023,17,RB,20.0,19.61803874044747,3
00-0038040,2023_17_LV_IND,2023,17,RB,20.0,15.377136445364675,3
00-0038120,2023_17_NYJ_CLE,2023,17,RB,13.0,16.060744917000047,3
00-0038134,2023_17_PIT_SEA,2023,17,RB,10.0,12.298860038630476,3
00-0038542,2023_17_ATL_CHI,2023,17,RB,15.0,15.31127703449888,3
00-0039021,2023_17_ATL_CHI,2023,17,RB,7.0,7.9534103412174915,3
00-0039032,2023_17_TEN_HOU,2023,17,RB,6.0,9.408461074449777,3
00-0039040,2023_17_MIA_BAL,2023,17,RB,14.0,11.16873283119765,3
00-0039139,2023_17_DET_DAL,2023,17,RB,15.0,13.178697923096333,3
00-0039165,2023_17_PIT_SEA,2023,17,RB,2.0,12.284869769231276,3
00-0032764,2023_18_JAX_TEN,2023,18,RB,19.0,17.30995122583943,3
00-0033045,2023_18_NYJ_NE,2023,18,RB,13.0,16.041404660800897,3
00-0033293,2023_18_CHI_GB,2023,18,RB,22.0,16.01869303676718,3
00-0033526,2023_18_DEN_LV,2023,18,RB,3.0,6.187196360069307,3
00-0033553,2023_18_SEA_ARI,2023,18,RB,27.0,18.284991301221844,3
00-0033699,2023_18_KC_LAC,2023,18,RB,10.0,15.519644852698494,3
00-0033897,2023_18_CLE_CIN,2023,18,RB,14.0,12.803881116581264,3
00-0033948,2023_18_ATL_NO,2023,18,RB,14.0,10.972633698424763,3
00-0034115,2023_18_BUF_MIA,2023,18,RB,9.0,5.232050523614392,3
00-0034838,2023_18_LA_SF,2023,18,RB,4.0,11.184716808801891,3
00-0034844,2023_18_PHI_NYG,2023,18,RB,18.0,16.16009016687782,3
00-0034975,2023_18_PIT_BAL,2023,18,RB,0.0,7.02958135367211,3
00-0035250,2023_18_HOU_IND,2023,18,RB,24.0,15.085643155037388,3
00-0035261,2023_18_DAL_WAS,2023,18,RB,17.0,13.05580378307354,3
00-0035685,2023_18_MIN_DET,2023,18,RB,10.0,14.52309811612962,3
00-0036139,2023_18_DAL_WAS,2023,18,RB,9.0,7.650053785003603,3
00-0036223,2023_18_HOU_IND,2023,18,RB,30.0,18.44972928508829,3
00-0036269,2023_18_KC_LAC,2023,18,RB,21.0,16.51252074940808,3
00-0036328,2023_18_DAL_WAS,2023,18,RB,2.0,8.754045738151689,3
00-0036555,2023_18_TB_CAR,2023,18,RB,23.0,15.469207505334913,3
00-0036567,2023_18_LA_SF,2023,18,RB,14.0,13.325968520996556,3
00-0036893,2023_18_PIT_BAL,2023,18,RB,26.0,15.125773787356271,3
00-0036906,2023_18_CHI_GB,2023,18,RB,12.0,12.624900581074643,3
00-0036919,2023_18_PHI_NYG,2023,18,RB,7.0,4.3551962550802585,3
00-0036973,2023_18_JAX_TEN,2023,18,RB,16.0,15.897988476231012,3
00-0036997,2023_18_DEN_LV,2023,18,RB,9.0,9.8104622973948,3
00-0037228,2023_18_PIT_BAL,2023,18,RB,9.0,7.6218120153734485,3
00-0037248,2023_18_BUF_MIA,2023,18,RB,13.0,13.931026158952474,3
00-0037256,2023_18_TB_CAR,2023,18,RB,19.0,18.11267175171701,3
00-0037267,2023_18_CLE_CIN,2023,18,RB,3.0,10.112891388211212,3
00-0037276,2023_18_MIN_DET,2023,18,RB,12.0,11.814417957004228,3
00-0037525,2023_18_LA_SF,2023,18,RB,6.0,8.396745122880873,3
00-0037557,2023_18_LA_SF,2023,18,RB,13.0,8.141944173105284,3
00-0037746,2023_18_DAL_WAS,2023,18,RB,9.0,10.367930744306678,3
00-0038040,2023_18_DEN_LV,2023,18,RB,25.0,18.521132496121343,3
00-0038098,2023_18_CLE_CIN,2023,18,RB,14.0,8.5172319306965,3
00-0038120,2023_18_NYJ_NE,2023,18,RB,37.0,14.84467345957888,3
00-0038134,2023_18_SEA_ARI,2023,18,RB,17.0,13.783665082604141,3
00-0038542,2023_18_ATL_NO,2023,18,RB,11.0,16.0261901837313,3
00-0038551,2023_18_ATL_NO,2023,18,RB,13.0,8.983485340353276,3
00-0039021,2023_18_CHI_GB,2023,18,RB,5.0,8.656439095159449,3
00-0039040,2023_18_BUF_MIA,2023,18,RB,10.0,14.809384556908899,3
00-0039139,2023_18_MIN_DET,2023,18,RB,13.0,10.382918329021155,3
00-0039165,2023_18_SEA_ARI,2023,18,RB,5.0,9.379043022358843,3
00-0031687,2023_19_MIA_KC,2023,19,RB,8.0,12.551377641517705,3
00-0033293,2023_19_GB_DAL,2023,19,RB,21.0,15.170861980953784,3
00-0033923,2023_19_CLE_HOU,2023,19,RB,8.0,8.977539644170346,3
00-0034959,2023_19_CLE_HOU,2023,19,RB,0.0,1.4876242323452242,3
00-0035250,2023_19_CLE_HOU,2023,19,RB,13.0,15.530393857821204,3
00-0035261,2023_19_GB_DAL,2023,19,RB,15.0,17.166489492639023,3
00-0035685,2023_19_LA_DET,2023,19,RB,14.0,14.680441590911167,3
00-0036275,2023_19_PHI_TB,2023,19,RB,10.0,17.145381228198914,3
00-0036893,2023_19_PIT_BUF,2023,19,RB,12.0,15.255460998341789,3
00-0037197,2023_19_MIA_KC,2023,19,RB,24.0,15.357789950025555,3
00-0037228,2023_19_PIT_BUF,2023,19,RB,8.0,7.51473037713453,3
00-0037248,2023_19_PIT_BUF,2023,19,RB,18.0,14.258091959122833,3
00-0037256,2023_19_PHI_TB,2023,19,RB,18.0,17.718551950071358,3
00-0037267,2023_19_CLE_HOU,2023,19,RB,9.0,13.53217071637703,3
00-0037840,2023_19_LA_DET,2023,19,RB,13.0,16.77259690165692,3
00-0039040,2023_19_MIA_KC,2023,19,RB,6.0,10.58456160659145,3
00-0039139,2023_19_LA_DET,2023,19,RB,8.0,9.259596096897196,3
00-0033280,2023_20_GB_SF,2023,20,RB,17.0,17.302534237880835,3
00-0033293,2023_20_GB_SF,2023,20,RB,18.0,17.045110468068877,3
00-0034184,2023_20_HOU_BAL,2023,20,RB,10.0,10.921641376868445,3
00-0034975,2023_20_HOU_BAL,2023,20,RB,13.0,8.3893235833127,3
00-0035250,2023_20_HOU_BAL,2023,20,RB,9.0,14.841322146609276,3
00-0035685,2023_20_TB_DET,2023,20,RB,10.0,15.183087883625515,3
00-0037197,2023_20_KC_BUF,2023,20,RB,15.0,17.864304700492518,3
00-0037248,2023_20_KC_BUF,2023,20,RB,18.0,11.64188015979857,3
00-0037256,2023_20_TB_DET,2023,20,RB,9.0,17.83502539462065,3
00-0039139,2023_20_TB_DET,2023,20,RB,9.0,9.248969837836746,3
00-0033280,2023_21_DET_SF,2023,21,RB,20.0,16.85668196925365,3
00-0034975,2023_21_KC_BAL,2023,21,RB,3.0,11.19761306672053,3
00-0035685,2023_21_DET_SF,2023,21,RB,15.0,12.898730913039602,3
00-0037197,2023_21_KC_BAL,2023,21,RB,24.0,18.953437320807655,3
00-0039139,2023_21_DET_SF,2023,21,RB,12.0,10.353961143468197,3
00-0033280,2023_22_SF_KC,2023,22,RB,22.0,17.69891000219819,3
00-0037197,2023_22_SF_KC,2023,22,RB,18.0,18.105816722969713,3
00-0031687,2024_01_JAX_MIA,2024,1,RB,6.0,7.125733726721912,4
00-0032764,2024_01_BAL_KC,2024,1,RB,13.0,10.889441319593868,4
00-0033045,2024_01_DAL_CLE,2024,1,RB,10.0,11.144961172081125,4
00-0033293,2024_01_MIN_NYG,2024,1,RB,14.0,11.017245575087877,4
00-0033553,2024_01_ARI_BUF,2024,1,RB,16.0,14.558036457462883,4
00-0033699,2024_01_WAS_TB,2024,1,RB,2.0,9.017282692379158,4
00-0033897,2024_01_HOU_IND,2024,1,RB,30.0,16.437192583003178,4
00-0033906,2024_01_CAR_NO,2024,1,RB,15.0,10.890042798814926,4
00-0034184,2024_01_LV_LAC,2024,1,RB,11.0,9.222904333613126,4
00-0034844,2024_01_GB_PHI,2024,1,RB,24.0,18.03950205440441,4
00-0034972,2024_01_LV_LAC,2024,1,RB,5.0,12.8633483942731,4
00-0034975,2024_01_BAL_KC,2024,1,RB,1.0,9.205714197172824,4
00-0035243,2024_01_CAR_NO,2024,1,RB,5.0,7.149847675016114,4
00-0035250,2024_01_MIN_NYG,2024,1,RB,10.0,12.569796954552503,4
00-0035261,2024_01_TEN_CHI,2024,1,RB,16.0,12.741618138545325,4
00-0035685,2024_01_LA_DET,2024,1,RB,17.0,10.0811718450509,4
00-0035700,2024_01_GB_PHI,2024,1,RB,16.0,16.868747773089353,4
00-0036139,2024_01_DAL_CLE,2024,1,RB,8.0,9.31783945193362,4
00-0036158,2024_01_LV_LAC,2024,1,RB,10.0,13.364158026135549,4
00-0036223,2024_01_HOU_IND,2024,1,RB,16.0,17.489319223115423,4
00-0036251,2024_01_NE_CIN,2024,1,RB,9.0,14.24660096003032,4
00-0036275,2024_01_TEN_CHI,2024,1,RB,10.0,16.174360814028528,4
00-0036555,2024_01_CAR_NO,2024,1,RB,6.0,10.033146122941915,4
00-0036875,2024_01_NE_CIN,2024,1,RB,25.0,16.299351503784365,4
00-0036893,2024_01_PIT_ATL,2024,1,RB,20.0,12.161761794814765,4
00-0036973,2024_01_JAX_MIA,2024,1,RB,12.0,14.224244571087478,4
00-0036997,2024_01_DEN_SEA,2024,1,RB,8.0,10.533140621455923,4
00-0037197,2024_01_BAL_KC,2024,1,RB,15.0,17.47406885591821,4
00-0037248,2024_01_ARI_BUF,2024,1,RB,19.0,11.372968043934508,4
00-0037256,2024_01_WAS_TB,2024,1,RB,15.0,16.183730207221117,4
00-0037267,2024_01_DAL_CLE,2024,1,RB,12.0,16.60411359563676,4
00-0037276,2024_01_MIN_NYG,2024,1,RB,8.0,7.07775539477804,4
00-0037525,2024_01_NYJ_SF,2024,1,RB,28.0,16.82976782685042,4
00-0037746,2024_01_WAS_TB,2024,1,RB,12.0,11.880774356416499,4
00-0037840,2024_01_LA_DET,2024,1,RB,18.0,13.316446251516105,4
00-0038040,2024_01_LV_LAC,2024,1,RB,13.0,7.7272689596623785,4
00-0038120,2024_01_NYJ_SF,2024,1,RB,16.0,17.058597248105393,4
00-0038134,2024_01_DEN_SEA,2024,1,RB,20.0,14.572412285105107,4
00-0038542,2024_01_PIT_ATL,2024,1,RB,18.0,17.56873210923154,4
00-0038794,2024_01_DEN_SEA,2024,1,RB,10.0,5.771362422390725,4
00-0039032,2024_01_TEN_CHI,2024,1,RB,4.0,7.378576534327532,4
00-0039040,2024_01_JAX_MIA,2024,1,RB,10.0,9.654153067850828,4
00-0039139,2024_01_LA_DET,2024,1,RB,11.0,7.805345359644823,4
00-0039165,2024_01_DEN_SEA,2024,1,RB,8.0,7.008871868842918,4
00-0032764,2024_02_LV_BAL,2024,2,RB,18.0,14.169523470016511,4
00-0033045,2024_02_NO_DAL,2024,2,RB,6.0,8.057767449473133,4
00-0033293,2024_02_SF_MIN,2024,2,RB,9.0,14.166157522290924,4
00-0033553,2024_02_LA_ARI,2024,2,RB,21.0,15.460176793471389,4
00-0033699,2024_02_NYG_WAS,2024,2,RB,8.0,3.224524481656653,4
00-0033897,2024_02_CHI_HOU,2024,2,RB,9.0,12.71788315014166,4
00-0033906,2024_02_NO_DAL,2024,2,RB,20.0,13.274829033632242,4
00-0033925,2024_02_CLE_JAX,2024,2,RB,14.0,6.431126555210195,4
00-0034184,2024_02_LAC_CAR,2024,2,RB,18.0,11.943136964159581,4
00-0034844,2024_02_ATL_PHI,2024,2,RB,22.0,19.484304081926123,4
00-0034975,2024_02_LV_BAL,2024,2,RB,4.0,5.739950323213732,4
00-0035243,2024_02_LAC_CAR,2024,2,RB,7.0,5.666173920652647,4
00-0035250,2024_02_NYG_WAS,2024,2,RB,16.0,14.265560832467026,4
00-0035261,2024_02_NYJ_TEN,2024,2,RB,17.0,16.142936281099363,4
00-0035685,2024_02_TB_DET,2024,2,RB,11.0,12.086332609083858,4
00-0035700,2024_02_IND_GB,2024,2,RB,32.0,16.94735135154515,4
00-0036139,2024_02_NO_DAL,2024,2,RB,7.0,8.534411535969689,4
00-0036158,2024_02_LAC_CAR,2024,2,RB,17.0,12.38949484597004,4
00-0036223,2024_02_IND_GB,2024,2,RB,12.0,16.46148283405445,4
00-0036251,2024_02_CIN_KC,2024,2,RB,12.0,16.760319563603595,4
00-0036275,2024_02_CHI_HOU,2024,2,RB,14.0,13.329188722741314,4
00-0036555,2024_02_LAC_CAR,2024,2,RB,10.0,10.881226746234436,4
00-0036727,2024_02_NO_DAL,2024,2,RB,0.0,7.597587389950084,4
00-0036875,2024_02_SEA_NE,2024,2,RB,21.0,17.12735983678764,4
00-0036893,2024_02_PIT_DEN,2024,2,RB,17.0,14.475867979166505,4
00-0036973,2024_02_CLE_JAX,2024,2,RB,13.0,15.5071103209568,4
00-0036997,2024_02_PIT_DEN,2024,2,RB,11.0,15.964127424101807,4
00-0037197,2024_02_CIN_KC,2024,2,RB,19.0,13.872988708226513,4
00-0037228,2024_02_PIT_DEN,2024,2,RB,9.0,12.035328231246526,4
00-0037248,2024_02_BUF_MIA,2024,2,RB,11.0,12.968780281057818,4
00-0037256,2024_02_TB_DET,2024,2,RB,10.0,14.220809325892553,4
00-0037267,2024_02_CLE_JAX,2024,2,RB,7.0,11.083332915219867,4
00-0037276,2024_02_SF_MIN,2024,2,RB,10.0,5.5472301025770765,4
00-0037525,2024_02_SF_MIN,2024,2,RB,20.0,19.55721280999652,4
00-0037746,2024_02_NYG_WAS,2024,2,RB,17.0,12.958421012028708,4
00-0037840,2024_02_LA_ARI,2024,2,RB,12.0,18.519105266226898,4
00-0038040,2024_02_LV_BAL,2024,2,RB,9.0,13.363669349428907,4
00-0038120,2024_02_NYJ_TEN,2024,2,RB,14.0,16.07636800186841,4
00-0038542,2024_02_ATL_PHI,2024,2,RB,14.0,18.402326895950342,4
00-0039040,2024_02_BUF_MIA,2024,2,RB,22.0,11.295046319807085,4
00-0039139,2024_02_TB_DET,2024,2,RB,13.0,15.507977130483429,4
00-0039165,2024_02_SEA_NE,2024,2,RB,14.0,14.106563659004435,4
00-0039361,2024_02_TB_DET,2024,2,RB,7.0,4.879438713102709,4
00-0039794,2024_02_NYJ_TEN,2024,2,RB,7.0,7.770731166460324,4
00-0030578,2024_03_LAC_PIT,2024,3,RB,4.0,6.9666373614965815,4
00-0032104,2024_03_CAR_LV,2024,3,RB,0.0,5.736640633793239,4
00-0032764,2024_03_BAL_DAL,2024,3,RB,25.0,21.60349161778412,4
00-0033293,2024_03_HOU_MIN,2024,3,RB,19.0,14.0826970798782,4
00-0033526,2024_03_KC_ATL,2024,3,RB,6.0,7.598183233318772,4
00-0033553,2024_03_DET_ARI,2024,3,RB,9.0,20.393248919150754,4
00-0033854,2024_03_HOU_MIN,2024,3,RB,0.0,6.376785670385013,4
00-0033906,2024_03_PHI_NO,2024,3,RB,26.0,20.61795129133547,4
00-0034184,2024_03_LAC_PIT,2024,3,RB,3.0,11.445691942559577,4
00-0034844,2024_03_PHI_NO,2024,3,RB,17.0,19.517935627220268,4
00-0034972,2024_03_CAR_LV,2024,3,RB,3.0,6.21213618572447,4
00-0034975,2024_03_BAL_DAL,2024,3,RB,5.0,3.28739532376102,4
00-0035243,2024_03_CAR_LV,2024,3,RB,7.0,7.886009519268769,4
00-0035250,2024_03_NYG_CLE,2024,3,RB,16.0,15.624565981403782,4
00-0035261,2024_03_GB_TEN,2024,3,RB,6.0,17.341974222158974,4
00-0035685,2024_03_DET_ARI,2024,3,RB,23.0,13.780119974070434,4
00-0035700,2024_03_GB_TEN,2024,3,RB,14.0,18.310053213471296,4
00-0036139,2024_03_BAL_DAL,2024,3,RB,8.0,6.87184488389323,4
00-0036158,2024_03_LAC_PIT,2024,3,RB,15.0,16.505415672132752,4
00-0036223,2024_03_CHI_IND,2024,3,RB,23.0,21.041569452002143,4
00-0036251,2024_03_WAS_CIN,2024,3,RB,12.0,15.883910164768345,4
00-0036275,2024_03_CHI_IND,2024,3,RB,13.0,12.651814562648195,4
00-0036328,2024_03_NE_NYJ,2024,3,RB,5.0,7.242241176457343,4
00-0036414,2024_03_HOU_MIN,2024,3,RB,9.0,9.107893251047994,4
00-0036555,2024_03_CAR_LV,2024,3,RB,21.0,12.246604677773766,4
00-0036875,2024_03_NE_NYJ,2024,3,RB,6.0,13.279386631950468,4
00-0036893,2024_03_LAC_PIT,2024,3,RB,18.0,15.452960666271062,4
00-0036973,2024_03_JAX_BUF,2024,3,RB,11.0,16.151732525391655,4
00-0036997,2024_03_DEN_TB,2024,3,RB,5.0,9.421049884464136,4
00-0037228,2024_03_LAC_PIT,2024,3,RB,3.0,8.896995424202512,4
00-0037248,2024_03_JAX_BUF,2024,3,RB,11.0,12.564869499721322,4
00-0037256,2024_03_DEN_TB,2024,3,RB,6.0,14.960506809173227,4
00-0037267,2024_03_NYG_CLE,2024,3,RB,10.0,18.402314726213575,4
00-0037276,2024_03_HOU_MIN,2024,3,RB,7.0,6.075599822592365,4
00-0037525,2024_03_SF_LA,2024,3,RB,19.0,21.673929873668285,4
00-0037746,2024_03_WAS_CIN,2024,3,RB,16.0,17.315024163262727,4
00-0037840,2024_03_SF_LA,2024,3,RB,24.0,16.27676933946909,4
00-0038120,2024_03_NE_NYJ,2024,3,RB,16.0,13.53229817806494,4
00-0038542,2024_03_KC_ATL,2024,3,RB,16.0,16.16726838655974,4
00-0038738,2024_03_BAL_DAL,2024,3,RB,0.0,6.7292579864207696,4
00-0038797,2024_03_GB_TEN,2024,3,RB,12.0,7.982659574948266,4
00-0039021,2024_03_CHI_IND,2024,3,RB,8.0,7.4968345898283255,4
00-0039032,2024_03_GB_TEN,2024,3,RB,2.0,4.314138378968188,4
00-0039040,2024_03_MIA_SEA,2024,3,RB,11.0,16.70524172121667,4
00-0039139,2024_03_DET_ARI,2024,3,RB,16.0,8.969062750689352,4
00-0039165,2024_03_MIA_SEA,2024,3,RB,18.0,18.43006233781377,4
00-0039325,2024_03_KC_ATL,2024,3,RB,17.0,15.489912073540264,4
00-0032764,2024_04_BUF_BAL,2024,4,RB,24.0,19.362570796493127,4
00-0033293,2024_04_MIN_GB,2024,4,RB,22.0,14.960133971614036,4
00-0033526,2024_04_KC_LAC,2024,4,RB,5.0,6.522445924437133,4
00-0033553,2024_04_WAS_ARI,2024,4,RB,18.0,17.52877745105144,4
00-0033854,2024_04_JAX_HOU,2024,4,RB,2.0,2.6037851079494754,4
00-0033906,2024_04_NO_ATL,2024,4,RB,19.0,19.2406225703835,4
00-0033923,2024_04_KC_LAC,2024,4,RB,14.0,8.756402034272053,4
00-0033955,2024_04_WAS_ARI,2024,4,RB,8.0,6.830680959728419,4
00-0034844,2024_04_PHI_TB,2024,4,RB,10.0,14.777459000034908,4
00-0034972,2024_04_CLE_LV,2024,4,RB,5.0,3.806139120023328,4
00-0034975,2024_04_BUF_BAL,2024,4,RB,4.0,3.699902468672729,4
00-0035250,2024_04_DAL_NYG,2024,4,RB,14.0,16.31312590955051,4
00-0035261,2024_04_TEN_MIA,2024,4,RB,22.0,14.011428088527847,4
00-0035685,2024_04_SEA_DET,2024,4,RB,12.0,12.622663518008213,4
00-0035700,2024_04_MIN_GB,2024,4,RB,9.0,16.332652858382335,4
00-0036139,2024_04_DAL_NYG,2024,4,RB,11.0,8.526519782866409,4
00-0036158,2024_04_KC_LAC,2024,4,RB,14.0,16.196920822903962,4
00-0036223,2024_04_PIT_IND,2024,4,RB,21.0,21.706018392243458,4
00-0036251,2024_04_CIN_CAR,2024,4,RB,15.0,13.821616771120768,4
00-0036275,2024_04_LA_CHI,2024,4,RB,16.0,15.561541654472999,4
00-0036328,2024_04_NE_SF,2024,4,RB,6.0,8.633678658068295,4
00-0036414,2024_04_JAX_HOU,2024,4,RB,13.0,8.267529805900235,4
00-0036555,2024_04_CIN_CAR,2024,4,RB,18.0,16.990818654348235,4
00-0036875,2024_04_NE_SF,2024,4,RB,13.0,15.753904890676523,4
00-0036893,2024_04_PIT_IND,2024,4,RB,13.0,17.4642644167653,4
00-0036919,2024_04_PHI_TB,2024,4,RB,2.0,6.576921266491945,4
00-0036973,2024_04_JAX_HOU,2024,4,RB,11.0,10.836953870771117,4
00-0036997,2024_04_DEN_NYJ,2024,4,RB,16.0,9.239349868248302,4
00-0037248,2024_04_BUF_BAL,2024,4,RB,9.0,12.381547731794933,4
00-0037256,2024_04_PHI_TB,2024,4,RB,10.0,10.997080579002317,4
00-0037263,2024_04_NO_ATL,2024,4,RB,8.0,7.505962465195715,4
00-0037267,2024_04_CLE_LV,2024,4,RB,10.0,18.34982449046297,4
00-0037525,2024_04_NE_SF,2024,4,RB,24.0,19.93559561315501,4
00-0037746,2024_04_WAS_ARI,2024,4,RB,21.0,16.82593579179363,4
00-0037840,2024_04_LA_CHI,2024,4,RB,19.0,18.307299108356904,4
00-0038040,2024_04_CLE_LV,2024,4,RB,17.0,13.145220548348712,4
00-0038120,2024_04_DEN_NYJ,2024,4,RB,10.0,15.320128251778018,4
00-0038134,2024_04_SEA_DET,2024,4,RB,12.0,13.23554583695137,4
00-0038542,2024_04_NO_ATL,2024,4,RB,7.0,15.819191587062592,4
00-0038597,2024_04_CIN_CAR,2024,4,RB,15.0,6.646909861557108,4
00-0038738,2024_04_DAL_NYG,2024,4,RB,2.0,7.175921586127003,4
00-0038794,2024_04_DEN_NYJ,2024,4,RB,9.0,6.122684237353759,4
00-0038797,2024_04_MIN_GB,2024,4,RB,8.0,10.791159081717986,4
00-0039021,2024_04_LA_CHI,2024,4,RB,7.0,6.9602615833639,4
00-0039032,2024_04_TEN_MIA,2024,4,RB,15.0,4.452515222720488,4
00-0039040,2024_04_TEN_MIA,2024,4,RB,10.0,14.834619615176928,4
00-0039139,2024_04_SEA_DET,2024,4,RB,14.0,13.34476662196672,4
00-0039165,2024_04_SEA_DET,2024,4,RB,2.0,9.072626144478214,4
00-0039361,2024_04_PHI_TB,2024,4,RB,10.0,8.339329997519325,4
00-0039794,2024_04_DEN_NYJ,2024,4,RB,8.0,8.57557059657815,4
00-0039874,2024_04_TEN_MIA,2024,4,RB,9.0,9.88082035880244,4
00-0031687,2024_05_MIA_NE,2024,5,RB,19.0,8.769375306966854,4
00-0032104,2024_05_LV_DEN,2024,5,RB,5.0,2.7957966815156166,4
00-0032764,2024_05_BAL_CIN,2024,5,RB,15.0,18.72330507916857,4
00-0033553,2024_05_ARI_SF,2024,5,RB,19.0,22.814736042192344,4
00-0033699,2024_05_CLE_WAS,2024,5,RB,6.0,5.630833805459415,4
00-0033854,2024_05_BUF_HOU,2024,5,RB,15.0,9.929413570870619,4
00-0033906,2024_05_NO_KC,2024,5,RB,11.0,19.936062404653097,4
00-0033923,2024_05_NO_KC,2024,5,RB,27.0,15.53115007529324,4
00-0033925,2024_05_CLE_WAS,2024,5,RB,9.0,10.24736597388902,4
00-0034972,2024_05_LV_DEN,2024,5,RB,15.0,11.177620941600113,4
00-0034975,2024_05_BAL_CIN,2024,5,RB,5.0,5.591897982781186,4
00-0035243,2024_05_CAR_CHI,2024,5,RB,2.0,7.772854541733067,4
00-0035537,2024_05_BUF_HOU,2024,5,RB,3.0,7.1710774565927595,4
00-0035700,2024_05_GB_LA,2024,5,RB,19.0,18.640292542661776,4
00-0036139,2024_05_DAL_PIT,2024,5,RB,20.0,8.854039546886156,4
00-0036251,2024_05_BAL_CIN,2024,5,RB,9.0,13.405377606419725,4
00-0036275,2024_05_CAR_CHI,2024,5,RB,21.0,15.607190356309856,4
00-0036328,2024_05_MIA_NE,2024,5,RB,6.0,6.741038909825538,4
00-0036555,2024_05_CAR_CHI,2024,5,RB,13.0,15.507781000180405,4
00-0036875,2024_05_MIA_NE,2024,5,RB,12.0,14.511299038807383,4
00-0036893,2024_05_DAL_PIT,2024,5,RB,14.0,18.39718984718408,4
00-0036973,2024_05_IND_JAX,2024,5,RB,6.0,9.965634119941729,4
00-0036984,2024_05_IND_JAX,2024,5,RB,10.0,13.080528666478546,4
00-0036997,2024_05_LV_DEN,2024,5,RB,13.0,14.850910355676877,4
00-0037120,2024_05_IND_JAX,2024,5,RB,5.0,4.884718803371292,4
00-0037248,2024_05_BUF_HOU,2024,5,RB,20.0,12.23270361546214,4
00-0037256,2024_05_TB_ATL,2024,5,RB,10.0,12.883923474767736,4
00-0037263,2024_05_TB_ATL,2024,5,RB,6.0,9.151976747110767,4
00-0037267,2024_05_CLE_WAS,2024,5,RB,9.0,12.150858715753527,4
00-0037276,2024_05_NYJ_MIN,2024,5,RB,14.0,13.378575362561623,4
00-0037525,2024_05_ARI_SF,2024,5,RB,14.0,20.18275107647564,4
00-0037746,2024_05_CLE_WAS,2024,5,RB,7.0,11.436182151334256,4
00-0037840,2024_05_GB_LA,2024,5,RB,22.0,19.183450432409703,4
00-0038120,2024_05_NYJ_MIN,2024,5,RB,9.0,13.816960883223997,4
00-0038134,2024_05_NYG_SEA,2024,5,RB,5.0,17.719222654072194,4
00-0038396,2024_05_NYG_SEA,2024,5,RB,4.0,7.272643057511374,4
00-0038542,2024_05_TB_ATL,2024,5,RB,12.0,14.813666220604205,4
00-0038555,2024_05_IND_JAX,2024,5,RB,13.0,8.305773232412253,4
00-0038794,2024_05_LV_DEN,2024,5,RB,6.0,5.393830296379445,4
00-0039165,2024_05_NYG_SEA,2024,5,RB,2.0,7.676032266052135,4
00-0039361,2024_05_TB_ATL,2024,5,RB,9.0,7.457221793742164,4
00-0039384,2024_05_NYG_SEA,2024,5,RB,18.0,14.579503795641806,4
00-0032764,2024_06_WAS_BAL,2024,6,RB,24.0,22.06799504617473,4
00-0033045,2024_06_DET_DAL,2024,6,RB,8.0,7.628409864735099,4
00-0033699,2024_06_WAS_BAL,2024,6,RB,9.0,13.106387144207229,4
00-0033897,2024_06_HOU_NE,2024,6,RB,13.0,12.034124379152425,4
00-0033906,2024_06_TB_NO,2024,6,RB,13.0,17.360873656034876,4
00-0033925,2024_06_CLE_PHI,2024,6,RB,10.0,8.909731894758536,4
00-0033955,2024_06_WAS_BAL,2024,6,RB,2.0,7.396414753890538,4
00-0034844,2024_06_CLE_PHI,2024,6,RB,18.0,20.170059833076692,4
00-0034972,2024_06_PIT_LV,2024,6,RB,14.0,14.647918282708927,4
00-0034975,2024_06_WAS_BAL,2024,6,RB,1.0,3.892994594996308,4
00-0035261,2024_06_IND_TEN,2024,6,RB,17.0,17.04829004609476,4
00-0035537,2024_06_BUF_NYJ,2024,6,RB,4.0,5.261680513454839,4
00-0035628,2024_06_JAX_CHI,2024,6,RB,6.0,12.531675257022965,4
00-0035700,2024_06_ARI_GB,2024,6,RB,18.0,19.56747953024912,4
00-0036158,2024_06_LAC_DEN,2024,6,RB,25.0,18.25509812140661,4
00-0036251,2024_06_CIN_NYG,2024,6,RB,6.0,10.261440082064471,4
00-0036275,2024_06_JAX_CHI,2024,6,RB,17.0,15.996562069318907,4
00-0036328,2024_06_HOU_NE,2024,6,RB,13.0,6.355242639838018,4
00-0036555,2024_06_ATL_CAR,2024,6,RB,18.0,17.599919379355487,4
00-0036893,2024_06_PIT_LV,2024,6,RB,14.0,13.084449905320316,4
00-0036984,2024_06_IND_TEN,2024,6,RB,18.0,12.715551024849036,4
00-0036997,2024_06_LAC_DEN,2024,6,RB,6.0,13.241268659490213,4
00-0037120,2024_06_IND_TEN,2024,6,RB,8.0,3.746085272127873,4
00-0037228,2024_06_PIT_LV,2024,6,RB,6.0,8.118187192733291,4
00-0037263,2024_06_ATL_CAR,2024,6,RB,18.0,7.064269338424712,4
00-0038098,2024_06_CLE_PHI,2024,6,RB,8.0,9.552405165832914,4
00-0038120,2024_06_BUF_NYJ,2024,6,RB,18.0,15.988223461567287,4
00-0038134,2024_06_SF_SEA,2024,6,RB,14.0,14.281236657406067,4
00-0038542,2024_06_ATL_CAR,2024,6,RB,15.0,14.524710656216202,4
00-0038597,2024_06_CIN_NYG,2024,6,RB,10.0,15.834592053028349,4
00-0038705,2024_06_ARI_GB,2024,6,RB,4.0,11.393973825807855,4
00-0038951,2024_06_TB_NO,2024,6,RB,14.0,7.543585997890644,4
00-0039139,2024_06_DET_DAL,2024,6,RB,12.0,13.45694144461146,4
00-0039361,2024_06_TB_NO,2024,6,RB,14.0,11.356949811844512,4
00-0039384,2024_06_CIN_NYG,2024,6,RB,17.0,20.76878982982662,4
00-0039875,2024_06_BUF_NYJ,2024,6,RB,20.0,13.584603490786806,4
00-0032764,2024_07_BAL_TB,2024,7,RB,15.0,19.086964652864914,4
00-0033293,2024_07_DET_MIN,2024,7,RB,14.0,15.579216602825621,4
00-0033553,2024_07_LAC_ARI,2024,7,RB,19.0,18.172603909796486,4
00-0033699,2024_07_CAR_WAS,2024,7,RB,4.0,5.0988103368365545,4
00-0033897,2024_07_HOU_GB,2024,7,RB,25.0,16.96834200318029,4
00-0033906,2024_07_DEN_NO,2024,7,RB,7.0,13.142781097145907,4
00-0033923,2024_07_KC_SF,2024,7,RB,22.0,17.950535765965668,4
00-0034791,2024_07_CIN_CLE,2024,7,RB,11.0,9.317560016619009,4
00-0034844,2024_07_PHI_NYG,2024,7,RB,17.0,14.179418287713768,4
00-0034972,2024_07_LV_LA,2024,7,RB,23.0,15.306128602369338,4
00-0034975,2024_07_BAL_TB,2024,7,RB,5.0,3.168139923087459,4
00-0035261,2024_07_TEN_BUF,2024,7,RB,16.0,18.994954163181966,4
00-0035628,2024_07_NE_JAX,2024,7,RB,9.0,7.940585052043323,4
00-0035685,2024_07_DET_MIN,2024,7,RB,9.0,11.36901938511956,4
00-0035700,2024_07_HOU_GB,2024,7,RB,12.0,17.95362370052515,4
00-0036158,2024_07_LAC_ARI,2024,7,RB,14.0,19.40431739705576,4
00-0036251,2024_07_CIN_CLE,2024,7,RB,6.0,10.74224192306184,4
00-0036555,2024_07_CAR_WAS,2024,7,RB,17.0,16.443802871538196,4
00-0036875,2024_07_NE_JAX,2024,7,RB,7.0,13.550411243372086,4
00-0036893,2024_07_NYJ_PIT,2024,7,RB,21.0,12.842685883273266,4
00-0036919,2024_07_PHI_NYG,2024,7,RB,13.0,4.9223639584834356,4
00-0036984,2024_07_MIA_IND,2024,7,RB,8.0,12.467720878667603,4
00-0036997,2024_07_DEN_NO,2024,7,RB,14.0,14.023869512227439,4
00-0037120,2024_07_MIA_IND,2024,7,RB,14.0,6.964394902582617,4
00-0037228,2024_07_NYJ_PIT,2024,7,RB,12.0,9.20517937304726,4
00-0037248,2024_07_TEN_BUF,2024,7,RB,12.0,12.337208956441888,4
00-0037256,2024_07_BAL_TB,2024,7,RB,10.0,6.881962545788823,4
00-0037525,2024_07_KC_SF,2024,7,RB,14.0,20.962314278200978,4
00-0037746,2024_07_CAR_WAS,2024,7,RB,12.0,13.052812938503825,4
00-0037840,2024_07_LV_LA,2024,7,RB,21.0,20.04114036743956,4
00-0038098,2024_07_CIN_CLE,2024,7,RB,3.0,9.981659473879926,4
00-0038120,2024_07_NYJ_PIT,2024,7,RB,12.0,14.939726912803035,4
00-0038134,2024_07_SEA_ATL,2024,7,RB,14.0,10.508348386825165,4
00-0038542,2024_07_SEA_ATL,2024,7,RB,21.0,16.622539039832635,4
00-0038555,2024_07_NE_JAX,2024,7,RB,26.0,19.42188389057693,4
00-0038597,2024_07_CIN_CLE,2024,7,RB,15.0,14.080451117630593,4
00-0039040,2024_07_MIA_IND,2024,7,RB,15.0,14.212805000122653,4
00-0039139,2024_07_DET_MIN,2024,7,RB,15.0,12.921666115224342,4
00-0039165,2024_07_SEA_ATL,2024,7,RB,7.0,9.46949835329301,4
00-0039361,2024_07_BAL_TB,2024,7,RB,9.0,7.57173161748127,4
00-0039384,2024_07_PHI_NYG,2024,7,RB,6.0,17.70522773550129,4
00-0031687,2024_08_ARI_MIA,2024,8,RB,9.0,9.5452181819245,4
00-0032764,2024_08_BAL_CLE,2024,8,RB,11.0,17.646236969136467,4
00-0033045,2024_08_DAL_SF,2024,8,RB,10.0,9.119758086524826,4
00-0033293,2024_08_MIN_LA,2024,8,RB,19.0,17.02236338157021,4
00-0033553,2024_08_ARI_MIA,2024,8,RB,20.0,19.168166661703744,4
00-0033699,2024_08_CHI_WAS,2024,8,RB,7.0,8.451059659251259,4
00-0033897,2024_08_IND_HOU,2024,8,RB,25.0,20.873527177875353,4
00-0033906,2024_08_NO_LAC,2024,8,RB,10.0,11.59993897802277,4
00-0033923,2024_08_KC_LV,2024,8,RB,21.0,18.75590310576576,4
00-0034791,2024_08_BAL_CLE,2024,8,RB,16.0,11.629183871446358,4
00-0034844,2024_08_PHI_CIN,2024,8,RB,22.0,20.18394902296102,4
00-0034972,2024_08_KC_LV,2024,8,RB,14.0,14.07086876115396,4
00-0034975,2024_08_BAL_CLE,2024,8,RB,2.0,4.929869221498433,4
00-0035243,2024_08_CAR_DEN,2024,8,RB,1.0,4.946052284993941,4
00-0035250,2024_08_NYG_PIT,2024,8,RB,2.0,10.137060059503588,4
00-0035261,2024_08_TEN_DET,2024,8,RB,20.0,16.415562918593416,4
00-0035685,2024_08_TEN_DET,2024,8,RB,9.0,11.218697655299843,4
00-0035700,2024_08_GB_JAX,2024,8,RB,25.0,15.732413981143024,4
00-0036158,2024_08_NO_LAC,2024,8,RB,17.0,20.408938714499477,4
00-0036223,2024_08_IND_HOU,2024,8,RB,20.0,18.811359792607497,4
00-0036251,2024_08_PHI_CIN,2024,8,RB,5.0,9.016364535978772,4
00-0036275,2024_08_CHI_WAS,2024,8,RB,18.0,17.127951147642467,4
00-0036555,2024_08_CAR_DEN,2024,8,RB,15.0,17.661786126649552,4
00-0036875,2024_08_NYJ_NE,2024,8,RB,20.0,17.761559525035768,4
00-0036893,2024_08_NYG_PIT,2024,8,RB,19.0,16.135524312794086,4
00-0036997,2024_08_CAR_DEN,2024,8,RB,17.0,14.84457526563014,4
00-0037228,2024_08_NYG_PIT,2024,8,RB,9.0,8.035884252514084,4
00-0037248,2024_08_BUF_SEA,2024,8,RB,17.0,12.661252664392352,4
00-0037256,2024_08_ATL_TB,2024,8,RB,6.0,10.564727891913588,4
00-0037263,2024_08_ATL_TB,2024,8,RB,12.0,9.24582843081333,4
00-0037746,2024_08_CHI_WAS,2024,8,RB,16.0,13.807532676638427,4
00-0037840,2024_08_MIN_LA,2024,8,RB,23.0,17.226051640570937,4
00-0038120,2024_08_NYJ_NE,2024,8,RB,16.0,16.366681228909282,4
00-0038134,2024_08_BUF_SEA,2024,8,RB,9.0,11.798603907460803,4
00-0038542,2024_08_ATL_TB,2024,8,RB,13.0,19.26093907353086,4
00-0038555,2024_08_GB_JAX,2024,8,RB,18.0,19.03471440836679,4
00-0038597,2024_08_PHI_CIN,2024,8,RB,12.0,12.010851308637434,4
00-0038738,2024_08_DAL_SF,2024,8,RB,1.0,3.827940379811981,4
00-0039040,2024_08_ARI_MIA,2024,8,RB,10.0,11.445333740813574,4
00-0039139,2024_08_TEN_DET,2024,8,RB,11.0,9.112324040248808,4
00-0039165,2024_08_BUF_SEA,2024,8,RB,3.0,8.238454835672687,4
00-0039361,2024_08_ATL_TB,2024,8,RB,9.0,9.001938916578926,4
00-0039363,2024_08_DAL_SF,2024,8,RB,14.0,15.409734243332267,4
00-0039384,2024_08_NYG_PIT,2024,8,RB,20.0,13.6030674546964,4
00-0032104,2024_09_LV_CIN,2024,9,RB,4.0,5.155230353288939,4
00-0032764,2024_09_DEN_BAL,2024,9,RB,23.0,19.37689668373139,4
00-0033293,2024_09_IND_MIN,2024,9,RB,21.0,17.109622237542105,4
00-0033553,2024_09_CHI_ARI,2024,9,RB,18.0,13.383989047961574,4
00-0033699,2024_09_WAS_NYG,2024,9,RB,11.0,5.713547912634568,4
00-0033854,2024_09_HOU_NYJ,2024,9,RB,1.0,5.326435693891961,4
00-0033897,2024_09_HOU_NYJ,2024,9,RB,24.0,15.745501703317336,4
00-0033906,2024_09_NO_CAR,2024,9,RB,29.0,15.965335200515572,4
00-0033923,2024_09_TB_KC,2024,9,RB,27.0,18.41332775497404,4
00-0033955,2024_09_WAS_NYG,2024,9,RB,8.0,6.035601530976672,4
00-0034791,2024_09_LAC_CLE,2024,9,RB,15.0,8.424370684170789,4
00-0034844,2024_09_JAX_PHI,2024,9,RB,27.0,19.74890335642577,4
00-0034972,2024_09_LV_CIN,2024,9,RB,9.0,7.698333114376004,4
00-0035261,2024_09_NE_TEN,2024,9,RB,28.0,19.440837828890476,4
00-0035685,2024_09_DET_GB,2024,9,RB,17.0,13.857138681936162,4
00-0035700,2024_09_DET_GB,2024,9,RB,13.0,14.543111280187969,4
00-0036139,2024_09_DAL_ATL,2024,9,RB,12.0,14.877592802698292,4
00-0036158,2024_09_LAC_CLE,2024,9,RB,14.0,17.442144993863078,4
00-0036223,2024_09_IND_MIN,2024,9,RB,13.0,19.743739733179655,4
00-0036275,2024_09_CHI_ARI,2024,9,RB,16.0,17.775927500820227,4
00-0036555,2024_09_NO_CAR,2024,9,RB,15.0,19.301970027884387,4
00-0036875,2024_09_NE_TEN,2024,9,RB,10.0,15.701553638617998,4
00-0036997,2024_09_DEN_BAL,2024,9,RB,12.0,10.521484877662019,4
00-0037248,2024_09_MIA_BUF,2024,9,RB,10.0,13.264249611378357,4
00-0037256,2024_09_TB_KC,2024,9,RB,3.0,12.040117024557121,4
00-0037267,2024_09_LAC_CLE,2024,9,RB,2.0,8.801481191382578,4
00-0037840,2024_09_LA_SEA,2024,9,RB,22.0,18.541661088883636,4
00-0038120,2024_09_HOU_NYJ,2024,9,RB,15.0,15.222767855646133,4
00-0038134,2024_09_LA_SEA,2024,9,RB,25.0,15.511128257761886,4
00-0038542,2024_09_DAL_ATL,2024,9,RB,19.0,16.98089262138282,4
00-0038555,2024_09_JAX_PHI,2024,9,RB,8.0,15.973315855566415,4
00-0038597,2024_09_LV_CIN,2024,9,RB,27.0,19.054201806361615,4
00-0039021,2024_09_CHI_ARI,2024,9,RB,3.0,7.730704629038674,4
00-0039040,2024_09_MIA_BUF,2024,9,RB,12.0,14.183285043763485,4
00-0039139,2024_09_DET_GB,2024,9,RB,11.0,9.560972334384651,4
00-0039361,2024_09_TB_KC,2024,9,RB,7.0,9.008218204856462,4
00-0039384,2024_09_WAS_NYG,2024,9,RB,16.0,16.423767582598888,4
00-0032764,2024_10_CIN_BAL,2024,10,RB,16.0,19.888479391971817,4
00-0033280,2024_10_SF_TB,2024,10,RB,13.0,14.614448148795473,4
00-0033293,2024_10_MIN_JAX,2024,10,RB,17.0,12.141944984324542,4
00-0033553,2024_10_NYJ_ARI,2024,10,RB,12.0,16.433616543276074,4
00-0033699,2024_10_PIT_WAS,2024,10,RB,13.0,14.161353871378472,4
00-0033897,2024_10_DET_HOU,2024,10,RB,25.0,21.610021274567973,4
00-0033906,2024_10_ATL_NO,2024,10,RB,17.0,15.996669559874958,4
00-0033923,2024_10_DEN_KC,2024,10,RB,14.0,19.796610364460278,4
00-0034844,2024_10_PHI_DAL,2024,10,RB,14.0,13.715506780726223,4
00-0034975,2024_10_CIN_BAL,2024,10,RB,2.0,3.9815998935410963,4
00-0035261,2024_10_TEN_LAC,2024,10,RB,9.0,11.426266346776549,4
00-0035685,2024_10_DET_HOU,2024,10,RB,12.0,11.090736234998253,4
00-0036139,2024_10_PHI_DAL,2024,10,RB,12.0,12.514600617840529,4
00-0036158,2024_10_TEN_LAC,2024,10,RB,15.0,15.82780452475576,4
00-0036223,2024_10_BUF_IND,2024,10,RB,21.0,20.92340500692783,4
00-0036275,2024_10_NE_CHI,2024,10,RB,16.0,17.284028901570945,4
00-0036555,2024_10_NYG_CAR,2024,10,RB,28.0,20.62447021155662,4
00-0036875,2024_10_NE_CHI,2024,10,RB,20.0,16.599481603011355,4
00-0036893,2024_10_PIT_WAS,2024,10,RB,21.0,12.740495679951886,4
00-0036973,2024_10_MIN_JAX,2024,10,RB,11.0,12.025334940254062,4
00-0037228,2024_10_PIT_WAS,2024,10,RB,14.0,8.982300188423643,4
00-0037248,2024_10_BUF_IND,2024,10,RB,19.0,14.437525291895303,4
00-0037256,2024_10_SF_TB,2024,10,RB,10.0,11.629512037958177,4
00-0037840,2024_10_MIA_LA,2024,10,RB,15.0,19.7129850261242,4
00-0038120,2024_10_NYJ_ARI,2024,10,RB,10.0,17.494121495115813,4
00-0038542,2024_10_ATL_NO,2024,10,RB,20.0,18.544047167102665,4
00-0038597,2024_10_CIN_BAL,2024,10,RB,13.0,17.446869165744253,4
00-0039032,2024_10_TEN_LAC,2024,10,RB,7.0,5.219219006242954,4
00-0039040,2024_10_MIA_LA,2024,10,RB,12.0,14.066253032162699,4
00-0039139,2024_10_DET_HOU,2024,10,RB,19.0,13.791294955333367,4
00-0039361,2024_10_SF_TB,2024,10,RB,13.0,8.451468373430522,4
00-0039373,2024_10_DEN_KC,2024,10,RB,14.0,8.996360049637156,4
00-0039384,2024_10_NYG_CAR,2024,10,RB,18.0,18.38037214708752,4
00-0032104,2024_11_LV_MIA,2024,11,RB,1.0,5.245129249261239,4
00-0032764,2024_11_BAL_PIT,2024,11,RB,13.0,16.86172303454493,4
00-0033280,2024_11_SEA_SF,2024,11,RB,19.0,13.56823359492079,4
00-0033293,2024_11_MIN_TEN,2024,11,RB,15.0,11.006995703205156,4
00-0033699,2024_11_WAS_PHI,2024,11,RB,2.0,9.22645601312617,4
00-0033897,2024_11_HOU_DAL,2024,11,RB,20.0,22.398818500847558,4
00-0033906,2024_11_CLE_NO,2024,11,RB,16.0,15.200654169565905,4
00-0033923,2024_11_KC_BUF,2024,11,RB,14.0,20.283075699748732,4
00-0034844,2024_11_WAS_PHI,2024,11,RB,26.0,21.862100517921036,4
00-0034975,2024_11_BAL_PIT,2024,11,RB,2.0,4.117253337879399,4
00-0035261,2024_11_MIN_TEN,2024,11,RB,9.0,13.861326863059547,4
00-0035537,2024_11_KC_BUF,2024,11,RB,5.0,4.222545601410715,4
00-0035685,2024_11_JAX_DET,2024,11,RB,15.0,9.207045166129985,4
00-0035700,2024_11_GB_CHI,2024,11,RB,18.0,21.026561602262646,4
00-0036139,2024_11_HOU_DAL,2024,11,RB,10.0,12.835267665569287,4
00-0036158,2024_11_CIN_LAC,2024,11,RB,11.0,17.480003009937043,4
00-0036223,2024_11_IND_NYJ,2024,11,RB,24.0,20.39656175976942,4
00-0036275,2024_11_GB_CHI,2024,11,RB,14.0,16.446854962720685,4
00-0036414,2024_11_MIN_TEN,2024,11,RB,10.0,8.787152833663537,4
00-0036875,2024_11_LA_NE,2024,11,RB,20.0,18.175917582575494,4
00-0036893,2024_11_BAL_PIT,2024,11,RB,18.0,14.76984279723349,4
00-0036973,2024_11_JAX_DET,2024,11,RB,12.0,13.076060207967355,4
00-0036997,2024_11_ATL_DEN,2024,11,RB,9.0,10.73451912251182,4
00-0037248,2024_11_KC_BUF,2024,11,RB,9.0,9.118088897820398,4
00-0037267,2024_11_CLE_NO,2024,11,RB,5.0,11.694008736345475,4
00-0037746,2024_11_WAS_PHI,2024,11,RB,16.0,15.254123763114144,4
00-0037840,2024_11_LA_NE,2024,11,RB,15.0,18.626335675497117,4
00-0038040,2024_11_LV_MIA,2024,11,RB,5.0,7.849035269599203,4
00-0038120,2024_11_IND_NYJ,2024,11,RB,16.0,17.272813919317805,4
00-0038134,2024_11_SEA_SF,2024,11,RB,14.0,14.815121951632335,4
00-0038542,2024_11_ATL_DEN,2024,11,RB,12.0,18.38040269374536,4
00-0038597,2024_11_CIN_LAC,2024,11,RB,22.0,17.00018685155829,4
00-0039021,2024_11_GB_CHI,2024,11,RB,10.0,7.361723173724313,4
00-0039032,2024_11_MIN_TEN,2024,11,RB,3.0,6.576402167841204,4
00-0039040,2024_11_LV_MIA,2024,11,RB,17.0,13.045421772870226,4
00-0039139,2024_11_JAX_DET,2024,11,RB,11.0,11.688068701551636,4
00-0032104,2024_12_DEN_LV,2024,12,RB,8.0,10.117084044424406,4
00-0032764,2024_12_BAL_LAC,2024,12,RB,24.0,20.07758679542048,4
00-0033280,2024_12_SF_GB,2024,12,RB,11.0,14.869186168648305,4
00-0033293,2024_12_MIN_CHI,2024,12,RB,22.0,17.604759655789337,4
00-0033553,2024_12_ARI_SEA,2024,12,RB,7.0,18.594325333030085,4
00-0033699,2024_12_DAL_WAS,2024,12,RB,9.0,11.50015327578638,4
00-0033897,2024_12_TEN_HOU,2024,12,RB,14.0,22.19454950160106,4
00-0033923,2024_12_KC_CAR,2024,12,RB,16.0,17.101918558330727,4
00-0034791,2024_12_PIT_CLE,2024,12,RB,20.0,16.97860156643605,4
00-0034844,2024_12_PHI_LA,2024,12,RB,26.0,19.741224130542,4
00-0034975,2024_12_BAL_LAC,2024,12,RB,4.0,4.355880944059285,4
00-0035250,2024_12_TB_NYG,2024,12,RB,2.0,7.76108405110094,4
00-0035261,2024_12_TEN_HOU,2024,12,RB,24.0,17.73013548945425,4
00-0035700,2024_12_SF_GB,2024,12,RB,26.0,14.518556251722146,4
00-0036139,2024_12_DAL_WAS,2024,12,RB,19.0,13.172552725479216,4
00-0036223,2024_12_DET_IND,2024,12,RB,11.0,18.973086109504834,4
00-0036275,2024_12_MIN_CHI,2024,12,RB,13.0,13.501403291956859,4
00-0036328,2024_12_NE_MIA,2024,12,RB,6.0,7.04122209336127,4
00-0036555,2024_12_KC_CAR,2024,12,RB,16.0,16.244823796720276,4
00-0036875,2024_12_NE_MIA,2024,12,RB,8.0,11.96362393159658,4
00-0036893,2024_12_PIT_CLE,2024,12,RB,16.0,11.703653745628218,4
00-0036997,2024_12_DEN_LV,2024,12,RB,8.0,12.906103031711421,4
00-0037228,2024_12_PIT_CLE,2024,12,RB,11.0,10.494047998639246,4
00-0037256,2024_12_TB_NYG,2024,12,RB,12.0,8.465111020457316,4
00-0037267,2024_12_PIT_CLE,2024,12,RB,4.0,8.428173572196688,4
00-0037617,2024_12_BAL_LAC,2024,12,RB,1.0,8.438433761077157,4
00-0037840,2024_12_PHI_LA,2024,12,RB,16.0,19.00659233387728,4
00-0038134,2024_12_ARI_SEA,2024,12,RB,16.0,15.13085283033559,4
00-0038685,2024_12_SF_GB,2024,12,RB,4.0,6.756950936715055,4
00-0039021,2024_12_MIN_CHI,2024,12,RB,2.0,6.612192586438712,4
00-0039040,2024_12_NE_MIA,2024,12,RB,10.0,9.930027357601773,4
00-0039139,2024_12_DET_IND,2024,12,RB,21.0,16.214832153738627,4
00-0039165,2024_12_ARI_SEA,2024,12,RB,6.0,7.0258047656422145,4
00-0039361,2024_12_TB_NYG,2024,12,RB,12.0,10.550326210102419,4
00-0039384,2024_12_TB_NYG,2024,12,RB,9.0,11.559208969578442,4
00-0031687,2024_13_MIA_GB,2024,13,RB,5.0,7.9601366751156455,4
00-0032104,2024_13_LV_KC,2024,13,RB,10.0,8.073924622173351,4
00-0032764,2024_13_PHI_BAL,2024,13,RB,19.0,17.55164250926003,4
00-0033293,2024_13_ARI_MIN,2024,13,RB,5.0,14.376253323727592,4
00-0033553,2024_13_ARI_MIN,2024,13,RB,17.0,13.55059197066372,4
00-0033897,2024_13_HOU_JAX,2024,13,RB,20.0,20.537077601958728,4
00-0033906,2024_13_LA_NO,2024,13,RB,23.0,18.93806198608334,4
00-0033923,2024_13_LV_KC,2024,13,RB,7.0,12.489966724455797,4
00-0034184,2024_13_LAC_ATL,2024,13,RB,6.0,12.344392975816083,4
00-0034791,2024_13_CLE_DEN,2024,13,RB,9.0,10.474315341169932,4
00-0034844,2024_13_PHI_BAL,2024,13,RB,23.0,21.174578244818523,4
00-0034975,2024_13_PHI_BAL,2024,13,RB,3.0,4.489370128395931,4
00-0035261,2024_13_TEN_WAS,2024,13,RB,8.0,16.839628467986994,4
00-0035685,2024_13_CHI_DET,2024,13,RB,21.0,13.314322442418456,4
00-0035700,2024_13_MIA_GB,2024,13,RB,19.0,20.433080683726025,4
00-0036139,2024_13_NYG_DAL,2024,13,RB,22.0,16.848177287248525,4
00-0036223,2024_13_IND_NE,2024,13,RB,25.0,20.824551739232312,4
00-0036275,2024_13_CHI_DET,2024,13,RB,11.0,14.936575838134338,4
00-0036555,2024_13_TB_CAR,2024,13,RB,12.0,19.305984990726543,4
00-0036875,2024_13_IND_NE,2024,13,RB,18.0,18.218153240601566,4
00-0036893,2024_13_PIT_CIN,2024,13,RB,16.0,14.444956618842728,4
00-0036973,2024_13_HOU_JAX,2024,13,RB,13.0,11.068924184429493,4
00-0036997,2024_13_CLE_DEN,2024,13,RB,4.0,9.942498251215925,4
00-0037197,2024_13_LV_KC,2024,13,RB,7.0,12.006865544064427,4
00-0037228,2024_13_PIT_CIN,2024,13,RB,3.0,7.75258717973081,4
00-0037248,2024_13_SF_BUF,2024,13,RB,14.0,11.889333148107783,4
00-0037256,2024_13_TB_CAR,2024,13,RB,11.0,10.323390721415464,4
00-0037267,2024_13_CLE_DEN,2024,13,RB,9.0,11.179783757314192,4
00-0037509,2024_13_LV_KC,2024,13,RB,12.0,5.061543462431151,4
00-0037525,2024_13_SF_BUF,2024,13,RB,13.0,16.961675348940233,4
00-0037746,2024_13_TEN_WAS,2024,13,RB,16.0,13.8706299397625,4
00-0037840,2024_13_LA_NO,2024,13,RB,15.0,17.4513844347919,4
00-0038120,2024_13_SEA_NYJ,2024,13,RB,12.0,14.617083923409444,4
00-0038134,2024_13_SEA_NYJ,2024,13,RB,16.0,13.909695367981314,4
00-0038542,2024_13_LAC_ATL,2024,13,RB,26.0,18.039677390941783,4
00-0038555,2024_13_HOU_JAX,2024,13,RB,7.0,14.393777387553214,4
00-0038597,2024_13_PIT_CIN,2024,13,RB,12.0,16.504643125401483,4
00-0038738,2024_13_NYG_DAL,2024,13,RB,3.0,4.7264364449469864,4
00-0038794,2024_13_CLE_DEN,2024,13,RB,14.0,7.0841998591652375,4
00-0039040,2024_13_MIA_GB,2024,13,RB,7.0,13.085325816413462,4
00-0039139,2024_13_CHI_DET,2024,13,RB,9.0,12.438149650807953,4
00-0039165,2024_13_SEA_NYJ,2024,13,RB,4.0,7.283229924731229,4
00-0039361,2024_13_TB_CAR,2024,13,RB,25.0,13.498399667894597,4
00-0039384,2024_13_NYG_DAL,2024,13,RB,9.0,18.429442800698748,4
00-0032104,2024_14_LV_TB,2024,14,RB,1.0,3.7056864867081813,4
00-0033293,2024_14_ATL_MIN,2024,14,RB,13.0,15.646983656311296,4
00-0033553,2024_14_SEA_ARI,2024,14,RB,18.0,17.894462372912113,4
00-0033906,2024_14_NO_NYG,2024,14,RB,17.0,16.484369449983124,4
00-0034184,2024_14_LAC_KC,2024,14,RB,10.0,7.7921767356889005,4
00-0034791,2024_14_CLE_PIT,2024,14,RB,11.0,9.653145985132497,4
00-0034844,2024_14_CAR_PHI,2024,14,RB,20.0,22.8382586256348,4
00-0035261,2024_14_JAX_TEN,2024,14,RB,21.0,16.911759444915482,4
00-0035537,2024_14_BUF_LA,2024,14,RB,0.0,5.851585926533253,4
00-0035685,2024_14_GB_DET,2024,14,RB,14.0,11.888409804616263,4
00-0035700,2024_14_GB_DET,2024,14,RB,18.0,18.368485976223873,4
00-0036139,2024_14_CIN_DAL,2024,14,RB,18.0,17.976956244733472,4
00-0036275,2024_14_CHI_SF,2024,14,RB,14.0,18.16502097402899,4
00-0036555,2024_14_CAR_PHI,2024,14,RB,26.0,19.830814102509372,4
00-0036893,2024_14_CLE_PIT,2024,14,RB,16.0,11.621891175685477,4
00-0036973,2024_14_JAX_TEN,2024,14,RB,4.0,8.548609319846145,4
00-0037197,2024_14_LAC_KC,2024,14,RB,14.0,10.29268957970205,4
00-0037228,2024_14_CLE_PIT,2024,14,RB,9.0,8.87712225420973,4
00-0037248,2024_14_BUF_LA,2024,14,RB,6.0,12.128703259960693,4
00-0037256,2024_14_LV_TB,2024,14,RB,17.0,16.641372014873202,4
00-0037267,2024_14_CLE_PIT,2024,14,RB,10.0,8.350590071318397,4
00-0037509,2024_14_LV_TB,2024,14,RB,15.0,12.905543038844879,4
00-0037840,2024_14_BUF_LA,2024,14,RB,29.0,20.703743504413485,4
00-0038542,2024_14_ATL_MIN,2024,14,RB,22.0,18.499954137247826,4
00-0038555,2024_14_JAX_TEN,2024,14,RB,18.0,14.242399352705007,4
00-0038597,2024_14_CIN_DAL,2024,14,RB,14.0,17.93079413193121,4
00-0039032,2024_14_JAX_TEN,2024,14,RB,6.0,4.818783768337094,4
00-0039040,2024_14_NYJ_MIA,2024,14,RB,14.0,12.957822722403522,4
00-0039139,2024_14_GB_DET,2024,14,RB,15.0,12.009368210874687,4
00-0039165,2024_14_SEA_ARI,2024,14,RB,22.0,15.41062342670785,4
00-0039363,2024_14_CHI_SF,2024,14,RB,15.0,13.430949776972641,4
00-0039384,2024_14_NO_NYG,2024,14,RB,16.0,18.28898556085157,4
00-0039391,2024_14_LAC_KC,2024,14,RB,8.0,10.532728038608807,4
00-0039794,2024_14_NYJ_MIA,2024,14,RB,11.0,8.936526664161622,4
00-0039798,2024_14_NYJ_MIA,2024,14,RB,10.0,11.09845744391778,4
00-0031687,2024_15_MIA_HOU,2024,15,RB,6.0,6.392072498091117,4
00-0032104,2024_15_ATL_LV,2024,15,RB,3.0,3.46143387068933,4
00-0032764,2024_15_BAL_NYG,2024,15,RB,14.0,19.08783684550509,4
00-0033293,2024_15_CHI_MIN,2024,15,RB,18.0,15.445388375001281,4
00-0033553,2024_15_NE_ARI,2024,15,RB,16.0,16.659082764304863,4
00-0033897,2024_15_MIA_HOU,2024,15,RB,12.0,17.49461386129078,4
00-0033906,2024_15_WAS_NO,2024,15,RB,5.0,10.442638407950557,4
00-0033923,2024_15_KC_CLE,2024,15,RB,13.0,11.09276672697957,4
00-0034791,2024_15_KC_CLE,2024,15,RB,9.0,9.528029924299243,4
00-0034844,2024_15_PIT_PHI,2024,15,RB,19.0,17.409954064968144,4
00-0034975,2024_15_BAL_NYG,2024,15,RB,2.0,4.985468233133726,4
00-0035250,2024_15_BAL_NYG,2024,15,RB,8.0,5.712153703002325,4
00-0035261,2024_15_CIN_TEN,2024,15,RB,17.0,11.760384842533124,4
00-0035700,2024_15_GB_SEA,2024,15,RB,26.0,20.17186888280059,4
00-0036139,2024_15_DAL_CAR,2024,15,RB,25.0,17.035611383261497,4
00-0036223,2024_15_IND_DEN,2024,15,RB,22.0,17.218003847055982,4
00-0036275,2024_15_CHI_MIN,2024,15,RB,19.0,15.121938722415013,4
00-0036555,2024_15_DAL_CAR,2024,15,RB,10.0,19.56159834264644,4
00-0036875,2024_15_NE_ARI,2024,15,RB,13.0,17.695958419703988,4
00-0036919,2024_15_PIT_PHI,2024,15,RB,7.0,7.2986403300920655,4
00-0036973,2024_15_NYJ_JAX,2024,15,RB,14.0,13.887807885194178,4
00-0036997,2024_15_IND_DEN,2024,15,RB,6.0,11.657623224471479,4
00-0037197,2024_15_KC_CLE,2024,15,RB,13.0,6.9560088728059215,4
00-0037228,2024_15_PIT_PHI,2024,15,RB,4.0,9.068096580689156,4
00-0037248,2024_15_BUF_DET,2024,15,RB,14.0,8.981249543686646,4
00-0037256,2024_15_TB_LAC,2024,15,RB,15.0,10.854618640506994,4
00-0037267,2024_15_KC_CLE,2024,15,RB,7.0,9.397785452108662,4
00-0037746,2024_15_WAS_NO,2024,15,RB,21.0,20.877296717212992,4
00-0037840,2024_15_LA_SF,2024,15,RB,29.0,17.178644796381295,4
00-0038120,2024_15_NYJ_JAX,2024,15,RB,9.0,10.730422340176386,4
00-0038542,2024_15_ATL_LV,2024,15,RB,22.0,18.347294958844618,4
00-0038551,2024_15_WAS_NO,2024,15,RB,9.0,11.063021367667952,4
00-0038597,2024_15_CIN_TEN,2024,15,RB,25.0,14.929103313740454,4
00-0039032,2024_15_CIN_TEN,2024,15,RB,4.0,5.7745447209280565,4
00-0039040,2024_15_MIA_HOU,2024,15,RB,12.0,13.03065676623194,4
00-0039139,2024_15_BUF_DET,2024,15,RB,8.0,16.6487012663015,4
00-0039165,2024_15_GB_SEA,2024,15,RB,8.0,14.312835078404186,4
00-0039361,2024_15_TB_LAC,2024,15,RB,15.0,10.489610640210714,4
00-0039363,2024_15_LA_SF,2024,15,RB,16.0,16.459798456992186,4
00-0039384,2024_15_BAL_NYG,2024,15,RB,10.0,14.484137260872373,4
00-0039391,2024_15_TB_LAC,2024,15,RB,3.0,12.85601686384872,4
00-0039798,2024_15_NYJ_JAX,2024,15,RB,5.0,8.659006993792119,4
00-0032104,2024_16_JAX_LV,2024,16,RB,7.0,2.978348574434392,4
00-0032764,2024_16_PIT_BAL,2024,16,RB,24.0,21.82403284935871,4
00-0033293,2024_16_MIN_SEA,2024,16,RB,18.0,17.737141070106006,4
00-0033553,2024_16_ARI_CAR,2024,16,RB,15.0,10.322769704249325,4
00-0033897,2024_16_HOU_KC,2024,16,RB,14.0,16.178245727308934,4
00-0033923,2024_16_HOU_KC,2024,16,RB,11.0,11.975014571367844,4
00-0034184,2024_16_DEN_LAC,2024,16,RB,14.0,9.0689320565183,4
00-0034844,2024_16_PHI_WAS,2024,16,RB,29.0,21.631373970416014,4
00-0034972,2024_16_JAX_LV,2024,16,RB,12.0,14.017217367903891,4
00-0035261,2024_16_TEN_IND,2024,16,RB,8.0,11.311900992171873,4
00-0035537,2024_16_NE_BUF,2024,16,RB,6.0,4.702260049818129,4
00-0035700,2024_16_NO_GB,2024,16,RB,13.0,11.495630839787419,4
00-0035973,2024_16_SF_MIA,2024,16,RB,8.0,18.056864721535387,4
00-0036139,2024_16_TB_DAL,2024,16,RB,13.0,19.690563769546987,4
00-0036223,2024_16_TEN_IND,2024,16,RB,29.0,22.419152958796264,4
00-0036275,2024_16_DET_CHI,2024,16,RB,9.0,16.174114167619912,4
00-0036328,2024_16_NE_BUF,2024,16,RB,10.0,11.412797305576666,4
00-0036555,2024_16_ARI_CAR,2024,16,RB,25.0,18.637367988380202,4
00-0036875,2024_16_NE_BUF,2024,16,RB,12.0,10.995084025708822,4
00-0036924,2024_16_ARI_CAR,2024,16,RB,5.0,7.846502968476303,4
00-0036973,2024_16_JAX_LV,2024,16,RB,9.0,10.008189881784817,4
00-0036997,2024_16_DEN_LAC,2024,16,RB,4.0,9.204470434927032,4
00-0037197,2024_16_HOU_KC,2024,16,RB,9.0,8.163200673011094,4
00-0037228,2024_16_PIT_BAL,2024,16,RB,12.0,11.676416268293202,4
00-0037248,2024_16_NE_BUF,2024,16,RB,11.0,9.269803374112808,4
00-0037256,2024_16_TB_DAL,2024,16,RB,3.0,10.733257975153808,4
00-0037267,2024_16_CLE_CIN,2024,16,RB,11.0,15.234857095670003,4
00-0037746,2024_16_PHI_WAS,2024,16,RB,10.0,19.351079424800474,4
00-0037840,2024_16_LA_NYJ,2024,16,RB,23.0,17.133951746366996,4
00-0038120,2024_16_LA_NYJ,2024,16,RB,14.0,16.15601552199759,4
00-0038134,2024_16_MIN_SEA,2024,16,RB,8.0,13.887861134808588,4
00-0038542,2024_16_NYG_ATL,2024,16,RB,22.0,19.873756413960667,4
00-0038551,2024_16_NO_GB,2024,16,RB,8.0,8.211959959116946,4
00-0038597,2024_16_CLE_CIN,2024,16,RB,18.0,16.556805404871955,4
00-0038678,2024_16_NO_GB,2024,16,RB,4.0,7.002114273860199,4
00-0038797,2024_16_NO_GB,2024,16,RB,11.0,8.300454870910873,4
00-0039032,2024_16_TEN_IND,2024,16,RB,10.0,7.864232714517315,4
00-0039040,2024_16_SF_MIA,2024,16,RB,17.0,11.541717839883761,4
00-0039139,2024_16_DET_CHI,2024,16,RB,23.0,16.24788688563196,4
00-0039361,2024_16_TB_DAL,2024,16,RB,16.0,14.122199533434017,4
00-0039384,2024_16_NYG_ATL,2024,16,RB,7.0,14.658442890303027,4
00-0031687,2024_17_MIA_CLE,2024,17,RB,6.0,6.950037443145556,4
00-0032104,2024_17_LV_NO,2024,17,RB,20.0,8.92982164413912,4
00-0032764,2024_17_BAL_HOU,2024,17,RB,27.0,21.81332360228664,4
00-0033293,2024_17_GB_MIN,2024,17,RB,12.0,13.062370542650198,4
00-0033897,2024_17_BAL_HOU,2024,17,RB,9.0,11.325815624396531,4
00-0033923,2024_17_KC_PIT,2024,17,RB,9.0,13.48251312338389,4
00-0033925,2024_17_MIA_CLE,2024,17,RB,13.0,11.101076778279008,4
00-0033948,2024_17_LV_NO,2024,17,RB,2.0,9.36137989537386,4
00-0034844,2024_17_DAL_PHI,2024,17,RB,31.0,19.978085402349603,4
00-0035567,2024_17_DET_SF,2024,17,RB,7.0,7.968633030146802,4
00-0035700,2024_17_GB_MIN,2024,17,RB,17.0,16.864762048686593,4
00-0036139,2024_17_DAL_PHI,2024,17,RB,23.0,18.10680469857567,4
00-0036158,2024_17_LAC_NE,2024,17,RB,19.0,14.118489802825428,4
00-0036223,2024_17_IND_NYG,2024,17,RB,32.0,26.355548632354754,4
00-0036275,2024_17_SEA_CHI,2024,17,RB,12.0,15.520363228540683,4
00-0036328,2024_17_LAC_NE,2024,17,RB,12.0,9.534108598894218,4
00-0036360,2024_17_LV_NO,2024,17,RB,5.0,9.754997683380468,4
00-0036875,2024_17_LAC_NE,2024,17,RB,2.0,11.678460160853225,4
00-0036893,2024_17_KC_PIT,2024,17,RB,13.0,13.151264231396171,4
00-0036924,2024_17_ARI_LA,2024,17,RB,13.0,10.263087958397596,4
00-0036973,2024_17_TEN_JAX,2024,17,RB,15.0,8.212659120575372,4
00-0036997,2024_17_DEN_CIN,2024,17,RB,0.0,7.812495678295834,4
00-0037228,2024_17_KC_PIT,2024,17,RB,11.0,7.548350764368767,4
00-0037248,2024_17_NYJ_BUF,2024,17,RB,15.0,12.209241968395263,4
00-0037256,2024_17_CAR_TB,2024,17,RB,6.0,8.009788330130482,4
00-0037429,2024_17_CAR_TB,2024,17,RB,8.0,10.788047420327159,4
00-0037594,2024_17_TEN_JAX,2024,17,RB,3.0,7.400658290033356,4
00-0037617,2024_17_LAC_NE,2024,17,RB,8.0,4.244137554327601,4
00-0037746,2024_17_ATL_WAS,2024,17,RB,13.0,14.634028064530284,4
00-0037840,2024_17_ARI_LA,2024,17,RB,13.0,18.85922678942988,4
00-0038098,2024_17_MIA_CLE,2024,17,RB,5.0,4.167222980435616,4
00-0038120,2024_17_NYJ_BUF,2024,17,RB,10.0,11.709389852034906,4
00-0038542,2024_17_ATL_WAS,2024,17,RB,17.0,20.232031192799298,4
00-0038555,2024_17_TEN_JAX,2024,17,RB,11.0,12.222439154043748,4
00-0038597,2024_17_DEN_CIN,2024,17,RB,20.0,17.66754600905888,4
00-0039032,2024_17_TEN_JAX,2024,17,RB,20.0,11.021337658283148,4
00-0039040,2024_17_MIA_CLE,2024,17,RB,10.0,10.382297382812204,4
00-0039139,2024_17_DET_SF,2024,17,RB,18.0,12.75309955132997,4
00-0039165,2024_17_SEA_CHI,2024,17,RB,15.0,14.935411894554104,4
00-0039361,2024_17_CAR_TB,2024,17,RB,20.0,14.17970839203328,4
00-0039363,2024_17_DET_SF,2024,17,RB,9.0,15.236441621967533,4
00-0039384,2024_17_IND_NYG,2024,17,RB,20.0,15.526962693302405,4
00-0032764,2024_18_CLE_BAL,2024,18,RB,20.0,22.797109211889154,4
00-0033293,2024_18_MIN_DET,2024,18,RB,10.0,14.854062230528717,4
00-0033526,2024_18_KC_DEN,2024,18,RB,1.0,5.081948565590545,4
00-0033699,2024_18_WAS_DAL,2024,18,RB,3.0,10.585161967683916,4
00-0033925,2024_18_CLE_BAL,2024,18,RB,10.0,13.12135055811396,4
00-0033948,2024_18_NO_TB,2024,18,RB,8.0,4.671923620394101,4
00-0034972,2024_18_LAC_LV,2024,18,RB,6.0,15.550563863284635,4
00-0035243,2024_18_CAR_ATL,2024,18,RB,17.0,7.42207509506349,4
00-0035261,2024_18_HOU_TEN,2024,18,RB,22.0,17.43087390255484,4
00-0035567,2024_18_MIN_DET,2024,18,RB,8.0,5.270197620287966,4
00-0035973,2024_18_SF_ARI,2024,18,RB,17.0,14.418424429662494,4
00-0036139,2024_18_WAS_DAL,2024,18,RB,22.0,17.96879676232882,4
00-0036158,2024_18_LAC_LV,2024,18,RB,18.0,17.04882947270004,4
00-0036223,2024_18_JAX_IND,2024,18,RB,34.0,21.853337618259914,4
00-0036275,2024_18_CHI_GB,2024,18,RB,20.0,16.765494834149816,4
00-0036328,2024_18_BUF_NE,2024,18,RB,12.0,14.051244794702257,4
00-0036893,2024_18_CIN_PIT,2024,18,RB,12.0,14.137410412678912,4
00-0036906,2024_18_CIN_PIT,2024,18,RB,20.0,17.06831257905671,4
00-0036919,2024_18_NYG_PHI,2024,18,RB,11.0,7.115999397519221,4
00-0036924,2024_18_SF_ARI,2024,18,RB,17.0,15.607429890157785,4
00-0036973,2024_18_JAX_IND,2024,18,RB,13.0,8.196125117905428,4
00-0037228,2024_18_CIN_PIT,2024,18,RB,6.0,6.164125208700933,4
00-0037258,2024_18_HOU_TEN,2024,18,RB,19.0,15.244267482801746,4
00-0037557,2024_18_SEA_LA,2024,18,RB,12.0,12.925526759441174,4
00-0037617,2024_18_LAC_LV,2024,18,RB,12.0,6.210497627408827,4
00-0037746,2024_18_WAS_DAL,2024,18,RB,5.0,11.594228564504878,4
00-0038120,2024_18_MIA_NYJ,2024,18,RB,12.0,15.645334902246354,4
00-0038542,2024_18_CAR_ATL,2024,18,RB,28.0,20.328794074584888,4
00-0038555,2024_18_JAX_IND,2024,18,RB,14.0,10.955515150835721,4
00-0038678,2024_18_NO_TB,2024,18,RB,2.0,3.4873794342415465,4
00-0038794,2024_18_KC_DEN,2024,18,RB,16.0,7.536363319956849,4
00-0038797,2024_18_CHI_GB,2024,18,RB,14.0,8.983974519072156,4
00-0039040,2024_18_MIA_NYJ,2024,18,RB,11.0,11.722812188077512,4
00-0039139,2024_18_MIN_DET,2024,18,RB,23.0,16.427918560972408,4
00-0039165,2024_18_SEA_LA,2024,18,RB,14.0,16.21213005226518,4
00-0039325,2024_18_KC_DEN,2024,18,RB,8.0,16.016656346094692,4
00-0039361,2024_18_NO_TB,2024,18,RB,19.0,17.264657237887175,4
00-0039384,2024_18_NYG_PHI,2024,18,RB,14.0,14.575725395572283,4
00-0039746,2024_18_NYG_PHI,2024,18,RB,10.0,14.28529206210237,4
00-0039757,2024_18_BUF_NE,2024,18,RB,8.0,10.038312586466862,4
00-0039875,2024_18_BUF_NE,2024,18,RB,15.0,15.715883577522959,4
00-0032764,2024_19_PIT_BAL,2024,19,RB,26.0,20.90542554979274,4
00-0033293,2024_19_MIN_LA,2024,19,RB,13.0,15.200850155245938,4
00-0033699,2024_19_WAS_TB,2024,19,RB,8.0,5.490521173406156,4
00-0033897,2024_19_LAC_HOU,2024,19,RB,25.0,18.03607179692642,4
00-0034844,2024_19_GB_PHI,2024,19,RB,25.0,21.226594737817102,4
00-0034975,2024_19_PIT_BAL,2024,19,RB,6.0,2.1958511778740206,4
00-0035537,2024_19_DEN_BUF,2024,19,RB,9.0,5.9761853342601885,4
00-0035700,2024_19_GB_PHI,2024,19,RB,18.0,17.46677379011625,4
00-0036158,2024_19_LAC_HOU,2024,19,RB,9.0,16.12867662215423,4
00-0036893,2024_19_PIT_BAL,2024,19,RB,6.0,11.104223274842433,4
00-0036997,2024_19_DEN_BUF,2024,19,RB,7.0,13.73686455494203,4
00-0037228,2024_19_PIT_BAL,2024,19,RB,2.0,6.754292712085397,4
00-0037248,2024_19_DEN_BUF,2024,19,RB,23.0,10.424681551322593,4
00-0037256,2024_19_WAS_TB,2024,19,RB,1.0,6.285372216874196,4
00-0037746,2024_19_WAS_TB,2024,19,RB,10.0,12.107798000904095,4
00-0037840,2024_19_MIN_LA,2024,19,RB,16.0,16.987682073371488,4
00-0039361,2024_19_WAS_TB,2024,19,RB,17.0,16.50636531885261,4
00-0032764,2024_20_BAL_BUF,2024,20,RB,16.0,20.745912578264335,4
00-0033699,2024_20_WAS_DET,2024,20,RB,6.0,6.111218798010624,4
00-0033897,2024_20_HOU_KC,2024,20,RB,18.0,13.758903864007122,4
00-0033923,2024_20_HOU_KC,2024,20,RB,8.0,12.300753627418361,4
00-0034844,2024_20_LA_PHI,2024,20,RB,26.0,21.361686224481403,4
00-0034975,2024_20_BAL_BUF,2024,20,RB,6.0,3.285704454534658,4
00-0035537,2024_20_BAL_BUF,2024,20,RB,5.0,3.3650160394079407,4
00-0037248,2024_20_BAL_BUF,2024,20,RB,17.0,12.876477810267962,4
00-0037746,2024_20_WAS_DET,2024,20,RB,15.0,12.790456497403769,4
00-0037840,2024_20_LA_PHI,2024,20,RB,19.0,17.911588159291526,4
00-0039139,2024_20_WAS_DET,2024,20,RB,14.0,17.8721640160894,4
00-0033699,2024_21_WAS_PHI,2024,21,RB,8.0,8.222076833605978,4
00-0033923,2024_21_BUF_KC,2024,21,RB,17.0,15.723179932178418,4
00-0034844,2024_21_WAS_PHI,2024,21,RB,15.0,20.830338675281894,4
00-0035537,2024_21_BUF_KC,2024,21,RB,6.0,4.412926711732432,4
00-0037248,2024_21_BUF_KC,2024,21,RB,13.0,11.202929814475073,4
00-0037746,2024_21_WAS_PHI,2024,21,RB,11.0,12.551230368784216,4
00-0033526,2024_22_KC_PHI,2024,22,RB,1.0,4.59964817082146,4
00-0034844,2024_22_KC_PHI,2024,22,RB,25.0,22.116806809411475,4
00-0037197,2024_22_KC_PHI,2024,22,RB,3.0,7.015188313027143,4
00-0032764,2025_01_BAL_BUF,2025,1,RB,18.0,12.090596662116887,5
00-0033280,2025_01_SF_SEA,2025,1,RB,22.0,14.817205058078573,5
00-0033293,2025_01_MIN_CHI,2025,1,RB,8.0,10.668811741132943,5
00-0033553,2025_01_ARI_NO,2025,1,RB,12.0,15.09794481890225,5
00-0033699,2025_01_NYG_WAS,2025,1,RB,6.0,8.676820403021303,5
00-0033906,2025_01_ARI_NO,2025,1,RB,11.0,16.464342025647866,5
00-0033923,2025_01_KC_LAC,2025,1,RB,5.0,7.94575211566418,5
00-0034791,2025_01_HOU_LA,2025,1,RB,13.0,11.499163345104597,5
00-0034844,2025_01_DAL_PHI,2025,1,RB,18.0,16.756881081390993,5
00-0034975,2025_01_BAL_BUF,2025,1,RB,2.0,7.910094311420973,5
00-0035261,2025_01_TEN_DEN,2025,1,RB,18.0,15.898422310309261,5
00-0035685,2025_01_DET_GB,2025,1,RB,11.0,8.2021870804281,5
00-0035700,2025_01_DET_GB,2025,1,RB,19.0,17.208267121101052,5
00-0036139,2025_01_CAR_JAX,2025,1,RB,3.0,7.900328910479243,5
00-0036158,2025_01_TEN_DEN,2025,1,RB,16.0,11.192853784110985,5
00-0036223,2025_01_MIA_IND,2025,1,RB,18.0,15.658840749491182,5
00-0036275,2025_01_MIN_CHI,2025,1,RB,17.0,16.623253675392995,5
00-0036555,2025_01_CAR_JAX,2025,1,RB,16.0,13.741596671949702,5
00-0036875,2025_01_LV_NE,2025,1,RB,7.0,15.584726707217273,5
00-0036919,2025_01_PIT_NYJ,2025,1,RB,7.0,9.461640680992547,5
00-0036973,2025_01_CAR_JAX,2025,1,RB,16.0,12.223654012519544,5
00-0036997,2025_01_DAL_PHI,2025,1,RB,15.0,16.756881081390993,5
00-0037197,2025_01_KC_LAC,2025,1,RB,5.0,11.124143225481873,5
00-0037228,2025_01_PIT_NYJ,2025,1,RB,11.0,9.795514582812906,5
00-0037248,2025_01_BAL_BUF,2025,1,RB,13.0,10.511871090725373,5
00-0037267,2025_01_CIN_CLE,2025,1,RB,6.0,11.338075286938558,5
00-0037525,2025_01_MIN_CHI,2025,1,RB,15.0,11.437809441078125,5
00-0037840,2025_01_HOU_LA,2025,1,RB,18.0,14.880902613871978,5
00-0038120,2025_01_PIT_NYJ,2025,1,RB,19.0,12.373360556649471,5
00-0038134,2025_01_SF_SEA,2025,1,RB,10.0,7.840418139655292,5
00-0038542,2025_01_TB_ATL,2025,1,RB,12.0,16.798413117386417,5
00-0038597,2025_01_CIN_CLE,2025,1,RB,21.0,14.18490148144723,5
00-0039040,2025_01_MIA_IND,2025,1,RB,7.0,13.618760670775842,5
00-0039139,2025_01_DET_GB,2025,1,RB,9.0,13.423479640412088,5
00-0039165,2025_01_SF_SEA,2025,1,RB,12.0,12.4469184509132,5
00-0039361,2025_01_TB_ATL,2025,1,RB,14.0,14.708231540494754,5
00-0039384,2025_01_NYG_WAS,2025,1,RB,10.0,15.29332545782242,5
00-0040122,2025_01_LV_NE,2025,1,RB,19.0,16.91853171097264,5
00-0040162,2025_01_CIN_CLE,2025,1,RB,12.0,7.383730139039417,5
00-0040666,2025_01_KC_LAC,2025,1,RB,15.0,16.91547745413761,5
00-0040734,2025_01_LV_NE,2025,1,RB,5.0,8.004497678008239,5
00-0032764,2025_02_CLE_BAL,2025,2,RB,11.0,19.454249365745238,5
00-0033280,2025_02_SF_NO,2025,2,RB,13.0,17.04656211857062,5
00-0033293,2025_02_ATL_MIN,2025,2,RB,5.0,7.986878551806885,5
00-0033553,2025_02_CAR_ARI,2025,2,RB,11.0,13.251360990173811,5
00-0033699,2025_02_WAS_GB,2025,2,RB,8.0,8.148894698238008,5
00-0033906,2025_02_SF_NO,2025,2,RB,21.0,15.958017873565009,5
00-0033923,2025_02_PHI_KC,2025,2,RB,8.0,6.952022822488908,5
00-0034791,2025_02_TB_HOU,2025,2,RB,12.0,14.151671805680008,5
00-0034844,2025_02_PHI_KC,2025,2,RB,22.0,16.19702681459136,5
00-0034975,2025_02_CLE_BAL,2025,2,RB,3.0,4.5837884412806265,5
00-0035261,2025_02_LA_TEN,2025,2,RB,20.0,18.716399484027896,5
00-0035685,2025_02_CHI_DET,2025,2,RB,11.0,8.51444721230456,5
00-0035700,2025_02_WAS_GB,2025,2,RB,23.0,19.808006745906162,5
00-0035726,2025_02_TB_HOU,2025,2,RB,0.0,5.781254610074021,5
00-0036158,2025_02_DEN_IND,2025,2,RB,14.0,12.491282220846287,5
00-0036223,2025_02_DEN_IND,2025,2,RB,25.0,18.88166979363975,5
00-0036275,2025_02_CHI_DET,2025,2,RB,12.0,12.251207451469748,5
00-0036555,2025_02_CAR_ARI,2025,2,RB,10.0,15.146828543759865,5
00-0036875,2025_02_NE_MIA,2025,2,RB,11.0,11.39478871058688,5
00-0036893,2025_02_LAC_LV,2025,2,RB,8.0,8.061275548475802,5
00-0036919,2025_02_SEA_PIT,2025,2,RB,5.0,6.995582237165878,5
00-0036973,2025_02_JAX_CIN,2025,2,RB,14.0,16.8549098446372,5
00-0036997,2025_02_NYG_DAL,2025,2,RB,18.0,18.634217233636893,5
00-0037157,2025_02_CAR_ARI,2025,2,RB,0.0,7.429467959151788,5
00-0037197,2025_02_PHI_KC,2025,2,RB,10.0,9.763510348944768,5
00-0037228,2025_02_SEA_PIT,2025,2,RB,14.0,13.599527070929392,5
00-0037248,2025_02_BUF_NYJ,2025,2,RB,21.0,9.900747952241094,5
00-0037267,2025_02_CLE_BAL,2025,2,RB,6.0,7.616605372185783,5
00-0037525,2025_02_ATL_MIN,2025,2,RB,9.0,15.19130021551987,5
00-0037840,2025_02_LA_TEN,2025,2,RB,17.0,17.71530665923247,5
00-0038120,2025_02_BUF_NYJ,2025,2,RB,10.0,17.591212344995693,5
00-0038134,2025_02_SEA_PIT,2025,2,RB,13.0,7.374635769022257,5
00-0038542,2025_02_ATL_MIN,2025,2,RB,22.0,12.529456683569773,5
00-0038597,2025_02_JAX_CIN,2025,2,RB,16.0,15.977923440180284,5
00-0039040,2025_02_NE_MIA,2025,2,RB,11.0,14.880047965908645,5
00-0039139,2025_02_CHI_DET,2025,2,RB,12.0,9.777825732367159,5
00-0039165,2025_02_SEA_PIT,2025,2,RB,15.0,13.89536172170423,5
00-0039361,2025_02_TB_HOU,2025,2,RB,17.0,14.079325191455087,5
00-0039384,2025_02_NYG_DAL,2025,2,RB,5.0,7.42483669778713,5
00-0039921,2025_02_CAR_ARI,2025,2,RB,3.0,9.50986282126267,5
00-0040122,2025_02_LAC_LV,2025,2,RB,11.0,13.903060756106855,5
00-0040236,2025_02_CHI_DET,2025,2,RB,7.0,7.836118810182956,5
00-0040649,2025_02_SEA_PIT,2025,2,RB,0.0,6.381270293028375,5
00-0040666,2025_02_LAC_LV,2025,2,RB,8.0,14.327349967597732,5
00-0040715,2025_02_NYG_DAL,2025,2,RB,11.0,10.965748287982823,5
00-0032764,2025_03_DET_BAL,2025,3,RB,12.0,13.037309792131252,5
00-0033280,2025_03_ARI_SF,2025,3,RB,17.0,15.974823825331194,5
00-0033906,2025_03_NO_SEA,2025,3,RB,18.0,15.702118932380568,5
00-0033923,2025_03_KC_NYG,2025,3,RB,10.0,7.906061230422117,5
00-0034791,2025_03_HOU_JAX,2025,3,RB,9.0,12.347670491748914,5
00-0034844,2025_03_LA_PHI,2025,3,RB,18.0,18.008408105408027,5
00-0034975,2025_03_DET_BAL,2025,3,RB,0.0,5.912167860335298,5
00-0035243,2025_03_DAL_CHI,2025,3,RB,9.0,8.603948410912944,5
00-0035261,2025_03_IND_TEN,2025,3,RB,16.0,18.569998300575993,5
00-0035685,2025_03_DET_BAL,2025,3,RB,12.0,8.860577391098946,5
00-0035700,2025_03_GB_CLE,2025,3,RB,16.0,17.203092128240502,5
00-0036139,2025_03_ATL_CAR,2025,3,RB,10.0,6.333553017577406,5
00-0036158,2025_03_DEN_LAC,2025,3,RB,11.0,16.631982634513353,5
00-0036223,2025_03_IND_TEN,2025,3,RB,17.0,20.266496932775887,5
00-0036275,2025_03_DAL_CHI,2025,3,RB,13.0,13.386988528768969,5
00-0036555,2025_03_ATL_CAR,2025,3,RB,17.0,12.66459381369948,5
00-0036875,2025_03_PIT_NE,2025,3,RB,4.0,7.376930662786692,5
00-0036973,2025_03_HOU_JAX,2025,3,RB,16.0,13.543775838139316,5
00-0036997,2025_03_DAL_CHI,2025,3,RB,10.0,14.884279536125309,5
00-0037197,2025_03_KC_NYG,2025,3,RB,10.0,10.925650451511304,5
00-0037228,2025_03_PIT_NE,2025,3,RB,18.0,15.923024991975254,5
00-0037248,2025_03_MIA_BUF,2025,3,RB,19.0,17.59790593916924,5
00-0037267,2025_03_GB_CLE,2025,3,RB,0.0,4.851414952242814,5
00-0037525,2025_03_CIN_MIN,2025,3,RB,16.0,14.725881786141027,5
00-0037840,2025_03_LA_PHI,2025,3,RB,20.0,17.93466571660207,5
00-0038120,2025_03_NYJ_TB,2025,3,RB,9.0,11.281289186699293,5
00-0038134,2025_03_NO_SEA,2025,3,RB,16.0,12.631387633081708,5
00-0038542,2025_03_ATL_CAR,2025,3,RB,13.0,17.462423182506292,5
00-0038597,2025_03_CIN_MIN,2025,3,RB,10.0,14.580772887463201,5
00-0038611,2025_03_LV_WAS,2025,3,RB,11.0,7.669567341657678,5
00-0039040,2025_03_MIA_BUF,2025,3,RB,12.0,13.583427381177566,5
00-0039139,2025_03_DET_BAL,2025,3,RB,22.0,13.58804890468571,5
00-0039299,2025_03_NO_SEA,2025,3,RB,10.0,7.716935963894153,5
00-0039361,2025_03_NYJ_TB,2025,3,RB,25.0,16.765945876639222,5
00-0039921,2025_03_ARI_SF,2025,3,RB,10.0,9.456988291744334,5
00-0040122,2025_03_LV_WAS,2025,3,RB,17.0,14.406405530362923,5
00-0040242,2025_03_LV_WAS,2025,3,RB,8.0,7.390138050399055,5
00-0040547,2025_03_ATL_CAR,2025,3,RB,7.0,7.293280694776843,5
00-0040583,2025_03_HOU_JAX,2025,3,RB,6.0,9.569338835864551,5
00-0040666,2025_03_DEN_LAC,2025,3,RB,19.0,16.996922208316466,5
00-0040715,2025_03_KC_NYG,2025,3,RB,10.0,14.099705982404958,5
00-0040734,2025_03_PIT_NE,2025,3,RB,11.0,7.448787950522992,5
00-0040784,2025_03_GB_CLE,2025,3,RB,18.0,11.552340514776446,5
00-0032764,2025_04_BAL_KC,2025,4,RB,8.0,12.67534068188879,5
00-0033280,2025_04_JAX_SF,2025,4,RB,17.0,16.42675069668247,5
00-0033906,2025_04_NO_BUF,2025,4,RB,15.0,17.667660905178337,5
00-0033923,2025_04_BAL_KC,2025,4,RB,13.0,8.315185927921306,5
00-0034791,2025_04_TEN_HOU,2025,4,RB,13.0,10.865457358792623,5
00-0034844,2025_04_PHI_TB,2025,4,RB,19.0,16.531938145450688,5
00-0034975,2025_04_BAL_KC,2025,4,RB,3.0,7.761983178685215,5
00-0035261,2025_04_TEN_HOU,2025,4,RB,14.0,19.03075657103073,5
00-0035700,2025_04_GB_DAL,2025,4,RB,22.0,17.18422791544833,5
00-0036139,2025_04_CAR_NE,2025,4,RB,9.0,6.437438203551417,5
00-0036158,2025_04_CIN_DEN,2025,4,RB,16.0,13.203153754828245,5
00-0036223,2025_04_IND_LA,2025,4,RB,17.0,20.073591937751555,5
00-0036275,2025_04_CHI_LV,2025,4,RB,14.0,14.299522747395514,5
00-0036555,2025_04_CAR_NE,2025,4,RB,10.0,11.489192905773809,5
00-0036875,2025_04_CAR_NE,2025,4,RB,9.0,9.227093021192246,5
00-0036919,2025_04_MIN_PIT,2025,4,RB,19.0,13.091210663773206,5
00-0036973,2025_04_JAX_SF,2025,4,RB,19.0,15.646925819994678,5
00-0036997,2025_04_GB_DAL,2025,4,RB,20.0,16.723847473417077,5
00-0037157,2025_04_SEA_ARI,2025,4,RB,0.0,3.509737797794404,5
00-0037197,2025_04_BAL_KC,2025,4,RB,7.0,7.894057974157335,5
00-0037248,2025_04_NO_BUF,2025,4,RB,22.0,18.454027193086006,5
00-0037256,2025_04_PHI_TB,2025,4,RB,6.0,8.821594418813406,5
00-0037525,2025_04_MIN_PIT,2025,4,RB,16.0,16.24134685273595,5
00-0037840,2025_04_IND_LA,2025,4,RB,13.0,17.322872127773486,5
00-0038120,2025_04_NYJ_MIA,2025,4,RB,14.0,15.703762151843565,5
00-0038134,2025_04_SEA_ARI,2025,4,RB,19.0,12.817075050328075,5
00-0038440,2025_04_MIN_PIT,2025,4,RB,2.0,7.146779151550174,5
00-0038542,2025_04_WAS_ATL,2025,4,RB,17.0,14.803121052624395,5
00-0038597,2025_04_CIN_DEN,2025,4,RB,10.0,15.087351941284192,5
00-0038611,2025_04_WAS_ATL,2025,4,RB,7.0,9.592368274255188,5
00-0038705,2025_04_SEA_ARI,2025,4,RB,2.0,6.383413251471068,5
00-0039040,2025_04_NYJ_MIA,2025,4,RB,20.0,14.488955526158641,5
00-0039139,2025_04_CLE_DET,2025,4,RB,15.0,13.184695330577767,5
00-0039165,2025_04_SEA_ARI,2025,4,RB,12.0,10.822377183224994,5
00-0039361,2025_04_PHI_TB,2025,4,RB,15.0,15.427410131331259,5
00-0039921,2025_04_SEA_ARI,2025,4,RB,8.0,6.964184471526441,5
00-0040122,2025_04_CHI_LV,2025,4,RB,21.0,17.173139971382426,5
00-0040242,2025_04_WAS_ATL,2025,4,RB,7.0,7.734551505994367,5
00-0040583,2025_04_TEN_HOU,2025,4,RB,17.0,10.464149189636471,5
00-0040666,2025_04_LAC_NYG,2025,4,RB,12.0,16.536493497598702,5
00-0040715,2025_04_LAC_NYG,2025,4,RB,25.0,14.154437998767976,5
00-0040730,2025_04_CIN_DEN,2025,4,RB,14.0,8.148541030852718,5
00-0040784,2025_04_CLE_DET,2025,4,RB,21.0,15.748900880486044,5
00-0031687,2025_05_LV_IND,2025,5,RB,7.0,8.806134871534969,5
00-0032764,2025_05_HOU_BAL,2025,5,RB,15.0,18.33136687064524,5
00-0033280,2025_05_SF_LA,2025,5,RB,22.0,16.49798055180235,5
00-0033526,2025_05_DET_CIN,2025,5,RB,4.0,9.73248635226512,5
00-0033906,2025_05_NYG_NO,2025,5,RB,8.0,13.769997558392985,5
00-0034791,2025_05_HOU_BAL,2025,5,RB,11.0,10.098422692125249,5
00-0034844,2025_05_DEN_PHI,2025,5,RB,6.0,15.60458925563524,5
00-0035261,2025_05_TEN_ARI,2025,5,RB,14.0,17.06307790051587,5
00-0035685,2025_05_DET_CIN,2025,5,RB,18.0,15.353823418779626,5
00-0036139,2025_05_MIA_CAR,2025,5,RB,23.0,13.975780150380336,5
00-0036158,2025_05_DEN_PHI,2025,5,RB,20.0,14.607484433201272,5
00-0036223,2025_05_LV_IND,2025,5,RB,17.0,19.280693348813116,5
00-0036875,2025_05_NE_BUF,2025,5,RB,7.0,7.6390598408123225,5
00-0036924,2025_05_TEN_ARI,2025,5,RB,18.0,10.744996635202265,5
00-0036973,2025_05_KC_JAX,2025,5,RB,12.0,16.678044310987307,5
00-0036997,2025_05_DAL_NYJ,2025,5,RB,16.0,17.90677733293068,5
00-0037157,2025_05_TEN_ARI,2025,5,RB,4.0,2.502628022131109,5
00-0037197,2025_05_KC_JAX,2025,5,RB,7.0,12.927071142880964,5
00-0037248,2025_05_NE_BUF,2025,5,RB,15.0,18.119982018832793,5
00-0037256,2025_05_TB_SEA,2025,5,RB,14.0,13.531226291589872,5
00-0037267,2025_05_MIN_CLE,2025,5,RB,5.0,5.231614840919729,5
00-0037525,2025_05_MIN_CLE,2025,5,RB,13.0,17.313627755254018,5
00-0037840,2025_05_SF_LA,2025,5,RB,14.0,19.268916475182774,5
00-0038120,2025_05_DAL_NYJ,2025,5,RB,14.0,14.452787815118608,5
00-0038134,2025_05_TB_SEA,2025,5,RB,10.0,11.670472966904283,5
00-0038551,2025_05_NYG_NO,2025,5,RB,10.0,8.43701431552595,5
00-0038597,2025_05_DET_CIN,2025,5,RB,8.0,10.525157795385233,5
00-0039040,2025_05_MIA_CAR,2025,5,RB,10.0,16.670128473984157,5
00-0039139,2025_05_DET_CIN,2025,5,RB,12.0,13.900907412758347,5
00-0039165,2025_05_TB_SEA,2025,5,RB,9.0,11.98539215028109,5
00-0039798,2025_05_DAL_NYJ,2025,5,RB,1.0,8.07857662876131,5
00-0040122,2025_05_LV_IND,2025,5,RB,14.0,14.90248731036461,5
00-0040242,2025_05_WAS_LAC,2025,5,RB,14.0,9.325039662245064,5
00-0040583,2025_05_HOU_BAL,2025,5,RB,7.0,9.084612366081007,5
00-0040666,2025_05_WAS_LAC,2025,5,RB,12.0,13.088907234608117,5
00-0040715,2025_05_NYG_NO,2025,5,RB,15.0,15.83485502480308,5
00-0040734,2025_05_NE_BUF,2025,5,RB,6.0,8.390616309357938,5
00-0040784,2025_05_MIN_CLE,2025,5,RB,23.0,16.030088082219876,5
00-0032764,2025_06_LA_BAL,2025,6,RB,24.0,13.147175046346748,5
00-0033280,2025_06_SF_TB,2025,6,RB,17.0,14.92530084393164,5
00-0033526,2025_06_CIN_GB,2025,6,RB,6.0,7.176110814925906,5
00-0033906,2025_06_NE_NO,2025,6,RB,10.0,13.414996234023167,5
00-0034367,2025_06_LAC_MIA,2025,6,RB,0.0,7.253250243911932,5
00-0034844,2025_06_PHI_NYG,2025,6,RB,12.0,18.535305825739574,5
00-0034975,2025_06_LA_BAL,2025,6,RB,6.0,6.116416233677771,5
00-0035261,2025_06_TEN_LV,2025,6,RB,10.0,12.568683928084372,5
00-0035537,2025_06_BUF_ATL,2025,6,RB,1.0,7.917397688597162,5
00-0035700,2025_06_CIN_GB,2025,6,RB,18.0,20.2202183460932,5
00-0036139,2025_06_DAL_CAR,2025,6,RB,30.0,18.807610098892937,5
00-0036158,2025_06_DEN_NYJ,2025,6,RB,14.0,15.152599922063915,5
00-0036223,2025_06_ARI_IND,2025,6,RB,21.0,19.304293589704656,5
00-0036275,2025_06_CHI_WAS,2025,6,RB,14.0,12.58165127818416,5
00-0036875,2025_06_NE_NO,2025,6,RB,13.0,13.606901000745031,5
00-0036919,2025_06_CLE_PIT,2025,6,RB,6.0,7.138832273947007,5
00-0036924,2025_06_ARI_IND,2025,6,RB,9.0,11.58070676879302,5
00-0036973,2025_06_SEA_JAX,2025,6,RB,12.0,15.72711403161869,5
00-0036997,2025_06_DAL_CAR,2025,6,RB,13.0,19.57836719688108,5
00-0037157,2025_06_ARI_IND,2025,6,RB,11.0,4.618275730940125,5
00-0037197,2025_06_DET_KC,2025,6,RB,12.0,14.271284989854644,5
00-0037228,2025_06_CLE_PIT,2025,6,RB,11.0,10.725244260503917,5
00-0037248,2025_06_BUF_ATL,2025,6,RB,17.0,15.19894504499976,5
00-0037256,2025_06_SF_TB,2025,6,RB,17.0,14.039964835633281,5
00-0037267,2025_06_CLE_PIT,2025,6,RB,2.0,7.228313259319939,5
00-0037840,2025_06_LA_BAL,2025,6,RB,13.0,18.825400918339483,5
00-0038120,2025_06_DEN_NYJ,2025,6,RB,22.0,15.850129235832206,5
00-0038134,2025_06_SEA_JAX,2025,6,RB,10.0,10.755643709992148,5
00-0038542,2025_06_BUF_ATL,2025,6,RB,19.0,18.69289187280392,5
00-0038551,2025_06_NE_NO,2025,6,RB,8.0,8.15142855280731,5
00-0038597,2025_06_CIN_GB,2025,6,RB,9.0,9.985897204981143,5
00-0039032,2025_06_TEN_LV,2025,6,RB,5.0,11.856604613234715,5
00-0039040,2025_06_LAC_MIA,2025,6,RB,16.0,15.409654904674529,5
00-0039139,2025_06_DET_KC,2025,6,RB,17.0,15.260111304579556,5
00-0039165,2025_06_SEA_JAX,2025,6,RB,12.0,14.285704083013425,5
00-0039391,2025_06_LAC_MIA,2025,6,RB,18.0,14.67224699530752,5
00-0040122,2025_06_TEN_LV,2025,6,RB,23.0,19.37850467514771,5
00-0040236,2025_06_CHI_WAS,2025,6,RB,5.0,6.18754221224473,5
00-0040242,2025_06_CHI_WAS,2025,6,RB,17.0,16.3394283204795,5
00-0040715,2025_06_PHI_NYG,2025,6,RB,19.0,15.482275371239261,5
00-0040784,2025_06_CLE_PIT,2025,6,RB,12.0,13.607447963806198,5
00-0033280,2025_07_ATL_SF,2025,7,RB,24.0,14.473329985777209,5
00-0033526,2025_07_PIT_CIN,2025,7,RB,7.0,7.221848053470696,5
00-0033906,2025_07_NO_CHI,2025,7,RB,11.0,16.436397842620494,5
00-0033955,2025_07_WAS_DAL,2025,7,RB,2.0,6.915892407335896,5
00-0034367,2025_07_IND_LAC,2025,7,RB,0.0,4.423964012542461,5
00-0034844,2025_07_PHI_MIN,2025,7,RB,18.0,17.651130599222814,5
00-0035261,2025_07_NE_TEN,2025,7,RB,6.0,12.856560266536256,5
00-0035685,2025_07_TB_DET,2025,7,RB,13.0,12.279164977963811,5
00-0035700,2025_07_GB_ARI,2025,7,RB,13.0,15.840883203746639,5
00-0036139,2025_07_CAR_NYJ,2025,7,RB,17.0,13.134081700200598,5
00-0036158,2025_07_NYG_DEN,2025,7,RB,14.0,14.340197410486217,5
00-0036223,2025_07_IND_LAC,2025,7,RB,16.0,19.482192327133163,5
00-0036275,2025_07_NO_CHI,2025,7,RB,19.0,12.031928110479571,5
00-0036555,2025_07_CAR_NYJ,2025,7,RB,14.0,11.327804904657196,5
00-0036875,2025_07_NE_TEN,2025,7,RB,18.0,15.037259544762604,5
00-0036919,2025_07_PIT_CIN,2025,7,RB,3.0,7.951375452680518,5
00-0036924,2025_07_GB_ARI,2025,7,RB,7.0,7.956010779951912,5
00-0036973,2025_07_LA_JAX,2025,7,RB,8.0,14.326131640915976,5
00-0036997,2025_07_WAS_DAL,2025,7,RB,19.0,16.404498604364985,5
00-0037157,2025_07_GB_ARI,2025,7,RB,14.0,5.221572433105083,5
00-0037197,2025_07_LV_KC,2025,7,RB,15.0,10.773557418271823,5
00-0037228,2025_07_PIT_CIN,2025,7,RB,16.0,15.02646454064146,5
00-0037256,2025_07_TB_DET,2025,7,RB,10.0,15.097233301414498,5
00-0037525,2025_07_PHI_MIN,2025,7,RB,15.0,18.434310058470363,5
00-0037840,2025_07_LA_JAX,2025,7,RB,12.0,14.62875818398394,5
00-0038120,2025_07_CAR_NYJ,2025,7,RB,11.0,12.848109043025921,5
00-0038134,2025_07_HOU_SEA,2025,7,RB,17.0,12.028755112832307,5
00-0038542,2025_07_ATL_SF,2025,7,RB,14.0,19.223138006665724,5
00-0038597,2025_07_PIT_CIN,2025,7,RB,11.0,13.84477631763177,5
00-0038797,2025_07_GB_ARI,2025,7,RB,6.0,8.381486799358463,5
00-0039032,2025_07_NE_TEN,2025,7,RB,5.0,5.365973767961339,5
00-0039040,2025_07_MIA_CLE,2025,7,RB,13.0,11.087385417155218,5
00-0039139,2025_07_TB_DET,2025,7,RB,17.0,12.119535160127658,5
00-0039165,2025_07_HOU_SEA,2025,7,RB,12.0,12.639731003454774,5
00-0039384,2025_07_NYG_DEN,2025,7,RB,9.0,5.696837814525034,5
00-0039391,2025_07_IND_LAC,2025,7,RB,9.0,16.04353894919964,5
00-0039738,2025_07_LA_JAX,2025,7,RB,12.0,7.960003685522234,5
00-0039798,2025_07_CAR_NYJ,2025,7,RB,2.0,5.596497733151957,5
00-0040078,2025_07_LV_KC,2025,7,RB,14.0,6.913762328505067,5
00-0040122,2025_07_LV_KC,2025,7,RB,6.0,16.492568886987332,5
00-0040236,2025_07_NO_CHI,2025,7,RB,13.0,7.96267632302668,5
00-0040242,2025_07_WAS_DAL,2025,7,RB,13.0,13.263274120040567,5
00-0040583,2025_07_HOU_SEA,2025,7,RB,10.0,13.001540967716855,5
00-0040715,2025_07_NYG_DEN,2025,7,RB,16.0,15.253649290677695,5
00-0040784,2025_07_MIA_CLE,2025,7,RB,25.0,20.251426529073733,5
00-0032764,2025_08_CHI_BAL,2025,8,RB,21.0,16.597632936359062,5
00-0033280,2025_08_SF_HOU,2025,8,RB,8.0,17.81485896695492,5
00-0033293,2025_08_MIN_LAC,2025,8,RB,5.0,7.130439445904294,5
00-0033526,2025_08_NYJ_CIN,2025,8,RB,9.0,6.659882099078298,5
00-0033906,2025_08_TB_NO,2025,8,RB,6.0,11.174113162967053,5
00-0033955,2025_08_WAS_KC,2025,8,RB,1.0,5.696061899676465,5
00-0034791,2025_08_SF_HOU,2025,8,RB,17.0,10.542717213360634,5
00-0034844,2025_08_NYG_PHI,2025,8,RB,14.0,14.475319222225757,5
00-0035261,2025_08_TEN_IND,2025,8,RB,11.0,10.722837537881965,5
00-0035700,2025_08_GB_PIT,2025,8,RB,13.0,15.230660829210708,5
00-0036139,2025_08_BUF_CAR,2025,8,RB,8.0,11.407344603208522,5
00-0036158,2025_08_DAL_DEN,2025,8,RB,15.0,15.502149763393545,5
00-0036187,2025_08_BUF_CAR,2025,8,RB,0.0,5.779787461575703,5
00-0036223,2025_08_TEN_IND,2025,8,RB,12.0,19.924822216840973,5
00-0036275,2025_08_CHI_BAL,2025,8,RB,11.0,13.000002163270505,5
00-0036555,2025_08_BUF_CAR,2025,8,RB,12.0,11.803613618549518,5
00-0036875,2025_08_CLE_NE,2025,8,RB,14.0,14.675174527755077,5
00-0036919,2025_08_GB_PIT,2025,8,RB,5.0,5.153224078072747,5
00-0036997,2025_08_DAL_DEN,2025,8,RB,13.0,16.46847686478243,5
00-0037197,2025_08_WAS_KC,2025,8,RB,12.0,11.48241943253142,5
00-0037228,2025_08_GB_PIT,2025,8,RB,13.0,13.965978842399894,5
00-0037248,2025_08_BUF_CAR,2025,8,RB,19.0,13.091712692359682,5
00-0037256,2025_08_TB_NO,2025,8,RB,13.0,11.879705030168054,5
00-0037263,2025_08_MIA_ATL,2025,8,RB,4.0,9.148217249118389,5
00-0037525,2025_08_MIN_LAC,2025,8,RB,4.0,10.594246709245839,5
00-0038120,2025_08_NYJ_CIN,2025,8,RB,18.0,13.900861569886438,5
00-0038542,2025_08_MIA_ATL,2025,8,RB,9.0,15.354340025193414,5
00-0038597,2025_08_NYJ_CIN,2025,8,RB,12.0,12.328107583514747,5
00-0038797,2025_08_GB_PIT,2025,8,RB,11.0,8.421928625659422,5
00-0038951,2025_08_TB_NO,2025,8,RB,12.0,7.81827046653564,5
00-0039032,2025_08_TEN_IND,2025,8,RB,9.0,6.433537690943089,5
00-0039040,2025_08_MIA_ATL,2025,8,RB,18.0,15.077276229797112,5
00-0039384,2025_08_NYG_PHI,2025,8,RB,10.0,11.639630796539187,5
00-0039391,2025_08_MIN_LAC,2025,8,RB,23.0,16.277261222030013,5
00-0039798,2025_08_NYJ_CIN,2025,8,RB,7.0,5.7748557902884246,5
00-0040162,2025_08_CLE_NE,2025,8,RB,3.0,8.83588253356655,5
00-0040202,2025_08_TB_NO,2025,8,RB,0.0,9.450238475449718,5
00-0040236,2025_08_CHI_BAL,2025,8,RB,7.0,9.961452425637532,5
00-0040242,2025_08_WAS_KC,2025,8,RB,9.0,12.444649167860382,5
00-0040547,2025_08_MIA_ATL,2025,8,RB,2.0,7.594809786641791,5
00-0040583,2025_08_SF_HOU,2025,8,RB,11.0,7.244057836450808,5
00-0032764,2025_09_BAL_MIA,2025,9,RB,19.0,19.38958830970592,5
00-0033280,2025_09_SF_NYG,2025,9,RB,28.0,17.304355503015987,5
00-0033293,2025_09_MIN_DET,2025,9,RB,9.0,5.594250564136355,5
00-0033906,2025_09_NO_LA,2025,9,RB,6.0,12.663016130997738,5
00-0033923,2025_09_KC_BUF,2025,9,RB,11.0,15.650058711120547,5
00-0034791,2025_09_DEN_HOU,2025,9,RB,11.0,9.209153734001024,5
00-0035250,2025_09_SF_NYG,2025,9,RB,8.0,10.535306558819038,5
00-0035261,2025_09_LAC_TEN,2025,9,RB,10.0,14.566985096436474,5
00-0035685,2025_09_MIN_DET,2025,9,RB,11.0,11.190436472286638,5
00-0035700,2025_09_CAR_GB,2025,9,RB,17.0,14.629065575516483,5
00-0036139,2025_09_CAR_GB,2025,9,RB,25.0,16.653662808627345,5
00-0036158,2025_09_DEN_HOU,2025,9,RB,15.0,13.257958745934564,5
00-0036223,2025_09_IND_PIT,2025,9,RB,14.0,20.54635791166811,5
00-0036919,2025_09_IND_PIT,2025,9,RB,3.0,5.609330901116447,5
00-0036973,2025_09_JAX_LV,2025,9,RB,22.0,12.843194586375319,5
00-0036997,2025_09_ARI_DAL,2025,9,RB,15.0,18.07647721428762,5
00-0037157,2025_09_ARI_DAL,2025,9,RB,9.0,6.589298250201571,5
00-0037228,2025_09_IND_PIT,2025,9,RB,16.0,12.020488591507686,5
00-0037248,2025_09_KC_BUF,2025,9,RB,27.0,20.124211373705226,5
00-0037525,2025_09_MIN_DET,2025,9,RB,10.0,14.64254633299693,5
00-0037840,2025_09_NO_LA,2025,9,RB,25.0,15.446478033689203,5
00-0038134,2025_09_SEA_WAS,2025,9,RB,11.0,14.041337829883366,5
00-0038542,2025_09_ATL_NE,2025,9,RB,12.0,16.567414909934904,5
00-0038597,2025_09_CHI_CIN,2025,9,RB,11.0,17.32725432334221,5
00-0038611,2025_09_SEA_WAS,2025,9,RB,12.0,7.71536388852618,5
00-0038705,2025_09_ARI_DAL,2025,9,RB,14.0,4.670374228589855,5
00-0039032,2025_09_LAC_TEN,2025,9,RB,7.0,7.124118645891038,5
00-0039040,2025_09_BAL_MIA,2025,9,RB,14.0,17.141522923322967,5
00-0039139,2025_09_MIN_DET,2025,9,RB,9.0,16.040677089128856,5
00-0039165,2025_09_SEA_WAS,2025,9,RB,8.0,9.327780031526713,5
00-0039384,2025_09_SF_NYG,2025,9,RB,5.0,8.710422846200867,5
00-0039391,2025_09_LAC_TEN,2025,9,RB,12.0,16.60116619698418,5
00-0040122,2025_09_JAX_LV,2025,9,RB,13.0,18.45765051971635,5
00-0040202,2025_09_NO_LA,2025,9,RB,3.0,5.483625348217656,5
00-0040236,2025_09_CHI_CIN,2025,9,RB,26.0,15.215696105654427,5
00-0040242,2025_09_SEA_WAS,2025,9,RB,12.0,10.363964397808106,5
00-0040583,2025_09_DEN_HOU,2025,9,RB,10.0,8.74475736629963,5
00-0040734,2025_09_ATL_NE,2025,9,RB,14.0,14.547380421133237,5
00-0032764,2025_10_BAL_MIN,2025,10,RB,20.0,20.878815216477975,5
00-0033280,2025_10_LA_SF,2025,10,RB,12.0,16.450392192610778,5
00-0033293,2025_10_BAL_MIN,2025,10,RB,9.0,14.814806398924343,5
00-0033376,2025_10_BAL_MIN,2025,10,RB,1.0,8.65410756973653,5
00-0033906,2025_10_NO_CAR,2025,10,RB,22.0,14.333389379179145,5
00-0034844,2025_10_PHI_GB,2025,10,RB,22.0,16.99005692527352,5
00-0035537,2025_10_BUF_MIA,2025,10,RB,1.0,5.744096339398321,5
00-0035685,2025_10_DET_WAS,2025,10,RB,15.0,13.6728798520351,5
00-0035700,2025_10_PHI_GB,2025,10,RB,21.0,18.351430703797377,5
00-0036139,2025_10_NO_CAR,2025,10,RB,18.0,19.841463465264326,5
00-0036158,2025_10_LV_DEN,2025,10,RB,18.0,14.008864823766917,5
00-0036223,2025_10_ATL_IND,2025,10,RB,32.0,21.200048251479416,5
00-0036275,2025_10_NYG_CHI,2025,10,RB,13.0,15.806106148267661,5
00-0036919,2025_10_PIT_LAC,2025,10,RB,0.0,6.54271572909938,5
00-0036973,2025_10_JAX_HOU,2025,10,RB,16.0,14.91149050187627,5
00-0037157,2025_10_ARI_SEA,2025,10,RB,10.0,7.062003207191349,5
00-0037228,2025_10_PIT_LAC,2025,10,RB,14.0,11.285058728237551,5
00-0037248,2025_10_BUF_MIA,2025,10,RB,13.0,14.681875460170055,5
00-0037256,2025_10_NE_TB,2025,10,RB,10.0,13.373180194068574,5
00-0037263,2025_10_ATL_IND,2025,10,RB,11.0,5.8022175391571675,5
00-0037840,2025_10_LA_SF,2025,10,RB,14.0,13.323614357984605,5
00-0038120,2025_10_CLE_NYJ,2025,10,RB,21.0,15.803011332559636,5
00-0038134,2025_10_ARI_SEA,2025,10,RB,14.0,11.566534790026342,5
00-0038542,2025_10_ATL_IND,2025,10,RB,17.0,16.991812092444523,5
00-0038705,2025_10_ARI_SEA,2025,10,RB,4.0,7.642094909475779,5
00-0039040,2025_10_BUF_MIA,2025,10,RB,22.0,16.879683271372965,5
00-0039139,2025_10_DET_WAS,2025,10,RB,15.0,13.036953767837906,5
00-0039165,2025_10_ARI_SEA,2025,10,RB,14.0,9.333253014381318,5
00-0039384,2025_10_NYG_CHI,2025,10,RB,14.0,13.423288766098823,5
00-0039391,2025_10_PIT_LAC,2025,10,RB,25.0,18.931252635053106,5
00-0039738,2025_10_LA_SF,2025,10,RB,13.0,9.469527166136261,5
00-0040122,2025_10_LV_DEN,2025,10,RB,19.0,17.442730143932405,5
00-0040202,2025_10_NO_CAR,2025,10,RB,4.0,4.810032628649575,5
00-0040236,2025_10_NYG_CHI,2025,10,RB,7.0,10.093847305616348,5
00-0040242,2025_10_DET_WAS,2025,10,RB,11.0,10.788145624002116,5
00-0040583,2025_10_JAX_HOU,2025,10,RB,14.0,14.972807430353221,5
00-0040649,2025_10_ARI_SEA,2025,10,RB,0.0,2.4091711504642497,5
00-0040734,2025_10_NE_TB,2025,10,RB,14.0,13.305665458827757,5
00-0040784,2025_10_CLE_NYJ,2025,10,RB,22.0,17.353080091275466,5
00-0032764,2025_11_BAL_CLE,2025,11,RB,18.0,15.111445798952962,5
00-0033280,2025_11_SF_ARI,2025,11,RB,13.0,14.840452179963712,5
00-0033293,2025_11_CHI_MIN,2025,11,RB,16.0,13.520670368912127,5
00-0033923,2025_11_KC_DEN,2025,11,RB,13.0,14.46478640304396,5
00-0034844,2025_11_DET_PHI,2025,11,RB,26.0,17.859115187720285,5
00-0035250,2025_11_GB_NYG,2025,11,RB,16.0,9.553303676507882,5
00-0035261,2025_11_HOU_TEN,2025,11,RB,10.0,11.601726004257195,5
00-0035291,2025_11_LAC_JAX,2025,11,RB,3.0,6.925458227264262,5
00-0035685,2025_11_DET_PHI,2025,11,RB,6.0,11.00257092689968,5
00-0036139,2025_11_CAR_ATL,2025,11,RB,19.0,19.154411809771236,5
00-0036275,2025_11_CHI_MIN,2025,11,RB,21.0,14.89219705805769,5
00-0036919,2025_11_CIN_PIT,2025,11,RB,9.0,10.192120687575795,5
00-0036924,2025_11_SF_ARI,2025,11,RB,2.0,8.72929541204318,5
00-0036973,2025_11_LAC_JAX,2025,11,RB,19.0,12.794157839856037,5
00-0036997,2025_11_DAL_LV,2025,11,RB,22.0,17.494222991223367,5
00-0037157,2025_11_SF_ARI,2025,11,RB,5.0,7.3921693820992616,5
00-0037248,2025_11_TB_BUF,2025,11,RB,16.0,18.62540432563479,5
00-0037256,2025_11_TB_BUF,2025,11,RB,10.0,13.817160498555427,5
00-0037840,2025_11_SEA_LA,2025,11,RB,12.0,17.05771261574101,5
00-0038120,2025_11_NYJ_NE,2025,11,RB,14.0,14.521966004627895,5
00-0038134,2025_11_SEA_LA,2025,11,RB,16.0,12.702066336275116,5
00-0038542,2025_11_CAR_ATL,2025,11,RB,23.0,17.31571828941589,5
00-0038597,2025_11_CIN_PIT,2025,11,RB,18.0,16.335686992894775,5
00-0038611,2025_11_WAS_MIA,2025,11,RB,15.0,11.940423148286392,5
00-0038797,2025_11_GB_NYG,2025,11,RB,11.0,15.299078196453001,5
00-0038951,2025_11_TB_BUF,2025,11,RB,19.0,11.361270000420507,5
00-0039032,2025_11_HOU_TEN,2025,11,RB,4.0,8.483146881018376,5
00-0039040,2025_11_WAS_MIA,2025,11,RB,21.0,17.979106964815344,5
00-0039139,2025_11_DET_PHI,2025,11,RB,12.0,15.549679342743197,5
00-0039165,2025_11_SEA_LA,2025,11,RB,11.0,10.147811787023205,5
00-0039384,2025_11_GB_NYG,2025,11,RB,19.0,9.562621211761307,5
00-0039391,2025_11_LAC_JAX,2025,11,RB,5.0,14.802520971972402,5
00-0040122,2025_11_DAL_LV,2025,11,RB,6.0,17.558249157784207,5
00-0040198,2025_11_WAS_MIA,2025,11,RB,9.0,8.64924943615728,5
00-0040236,2025_11_CHI_MIN,2025,11,RB,12.0,9.414554698390726,5
00-0040583,2025_11_HOU_TEN,2025,11,RB,18.0,13.731923800780072,5
00-0040730,2025_11_KC_DEN,2025,11,RB,11.0,12.796177034033557,5
00-0040734,2025_11_NYJ_NE,2025,11,RB,19.0,15.132496029705953,5
00-0040784,2025_11_BAL_CLE,2025,11,RB,17.0,18.120260236042757,5
00-0032764,2025_12_NYJ_BAL,2025,12,RB,21.0,16.21908010169991,5
00-0033280,2025_12_CAR_SF,2025,12,RB,24.0,17.205809620006534,5
00-0033293,2025_12_MIN_GB,2025,12,RB,9.0,12.579694948127619,5
00-0033923,2025_12_IND_KC,2025,12,RB,30.0,13.891830815850483,5
00-0034844,2025_12_PHI_DAL,2025,12,RB,10.0,19.326400764428502,5
00-0035261,2025_12_SEA_TEN,2025,12,RB,11.0,11.738075451625452,5
00-0035537,2025_12_BUF_HOU,2025,12,RB,2.0,4.380482119256023,5
00-0035685,2025_12_NYG_DET,2025,12,RB,5.0,11.571306186088028,5
00-0036139,2025_12_CAR_SF,2025,12,RB,6.0,16.72502329304539,5
00-0036223,2025_12_IND_KC,2025,12,RB,16.0,20.915108058023502,5
00-0036275,2025_12_PIT_CHI,2025,12,RB,8.0,12.04067528233622,5
00-0036555,2025_12_CAR_SF,2025,12,RB,3.0,8.688370800221357,5
00-0036919,2025_12_PIT_CHI,2025,12,RB,10.0,6.815117771466087,5
00-0036924,2025_12_JAX_ARI,2025,12,RB,5.0,9.344061424314448,5
00-0036973,2025_12_JAX_ARI,2025,12,RB,15.0,16.999504891044474,5
00-0036997,2025_12_PHI_DAL,2025,12,RB,20.0,18.59583421608278,5
00-0037157,2025_12_JAX_ARI,2025,12,RB,10.0,6.761999058712045,5
00-0037228,2025_12_PIT_CHI,2025,12,RB,18.0,12.958180236330412,5
00-0037248,2025_12_BUF_HOU,2025,12,RB,17.0,15.674554308302874,5
00-0037256,2025_12_TB_LA,2025,12,RB,7.0,12.207670869878847,5
00-0037263,2025_12_ATL_NO,2025,12,RB,12.0,7.339613038906835,5
00-0037840,2025_12_TB_LA,2025,12,RB,12.0,16.992311847105213,5
00-0038120,2025_12_NYJ_BAL,2025,12,RB,16.0,17.604658358758098,5
00-0038134,2025_12_SEA_TEN,2025,12,RB,11.0,15.92778343744648,5
00-0038542,2025_12_ATL_NO,2025,12,RB,14.0,16.235049801886362,5
00-0038597,2025_12_NE_CIN,2025,12,RB,19.0,16.04760586304822,5
00-0038685,2025_12_MIN_GB,2025,12,RB,8.0,9.461400749277527,5
00-0038797,2025_12_MIN_GB,2025,12,RB,28.0,12.364932417500782,5
00-0038951,2025_12_TB_LA,2025,12,RB,12.0,10.805808978513243,5
00-0039032,2025_12_SEA_TEN,2025,12,RB,3.0,5.702035970069307,5
00-0039139,2025_12_NYG_DET,2025,12,RB,15.0,16.489215092177616,5
00-0039384,2025_12_NYG_DET,2025,12,RB,20.0,12.805431667871465,5
00-0039738,2025_12_TB_LA,2025,12,RB,7.0,9.208741256155147,5
00-0040122,2025_12_CLE_LV,2025,12,RB,17.0,15.33769754488889,5
00-0040162,2025_12_CLE_LV,2025,12,RB,7.0,5.506270660902168,5
00-0040202,2025_12_ATL_NO,2025,12,RB,7.0,10.682796553551665,5
00-0040236,2025_12_PIT_CHI,2025,12,RB,12.0,12.461991293240569,5
00-0040583,2025_12_BUF_HOU,2025,12,RB,16.0,15.048220487928239,5
00-0040734,2025_12_NE_CIN,2025,12,RB,18.0,15.175174800170652,5
00-0040784,2025_12_CLE_LV,2025,12,RB,16.0,14.92736807324831,5
00-0032764,2025_13_CIN_BAL,2025,13,RB,10.0,14.377626653405624,5
00-0033280,2025_13_SF_CLE,2025,13,RB,20.0,16.651919025812017,5
00-0033293,2025_13_MIN_SEA,2025,13,RB,6.0,6.57444688448805,5
00-0033526,2025_13_CIN_BAL,2025,13,RB,14.0,7.726132700932392,5
00-0033923,2025_13_KC_DAL,2025,13,RB,14.0,15.189702667224486,5
00-0033955,2025_13_DEN_WAS,2025,13,RB,6.0,6.470060069163151,5
00-0034791,2025_13_HOU_IND,2025,13,RB,9.0,8.89121672581576,5
00-0034844,2025_13_CHI_PHI,2025,13,RB,13.0,18.559181800817527,5
00-0035250,2025_13_NYG_NE,2025,13,RB,12.0,12.3136749036363,5
00-0035261,2025_13_JAX_TEN,2025,13,RB,10.0,9.836216956178605,5
00-0035685,2025_13_GB_DET,2025,13,RB,8.0,9.642663599532955,5
00-0035700,2025_13_GB_DET,2025,13,RB,17.0,13.77331858229077,5
00-0036139,2025_13_LA_CAR,2025,13,RB,18.0,11.127242735196809,5
00-0036223,2025_13_HOU_IND,2025,13,RB,21.0,20.230833843974345,5
00-0036275,2025_13_CHI_PHI,2025,13,RB,18.0,13.47622667495475,5
00-0036555,2025_13_LA_CAR,2025,13,RB,17.0,11.928207803702081,5
00-0036875,2025_13_NYG_NE,2025,13,RB,12.0,10.326611839567573,5
00-0036919,2025_13_BUF_PIT,2025,13,RB,5.0,5.75553690408914,5
00-0036924,2025_13_ARI_TB,2025,13,RB,5.0,8.378606196975543,5
00-0036973,2025_13_JAX_TEN,2025,13,RB,12.0,13.519565546128343,5
00-0036997,2025_13_KC_DAL,2025,13,RB,17.0,17.858085102053856,5
00-0037157,2025_13_ARI_TB,2025,13,RB,11.0,6.831463804730805,5
00-0037228,2025_13_BUF_PIT,2025,13,RB,10.0,15.596874608683837,5
00-0037248,2025_13_BUF_PIT,2025,13,RB,32.0,17.272057171066486,5
00-0037256,2025_13_ARI_TB,2025,13,RB,2.0,8.210039332188828,5
00-0037840,2025_13_LA_CAR,2025,13,RB,13.0,16.31934421660693,5
00-0038120,2025_13_ATL_NYJ,2025,13,RB,19.0,19.61106377778649,5
00-0038134,2025_13_MIN_SEA,2025,13,RB,13.0,14.05138739717303,5
00-0038542,2025_13_ATL_NYJ,2025,13,RB,23.0,17.8258574007557,5
00-0038597,2025_13_CIN_BAL,2025,13,RB,15.0,13.900901131914022,5
00-0038611,2025_13_DEN_WAS,2025,13,RB,11.0,11.367071978169367,5
00-0039032,2025_13_JAX_TEN,2025,13,RB,2.0,5.546603049549621,5
00-0039040,2025_13_NO_MIA,2025,13,RB,22.0,15.571748052391412,5
00-0039139,2025_13_GB_DET,2025,13,RB,20.0,15.471588886719651,5
00-0039165,2025_13_MIN_SEA,2025,13,RB,14.0,10.100111981330546,5
00-0039361,2025_13_ARI_TB,2025,13,RB,17.0,12.392738961187439,5
00-0039384,2025_13_NYG_NE,2025,13,RB,10.0,10.09420003811023,5
00-0039391,2025_13_LV_LAC,2025,13,RB,25.0,17.979739050889304,5
00-0039796,2025_13_CIN_BAL,2025,13,RB,4.0,10.389942063097372,5
00-0040122,2025_13_LV_LAC,2025,13,RB,15.0,16.11173259814075,5
00-0040202,2025_13_NO_MIA,2025,13,RB,14.0,13.819027296057643,5
00-0040236,2025_13_CHI_PHI,2025,13,RB,22.0,11.35917442121617,5
00-0040583,2025_13_HOU_IND,2025,13,RB,19.0,11.506249368373195,5
00-0040730,2025_13_DEN_WAS,2025,13,RB,13.0,12.359824441886214,5
00-0040734,2025_13_NYG_NE,2025,13,RB,11.0,11.486635774863414,5
00-0040784,2025_13_SF_CLE,2025,13,RB,23.0,17.43367076155879,5
00-0032764,2025_14_PIT_BAL,2025,14,RB,25.0,15.947904648807238,5
00-0033293,2025_14_WAS_MIN,2025,14,RB,14.0,8.724780088787071,5
00-0033376,2025_14_PIT_BAL,2025,14,RB,0.0,2.2580663667785448,5
00-0033526,2025_14_CIN_BUF,2025,14,RB,6.0,8.505896742231075,5
00-0033923,2025_14_HOU_KC,2025,14,RB,12.0,13.50458102835119,5
00-0033955,2025_14_WAS_MIN,2025,14,RB,0.0,4.259617769650534,5
00-0034844,2025_14_PHI_LAC,2025,14,RB,20.0,18.457460376075968,5
00-0035261,2025_14_TEN_CLE,2025,14,RB,25.0,13.954630432101304,5
00-0035700,2025_14_CHI_GB,2025,14,RB,20.0,18.850977218488325,5
00-0036223,2025_14_IND_JAX,2025,14,RB,21.0,18.529035096367057,5
00-0036275,2025_14_CHI_GB,2025,14,RB,13.0,14.491407959781434,5
00-0036919,2025_14_PIT_BAL,2025,14,RB,4.0,6.139639239230842,5
00-0036924,2025_14_LA_ARI,2025,14,RB,3.0,7.9823332768433275,5
00-0036973,2025_14_IND_JAX,2025,14,RB,20.0,17.23135748717945,5
00-0036997,2025_14_DAL_DET,2025,14,RB,17.0,18.00896800689318,5
00-0037157,2025_14_LA_ARI,2025,14,RB,7.0,7.169351516118561,5
00-0037228,2025_14_PIT_BAL,2025,14,RB,8.0,13.041330151598288,5
00-0037248,2025_14_CIN_BUF,2025,14,RB,18.0,19.97132929442771,5
00-0037256,2025_14_NO_TB,2025,14,RB,11.0,9.66386566239806,5
00-0037263,2025_14_SEA_ATL,2025,14,RB,11.0,7.614544232111507,5
00-0037840,2025_14_LA_ARI,2025,14,RB,13.0,14.289528972055122,5
00-0038120,2025_14_MIA_NYJ,2025,14,RB,14.0,19.186761242733546,5
00-0038134,2025_14_SEA_ATL,2025,14,RB,10.0,13.104803168110633,5
00-0038542,2025_14_SEA_ATL,2025,14,RB,20.0,15.514241812112028,5
00-0038597,2025_14_CIN_BUF,2025,14,RB,12.0,15.316476016495944,5
00-0038611,2025_14_WAS_MIN,2025,14,RB,10.0,11.267235871937208,5
00-0039032,2025_14_TEN_CLE,2025,14,RB,8.0,5.541225716487137,5
00-0039040,2025_14_MIA_NYJ,2025,14,RB,7.0,9.426095334778203,5
00-0039139,2025_14_DAL_DET,2025,14,RB,12.0,15.899183971989316,5
00-0039165,2025_14_SEA_ATL,2025,14,RB,7.0,10.635186214027565,5
00-0039361,2025_14_NO_TB,2025,14,RB,15.0,12.637472044037727,5
00-0039391,2025_14_PHI_LAC,2025,14,RB,14.0,17.714932441753604,5
00-0039796,2025_14_PIT_BAL,2025,14,RB,1.0,5.972711017156604,5
00-0039874,2025_14_MIA_NYJ,2025,14,RB,24.0,11.32103438474334,5
00-0040122,2025_14_DEN_LV,2025,14,RB,10.0,14.194950463295783,5
00-0040162,2025_14_TEN_CLE,2025,14,RB,2.0,5.379102889245704,5
00-0040202,2025_14_NO_TB,2025,14,RB,19.0,12.178844390890095,5
00-0040236,2025_14_CHI_GB,2025,14,RB,14.0,10.17654798421556,5
00-0040583,2025_14_HOU_KC,2025,14,RB,26.0,16.490720374965143,5
00-0040730,2025_14_DEN_LV,2025,14,RB,17.0,13.739966382583221,5
00-0040784,2025_14_TEN_CLE,2025,14,RB,14.0,13.951396042740388,5
00-0032764,2025_15_BAL_CIN,2025,15,RB,11.0,14.116206200938484,5
00-0033280,2025_15_TEN_SF,2025,15,RB,22.0,16.962789537293972,5
00-0033293,2025_15_MIN_DAL,2025,15,RB,12.0,9.774365429383518,5
00-0033526,2025_15_BAL_CIN,2025,15,RB,14.0,9.234545023704465,5
00-0033923,2025_15_LAC_KC,2025,15,RB,6.0,12.07994236525607,5
00-0033955,2025_15_WAS_NYG,2025,15,RB,9.0,6.226255411504526,5
00-0034844,2025_15_LV_PHI,2025,15,RB,22.0,15.190234607186918,5
00-0035261,2025_15_TEN_SF,2025,15,RB,14.0,12.48553250580002,5
00-0035700,2025_15_GB_DEN,2025,15,RB,12.0,14.405520280876807,5
00-0036139,2025_15_CAR_NO,2025,15,RB,16.0,15.61890238405731,5
00-0036223,2025_15_IND_SEA,2025,15,RB,25.0,21.422374444315643,5
00-0036275,2025_15_CLE_CHI,2025,15,RB,18.0,13.226881902114922,5
00-0036555,2025_15_CAR_NO,2025,15,RB,8.0,9.607117896854835,5
00-0036875,2025_15_BUF_NE,2025,15,RB,6.0,14.131872319221785,5
00-0036919,2025_15_MIA_PIT,2025,15,RB,13.0,6.9527825389987425,5
00-0036924,2025_15_ARI_HOU,2025,15,RB,14.0,12.847222216565537,5
00-0036973,2025_15_NYJ_JAX,2025,15,RB,12.0,16.72938823892482,5
00-0037157,2025_15_ARI_HOU,2025,15,RB,1.0,7.314078400036161,5
00-0037197,2025_15_LAC_KC,2025,15,RB,11.0,9.077634202855872,5
00-0037228,2025_15_MIA_PIT,2025,15,RB,12.0,11.59105347934213,5
00-0037248,2025_15_BUF_NE,2025,15,RB,22.0,18.094384134278172,5
00-0037256,2025_15_ATL_TB,2025,15,RB,1.0,7.962445259631839,5
00-0037525,2025_15_MIN_DAL,2025,15,RB,10.0,10.296206384261483,5
00-0037563,2025_15_MIN_DAL,2025,15,RB,8.0,10.195661653742224,5
00-0037840,2025_15_DET_LA,2025,15,RB,15.0,13.77170302250163,5
00-0038120,2025_15_NYJ_JAX,2025,15,RB,12.0,13.352576777910562,5
00-0038134,2025_15_IND_SEA,2025,15,RB,9.0,10.6541852581339,5
00-0038454,2025_15_BAL_CIN,2025,15,RB,8.0,7.069677663569058,5
00-0038542,2025_15_ATL_TB,2025,15,RB,19.0,18.095520819960747,5
00-0038555,2025_15_LV_PHI,2025,15,RB,17.0,8.309270600564519,5
00-0038597,2025_15_BAL_CIN,2025,15,RB,13.0,13.454736718578777,5
00-0039032,2025_15_TEN_SF,2025,15,RB,3.0,5.047479535553518,5
00-0039040,2025_15_MIA_PIT,2025,15,RB,12.0,17.907031991310152,5
00-0039139,2025_15_DET_LA,2025,15,RB,13.0,16.270193765718055,5
00-0039165,2025_15_IND_SEA,2025,15,RB,8.0,12.563423828978882,5
00-0039361,2025_15_ATL_TB,2025,15,RB,16.0,13.683688232409953,5
00-0039373,2025_15_CAR_NO,2025,15,RB,3.0,8.403407928827,5
00-0039384,2025_15_WAS_NYG,2025,15,RB,15.0,16.162635362698303,5
00-0039391,2025_15_LAC_KC,2025,15,RB,12.0,16.906164315306874,5
00-0039405,2025_15_ARI_HOU,2025,15,RB,15.0,7.852187476573651,5
00-0039738,2025_15_DET_LA,2025,15,RB,11.0,8.551756505806958,5
00-0039798,2025_15_NYJ_JAX,2025,15,RB,9.0,6.104618762149583,5
00-0040122,2025_15_LV_PHI,2025,15,RB,9.0,14.885885755222615,5
00-0040236,2025_15_CLE_CHI,2025,15,RB,11.0,11.446881188006381,5
00-0040242,2025_15_WAS_NYG,2025,15,RB,18.0,12.347286693406678,5
00-0040666,2025_15_LAC_KC,2025,15,RB,15.0,8.230861472352585,5
00-0040730,2025_15_GB_DEN,2025,15,RB,19.0,12.608755363151827,5
00-0040734,2025_15_BUF_NE,2025,15,RB,14.0,11.392329526932112,5
00-0040784,2025_15_CLE_CHI,2025,15,RB,12.0,19.605733863103545,5
00-0032764,2025_16_NE_BAL,2025,16,RB,18.0,13.714309281171834,5
00-0033280,2025_16_SF_IND,2025,16,RB,21.0,15.99714921246547,5
00-0033293,2025_16_MIN_NYG,2025,16,RB,21.0,12.190287283720938,5
00-0033526,2025_16_CIN_MIA,2025,16,RB,7.0,7.831461211051086,5
00-0034844,2025_16_PHI_WAS,2025,16,RB,21.0,19.13571140435309,5
00-0035250,2025_16_MIN_NYG,2025,16,RB,11.0,9.343668967656487,5
00-0035261,2025_16_KC_TEN,2025,16,RB,21.0,13.658764393434398,5
00-0035700,2025_16_GB_CHI,2025,16,RB,12.0,11.47341300497678,5
00-0036139,2025_16_TB_CAR,2025,16,RB,9.0,14.552245865751164,5
00-0036223,2025_16_SF_IND,2025,16,RB,16.0,21.511160135020496,5
00-0036275,2025_16_GB_CHI,2025,16,RB,13.0,14.66818566466998,5
00-0036555,2025_16_TB_CAR,2025,16,RB,6.0,8.982587866630658,5
00-0036875,2025_16_NE_BAL,2025,16,RB,8.0,16.207788724825487,5
00-0036919,2025_16_PIT_DET,2025,16,RB,9.0,7.656798550589085,5
00-0036924,2025_16_ATL_ARI,2025,16,RB,11.0,7.846373988015581,5
00-0036973,2025_16_JAX_DEN,2025,16,RB,16.0,16.916339892834273,5
00-0036997,2025_16_LAC_DAL,2025,16,RB,9.0,14.657823988772941,5
00-0037197,2025_16_KC_TEN,2025,16,RB,8.0,14.838131814488413,5
00-0037228,2025_16_PIT_DET,2025,16,RB,14.0,11.941943336410947,5
00-0037248,2025_16_BUF_CLE,2025,16,RB,16.0,16.155249505388063,5
00-0037256,2025_16_TB_CAR,2025,16,RB,5.0,7.316162405741286,5
00-0037263,2025_16_ATL_ARI,2025,16,RB,16.0,8.576734911744792,5
00-0037563,2025_16_LAC_DAL,2025,16,RB,8.0,6.363311010729322,5
00-0037840,2025_16_LA_SEA,2025,16,RB,23.0,17.470094566743917,5
00-0038120,2025_16_NYJ_NO,2025,16,RB,16.0,15.947868159514123,5
00-0038134,2025_16_LA_SEA,2025,16,RB,11.0,11.153768474738905,5
00-0038454,2025_16_NE_BAL,2025,16,RB,9.0,8.230055852583234,5
00-0038542,2025_16_ATL_ARI,2025,16,RB,16.0,16.806940415902645,5
00-0038597,2025_16_CIN_MIA,2025,16,RB,12.0,13.789240674669333,5
00-0038611,2025_16_PHI_WAS,2025,16,RB,15.0,13.627451612397739,5
00-0038797,2025_16_GB_CHI,2025,16,RB,14.0,12.081063455268009,5
00-0039032,2025_16_KC_TEN,2025,16,RB,13.0,5.924074182357574,5
00-0039040,2025_16_CIN_MIA,2025,16,RB,15.0,17.408352926941888,5
00-0039139,2025_16_PIT_DET,2025,16,RB,7.0,16.965039632762345,5
00-0039165,2025_16_LA_SEA,2025,16,RB,9.0,13.378243428863628,5
00-0039361,2025_16_TB_CAR,2025,16,RB,19.0,15.665209068350293,5
00-0039373,2025_16_NYJ_NO,2025,16,RB,5.0,8.339441731254404,5
00-0039384,2025_16_MIN_NYG,2025,16,RB,16.0,14.576981192483615,5
00-0039405,2025_16_LV_HOU,2025,16,RB,15.0,13.629390511154496,5
00-0039798,2025_16_NYJ_NO,2025,16,RB,3.0,7.224992165954906,5
00-0040122,2025_16_LV_HOU,2025,16,RB,24.0,15.266000174092834,5
00-0040236,2025_16_GB_CHI,2025,16,RB,9.0,11.706896220339098,5
00-0040666,2025_16_LAC_DAL,2025,16,RB,16.0,12.401491818753847,5
00-0040730,2025_16_JAX_DEN,2025,16,RB,7.0,12.444216921908199,5
00-0040784,2025_16_BUF_CLE,2025,16,RB,8.0,12.44294425493193,5
00-0032764,2025_17_BAL_GB,2025,17,RB,36.0,17.99466855703825,5
00-0033280,2025_17_CHI_SF,2025,17,RB,23.0,16.638196646554555,5
00-0033293,2025_17_DET_MIN,2025,17,RB,18.0,12.738153427511374,5
00-0033376,2025_17_BAL_GB,2025,17,RB,0.0,4.343119183133345,5
00-0033923,2025_17_DEN_KC,2025,17,RB,7.0,12.894033258580102,5
00-0033955,2025_17_DAL_WAS,2025,17,RB,1.0,4.720116101488749,5
00-0034844,2025_17_PHI_BUF,2025,17,RB,19.0,19.511543499226825,5
00-0035261,2025_17_NO_TEN,2025,17,RB,18.0,14.439587378130588,5
00-0035537,2025_17_PHI_BUF,2025,17,RB,5.0,4.079084671863333,5
00-0035685,2025_17_DET_MIN,2025,17,RB,10.0,11.257543476498626,5
00-0036139,2025_17_SEA_CAR,2025,17,RB,12.0,15.578319046618642,5
00-0036223,2025_17_JAX_IND,2025,17,RB,21.0,19.694972203693226,5
00-0036275,2025_17_CHI_SF,2025,17,RB,9.0,14.823670237640261,5
00-0036555,2025_17_SEA_CAR,2025,17,RB,4.0,8.626768559253321,5
00-0036875,2025_17_NE_NYJ,2025,17,RB,8.0,8.789349553456912,5
00-0036919,2025_17_PIT_CLE,2025,17,RB,7.0,11.825600847042631,5
00-0036924,2025_17_ARI_CIN,2025,17,RB,7.0,7.50576713923585,5
00-0036973,2025_17_JAX_IND,2025,17,RB,17.0,17.42225317885302,5
00-0037197,2025_17_DEN_KC,2025,17,RB,9.0,7.993887224754597,5
00-0037248,2025_17_PHI_BUF,2025,17,RB,20.0,16.04169492289015,5
00-0037256,2025_17_TB_MIA,2025,17,RB,2.0,9.032868833462922,5
00-0037263,2025_17_LA_ATL,2025,17,RB,10.0,7.994503848662545,5
00-0037563,2025_17_DAL_WAS,2025,17,RB,20.0,8.603620227946081,5
00-0037840,2025_17_LA_ATL,2025,17,RB,13.0,18.293320584803787,5
00-0038120,2025_17_NE_NYJ,2025,17,RB,14.0,12.003610998257395,5
00-0038134,2025_17_SEA_CAR,2025,17,RB,15.0,11.998793659206903,5
00-0038542,2025_17_LA_ATL,2025,17,RB,22.0,17.37853143366159,5
00-0038597,2025_17_ARI_CIN,2025,17,RB,22.0,13.816972685878476,5
00-0038685,2025_17_BAL_GB,2025,17,RB,0.0,8.270346482555787,5
00-0038705,2025_17_ARI_CIN,2025,17,RB,5.0,11.090260768106532,5
00-0038738,2025_17_DAL_WAS,2025,17,RB,7.0,8.516404345393209,5
00-0038797,2025_17_BAL_GB,2025,17,RB,3.0,10.925400032987296,5
00-0039032,2025_17_NO_TEN,2025,17,RB,6.0,7.608483237002242,5
00-0039040,2025_17_TB_MIA,2025,17,RB,18.0,17.067305361369684,5
00-0039139,2025_17_DET_MIN,2025,17,RB,17.0,15.331403595955763,5
00-0039165,2025_17_SEA_CAR,2025,17,RB,18.0,12.14026990052347,5
00-0039361,2025_17_TB_MIA,2025,17,RB,9.0,13.348589974342206,5
00-0039373,2025_17_NO_TEN,2025,17,RB,14.0,13.927305849234848,5
00-0039384,2025_17_NYG_LV,2025,17,RB,14.0,14.342723330342533,5
00-0040122,2025_17_NYG_LV,2025,17,RB,16.0,16.9364098607862,5
00-0040162,2025_17_PIT_CLE,2025,17,RB,11.0,4.264474034619758,5
00-0040236,2025_17_CHI_SF,2025,17,RB,8.0,10.0304339774227,5
00-0040242,2025_17_DAL_WAS,2025,17,RB,11.0,15.75401966215827,5
00-0040466,2025_17_PIT_CLE,2025,17,RB,8.0,9.030088418982986,5
00-0040583,2025_17_HOU_LAC,2025,17,RB,19.0,15.672681954430907,5
00-0040666,2025_17_HOU_LAC,2025,17,RB,14.0,17.298021043187454,5
00-0040730,2025_17_DEN_KC,2025,17,RB,14.0,14.323873741283489,5
00-0040734,2025_17_NE_NYJ,2025,17,RB,19.0,12.858005588697534,5
00-0032764,2025_18_BAL_PIT,2025,18,RB,20.0,21.48829142412449,5
00-0033280,2025_18_SEA_SF,2025,18,RB,8.0,17.386908830669874,5
00-0033376,2025_18_BAL_PIT,2025,18,RB,0.0,3.2847345104080254,5
00-0033526,2025_18_CLE_CIN,2025,18,RB,8.0,10.718486486861108,5
00-0033923,2025_18_KC_LV,2025,18,RB,5.0,10.13989249625267,5
00-0035261,2025_18_TEN_JAX,2025,18,RB,14.0,15.899427752021793,5
00-0035685,2025_18_DET_CHI,2025,18,RB,8.0,10.499134951444795,5
00-0036139,2025_18_CAR_TB,2025,18,RB,7.0,12.837843941343019,5
00-0036223,2025_18_IND_HOU,2025,18,RB,14.0,13.885382291420797,5
00-0036275,2025_18_DET_CHI,2025,18,RB,10.0,14.182429059071232,5
00-0036555,2025_18_CAR_TB,2025,18,RB,5.0,8.052424798888739,5
00-0036755,2025_18_LAC_DEN,2025,18,RB,8.0,15.410754940208575,5
00-0036875,2025_18_MIA_NE,2025,18,RB,7.0,8.865768499127562,5
00-0036906,2025_18_NYJ_BUF,2025,18,RB,12.0,15.454552962361463,5
00-0036919,2025_18_BAL_PIT,2025,18,RB,5.0,11.333193189507877,5
00-0036924,2025_18_ARI_LA,2025,18,RB,7.0,8.676996228731753,5
00-0036973,2025_18_TEN_JAX,2025,18,RB,14.0,14.9592879700546,5
00-0037228,2025_18_BAL_PIT,2025,18,RB,14.0,9.327827270189541,5
00-0037263,2025_18_NO_ATL,2025,18,RB,7.0,8.77779203928485,5
00-0037276,2025_18_GB_MIN,2025,18,RB,10.0,8.168688003705501,5
00-0037525,2025_18_GB_MIN,2025,18,RB,14.0,9.239735181205123,5
00-0037840,2025_18_ARI_LA,2025,18,RB,12.0,17.056394619107856,5
00-0038134,2025_18_SEA_SF,2025,18,RB,16.0,10.25184785685213,5
00-0038542,2025_18_NO_ATL,2025,18,RB,15.0,19.108269718726106,5
00-0038555,2025_18_WAS_PHI,2025,18,RB,16.0,16.839974716216204,5
00-0038597,2025_18_CLE_CIN,2025,18,RB,13.0,13.181508756082245,5
00-0038611,2025_18_WAS_PHI,2025,18,RB,16.0,11.025431880082333,5
00-0038685,2025_18_GB_MIN,2025,18,RB,13.0,6.937290335395459,5
00-0038797,2025_18_GB_MIN,2025,18,RB,18.0,13.846616724037249,5
00-0039032,2025_18_TEN_JAX,2025,18,RB,3.0,5.49804607383475,5
00-0039139,2025_18_DET_CHI,2025,18,RB,19.0,15.250780162986926,5
00-0039165,2025_18_SEA_SF,2025,18,RB,17.0,12.576971186046656,5
00-0039361,2025_18_CAR_TB,2025,18,RB,26.0,16.082878518088304,5
00-0039373,2025_18_NO_ATL,2025,18,RB,21.0,15.993132977388573,5
00-0039384,2025_18_DAL_NYG,2025,18,RB,18.0,15.325421928779159,5
00-0039746,2025_18_WAS_PHI,2025,18,RB,1.0,8.611990214543667,5
00-0039874,2025_18_MIA_NE,2025,18,RB,13.0,11.754628434523905,5
00-0039875,2025_18_NYJ_BUF,2025,18,RB,21.0,14.511201488274272,5
00-0040078,2025_18_KC_LV,2025,18,RB,12.0,11.049551227546155,5
00-0040122,2025_18_KC_LV,2025,18,RB,26.0,16.70144384100925,5
00-0040162,2025_18_CLE_CIN,2025,18,RB,10.0,8.0385838933929,5
00-0040198,2025_18_MIA_NE,2025,18,RB,9.0,8.407580088758376,5
00-0040236,2025_18_DET_CHI,2025,18,RB,6.0,9.919967753322071,5
00-0040242,2025_18_WAS_PHI,2025,18,RB,13.0,11.478145020121367,5
00-0040583,2025_18_IND_HOU,2025,18,RB,10.0,11.798634376994253,5
00-0040586,2025_18_DAL_NYG,2025,18,RB,16.0,12.040767798783797,5
00-0040730,2025_18_LAC_DEN,2025,18,RB,15.0,10.422716313272373,5
00-0040734,2025_18_MIA_NE,2025,18,RB,13.0,10.624702990153505,5
00-0033280,2025_19_SF_PHI,2025,19,RB,15.0,17.20339377717569,5
00-0034844,2025_19_SF_PHI,2025,19,RB,26.0,20.438083116947542,5
00-0035700,2025_19_GB_CHI,2025,19,RB,19.0,17.36772005088692,5
00-0036139,2025_19_LA_CAR,2025,19,RB,5.0,9.800929519339753,5
00-0036275,2025_19_GB_CHI,2025,19,RB,13.0,14.428156634615844,5
00-0036555,2025_19_LA_CAR,2025,19,RB,13.0,12.619480272315894,5
00-0036875,2025_19_LAC_NE,2025,19,RB,10.0,13.830380616348924,5
00-0036919,2025_19_HOU_PIT,2025,19,RB,6.0,9.412819898849307,5
00-0036973,2025_19_BUF_JAX,2025,19,RB,10.0,13.718320426350896,5
00-0037228,2025_19_HOU_PIT,2025,19,RB,12.0,11.065057786239327,5
00-0037248,2025_19_BUF_JAX,2025,19,RB,15.0,16.593191820181687,5
00-0037840,2025_19_LA_CAR,2025,19,RB,13.0,15.916841345560224,5
00-0039391,2025_19_LAC_NE,2025,19,RB,11.0,18.592041362157563,5
00-0039471,2025_19_BUF_JAX,2025,19,RB,0.0,6.552757628057602,5
00-0039738,2025_19_LA_CAR,2025,19,RB,11.0,8.959934157154409,5
00-0040236,2025_19_GB_CHI,2025,19,RB,8.0,11.836791885077455,5
00-0040583,2025_19_HOU_PIT,2025,19,RB,19.0,16.768744713253703,5
00-0040734,2025_19_LAC_NE,2025,19,RB,9.0,9.69756370387768,5
00-0033280,2025_20_SF_SEA,2025,20,RB,11.0,11.594821353249962,5
00-0036275,2025_20_LA_CHI,2025,20,RB,19.0,15.53975295259798,5
00-0036875,2025_20_HOU_NE,2025,20,RB,16.0,12.514783146035128,5
00-0037248,2025_20_BUF_DEN,2025,20,RB,24.0,16.872982719018026,5
00-0037840,2025_20_LA_CHI,2025,20,RB,21.0,16.36901660251953,5
00-0038134,2025_20_SF_SEA,2025,20,RB,19.0,15.04952294371008,5
00-0039471,2025_20_BUF_DEN,2025,20,RB,0.0,4.462327423743883,5
00-0039738,2025_20_LA_CHI,2025,20,RB,6.0,8.606281361321447,5
00-0039875,2025_20_BUF_DEN,2025,20,RB,0.0,10.97818071076292,5
00-0040236,2025_20_LA_CHI,2025,20,RB,13.0,9.581789602889282,5
00-0040583,2025_20_HOU_NE,2025,20,RB,14.0,15.941072520978231,5
00-0040730,2025_20_BUF_DEN,2025,20,RB,6.0,14.168447088813302,5
00-0040734,2025_20_HOU_NE,2025,20,RB,12.0,10.353585878137544,5
00-0036875,2025_21_NE_DEN,2025,21,RB,25.0,16.05697815295379,5
00-0037840,2025_21_LA_SEA,2025,21,RB,10.0,13.796716967432115,5
00-0038134,2025_21_LA_SEA,2025,21,RB,19.0,17.098579739906334,5
00-0039299,2025_21_LA_SEA,2025,21,RB,3.0,7.359897763722555,5
00-0039738,2025_21_LA_SEA,2025,21,RB,9.0,8.294979216867503,5
00-0040730,2025_21_NE_DEN,2025,21,RB,13.0,10.386245384249696,5
00-0036875,2025_22_SEA_NE,2025,22,RB,7.0,14.851210974668383,5
00-0038134,2025_22_SEA_NE,2025,22,RB,27.0,17.267071177046628,5
00-0040734,2025_22_SEA_NE,2025,22,RB,6.0,9.1818948257447,5
