player_id,game_id,season,week,position,y_true,y_pred,fold_idx
00-0019596,2020_01_TB_NO,2020,1,QB,239.0,284.6713810623339,0
00-0020531,2020_01_TB_NO,2020,1,QB,160.0,277.0682284877045,0
00-0022924,2020_01_PIT_NYG,2020,1,QB,229.0,274.3910962186149,0
00-0022942,2020_01_IND_JAX,2020,1,QB,363.0,273.3930185145625,0
00-0023459,2020_01_GB_MIN,2020,1,QB,364.0,277.5448030346828,0
00-0023682,2020_01_MIA_NE,2020,1,QB,191.0,265.15076820011063,0
00-0026143,2020_01_SEA_ATL,2020,1,QB,450.0,281.4044122824481,0
00-0026498,2020_01_CHI_DET,2020,1,QB,297.0,270.59483221705415,0
00-0027939,2020_01_MIA_NE,2020,1,QB,155.0,267.1787485275831,0
00-0028118,2020_01_LAC_CIN,2020,1,QB,208.0,249.56122158828532,0
00-0029263,2020_01_SEA_ATL,2020,1,QB,322.0,268.3567181176962,0
00-0029604,2020_01_GB_MIN,2020,1,QB,259.0,257.6937185056722,0
00-0029701,2020_01_TEN_DEN,2020,1,QB,249.0,239.0386996303728,0
00-0031237,2020_01_LV_CAR,2020,1,QB,269.0,265.9748388669882,0
00-0031280,2020_01_LV_CAR,2020,1,QB,239.0,255.68668244166196,0
00-0031345,2020_01_ARI_SF,2020,1,QB,259.0,276.40032599963797,0
00-0032950,2020_01_PHI_WAS,2020,1,QB,270.0,258.0749651672946,0
00-0033077,2020_01_DAL_LA,2020,1,QB,266.0,297.80160450196524,0
00-0033106,2020_01_DAL_LA,2020,1,QB,275.0,284.14469238898533,0
00-0033537,2020_01_HOU_KC,2020,1,QB,253.0,281.14184024072836,0
00-0033869,2020_01_CHI_DET,2020,1,QB,242.0,270.1349481809599,0
00-0033873,2020_01_HOU_KC,2020,1,QB,211.0,282.34959528861384,0
00-0034796,2020_01_CLE_BAL,2020,1,QB,275.0,194.37494726356644,0
00-0034855,2020_01_CLE_BAL,2020,1,QB,189.0,275.8987486790027,0
00-0034857,2020_01_NYJ_BUF,2020,1,QB,312.0,194.62046599131597,0
00-0034869,2020_01_NYJ_BUF,2020,1,QB,215.0,249.77386160542034,0
00-0035228,2020_01_ARI_SF,2020,1,QB,230.0,270.8233550753595,0
00-0035232,2020_01_PHI_WAS,2020,1,QB,178.0,256.63132611702974,0
00-0035289,2020_01_IND_JAX,2020,1,QB,173.0,271.9189896669768,0
00-0035704,2020_01_TEN_DEN,2020,1,QB,216.0,240.9859793137779,0
00-0035710,2020_01_PIT_NYG,2020,1,QB,279.0,267.87117278871335,0
00-0036442,2020_01_LAC_CIN,2020,1,QB,193.0,249.7142275584156,0
00-0019596,2020_02_CAR_TB,2020,2,QB,217.0,232.5509530169106,0
00-0020531,2020_02_NO_LV,2020,2,QB,312.0,253.8187466517748,0
00-0022924,2020_02_DEN_PIT,2020,2,QB,311.0,254.15059095250024,0
00-0022942,2020_02_MIN_IND,2020,2,QB,214.0,278.92046820277756,0
00-0023459,2020_02_DET_GB,2020,2,QB,240.0,290.6901741685218,0
00-0023682,2020_02_BUF_MIA,2020,2,QB,328.0,227.80788575568042,0
00-0026143,2020_02_ATL_DAL,2020,2,QB,273.0,279.3308860101591,0
00-0026498,2020_02_DET_GB,2020,2,QB,244.0,264.8000574890524,0
00-0027939,2020_02_NE_SEA,2020,2,QB,397.0,232.26627359838957,0
00-0029263,2020_02_NE_SEA,2020,2,QB,288.0,262.9451977371034,0
00-0029604,2020_02_MIN_IND,2020,2,QB,113.0,248.47131157387054,0
00-0029701,2020_02_JAX_TEN,2020,2,QB,239.0,252.44636206056998,0
00-0031237,2020_02_CAR_TB,2020,2,QB,367.0,236.52007177653957,0
00-0031280,2020_02_NO_LV,2020,2,QB,284.0,248.61584876605423,0
00-0031345,2020_02_SF_NYJ,2020,2,QB,131.0,189.6222304815236,0
00-0032436,2020_02_DEN_PIT,2020,2,QB,256.0,197.2186841173723,0
00-0032950,2020_02_LA_PHI,2020,2,QB,242.0,272.7985740638794,0
00-0033077,2020_02_ATL_DAL,2020,2,QB,450.0,269.71171481294914,0
00-0033106,2020_02_LA_PHI,2020,2,QB,267.0,241.6720648458258,0
00-0033319,2020_02_SF_NYJ,2020,2,QB,71.0,130.43838416314708,0
00-0033537,2020_02_BAL_HOU,2020,2,QB,275.0,235.84121224255824,0
00-0033869,2020_02_NYG_CHI,2020,2,QB,190.0,238.4366718781153,0
00-0033873,2020_02_KC_LAC,2020,2,QB,302.0,261.9404479926029,0
00-0034796,2020_02_BAL_HOU,2020,2,QB,204.0,190.19117654332481,0
00-0034855,2020_02_CIN_CLE,2020,2,QB,219.0,224.83170881528298,0
00-0034857,2020_02_BUF_MIA,2020,2,QB,415.0,217.71164828047085,0
00-0034869,2020_02_SF_NYJ,2020,2,QB,179.0,239.7798945304711,0
00-0035228,2020_02_WAS_ARI,2020,2,QB,286.0,234.6273612749496,0
00-0035232,2020_02_WAS_ARI,2020,2,QB,223.0,247.5028160198643,0
00-0035289,2020_02_JAX_TEN,2020,2,QB,339.0,234.90157871226182,0
00-0035710,2020_02_NYG_CHI,2020,2,QB,241.0,254.04641097178018,0
00-0036355,2020_02_KC_LAC,2020,2,QB,311.0,237.80791765895356,0
00-0036442,2020_02_CIN_CLE,2020,2,QB,316.0,244.2340470905615,0
00-0019596,2020_03_TB_DEN,2020,3,QB,297.0,269.5272964953211,0
00-0020531,2020_03_GB_NO,2020,3,QB,288.0,259.96003342833,0
00-0022924,2020_03_HOU_PIT,2020,3,QB,237.0,280.47796057635287,0
00-0022942,2020_03_NYJ_IND,2020,3,QB,217.0,265.6005519012317,0
00-0023459,2020_03_GB_NO,2020,3,QB,283.0,258.3748058833911,0
00-0023682,2020_03_MIA_JAX,2020,3,QB,160.0,268.18434086031283,0
00-0026143,2020_03_CHI_ATL,2020,3,QB,238.0,268.2588653625672,0
00-0026498,2020_03_DET_ARI,2020,3,QB,270.0,276.64004489103957,0
00-0027939,2020_03_LV_NE,2020,3,QB,162.0,249.63360800291719,0
00-0029263,2020_03_DAL_SEA,2020,3,QB,315.0,271.6333866881211,0
00-0029567,2020_03_CHI_ATL,2020,3,QB,188.0,137.39348405681153,0
00-0029604,2020_03_TEN_MIN,2020,3,QB,251.0,240.9332484241775,0
00-0029701,2020_03_TEN_MIN,2020,3,QB,321.0,263.04892947839954,0
00-0031237,2020_03_CAR_LAC,2020,3,QB,235.0,269.02045974192924,0
00-0031280,2020_03_LV_NE,2020,3,QB,261.0,274.6247917603416,0
00-0032436,2020_03_TB_DEN,2020,3,QB,176.0,215.52802573410403,0
00-0032950,2020_03_CIN_PHI,2020,3,QB,225.0,264.10915933810065,0
00-0033077,2020_03_DAL_SEA,2020,3,QB,472.0,279.7913372861003,0
00-0033106,2020_03_LA_BUF,2020,3,QB,321.0,248.4284986169886,0
00-0033319,2020_03_SF_NYG,2020,3,QB,343.0,211.0743286203634,0
00-0033537,2020_03_HOU_PIT,2020,3,QB,264.0,272.53665446204934,0
00-0033869,2020_03_CHI_ATL,2020,3,QB,128.0,189.12376570962658,0
00-0033873,2020_03_KC_BAL,2020,3,QB,385.0,234.1666812474855,0
00-0034796,2020_03_KC_BAL,2020,3,QB,97.0,200.37279526430652,0
00-0034855,2020_03_WAS_CLE,2020,3,QB,156.0,241.15679621553835,0
00-0034857,2020_03_LA_BUF,2020,3,QB,311.0,198.44583228300888,0
00-0034869,2020_03_NYJ_IND,2020,3,QB,168.0,230.9165695130618,0
00-0035228,2020_03_DET_ARI,2020,3,QB,270.0,260.4919319426245,0
00-0035232,2020_03_WAS_CLE,2020,3,QB,224.0,246.4089752032619,0
00-0035289,2020_03_MIA_JAX,2020,3,QB,275.0,260.97173698753585,0
00-0035710,2020_03_SF_NYG,2020,3,QB,179.0,278.45380356789065,0
00-0036355,2020_03_CAR_LAC,2020,3,QB,330.0,264.6148915188119,0
00-0036442,2020_03_CIN_PHI,2020,3,QB,312.0,247.81891582806028,0
00-0019596,2020_04_LAC_TB,2020,4,QB,369.0,270.45016333907057,0
00-0020531,2020_04_NO_DET,2020,4,QB,246.0,264.60219548779014,0
00-0022942,2020_04_IND_CHI,2020,4,QB,190.0,228.0698393252776,0
00-0023459,2020_04_ATL_GB,2020,4,QB,327.0,259.6933649937601,0
00-0023682,2020_04_SEA_MIA,2020,4,QB,315.0,237.92343893594395,0
00-0026143,2020_04_ATL_GB,2020,4,QB,285.0,266.93594620210035,0
00-0026498,2020_04_NO_DET,2020,4,QB,206.0,272.86116438647065,0
00-0026625,2020_04_NE_KC,2020,4,QB,130.0,145.69976730117872,0
00-0029263,2020_04_SEA_MIA,2020,4,QB,360.0,268.20111904751593,0
00-0029567,2020_04_IND_CHI,2020,4,QB,249.0,211.92077918469215,0
00-0029604,2020_04_MIN_HOU,2020,4,QB,260.0,239.0844687365856,0
00-0031237,2020_04_ARI_CAR,2020,4,QB,276.0,269.0187539438544,0
00-0031280,2020_04_BUF_LV,2020,4,QB,311.0,278.8757402267331,0
00-0032950,2020_04_PHI_SF,2020,4,QB,193.0,267.62915026203785,0
00-0033077,2020_04_CLE_DAL,2020,4,QB,502.0,299.15685972281557,0
00-0033106,2020_04_NYG_LA,2020,4,QB,200.0,286.6734572230772,0
00-0033319,2020_04_PHI_SF,2020,4,QB,200.0,149.14118394223286,0
00-0033537,2020_04_MIN_HOU,2020,4,QB,300.0,278.2232715769735,0
00-0033873,2020_04_NE_KC,2020,4,QB,236.0,270.46576390855773,0
00-0034796,2020_04_BAL_WAS,2020,4,QB,193.0,208.67105627509977,0
00-0034855,2020_04_CLE_DAL,2020,4,QB,165.0,260.5857228708605,0
00-0034857,2020_04_BUF_LV,2020,4,QB,288.0,237.62451362955284,0
00-0034869,2020_04_DEN_NYJ,2020,4,QB,230.0,245.27092930912207,0
00-0034955,2020_04_DEN_NYJ,2020,4,QB,242.0,217.737902332117,0
00-0035228,2020_04_ARI_CAR,2020,4,QB,133.0,228.16718048552664,0
00-0035232,2020_04_BAL_WAS,2020,4,QB,314.0,262.9178342427305,0
00-0035289,2020_04_JAX_CIN,2020,4,QB,351.0,271.67790575043387,0
00-0035710,2020_04_NYG_LA,2020,4,QB,190.0,269.9115905315183,0
00-0036355,2020_04_LAC_TB,2020,4,QB,290.0,264.01415620415213,0
00-0036442,2020_04_JAX_CIN,2020,4,QB,300.0,268.1883121733969,0
00-0019596,2020_05_TB_CHI,2020,5,QB,253.0,257.47869044152543,0
00-0020531,2020_05_LAC_NO,2020,5,QB,325.0,268.5480046530486,0
00-0022924,2020_05_PHI_PIT,2020,5,QB,239.0,245.0436115008996,0
00-0022942,2020_05_IND_CLE,2020,5,QB,243.0,240.56442731254057,0
00-0023436,2020_05_LA_WAS,2020,5,QB,37.0,123.24343939495112,0
00-0023682,2020_05_MIA_SF,2020,5,QB,350.0,250.3557049374293,0
00-0026143,2020_05_CAR_ATL,2020,5,QB,226.0,288.2022823270173,0
00-0026158,2020_05_ARI_NYJ,2020,5,QB,195.0,225.93546068000302,0
00-0029263,2020_05_MIN_SEA,2020,5,QB,217.0,281.72437710821436,0
00-0029567,2020_05_TB_CHI,2020,5,QB,243.0,235.32175801871742,0
00-0029604,2020_05_MIN_SEA,2020,5,QB,249.0,243.66291571588522,0
00-0029701,2020_05_BUF_TEN,2020,5,QB,195.0,250.58661824632995,0
00-0031237,2020_05_CAR_ATL,2020,5,QB,313.0,288.10165166952424,0
00-0031280,2020_05_LV_KC,2020,5,QB,347.0,265.0493916111281,0
00-0031345,2020_05_MIA_SF,2020,5,QB,77.0,173.23951836298534,0
00-0032950,2020_05_PHI_PIT,2020,5,QB,258.0,268.6665364870944,0
00-0033077,2020_05_NYG_DAL,2020,5,QB,166.0,229.8925058569669,0
00-0033106,2020_05_LA_WAS,2020,5,QB,309.0,271.0882902811034,0
00-0033537,2020_05_JAX_HOU,2020,5,QB,359.0,287.5430581033588,0
00-0033873,2020_05_LV_KC,2020,5,QB,340.0,255.53401925299735,0
00-0033936,2020_05_MIA_SF,2020,5,QB,94.0,120.54095153614617,0
00-0034577,2020_05_LA_WAS,2020,5,QB,74.0,121.56201020732087,0
00-0034796,2020_05_CIN_BAL,2020,5,QB,180.0,196.93253117701778,0
00-0034855,2020_05_IND_CLE,2020,5,QB,247.0,214.7402055096539,0
00-0034857,2020_05_BUF_TEN,2020,5,QB,263.0,222.8238913578066,0
00-0035228,2020_05_ARI_NYJ,2020,5,QB,380.0,245.27792009432014,0
00-0035289,2020_05_JAX_HOU,2020,5,QB,301.0,292.7579996984777,0
00-0035710,2020_05_NYG_DAL,2020,5,QB,222.0,269.0675340633418,0
00-0036355,2020_05_LAC_NO,2020,5,QB,264.0,300.3722449293867,0
00-0036442,2020_05_CIN_BAL,2020,5,QB,183.0,268.5210974246695,0
00-0019596,2020_06_GB_TB,2020,6,QB,166.0,244.3966111306075,0
00-0022924,2020_06_CLE_PIT,2020,6,QB,162.0,269.0556570180966,0
00-0022942,2020_06_CIN_IND,2020,6,QB,371.0,265.3517434374035,0
00-0023459,2020_06_GB_TB,2020,6,QB,160.0,241.4280467691638,0
00-0023682,2020_06_NYJ_MIA,2020,6,QB,191.0,244.6665736641598,0
00-0026143,2020_06_ATL_MIN,2020,6,QB,371.0,275.00351817128126,0
00-0026158,2020_06_NYJ_MIA,2020,6,QB,186.0,235.19467044845277,0
00-0026498,2020_06_DET_JAX,2020,6,QB,223.0,257.7356555289217,0
00-0027939,2020_06_DEN_NE,2020,6,QB,157.0,229.23353985769648,0
00-0027973,2020_06_ARI_DAL,2020,6,QB,266.0,227.91055728227357,0
00-0029567,2020_06_CHI_CAR,2020,6,QB,198.0,255.85934360676447,0
00-0029604,2020_06_ATL_MIN,2020,6,QB,343.0,262.3146733675569,0
00-0029701,2020_06_HOU_TEN,2020,6,QB,366.0,235.76789882609373,0
00-0031237,2020_06_CHI_CAR,2020,6,QB,216.0,253.0691305597898,0
00-0031345,2020_06_LA_SF,2020,6,QB,268.0,214.93493362267233,0
00-0032950,2020_06_BAL_PHI,2020,6,QB,213.0,277.9853371564935,0
00-0033106,2020_06_LA_SF,2020,6,QB,198.0,270.0164300221593,0
00-0033537,2020_06_HOU_TEN,2020,6,QB,335.0,283.9449853356705,0
00-0033873,2020_06_KC_BUF,2020,6,QB,225.0,262.73152097306826,0
00-0034577,2020_06_WAS_NYG,2020,6,QB,280.0,199.94531699801414,0
00-0034796,2020_06_BAL_PHI,2020,6,QB,186.0,187.8520058842127,0
00-0034855,2020_06_CLE_PIT,2020,6,QB,119.0,213.84257567246866,0
00-0034857,2020_06_KC_BUF,2020,6,QB,122.0,231.61974756792182,0
00-0035228,2020_06_ARI_DAL,2020,6,QB,188.0,243.76537391737662,0
00-0035289,2020_06_DET_JAX,2020,6,QB,243.0,273.1748236278499,0
00-0035704,2020_06_DEN_NE,2020,6,QB,189.0,232.08560152249404,0
00-0035710,2020_06_WAS_NYG,2020,6,QB,112.0,262.8171242922593,0
00-0036442,2020_06_CIN_IND,2020,6,QB,313.0,249.10179260907978,0
00-0019596,2020_07_TB_LV,2020,7,QB,369.0,282.46042233894957,0
00-0020531,2020_07_CAR_NO,2020,7,QB,287.0,265.52533104879166,0
00-0022924,2020_07_PIT_TEN,2020,7,QB,268.0,260.0557851257351,0
00-0023459,2020_07_GB_HOU,2020,7,QB,283.0,273.42540231419116,0
00-0026143,2020_07_DET_ATL,2020,7,QB,338.0,285.16075684502357,0
00-0026498,2020_07_DET_ATL,2020,7,QB,340.0,269.09744342072497,0
00-0027939,2020_07_SF_NE,2020,7,QB,98.0,222.23521130867007,0
00-0027973,2020_07_DAL_WAS,2020,7,QB,75.0,231.52411568072793,0
00-0029263,2020_07_SEA_ARI,2020,7,QB,388.0,264.4494255804552,0
00-0029567,2020_07_CHI_LA,2020,7,QB,261.0,270.54658792600685,0
00-0029701,2020_07_PIT_TEN,2020,7,QB,220.0,257.36895228337744,0
00-0031237,2020_07_CAR_NO,2020,7,QB,254.0,274.8127420277978,0
00-0031280,2020_07_TB_LV,2020,7,QB,284.0,258.1188090006399,0
00-0031345,2020_07_SF_NE,2020,7,QB,277.0,233.03895284680937,0
00-0032950,2020_07_NYG_PHI,2020,7,QB,359.0,255.94621273509975,0
00-0033106,2020_07_CHI_LA,2020,7,QB,220.0,248.95333663318104,0
00-0033537,2020_07_GB_HOU,2020,7,QB,309.0,293.07711526448907,0
00-0033873,2020_07_KC_DEN,2020,7,QB,200.0,227.6261190054601,0
00-0034577,2020_07_DAL_WAS,2020,7,QB,194.0,227.3620653781062,0
00-0034855,2020_07_CLE_CIN,2020,7,QB,297.0,242.38864684793612,0
00-0034857,2020_07_BUF_NYJ,2020,7,QB,307.0,210.64845299698433,0
00-0034869,2020_07_BUF_NYJ,2020,7,QB,120.0,247.8488143964435,0
00-0035228,2020_07_SEA_ARI,2020,7,QB,360.0,248.17218690915024,0
00-0035264,2020_07_SF_NE,2020,7,QB,64.0,124.07529731884102,0
00-0035289,2020_07_JAX_LAC,2020,7,QB,173.0,263.6024234062366,0
00-0035704,2020_07_KC_DEN,2020,7,QB,254.0,225.53327323632354,0
00-0035710,2020_07_NYG_PHI,2020,7,QB,187.0,249.6333058573649,0
00-0036355,2020_07_JAX_LAC,2020,7,QB,347.0,285.43152094673565,0
00-0036442,2020_07_CLE_CIN,2020,7,QB,406.0,266.5969415852417,0
00-0019596,2020_08_TB_NYG,2020,8,QB,279.0,267.42472598201243,0
00-0020531,2020_08_NO_CHI,2020,8,QB,280.0,220.71484968885028,0
00-0022924,2020_08_PIT_BAL,2020,8,QB,182.0,254.8750541582324,0
00-0022942,2020_08_IND_DET,2020,8,QB,262.0,261.43340527177236,0
00-0023459,2020_08_MIN_GB,2020,8,QB,291.0,247.85960255702926,0
00-0026143,2020_08_ATL_CAR,2020,8,QB,281.0,277.83556522813006,0
00-0026498,2020_08_IND_DET,2020,8,QB,336.0,252.00567592518664,0
00-0027939,2020_08_NE_BUF,2020,8,QB,174.0,231.66487458451584,0
00-0029263,2020_08_SF_SEA,2020,8,QB,261.0,281.70117383398576,0
00-0029567,2020_08_NO_CHI,2020,8,QB,272.0,231.71324894456788,0
00-0029604,2020_08_MIN_GB,2020,8,QB,160.0,224.87530064606966,0
00-0029701,2020_08_TEN_CIN,2020,8,QB,233.0,248.5970801795495,0
00-0031237,2020_08_ATL_CAR,2020,8,QB,176.0,269.09562808916064,0
00-0031280,2020_08_LV_CLE,2020,8,QB,111.0,270.3876461216876,0
00-0031345,2020_08_SF_SEA,2020,8,QB,84.0,171.73502684881453,0
00-0032950,2020_08_DAL_PHI,2020,8,QB,123.0,248.95215534066406,0
00-0033106,2020_08_LA_MIA,2020,8,QB,355.0,265.51502184990596,0
00-0033275,2020_08_ATL_CAR,2020,8,QB,3.0,107.16840425686047,0
00-0033319,2020_08_SF_SEA,2020,8,QB,238.0,134.53351994264128,0
00-0033873,2020_08_NYJ_KC,2020,8,QB,416.0,234.10039150843258,0
00-0034796,2020_08_PIT_BAL,2020,8,QB,208.0,182.38405045007642,0
00-0034855,2020_08_LV_CLE,2020,8,QB,122.0,244.02956912903736,0
00-0034857,2020_08_NE_BUF,2020,8,QB,154.0,181.8431361205278,0
00-0034869,2020_08_NYJ_KC,2020,8,QB,133.0,245.97877334940668,0
00-0035704,2020_08_LAC_DEN,2020,8,QB,248.0,258.6807273601172,0
00-0035710,2020_08_TB_NYG,2020,8,QB,256.0,233.9663660235645,0
00-0036212,2020_08_LA_MIA,2020,8,QB,93.0,220.8907391649387,0
00-0036355,2020_08_LAC_DEN,2020,8,QB,278.0,266.82397365112024,0
00-0036384,2020_08_DAL_PHI,2020,8,QB,180.0,217.38822561904084,0
00-0036442,2020_08_TEN_CIN,2020,8,QB,249.0,256.1107222518598,0
00-0019596,2020_09_NO_TB,2020,9,QB,209.0,263.403797953767,0
00-0020531,2020_09_NO_TB,2020,9,QB,222.0,213.7619477234104,0
00-0022924,2020_09_PIT_DAL,2020,9,QB,306.0,274.66774493135784,0
00-0022942,2020_09_BAL_IND,2020,9,QB,227.0,272.30030542367274,0
00-0023436,2020_09_NYG_WAS,2020,9,QB,325.0,175.4883455030586,0
00-0023459,2020_09_GB_SF,2020,9,QB,305.0,266.20812654130015,0
00-0026143,2020_09_DEN_ATL,2020,9,QB,284.0,280.466292239723,0
00-0026158,2020_09_NE_NYJ,2020,9,QB,262.0,207.88534481473036,0
00-0026498,2020_09_DET_MIN,2020,9,QB,211.0,238.47509540483318,0
00-0027939,2020_09_NE_NYJ,2020,9,QB,274.0,246.794477299457,0
00-0029263,2020_09_SEA_BUF,2020,9,QB,390.0,283.4590868196921,0
00-0029567,2020_09_CHI_TEN,2020,9,QB,335.0,255.88717105081656,0
00-0029604,2020_09_DET_MIN,2020,9,QB,220.0,246.57276356131356,0
00-0029701,2020_09_CHI_TEN,2020,9,QB,158.0,225.87677415338203,0
00-0031237,2020_09_CAR_KC,2020,9,QB,310.0,255.03245277322716,0
00-0031280,2020_09_LV_LAC,2020,9,QB,165.0,276.9560048735377,0
00-0031395,2020_09_PIT_DAL,2020,9,QB,243.0,225.36324764696883,0
00-0033319,2020_09_GB_SF,2020,9,QB,291.0,225.80223250943575,0
00-0033537,2020_09_HOU_JAX,2020,9,QB,281.0,261.2514997206422,0
00-0033873,2020_09_CAR_KC,2020,9,QB,372.0,270.0648303684511,0
00-0034796,2020_09_BAL_IND,2020,9,QB,170.0,173.89512943794082,0
00-0034857,2020_09_SEA_BUF,2020,9,QB,415.0,202.0965725332471,0
00-0035228,2020_09_MIA_ARI,2020,9,QB,283.0,251.55992530231447,0
00-0035704,2020_09_DEN_ATL,2020,9,QB,313.0,271.90690508277976,0
00-0035710,2020_09_NYG_WAS,2020,9,QB,212.0,258.02737794435194,0
00-0036212,2020_09_MIA_ARI,2020,9,QB,248.0,223.08452326222115,0
00-0036312,2020_09_HOU_JAX,2020,9,QB,304.0,225.34743333156644,0
00-0036355,2020_09_LV_LAC,2020,9,QB,326.0,297.24635108209407,0
00-0019596,2020_10_TB_CAR,2020,10,QB,341.0,264.90636346212307,0
00-0020531,2020_10_SF_NO,2020,10,QB,76.0,196.46255098023653,0
00-0022924,2020_10_CIN_PIT,2020,10,QB,333.0,243.78360432538292,0
00-0022942,2020_10_IND_TEN,2020,10,QB,308.0,263.18433284526594,0
00-0023436,2020_10_WAS_DET,2020,10,QB,390.0,204.72716950837614,0
00-0023459,2020_10_JAX_GB,2020,10,QB,325.0,260.5338112511667,0
00-0026498,2020_10_WAS_DET,2020,10,QB,276.0,286.3351802851738,0
00-0027939,2020_10_BAL_NE,2020,10,QB,118.0,244.59620635164316,0
00-0029263,2020_10_SEA_LA,2020,10,QB,248.0,271.2460337806842,0
00-0029567,2020_10_MIN_CHI,2020,10,QB,106.0,234.744242703793,0
00-0029604,2020_10_MIN_CHI,2020,10,QB,292.0,200.26555911306278,0
00-0029701,2020_10_IND_TEN,2020,10,QB,147.0,236.94430122588432,0
00-0031237,2020_10_TB_CAR,2020,10,QB,136.0,250.9683982976817,0
00-0031280,2020_10_DEN_LV,2020,10,QB,154.0,255.80643793272648,0
00-0031503,2020_10_SF_NO,2020,10,QB,63.0,133.98994126237966,0
00-0032950,2020_10_PHI_NYG,2020,10,QB,208.0,235.6873206940842,0
00-0033106,2020_10_SEA_LA,2020,10,QB,302.0,289.1295042452806,0
00-0033275,2020_10_TB_CAR,2020,10,QB,12.0,101.69971361385427,0
00-0033319,2020_10_SF_NO,2020,10,QB,247.0,234.786470396951,0
00-0033537,2020_10_HOU_CLE,2020,10,QB,163.0,260.89977068553077,0
00-0034796,2020_10_BAL_NE,2020,10,QB,249.0,186.51568440946997,0
00-0034855,2020_10_HOU_CLE,2020,10,QB,132.0,229.35706905957545,0
00-0034857,2020_10_BUF_ARI,2020,10,QB,284.0,219.50846606950643,0
00-0035228,2020_10_BUF_ARI,2020,10,QB,245.0,257.0352772060523,0
00-0035704,2020_10_DEN_LV,2020,10,QB,257.0,274.99198220111964,0
00-0035710,2020_10_PHI_NYG,2020,10,QB,244.0,251.96759610607833,0
00-0036212,2020_10_LAC_MIA,2020,10,QB,169.0,235.97239352791257,0
00-0036312,2020_10_JAX_GB,2020,10,QB,169.0,239.6274172649049,0
00-0036355,2020_10_LAC_MIA,2020,10,QB,187.0,286.97489491949705,0
00-0036442,2020_10_CIN_PIT,2020,10,QB,213.0,243.03700118683014,0
00-0019596,2020_11_LA_TB,2020,11,QB,216.0,268.54439393129667,0
00-0022924,2020_11_PIT_JAX,2020,11,QB,267.0,273.11949222654664,0
00-0022942,2020_11_GB_IND,2020,11,QB,288.0,268.54987786158785,0
00-0023436,2020_11_CIN_WAS,2020,11,QB,166.0,236.58430115075444,0
00-0023459,2020_11_GB_IND,2020,11,QB,311.0,262.72760411248385,0
00-0026143,2020_11_ATL_NO,2020,11,QB,232.0,277.2041160630347,0
00-0026158,2020_11_NYJ_LAC,2020,11,QB,205.0,242.1836228759207,0
00-0026498,2020_11_DET_CAR,2020,11,QB,178.0,268.7675520391325,0
00-0027939,2020_11_NE_HOU,2020,11,QB,365.0,255.83741212286307,0
00-0027973,2020_11_DAL_MIN,2020,11,QB,203.0,237.3588302692597,0
00-0029263,2020_11_ARI_SEA,2020,11,QB,197.0,245.66058561730827,0
00-0029604,2020_11_DAL_MIN,2020,11,QB,314.0,254.0071521045363,0
00-0029701,2020_11_TEN_BAL,2020,11,QB,259.0,238.9553058260728,0
00-0031280,2020_11_KC_LV,2020,11,QB,275.0,261.5853237180635,0
00-0032950,2020_11_PHI_CLE,2020,11,QB,235.0,259.32232990661464,0
00-0033106,2020_11_LA_TB,2020,11,QB,376.0,267.42157424289945,0
00-0033275,2020_11_DET_CAR,2020,11,QB,258.0,97.46658852530766,0
00-0033537,2020_11_NE_HOU,2020,11,QB,344.0,275.38378960096964,0
00-0033873,2020_11_KC_LV,2020,11,QB,348.0,278.14955130266736,0
00-0034796,2020_11_TEN_BAL,2020,11,QB,186.0,178.14698549988668,0
00-0034855,2020_11_PHI_CLE,2020,11,QB,204.0,232.49278875916076,0
00-0035228,2020_11_ARI_SEA,2020,11,QB,269.0,229.16539011172017,0
00-0035704,2020_11_MIA_DEN,2020,11,QB,270.0,267.50976879624216,0
00-0036212,2020_11_MIA_DEN,2020,11,QB,83.0,182.4051414971377,0
00-0036312,2020_11_PIT_JAX,2020,11,QB,151.0,239.53090156469864,0
00-0036355,2020_11_NYJ_LAC,2020,11,QB,366.0,289.6142282653271,0
00-0036442,2020_11_CIN_WAS,2020,11,QB,203.0,234.68401384137726,0
00-0019596,2020_12_KC_TB,2020,12,QB,345.0,271.4270456774751,0
00-0022924,2020_12_BAL_PIT,2020,12,QB,266.0,245.75344741898803,0
00-0022942,2020_12_TEN_IND,2020,12,QB,295.0,268.24753231052716,0
00-0023436,2020_12_WAS_DAL,2020,12,QB,149.0,243.62612562426304,0
00-0023459,2020_12_CHI_GB,2020,12,QB,211.0,237.12640904974512,0
00-0023682,2020_12_MIA_NYJ,2020,12,QB,257.0,261.18745223200125,0
00-0026143,2020_12_LV_ATL,2020,12,QB,185.0,290.5998737605035,0
00-0026498,2020_12_HOU_DET,2020,12,QB,295.0,271.4566006791503,0
00-0027688,2020_12_NYG_CIN,2020,12,QB,31.0,124.51367858584712,0
00-0027939,2020_12_ARI_NE,2020,12,QB,84.0,239.39288738276204,0
00-0027973,2020_12_WAS_DAL,2020,12,QB,215.0,254.02566420031076,0
00-0029263,2020_12_SEA_PHI,2020,12,QB,230.0,263.3072218586763,0
00-0029604,2020_12_CAR_MIN,2020,12,QB,307.0,263.1153988893637,0
00-0029665,2020_12_BAL_PIT,2020,12,QB,33.0,181.49006891521216,0
00-0029701,2020_12_TEN_IND,2020,12,QB,221.0,245.2862739210097,0
00-0030520,2020_12_CLE_JAX,2020,12,QB,235.0,228.49390487505215,0
00-0031237,2020_12_CAR_MIN,2020,12,QB,267.0,260.7300437080138,0
00-0031280,2020_12_LV_ATL,2020,12,QB,215.0,235.44808633760135,0
00-0032434,2020_12_NYG_CIN,2020,12,QB,136.0,227.52679783522734,0
00-0032950,2020_12_SEA_PHI,2020,12,QB,215.0,261.1342307784033,0
00-0033106,2020_12_SF_LA,2020,12,QB,198.0,302.92380257736545,0
00-0033319,2020_12_SF_LA,2020,12,QB,252.0,231.7191322107466,0
00-0033537,2020_12_HOU_DET,2020,12,QB,318.0,261.5184743007727,0
00-0033869,2020_12_CHI_GB,2020,12,QB,242.0,222.1177133285043,0
00-0033873,2020_12_KC_TB,2020,12,QB,462.0,289.82341980364663,0
00-0034855,2020_12_CLE_JAX,2020,12,QB,258.0,242.85230446245427,0
00-0034857,2020_12_LAC_BUF,2020,12,QB,157.0,212.27035750035083,0
00-0034869,2020_12_MIA_NYJ,2020,12,QB,197.0,246.23486757241432,0
00-0035228,2020_12_ARI_NE,2020,12,QB,170.0,238.87862149316217,0
00-0035710,2020_12_NYG_CIN,2020,12,QB,213.0,191.98465958509047,0
00-0036355,2020_12_LAC_BUF,2020,12,QB,316.0,275.98985494725093,0
00-0022924,2020_13_WAS_PIT,2020,13,QB,305.0,251.0638720660532,0
00-0022942,2020_13_IND_HOU,2020,13,QB,285.0,283.5564281050538,0
00-0023436,2020_13_WAS_PIT,2020,13,QB,296.0,207.33069816215465,0
00-0023459,2020_13_PHI_GB,2020,13,QB,295.0,261.20938689062086,0
00-0026143,2020_13_NO_ATL,2020,13,QB,273.0,289.43291739662163,0
00-0026498,2020_13_DET_CHI,2020,13,QB,402.0,247.7129353360401,0
00-0027688,2020_13_NYG_SEA,2020,13,QB,105.0,205.70229405517935,0
00-0027939,2020_13_NE_LAC,2020,13,QB,69.0,245.28043721908344,0
00-0027973,2020_13_DAL_BAL,2020,13,QB,285.0,230.79868183566134,0
00-0029263,2020_13_NYG_SEA,2020,13,QB,263.0,248.26763452157536,0
00-0029604,2020_13_JAX_MIN,2020,13,QB,305.0,247.36039210885718,0
00-0029701,2020_13_CLE_TEN,2020,13,QB,389.0,265.314566221347,0
00-0030520,2020_13_JAX_MIN,2020,13,QB,280.0,233.34902772484548,0
00-0031280,2020_13_LV_NYJ,2020,13,QB,381.0,241.8364193013144,0
00-0032434,2020_13_CIN_MIA,2020,13,QB,153.0,206.0380868823585,0
00-0032950,2020_13_PHI_GB,2020,13,QB,79.0,185.63624176864815,0
00-0033106,2020_13_LA_ARI,2020,13,QB,351.0,287.0165847504124,0
00-0033319,2020_13_BUF_SF,2020,13,QB,316.0,248.55243281883872,0
00-0033537,2020_13_IND_HOU,2020,13,QB,341.0,260.34226762648456,0
00-0033869,2020_13_DET_CHI,2020,13,QB,267.0,242.41345263994094,0
00-0033873,2020_13_DEN_KC,2020,13,QB,318.0,280.8245716811506,0
00-0034796,2020_13_DAL_BAL,2020,13,QB,107.0,166.5896590650588,0
00-0034855,2020_13_CLE_TEN,2020,13,QB,334.0,247.80304829239887,0
00-0034857,2020_13_BUF_SF,2020,13,QB,375.0,219.15482566492273,0
00-0034869,2020_13_LV_NYJ,2020,13,QB,186.0,238.6549836121887,0
00-0035228,2020_13_LA_ARI,2020,13,QB,173.0,231.63261340766692,0
00-0035704,2020_13_DEN_KC,2020,13,QB,151.0,255.4331856134397,0
00-0036212,2020_13_CIN_MIA,2020,13,QB,296.0,218.8400901295985,0
00-0036355,2020_13_NE_LAC,2020,13,QB,209.0,306.83676439136815,0
00-0036389,2020_13_PHI_GB,2020,13,QB,109.0,117.28002878698456,0
00-0019596,2020_14_MIN_TB,2020,14,QB,196.0,261.39125876620443,0
00-0022924,2020_14_PIT_BUF,2020,14,QB,187.0,251.8444821566131,0
00-0022942,2020_14_IND_LV,2020,14,QB,244.0,278.6809789669558,0
00-0023436,2020_14_WAS_SF,2020,14,QB,57.0,177.25377804173175,0
00-0023459,2020_14_GB_DET,2020,14,QB,290.0,268.61066479031894,0
00-0026143,2020_14_ATL_LAC,2020,14,QB,224.0,289.2032501867518,0
00-0026498,2020_14_GB_DET,2020,14,QB,244.0,267.52341110459645,0
00-0027939,2020_14_NE_LA,2020,14,QB,119.0,222.7920055637049,0
00-0027973,2020_14_DAL_CIN,2020,14,QB,185.0,235.62749553773605,0
00-0029263,2020_14_NYJ_SEA,2020,14,QB,206.0,226.47342847185223,0
00-0029604,2020_14_MIN_TB,2020,14,QB,225.0,259.0935529535804,0
00-0029701,2020_14_TEN_JAX,2020,14,QB,212.0,249.37135149540194,0
00-0030520,2020_14_TEN_JAX,2020,14,QB,85.0,178.69948755639876,0
00-0031237,2020_14_DEN_CAR,2020,14,QB,283.0,252.17724914745327,0
00-0031280,2020_14_IND_LV,2020,14,QB,316.0,275.0214790848515,0
00-0032434,2020_14_DAL_CIN,2020,14,QB,217.0,215.78138349778416,0
00-0033106,2020_14_NE_LA,2020,14,QB,137.0,276.8717503428949,0
00-0033319,2020_14_WAS_SF,2020,14,QB,260.0,262.97818130883155,0
00-0033537,2020_14_HOU_CHI,2020,14,QB,219.0,260.9646775163521,0
00-0033869,2020_14_HOU_CHI,2020,14,QB,267.0,246.53234102337518,0
00-0033873,2020_14_KC_MIA,2020,14,QB,393.0,283.62147484052934,0
00-0034796,2020_14_BAL_CLE,2020,14,QB,163.0,172.3250950074873,0
00-0034855,2020_14_BAL_CLE,2020,14,QB,343.0,239.46597299726233,0
00-0034857,2020_14_PIT_BUF,2020,14,QB,238.0,199.44353386598863,0
00-0034869,2020_14_NYJ_SEA,2020,14,QB,132.0,250.3778357402933,0
00-0035228,2020_14_ARI_NYG,2020,14,QB,244.0,223.85486352888256,0
00-0035232,2020_14_WAS_SF,2020,14,QB,51.0,175.5229933723734,0
00-0035289,2020_14_TEN_JAX,2020,14,QB,178.0,210.49839705786522,0
00-0035704,2020_14_DEN_CAR,2020,14,QB,280.0,260.85328292914664,0
00-0035710,2020_14_ARI_NYG,2020,14,QB,127.0,230.83255374474683,0
00-0036212,2020_14_KC_MIA,2020,14,QB,316.0,242.20901263297716,0
00-0036355,2020_14_ATL_LAC,2020,14,QB,243.0,298.0040001046632,0
00-0036389,2020_14_NO_PHI,2020,14,QB,167.0,199.17784569017792,0
00-0019596,2020_15_TB_ATL,2020,15,QB,390.0,278.81997901325354,0
00-0020531,2020_15_KC_NO,2020,15,QB,234.0,257.11067698662316,0
00-0022924,2020_15_PIT_CIN,2020,15,QB,170.0,229.37594682620565,0
00-0022942,2020_15_HOU_IND,2020,15,QB,228.0,276.51141414957914,0
00-0023459,2020_15_CAR_GB,2020,15,QB,143.0,264.8338172974734,0
00-0026143,2020_15_TB_ATL,2020,15,QB,356.0,286.78519527530113,0
00-0026498,2020_15_DET_TEN,2020,15,QB,252.0,238.4879183850187,0
00-0027688,2020_15_CLE_NYG,2020,15,QB,221.0,196.59561594134323,0
00-0027939,2020_15_NE_MIA,2020,15,QB,209.0,239.0597615889284,0
00-0027973,2020_15_SF_DAL,2020,15,QB,209.0,261.231506395765,0
00-0029263,2020_15_SEA_WAS,2020,15,QB,121.0,245.61944589573608,0
00-0029604,2020_15_CHI_MIN,2020,15,QB,271.0,269.99887643048015,0
00-0029701,2020_15_DET_TEN,2020,15,QB,273.0,241.09446534015143,0
00-0031237,2020_15_CAR_GB,2020,15,QB,258.0,258.83592339673316,0
00-0032268,2020_15_LAC_LV,2020,15,QB,226.0,203.70189523084954,0
00-0033106,2020_15_NYJ_LA,2020,15,QB,209.0,277.61132290474046,0
00-0033319,2020_15_SF_DAL,2020,15,QB,219.0,262.93810035572267,0
00-0033537,2020_15_HOU_IND,2020,15,QB,373.0,276.2458454555927,0
00-0033869,2020_15_CHI_MIN,2020,15,QB,202.0,247.07973251466044,0
00-0033873,2020_15_KC_NO,2020,15,QB,254.0,299.9464429116109,0
00-0034796,2020_15_JAX_BAL,2020,15,QB,243.0,181.8495128556405,0
00-0034855,2020_15_CLE_NYG,2020,15,QB,297.0,229.57951221372005,0
00-0034857,2020_15_BUF_DEN,2020,15,QB,359.0,225.72384117710433,0
00-0034869,2020_15_NYJ_LA,2020,15,QB,207.0,221.88168670468832,0
00-0035228,2020_15_PHI_ARI,2020,15,QB,406.0,262.12525062265746,0
00-0035232,2020_15_SEA_WAS,2020,15,QB,295.0,227.64541643492566,0
00-0035289,2020_15_JAX_BAL,2020,15,QB,226.0,248.63824155552805,0
00-0035652,2020_15_PIT_CIN,2020,15,QB,89.0,184.69525862791363,0
00-0035704,2020_15_BUF_DEN,2020,15,QB,132.0,257.8601577486414,0
00-0036212,2020_15_NE_MIA,2020,15,QB,145.0,228.65845386117525,0
00-0036355,2020_15_LAC_LV,2020,15,QB,314.0,289.95778941922936,0
00-0036389,2020_15_PHI_ARI,2020,15,QB,338.0,214.31719386717145,0
00-0019596,2020_16_TB_DET,2020,16,QB,348.0,216.68869744246553,0
00-0020531,2020_16_MIN_NO,2020,16,QB,311.0,252.47895318980648,0
00-0022924,2020_16_IND_PIT,2020,16,QB,341.0,263.0581815280728,0
00-0022942,2020_16_IND_PIT,2020,16,QB,270.0,245.8689084572252,0
00-0023459,2020_16_TEN_GB,2020,16,QB,231.0,260.60183341664487,0
00-0026143,2020_16_ATL_KC,2020,16,QB,300.0,271.8807605606493,0
00-0026544,2020_16_TB_DET,2020,16,QB,86.0,137.52224640315367,0
00-0027939,2020_16_BUF_NE,2020,16,QB,34.0,216.72687365767166,0
00-0027948,2020_16_TB_DET,2020,16,QB,143.0,126.80534611586715,0
00-0027973,2020_16_PHI_DAL,2020,16,QB,377.0,264.1399896701954,0
00-0029263,2020_16_LA_SEA,2020,16,QB,225.0,237.04635516003037,0
00-0029604,2020_16_MIN_NO,2020,16,QB,291.0,264.1256397384589,0
00-0029701,2020_16_TEN_GB,2020,16,QB,121.0,239.82937997918933,0
00-0030520,2020_16_CHI_JAX,2020,16,QB,211.0,227.41898350476546,0
00-0031237,2020_16_CAR_WAS,2020,16,QB,197.0,251.45764490570025,0
00-0031280,2020_16_MIA_LV,2020,16,QB,336.0,284.6609742903901,0
00-0031800,2020_16_CAR_WAS,2020,16,QB,137.0,111.15949398593139,0
00-0032434,2020_16_CIN_HOU,2020,16,QB,371.0,225.98205353702164,0
00-0033106,2020_16_LA_SEA,2020,16,QB,234.0,273.3607616965561,0
00-0033537,2020_16_CIN_HOU,2020,16,QB,324.0,268.2213485059957,0
00-0033869,2020_16_CHI_JAX,2020,16,QB,265.0,239.35254053074183,0
00-0033873,2020_16_ATL_KC,2020,16,QB,278.0,287.0489127258424,0
00-0033936,2020_16_SF_ARI,2020,16,QB,182.0,198.14305155725276,0
00-0034796,2020_16_NYG_BAL,2020,16,QB,183.0,188.7415888739945,0
00-0034855,2020_16_CLE_NYJ,2020,16,QB,285.0,233.3285994515453,0
00-0034857,2020_16_BUF_NE,2020,16,QB,320.0,226.54059654456321,0
00-0034869,2020_16_CLE_NYJ,2020,16,QB,175.0,255.5535328492371,0
00-0035228,2020_16_SF_ARI,2020,16,QB,247.0,258.51895386580736,0
00-0035232,2020_16_CAR_WAS,2020,16,QB,154.0,174.54845826435155,0
00-0035264,2020_16_BUF_NE,2020,16,QB,44.0,111.2874343322105,0
00-0035704,2020_16_DEN_LAC,2020,16,QB,264.0,259.1970865924612,0
00-0035710,2020_16_NYG_BAL,2020,16,QB,252.0,243.77542669895058,0
00-0036212,2020_16_MIA_LV,2020,16,QB,94.0,199.01978891685548,0
00-0036355,2020_16_DEN_LAC,2020,16,QB,253.0,289.2634191348487,0
00-0036389,2020_16_PHI_DAL,2020,16,QB,342.0,235.57191005165512,0
00-0019596,2020_17_ATL_TB,2020,17,QB,399.0,280.6845986828233,0
00-0020531,2020_17_NO_CAR,2020,17,QB,201.0,224.82789631763958,0
00-0022942,2020_17_JAX_IND,2020,17,QB,164.0,272.34678385665967,0
00-0023436,2020_17_WAS_PHI,2020,17,QB,162.0,199.02166968075903,0
00-0023459,2020_17_GB_CHI,2020,17,QB,240.0,265.37682879808057,0
00-0026143,2020_17_ATL_TB,2020,17,QB,265.0,282.7167138623638,0
00-0026197,2020_17_LAC_KC,2020,17,QB,218.0,216.96816339539197,0
00-0026498,2020_17_MIN_DET,2020,17,QB,293.0,255.51597495087688,0
00-0027939,2020_17_NYJ_NE,2020,17,QB,242.0,236.65218606287698,0
00-0027973,2020_17_DAL_NYG,2020,17,QB,244.0,251.9508028869169,0
00-0029263,2020_17_SEA_SF,2020,17,QB,181.0,256.99569661813524,0
00-0029604,2020_17_MIN_DET,2020,17,QB,405.0,261.51497862797,0
00-0029701,2020_17_TEN_HOU,2020,17,QB,216.0,251.32192535118804,0
00-0030520,2020_17_JAX_IND,2020,17,QB,261.0,249.04101014702567,0
00-0030533,2020_17_MIA_BUF,2020,17,QB,164.0,139.7130787785777,0
00-0031237,2020_17_NO_CAR,2020,17,QB,176.0,210.20206761081215,0
00-0031280,2020_17_LV_DEN,2020,17,QB,371.0,252.77112846555934,0
00-0032434,2020_17_BAL_CIN,2020,17,QB,48.0,230.22725668715725,0
00-0033275,2020_17_NO_CAR,2020,17,QB,95.0,145.89306439158787,0
00-0033537,2020_17_TEN_HOU,2020,17,QB,365.0,280.2826962229734,0
00-0033869,2020_17_GB_CHI,2020,17,QB,252.0,244.92513900698484,0
00-0033936,2020_17_SEA_SF,2020,17,QB,273.0,222.785276124489,0
00-0034771,2020_17_PIT_CLE,2020,17,QB,315.0,213.49446269904033,0
00-0034796,2020_17_BAL_CIN,2020,17,QB,113.0,182.87357040442114,0
00-0034855,2020_17_PIT_CLE,2020,17,QB,196.0,232.13085979065428,0
00-0034857,2020_17_MIA_BUF,2020,17,QB,224.0,240.2201078807939,0
00-0034869,2020_17_NYJ_NE,2020,17,QB,266.0,229.76352991226742,0
00-0034899,2020_17_ARI_LA,2020,17,QB,231.0,210.19284855180558,0
00-0035228,2020_17_ARI_LA,2020,17,QB,87.0,191.58767545410484,0
00-0035704,2020_17_LV_DEN,2020,17,QB,339.0,264.80336378437715,0
00-0035710,2020_17_DAL_NYG,2020,17,QB,229.0,243.1487399389595,0
00-0035752,2020_17_ARI_LA,2020,17,QB,105.0,149.60207372201984,0
00-0036212,2020_17_MIA_BUF,2020,17,QB,361.0,226.78043849019372,0
00-0036355,2020_17_LAC_KC,2020,17,QB,302.0,274.1374343343079,0
00-0036389,2020_17_WAS_PHI,2020,17,QB,72.0,179.28312860521558,0
00-0019596,2020_18_TB_WAS,2020,18,QB,381.0,264.7011699636506,0
00-0020531,2020_18_CHI_NO,2020,18,QB,265.0,259.5241718366125,0
00-0022924,2020_18_CLE_PIT,2020,18,QB,501.0,271.70520899794053,0
00-0022942,2020_18_IND_BUF,2020,18,QB,309.0,259.7480942508625,0
00-0029263,2020_18_LA_SEA,2020,18,QB,174.0,232.66634406590472,0
00-0029701,2020_18_BAL_TEN,2020,18,QB,165.0,254.27070966055848,0
00-0031800,2020_18_TB_WAS,2020,18,QB,306.0,198.62535405806162,0
00-0033106,2020_18_LA_SEA,2020,18,QB,155.0,248.31455324899903,0
00-0033869,2020_18_CHI_NO,2020,18,QB,199.0,252.74300855475883,0
00-0034796,2020_18_BAL_TEN,2020,18,QB,179.0,172.10135945957057,0
00-0034855,2020_18_CLE_PIT,2020,18,QB,263.0,239.63826127329037,0
00-0034857,2020_18_IND_BUF,2020,18,QB,324.0,211.65441727236328,0
00-0019596,2020_19_TB_NO,2020,19,QB,199.0,287.81756447452625,0
00-0020531,2020_19_TB_NO,2020,19,QB,134.0,266.512220341526,0
00-0023459,2020_19_LA_GB,2020,19,QB,296.0,224.56446803320966,0
00-0033106,2020_19_LA_GB,2020,19,QB,174.0,254.0362492136821,0
00-0033873,2020_19_CLE_KC,2020,19,QB,255.0,219.59827156124237,0
00-0034796,2020_19_BAL_BUF,2020,19,QB,162.0,163.53535051307995,0
00-0034855,2020_19_CLE_KC,2020,19,QB,204.0,244.2924432508136,0
00-0034857,2020_19_BAL_BUF,2020,19,QB,206.0,219.764561282149,0
00-0019596,2020_20_TB_GB,2020,20,QB,280.0,264.87889962697204,0
00-0023459,2020_20_TB_GB,2020,20,QB,346.0,262.8911736130506,0
00-0033873,2020_20_BUF_KC,2020,20,QB,325.0,271.6334561313751,0
00-0034857,2020_20_BUF_KC,2020,20,QB,287.0,225.14244822576111,0
00-0019596,2020_21_KC_TB,2020,21,QB,201.0,281.6958285629401,0
00-0033873,2020_21_KC_TB,2020,21,QB,270.0,253.14736146884076,0
00-0019596,2021_01_DAL_TB,2021,1,QB,379.0,253.7094468500512,1
00-0022924,2021_01_PIT_BUF,2021,1,QB,188.0,254.35954973151826,1
00-0023459,2021_01_GB_NO,2021,1,QB,133.0,243.62388838739872,1
00-0026143,2021_01_PHI_ATL,2021,1,QB,164.0,297.53357470003743,1
00-0026498,2021_01_CHI_LA,2021,1,QB,321.0,282.9940986771725,1
00-0027973,2021_01_CHI_LA,2021,1,QB,206.0,285.8877880646522,1
00-0028118,2021_01_JAX_HOU,2021,1,QB,291.0,270.4087958044571,1
00-0029263,2021_01_SEA_IND,2021,1,QB,254.0,271.6151981514665,1
00-0029604,2021_01_MIN_CIN,2021,1,QB,351.0,229.4017166096737,1
00-0029701,2021_01_ARI_TEN,2021,1,QB,212.0,246.3293130061809,1
00-0031237,2021_01_DEN_NYG,2021,1,QB,264.0,230.81856698902095,1
00-0031280,2021_01_BAL_LV,2021,1,QB,435.0,270.03167767365204,1
00-0031345,2021_01_SF_DET,2021,1,QB,314.0,283.978154192416,1
00-0031503,2021_01_GB_NO,2021,1,QB,148.0,254.50223365031434,1
00-0031800,2021_01_LAC_WAS,2021,1,QB,122.0,225.4800825365063,1
00-0032950,2021_01_SEA_IND,2021,1,QB,251.0,290.13410049239,1
00-0033077,2021_01_DAL_TB,2021,1,QB,403.0,257.57466810744637,1
00-0033106,2021_01_SF_DET,2021,1,QB,338.0,280.9174223192733,1
00-0033873,2021_01_CLE_KC,2021,1,QB,337.0,257.6918575294534,1
00-0034796,2021_01_BAL_LV,2021,1,QB,235.0,217.93252522292835,1
00-0034855,2021_01_CLE_KC,2021,1,QB,321.0,248.52510130035222,1
00-0034857,2021_01_PIT_BUF,2021,1,QB,270.0,242.17205194098221,1
00-0034869,2021_01_NYJ_CAR,2021,1,QB,279.0,272.3160221995168,1
00-0035228,2021_01_ARI_TEN,2021,1,QB,289.0,247.17073000143253,1
00-0035710,2021_01_DEN_NYG,2021,1,QB,267.0,234.78380040819854,1
00-0036212,2021_01_MIA_NE,2021,1,QB,202.0,245.54801700334312,1
00-0036355,2021_01_LAC_WAS,2021,1,QB,337.0,268.8554473296832,1
00-0036389,2021_01_PHI_ATL,2021,1,QB,264.0,293.94522682321656,1
00-0036442,2021_01_MIN_CIN,2021,1,QB,261.0,245.6876573179136,1
00-0036971,2021_01_JAX_HOU,2021,1,QB,332.0,281.7709179124041,1
00-0036972,2021_01_MIA_NE,2021,1,QB,281.0,235.95923493044785,1
00-0037013,2021_01_NYJ_CAR,2021,1,QB,258.0,260.8971586980475,1
00-0019596,2021_02_ATL_TB,2021,2,QB,276.0,294.6499093406451,1
00-0022924,2021_02_LV_PIT,2021,2,QB,295.0,259.00737471237164,1
00-0023459,2021_02_DET_GB,2021,2,QB,255.0,217.2774128839684,1
00-0026143,2021_02_ATL_TB,2021,2,QB,300.0,234.51732411894645,1
00-0026498,2021_02_LA_IND,2021,2,QB,278.0,284.83285233641953,1
00-0027973,2021_02_CIN_CHI,2021,2,QB,56.0,146.9771261779007,1
00-0028118,2021_02_HOU_CLE,2021,2,QB,125.0,217.4776226971061,1
00-0029263,2021_02_TEN_SEA,2021,2,QB,343.0,269.69218568522354,1
00-0029604,2021_02_MIN_ARI,2021,2,QB,244.0,282.8295915291517,1
00-0029701,2021_02_TEN_SEA,2021,2,QB,347.0,233.68158459536272,1
00-0031237,2021_02_DEN_JAX,2021,2,QB,328.0,261.0405147275025,1
00-0031280,2021_02_LV_PIT,2021,2,QB,382.0,287.97738022238235,1
00-0031345,2021_02_SF_PHI,2021,2,QB,189.0,251.36296058184072,1
00-0031503,2021_02_NO_CAR,2021,2,QB,111.0,266.37056544423825,1
00-0031800,2021_02_NYG_WAS,2021,2,QB,336.0,244.13175323298356,1
00-0032950,2021_02_LA_IND,2021,2,QB,247.0,270.4585481097965,1
00-0033077,2021_02_DAL_LAC,2021,2,QB,237.0,299.86909157845935,1
00-0033106,2021_02_DET_GB,2021,2,QB,246.0,262.46226721675475,1
00-0033119,2021_02_BUF_MIA,2021,2,QB,169.0,201.24217788141507,1
00-0033873,2021_02_KC_BAL,2021,2,QB,343.0,301.08342871444745,1
00-0034796,2021_02_KC_BAL,2021,2,QB,239.0,161.8881839404853,1
00-0034855,2021_02_HOU_CLE,2021,2,QB,213.0,265.7003384562724,1
00-0034857,2021_02_BUF_MIA,2021,2,QB,179.0,215.03619422872865,1
00-0034869,2021_02_NO_CAR,2021,2,QB,305.0,272.8928360982428,1
00-0035228,2021_02_MIN_ARI,2021,2,QB,400.0,271.71508272581707,1
00-0035710,2021_02_NYG_WAS,2021,2,QB,249.0,261.6833798773469,1
00-0036355,2021_02_DAL_LAC,2021,2,QB,338.0,283.00514947734837,1
00-0036389,2021_02_SF_PHI,2021,2,QB,190.0,259.9122785052182,1
00-0036442,2021_02_CIN_CHI,2021,2,QB,207.0,270.9693673037974,1
00-0036898,2021_02_HOU_CLE,2021,2,QB,102.0,113.02361377574633,1
00-0036945,2021_02_CIN_CHI,2021,2,QB,60.0,140.79470077923915,1
00-0036971,2021_02_DEN_JAX,2021,2,QB,118.0,268.7090116872573,1
00-0036972,2021_02_NE_NYJ,2021,2,QB,186.0,257.0562969896451,1
00-0037013,2021_02_NE_NYJ,2021,2,QB,210.0,240.20076327889572,1
00-0019596,2021_03_TB_LA,2021,3,QB,432.0,296.3242838531973,1
00-0022924,2021_03_CIN_PIT,2021,3,QB,318.0,258.7924326875157,1
00-0023459,2021_03_GB_SF,2021,3,QB,261.0,245.56122455092216,1
00-0026143,2021_03_ATL_NYG,2021,3,QB,243.0,256.8316766049931,1
00-0026498,2021_03_TB_LA,2021,3,QB,343.0,278.6266642821654,1
00-0029263,2021_03_SEA_MIN,2021,3,QB,298.0,288.94450729799115,1
00-0029604,2021_03_SEA_MIN,2021,3,QB,323.0,292.60018566589395,1
00-0029701,2021_03_IND_TEN,2021,3,QB,197.0,262.0818264845795,1
00-0031237,2021_03_NYJ_DEN,2021,3,QB,235.0,271.6934238533061,1
00-0031280,2021_03_MIA_LV,2021,3,QB,386.0,273.02290294000795,1
00-0031345,2021_03_GB_SF,2021,3,QB,257.0,259.7903455291624,1
00-0031503,2021_03_NO_NE,2021,3,QB,128.0,231.19438806192778,1
00-0031800,2021_03_WAS_BUF,2021,3,QB,212.0,224.4943292117678,1
00-0032950,2021_03_IND_TEN,2021,3,QB,194.0,268.5862464491795,1
00-0033077,2021_03_PHI_DAL,2021,3,QB,238.0,273.45252657604766,1
00-0033106,2021_03_BAL_DET,2021,3,QB,217.0,296.1055452024244,1
00-0033119,2021_03_MIA_LV,2021,3,QB,215.0,245.6196081862,1
00-0033873,2021_03_LAC_KC,2021,3,QB,260.0,270.00767510699234,1
00-0034796,2021_03_BAL_DET,2021,3,QB,287.0,205.96096848163012,1
00-0034855,2021_03_CHI_CLE,2021,3,QB,246.0,240.07482056242284,1
00-0034857,2021_03_WAS_BUF,2021,3,QB,358.0,172.75473754932395,1
00-0034869,2021_03_CAR_HOU,2021,3,QB,304.0,284.54263933263314,1
00-0035228,2021_03_ARI_JAX,2021,3,QB,316.0,266.18047198119825,1
00-0035710,2021_03_ATL_NYG,2021,3,QB,266.0,271.5152267028636,1
00-0036355,2021_03_LAC_KC,2021,3,QB,281.0,267.0637660965611,1
00-0036389,2021_03_PHI_DAL,2021,3,QB,326.0,266.417725649663,1
00-0036442,2021_03_CIN_PIT,2021,3,QB,172.0,242.98820147151497,1
00-0036898,2021_03_CAR_HOU,2021,3,QB,168.0,236.32426233237263,1
00-0036945,2021_03_CHI_CLE,2021,3,QB,68.0,187.5968737762941,1
00-0036971,2021_03_ARI_JAX,2021,3,QB,219.0,242.75741445449225,1
00-0036972,2021_03_NO_NE,2021,3,QB,270.0,234.21496889964203,1
00-0037013,2021_03_NYJ_DEN,2021,3,QB,160.0,209.87372973584513,1
00-0019596,2021_04_TB_NE,2021,4,QB,269.0,266.17842746228257,1
00-0022924,2021_04_PIT_GB,2021,4,QB,232.0,255.77610615678475,1
00-0023459,2021_04_PIT_GB,2021,4,QB,248.0,252.0618369877714,1
00-0026143,2021_04_WAS_ATL,2021,4,QB,283.0,270.94628688754375,1
00-0026498,2021_04_ARI_LA,2021,4,QB,280.0,307.13791064788074,1
00-0029263,2021_04_SEA_SF,2021,4,QB,149.0,278.27706191472936,1
00-0029604,2021_04_CLE_MIN,2021,4,QB,203.0,285.4786679149867,1
00-0029701,2021_04_TEN_NYJ,2021,4,QB,298.0,224.359363826908,1
00-0031237,2021_04_BAL_DEN,2021,4,QB,65.0,195.9262979252748,1
00-0031280,2021_04_LV_LAC,2021,4,QB,196.0,262.42115773875616,1
00-0031345,2021_04_SEA_SF,2021,4,QB,165.0,201.39397121476355,1
00-0031503,2021_04_NYG_NO,2021,4,QB,226.0,238.8007070129351,1
00-0031800,2021_04_WAS_ATL,2021,4,QB,290.0,259.06253344366837,1
00-0032950,2021_04_IND_MIA,2021,4,QB,228.0,229.295052190246,1
00-0033077,2021_04_CAR_DAL,2021,4,QB,188.0,280.1165365524621,1
00-0033106,2021_04_DET_CHI,2021,4,QB,299.0,268.68262967345817,1
00-0033119,2021_04_IND_MIA,2021,4,QB,199.0,223.2815934597479,1
00-0033873,2021_04_KC_PHI,2021,4,QB,278.0,299.53367090712953,1
00-0034796,2021_04_BAL_DEN,2021,4,QB,316.0,165.8684477611108,1
00-0034855,2021_04_CLE_MIN,2021,4,QB,155.0,265.0553929951528,1
00-0034857,2021_04_HOU_BUF,2021,4,QB,248.0,246.42907308910688,1
00-0034869,2021_04_CAR_DAL,2021,4,QB,301.0,292.7913022695912,1
00-0035228,2021_04_ARI_LA,2021,4,QB,268.0,277.5841679896771,1
00-0035704,2021_04_BAL_DEN,2021,4,QB,113.0,113.8010434099871,1
00-0035710,2021_04_NYG_NO,2021,4,QB,402.0,254.94279272188007,1
00-0036355,2021_04_LV_LAC,2021,4,QB,222.0,289.26477032633807,1
00-0036389,2021_04_KC_PHI,2021,4,QB,387.0,259.92060714283724,1
00-0036442,2021_04_JAX_CIN,2021,4,QB,348.0,260.4790194044149,1
00-0036898,2021_04_HOU_BUF,2021,4,QB,87.0,215.28839506974532,1
00-0036945,2021_04_DET_CHI,2021,4,QB,209.0,215.77877894055945,1
00-0036971,2021_04_JAX_CIN,2021,4,QB,204.0,256.5682900749576,1
00-0036972,2021_04_TB_NE,2021,4,QB,275.0,260.68936448185053,1
00-0037012,2021_04_SEA_SF,2021,4,QB,157.0,123.10899701337281,1
00-0037013,2021_04_TEN_NYJ,2021,4,QB,297.0,224.95274117996658,1
00-0019596,2021_05_MIA_TB,2021,5,QB,411.0,246.83078214649703,1
00-0022924,2021_05_DEN_PIT,2021,5,QB,253.0,228.4637293048212,1
00-0023459,2021_05_GB_CIN,2021,5,QB,344.0,255.25383262920002,1
00-0026143,2021_05_NYJ_ATL,2021,5,QB,342.0,252.73963839166993,1
00-0026498,2021_05_LA_SEA,2021,5,QB,365.0,280.3775464690799,1
00-0029263,2021_05_LA_SEA,2021,5,QB,152.0,189.2529309015968,1
00-0029604,2021_05_DET_MIN,2021,5,QB,275.0,280.20613222010473,1
00-0029701,2021_05_TEN_JAX,2021,5,QB,197.0,250.17143516725812,1
00-0030520,2021_05_NYG_DAL,2021,5,QB,196.0,122.92855050741692,1
00-0030565,2021_05_LA_SEA,2021,5,QB,131.0,103.40583851863414,1
00-0031237,2021_05_DEN_PIT,2021,5,QB,288.0,242.46727263809095,1
00-0031280,2021_05_CHI_LV,2021,5,QB,206.0,270.81267870148577,1
00-0031503,2021_05_NO_WAS,2021,5,QB,279.0,237.2924812491039,1
00-0031800,2021_05_NO_WAS,2021,5,QB,248.0,250.16310431738367,1
00-0032950,2021_05_IND_BAL,2021,5,QB,402.0,264.62908274857426,1
00-0033077,2021_05_NYG_DAL,2021,5,QB,302.0,297.1440960134279,1
00-0033106,2021_05_DET_MIN,2021,5,QB,203.0,294.68349692004824,1
00-0033119,2021_05_MIA_TB,2021,5,QB,275.0,258.15176028622767,1
00-0033873,2021_05_BUF_KC,2021,5,QB,272.0,304.438621700847,1
00-0034796,2021_05_IND_BAL,2021,5,QB,442.0,197.58565959603317,1
00-0034855,2021_05_CLE_LAC,2021,5,QB,305.0,246.18964544125848,1
00-0034857,2021_05_BUF_KC,2021,5,QB,315.0,266.12087189657416,1
00-0034869,2021_05_PHI_CAR,2021,5,QB,177.0,273.67745397071303,1
00-0035228,2021_05_SF_ARI,2021,5,QB,239.0,278.23945349033585,1
00-0035710,2021_05_NYG_DAL,2021,5,QB,98.0,233.29252529846465,1
00-0036355,2021_05_CLE_LAC,2021,5,QB,398.0,292.1999111593266,1
00-0036389,2021_05_PHI_CAR,2021,5,QB,198.0,245.91062650412533,1
00-0036442,2021_05_GB_CIN,2021,5,QB,281.0,246.91632913661135,1
00-0036898,2021_05_NE_HOU,2021,5,QB,312.0,232.5320612038704,1
00-0036945,2021_05_CHI_LV,2021,5,QB,111.0,241.6025924519081,1
00-0036971,2021_05_TEN_JAX,2021,5,QB,273.0,237.38832838190092,1
00-0036972,2021_05_NE_HOU,2021,5,QB,231.0,263.02765646751646,1
00-0037012,2021_05_SF_ARI,2021,5,QB,192.0,241.93956087123408,1
00-0037013,2021_05_NYJ_ATL,2021,5,QB,192.0,236.27240340152744,1
00-0019596,2021_06_TB_PHI,2021,6,QB,297.0,291.2335332262571,1
00-0022924,2021_06_SEA_PIT,2021,6,QB,229.0,262.9227203943106,1
00-0023459,2021_06_GB_CHI,2021,6,QB,195.0,249.91211171719314,1
00-0026498,2021_06_LA_NYG,2021,6,QB,251.0,251.8816975221115,1
00-0029604,2021_06_MIN_CAR,2021,6,QB,373.0,262.2586348758775,1
00-0029701,2021_06_BUF_TEN,2021,6,QB,216.0,239.0143042817375,1
00-0030565,2021_06_SEA_PIT,2021,6,QB,209.0,212.80300677139547,1
00-0031237,2021_06_LV_DEN,2021,6,QB,334.0,251.52155645529274,1
00-0031280,2021_06_LV_DEN,2021,6,QB,341.0,245.36599141646465,1
00-0031800,2021_06_KC_WAS,2021,6,QB,182.0,238.85387704116454,1
00-0032950,2021_06_HOU_IND,2021,6,QB,223.0,272.66281088271353,1
00-0033077,2021_06_DAL_NE,2021,6,QB,445.0,265.88701681878825,1
00-0033106,2021_06_CIN_DET,2021,6,QB,202.0,287.18049049242376,1
00-0033873,2021_06_KC_WAS,2021,6,QB,397.0,278.4539867229112,1
00-0034796,2021_06_LAC_BAL,2021,6,QB,167.0,212.33561662354865,1
00-0034855,2021_06_ARI_CLE,2021,6,QB,234.0,224.73066544113163,1
00-0034857,2021_06_BUF_TEN,2021,6,QB,353.0,245.29521498508893,1
00-0034869,2021_06_MIN_CAR,2021,6,QB,207.0,267.8465710691698,1
00-0035228,2021_06_ARI_CLE,2021,6,QB,229.0,235.7452514298748,1
00-0035710,2021_06_LA_NYG,2021,6,QB,242.0,243.46850574290102,1
00-0036212,2021_06_MIA_JAX,2021,6,QB,329.0,236.1658304841268,1
00-0036355,2021_06_LAC_BAL,2021,6,QB,195.0,281.8445387850495,1
00-0036389,2021_06_TB_PHI,2021,6,QB,115.0,266.6448936074745,1
00-0036442,2021_06_CIN_DET,2021,6,QB,271.0,225.3655379658839,1
00-0036898,2021_06_HOU_IND,2021,6,QB,243.0,252.67365155027397,1
00-0036945,2021_06_GB_CHI,2021,6,QB,174.0,242.81854351490824,1
00-0036971,2021_06_MIA_JAX,2021,6,QB,319.0,250.41237299671025,1
00-0036972,2021_06_DAL_NE,2021,6,QB,229.0,256.70322753403036,1
00-0019596,2021_07_CHI_TB,2021,7,QB,211.0,257.73604579817686,1
00-0023459,2021_07_WAS_GB,2021,7,QB,274.0,243.03861663145696,1
00-0026143,2021_07_ATL_MIA,2021,7,QB,336.0,258.4985772174099,1
00-0026498,2021_07_DET_LA,2021,7,QB,334.0,296.45652092007936,1
00-0028986,2021_07_DEN_CLE,2021,7,QB,199.0,166.8136449763755,1
00-0029701,2021_07_KC_TEN,2021,7,QB,270.0,255.38374436141416,1
00-0030565,2021_07_NO_SEA,2021,7,QB,167.0,204.39793317157347,1
00-0031237,2021_07_DEN_CLE,2021,7,QB,187.0,201.11516780025966,1
00-0031280,2021_07_PHI_LV,2021,7,QB,323.0,282.993028690759,1
00-0031345,2021_07_IND_SF,2021,7,QB,181.0,229.50086995606878,1
00-0031503,2021_07_NO_SEA,2021,7,QB,222.0,237.5958933075282,1
00-0031800,2021_07_WAS_GB,2021,7,QB,268.0,228.235369350731,1
00-0032950,2021_07_IND_SF,2021,7,QB,150.0,251.34941487766307,1
00-0033106,2021_07_DET_LA,2021,7,QB,268.0,275.3636341789377,1
00-0033275,2021_07_CAR_NYG,2021,7,QB,33.0,106.22372426757005,1
00-0033873,2021_07_KC_TEN,2021,7,QB,206.0,242.70489236815493,1
00-0034401,2021_07_NYJ_NE,2021,7,QB,202.0,140.60936978098778,1
00-0034796,2021_07_CIN_BAL,2021,7,QB,257.0,199.2233353574233,1
00-0034869,2021_07_CAR_NYG,2021,7,QB,112.0,204.92544168440008,1
00-0035228,2021_07_HOU_ARI,2021,7,QB,261.0,277.1981107350266,1
00-0035710,2021_07_CAR_NYG,2021,7,QB,203.0,246.81762513931395,1
00-0036212,2021_07_ATL_MIA,2021,7,QB,291.0,243.96424744711086,1
00-0036389,2021_07_PHI_LV,2021,7,QB,236.0,279.9377545200515,1
00-0036442,2021_07_CIN_BAL,2021,7,QB,416.0,237.50975207726432,1
00-0036898,2021_07_HOU_ARI,2021,7,QB,135.0,241.65611626324082,1
00-0036945,2021_07_CHI_TB,2021,7,QB,184.0,231.92799010536652,1
00-0036972,2021_07_NYJ_NE,2021,7,QB,307.0,225.5447320930006,1
00-0019596,2021_08_TB_NO,2021,8,QB,375.0,276.9337255133703,1
00-0022924,2021_08_PIT_CLE,2021,8,QB,266.0,252.72536962658586,1
00-0023459,2021_08_GB_ARI,2021,8,QB,184.0,246.6057950063572,1
00-0026143,2021_08_CAR_ATL,2021,8,QB,146.0,280.55832484397365,1
00-0026300,2021_08_CIN_NYJ,2021,8,QB,17.0,108.46943785129534,1
00-0026498,2021_08_LA_HOU,2021,8,QB,305.0,278.9402936674216,1
00-0029604,2021_08_DAL_MIN,2021,8,QB,184.0,273.78055151294984,1
00-0029701,2021_08_TEN_IND,2021,8,QB,265.0,253.71980099579082,1
00-0030565,2021_08_JAX_SEA,2021,8,QB,195.0,233.238698243242,1
00-0031237,2021_08_WAS_DEN,2021,8,QB,213.0,252.61093222618607,1
00-0031345,2021_08_SF_CHI,2021,8,QB,322.0,242.14495157789028,1
00-0031800,2021_08_WAS_DEN,2021,8,QB,270.0,240.6604991334235,1
00-0032156,2021_08_TB_NO,2021,8,QB,159.0,152.0431818202071,1
00-0032950,2021_08_TEN_IND,2021,8,QB,231.0,276.9610687707808,1
00-0033106,2021_08_PHI_DET,2021,8,QB,222.0,281.27979537687287,1
00-0033275,2021_08_CAR_ATL,2021,8,QB,0.0,118.85726565880998,1
00-0033662,2021_08_DAL_MIN,2021,8,QB,325.0,239.5404593350078,1
00-0033873,2021_08_NYG_KC,2021,8,QB,275.0,276.72246711895315,1
00-0034401,2021_08_CIN_NYJ,2021,8,QB,405.0,200.14232930116378,1
00-0034855,2021_08_PIT_CLE,2021,8,QB,225.0,235.76563925203288,1
00-0034857,2021_08_MIA_BUF,2021,8,QB,249.0,217.26753172365517,1
00-0034869,2021_08_CAR_ATL,2021,8,QB,129.0,217.43715936755646,1
00-0035228,2021_08_GB_ARI,2021,8,QB,274.0,272.3196033757818,1
00-0035710,2021_08_NYG_KC,2021,8,QB,222.0,266.9424201126269,1
00-0036212,2021_08_MIA_BUF,2021,8,QB,205.0,226.68289287131444,1
00-0036355,2021_08_NE_LAC,2021,8,QB,223.0,283.0525607471267,1
00-0036389,2021_08_PHI_DET,2021,8,QB,103.0,223.34071079986148,1
00-0036442,2021_08_CIN_NYJ,2021,8,QB,259.0,258.605731999814,1
00-0036898,2021_08_LA_HOU,2021,8,QB,310.0,257.99302540958445,1
00-0036945,2021_08_SF_CHI,2021,8,QB,175.0,217.8443571853326,1
00-0036971,2021_08_JAX_SEA,2021,8,QB,238.0,237.04802573193973,1
00-0036972,2021_08_NE_LAC,2021,8,QB,217.0,272.09072583818505,1
00-0022924,2021_09_CHI_PIT,2021,9,QB,205.0,256.98741318636706,1
00-0026143,2021_09_ATL_NO,2021,9,QB,343.0,280.7115376603336,1
00-0026300,2021_09_NYJ_IND,2021,9,QB,317.0,100.84409789348459,1
00-0026498,2021_09_TEN_LA,2021,9,QB,294.0,300.16803618852884,1
00-0027688,2021_09_ARI_SF,2021,9,QB,249.0,223.33590861398991,1
00-0028118,2021_09_HOU_MIA,2021,9,QB,240.0,232.59274283641716,1
00-0029604,2021_09_MIN_BAL,2021,9,QB,187.0,267.04012640908786,1
00-0029701,2021_09_TEN_LA,2021,9,QB,143.0,255.84199930594582,1
00-0031237,2021_09_DEN_DAL,2021,9,QB,249.0,265.8401941733489,1
00-0031280,2021_09_LV_NYG,2021,9,QB,296.0,265.8362325437352,1
00-0031345,2021_09_ARI_SF,2021,9,QB,326.0,228.80966077301088,1
00-0032156,2021_09_ATL_NO,2021,9,QB,249.0,229.48868012897344,1
00-0032950,2021_09_NYJ_IND,2021,9,QB,272.0,282.8356461021795,1
00-0033077,2021_09_DEN_DAL,2021,9,QB,232.0,304.2933598066853,1
00-0033119,2021_09_HOU_MIA,2021,9,QB,244.0,257.29435688542947,1
00-0033873,2021_09_GB_KC,2021,9,QB,166.0,265.01987210232613,1
00-0034796,2021_09_MIN_BAL,2021,9,QB,266.0,182.05129060278816,1
00-0034855,2021_09_CLE_CIN,2021,9,QB,218.0,249.00006728079146,1
00-0034857,2021_09_BUF_JAX,2021,9,QB,264.0,245.36656419303227,1
00-0034869,2021_09_NE_CAR,2021,9,QB,172.0,223.44740039646427,1
00-0035710,2021_09_LV_NYG,2021,9,QB,110.0,252.1719038409271,1
00-0036264,2021_09_GB_KC,2021,9,QB,190.0,211.62344818129318,1
00-0036355,2021_09_LAC_PHI,2021,9,QB,356.0,262.19391013914907,1
00-0036389,2021_09_LAC_PHI,2021,9,QB,162.0,215.28697002209225,1
00-0036442,2021_09_CLE_CIN,2021,9,QB,282.0,265.40326000021275,1
00-0036945,2021_09_CHI_PIT,2021,9,QB,291.0,216.79677071609615,1
00-0036971,2021_09_BUF_JAX,2021,9,QB,118.0,202.67165460521224,1
00-0036972,2021_09_NE_CAR,2021,9,QB,139.0,222.5244424780628,1
00-0019596,2021_10_TB_WAS,2021,10,QB,220.0,278.46645719206407,1
00-0023459,2021_10_SEA_GB,2021,10,QB,292.0,243.04181646095557,1
00-0026143,2021_10_ATL_DAL,2021,10,QB,117.0,216.0597880742627,1
00-0026498,2021_10_LA_SF,2021,10,QB,243.0,286.40905710039567,1
00-0027688,2021_10_CAR_ARI,2021,10,QB,107.0,169.91844603747728,1
00-0028986,2021_10_CLE_NE,2021,10,QB,81.0,116.55720134343737,1
00-0029263,2021_10_SEA_GB,2021,10,QB,161.0,231.8677740552998,1
00-0029604,2021_10_MIN_LAC,2021,10,QB,294.0,276.76345376420204,1
00-0029701,2021_10_NO_TEN,2021,10,QB,213.0,234.02308926601233,1
00-0031237,2021_10_PHI_DEN,2021,10,QB,226.0,243.2946453774281,1
00-0031280,2021_10_KC_LV,2021,10,QB,261.0,282.7246972017028,1
00-0031345,2021_10_LA_SF,2021,10,QB,182.0,262.6213287843102,1
00-0031800,2021_10_TB_WAS,2021,10,QB,256.0,234.3882364121458,1
00-0032156,2021_10_NO_TEN,2021,10,QB,298.0,213.25654991430042,1
00-0032950,2021_10_JAX_IND,2021,10,QB,180.0,274.35114176204,1
00-0033077,2021_10_ATL_DAL,2021,10,QB,296.0,278.35881586504274,1
00-0033106,2021_10_DET_PIT,2021,10,QB,114.0,231.84218481002685,1
00-0033119,2021_10_BAL_MIA,2021,10,QB,156.0,167.70026204156193,1
00-0033275,2021_10_CAR_ARI,2021,10,QB,167.0,110.49640962533564,1
00-0033873,2021_10_KC_LV,2021,10,QB,406.0,297.8108629542727,1
00-0034401,2021_10_BUF_NYJ,2021,10,QB,251.0,228.2724651633301,1
00-0034771,2021_10_DET_PIT,2021,10,QB,242.0,219.62275492137474,1
00-0034796,2021_10_BAL_MIA,2021,10,QB,238.0,192.58448255532963,1
00-0034855,2021_10_CLE_NE,2021,10,QB,73.0,145.90445800675468,1
00-0034857,2021_10_BUF_NYJ,2021,10,QB,366.0,225.94689935059324,1
00-0035752,2021_10_CAR_ARI,2021,10,QB,36.0,111.62510332414354,1
00-0036212,2021_10_BAL_MIA,2021,10,QB,158.0,164.79773999689579,1
00-0036355,2021_10_MIN_LAC,2021,10,QB,195.0,306.41816485643164,1
00-0036389,2021_10_PHI_DEN,2021,10,QB,178.0,216.374972979835,1
00-0036971,2021_10_JAX_IND,2021,10,QB,162.0,255.04241441952632,1
00-0036972,2021_10_CLE_NE,2021,10,QB,198.0,222.77103302331602,1
00-0019596,2021_11_NYG_TB,2021,11,QB,307.0,254.52124401796084,1
00-0022924,2021_11_PIT_LAC,2021,11,QB,273.0,276.62753748204295,1
00-0023459,2021_11_GB_MIN,2021,11,QB,385.0,271.0419566867845,1
00-0026143,2021_11_NE_ATL,2021,11,QB,153.0,250.4668902035304,1
00-0026158,2021_11_MIA_NYJ,2021,11,QB,291.0,237.74472563488933,1
00-0027688,2021_11_ARI_SEA,2021,11,QB,328.0,222.89512733992157,1
00-0027939,2021_11_WAS_CAR,2021,11,QB,189.0,250.53834857283448,1
00-0027973,2021_11_BAL_CHI,2021,11,QB,201.0,135.5556112170578,1
00-0028118,2021_11_HOU_TEN,2021,11,QB,107.0,202.88317206960977,1
00-0029263,2021_11_ARI_SEA,2021,11,QB,207.0,230.37776072186332,1
00-0029604,2021_11_GB_MIN,2021,11,QB,341.0,276.50978361465684,1
00-0029701,2021_11_HOU_TEN,2021,11,QB,323.0,246.23476864403526,1
00-0031280,2021_11_CIN_LV,2021,11,QB,215.0,287.39682745562124,1
00-0031345,2021_11_SF_JAX,2021,11,QB,176.0,236.6824066395873,1
00-0031800,2021_11_WAS_CAR,2021,11,QB,206.0,242.6570872135251,1
00-0032156,2021_11_NO_PHI,2021,11,QB,214.0,238.16492343446174,1
00-0032950,2021_11_IND_BUF,2021,11,QB,106.0,203.29859824117085,1
00-0033077,2021_11_DAL_KC,2021,11,QB,216.0,300.55699455528446,1
00-0033873,2021_11_DAL_KC,2021,11,QB,260.0,285.4206741773551,1
00-0034177,2021_11_DET_CLE,2021,11,QB,77.0,223.10021131781323,1
00-0034855,2021_11_DET_CLE,2021,11,QB,176.0,232.12365385704666,1
00-0034857,2021_11_IND_BUF,2021,11,QB,209.0,219.2964163214172,1
00-0035710,2021_11_NYG_TB,2021,11,QB,167.0,239.2791710321408,1
00-0035993,2021_11_BAL_CHI,2021,11,QB,219.0,193.8362923286524,1
00-0036212,2021_11_MIA_NYJ,2021,11,QB,273.0,257.37927520422585,1
00-0036355,2021_11_PIT_LAC,2021,11,QB,382.0,287.5238948710658,1
00-0036389,2021_11_NO_PHI,2021,11,QB,147.0,234.96482227042745,1
00-0036442,2021_11_CIN_LV,2021,11,QB,148.0,273.1470178970617,1
00-0036945,2021_11_BAL_CHI,2021,11,QB,79.0,133.6745493274301,1
00-0036971,2021_11_SF_JAX,2021,11,QB,158.0,243.81616296509696,1
00-0036972,2021_11_NE_ATL,2021,11,QB,207.0,267.8637606026564,1
00-0019596,2021_12_TB_IND,2021,12,QB,226.0,296.18620538266026,1
00-0022924,2021_12_PIT_CIN,2021,12,QB,263.0,273.1660639272652,1
00-0023459,2021_12_LA_GB,2021,12,QB,307.0,258.41983467640785,1
00-0026143,2021_12_ATL_JAX,2021,12,QB,190.0,257.904787087881,1
00-0026300,2021_12_NYJ_HOU,2021,12,QB,0.0,129.08130008579172,1
00-0026498,2021_12_LA_GB,2021,12,QB,302.0,253.7908493309962,1
00-0027939,2021_12_CAR_MIA,2021,12,QB,92.0,205.5568876971293,1
00-0027973,2021_12_CHI_DET,2021,12,QB,317.0,244.09260679799235,1
00-0028118,2021_12_NYJ_HOU,2021,12,QB,158.0,247.2870573099207,1
00-0029263,2021_12_SEA_WAS,2021,12,QB,247.0,246.22054529627488,1
00-0029604,2021_12_MIN_SF,2021,12,QB,238.0,279.56356429450545,1
00-0029701,2021_12_TEN_NE,2021,12,QB,93.0,205.14154038537558,1
00-0031237,2021_12_LAC_DEN,2021,12,QB,129.0,172.79463614121443,1
00-0031280,2021_12_LV_DAL,2021,12,QB,373.0,281.63954737499984,1
00-0031345,2021_12_MIN_SF,2021,12,QB,230.0,255.10788271557556,1
00-0031800,2021_12_SEA_WAS,2021,12,QB,223.0,233.41940177503662,1
00-0032156,2021_12_BUF_NO,2021,12,QB,163.0,233.60242652426754,1
00-0032950,2021_12_TB_IND,2021,12,QB,306.0,270.2253640005874,1
00-0033077,2021_12_LV_DAL,2021,12,QB,375.0,308.92380895846736,1
00-0033106,2021_12_CHI_DET,2021,12,QB,171.0,256.7666599027203,1
00-0033275,2021_12_CAR_MIA,2021,12,QB,87.0,110.26888597726179,1
00-0034796,2021_12_CLE_BAL,2021,12,QB,165.0,184.48539215433038,1
00-0034855,2021_12_CLE_BAL,2021,12,QB,247.0,256.07140453203857,1
00-0034857,2021_12_BUF_NO,2021,12,QB,260.0,250.22012007311932,1
00-0035710,2021_12_PHI_NYG,2021,12,QB,202.0,234.73041266548847,1
00-0036212,2021_12_CAR_MIA,2021,12,QB,230.0,230.8867487721045,1
00-0036355,2021_12_LAC_DEN,2021,12,QB,303.0,288.4355818729319,1
00-0036389,2021_12_PHI_NYG,2021,12,QB,129.0,228.48710334083154,1
00-0036442,2021_12_PIT_CIN,2021,12,QB,190.0,217.83929319843304,1
00-0036971,2021_12_ATL_JAX,2021,12,QB,228.0,244.39715102277881,1
00-0036972,2021_12_TEN_NE,2021,12,QB,310.0,239.29793749709097,1
00-0037013,2021_12_NYJ_HOU,2021,12,QB,145.0,245.83611970906662,1
00-0019596,2021_13_TB_ATL,2021,13,QB,368.0,291.2919974529004,1
00-0022924,2021_13_BAL_PIT,2021,13,QB,236.0,279.9707218108042,1
00-0026143,2021_13_TB_ATL,2021,13,QB,297.0,264.49980410780535,1
00-0026498,2021_13_JAX_LA,2021,13,QB,295.0,289.2786145551114,1
00-0027973,2021_13_ARI_CHI,2021,13,QB,229.0,211.64373427789408,1
00-0028118,2021_13_IND_HOU,2021,13,QB,45.0,163.56512254330028,1
00-0029263,2021_13_SF_SEA,2021,13,QB,231.0,247.4559366914479,1
00-0029604,2021_13_MIN_DET,2021,13,QB,340.0,276.62215912090636,1
00-0030520,2021_13_NYG_MIA,2021,13,QB,187.0,208.6943472334169,1
00-0031237,2021_13_DEN_KC,2021,13,QB,257.0,237.81977404700416,1
00-0031280,2021_13_WAS_LV,2021,13,QB,249.0,277.9817342696231,1
00-0031345,2021_13_SF_SEA,2021,13,QB,299.0,242.13292400558592,1
00-0031800,2021_13_WAS_LV,2021,13,QB,196.0,256.66993083602534,1
00-0032950,2021_13_IND_HOU,2021,13,QB,158.0,243.3073686621935,1
00-0033077,2021_13_DAL_NO,2021,13,QB,238.0,302.5514060743577,1
00-0033106,2021_13_MIN_DET,2021,13,QB,296.0,270.2212770796561,1
00-0033873,2021_13_DEN_KC,2021,13,QB,184.0,249.59316258825825,1
00-0034796,2021_13_BAL_PIT,2021,13,QB,253.0,169.33917217494388,1
00-0034857,2021_13_NE_BUF,2021,13,QB,145.0,151.93511501649604,1
00-0035228,2021_13_ARI_CHI,2021,13,QB,123.0,244.02591167217392,1
00-0035289,2021_13_PHI_NYJ,2021,13,QB,242.0,231.6204824164052,1
00-0036212,2021_13_NYG_MIA,2021,13,QB,244.0,244.6682808626988,1
00-0036355,2021_13_LAC_CIN,2021,13,QB,317.0,259.02780909142393,1
00-0036442,2021_13_LAC_CIN,2021,13,QB,300.0,250.88150672372643,1
00-0036898,2021_13_IND_HOU,2021,13,QB,49.0,145.1111151568951,1
00-0036971,2021_13_JAX_LA,2021,13,QB,145.0,238.45619270173864,1
00-0036972,2021_13_NE_BUF,2021,13,QB,19.0,198.79942593796054,1
00-0037013,2021_13_PHI_NYJ,2021,13,QB,226.0,243.79118259347055,1
00-0019596,2021_14_BUF_TB,2021,14,QB,363.0,274.32631631070973,1
00-0022924,2021_14_PIT_MIN,2021,14,QB,308.0,276.75950287339083,1
00-0023459,2021_14_CHI_GB,2021,14,QB,341.0,240.7793600833005,1
00-0026143,2021_14_ATL_CAR,2021,14,QB,190.0,238.4809508443014,1
00-0026498,2021_14_LA_ARI,2021,14,QB,287.0,262.70255945703275,1
00-0027939,2021_14_ATL_CAR,2021,14,QB,178.0,159.4184076137396,1
00-0029263,2021_14_SEA_HOU,2021,14,QB,260.0,232.03256094681882,1
00-0029604,2021_14_PIT_MIN,2021,14,QB,216.0,272.5906433713668,1
00-0029701,2021_14_JAX_TEN,2021,14,QB,191.0,233.35375443232908,1
00-0030520,2021_14_NYG_LAC,2021,14,QB,191.0,247.8535214622441,1
00-0031237,2021_14_DET_DEN,2021,14,QB,179.0,235.47867082338067,1
00-0031280,2021_14_LV_KC,2021,14,QB,263.0,263.24235533703126,1
00-0031345,2021_14_SF_CIN,2021,14,QB,296.0,241.11274000016468,1
00-0031800,2021_14_DAL_WAS,2021,14,QB,122.0,165.5440232040945,1
00-0033077,2021_14_DAL_WAS,2021,14,QB,211.0,261.9456550224674,1
00-0033106,2021_14_DET_DEN,2021,14,QB,215.0,257.8466228552189,1
00-0033275,2021_14_ATL_CAR,2021,14,QB,75.0,88.76849100308374,1
00-0033873,2021_14_LV_KC,2021,14,QB,258.0,251.5463187392163,1
00-0034796,2021_14_BAL_CLE,2021,14,QB,17.0,166.3763295532166,1
00-0034855,2021_14_BAL_CLE,2021,14,QB,190.0,220.2439157815774,1
00-0034857,2021_14_BUF_TB,2021,14,QB,308.0,241.4412640798187,1
00-0035228,2021_14_LA_ARI,2021,14,QB,383.0,257.6163854592153,1
00-0035993,2021_14_BAL_CLE,2021,14,QB,270.0,171.71684512475122,1
00-0036355,2021_14_NYG_LAC,2021,14,QB,275.0,287.65740861949985,1
00-0036442,2021_14_SF_CIN,2021,14,QB,348.0,278.6714692164363,1
00-0036898,2021_14_SEA_HOU,2021,14,QB,331.0,236.2954088990028,1
00-0036945,2021_14_CHI_GB,2021,14,QB,224.0,205.39950790482936,1
00-0036971,2021_14_JAX_TEN,2021,14,QB,221.0,232.66645891795216,1
00-0037013,2021_14_NO_NYJ,2021,14,QB,202.0,229.28710220117617,1
00-0019596,2021_15_NO_TB,2021,15,QB,214.0,291.33128289904766,1
00-0022924,2021_15_TEN_PIT,2021,15,QB,148.0,267.14050597889974,1
00-0023459,2021_15_GB_BAL,2021,15,QB,268.0,263.1803018814476,1
00-0026143,2021_15_ATL_SF,2021,15,QB,236.0,256.71445224262436,1
00-0026498,2021_15_SEA_LA,2021,15,QB,244.0,299.5261103587089,1
00-0027939,2021_15_CAR_BUF,2021,15,QB,156.0,227.30510225562028,1
00-0029263,2021_15_SEA_LA,2021,15,QB,156.0,261.5186875678174,1
00-0029604,2021_15_MIN_CHI,2021,15,QB,87.0,259.4966704219864,1
00-0029701,2021_15_TEN_PIT,2021,15,QB,153.0,225.91630569226697,1
00-0030520,2021_15_DAL_NYG,2021,15,QB,99.0,166.64624078638377,1
00-0031237,2021_15_CIN_DEN,2021,15,QB,98.0,162.1499027965647,1
00-0031280,2021_15_LV_CLE,2021,15,QB,236.0,249.95685438809394,1
00-0031345,2021_15_ATL_SF,2021,15,QB,235.0,253.95342565868432,1
00-0031395,2021_15_WAS_PHI,2021,15,QB,194.0,214.546721524575,1
00-0032950,2021_15_NE_IND,2021,15,QB,57.0,241.742268392114,1
00-0033077,2021_15_DAL_NYG,2021,15,QB,217.0,272.8172634605839,1
00-0033106,2021_15_ARI_DET,2021,15,QB,216.0,270.6670824487288,1
00-0033319,2021_15_LV_CLE,2021,15,QB,147.0,188.41296608641386,1
00-0033873,2021_15_KC_LAC,2021,15,QB,410.0,301.62873206408113,1
00-0034857,2021_15_CAR_BUF,2021,15,QB,210.0,217.6076382648256,1
00-0035228,2021_15_ARI_DET,2021,15,QB,257.0,243.56754124513225,1
00-0035704,2021_15_CIN_DEN,2021,15,QB,88.0,103.21906451248452,1
00-0035993,2021_15_GB_BAL,2021,15,QB,215.0,224.02788974067988,1
00-0036212,2021_15_NYJ_MIA,2021,15,QB,196.0,239.2564541818732,1
00-0036355,2021_15_KC_LAC,2021,15,QB,236.0,307.42029538008484,1
00-0036389,2021_15_WAS_PHI,2021,15,QB,296.0,197.67046307743698,1
00-0036442,2021_15_CIN_DEN,2021,15,QB,157.0,260.2886632219684,1
00-0036898,2021_15_HOU_JAX,2021,15,QB,209.0,222.26021713001126,1
00-0036945,2021_15_MIN_CHI,2021,15,QB,285.0,218.21220057655245,1
00-0036971,2021_15_HOU_JAX,2021,15,QB,210.0,218.60004541614725,1
00-0036972,2021_15_NE_IND,2021,15,QB,299.0,255.28611358598422,1
00-0037013,2021_15_NYJ_MIA,2021,15,QB,170.0,222.46250209196208,1
00-0019596,2021_16_TB_CAR,2021,16,QB,232.0,274.63296167632336,1
00-0022924,2021_16_PIT_KC,2021,16,QB,159.0,223.48714598184014,1
00-0023459,2021_16_CLE_GB,2021,16,QB,202.0,264.7433464437643,1
00-0026143,2021_16_DET_ATL,2021,16,QB,215.0,250.44288957296754,1
00-0026300,2021_16_BAL_CIN,2021,16,QB,304.0,123.7886344633716,1
00-0026498,2021_16_LA_MIN,2021,16,QB,197.0,294.18787272134995,1
00-0027939,2021_16_TB_CAR,2021,16,QB,61.0,165.18687063430917,1
00-0029263,2021_16_CHI_SEA,2021,16,QB,181.0,223.10114005043843,1
00-0029567,2021_16_CHI_SEA,2021,16,QB,250.0,222.4222985682745,1
00-0029604,2021_16_LA_MIN,2021,16,QB,315.0,280.39669467182387,1
00-0029701,2021_16_SF_TEN,2021,16,QB,209.0,244.87948249987693,1
00-0030520,2021_16_NYG_PHI,2021,16,QB,93.0,106.6962085296411,1
00-0031280,2021_16_DEN_LV,2021,16,QB,201.0,273.8228102313302,1
00-0031345,2021_16_SF_TEN,2021,16,QB,322.0,250.198833652387,1
00-0031800,2021_16_WAS_DAL,2021,16,QB,121.0,189.52825140584076,1
00-0032950,2021_16_IND_ARI,2021,16,QB,225.0,255.4753670690555,1
00-0033077,2021_16_WAS_DAL,2021,16,QB,330.0,256.56067143773856,1
00-0033873,2021_16_PIT_KC,2021,16,QB,258.0,250.23035350219064,1
00-0034177,2021_16_DET_ATL,2021,16,QB,187.0,269.2804282429886,1
00-0034855,2021_16_CLE_GB,2021,16,QB,222.0,226.32986622024163,1
00-0034857,2021_16_BUF_NE,2021,16,QB,314.0,184.03138933303563,1
00-0034869,2021_16_TB_CAR,2021,16,QB,190.0,154.03985105403206,1
00-0035228,2021_16_IND_ARI,2021,16,QB,245.0,268.56844652427236,1
00-0035704,2021_16_DEN_LV,2021,16,QB,153.0,242.6888039282369,1
00-0036197,2021_16_NYG_PHI,2021,16,QB,25.0,116.67335430996036,1
00-0036212,2021_16_MIA_NO,2021,16,QB,198.0,251.45270361383723,1
00-0036355,2021_16_LAC_HOU,2021,16,QB,336.0,287.7104410897348,1
00-0036389,2021_16_NYG_PHI,2021,16,QB,199.0,211.66081700183653,1
00-0036442,2021_16_BAL_CIN,2021,16,QB,525.0,258.7683901692273,1
00-0036898,2021_16_LAC_HOU,2021,16,QB,254.0,253.25672368636077,1
00-0036929,2021_16_MIA_NO,2021,16,QB,135.0,215.05276535308116,1
00-0036971,2021_16_JAX_NYJ,2021,16,QB,280.0,236.65169688646805,1
00-0036972,2021_16_BUF_NE,2021,16,QB,145.0,220.1455388333991,1
00-0037013,2021_16_JAX_NYJ,2021,16,QB,102.0,250.9861003710086,1
00-0019596,2021_17_TB_NYJ,2021,17,QB,410.0,278.2077288287819,1
00-0022924,2021_17_CLE_PIT,2021,17,QB,123.0,248.47972144284404,1
00-0023459,2021_17_MIN_GB,2021,17,QB,288.0,231.40868708793766,1
00-0026143,2021_17_ATL_BUF,2021,17,QB,197.0,216.8398387651395,1
00-0026498,2021_17_LA_BAL,2021,17,QB,309.0,283.52964667123115,1
00-0027973,2021_17_NYG_CHI,2021,17,QB,173.0,197.7129630473157,1
00-0029263,2021_17_DET_SEA,2021,17,QB,236.0,232.41932585147902,1
00-0029701,2021_17_MIA_TEN,2021,17,QB,120.0,202.08230527802564,1
00-0030520,2021_17_NYG_CHI,2021,17,QB,24.0,202.6119033230829,1
00-0031280,2021_17_LV_IND,2021,17,QB,255.0,284.84186630687117,1
00-0031800,2021_17_PHI_WAS,2021,17,QB,247.0,242.95105271273374,1
00-0032245,2021_17_MIN_GB,2021,17,QB,189.0,224.19706992086302,1
00-0032950,2021_17_LV_IND,2021,17,QB,148.0,251.10923373345176,1
00-0033077,2021_17_ARI_DAL,2021,17,QB,226.0,314.5863825437567,1
00-0033873,2021_17_KC_CIN,2021,17,QB,259.0,280.7627842379758,1
00-0034177,2021_17_DET_SEA,2021,17,QB,262.0,234.8243158453416,1
00-0034855,2021_17_CLE_PIT,2021,17,QB,185.0,229.59530500476927,1
00-0034857,2021_17_ATL_BUF,2021,17,QB,120.0,224.21736098351164,1
00-0034869,2021_17_CAR_NO,2021,17,QB,132.0,224.92978687791253,1
00-0035228,2021_17_ARI_DAL,2021,17,QB,263.0,269.2141134879004,1
00-0035704,2021_17_DEN_LAC,2021,17,QB,245.0,231.80884202963964,1
00-0035993,2021_17_LA_BAL,2021,17,QB,197.0,233.84016565224798,1
00-0036212,2021_17_MIA_TEN,2021,17,QB,205.0,233.1596295889099,1
00-0036355,2021_17_DEN_LAC,2021,17,QB,237.0,286.85977790401563,1
00-0036389,2021_17_PHI_WAS,2021,17,QB,214.0,250.44626691302665,1
00-0036442,2021_17_KC_CIN,2021,17,QB,446.0,256.59625614255685,1
00-0036898,2021_17_HOU_SF,2021,17,QB,163.0,228.69036879714918,1
00-0036971,2021_17_JAX_NE,2021,17,QB,193.0,215.25436009305156,1
00-0036972,2021_17_JAX_NE,2021,17,QB,227.0,200.41100080262856,1
00-0037012,2021_17_HOU_SF,2021,17,QB,249.0,233.76846245718124,1
00-0037013,2021_17_TB_NYJ,2021,17,QB,234.0,241.17461515673634,1
00-0019596,2021_18_CAR_TB,2021,18,QB,326.0,243.911158265996,1
00-0022924,2021_18_PIT_BAL,2021,18,QB,244.0,253.83204581943798,1
00-0023459,2021_18_GB_DET,2021,18,QB,138.0,216.59431013015805,1
00-0026143,2021_18_NO_ATL,2021,18,QB,216.0,253.43447812922852,1
00-0026498,2021_18_SF_LA,2021,18,QB,238.0,296.5802299702397,1
00-0027973,2021_18_CHI_MIN,2021,18,QB,325.0,242.72709671420998,1
00-0028986,2021_18_CIN_CLE,2021,18,QB,176.0,193.98109872092402,1
00-0029263,2021_18_SEA_ARI,2021,18,QB,238.0,244.51732668501478,1
00-0029604,2021_18_CHI_MIN,2021,18,QB,250.0,274.6788537381044,1
00-0029701,2021_18_TEN_HOU,2021,18,QB,287.0,250.47340457387486,1
00-0031280,2021_18_LAC_LV,2021,18,QB,186.0,282.0714035542132,1
00-0031345,2021_18_SF_LA,2021,18,QB,316.0,260.0287537557515,1
00-0031800,2021_18_WAS_NYG,2021,18,QB,120.0,232.41902127522772,1
00-0032156,2021_18_NO_ATL,2021,18,QB,71.0,143.48279539899227,1
00-0032434,2021_18_CIN_CLE,2021,18,QB,136.0,187.00992449109685,1
00-0032950,2021_18_IND_JAX,2021,18,QB,185.0,246.13577930614,1
00-0033077,2021_18_DAL_PHI,2021,18,QB,295.0,251.1152523862588,1
00-0033106,2021_18_GB_DET,2021,18,QB,238.0,268.0269683957373,1
00-0033873,2021_18_KC_DEN,2021,18,QB,270.0,278.98761250146487,1
00-0034857,2021_18_NYJ_BUF,2021,18,QB,239.0,213.9140509428158,1
00-0034869,2021_18_CAR_TB,2021,18,QB,219.0,235.88072439636878,1
00-0035228,2021_18_SEA_ARI,2021,18,QB,240.0,248.95895506911555,1
00-0035289,2021_18_DAL_PHI,2021,18,QB,186.0,242.9768701191654,1
00-0035704,2021_18_KC_DEN,2021,18,QB,162.0,238.45606160253766,1
00-0035993,2021_18_PIT_BAL,2021,18,QB,141.0,210.79870674223858,1
00-0036197,2021_18_WAS_NYG,2021,18,QB,103.0,203.24645568812667,1
00-0036212,2021_18_NE_MIA,2021,18,QB,109.0,235.69883281086663,1
00-0036264,2021_18_GB_DET,2021,18,QB,134.0,147.99737851289234,1
00-0036355,2021_18_LAC_LV,2021,18,QB,383.0,299.2319334463409,1
00-0036898,2021_18_TEN_HOU,2021,18,QB,301.0,255.91180675215173,1
00-0036971,2021_18_IND_JAX,2021,18,QB,223.0,237.34024525893759,1
00-0036972,2021_18_NE_MIA,2021,18,QB,261.0,244.64986363986984,1
00-0037013,2021_18_NYJ_BUF,2021,18,QB,87.0,183.36174264210746,1
00-0019596,2021_19_PHI_TB,2021,19,QB,271.0,265.2889143583801,1
00-0022924,2021_19_PIT_KC,2021,19,QB,215.0,262.28487040200463,1
00-0026498,2021_19_ARI_LA,2021,19,QB,202.0,282.8058771454418,1
00-0031280,2021_19_LV_CIN,2021,19,QB,310.0,257.02977548167536,1
00-0031345,2021_19_SF_DAL,2021,19,QB,172.0,271.24278834673606,1
00-0033077,2021_19_SF_DAL,2021,19,QB,254.0,306.6736635488633,1
00-0033873,2021_19_PIT_KC,2021,19,QB,404.0,271.80982696477326,1
00-0034857,2021_19_NE_BUF,2021,19,QB,308.0,184.48950265479777,1
00-0035228,2021_19_ARI_LA,2021,19,QB,137.0,256.94712507419746,1
00-0036389,2021_19_PHI_TB,2021,19,QB,258.0,219.2681686427339,1
00-0036442,2021_19_LV_CIN,2021,19,QB,244.0,252.2310977939551,1
00-0036972,2021_19_NE_BUF,2021,19,QB,232.0,233.9635286296478,1
00-0019596,2021_20_LA_TB,2021,20,QB,329.0,263.88648496944893,1
00-0023459,2021_20_SF_GB,2021,20,QB,225.0,242.70943769918665,1
00-0026498,2021_20_LA_TB,2021,20,QB,366.0,266.91339534897645,1
00-0029701,2021_20_CIN_TEN,2021,20,QB,220.0,238.7547678856897,1
00-0031345,2021_20_SF_GB,2021,20,QB,131.0,228.96033535345697,1
00-0033873,2021_20_BUF_KC,2021,20,QB,378.0,271.97785538118137,1
00-0034857,2021_20_BUF_KC,2021,20,QB,329.0,221.19546951072365,1
00-0036442,2021_20_CIN_TEN,2021,20,QB,348.0,271.0715252148291,1
00-0026498,2021_21_SF_LA,2021,21,QB,337.0,281.8409347728827,1
00-0031345,2021_21_SF_LA,2021,21,QB,232.0,246.43999453076395,1
00-0033873,2021_21_CIN_KC,2021,21,QB,275.0,288.80078993802425,1
00-0036442,2021_21_CIN_KC,2021,21,QB,250.0,264.2347723122174,1
00-0026498,2021_22_LA_CIN,2021,22,QB,283.0,277.08469208932644,1
00-0036442,2021_22_LA_CIN,2021,22,QB,263.0,273.66508546865435,1
00-0019596,2022_01_TB_DAL,2022,1,QB,212.0,280.8716642478108,2
00-0023459,2022_01_GB_MIN,2022,1,QB,195.0,270.4444306831164,2
00-0026143,2022_01_IND_HOU,2022,1,QB,352.0,278.1709112418379,2
00-0026158,2022_01_BAL_NYJ,2022,1,QB,309.0,269.15544918396785,2
00-0026498,2022_01_BUF_LA,2022,1,QB,240.0,279.35249831567927,2
00-0029263,2022_01_DEN_SEA,2022,1,QB,340.0,262.88591699859586,2
00-0029604,2022_01_GB_MIN,2022,1,QB,277.0,270.58946627213544,2
00-0029701,2022_01_NYG_TEN,2022,1,QB,266.0,244.6988044031862,2
00-0030565,2022_01_DEN_SEA,2022,1,QB,195.0,263.15961646409005,2
00-0031280,2022_01_LV_LAC,2022,1,QB,295.0,277.7303032913699,2
00-0031503,2022_01_NO_ATL,2022,1,QB,269.0,276.9987074078806,2
00-0032268,2022_01_NO_ATL,2022,1,QB,215.0,271.5381748463597,2
00-0032950,2022_01_JAX_WAS,2022,1,QB,313.0,253.10377167930125,2
00-0033077,2022_01_TB_DAL,2022,1,QB,134.0,233.01679234528967,2
00-0033106,2022_01_PHI_DET,2022,1,QB,215.0,279.7166180707822,2
00-0033119,2022_01_CLE_CAR,2022,1,QB,147.0,250.60741201100564,2
00-0033869,2022_01_PIT_CIN,2022,1,QB,194.0,252.5243077782173,2
00-0033873,2022_01_KC_ARI,2022,1,QB,360.0,282.722006226043,2
00-0034796,2022_01_BAL_NYJ,2022,1,QB,213.0,260.9406896469882,2
00-0034855,2022_01_CLE_CAR,2022,1,QB,235.0,241.2145089266979,2
00-0034857,2022_01_BUF_LA,2022,1,QB,297.0,287.30133809521016,2
00-0035228,2022_01_KC_ARI,2022,1,QB,193.0,260.0794167145038,2
00-0035710,2022_01_NYG_TEN,2022,1,QB,188.0,250.73185502079457,2
00-0036212,2022_01_NE_MIA,2022,1,QB,270.0,253.7671486611697,2
00-0036355,2022_01_LV_LAC,2022,1,QB,279.0,286.9495995178345,2
00-0036389,2022_01_PHI_DET,2022,1,QB,243.0,280.17734245336567,2
00-0036442,2022_01_PIT_CIN,2022,1,QB,338.0,253.67096664236524,2
00-0036898,2022_01_IND_HOU,2022,1,QB,240.0,271.65273933126446,2
00-0036945,2022_01_SF_CHI,2022,1,QB,121.0,247.27976876488324,2
00-0036971,2022_01_JAX_WAS,2022,1,QB,275.0,249.38915087389276,2
00-0036972,2022_01_NE_MIA,2022,1,QB,213.0,251.4122445344518,2
00-0037012,2022_01_SF_CHI,2022,1,QB,164.0,250.2880651185847,2
00-0019596,2022_02_TB_NO,2022,2,QB,190.0,258.9599251762275,2
00-0023459,2022_02_CHI_GB,2022,2,QB,234.0,227.8516838670974,2
00-0026143,2022_02_IND_JAX,2022,2,QB,195.0,262.45672973153637,2
00-0026158,2022_02_NYJ_CLE,2022,2,QB,307.0,240.90108897354887,2
00-0026498,2022_02_ATL_LA,2022,2,QB,272.0,251.49040690388733,2
00-0029263,2022_02_HOU_DEN,2022,2,QB,219.0,275.5280180982351,2
00-0029604,2022_02_MIN_PHI,2022,2,QB,221.0,271.1154707908572,2
00-0029701,2022_02_TEN_BUF,2022,2,QB,117.0,178.17317662465987,2
00-0030565,2022_02_SEA_SF,2022,2,QB,197.0,232.34956598339602,2
00-0031280,2022_02_ARI_LV,2022,2,QB,252.0,269.46241495455047,2
00-0031345,2022_02_SEA_SF,2022,2,QB,154.0,158.8074109480221,2
00-0031503,2022_02_TB_NO,2022,2,QB,236.0,263.4770144457166,2
00-0032268,2022_02_ATL_LA,2022,2,QB,196.0,266.5847488406806,2
00-0032950,2022_02_WAS_DET,2022,2,QB,337.0,300.72810695924005,2
00-0033106,2022_02_WAS_DET,2022,2,QB,256.0,248.6710897203182,2
00-0033119,2022_02_NYJ_CLE,2022,2,QB,229.0,212.12552207613436,2
00-0033662,2022_02_CIN_DAL,2022,2,QB,235.0,225.1704643396855,2
00-0033869,2022_02_NE_PIT,2022,2,QB,168.0,222.3442856340039,2
00-0033873,2022_02_LAC_KC,2022,2,QB,235.0,286.49465248468385,2
00-0034796,2022_02_MIA_BAL,2022,2,QB,318.0,229.26691770533978,2
00-0034855,2022_02_CAR_NYG,2022,2,QB,145.0,250.23034275089228,2
00-0034857,2022_02_TEN_BUF,2022,2,QB,317.0,249.59381467100957,2
00-0035228,2022_02_ARI_LV,2022,2,QB,277.0,252.10211385169907,2
00-0035710,2022_02_CAR_NYG,2022,2,QB,176.0,242.63714554309482,2
00-0036212,2022_02_MIA_BAL,2022,2,QB,469.0,264.84515234679577,2
00-0036355,2022_02_LAC_KC,2022,2,QB,334.0,285.791144494615,2
00-0036389,2022_02_MIN_PHI,2022,2,QB,333.0,240.97439862242007,2
00-0036442,2022_02_CIN_DAL,2022,2,QB,199.0,248.31905363417576,2
00-0036898,2022_02_HOU_DEN,2022,2,QB,177.0,244.33604790488556,2
00-0036945,2022_02_CHI_GB,2022,2,QB,70.0,232.83718157319583,2
00-0036971,2022_02_IND_JAX,2022,2,QB,235.0,262.02257442790824,2
00-0036972,2022_02_NE_PIT,2022,2,QB,252.0,241.62346936775236,2
00-0019596,2022_03_GB_TB,2022,3,QB,271.0,238.8647979033867,2
00-0023459,2022_03_GB_TB,2022,3,QB,255.0,233.21738127782413,2
00-0026143,2022_03_KC_IND,2022,3,QB,222.0,257.40025493031095,2
00-0026158,2022_03_CIN_NYJ,2022,3,QB,285.0,262.99724949806694,2
00-0026498,2022_03_LA_ARI,2022,3,QB,249.0,270.3757911920089,2
00-0029263,2022_03_SF_DEN,2022,3,QB,184.0,248.0555038636019,2
00-0029604,2022_03_DET_MIN,2022,3,QB,260.0,256.2277057629295,2
00-0029701,2022_03_LV_TEN,2022,3,QB,264.0,239.14281265982373,2
00-0030565,2022_03_ATL_SEA,2022,3,QB,325.0,258.782279199344,2
00-0031280,2022_03_LV_TEN,2022,3,QB,303.0,253.86053691031066,2
00-0031345,2022_03_SF_DEN,2022,3,QB,211.0,221.45558364627243,2
00-0031503,2022_03_NO_CAR,2022,3,QB,353.0,240.45957520152027,2
00-0032268,2022_03_ATL_SEA,2022,3,QB,229.0,239.52106976281783,2
00-0032950,2022_03_PHI_WAS,2022,3,QB,211.0,281.88515484697143,2
00-0033106,2022_03_DET_MIN,2022,3,QB,277.0,266.0272230214967,2
00-0033119,2022_03_PIT_CLE,2022,3,QB,220.0,235.11404623996293,2
00-0033662,2022_03_DAL_NYG,2022,3,QB,215.0,240.24139282733455,2
00-0033869,2022_03_PIT_CLE,2022,3,QB,207.0,229.12299238815427,2
00-0033873,2022_03_KC_IND,2022,3,QB,262.0,289.9622196525043,2
00-0034796,2022_03_BAL_NE,2022,3,QB,218.0,243.25511943018168,2
00-0034855,2022_03_NO_CAR,2022,3,QB,170.0,223.02950502101237,2
00-0034857,2022_03_BUF_MIA,2022,3,QB,400.0,289.57561424983254,2
00-0035228,2022_03_LA_ARI,2022,3,QB,314.0,254.26194770855804,2
00-0035710,2022_03_DAL_NYG,2022,3,QB,196.0,230.7817912652687,2
00-0036212,2022_03_BUF_MIA,2022,3,QB,186.0,264.16439012029474,2
00-0036355,2022_03_JAX_LAC,2022,3,QB,297.0,279.0597065664756,2
00-0036389,2022_03_PHI_WAS,2022,3,QB,340.0,261.4439617774407,2
00-0036442,2022_03_CIN_NYJ,2022,3,QB,275.0,255.53864211186755,2
00-0036898,2022_03_HOU_CHI,2022,3,QB,245.0,219.06814765469034,2
00-0036945,2022_03_HOU_CHI,2022,3,QB,106.0,213.98977114852846,2
00-0036971,2022_03_JAX_LAC,2022,3,QB,262.0,270.7601164049463,2
00-0036972,2022_03_BAL_NE,2022,3,QB,321.0,251.4422206332288,2
00-0019596,2022_04_KC_TB,2022,4,QB,385.0,260.7349051073154,2
00-0023459,2022_04_NE_GB,2022,4,QB,251.0,254.58551673071435,2
00-0026143,2022_04_TEN_IND,2022,4,QB,356.0,250.3132199194686,2
00-0026498,2022_04_LA_SF,2022,4,QB,254.0,242.37665803449116,2
00-0027973,2022_04_MIN_NO,2022,4,QB,236.0,219.6963223287193,2
00-0029263,2022_04_DEN_LV,2022,4,QB,237.0,242.75783081727047,2
00-0029604,2022_04_MIN_NO,2022,4,QB,273.0,233.12252889713844,2
00-0029701,2022_04_TEN_IND,2022,4,QB,137.0,239.0852857277132,2
00-0030565,2022_04_SEA_DET,2022,4,QB,320.0,268.66428777408447,2
00-0031237,2022_04_MIA_CIN,2022,4,QB,193.0,111.14613171685647,2
00-0031280,2022_04_DEN_LV,2022,4,QB,188.0,259.9706997251134,2
00-0031345,2022_04_LA_SF,2022,4,QB,239.0,246.99833473698084,2
00-0032268,2022_04_CLE_ATL,2022,4,QB,139.0,249.11829935223247,2
00-0032950,2022_04_WAS_DAL,2022,4,QB,170.0,261.5031011800952,2
00-0033106,2022_04_SEA_DET,2022,4,QB,378.0,266.3751423183272,2
00-0033119,2022_04_CLE_ATL,2022,4,QB,234.0,247.5972628495455,2
00-0033662,2022_04_WAS_DAL,2022,4,QB,223.0,251.23090871509726,2
00-0033869,2022_04_NYJ_PIT,2022,4,QB,84.0,127.07359016623174,2
00-0033873,2022_04_KC_TB,2022,4,QB,249.0,273.6692727188368,2
00-0034796,2022_04_BUF_BAL,2022,4,QB,144.0,229.43595159246485,2
00-0034855,2022_04_ARI_CAR,2022,4,QB,197.0,234.35320089288996,2
00-0034857,2022_04_BUF_BAL,2022,4,QB,213.0,283.54766958300695,2
00-0035228,2022_04_ARI_CAR,2022,4,QB,207.0,232.86839395089035,2
00-0035710,2022_04_CHI_NYG,2022,4,QB,71.0,187.5703273781363,2
00-0036212,2022_04_MIA_CIN,2022,4,QB,110.0,179.3595085280227,2
00-0036355,2022_04_LAC_HOU,2022,4,QB,340.0,275.73683545814094,2
00-0036389,2022_04_JAX_PHI,2022,4,QB,204.0,247.19584264071287,2
00-0036442,2022_04_MIA_CIN,2022,4,QB,287.0,272.4423693114724,2
00-0036898,2022_04_LAC_HOU,2022,4,QB,246.0,245.56149919991276,2
00-0036945,2022_04_CHI_NYG,2022,4,QB,174.0,206.01905299192535,2
00-0036971,2022_04_JAX_PHI,2022,4,QB,174.0,254.00739698662107,2
00-0037013,2022_04_NYJ_PIT,2022,4,QB,252.0,208.7502762902742,2
00-0038102,2022_04_NYJ_PIT,2022,4,QB,120.0,114.60692287676834,2
00-0038108,2022_04_NE_GB,2022,4,QB,99.0,137.0576429799009,2
00-0019596,2022_05_ATL_TB,2022,5,QB,351.0,280.1760101210646,2
00-0023459,2022_05_NYG_GB,2022,5,QB,222.0,247.13426777147046,2
00-0026143,2022_05_IND_DEN,2022,5,QB,251.0,246.6353952087553,2
00-0026498,2022_05_DAL_LA,2022,5,QB,308.0,239.31681975135592,2
00-0027973,2022_05_SEA_NO,2022,5,QB,187.0,231.04545087152474,2
00-0029263,2022_05_IND_DEN,2022,5,QB,274.0,232.7693507970178,2
00-0029604,2022_05_CHI_MIN,2022,5,QB,296.0,254.73778878874572,2
00-0029701,2022_05_TEN_WAS,2022,5,QB,181.0,245.8594181324114,2
00-0030565,2022_05_SEA_NO,2022,5,QB,268.0,260.4685641466349,2
00-0031280,2022_05_LV_KC,2022,5,QB,241.0,250.41290023093939,2
00-0031345,2022_05_SF_CAR,2022,5,QB,253.0,241.0121287113769,2
00-0032268,2022_05_ATL_TB,2022,5,QB,147.0,220.27770800525275,2
00-0032950,2022_05_TEN_WAS,2022,5,QB,359.0,250.7309889124094,2
00-0033106,2022_05_DET_NE,2022,5,QB,229.0,274.29349745642526,2
00-0033119,2022_05_LAC_CLE,2022,5,QB,230.0,254.09475744878247,2
00-0033275,2022_05_SF_CAR,2022,5,QB,60.0,106.42336970877793,2
00-0033662,2022_05_DAL_LA,2022,5,QB,102.0,252.63022452867176,2
00-0033873,2022_05_LV_KC,2022,5,QB,292.0,279.25373536464696,2
00-0034796,2022_05_CIN_BAL,2022,5,QB,174.0,217.78381774541282,2
00-0034855,2022_05_SF_CAR,2022,5,QB,215.0,193.6711677289625,2
00-0034857,2022_05_PIT_BUF,2022,5,QB,424.0,262.4234813362972,2
00-0035228,2022_05_PHI_ARI,2022,5,QB,250.0,249.57709207605265,2
00-0035710,2022_05_NYG_GB,2022,5,QB,217.0,228.59794982680512,2
00-0036355,2022_05_LAC_CLE,2022,5,QB,228.0,280.0442471167619,2
00-0036389,2022_05_PHI_ARI,2022,5,QB,239.0,273.87684852756735,2
00-0036442,2022_05_CIN_BAL,2022,5,QB,217.0,270.8684502699497,2
00-0036898,2022_05_HOU_JAX,2022,5,QB,140.0,244.9096825492931,2
00-0036945,2022_05_CHI_MIN,2022,5,QB,208.0,213.81993813833714,2
00-0036971,2022_05_HOU_JAX,2022,5,QB,286.0,237.1965921709334,2
00-0037013,2022_05_MIA_NYJ,2022,5,QB,210.0,215.3421912557725,2
00-0037327,2022_05_MIA_NYJ,2022,5,QB,166.0,240.20680790482413,2
00-0038102,2022_05_PIT_BUF,2022,5,QB,327.0,213.37745144985934,2
00-0038108,2022_05_DET_NE,2022,5,QB,188.0,250.05826782810547,2
00-0019596,2022_06_TB_PIT,2022,6,QB,243.0,277.34565719556616,2
00-0023459,2022_06_NYJ_GB,2022,6,QB,246.0,249.95704838216764,2
00-0026143,2022_06_JAX_IND,2022,6,QB,389.0,240.325225437462,2
00-0026498,2022_06_CAR_LA,2022,6,QB,253.0,253.26214173257574,2
00-0027973,2022_06_CIN_NO,2022,6,QB,162.0,203.66909966547888,2
00-0029263,2022_06_DEN_LAC,2022,6,QB,188.0,219.84988512960427,2
00-0029604,2022_06_MIN_MIA,2022,6,QB,175.0,257.78988581712383,2
00-0030565,2022_06_ARI_SEA,2022,6,QB,197.0,272.0200610681293,2
00-0031237,2022_06_MIN_MIA,2022,6,QB,329.0,129.11291688638846,2
00-0031345,2022_06_SF_ATL,2022,6,QB,296.0,254.87216093969155,2
00-0032268,2022_06_SF_ATL,2022,6,QB,129.0,213.15296331245963,2
00-0032950,2022_06_WAS_CHI,2022,6,QB,99.0,255.35231951347984,2
00-0033119,2022_06_NE_CLE,2022,6,QB,266.0,237.91607156707602,2
00-0033275,2022_06_CAR_LA,2022,6,QB,60.0,136.95512784244875,2
00-0033662,2022_06_DAL_PHI,2022,6,QB,181.0,228.61286253258243,2
00-0033869,2022_06_TB_PIT,2022,6,QB,144.0,127.38805623925174,2
00-0033873,2022_06_BUF_KC,2022,6,QB,338.0,279.53757057045755,2
00-0034796,2022_06_BAL_NYG,2022,6,QB,210.0,229.72094384055984,2
00-0034857,2022_06_BUF_KC,2022,6,QB,329.0,285.57563843012025,2
00-0035228,2022_06_ARI_SEA,2022,6,QB,222.0,244.97173621826386,2
00-0035710,2022_06_BAL_NYG,2022,6,QB,173.0,239.67266556142118,2
00-0036355,2022_06_DEN_LAC,2022,6,QB,238.0,269.5165213453462,2
00-0036389,2022_06_DAL_PHI,2022,6,QB,155.0,242.75461940734326,2
00-0036442,2022_06_CIN_NO,2022,6,QB,300.0,271.99273156941183,2
00-0036945,2022_06_WAS_CHI,2022,6,QB,190.0,224.31323904714293,2
00-0036971,2022_06_JAX_IND,2022,6,QB,165.0,230.98264184606572,2
00-0037013,2022_06_NYJ_GB,2022,6,QB,110.0,192.1294420787317,2
00-0038102,2022_06_TB_PIT,2022,6,QB,67.0,131.50744187897914,2
00-0038108,2022_06_NE_CLE,2022,6,QB,309.0,238.67246498665185,2
00-0019596,2022_07_TB_CAR,2022,7,QB,290.0,259.3451385083406,2
00-0023459,2022_07_GB_WAS,2022,7,QB,194.0,240.0148890889001,2
00-0026143,2022_07_IND_TEN,2022,7,QB,243.0,254.9331644028758,2
00-0027973,2022_07_NO_ARI,2022,7,QB,361.0,240.24842317582372,2
00-0029701,2022_07_IND_TEN,2022,7,QB,132.0,229.9706458360235,2
00-0030565,2022_07_SEA_LAC,2022,7,QB,210.0,267.94365924487045,2
00-0031280,2022_07_HOU_LV,2022,7,QB,241.0,230.67209863334116,2
00-0031345,2022_07_KC_SF,2022,7,QB,303.0,232.6300037797203,2
00-0031800,2022_07_GB_WAS,2022,7,QB,201.0,199.65863260493865,2
00-0032268,2022_07_ATL_CIN,2022,7,QB,124.0,221.31811580071076,2
00-0033077,2022_07_DET_DAL,2022,7,QB,207.0,234.01964787013085,2
00-0033106,2022_07_DET_DAL,2022,7,QB,228.0,250.30039426279538,2
00-0033119,2022_07_CLE_BAL,2022,7,QB,258.0,242.5060856533682,2
00-0033275,2022_07_TB_CAR,2022,7,QB,177.0,117.64438986963994,2
00-0033873,2022_07_KC_SF,2022,7,QB,423.0,261.7854443956041,2
00-0034796,2022_07_CLE_BAL,2022,7,QB,120.0,225.60526986664692,2
00-0034955,2022_07_NYJ_DEN,2022,7,QB,225.0,207.08934277291598,2
00-0035228,2022_07_NO_ARI,2022,7,QB,204.0,237.87531894669357,2
00-0035710,2022_07_NYG_JAX,2022,7,QB,202.0,233.35764404007227,2
00-0036212,2022_07_PIT_MIA,2022,7,QB,261.0,244.8412626620309,2
00-0036355,2022_07_SEA_LAC,2022,7,QB,293.0,280.5286474832191,2
00-0036442,2022_07_ATL_CIN,2022,7,QB,481.0,275.2087347791038,2
00-0036898,2022_07_HOU_LV,2022,7,QB,302.0,228.74844181741062,2
00-0036945,2022_07_CHI_NE,2022,7,QB,179.0,215.98746709973625,2
00-0036971,2022_07_NYG_JAX,2022,7,QB,310.0,250.41458181740305,2
00-0036972,2022_07_CHI_NE,2022,7,QB,13.0,162.032768136662,2
00-0037013,2022_07_NYJ_DEN,2022,7,QB,121.0,183.57861949267908,2
00-0038102,2022_07_PIT_MIA,2022,7,QB,257.0,231.48792359639492,2
00-0038108,2022_07_CHI_NE,2022,7,QB,185.0,152.3982204077085,2
00-0019596,2022_08_BAL_TB,2022,8,QB,325.0,266.0207981314739,2
00-0023459,2022_08_GB_BUF,2022,8,QB,203.0,243.42256981519532,2
00-0026498,2022_08_SF_LA,2022,8,QB,187.0,233.75687645546796,2
00-0027973,2022_08_LV_NO,2022,8,QB,229.0,230.3195520330086,2
00-0029263,2022_08_DEN_JAX,2022,8,QB,252.0,210.88156546761047,2
00-0029604,2022_08_ARI_MIN,2022,8,QB,232.0,250.44535604572553,2
00-0030565,2022_08_NYG_SEA,2022,8,QB,212.0,254.04827333724015,2
00-0031280,2022_08_LV_NO,2022,8,QB,101.0,204.22912136212423,2
00-0031345,2022_08_SF_LA,2022,8,QB,235.0,240.25244561194518,2
00-0031800,2022_08_WAS_IND,2022,8,QB,279.0,218.9782982095924,2
00-0032268,2022_08_CAR_ATL,2022,8,QB,253.0,233.4564771380743,2
00-0033077,2022_08_CHI_DAL,2022,8,QB,250.0,216.96307401405576,2
00-0033106,2022_08_MIA_DET,2022,8,QB,321.0,277.59238525574824,2
00-0033119,2022_08_CIN_CLE,2022,8,QB,278.0,228.08466857019917,2
00-0033275,2022_08_CAR_ATL,2022,8,QB,317.0,157.34621979529206,2
00-0034796,2022_08_BAL_TB,2022,8,QB,238.0,216.2591156919085,2
00-0034857,2022_08_GB_BUF,2022,8,QB,218.0,251.12070884380054,2
00-0035228,2022_08_ARI_MIN,2022,8,QB,326.0,244.181980530162,2
00-0035710,2022_08_NYG_SEA,2022,8,QB,176.0,235.8527594362671,2
00-0036212,2022_08_MIA_DET,2022,8,QB,382.0,273.7129677489546,2
00-0036389,2022_08_PIT_PHI,2022,8,QB,285.0,211.13341582996085,2
00-0036442,2022_08_CIN_CLE,2022,8,QB,232.0,279.4065140714213,2
00-0036879,2022_08_WAS_IND,2022,8,QB,201.0,226.49992678782039,2
00-0036898,2022_08_TEN_HOU,2022,8,QB,152.0,246.26743829722525,2
00-0036945,2022_08_CHI_DAL,2022,8,QB,151.0,207.99858717862344,2
00-0036971,2022_08_DEN_JAX,2022,8,QB,133.0,224.1000296258322,2
00-0036972,2022_08_NE_NYJ,2022,8,QB,194.0,214.47904822724843,2
00-0037013,2022_08_NE_NYJ,2022,8,QB,355.0,193.64897807070577,2
00-0038102,2022_08_PIT_PHI,2022,8,QB,191.0,211.5170083811481,2
00-0038128,2022_08_TEN_HOU,2022,8,QB,55.0,209.93780707219935,2
00-0019596,2022_09_LA_TB,2022,9,QB,280.0,255.9136242075789,2
00-0023459,2022_09_GB_DET,2022,9,QB,291.0,264.98633710830774,2
00-0026498,2022_09_LA_TB,2022,9,QB,165.0,255.12860521758125,2
00-0027973,2022_09_BAL_NO,2022,9,QB,210.0,243.67325964020893,2
00-0029604,2022_09_MIN_WAS,2022,9,QB,265.0,240.38475065548644,2
00-0030565,2022_09_SEA_ARI,2022,9,QB,275.0,255.90427361342702,2
00-0031280,2022_09_LV_JAX,2022,9,QB,259.0,233.75534162228539,2
00-0031800,2022_09_MIN_WAS,2022,9,QB,149.0,223.68018632961312,2
00-0032268,2022_09_LAC_ATL,2022,9,QB,129.0,241.9992236197868,2
00-0033106,2022_09_GB_DET,2022,9,QB,137.0,243.3443839689234,2
00-0033275,2022_09_CAR_CIN,2022,9,QB,9.0,130.9105360425699,2
00-0033873,2022_09_TEN_KC,2022,9,QB,446.0,270.6621692097174,2
00-0034796,2022_09_BAL_NO,2022,9,QB,133.0,235.40297719225308,2
00-0034855,2022_09_CAR_CIN,2022,9,QB,155.0,124.85058846249595,2
00-0034857,2022_09_BUF_NYJ,2022,9,QB,205.0,257.92983551773966,2
00-0035228,2022_09_SEA_ARI,2022,9,QB,175.0,241.99198622128102,2
00-0036212,2022_09_MIA_CHI,2022,9,QB,302.0,264.2137651411393,2
00-0036355,2022_09_LAC_ATL,2022,9,QB,245.0,259.86332159096713,2
00-0036389,2022_09_PHI_HOU,2022,9,QB,243.0,249.7894693725715,2
00-0036442,2022_09_CAR_CIN,2022,9,QB,206.0,208.69927883141514,2
00-0036879,2022_09_IND_NE,2022,9,QB,103.0,226.1827602120147,2
00-0036898,2022_09_PHI_HOU,2022,9,QB,154.0,241.0759934569345,2
00-0036945,2022_09_MIA_CHI,2022,9,QB,123.0,219.55292029419624,2
00-0036971,2022_09_LV_JAX,2022,9,QB,235.0,239.59062305632656,2
00-0036972,2022_09_IND_NE,2022,9,QB,147.0,211.2422070697233,2
00-0037013,2022_09_BUF_NYJ,2022,9,QB,154.0,192.5455912127993,2
00-0038128,2022_09_TEN_KC,2022,9,QB,80.0,192.32092669716985,2
00-0019596,2022_10_SEA_TB,2022,10,QB,258.0,253.38047921072214,2
00-0023459,2022_10_DAL_GB,2022,10,QB,224.0,231.82097877078184,2
00-0026143,2022_10_IND_LV,2022,10,QB,222.0,252.05125617804418,2
00-0027688,2022_10_ARI_LA,2022,10,QB,238.0,202.3189062549556,2
00-0027973,2022_10_NO_PIT,2022,10,QB,174.0,216.13831676919196,2
00-0029263,2022_10_DEN_TEN,2022,10,QB,286.0,201.96673503869965,2
00-0029604,2022_10_MIN_BUF,2022,10,QB,357.0,220.99657999153658,2
00-0029701,2022_10_DEN_TEN,2022,10,QB,255.0,197.99167372007133,2
00-0030565,2022_10_SEA_TB,2022,10,QB,275.0,251.91625932692688,2
00-0031280,2022_10_IND_LV,2022,10,QB,248.0,233.7993257224912,2
00-0031345,2022_10_LAC_SF,2022,10,QB,240.0,237.99857809630308,2
00-0031800,2022_10_WAS_PHI,2022,10,QB,211.0,204.2313192466004,2
00-0032268,2022_10_ATL_CAR,2022,10,QB,186.0,216.41429098060664,2
00-0033077,2022_10_DAL_GB,2022,10,QB,265.0,203.1912101811221,2
00-0033106,2022_10_DET_CHI,2022,10,QB,236.0,227.79775554537352,2
00-0033119,2022_10_CLE_MIA,2022,10,QB,212.0,245.15475337488525,2
00-0033275,2022_10_ATL_CAR,2022,10,QB,108.0,123.76426773722845,2
00-0033873,2022_10_JAX_KC,2022,10,QB,331.0,289.5085407771197,2
00-0034857,2022_10_MIN_BUF,2022,10,QB,330.0,253.98979869502386,2
00-0034899,2022_10_ARI_LA,2022,10,QB,212.0,200.75355255038858,2
00-0035710,2022_10_HOU_NYG,2022,10,QB,197.0,186.65065090176995,2
00-0036212,2022_10_CLE_MIA,2022,10,QB,285.0,266.6863944630046,2
00-0036355,2022_10_LAC_SF,2022,10,QB,196.0,253.1833166890763,2
00-0036389,2022_10_WAS_PHI,2022,10,QB,175.0,247.6730688041006,2
00-0036898,2022_10_HOU_NYG,2022,10,QB,319.0,223.99048005701536,2
00-0036945,2022_10_DET_CHI,2022,10,QB,167.0,225.1364954946672,2
00-0036971,2022_10_JAX_KC,2022,10,QB,259.0,243.70708772469428,2
00-0038102,2022_10_NO_PIT,2022,10,QB,199.0,200.04999840216007,2
00-0023459,2022_11_TEN_GB,2022,11,QB,227.0,226.55392999779417,2
00-0026143,2022_11_PHI_IND,2022,11,QB,213.0,258.87536591368496,2
00-0026498,2022_11_LA_NO,2022,11,QB,159.0,139.42023215438257,2
00-0027688,2022_11_SF_ARI,2022,11,QB,218.0,167.99585252631294,2
00-0027973,2022_11_LA_NO,2022,11,QB,260.0,142.88358369656225,2
00-0029263,2022_11_LV_DEN,2022,11,QB,247.0,197.37402504804345,2
00-0029604,2022_11_DAL_MIN,2022,11,QB,105.0,212.41227572119035,2
00-0029701,2022_11_TEN_GB,2022,11,QB,333.0,203.5650726221781,2
00-0031280,2022_11_LV_DEN,2022,11,QB,307.0,207.99262850908787,2
00-0031345,2022_11_SF_ARI,2022,11,QB,228.0,229.84497572325384,2
00-0031800,2022_11_WAS_HOU,2022,11,QB,191.0,206.723065322788,2
00-0032268,2022_11_CHI_ATL,2022,11,QB,131.0,240.2318405609887,2
00-0033077,2022_11_DAL_MIN,2022,11,QB,276.0,232.39076858315266,2
00-0033106,2022_11_DET_NYG,2022,11,QB,165.0,215.05122864439994,2
00-0033119,2022_11_CLE_BUF,2022,11,QB,324.0,245.8734950165433,2
00-0033873,2022_11_KC_LAC,2022,11,QB,329.0,304.6760625620661,2
00-0034796,2022_11_CAR_BAL,2022,11,QB,209.0,213.1156307656594,2
00-0034855,2022_11_CAR_BAL,2022,11,QB,196.0,208.99783482880505,2
00-0034857,2022_11_CLE_BUF,2022,11,QB,197.0,278.3259069328466,2
00-0035710,2022_11_DET_NYG,2022,11,QB,341.0,207.11303069429644,2
00-0035939,2022_11_LA_NO,2022,11,QB,64.0,106.92002895048725,2
00-0036355,2022_11_KC_LAC,2022,11,QB,280.0,266.9599006271994,2
00-0036389,2022_11_PHI_IND,2022,11,QB,190.0,247.4557478775978,2
00-0036442,2022_11_CIN_PIT,2022,11,QB,355.0,225.71996553160966,2
00-0036898,2022_11_WAS_HOU,2022,11,QB,169.0,240.98007763834045,2
00-0036945,2022_11_CHI_ATL,2022,11,QB,153.0,257.08546115277346,2
00-0036972,2022_11_NYJ_NE,2022,11,QB,246.0,211.87154378925507,2
00-0037013,2022_11_NYJ_NE,2022,11,QB,77.0,203.52481944717587,2
00-0038102,2022_11_CIN_PIT,2022,11,QB,265.0,195.7670509015742,2
00-0019596,2022_12_TB_CLE,2022,12,QB,246.0,232.75075338333048,2
00-0023459,2022_12_GB_PHI,2022,12,QB,140.0,176.15395378129313,2
00-0026143,2022_12_PIT_IND,2022,12,QB,199.0,244.47415367496788,2
00-0027973,2022_12_NO_SF,2022,12,QB,204.0,217.6843998282656,2
00-0029263,2022_12_DEN_CAR,2022,12,QB,142.0,192.5142076541956,2
00-0029604,2022_12_NE_MIN,2022,12,QB,299.0,239.07317684433383,2
00-0029701,2022_12_CIN_TEN,2022,12,QB,291.0,216.05682611120713,2
00-0030565,2022_12_LV_SEA,2022,12,QB,328.0,245.3294205235016,2
00-0031280,2022_12_LV_SEA,2022,12,QB,295.0,235.15109138903318,2
00-0031345,2022_12_NO_SF,2022,12,QB,222.0,255.44651377518937,2
00-0031800,2022_12_ATL_WAS,2022,12,QB,138.0,204.46820343272742,2
00-0032156,2022_12_CHI_NYJ,2022,12,QB,179.0,194.65153007640617,2
00-0032268,2022_12_ATL_WAS,2022,12,QB,174.0,215.05229581518793,2
00-0033077,2022_12_NYG_DAL,2022,12,QB,261.0,242.12528711049492,2
00-0033106,2022_12_BUF_DET,2022,12,QB,240.0,238.6653325660738,2
00-0033119,2022_12_TB_CLE,2022,12,QB,210.0,237.1446132497552,2
00-0033873,2022_12_LA_KC,2022,12,QB,320.0,272.347196049045,2
00-0034401,2022_12_CHI_NYJ,2022,12,QB,315.0,187.21793581752382,2
00-0034577,2022_12_HOU_MIA,2022,12,QB,215.0,193.55406218586958,2
00-0034796,2022_12_BAL_JAX,2022,12,QB,254.0,203.10265913761125,2
00-0034857,2022_12_BUF_DET,2022,12,QB,253.0,303.5523679425543,2
00-0034869,2022_12_DEN_CAR,2022,12,QB,164.0,188.547442916995,2
00-0035228,2022_12_LAC_ARI,2022,12,QB,191.0,256.3034185616541,2
00-0035710,2022_12_NYG_DAL,2022,12,QB,228.0,225.2636316292573,2
00-0035939,2022_12_LA_KC,2022,12,QB,100.0,181.38084841678682,2
00-0036212,2022_12_HOU_MIA,2022,12,QB,299.0,176.47889094105687,2
00-0036355,2022_12_LAC_ARI,2022,12,QB,274.0,264.3286232489957,2
00-0036389,2022_12_GB_PHI,2022,12,QB,153.0,222.41756045938382,2
00-0036442,2022_12_CIN_TEN,2022,12,QB,270.0,258.2086896497421,2
00-0036971,2022_12_BAL_JAX,2022,12,QB,321.0,230.66715290239853,2
00-0036972,2022_12_NE_MIN,2022,12,QB,382.0,233.96320719735138,2
00-0038102,2022_12_PIT_IND,2022,12,QB,174.0,232.0649367514238,2
00-0019596,2022_13_NO_TB,2022,13,QB,281.0,266.76385018832923,2
00-0023459,2022_13_GB_CHI,2022,13,QB,182.0,231.22594083186445,2
00-0026143,2022_13_IND_DAL,2022,13,QB,233.0,245.7743889692948,2
00-0027973,2022_13_NO_TB,2022,13,QB,229.0,222.40884766894965,2
00-0029263,2022_13_DEN_BAL,2022,13,QB,189.0,213.9363270056322,2
00-0029604,2022_13_NYJ_MIN,2022,13,QB,173.0,244.64836363155504,2
00-0029701,2022_13_TEN_PHI,2022,13,QB,141.0,183.35048017867382,2
00-0030565,2022_13_SEA_LA,2022,13,QB,367.0,258.1442408764784,2
00-0031280,2022_13_LAC_LV,2022,13,QB,250.0,259.1285281360818,2
00-0031800,2022_13_WAS_NYG,2022,13,QB,275.0,208.40497924189867,2
00-0032268,2022_13_PIT_ATL,2022,13,QB,167.0,230.69862509112954,2
00-0033077,2022_13_IND_DAL,2022,13,QB,170.0,247.5123780225824,2
00-0033106,2022_13_JAX_DET,2022,13,QB,340.0,253.5541884620819,2
00-0033537,2022_13_CLE_HOU,2022,13,QB,131.0,227.01603284573645,2
00-0033873,2022_13_KC_CIN,2022,13,QB,223.0,287.9995765119428,2
00-0034401,2022_13_NYJ_MIN,2022,13,QB,369.0,277.297956305795,2
00-0034577,2022_13_CLE_HOU,2022,13,QB,201.0,249.30886841754267,2
00-0034857,2022_13_BUF_NE,2022,13,QB,223.0,262.756953987169,2
00-0034899,2022_13_SEA_LA,2022,13,QB,178.0,229.24071050860823,2
00-0035710,2022_13_WAS_NYG,2022,13,QB,200.0,213.95062618918354,2
00-0035993,2022_13_DEN_BAL,2022,13,QB,187.0,167.02938810362855,2
00-0036212,2022_13_MIA_SF,2022,13,QB,295.0,251.58655039120103,2
00-0036355,2022_13_LAC_LV,2022,13,QB,335.0,271.8414798770982,2
00-0036389,2022_13_TEN_PHI,2022,13,QB,380.0,226.27483841048422,2
00-0036442,2022_13_KC_CIN,2022,13,QB,286.0,283.2304421063215,2
00-0036945,2022_13_GB_CHI,2022,13,QB,254.0,214.0013435208366,2
00-0036971,2022_13_JAX_DET,2022,13,QB,179.0,263.7475185228675,2
00-0036972,2022_13_BUF_NE,2022,13,QB,195.0,227.50904428912165,2
00-0037834,2022_13_MIA_SF,2022,13,QB,210.0,195.82360936939122,2
00-0038102,2022_13_PIT_ATL,2022,13,QB,197.0,239.69403614541508,2
00-0019596,2022_14_TB_SF,2022,14,QB,253.0,236.74449562102714,2
00-0027688,2022_14_NE_ARI,2022,14,QB,246.0,214.47603240099966,2
00-0029263,2022_14_KC_DEN,2022,14,QB,247.0,191.6488121586092,2
00-0029604,2022_14_MIN_DET,2022,14,QB,425.0,260.8014016187063,2
00-0029701,2022_14_JAX_TEN,2022,14,QB,254.0,235.51146597333957,2
00-0030565,2022_14_CAR_SEA,2022,14,QB,264.0,264.9278318828581,2
00-0031280,2022_14_LV_LA,2022,14,QB,137.0,249.55572205271596,2
00-0032436,2022_14_HOU_DAL,2022,14,QB,38.0,118.34148787356071,2
00-0033077,2022_14_HOU_DAL,2022,14,QB,284.0,244.18408819262368,2
00-0033106,2022_14_MIN_DET,2022,14,QB,330.0,265.45209648483905,2
00-0033537,2022_14_CLE_CIN,2022,14,QB,276.0,202.83624079909282,2
00-0033869,2022_14_BAL_PIT,2022,14,QB,276.0,171.48093164588988,2
00-0033873,2022_14_KC_DEN,2022,14,QB,352.0,280.02742776362936,2
00-0034401,2022_14_NYJ_BUF,2022,14,QB,268.0,202.0764329345465,2
00-0034855,2022_14_LV_LA,2022,14,QB,230.0,221.4680998764775,2
00-0034857,2022_14_NYJ_BUF,2022,14,QB,147.0,231.73729810198537,2
00-0034869,2022_14_CAR_SEA,2022,14,QB,120.0,235.99912775990052,2
00-0035710,2022_14_PHI_NYG,2022,14,QB,169.0,178.46975851349512,2
00-0035993,2022_14_BAL_PIT,2022,14,QB,88.0,148.1292278987541,2
00-0036212,2022_14_MIA_LAC,2022,14,QB,145.0,289.1062453621429,2
00-0036355,2022_14_MIA_LAC,2022,14,QB,367.0,291.6649752939296,2
00-0036389,2022_14_PHI_NYG,2022,14,QB,217.0,226.91822864207023,2
00-0036442,2022_14_CLE_CIN,2022,14,QB,239.0,264.7070092425493,2
00-0036898,2022_14_HOU_DAL,2022,14,QB,175.0,120.3264866532179,2
00-0036971,2022_14_JAX_TEN,2022,14,QB,368.0,247.75020249390207,2
00-0036972,2022_14_NE_ARI,2022,14,QB,235.0,249.46341772556053,2
00-0037175,2022_14_BAL_PIT,2022,14,QB,16.0,103.60531522391636,2
00-0037834,2022_14_TB_SF,2022,14,QB,185.0,180.9381177608289,2
00-0019596,2022_15_CIN_TB,2022,15,QB,312.0,252.6216696089782,2
00-0023459,2022_15_LA_GB,2022,15,QB,229.0,219.64818550490466,2
00-0026143,2022_15_IND_MIN,2022,15,QB,182.0,264.3141953515405,2
00-0027688,2022_15_ARI_DEN,2022,15,QB,78.0,108.97698947820118,2
00-0027973,2022_15_ATL_NO,2022,15,QB,151.0,212.75234125881292,2
00-0029604,2022_15_IND_MIN,2022,15,QB,460.0,265.93211266617055,2
00-0029701,2022_15_TEN_LAC,2022,15,QB,165.0,225.0497706265871,2
00-0030565,2022_15_SF_SEA,2022,15,QB,238.0,258.7769200311164,2
00-0031280,2022_15_NE_LV,2022,15,QB,231.0,240.35612533581127,2
00-0031800,2022_15_NYG_WAS,2022,15,QB,249.0,196.9592407442303,2
00-0033077,2022_15_DAL_JAX,2022,15,QB,256.0,262.12169926088717,2
00-0033106,2022_15_DET_NYJ,2022,15,QB,252.0,243.8615039531418,2
00-0033537,2022_15_BAL_CLE,2022,15,QB,161.0,185.99959664505056,2
00-0033869,2022_15_PIT_CAR,2022,15,QB,179.0,196.81002657443673,2
00-0033873,2022_15_KC_HOU,2022,15,QB,336.0,291.50788981125066,2
00-0034855,2022_15_LA_GB,2022,15,QB,111.0,194.93884499898985,2
00-0034857,2022_15_MIA_BUF,2022,15,QB,304.0,256.54346098122096,2
00-0034869,2022_15_PIT_CAR,2022,15,QB,225.0,203.75997735259975,2
00-0034955,2022_15_ARI_DEN,2022,15,QB,197.0,189.1421718408847,2
00-0035146,2022_15_ARI_DEN,2022,15,QB,95.0,85.17872316243808,2
00-0035710,2022_15_NYG_WAS,2022,15,QB,160.0,204.61253574808916,2
00-0035993,2022_15_BAL_CLE,2022,15,QB,138.0,195.83988647139594,2
00-0036212,2022_15_MIA_BUF,2022,15,QB,234.0,244.0563633823207,2
00-0036355,2022_15_TEN_LAC,2022,15,QB,313.0,279.7401585286474,2
00-0036389,2022_15_PHI_CHI,2022,15,QB,315.0,228.42263107636757,2
00-0036442,2022_15_CIN_TB,2022,15,QB,200.0,278.7469235837732,2
00-0036898,2022_15_KC_HOU,2022,15,QB,121.0,208.24651212766844,2
00-0036945,2022_15_PHI_CHI,2022,15,QB,152.0,180.8598124066342,2
00-0036971,2022_15_DAL_JAX,2022,15,QB,318.0,250.71271101459544,2
00-0036972,2022_15_NE_LV,2022,15,QB,112.0,239.99258653845274,2
00-0037013,2022_15_DET_NYJ,2022,15,QB,317.0,184.74160731904144,2
00-0037834,2022_15_SF_SEA,2022,15,QB,217.0,232.11488907551737,2
00-0038122,2022_15_ATL_NO,2022,15,QB,97.0,224.3590567206966,2
00-0019596,2022_16_TB_ARI,2022,16,QB,281.0,258.76744928868226,2
00-0023459,2022_16_GB_MIA,2022,16,QB,238.0,234.39329551474052,2
00-0027973,2022_16_NO_CLE,2022,16,QB,92.0,120.67029644407172,2
00-0029263,2022_16_DEN_LA,2022,16,QB,214.0,136.07170473057107,2
00-0029567,2022_16_LAC_IND,2022,16,QB,144.0,230.66858951095352,2
00-0029604,2022_16_NYG_MIN,2022,16,QB,299.0,277.32489713827886,2
00-0030565,2022_16_SEA_KC,2022,16,QB,215.0,266.92540818657017,2
00-0031280,2022_16_LV_PIT,2022,16,QB,174.0,192.8896627100918,2
00-0031800,2022_16_WAS_SF,2022,16,QB,166.0,151.02820828888707,2
00-0033077,2022_16_PHI_DAL,2022,16,QB,347.0,266.61086474146845,2
00-0033106,2022_16_DET_CAR,2022,16,QB,355.0,246.0423062544825,2
00-0033537,2022_16_NO_CLE,2022,16,QB,135.0,154.47306871300944,2
00-0033873,2022_16_SEA_KC,2022,16,QB,224.0,285.8787338912513,2
00-0034855,2022_16_DEN_LA,2022,16,QB,230.0,174.22258620533785,2
00-0034857,2022_16_BUF_CHI,2022,16,QB,172.0,239.06351633809328,2
00-0034869,2022_16_DET_CAR,2022,16,QB,250.0,219.45180074017244,2
00-0035146,2022_16_TB_ARI,2022,16,QB,217.0,195.0028877674195,2
00-0035289,2022_16_PHI_DAL,2022,16,QB,355.0,225.49880801466946,2
00-0035710,2022_16_NYG_MIN,2022,16,QB,334.0,257.7633061456513,2
00-0035752,2022_16_JAX_NYJ,2022,16,QB,90.0,98.7279389209979,2
00-0035993,2022_16_ATL_BAL,2022,16,QB,115.0,186.09341540670235,2
00-0036212,2022_16_GB_MIA,2022,16,QB,310.0,255.61834899594874,2
00-0036355,2022_16_LAC_IND,2022,16,QB,235.0,274.42290419360813,2
00-0036442,2022_16_CIN_NE,2022,16,QB,375.0,260.29594151264035,2
00-0036898,2022_16_HOU_TEN,2022,16,QB,178.0,169.42680519860133,2
00-0036945,2022_16_BUF_CHI,2022,16,QB,119.0,188.87857137618394,2
00-0036971,2022_16_JAX_NYJ,2022,16,QB,229.0,225.9041751934029,2
00-0036972,2022_16_CIN_NE,2022,16,QB,240.0,218.45289819061824,2
00-0037013,2022_16_JAX_NYJ,2022,16,QB,92.0,125.66787264980609,2
00-0037834,2022_16_WAS_SF,2022,16,QB,234.0,224.82388686456966,2
00-0038102,2022_16_LV_PIT,2022,16,QB,244.0,195.30658311381117,2
00-0038122,2022_16_ATL_BAL,2022,16,QB,218.0,185.64532297302304,2
00-0038128,2022_16_HOU_TEN,2022,16,QB,99.0,149.0912994080453,2
00-0019596,2022_17_CAR_TB,2022,17,QB,432.0,246.74006569542124,2
00-0023459,2022_17_MIN_GB,2022,17,QB,159.0,226.70210744496998,2
00-0027973,2022_17_NO_PHI,2022,17,QB,205.0,169.63302459229712,2
00-0029263,2022_17_DEN_KC,2022,17,QB,222.0,213.30697992566263,2
00-0029567,2022_17_IND_NYG,2022,17,QB,81.0,125.65609826357061,2
00-0029604,2022_17_MIN_GB,2022,17,QB,205.0,253.13945145479653,2
00-0030565,2022_17_NYJ_SEA,2022,17,QB,183.0,254.99334540368693,2
00-0031237,2022_17_MIA_NE,2022,17,QB,161.0,136.1307284621709,2
00-0032950,2022_17_CLE_WAS,2022,17,QB,143.0,206.77270674724102,2
00-0033077,2022_17_DAL_TEN,2022,17,QB,282.0,251.72677552677314,2
00-0033106,2022_17_CHI_DET,2022,17,QB,255.0,264.169312864428,2
00-0033537,2022_17_CLE_WAS,2022,17,QB,169.0,198.90881026771362,2
00-0033873,2022_17_DEN_KC,2022,17,QB,328.0,271.6905506650552,2
00-0033949,2022_17_DAL_TEN,2022,17,QB,232.0,194.6520190508063,2
00-0034401,2022_17_NYJ_SEA,2022,17,QB,240.0,231.26046673039824,2
00-0034855,2022_17_LA_LAC,2022,17,QB,132.0,229.2605909870427,2
00-0034869,2022_17_CAR_TB,2022,17,QB,341.0,232.42490610865815,2
00-0035040,2022_17_ARI_ATL,2022,17,QB,222.0,207.0458082651778,2
00-0035264,2022_17_SF_LV,2022,17,QB,365.0,202.0451955372782,2
00-0035289,2022_17_NO_PHI,2022,17,QB,274.0,232.10377232727927,2
00-0035710,2022_17_IND_NYG,2022,17,QB,177.0,184.47189412086556,2
00-0035993,2022_17_PIT_BAL,2022,17,QB,130.0,194.78390183156068,2
00-0036355,2022_17_LA_LAC,2022,17,QB,212.0,226.5854647128435,2
00-0036879,2022_17_IND_NYG,2022,17,QB,60.0,120.33419465403085,2
00-0036898,2022_17_JAX_HOU,2022,17,QB,202.0,210.29190113958268,2
00-0036945,2022_17_CHI_DET,2022,17,QB,75.0,254.03717521802247,2
00-0036971,2022_17_JAX_HOU,2022,17,QB,152.0,172.41068569213348,2
00-0036972,2022_17_MIA_NE,2022,17,QB,204.0,236.7669121585352,2
00-0037327,2022_17_MIA_NE,2022,17,QB,104.0,117.28687053405665,2
00-0037834,2022_17_SF_LV,2022,17,QB,284.0,222.5041413583958,2
00-0038102,2022_17_PIT_BAL,2022,17,QB,168.0,206.8418788399519,2
00-0038122,2022_17_ARI_ATL,2022,17,QB,169.0,220.95859775601988,2
00-0019596,2022_18_TB_ATL,2022,18,QB,84.0,196.25216795172955,2
00-0023459,2022_18_DET_GB,2022,18,QB,205.0,255.98570104970776,2
00-0026158,2022_18_NYJ_MIA,2022,18,QB,149.0,232.57556276811997,2
00-0027973,2022_18_CAR_NO,2022,18,QB,171.0,210.48864922528273,2
00-0029263,2022_18_LAC_DEN,2022,18,QB,283.0,225.26932382377535,2
00-0029604,2022_18_MIN_CHI,2022,18,QB,225.0,172.93276872620635,2
00-0030565,2022_18_LA_SEA,2022,18,QB,213.0,248.76870016100196,2
00-0033077,2022_18_DAL_WAS,2022,18,QB,128.0,239.89788455077834,2
00-0033106,2022_18_DET_GB,2022,18,QB,224.0,267.1111548353983,2
00-0033319,2022_18_MIN_CHI,2022,18,QB,116.0,101.77481148430246,2
00-0033537,2022_18_CLE_PIT,2022,18,QB,230.0,198.45386387121056,2
00-0033550,2022_18_NYG_PHI,2022,18,QB,168.0,177.17086584217924,2
00-0033873,2022_18_KC_LV,2022,18,QB,202.0,286.6974661324311,2
00-0033949,2022_18_TEN_JAX,2022,18,QB,179.0,219.17756560819547,2
00-0033958,2022_18_MIN_CHI,2022,18,QB,114.0,132.5552527914842,2
00-0034855,2022_18_LA_SEA,2022,18,QB,147.0,213.08047723482267,2
00-0034857,2022_18_NE_BUF,2022,18,QB,254.0,254.88059738882592,2
00-0034869,2022_18_CAR_NO,2022,18,QB,43.0,236.05804136664065,2
00-0035040,2022_18_ARI_SF,2022,18,QB,180.0,118.94098862424988,2
00-0035264,2022_18_KC_LV,2022,18,QB,219.0,256.16394826949244,2
00-0036355,2022_18_LAC_DEN,2022,18,QB,273.0,230.04007746322205,2
00-0036389,2022_18_NYG_PHI,2022,18,QB,229.0,203.0011816038524,2
00-0036442,2022_18_BAL_CIN,2022,18,QB,215.0,255.09542019277856,2
00-0036879,2022_18_HOU_IND,2022,18,QB,209.0,207.04104405959117,2
00-0036898,2022_18_HOU_IND,2022,18,QB,298.0,212.3925163328917,2
00-0036971,2022_18_TEN_JAX,2022,18,QB,212.0,236.10792689081828,2
00-0036972,2022_18_NE_BUF,2022,18,QB,243.0,223.10143765678478,2
00-0037077,2022_18_DAL_WAS,2022,18,QB,169.0,194.49158119345466,2
00-0037175,2022_18_BAL_CIN,2022,18,QB,286.0,110.73800784342882,2
00-0037327,2022_18_NYJ_MIA,2022,18,QB,152.0,216.9488916091077,2
00-0037834,2022_18_ARI_SF,2022,18,QB,178.0,183.4511219242452,2
00-0038102,2022_18_CLE_PIT,2022,18,QB,195.0,208.93993586640147,2
00-0038122,2022_18_TB_ATL,2022,18,QB,224.0,213.06580074536416,2
00-0019596,2022_19_DAL_TB,2022,19,QB,351.0,265.56559581030695,2
00-0029604,2022_19_NYG_MIN,2022,19,QB,273.0,272.5353361627204,2
00-0030565,2022_19_SEA_SF,2022,19,QB,253.0,230.00516670742687,2
00-0033077,2022_19_DAL_TB,2022,19,QB,305.0,258.9711704119924,2
00-0034857,2022_19_MIA_BUF,2022,19,QB,352.0,259.65121842732253,2
00-0035710,2022_19_NYG_MIN,2022,19,QB,301.0,259.07473428825483,2
00-0035993,2022_19_BAL_CIN,2022,19,QB,226.0,192.91460204417365,2
00-0036355,2022_19_LAC_JAX,2022,19,QB,273.0,277.49714604162403,2
00-0036442,2022_19_BAL_CIN,2022,19,QB,209.0,253.83385706826377,2
00-0036971,2022_19_LAC_JAX,2022,19,QB,288.0,247.0923635605123,2
00-0037327,2022_19_MIA_BUF,2022,19,QB,220.0,217.23224764655367,2
00-0037834,2022_19_SEA_SF,2022,19,QB,332.0,211.24571807993854,2
00-0033077,2022_20_DAL_SF,2022,20,QB,206.0,254.46307248774673,2
00-0033873,2022_20_JAX_KC,2022,20,QB,195.0,247.84221458497973,2
00-0034857,2022_20_CIN_BUF,2022,20,QB,264.0,256.96987306727664,2
00-0035710,2022_20_NYG_PHI,2022,20,QB,135.0,226.36727848522625,2
00-0036389,2022_20_NYG_PHI,2022,20,QB,154.0,217.3827652764224,2
00-0036442,2022_20_CIN_BUF,2022,20,QB,242.0,257.1608587673604,2
00-0036971,2022_20_JAX_KC,2022,20,QB,217.0,261.7931346992859,2
00-0037834,2022_20_DAL_SF,2022,20,QB,214.0,226.65614026723674,2
00-0026300,2022_21_SF_PHI,2022,21,QB,74.0,109.3576196949162,2
00-0033873,2022_21_CIN_KC,2022,21,QB,326.0,255.70672828748647,2
00-0036389,2022_21_SF_PHI,2022,21,QB,121.0,205.15448587256975,2
00-0036442,2022_21_CIN_KC,2022,21,QB,270.0,257.63101983689734,2
00-0037834,2022_21_SF_PHI,2022,21,QB,23.0,121.66449396103856,2
00-0033873,2022_22_KC_PHI,2022,22,QB,182.0,273.11635294817137,2
00-0036389,2022_22_KC_PHI,2022,22,QB,304.0,253.3210101631449,2
00-0026498,2023_01_LA_SEA,2023,1,QB,334.0,249.95172972432286,3
00-0029263,2023_01_LV_DEN,2023,1,QB,177.0,243.21108492333872,3
00-0029604,2023_01_TB_MIN,2023,1,QB,344.0,269.9866575948643,3
00-0029701,2023_01_TEN_NO,2023,1,QB,198.0,252.5039932289148,3
00-0030565,2023_01_LA_SEA,2023,1,QB,112.0,249.64615854612714,3
00-0031280,2023_01_TEN_NO,2023,1,QB,305.0,241.3699774215748,3
00-0031345,2023_01_LV_DEN,2023,1,QB,200.0,239.3691597408107,3
00-0033077,2023_01_DAL_NYG,2023,1,QB,143.0,251.74458275934703,3
00-0033106,2023_01_DET_KC,2023,1,QB,253.0,257.2368684270875,3
00-0033537,2023_01_CIN_CLE,2023,1,QB,154.0,250.4113484921601,3
00-0033873,2023_01_DET_KC,2023,1,QB,226.0,265.2379563304973,3
00-0033949,2023_01_ARI_WAS,2023,1,QB,132.0,231.76642042924138,3
00-0034796,2023_01_HOU_BAL,2023,1,QB,169.0,244.32314649254016,3
00-0034855,2023_01_TB_MIN,2023,1,QB,173.0,267.9226345602862,3
00-0034857,2023_01_BUF_NYJ,2023,1,QB,236.0,261.3141752320849,3
00-0035710,2023_01_DAL_NYG,2023,1,QB,104.0,241.76612167795628,3
00-0036212,2023_01_MIA_LAC,2023,1,QB,466.0,278.78243260019156,3
00-0036264,2023_01_GB_CHI,2023,1,QB,245.0,223.2280798100725,3
00-0036355,2023_01_MIA_LAC,2023,1,QB,229.0,283.81938851400673,3
00-0036389,2023_01_PHI_NE,2023,1,QB,170.0,252.19718684680092,3
00-0036442,2023_01_CIN_CLE,2023,1,QB,82.0,240.66187093223505,3
00-0036945,2023_01_GB_CHI,2023,1,QB,216.0,233.2273625219818,3
00-0036971,2023_01_JAX_IND,2023,1,QB,241.0,273.4542557350157,3
00-0036972,2023_01_PHI_NE,2023,1,QB,316.0,246.55283813443165,3
00-0037013,2023_01_BUF_NYJ,2023,1,QB,140.0,236.11426787346767,3
00-0037077,2023_01_ARI_WAS,2023,1,QB,202.0,232.842871679911,3
00-0037834,2023_01_SF_PIT,2023,1,QB,220.0,234.3117799677684,3
00-0038102,2023_01_SF_PIT,2023,1,QB,232.0,235.2239886805309,3
00-0038122,2023_01_CAR_ATL,2023,1,QB,115.0,251.80738170400488,3
00-0039150,2023_01_CAR_ATL,2023,1,QB,146.0,251.40669716588297,3
00-0039163,2023_01_HOU_BAL,2023,1,QB,242.0,246.9437633928705,3
00-0039164,2023_01_JAX_IND,2023,1,QB,223.0,263.5963629807408,3
00-0026498,2023_02_SF_LA,2023,2,QB,307.0,257.53175838436204,3
00-0029263,2023_02_WAS_DEN,2023,2,QB,308.0,232.66513050288683,3
00-0029604,2023_02_MIN_PHI,2023,2,QB,364.0,263.6749701007023,3
00-0029701,2023_02_LAC_TEN,2023,2,QB,246.0,229.02514408091432,3
00-0030565,2023_02_SEA_DET,2023,2,QB,328.0,243.73462795188456,3
00-0031280,2023_02_NO_CAR,2023,2,QB,228.0,203.4396509440469,3
00-0031345,2023_02_LV_BUF,2023,2,QB,185.0,212.41850551051806,3
00-0033077,2023_02_NYJ_DAL,2023,2,QB,255.0,206.71685455692335,3
00-0033106,2023_02_SEA_DET,2023,2,QB,323.0,275.8104442660464,3
00-0033537,2023_02_CLE_PIT,2023,2,QB,235.0,207.07443067902574,3
00-0033873,2023_02_KC_JAX,2023,2,QB,305.0,241.3577300754872,3
00-0033949,2023_02_NYG_ARI,2023,2,QB,228.0,241.26328717172572,3
00-0034796,2023_02_BAL_CIN,2023,2,QB,237.0,204.74135965083025,3
00-0034855,2023_02_CHI_TB,2023,2,QB,317.0,227.28695886405055,3
00-0034857,2023_02_LV_BUF,2023,2,QB,274.0,245.01690119337036,3
00-0035289,2023_02_IND_HOU,2023,2,QB,171.0,128.3928673260349,3
00-0035710,2023_02_NYG_ARI,2023,2,QB,321.0,200.67432273364483,3
00-0036212,2023_02_MIA_NE,2023,2,QB,249.0,270.81286167377186,3
00-0036264,2023_02_GB_ATL,2023,2,QB,151.0,214.32173376906943,3
00-0036355,2023_02_LAC_TEN,2023,2,QB,305.0,256.9209594659473,3
00-0036389,2023_02_MIN_PHI,2023,2,QB,193.0,225.49899160298585,3
00-0036442,2023_02_BAL_CIN,2023,2,QB,222.0,204.1787861080685,3
00-0036945,2023_02_CHI_TB,2023,2,QB,211.0,200.45781564709552,3
00-0036971,2023_02_KC_JAX,2023,2,QB,216.0,247.88685492236038,3
00-0036972,2023_02_MIA_NE,2023,2,QB,231.0,262.29941923079843,3
00-0037013,2023_02_NYJ_DAL,2023,2,QB,170.0,200.0846598474359,3
00-0037077,2023_02_WAS_DEN,2023,2,QB,299.0,213.99433515891374,3
00-0037834,2023_02_SF_LA,2023,2,QB,206.0,234.41074545322004,3
00-0038102,2023_02_CLE_PIT,2023,2,QB,222.0,213.013957498585,3
00-0038122,2023_02_GB_ATL,2023,2,QB,237.0,232.66559726324365,3
00-0039150,2023_02_NO_CAR,2023,2,QB,153.0,196.18008273005773,3
00-0039163,2023_02_IND_HOU,2023,2,QB,384.0,215.81071318810748,3
00-0026498,2023_03_LA_CIN,2023,3,QB,269.0,267.88669316362285,3
00-0027973,2023_03_CAR_SEA,2023,3,QB,361.0,226.3255017716388,3
00-0029263,2023_03_DEN_MIA,2023,3,QB,306.0,253.04555769441012,3
00-0029604,2023_03_LAC_MIN,2023,3,QB,367.0,279.745266247076,3
00-0029701,2023_03_TEN_CLE,2023,3,QB,104.0,206.6879700333613,3
00-0030565,2023_03_CAR_SEA,2023,3,QB,296.0,246.6372059318866,3
00-0031280,2023_03_NO_GB,2023,3,QB,103.0,151.8670869770661,3
00-0031345,2023_03_PIT_LV,2023,3,QB,324.0,240.34912918205143,3
00-0031503,2023_03_NO_GB,2023,3,QB,101.0,108.40918136653886,3
00-0033077,2023_03_DAL_ARI,2023,3,QB,249.0,249.21769873477425,3
00-0033106,2023_03_ATL_DET,2023,3,QB,243.0,283.0476452193072,3
00-0033537,2023_03_TEN_CLE,2023,3,QB,289.0,214.15031196499598,3
00-0033873,2023_03_CHI_KC,2023,3,QB,272.0,233.10401169157112,3
00-0033949,2023_03_DAL_ARI,2023,3,QB,189.0,240.608188083022,3
00-0034796,2023_03_IND_BAL,2023,3,QB,202.0,227.0192912576749,3
00-0034855,2023_03_PHI_TB,2023,3,QB,146.0,262.8652975425328,3
00-0034857,2023_03_BUF_WAS,2023,3,QB,218.0,243.4530588185671,3
00-0035289,2023_03_IND_BAL,2023,3,QB,227.0,231.8281637901622,3
00-0035710,2023_03_NYG_SF,2023,3,QB,137.0,201.39419096580377,3
00-0036212,2023_03_DEN_MIA,2023,3,QB,309.0,245.51718960318135,3
00-0036264,2023_03_NO_GB,2023,3,QB,259.0,244.02190528848791,3
00-0036355,2023_03_LAC_MIN,2023,3,QB,405.0,298.844575627666,3
00-0036389,2023_03_PHI_TB,2023,3,QB,277.0,220.30031047406274,3
00-0036442,2023_03_LA_CIN,2023,3,QB,259.0,232.18015329652744,3
00-0036945,2023_03_CHI_KC,2023,3,QB,99.0,204.14839346078844,3
00-0036971,2023_03_HOU_JAX,2023,3,QB,279.0,227.1670578977495,3
00-0036972,2023_03_NE_NYJ,2023,3,QB,201.0,228.98356689010518,3
00-0037013,2023_03_NE_NYJ,2023,3,QB,157.0,187.43401027556803,3
00-0037077,2023_03_BUF_WAS,2023,3,QB,170.0,259.79744421573406,3
00-0037834,2023_03_NYG_SF,2023,3,QB,310.0,232.14736055839163,3
00-0038102,2023_03_PIT_LV,2023,3,QB,235.0,260.7693499956874,3
00-0038122,2023_03_ATL_DET,2023,3,QB,201.0,252.47993297883423,3
00-0039163,2023_03_HOU_JAX,2023,3,QB,280.0,272.1094569632402,3
00-0026498,2023_04_LA_IND,2023,4,QB,319.0,265.5920856403783,3
00-0029263,2023_04_DEN_CHI,2023,4,QB,223.0,267.7424056764534,3
00-0029604,2023_04_MIN_CAR,2023,4,QB,139.0,258.640648840237,3
00-0029701,2023_04_CIN_TEN,2023,4,QB,240.0,228.97607458967977,3
00-0030565,2023_04_SEA_NYG,2023,4,QB,110.0,174.5677939698466,3
00-0031280,2023_04_TB_NO,2023,4,QB,127.0,216.2972736654258,3
00-0033077,2023_04_NE_DAL,2023,4,QB,261.0,227.6154515593063,3
00-0033106,2023_04_DET_GB,2023,4,QB,210.0,270.87519046209513,3
00-0033873,2023_04_KC_NYJ,2023,4,QB,203.0,258.8354218736325,3
00-0033949,2023_04_ARI_SF,2023,4,QB,265.0,218.01448942442462,3
00-0034796,2023_04_BAL_CLE,2023,4,QB,186.0,194.0303449471681,3
00-0034855,2023_04_TB_NO,2023,4,QB,246.0,220.28587782688538,3
00-0034857,2023_04_MIA_BUF,2023,4,QB,320.0,249.06902324893628,3
00-0035710,2023_04_SEA_NYG,2023,4,QB,203.0,214.30584359250264,3
00-0036212,2023_04_MIA_BUF,2023,4,QB,282.0,274.61202206821287,3
00-0036264,2023_04_DET_GB,2023,4,QB,246.0,241.56275604623437,3
00-0036355,2023_04_LV_LAC,2023,4,QB,167.0,291.3081631964449,3
00-0036389,2023_04_WAS_PHI,2023,4,QB,319.0,214.47001613678074,3
00-0036442,2023_04_CIN_TEN,2023,4,QB,165.0,231.77297730573528,3
00-0036945,2023_04_DEN_CHI,2023,4,QB,335.0,214.38298303550152,3
00-0036971,2023_04_ATL_JAX,2023,4,QB,207.0,235.88533277494977,3
00-0036972,2023_04_NE_DAL,2023,4,QB,150.0,180.69122862962485,3
00-0037013,2023_04_KC_NYJ,2023,4,QB,245.0,218.4684416198559,3
00-0037077,2023_04_WAS_PHI,2023,4,QB,290.0,221.26750941215937,3
00-0037834,2023_04_ARI_SF,2023,4,QB,283.0,256.2896774765774,3
00-0038102,2023_04_PIT_HOU,2023,4,QB,114.0,187.97606615574335,3
00-0038122,2023_04_ATL_JAX,2023,4,QB,191.0,225.3639654660751,3
00-0038579,2023_04_LV_LAC,2023,4,QB,238.0,235.0223860079313,3
00-0038583,2023_04_BAL_CLE,2023,4,QB,121.0,205.96193360809443,3
00-0039150,2023_04_MIN_CAR,2023,4,QB,204.0,237.68548453218182,3
00-0039163,2023_04_PIT_HOU,2023,4,QB,306.0,266.6896986463368,3
00-0039164,2023_04_LA_IND,2023,4,QB,200.0,208.24896950571875,3
00-0026498,2023_05_PHI_LA,2023,5,QB,222.0,277.7745902796667,3
00-0029263,2023_05_NYJ_DEN,2023,5,QB,196.0,245.44134834811322,3
00-0029604,2023_05_KC_MIN,2023,5,QB,284.0,269.7479399560265,3
00-0029701,2023_05_TEN_IND,2023,5,QB,264.0,229.2679554412986,3
00-0031280,2023_05_NO_NE,2023,5,QB,183.0,179.2560323309539,3
00-0031345,2023_05_GB_LV,2023,5,QB,208.0,247.78912033053496,3
00-0033077,2023_05_DAL_SF,2023,5,QB,153.0,202.15790276920694,3
00-0033106,2023_05_CAR_DET,2023,5,QB,236.0,245.75141206714565,3
00-0033873,2023_05_KC_MIN,2023,5,QB,281.0,278.677355941032,3
00-0033949,2023_05_CIN_ARI,2023,5,QB,166.0,247.6360073834133,3
00-0034796,2023_05_BAL_PIT,2023,5,QB,236.0,216.86930422646216,3
00-0034857,2023_05_JAX_BUF,2023,5,QB,359.0,287.0053661988468,3
00-0035289,2023_05_TEN_IND,2023,5,QB,155.0,180.70991043537254,3
00-0035710,2023_05_NYG_MIA,2023,5,QB,119.0,165.25005575364528,3
00-0036212,2023_05_NYG_MIA,2023,5,QB,308.0,279.6222855734536,3
00-0036264,2023_05_GB_LV,2023,5,QB,182.0,249.80149220462292,3
00-0036389,2023_05_PHI_LA,2023,5,QB,303.0,246.40792495752717,3
00-0036442,2023_05_CIN_ARI,2023,5,QB,317.0,247.29395009688315,3
00-0036945,2023_05_CHI_WAS,2023,5,QB,282.0,231.11731445890757,3
00-0036971,2023_05_JAX_BUF,2023,5,QB,315.0,230.88424307655612,3
00-0036972,2023_05_NO_NE,2023,5,QB,110.0,149.94432978135313,3
00-0037013,2023_05_NYJ_DEN,2023,5,QB,199.0,240.35080182544507,3
00-0037077,2023_05_CHI_WAS,2023,5,QB,388.0,256.7652891917411,3
00-0037834,2023_05_DAL_SF,2023,5,QB,252.0,214.4932688253506,3
00-0038102,2023_05_BAL_PIT,2023,5,QB,224.0,205.10204178072684,3
00-0038122,2023_05_HOU_ATL,2023,5,QB,329.0,210.0898895331766,3
00-0039150,2023_05_CAR_DET,2023,5,QB,247.0,228.73532764462468,3
00-0039163,2023_05_HOU_ATL,2023,5,QB,249.0,268.39839847777097,3
00-0026498,2023_06_ARI_LA,2023,6,QB,226.0,283.68488791229436,3
00-0026625,2023_06_NE_LV,2023,6,QB,102.0,96.19400997678599,3
00-0028118,2023_06_NYG_BUF,2023,6,QB,200.0,208.94589356958647,3
00-0029263,2023_06_DEN_KC,2023,6,QB,95.0,242.60699269189868,3
00-0029604,2023_06_MIN_CHI,2023,6,QB,181.0,251.8081107026437,3
00-0029701,2023_06_BAL_TEN,2023,6,QB,76.0,130.86700628174486,3
00-0030565,2023_06_SEA_CIN,2023,6,QB,326.0,229.48165544173645,3
00-0031280,2023_06_NO_HOU,2023,6,QB,353.0,247.6485413595021,3
00-0031345,2023_06_NE_LV,2023,6,QB,162.0,141.098055779687,3
00-0033077,2023_06_DAL_LAC,2023,6,QB,272.0,262.4231853976138,3
00-0033106,2023_06_DET_TB,2023,6,QB,353.0,241.94203525004878,3
00-0033275,2023_06_SF_CLE,2023,6,QB,192.0,173.18280704567016,3
00-0033873,2023_06_DEN_KC,2023,6,QB,306.0,267.72258826900037,3
00-0033949,2023_06_ARI_LA,2023,6,QB,235.0,232.83707353931854,3
00-0034796,2023_06_BAL_TEN,2023,6,QB,223.0,204.6573899105355,3
00-0034855,2023_06_DET_TB,2023,6,QB,206.0,219.71016717763774,3
00-0034857,2023_06_NYG_BUF,2023,6,QB,169.0,268.0040301712195,3
00-0035289,2023_06_IND_JAX,2023,6,QB,329.0,249.43132949223548,3
00-0036212,2023_06_CAR_MIA,2023,6,QB,262.0,232.56922011471931,3
00-0036355,2023_06_DAL_LAC,2023,6,QB,227.0,273.47982088579613,3
00-0036389,2023_06_PHI_NYJ,2023,6,QB,280.0,225.34074624596553,3
00-0036442,2023_06_SEA_CIN,2023,6,QB,185.0,250.14964730536843,3
00-0036945,2023_06_MIN_CHI,2023,6,QB,58.0,178.36838503644248,3
00-0036971,2023_06_IND_JAX,2023,6,QB,181.0,238.4476714906438,3
00-0036972,2023_06_NE_LV,2023,6,QB,200.0,212.13829748000563,3
00-0037013,2023_06_PHI_NYJ,2023,6,QB,186.0,226.54543301461248,3
00-0037077,2023_06_WAS_ATL,2023,6,QB,151.0,251.5344139144412,3
00-0037834,2023_06_SF_CLE,2023,6,QB,125.0,238.79353125578393,3
00-0038122,2023_06_WAS_ATL,2023,6,QB,307.0,241.46235392308546,3
00-0038416,2023_06_MIN_CHI,2023,6,QB,83.0,83.3232764384845,3
00-0039150,2023_06_CAR_MIA,2023,6,QB,217.0,233.28490852692167,3
00-0039163,2023_06_NO_HOU,2023,6,QB,199.0,251.03069686612983,3
00-0026498,2023_07_PIT_LA,2023,7,QB,231.0,274.42415082896235,3
00-0026625,2023_07_LV_CHI,2023,7,QB,129.0,174.15647309897105,3
00-0028118,2023_07_WAS_NYG,2023,7,QB,279.0,196.46027051483605,3
00-0029263,2023_07_GB_DEN,2023,7,QB,194.0,225.35656439952942,3
00-0029604,2023_07_SF_MIN,2023,7,QB,378.0,251.15811209713698,3
00-0030565,2023_07_ARI_SEA,2023,7,QB,219.0,245.62532491496322,3
00-0031280,2023_07_JAX_NO,2023,7,QB,301.0,233.8892966510768,3
00-0033106,2023_07_DET_BAL,2023,7,QB,284.0,235.42534967305156,3
00-0033275,2023_07_CLE_IND,2023,7,QB,178.0,177.15936073622777,3
00-0033873,2023_07_LAC_KC,2023,7,QB,424.0,255.0692493310001,3
00-0033949,2023_07_ARI_SEA,2023,7,QB,146.0,215.24427087709626,3
00-0034796,2023_07_DET_BAL,2023,7,QB,357.0,189.4849710353211,3
00-0034855,2023_07_ATL_TB,2023,7,QB,275.0,226.15427123654456,3
00-0034857,2023_07_BUF_NE,2023,7,QB,265.0,236.83204084222993,3
00-0035289,2023_07_CLE_IND,2023,7,QB,305.0,232.55629565834906,3
00-0036212,2023_07_MIA_PHI,2023,7,QB,216.0,276.8396804465056,3
00-0036264,2023_07_GB_DEN,2023,7,QB,180.0,225.87137471201842,3
00-0036355,2023_07_LAC_KC,2023,7,QB,259.0,243.27262635496052,3
00-0036389,2023_07_MIA_PHI,2023,7,QB,279.0,241.69328820738806,3
00-0036971,2023_07_JAX_NO,2023,7,QB,204.0,222.81062883634803,3
00-0036972,2023_07_BUF_NE,2023,7,QB,272.0,202.36509471889326,3
00-0037077,2023_07_WAS_NYG,2023,7,QB,249.0,220.96298945722316,3
00-0037834,2023_07_SF_MIN,2023,7,QB,272.0,245.36975957247483,3
00-0038102,2023_07_PIT_LA,2023,7,QB,230.0,228.57130095040728,3
00-0038122,2023_07_ATL_TB,2023,7,QB,250.0,232.4118360804306,3
00-0038416,2023_07_LV_CHI,2023,7,QB,162.0,209.72057161638224,3
00-0026498,2023_08_LA_DAL,2023,8,QB,162.0,174.0076439426129,3
00-0029263,2023_08_KC_DEN,2023,8,QB,114.0,220.97783279129692,3
00-0029604,2023_08_MIN_GB,2023,8,QB,274.0,230.11515959769065,3
00-0030565,2023_08_CLE_SEA,2023,8,QB,254.0,227.5584330054541,3
00-0031280,2023_08_NO_IND,2023,8,QB,310.0,201.59667428951826,3
00-0031345,2023_08_LV_DET,2023,8,QB,126.0,241.83526166617796,3
00-0031800,2023_08_ATL_TEN,2023,8,QB,175.0,89.48939814802901,3
00-0033077,2023_08_LA_DAL,2023,8,QB,304.0,216.84526946804866,3
00-0033106,2023_08_LV_DET,2023,8,QB,272.0,269.85635600473427,3
00-0033275,2023_08_CLE_SEA,2023,8,QB,248.0,200.5520431234593,3
00-0033869,2023_08_JAX_PIT,2023,8,QB,138.0,104.07142674297864,3
00-0033873,2023_08_KC_DEN,2023,8,QB,240.0,284.26654889589344,3
00-0033949,2023_08_BAL_ARI,2023,8,QB,208.0,211.3305098741174,3
00-0034796,2023_08_BAL_ARI,2023,8,QB,157.0,237.05166925039555,3
00-0034855,2023_08_TB_BUF,2023,8,QB,237.0,221.33543707812743,3
00-0034857,2023_08_TB_BUF,2023,8,QB,324.0,270.5197081010676,3
00-0035289,2023_08_NO_IND,2023,8,QB,213.0,248.55246837229961,3
00-0036212,2023_08_NE_MIA,2023,8,QB,324.0,260.24141946037304,3
00-0036264,2023_08_MIN_GB,2023,8,QB,229.0,223.35141843802188,3
00-0036355,2023_08_CHI_LAC,2023,8,QB,298.0,268.2673292025614,3
00-0036389,2023_08_PHI_WAS,2023,8,QB,319.0,251.06855985432298,3
00-0036442,2023_08_CIN_SF,2023,8,QB,283.0,219.93358646792692,3
00-0036971,2023_08_JAX_PIT,2023,8,QB,292.0,224.4375758695153,3
00-0036972,2023_08_NE_MIA,2023,8,QB,161.0,230.8394571757105,3
00-0037013,2023_08_NYJ_NYG,2023,8,QB,240.0,188.06962819110598,3
00-0037077,2023_08_PHI_WAS,2023,8,QB,397.0,253.44995213346647,3
00-0037834,2023_08_CIN_SF,2023,8,QB,365.0,230.53756827126563,3
00-0038102,2023_08_JAX_PIT,2023,8,QB,73.0,147.51136690589726,3
00-0038122,2023_08_ATL_TEN,2023,8,QB,71.0,142.44478360555524,3
00-0038416,2023_08_CHI_LAC,2023,8,QB,232.0,224.86379674711142,3
00-0038476,2023_08_NYJ_NYG,2023,8,QB,-1.0,100.5554861690255,3
00-0039150,2023_08_HOU_CAR,2023,8,QB,235.0,224.78919825921184,3
00-0039152,2023_08_ATL_TEN,2023,8,QB,238.0,189.4922441823556,3
00-0039163,2023_08_HOU_CAR,2023,8,QB,140.0,233.48153051968765,3
00-0030565,2023_09_SEA_BAL,2023,9,QB,157.0,234.86465664979656,3
00-0031280,2023_09_CHI_NO,2023,9,QB,211.0,215.52373457731733,3
00-0031800,2023_09_MIN_ATL,2023,9,QB,268.0,217.991001987198,3
00-0033077,2023_09_DAL_PHI,2023,9,QB,374.0,267.9610543122255,3
00-0033537,2023_09_ARI_CLE,2023,9,QB,219.0,206.6532073427303,3
00-0033873,2023_09_MIA_KC,2023,9,QB,185.0,271.0901390862808,3
00-0033949,2023_09_MIN_ATL,2023,9,QB,158.0,188.93122780834958,3
00-0034796,2023_09_SEA_BAL,2023,9,QB,187.0,183.03663284177287,3
00-0034855,2023_09_TB_HOU,2023,9,QB,265.0,235.6045829098506,3
00-0034857,2023_09_BUF_CIN,2023,9,QB,258.0,297.8568999731191,3
00-0034955,2023_09_LA_GB,2023,9,QB,130.0,199.46836359675828,3
00-0035289,2023_09_IND_CAR,2023,9,QB,127.0,244.44466449675102,3
00-0036212,2023_09_MIA_KC,2023,9,QB,193.0,267.3736163090409,3
00-0036264,2023_09_LA_GB,2023,9,QB,228.0,222.45720437614625,3
00-0036355,2023_09_LAC_NYJ,2023,9,QB,136.0,254.8100950444394,3
00-0036389,2023_09_DAL_PHI,2023,9,QB,207.0,241.7346369202003,3
00-0036442,2023_09_BUF_CIN,2023,9,QB,348.0,240.95532446650643,3
00-0036972,2023_09_WAS_NE,2023,9,QB,220.0,230.92942373645553,3
00-0037013,2023_09_LAC_NYJ,2023,9,QB,263.0,218.99955456183918,3
00-0037077,2023_09_WAS_NE,2023,9,QB,325.0,254.88243684757174,3
00-0038102,2023_09_TEN_PIT,2023,9,QB,160.0,226.88079237332127,3
00-0038416,2023_09_CHI_NO,2023,9,QB,220.0,216.56645035205247,3
00-0038476,2023_09_NYG_LV,2023,9,QB,175.0,124.69059329414145,3
00-0038579,2023_09_NYG_LV,2023,9,QB,209.0,213.543629157057,3
00-0038582,2023_09_ARI_CLE,2023,9,QB,58.0,210.65787723989493,3
00-0039150,2023_09_IND_CAR,2023,9,QB,173.0,241.11013872582475,3
00-0039152,2023_09_TEN_PIT,2023,9,QB,262.0,211.26263282855544,3
00-0039163,2023_09_TB_HOU,2023,9,QB,470.0,247.29521735707408,3
00-0029263,2023_10_DEN_BUF,2023,10,QB,193.0,202.97872595095743,3
00-0030565,2023_10_WAS_SEA,2023,10,QB,369.0,252.2361290297461,3
00-0031280,2023_10_NO_MIN,2023,10,QB,110.0,151.61205330903633,3
00-0031503,2023_10_NO_MIN,2023,10,QB,122.0,130.13866970385868,3
00-0031800,2023_10_ATL_ARI,2023,10,QB,55.0,135.19026135993778,3
00-0033077,2023_10_NYG_DAL,2023,10,QB,404.0,211.16391204836415,3
00-0033106,2023_10_DET_LAC,2023,10,QB,333.0,265.44523586572615,3
00-0033537,2023_10_CLE_BAL,2023,10,QB,213.0,216.036748027723,3
00-0033949,2023_10_NO_MIN,2023,10,QB,268.0,207.74591069464435,3
00-0034796,2023_10_CLE_BAL,2023,10,QB,223.0,197.34871326109862,3
00-0034855,2023_10_TEN_TB,2023,10,QB,278.0,238.08969477343584,3
00-0034857,2023_10_DEN_BUF,2023,10,QB,177.0,261.08311405029053,3
00-0035228,2023_10_ATL_ARI,2023,10,QB,249.0,206.07744264036347,3
00-0035289,2023_10_IND_NE,2023,10,QB,194.0,232.51255291804443,3
00-0036264,2023_10_GB_PIT,2023,10,QB,289.0,223.25776005230045,3
00-0036355,2023_10_DET_LAC,2023,10,QB,323.0,265.5728771686071,3
00-0036442,2023_10_HOU_CIN,2023,10,QB,347.0,262.4490897125549,3
00-0036971,2023_10_SF_JAX,2023,10,QB,185.0,203.07673732384418,3
00-0036972,2023_10_IND_NE,2023,10,QB,170.0,205.87907357098067,3
00-0037013,2023_10_NYJ_LV,2023,10,QB,263.0,210.47454609384386,3
00-0037077,2023_10_WAS_SEA,2023,10,QB,312.0,265.1619682977291,3
00-0037834,2023_10_SF_JAX,2023,10,QB,296.0,180.2563517214274,3
00-0038102,2023_10_GB_PIT,2023,10,QB,126.0,222.99762126211814,3
00-0038416,2023_10_CAR_CHI,2023,10,QB,162.0,185.86595166774964,3
00-0038476,2023_10_NYG_DAL,2023,10,QB,86.0,183.60566761947226,3
00-0038579,2023_10_NYJ_LV,2023,10,QB,153.0,204.18076051869056,3
00-0039150,2023_10_CAR_CHI,2023,10,QB,185.0,229.70072499150174,3
00-0039152,2023_10_TEN_TB,2023,10,QB,199.0,225.17149581017964,3
00-0039163,2023_10_HOU_CIN,2023,10,QB,356.0,259.8769297147961,3
00-0026498,2023_11_SEA_LA,2023,11,QB,190.0,249.6898918047485,3
00-0029263,2023_11_MIN_DEN,2023,11,QB,259.0,239.32165637217878,3
00-0030565,2023_11_SEA_LA,2023,11,QB,233.0,233.17161551709083,3
00-0033077,2023_11_DAL_CAR,2023,11,QB,189.0,246.36736426798075,3
00-0033106,2023_11_CHI_DET,2023,11,QB,236.0,286.29951389919967,3
00-0033873,2023_11_PHI_KC,2023,11,QB,177.0,238.94947862957005,3
00-0033949,2023_11_MIN_DEN,2023,11,QB,221.0,221.47047371486588,3
00-0034796,2023_11_CIN_BAL,2023,11,QB,264.0,218.57545741577076,3
00-0034855,2023_11_TB_SF,2023,11,QB,246.0,216.07891564800005,3
00-0034857,2023_11_NYJ_BUF,2023,11,QB,275.0,237.34294115086084,3
00-0035100,2023_11_CIN_BAL,2023,11,QB,68.0,105.39831662800742,3
00-0035228,2023_11_ARI_HOU,2023,11,QB,214.0,216.13883834572005,3
00-0036212,2023_11_LV_MIA,2023,11,QB,325.0,257.0857879650289,3
00-0036264,2023_11_LAC_GB,2023,11,QB,322.0,235.0094464816253,3
00-0036355,2023_11_LAC_GB,2023,11,QB,260.0,249.03313057308839,3
00-0036389,2023_11_PHI_KC,2023,11,QB,150.0,207.27217367746687,3
00-0036442,2023_11_CIN_BAL,2023,11,QB,101.0,143.14990736095513,3
00-0036945,2023_11_CHI_DET,2023,11,QB,169.0,209.78225288951765,3
00-0036971,2023_11_TEN_JAX,2023,11,QB,262.0,198.30410262221187,3
00-0037013,2023_11_NYJ_BUF,2023,11,QB,81.0,134.0043569085422,3
00-0037077,2023_11_NYG_WAS,2023,11,QB,256.0,253.6725160527616,3
00-0037834,2023_11_TB_SF,2023,11,QB,333.0,237.18997989990996,3
00-0038102,2023_11_PIT_CLE,2023,11,QB,106.0,206.18737182788522,3
00-0038476,2023_11_NYG_WAS,2023,11,QB,246.0,186.91067912230164,3
00-0038579,2023_11_LV_MIA,2023,11,QB,271.0,214.13064490168807,3
00-0038583,2023_11_PIT_CLE,2023,11,QB,165.0,176.72831822052862,3
00-0039150,2023_11_DAL_CAR,2023,11,QB,123.0,207.18327497584977,3
00-0039152,2023_11_TEN_JAX,2023,11,QB,158.0,222.73809274775562,3
00-0039163,2023_11_ARI_HOU,2023,11,QB,336.0,273.71789231481154,3
00-0026498,2023_12_LA_ARI,2023,12,QB,229.0,248.74755988083982,3
00-0029263,2023_12_CLE_DEN,2023,12,QB,134.0,213.1119677212282,3
00-0030565,2023_12_SF_SEA,2023,12,QB,180.0,231.4401275845515,3
00-0031280,2023_12_NO_ATL,2023,12,QB,304.0,208.855924526418,3
00-0033077,2023_12_WAS_DAL,2023,12,QB,331.0,284.5704807746918,3
00-0033106,2023_12_GB_DET,2023,12,QB,332.0,274.63504717748623,3
00-0033873,2023_12_KC_LV,2023,12,QB,298.0,266.56555578016383,3
00-0033949,2023_12_CHI_MIN,2023,12,QB,185.0,229.07243910756372,3
00-0034177,2023_12_MIA_NYJ,2023,12,QB,179.0,205.0005804799182,3
00-0034796,2023_12_BAL_LAC,2023,12,QB,177.0,224.65587979601395,3
00-0034855,2023_12_TB_IND,2023,12,QB,199.0,242.25294525037327,3
00-0034857,2023_12_BUF_PHI,2023,12,QB,339.0,277.8490101675146,3
00-0035100,2023_12_PIT_CIN,2023,12,QB,227.0,165.2079089029972,3
00-0035228,2023_12_LA_ARI,2023,12,QB,256.0,208.87427870762963,3
00-0035289,2023_12_TB_IND,2023,12,QB,251.0,227.25782650254726,3
00-0036212,2023_12_MIA_NYJ,2023,12,QB,243.0,256.0520171189402,3
00-0036264,2023_12_GB_DET,2023,12,QB,268.0,251.51041563846533,3
00-0036355,2023_12_BAL_LAC,2023,12,QB,217.0,257.2805655233776,3
00-0036389,2023_12_BUF_PHI,2023,12,QB,200.0,227.4903911016799,3
00-0036945,2023_12_CHI_MIN,2023,12,QB,217.0,211.17540870481582,3
00-0036971,2023_12_JAX_HOU,2023,12,QB,364.0,257.5167975280149,3
00-0036972,2023_12_NE_NYG,2023,12,QB,89.0,110.33623854843955,3
00-0037077,2023_12_WAS_DAL,2023,12,QB,300.0,269.5465120111662,3
00-0037834,2023_12_SF_SEA,2023,12,QB,209.0,259.53327599814133,3
00-0038102,2023_12_PIT_CIN,2023,12,QB,278.0,216.14642709606537,3
00-0038108,2023_12_NE_NYG,2023,12,QB,54.0,89.80245437890213,3
00-0038122,2023_12_NO_ATL,2023,12,QB,168.0,214.3191348131606,3
00-0038476,2023_12_NE_NYG,2023,12,QB,191.0,197.24970893534885,3
00-0038579,2023_12_KC_LV,2023,12,QB,248.0,219.30713629953306,3
00-0038583,2023_12_CLE_DEN,2023,12,QB,134.0,124.48423368650565,3
00-0039150,2023_12_CAR_TEN,2023,12,QB,194.0,207.00063778258516,3
00-0039152,2023_12_CAR_TEN,2023,12,QB,185.0,193.37516115689505,3
00-0039163,2023_12_JAX_HOU,2023,12,QB,304.0,275.5460708771129,3
00-0026158,2023_13_CLE_LA,2023,13,QB,254.0,212.46389884626126,3
00-0026498,2023_13_CLE_LA,2023,13,QB,279.0,236.4091459923132,3
00-0029263,2023_13_DEN_HOU,2023,13,QB,186.0,255.7379669900202,3
00-0030565,2023_13_SEA_DAL,2023,13,QB,334.0,228.9257517096474,3
00-0031280,2023_13_DET_NO,2023,13,QB,226.0,153.8053750833308,3
00-0032156,2023_13_ATL_NYJ,2023,13,QB,66.0,87.89327277464523,3
00-0033077,2023_13_SEA_DAL,2023,13,QB,299.0,282.0647645059947,3
00-0033106,2023_13_DET_NO,2023,13,QB,213.0,283.84736228319866,3
00-0033869,2023_13_ARI_PIT,2023,13,QB,117.0,101.71870611525415,3
00-0033873,2023_13_KC_GB,2023,13,QB,210.0,255.0703518041362,3
00-0034177,2023_13_ATL_NYJ,2023,13,QB,148.0,142.2849639826463,3
00-0034855,2023_13_CAR_TB,2023,13,QB,202.0,221.77837907902645,3
00-0035100,2023_13_CIN_JAX,2023,13,QB,354.0,206.8930150185408,3
00-0035228,2023_13_ARI_PIT,2023,13,QB,145.0,186.9648772947767,3
00-0035289,2023_13_IND_TEN,2023,13,QB,312.0,223.21341531129187,3
00-0036212,2023_13_MIA_WAS,2023,13,QB,280.0,228.6291567453193,3
00-0036264,2023_13_KC_GB,2023,13,QB,267.0,227.27113622166397,3
00-0036355,2023_13_LAC_NE,2023,13,QB,212.0,246.99566679619576,3
00-0036389,2023_13_SF_PHI,2023,13,QB,298.0,173.79153336444304,3
00-0036971,2023_13_CIN_JAX,2023,13,QB,258.0,201.94390063559808,3
00-0037077,2023_13_MIA_WAS,2023,13,QB,127.0,263.11245525718215,3
00-0037834,2023_13_SF_PHI,2023,13,QB,314.0,194.67393578454323,3
00-0038102,2023_13_ARI_PIT,2023,13,QB,70.0,128.67522191106252,3
00-0038108,2023_13_LAC_NE,2023,13,QB,141.0,200.04657730866498,3
00-0038122,2023_13_ATL_NYJ,2023,13,QB,121.0,198.11780916057631,3
00-0039150,2023_13_CAR_TB,2023,13,QB,178.0,220.0822709326788,3
00-0039152,2023_13_IND_TEN,2023,13,QB,224.0,225.0545322381832,3
00-0039163,2023_13_DEN_HOU,2023,13,QB,274.0,276.23014835806663,3
00-0026158,2023_14_JAX_CLE,2023,14,QB,311.0,202.15016474407128,3
00-0026498,2023_14_LA_BAL,2023,14,QB,294.0,236.00146107922816,3
00-0029263,2023_14_DEN_LAC,2023,14,QB,224.0,239.49651821351165,3
00-0031280,2023_14_CAR_NO,2023,14,QB,119.0,208.57885838406244,3
00-0033077,2023_14_PHI_DAL,2023,14,QB,271.0,291.28847312214816,3
00-0033106,2023_14_DET_CHI,2023,14,QB,161.0,265.7707740259975,3
00-0033869,2023_14_NE_PIT,2023,14,QB,190.0,192.24185327192652,3
00-0033873,2023_14_BUF_KC,2023,14,QB,271.0,265.72760315868214,3
00-0033949,2023_14_MIN_LV,2023,14,QB,63.0,142.27214027437793,3
00-0034796,2023_14_LA_BAL,2023,14,QB,316.0,208.27888788625444,3
00-0034855,2023_14_TB_ATL,2023,14,QB,144.0,236.18085358578247,3
00-0034857,2023_14_BUF_KC,2023,14,QB,233.0,264.448583862527,3
00-0035100,2023_14_IND_CIN,2023,14,QB,275.0,197.51990938392433,3
00-0035282,2023_14_DEN_LAC,2023,14,QB,179.0,113.08937368028107,3
00-0035289,2023_14_IND_CIN,2023,14,QB,240.0,230.32859618319404,3
00-0035704,2023_14_SEA_SF,2023,14,QB,269.0,210.95887142112556,3
00-0036212,2023_14_TEN_MIA,2023,14,QB,240.0,272.73764798548285,3
00-0036264,2023_14_GB_NYG,2023,14,QB,218.0,224.09626823158385,3
00-0036355,2023_14_DEN_LAC,2023,14,QB,96.0,186.7480213211445,3
00-0036389,2023_14_PHI_DAL,2023,14,QB,197.0,251.76258286452173,3
00-0036945,2023_14_DET_CHI,2023,14,QB,223.0,212.74921407313536,3
00-0036971,2023_14_JAX_CLE,2023,14,QB,257.0,218.88688725423958,3
00-0037013,2023_14_HOU_NYJ,2023,14,QB,301.0,192.86305476505248,3
00-0037834,2023_14_SEA_SF,2023,14,QB,368.0,267.00623599353696,3
00-0038108,2023_14_NE_PIT,2023,14,QB,240.0,183.6804051334047,3
00-0038122,2023_14_TB_ATL,2023,14,QB,347.0,235.89752384945456,3
00-0038476,2023_14_GB_NYG,2023,14,QB,158.0,188.44195821332454,3
00-0038579,2023_14_MIN_LV,2023,14,QB,171.0,220.3926734505374,3
00-0039150,2023_14_CAR_NO,2023,14,QB,137.0,212.38551248686025,3
00-0039152,2023_14_TEN_MIA,2023,14,QB,327.0,240.20269899390476,3
00-0039163,2023_14_HOU_NYJ,2023,14,QB,91.0,214.33472275076304,3
00-0026158,2023_15_CHI_CLE,2023,15,QB,374.0,223.51124261185103,3
00-0026498,2023_15_WAS_LA,2023,15,QB,258.0,276.45586585258405,3
00-0028986,2023_15_HOU_TEN,2023,15,QB,229.0,184.25293231465471,3
00-0029263,2023_15_DEN_DET,2023,15,QB,223.0,225.06323825304003,3
00-0031280,2023_15_NYG_NO,2023,15,QB,218.0,223.3996925687295,3
00-0032156,2023_15_NYJ_MIA,2023,15,QB,110.0,117.50418987251523,3
00-0033077,2023_15_DAL_BUF,2023,15,QB,134.0,278.4096956439257,3
00-0033106,2023_15_DEN_DET,2023,15,QB,278.0,278.74077093483413,3
00-0033319,2023_15_MIN_CIN,2023,15,QB,303.0,207.12376745384614,3
00-0033869,2023_15_PIT_IND,2023,15,QB,169.0,186.38065882031555,3
00-0033873,2023_15_KC_NE,2023,15,QB,305.0,249.6047089546144,3
00-0034796,2023_15_BAL_JAX,2023,15,QB,171.0,205.8856513064354,3
00-0034855,2023_15_TB_GB,2023,15,QB,381.0,237.75993029239467,3
00-0034857,2023_15_DAL_BUF,2023,15,QB,94.0,263.78633791930497,3
00-0035100,2023_15_MIN_CIN,2023,15,QB,324.0,229.3188932216545,3
00-0035228,2023_15_SF_ARI,2023,15,QB,211.0,189.99536182437535,3
00-0035282,2023_15_LAC_LV,2023,15,QB,257.0,209.76888361806965,3
00-0035289,2023_15_PIT_IND,2023,15,QB,215.0,239.58937335316247,3
00-0035704,2023_15_PHI_SEA,2023,15,QB,208.0,250.20259938830102,3
00-0036212,2023_15_NYJ_MIA,2023,15,QB,224.0,222.05167843831495,3
00-0036264,2023_15_TB_GB,2023,15,QB,284.0,243.3101279903388,3
00-0036389,2023_15_PHI_SEA,2023,15,QB,143.0,230.94336511206882,3
00-0036945,2023_15_CHI_CLE,2023,15,QB,166.0,197.42648110734558,3
00-0036971,2023_15_BAL_JAX,2023,15,QB,264.0,232.8614315758113,3
00-0037013,2023_15_NYJ_MIA,2023,15,QB,26.0,118.48000476675884,3
00-0037077,2023_15_WAS_LA,2023,15,QB,102.0,192.39773842271862,3
00-0037834,2023_15_SF_ARI,2023,15,QB,242.0,223.17253974240657,3
00-0038108,2023_15_KC_NE,2023,15,QB,180.0,207.07939289883183,3
00-0038122,2023_15_ATL_CAR,2023,15,QB,152.0,196.80038741529705,3
00-0038476,2023_15_NYG_NO,2023,15,QB,177.0,185.36852075951668,3
00-0038579,2023_15_LAC_LV,2023,15,QB,248.0,219.96759298314484,3
00-0039150,2023_15_ATL_CAR,2023,15,QB,167.0,187.3257357655347,3
00-0039152,2023_15_HOU_TEN,2023,15,QB,199.0,233.4920605547842,3
00-0026158,2023_16_CLE_HOU,2023,16,QB,368.0,230.26133818477354,3
00-0026498,2023_16_NO_LA,2023,16,QB,328.0,263.84629683250625,3
00-0028118,2023_16_NYG_PHI,2023,16,QB,133.0,146.98759799686047,3
00-0028986,2023_16_CLE_HOU,2023,16,QB,62.0,117.49599023372836,3
00-0029263,2023_16_NE_DEN,2023,16,QB,238.0,209.88370958517737,3
00-0029701,2023_16_SEA_TEN,2023,16,QB,152.0,216.74240506101944,3
00-0030565,2023_16_SEA_TEN,2023,16,QB,227.0,252.09531636300352,3
00-0031280,2023_16_NO_LA,2023,16,QB,319.0,253.0773488792877,3
00-0031800,2023_16_IND_ATL,2023,16,QB,229.0,216.74279615487347,3
00-0032156,2023_16_WAS_NYJ,2023,16,QB,217.0,192.58103214957703,3
00-0033077,2023_16_DAL_MIA,2023,16,QB,253.0,270.0748042843206,3
00-0033106,2023_16_DET_MIN,2023,16,QB,257.0,283.35132579815695,3
00-0033119,2023_16_WAS_NYJ,2023,16,QB,100.0,117.86867848741132,3
00-0033319,2023_16_DET_MIN,2023,16,QB,411.0,252.91298352352624,3
00-0033873,2023_16_LV_KC,2023,16,QB,235.0,241.06865589302706,3
00-0034771,2023_16_CIN_PIT,2023,16,QB,290.0,212.43050756334492,3
00-0034796,2023_16_BAL_SF,2023,16,QB,252.0,200.26285902450564,3
00-0034855,2023_16_JAX_TB,2023,16,QB,283.0,245.23975548566264,3
00-0034857,2023_16_BUF_LAC,2023,16,QB,237.0,274.01738782634334,3
00-0035100,2023_16_CIN_PIT,2023,16,QB,335.0,205.99381490288278,3
00-0035228,2023_16_ARI_CHI,2023,16,QB,230.0,193.46310194620574,3
00-0035282,2023_16_BUF_LAC,2023,16,QB,215.0,225.88709803730336,3
00-0035289,2023_16_IND_ATL,2023,16,QB,201.0,244.2732788438917,3
00-0036212,2023_16_DAL_MIA,2023,16,QB,293.0,263.6074772309834,3
00-0036264,2023_16_GB_CAR,2023,16,QB,219.0,237.95061638452788,3
00-0036389,2023_16_NYG_PHI,2023,16,QB,301.0,213.12782557047973,3
00-0036898,2023_16_CLE_HOU,2023,16,QB,149.0,105.51307984333042,3
00-0036945,2023_16_ARI_CHI,2023,16,QB,170.0,209.65350274791842,3
00-0036971,2023_16_JAX_TB,2023,16,QB,211.0,181.71759656003525,3
00-0037077,2023_16_WAS_NYJ,2023,16,QB,56.0,149.21394537790286,3
00-0037834,2023_16_BAL_SF,2023,16,QB,255.0,193.88851281098982,3
00-0038108,2023_16_NE_DEN,2023,16,QB,256.0,201.10172614638765,3
00-0038476,2023_16_NYG_PHI,2023,16,QB,55.0,128.06291440334127,3
00-0038579,2023_16_LV_KC,2023,16,QB,62.0,200.2058390251476,3
00-0039150,2023_16_GB_CAR,2023,16,QB,312.0,217.00201508921475,3
00-0026158,2023_17_NYJ_CLE,2023,17,QB,309.0,248.89877805318582,3
00-0026498,2023_17_LA_NYG,2023,17,QB,317.0,250.84240705431827,3
00-0028118,2023_17_LA_NYG,2023,17,QB,319.0,200.33756965912866,3
00-0029701,2023_17_TEN_HOU,2023,17,QB,168.0,147.37182296250631,3
00-0030565,2023_17_PIT_SEA,2023,17,QB,290.0,239.94087143527463,3
00-0031280,2023_17_NO_TB,2023,17,QB,197.0,224.20262109781268,3
00-0031800,2023_17_ATL_CHI,2023,17,QB,163.0,191.5203351024741,3
00-0032156,2023_17_NYJ_CLE,2023,17,QB,261.0,184.83967192341592,3
00-0033077,2023_17_DET_DAL,2023,17,QB,345.0,285.33943163029505,3
00-0033106,2023_17_DET_DAL,2023,17,QB,271.0,290.110186517575,3
00-0033319,2023_17_GB_MIN,2023,17,QB,113.0,150.14122691638892,3
00-0033873,2023_17_CIN_KC,2023,17,QB,245.0,249.8789558439093,3
00-0033936,2023_17_CAR_JAX,2023,17,QB,178.0,184.48549255360055,3
00-0034771,2023_17_PIT_SEA,2023,17,QB,274.0,237.42959109339978,3
00-0034796,2023_17_MIA_BAL,2023,17,QB,321.0,203.76086293254653,3
00-0034855,2023_17_NO_TB,2023,17,QB,309.0,255.74549211998635,3
00-0034857,2023_17_NE_BUF,2023,17,QB,169.0,227.9241854992177,3
00-0035100,2023_17_CIN_KC,2023,17,QB,197.0,209.2088617092124,3
00-0035228,2023_17_ARI_PHI,2023,17,QB,232.0,208.53338121409493,3
00-0035264,2023_17_LAC_DEN,2023,17,QB,224.0,197.08895565557918,3
00-0035282,2023_17_LAC_DEN,2023,17,QB,220.0,205.19863060914088,3
00-0035289,2023_17_LV_IND,2023,17,QB,224.0,243.41091979076376,3
00-0036212,2023_17_MIA_BAL,2023,17,QB,237.0,254.28342274215242,3
00-0036264,2023_17_GB_MIN,2023,17,QB,256.0,235.5582403847146,3
00-0036389,2023_17_ARI_PHI,2023,17,QB,167.0,243.42986263343718,3
00-0036945,2023_17_ATL_CHI,2023,17,QB,268.0,195.05637620515748,3
00-0037077,2023_17_SF_WAS,2023,17,QB,169.0,236.36478133555585,3
00-0037834,2023_17_SF_WAS,2023,17,QB,230.0,244.0913472967493,3
00-0038108,2023_17_NE_BUF,2023,17,QB,209.0,208.27595542125775,3
00-0038579,2023_17_LV_IND,2023,17,QB,299.0,239.4717058696609,3
00-0038598,2023_17_GB_MIN,2023,17,QB,67.0,100.45137321987161,3
00-0039150,2023_17_CAR_JAX,2023,17,QB,112.0,222.2253731722899,3
00-0039163,2023_17_TEN_HOU,2023,17,QB,213.0,247.12489043466113,3
00-0027948,2023_18_KC_LAC,2023,18,QB,154.0,207.15460512278872,3
00-0028118,2023_18_PHI_NYG,2023,18,QB,297.0,188.67580240848804,3
00-0029701,2023_18_JAX_TEN,2023,18,QB,168.0,195.47012559144827,3
00-0030565,2023_18_SEA_ARI,2023,18,QB,189.0,267.74693814815083,3
00-0031280,2023_18_ATL_NO,2023,18,QB,264.0,234.5720536216071,3
00-0032156,2023_18_NYJ_NE,2023,18,QB,70.0,171.1472145246164,3
00-0032268,2023_18_PHI_NYG,2023,18,QB,148.0,106.82575439853585,3
00-0032436,2023_18_CLE_CIN,2023,18,QB,166.0,185.97973215478913,3
00-0032950,2023_18_LA_SF,2023,18,QB,163.0,197.5040039400173,3
00-0033077,2023_18_DAL_WAS,2023,18,QB,279.0,246.91466656231367,3
00-0033106,2023_18_MIN_DET,2023,18,QB,320.0,280.3568504984818,3
00-0033319,2023_18_MIN_DET,2023,18,QB,396.0,245.54195008692665,3
00-0034771,2023_18_PIT_BAL,2023,18,QB,152.0,221.81536626148443,3
00-0034855,2023_18_TB_CAR,2023,18,QB,137.0,203.7321437430578,3
00-0034857,2023_18_BUF_MIA,2023,18,QB,359.0,263.2828282057531,3
00-0034869,2023_18_LA_SF,2023,18,QB,189.0,206.2062446675769,3
00-0035100,2023_18_CLE_CIN,2023,18,QB,156.0,165.92636199952085,3
00-0035228,2023_18_SEA_ARI,2023,18,QB,262.0,219.29119719614164,3
00-0035264,2023_18_DEN_LV,2023,18,QB,272.0,222.33883045917818,3
00-0035282,2023_18_KC_LAC,2023,18,QB,258.0,207.76302427796003,3
00-0035289,2023_18_HOU_IND,2023,18,QB,141.0,252.32426412677066,3
00-0035993,2023_18_PIT_BAL,2023,18,QB,146.0,172.28523012754195,3
00-0036212,2023_18_BUF_MIA,2023,18,QB,173.0,276.32437085857254,3
00-0036264,2023_18_CHI_GB,2023,18,QB,316.0,267.19319902775777,3
00-0036389,2023_18_PHI_NYG,2023,18,QB,55.0,163.94158957365386,3
00-0036945,2023_18_CHI_GB,2023,18,QB,148.0,202.32636307459728,3
00-0036971,2023_18_JAX_TEN,2023,18,QB,280.0,230.15992687148454,3
00-0037077,2023_18_DAL_WAS,2023,18,QB,153.0,220.8741736771969,3
00-0038108,2023_18_NYJ_NE,2023,18,QB,88.0,173.22264924213744,3
00-0038122,2023_18_ATL_NO,2023,18,QB,291.0,190.03391210947552,3
00-0038579,2023_18_DEN_LV,2023,18,QB,244.0,227.78119943119435,3
00-0039150,2023_18_TB_CAR,2023,18,QB,94.0,196.62681518905524,3
00-0039163,2023_18_HOU_IND,2023,18,QB,264.0,274.6915978391929,3
00-0026158,2023_19_CLE_HOU,2023,19,QB,307.0,292.1222769744781,3
00-0026498,2023_19_LA_DET,2023,19,QB,367.0,274.66717564747734,3
00-0033077,2023_19_GB_DAL,2023,19,QB,403.0,294.6707785353424,3
00-0033106,2023_19_LA_DET,2023,19,QB,277.0,295.3923784174535,3
00-0033873,2023_19_MIA_KC,2023,19,QB,262.0,242.33025046699854,3
00-0034771,2023_19_PIT_BUF,2023,19,QB,229.0,187.67829433137655,3
00-0034855,2023_19_PHI_TB,2023,19,QB,337.0,249.15346964733038,3
00-0034857,2023_19_PIT_BUF,2023,19,QB,203.0,210.17428355677674,3
00-0036212,2023_19_MIA_KC,2023,19,QB,199.0,233.49704637302435,3
00-0036264,2023_19_GB_DAL,2023,19,QB,272.0,261.2376479223457,3
00-0036389,2023_19_PHI_TB,2023,19,QB,250.0,218.59061922368454,3
00-0039163,2023_19_CLE_HOU,2023,19,QB,274.0,236.6919068573861,3
00-0033106,2023_20_TB_DET,2023,20,QB,287.0,294.42312771243377,3
00-0033873,2023_20_KC_BUF,2023,20,QB,215.0,251.8715925524759,3
00-0034796,2023_20_HOU_BAL,2023,20,QB,152.0,217.28385052761894,3
00-0034855,2023_20_TB_DET,2023,20,QB,349.0,265.68537747191533,3
00-0034857,2023_20_KC_BUF,2023,20,QB,186.0,231.46421295735516,3
00-0036264,2023_20_GB_SF,2023,20,QB,194.0,259.3819549263098,3
00-0037834,2023_20_GB_SF,2023,20,QB,252.0,243.5075552531926,3
00-0039163,2023_20_HOU_BAL,2023,20,QB,175.0,229.71681303100064,3
00-0033106,2023_21_DET_SF,2023,21,QB,273.0,282.72670090032176,3
00-0033873,2023_21_KC_BAL,2023,21,QB,241.0,256.18394650698406,3
00-0034796,2023_21_KC_BAL,2023,21,QB,272.0,236.14805143739449,3
00-0037834,2023_21_DET_SF,2023,21,QB,267.0,265.3681920851263,3
00-0033873,2023_22_SF_KC,2023,22,QB,333.0,268.8498928413636,3
00-0037834,2023_22_SF_KC,2023,22,QB,255.0,242.67912495472203,3
00-0023459,2024_01_NYJ_SF,2024,1,QB,167.0,188.00279031241274,4
00-0026498,2024_01_LA_DET,2024,1,QB,317.0,263.33453368168466,4
00-0029604,2024_01_PIT_ATL,2024,1,QB,155.0,250.13338427441468,4
00-0030565,2024_01_DEN_SEA,2024,1,QB,171.0,242.46177956921449,4
00-0031280,2024_01_CAR_NO,2024,1,QB,200.0,238.61775544984707,4
00-0033077,2024_01_DAL_CLE,2024,1,QB,179.0,239.88502458710346,4
00-0033106,2024_01_LA_DET,2024,1,QB,217.0,264.0017410694956,4
00-0033119,2024_01_NE_CIN,2024,1,QB,121.0,244.4216037926178,4
00-0033537,2024_01_DAL_CLE,2024,1,QB,169.0,234.79086361718234,4
00-0033873,2024_01_BAL_KC,2024,1,QB,291.0,253.64603861382713,4
00-0034796,2024_01_BAL_KC,2024,1,QB,273.0,250.0281569600257,4
00-0034855,2024_01_WAS_TB,2024,1,QB,289.0,241.3051034178733,4
00-0034857,2024_01_ARI_BUF,2024,1,QB,232.0,247.30511912160557,4
00-0034869,2024_01_MIN_NYG,2024,1,QB,208.0,240.18845042429768,4
00-0035228,2024_01_ARI_BUF,2024,1,QB,162.0,240.01457250003745,4
00-0035289,2024_01_LV_LAC,2024,1,QB,257.0,243.76907862675031,4
00-0035710,2024_01_MIN_NYG,2024,1,QB,186.0,239.35231754420985,4
00-0036212,2024_01_JAX_MIA,2024,1,QB,338.0,247.61889722553337,4
00-0036264,2024_01_GB_PHI,2024,1,QB,260.0,236.2720813159319,4
00-0036355,2024_01_LV_LAC,2024,1,QB,144.0,246.56887361168432,4
00-0036389,2024_01_GB_PHI,2024,1,QB,278.0,238.6789510039009,4
00-0036442,2024_01_NE_CIN,2024,1,QB,164.0,241.47423023029222,4
00-0036945,2024_01_PIT_ATL,2024,1,QB,156.0,250.33335272135704,4
00-0036971,2024_01_JAX_MIA,2024,1,QB,162.0,247.1062045565737,4
00-0037834,2024_01_NYJ_SF,2024,1,QB,231.0,238.0551156163955,4
00-0039150,2024_01_CAR_NO,2024,1,QB,161.0,236.38801623357614,4
00-0039152,2024_01_TEN_CHI,2024,1,QB,127.0,249.43312131418165,4
00-0039163,2024_01_HOU_IND,2024,1,QB,234.0,256.46599549648187,4
00-0039164,2024_01_HOU_IND,2024,1,QB,212.0,259.8318736096091,4
00-0039732,2024_01_DEN_SEA,2024,1,QB,138.0,241.2655496919416,4
00-0039910,2024_01_WAS_TB,2024,1,QB,184.0,242.41921417094724,4
00-0039918,2024_01_TEN_CHI,2024,1,QB,93.0,246.32458371783298,4
00-0023459,2024_02_NYJ_TEN,2024,2,QB,176.0,221.74500628359834,4
00-0026498,2024_02_LA_ARI,2024,2,QB,216.0,275.12928343022395,4
00-0029604,2024_02_ATL_PHI,2024,2,QB,241.0,234.6270319931454,4
00-0030565,2024_02_SEA_NE,2024,2,QB,327.0,225.09563299200713,4
00-0031280,2024_02_NO_DAL,2024,2,QB,243.0,238.90520240512976,4
00-0033077,2024_02_NO_DAL,2024,2,QB,293.0,241.4229690145842,4
00-0033106,2024_02_TB_DET,2024,2,QB,307.0,247.62708949054857,4
00-0033119,2024_02_SEA_NE,2024,2,QB,149.0,220.01785242114505,4
00-0033537,2024_02_CLE_JAX,2024,2,QB,186.0,212.90140236626027,4
00-0033873,2024_02_CIN_KC,2024,2,QB,151.0,242.82058306317887,4
00-0034796,2024_02_LV_BAL,2024,2,QB,247.0,229.8884975934254,4
00-0034855,2024_02_TB_DET,2024,2,QB,185.0,278.5082216427056,4
00-0034857,2024_02_BUF_MIA,2024,2,QB,139.0,245.94291560877278,4
00-0034869,2024_02_SF_MIN,2024,2,QB,268.0,249.97375763520375,4
00-0035228,2024_02_LA_ARI,2024,2,QB,266.0,231.52944182377396,4
00-0035289,2024_02_LV_BAL,2024,2,QB,276.0,234.5062091456802,4
00-0035710,2024_02_NYG_WAS,2024,2,QB,178.0,223.96851976705332,4
00-0036212,2024_02_BUF_MIA,2024,2,QB,145.0,198.77620138917055,4
00-0036355,2024_02_LAC_CAR,2024,2,QB,130.0,219.9708824109008,4
00-0036389,2024_02_ATL_PHI,2024,2,QB,183.0,247.19247245845145,4
00-0036442,2024_02_CIN_KC,2024,2,QB,258.0,237.23391079185572,4
00-0036945,2024_02_PIT_DEN,2024,2,QB,117.0,217.83471074775593,4
00-0036971,2024_02_CLE_JAX,2024,2,QB,220.0,218.99823707335108,4
00-0037834,2024_02_SF_MIN,2024,2,QB,319.0,241.1157416375311,4
00-0038128,2024_02_IND_GB,2024,2,QB,122.0,213.1844493342606,4
00-0039150,2024_02_LAC_CAR,2024,2,QB,84.0,210.10154693601694,4
00-0039152,2024_02_NYJ_TEN,2024,2,QB,192.0,217.56662630597515,4
00-0039163,2024_02_CHI_HOU,2024,2,QB,260.0,259.1025685092575,4
00-0039164,2024_02_IND_GB,2024,2,QB,204.0,224.4333989564199,4
00-0039732,2024_02_PIT_DEN,2024,2,QB,246.0,218.71455071660154,4
00-0039910,2024_02_NYG_WAS,2024,2,QB,226.0,218.55486780426233,4
00-0039918,2024_02_CHI_HOU,2024,2,QB,174.0,231.67166785223625,4
00-0023459,2024_03_NE_NYJ,2024,3,QB,281.0,232.48440089956875,4
00-0026498,2024_03_SF_LA,2024,3,QB,221.0,256.5570659037442,4
00-0027973,2024_03_CAR_LV,2024,3,QB,319.0,219.82885762792952,4
00-0029604,2024_03_KC_ATL,2024,3,QB,230.0,247.17761784542134,4
00-0030565,2024_03_MIA_SEA,2024,3,QB,289.0,237.74618043949562,4
00-0031280,2024_03_PHI_NO,2024,3,QB,142.0,253.9427032010234,4
00-0033077,2024_03_BAL_DAL,2024,3,QB,379.0,240.71409225882888,4
00-0033106,2024_03_DET_ARI,2024,3,QB,199.0,261.87175249713135,4
00-0033119,2024_03_NE_NYJ,2024,3,QB,98.0,153.5563329085877,4
00-0033537,2024_03_NYG_CLE,2024,3,QB,196.0,217.03534933637698,4
00-0033873,2024_03_KC_ATL,2024,3,QB,217.0,253.70911691652356,4
00-0034177,2024_03_MIA_SEA,2024,3,QB,79.0,124.63605150404494,4
00-0034796,2024_03_BAL_DAL,2024,3,QB,182.0,251.0272903100596,4
00-0034855,2024_03_DEN_TB,2024,3,QB,163.0,235.47356188864103,4
00-0034857,2024_03_JAX_BUF,2024,3,QB,263.0,244.53756778062882,4
00-0034869,2024_03_HOU_MIN,2024,3,QB,181.0,245.98451593745858,4
00-0035228,2024_03_DET_ARI,2024,3,QB,207.0,253.98823045310365,4
00-0035289,2024_03_CAR_LV,2024,3,QB,214.0,207.83619234196425,4
00-0035710,2024_03_NYG_CLE,2024,3,QB,236.0,215.9351091414761,4
00-0036355,2024_03_LAC_PIT,2024,3,QB,125.0,179.5350112706156,4
00-0036389,2024_03_PHI_NO,2024,3,QB,311.0,239.13538005433475,4
00-0036442,2024_03_WAS_CIN,2024,3,QB,324.0,250.39568779002903,4
00-0036945,2024_03_LAC_PIT,2024,3,QB,245.0,212.74783761128222,4
00-0036971,2024_03_JAX_BUF,2024,3,QB,178.0,187.07456420269472,4
00-0037327,2024_03_MIA_SEA,2024,3,QB,107.0,122.74299081770675,4
00-0037834,2024_03_SF_LA,2024,3,QB,292.0,262.0315531922204,4
00-0038128,2024_03_GB_TEN,2024,3,QB,202.0,203.25898060074329,4
00-0039152,2024_03_GB_TEN,2024,3,QB,260.0,213.48800299239312,4
00-0039163,2024_03_HOU_MIN,2024,3,QB,215.0,223.03453713936872,4
00-0039164,2024_03_CHI_IND,2024,3,QB,167.0,225.64887635890875,4
00-0039732,2024_03_DEN_TB,2024,3,QB,216.0,228.15852644535767,4
00-0039910,2024_03_WAS_CIN,2024,3,QB,254.0,227.16881369810068,4
00-0039918,2024_03_CHI_IND,2024,3,QB,363.0,219.3929347403559,4
00-0023459,2024_04_DEN_NYJ,2024,4,QB,225.0,239.39972655647156,4
00-0026158,2024_04_PIT_IND,2024,4,QB,168.0,184.29853790018348,4
00-0026498,2024_04_LA_CHI,2024,4,QB,224.0,232.0968497563419,4
00-0027973,2024_04_CIN_CAR,2024,4,QB,220.0,275.4147665751255,4
00-0029604,2024_04_NO_ATL,2024,4,QB,238.0,231.6979387036848,4
00-0030565,2024_04_SEA_DET,2024,4,QB,395.0,261.7401553706362,4
00-0031280,2024_04_NO_ATL,2024,4,QB,239.0,242.84702396533882,4
00-0033077,2024_04_DAL_NYG,2024,4,QB,221.0,272.81082673858117,4
00-0033106,2024_04_SEA_DET,2024,4,QB,292.0,245.10564895076905,4
00-0033119,2024_04_NE_SF,2024,4,QB,168.0,227.99124222581028,4
00-0033537,2024_04_CLE_LV,2024,4,QB,176.0,225.26275679282,4
00-0033873,2024_04_KC_LAC,2024,4,QB,245.0,243.88942595108685,4
00-0034771,2024_04_TEN_MIA,2024,4,QB,85.0,190.78069891365647,4
00-0034796,2024_04_BUF_BAL,2024,4,QB,156.0,229.89735432837074,4
00-0034855,2024_04_PHI_TB,2024,4,QB,347.0,238.2500628403467,4
00-0034857,2024_04_BUF_BAL,2024,4,QB,180.0,228.70765739036406,4
00-0034869,2024_04_MIN_GB,2024,4,QB,275.0,234.6198228557693,4
00-0035228,2024_04_WAS_ARI,2024,4,QB,142.0,244.0348367607719,4
00-0035289,2024_04_CLE_LV,2024,4,QB,130.0,236.16008741765128,4
00-0035710,2024_04_DAL_NYG,2024,4,QB,281.0,237.32562353342973,4
00-0035993,2024_04_TEN_MIA,2024,4,QB,96.0,199.3417393169382,4
00-0036264,2024_04_MIN_GB,2024,4,QB,389.0,245.7638367220107,4
00-0036355,2024_04_KC_LAC,2024,4,QB,179.0,237.65164315397686,4
00-0036389,2024_04_PHI_TB,2024,4,QB,158.0,243.1823530987152,4
00-0036442,2024_04_CIN_CAR,2024,4,QB,232.0,261.46038124096225,4
00-0036945,2024_04_PIT_IND,2024,4,QB,312.0,230.67084441897646,4
00-0036971,2024_04_JAX_HOU,2024,4,QB,169.0,226.63687734909834,4
00-0037834,2024_04_NE_SF,2024,4,QB,288.0,260.76543124736475,4
00-0039163,2024_04_JAX_HOU,2024,4,QB,345.0,247.41943816244694,4
00-0039732,2024_04_DEN_NYJ,2024,4,QB,60.0,214.10234136915795,4
00-0039910,2024_04_WAS_ARI,2024,4,QB,233.0,243.25178984461257,4
00-0039918,2024_04_LA_CHI,2024,4,QB,157.0,222.01589411932207,4
00-0023459,2024_05_NYJ_MIN,2024,5,QB,244.0,238.32762325372795,4
00-0026158,2024_05_IND_JAX,2024,5,QB,359.0,241.10365173362734,4
00-0026498,2024_05_GB_LA,2024,5,QB,260.0,254.705588158708,4
00-0027973,2024_05_CAR_CHI,2024,5,QB,136.0,235.3257317357355,4
00-0029604,2024_05_TB_ATL,2024,5,QB,509.0,241.3085154556818,4
00-0030565,2024_05_NYG_SEA,2024,5,QB,284.0,265.84909496801623,4
00-0031280,2024_05_NO_KC,2024,5,QB,165.0,219.93999386810438,4
00-0033077,2024_05_DAL_PIT,2024,5,QB,352.0,262.3513442200501,4
00-0033119,2024_05_MIA_NE,2024,5,QB,160.0,217.1846423397588,4
00-0033537,2024_05_CLE_WAS,2024,5,QB,125.0,229.3788652471301,4
00-0033873,2024_05_NO_KC,2024,5,QB,331.0,239.28932314567265,4
00-0034796,2024_05_BAL_CIN,2024,5,QB,348.0,232.89270862200308,4
00-0034855,2024_05_TB_ATL,2024,5,QB,180.0,253.05879395681077,4
00-0034857,2024_05_BUF_HOU,2024,5,QB,131.0,244.16128754953857,4
00-0034869,2024_05_NYJ_MIN,2024,5,QB,179.0,236.4832233857061,4
00-0035228,2024_05_ARI_SF,2024,5,QB,195.0,237.89571513132253,4
00-0035289,2024_05_LV_DEN,2024,5,QB,137.0,129.1457621922255,4
00-0035710,2024_05_NYG_SEA,2024,5,QB,257.0,231.70647858216682,4
00-0035993,2024_05_MIA_NE,2024,5,QB,194.0,203.05589954410004,4
00-0036264,2024_05_GB_LA,2024,5,QB,224.0,271.0592395616384,4
00-0036442,2024_05_BAL_CIN,2024,5,QB,392.0,245.06474534148919,4
00-0036945,2024_05_DAL_PIT,2024,5,QB,131.0,244.07623731608544,4
00-0036971,2024_05_IND_JAX,2024,5,QB,371.0,241.7161532676099,4
00-0037834,2024_05_ARI_SF,2024,5,QB,244.0,266.1665015444706,4
00-0038579,2024_05_LV_DEN,2024,5,QB,94.0,104.35562908394579,4
00-0039163,2024_05_BUF_HOU,2024,5,QB,331.0,267.88145419577154,4
00-0039732,2024_05_LV_DEN,2024,5,QB,206.0,208.97360541453267,4
00-0039910,2024_05_CLE_WAS,2024,5,QB,238.0,224.54726215462972,4
00-0039918,2024_05_CAR_CHI,2024,5,QB,304.0,222.40419142187162,4
00-0023459,2024_06_BUF_NYJ,2024,6,QB,294.0,222.62140706341017,4
00-0026158,2024_06_IND_TEN,2024,6,QB,189.0,246.90431928586932,4
00-0027973,2024_06_ATL_CAR,2024,6,QB,221.0,250.86979494802085,4
00-0029604,2024_06_ATL_CAR,2024,6,QB,225.0,264.29877130807574,4
00-0030565,2024_06_SF_SEA,2024,6,QB,312.0,261.51744871328344,4
00-0033077,2024_06_DET_DAL,2024,6,QB,178.0,218.5427077567772,4
00-0033106,2024_06_DET_DAL,2024,6,QB,315.0,238.65323209362066,4
00-0033537,2024_06_CLE_PHI,2024,6,QB,168.0,221.34382240690837,4
00-0034796,2024_06_WAS_BAL,2024,6,QB,323.0,248.41421844326882,4
00-0034855,2024_06_TB_NO,2024,6,QB,325.0,244.04234257143565,4
00-0034857,2024_06_BUF_NYJ,2024,6,QB,215.0,214.69547269741122,4
00-0035228,2024_06_ARI_GB,2024,6,QB,214.0,230.75198228478095,4
00-0035710,2024_06_CIN_NYG,2024,6,QB,205.0,245.58373207869997,4
00-0036264,2024_06_ARI_GB,2024,6,QB,258.0,263.6046218700581,4
00-0036355,2024_06_LAC_DEN,2024,6,QB,237.0,218.6700021992294,4
00-0036389,2024_06_CLE_PHI,2024,6,QB,264.0,219.267762286021,4
00-0036442,2024_06_CIN_NYG,2024,6,QB,208.0,277.79364876593115,4
00-0036945,2024_06_PIT_LV,2024,6,QB,145.0,232.1396105669541,4
00-0036971,2024_06_JAX_CHI,2024,6,QB,234.0,225.50961760865087,4
00-0037834,2024_06_SF_SEA,2024,6,QB,255.0,250.62713770911165,4
00-0038579,2024_06_PIT_LV,2024,6,QB,227.0,203.25264609332348,4
00-0039152,2024_06_IND_TEN,2024,6,QB,95.0,229.22132957491698,4
00-0039163,2024_06_HOU_NE,2024,6,QB,192.0,247.75649574597207,4
00-0039376,2024_06_TB_NO,2024,6,QB,243.0,227.48186733870168,4
00-0039732,2024_06_LAC_DEN,2024,6,QB,216.0,214.93598949496754,4
00-0039851,2024_06_HOU_NE,2024,6,QB,243.0,216.18801511137465,4
00-0039910,2024_06_WAS_BAL,2024,6,QB,269.0,234.55677377804153,4
00-0039918,2024_06_JAX_CHI,2024,6,QB,226.0,228.50385525393924,4
00-0023459,2024_07_NYJ_PIT,2024,7,QB,276.0,235.63648451775032,4
00-0026498,2024_07_LV_LA,2024,7,QB,154.0,245.77412262902672,4
00-0027973,2024_07_CAR_WAS,2024,7,QB,93.0,247.2927083363469,4
00-0029263,2024_07_NYJ_PIT,2024,7,QB,264.0,212.71357905065426,4
00-0029604,2024_07_SEA_ATL,2024,7,QB,232.0,260.7329010373837,4
00-0030565,2024_07_SEA_ATL,2024,7,QB,207.0,276.8972989905,4
00-0032268,2024_07_CAR_WAS,2024,7,QB,205.0,213.23237218937095,4
00-0033106,2024_07_DET_MIN,2024,7,QB,280.0,255.3442349095417,4
00-0033537,2024_07_CIN_CLE,2024,7,QB,128.0,136.44812465091658,4
00-0033873,2024_07_KC_SF,2024,7,QB,154.0,250.6152404957411,4
00-0034771,2024_07_TEN_BUF,2024,7,QB,215.0,207.7476121076102,4
00-0034796,2024_07_BAL_TB,2024,7,QB,281.0,248.03932274446595,4
00-0034855,2024_07_BAL_TB,2024,7,QB,370.0,257.12258282298893,4
00-0034857,2024_07_TEN_BUF,2024,7,QB,323.0,231.0874420691369,4
00-0034869,2024_07_DET_MIN,2024,7,QB,259.0,241.7104954013083,4
00-0035228,2024_07_LAC_ARI,2024,7,QB,145.0,229.12671789555066,4
00-0035289,2024_07_LV_LA,2024,7,QB,154.0,206.39067369073385,4
00-0035710,2024_07_PHI_NYG,2024,7,QB,99.0,188.5093728388748,4
00-0035993,2024_07_MIA_IND,2024,7,QB,87.0,128.7562939746798,4
00-0036264,2024_07_HOU_GB,2024,7,QB,220.0,266.5008771018915,4
00-0036355,2024_07_LAC_ARI,2024,7,QB,349.0,245.1584793768709,4
00-0036389,2024_07_PHI_NYG,2024,7,QB,114.0,222.97254097711607,4
00-0036442,2024_07_CIN_CLE,2024,7,QB,181.0,260.9791157786061,4
00-0036971,2024_07_NE_JAX,2024,7,QB,193.0,227.62293004631397,4
00-0037834,2024_07_KC_SF,2024,7,QB,212.0,262.48981259660815,4
00-0038583,2024_07_CIN_CLE,2024,7,QB,82.0,107.29520419757797,4
00-0039163,2024_07_HOU_GB,2024,7,QB,86.0,265.2244869682987,4
00-0039164,2024_07_MIA_IND,2024,7,QB,129.0,207.359444853324,4
00-0039376,2024_07_DEN_NO,2024,7,QB,172.0,206.97536375222302,4
00-0039732,2024_07_DEN_NO,2024,7,QB,164.0,218.17605034824683,4
00-0039851,2024_07_NE_JAX,2024,7,QB,276.0,218.02902632746984,4
00-0023459,2024_08_NYJ_NE,2024,8,QB,233.0,235.18457688873843,4
00-0026498,2024_08_MIN_LA,2024,8,QB,279.0,248.06339151178392,4
00-0029263,2024_08_NYG_PIT,2024,8,QB,278.0,247.68988179625924,4
00-0029604,2024_08_ATL_TB,2024,8,QB,276.0,265.1308964961433,4
00-0030565,2024_08_BUF_SEA,2024,8,QB,212.0,256.66018990039754,4
00-0031503,2024_08_BAL_CLE,2024,8,QB,334.0,222.33132257804286,4
00-0033077,2024_08_DAL_SF,2024,8,QB,243.0,260.5455246946761,4
00-0033106,2024_08_TEN_DET,2024,8,QB,85.0,252.08402262559426,4
00-0033119,2024_08_NYJ_NE,2024,8,QB,132.0,141.3784912829219,4
00-0033873,2024_08_KC_LV,2024,8,QB,262.0,238.48231666449198,4
00-0034771,2024_08_TEN_DET,2024,8,QB,266.0,224.08226354351845,4
00-0034796,2024_08_BAL_CLE,2024,8,QB,289.0,243.84251402995042,4
00-0034855,2024_08_ATL_TB,2024,8,QB,330.0,269.6092823427269,4
00-0034857,2024_08_BUF_SEA,2024,8,QB,283.0,233.62171151684436,4
00-0034869,2024_08_MIN_LA,2024,8,QB,240.0,246.8266994114748,4
00-0035228,2024_08_ARI_MIA,2024,8,QB,307.0,218.5286534720834,4
00-0035289,2024_08_KC_LV,2024,8,QB,209.0,232.40772803733216,4
00-0035710,2024_08_NYG_PIT,2024,8,QB,264.0,205.34713822379803,4
00-0036212,2024_08_ARI_MIA,2024,8,QB,234.0,213.55204666085163,4
00-0036264,2024_08_GB_JAX,2024,8,QB,196.0,190.75882064650182,4
00-0036355,2024_08_NO_LAC,2024,8,QB,279.0,242.5713140182619,4
00-0036389,2024_08_PHI_CIN,2024,8,QB,236.0,236.9555657317163,4
00-0036442,2024_08_PHI_CIN,2024,8,QB,234.0,251.00240570806886,4
00-0036971,2024_08_GB_JAX,2024,8,QB,308.0,242.54693229411185,4
00-0037834,2024_08_DAL_SF,2024,8,QB,260.0,260.56813287806324,4
00-0038128,2024_08_GB_JAX,2024,8,QB,56.0,154.1692996379599,4
00-0038998,2024_08_NO_LAC,2024,8,QB,122.0,113.9032999503326,4
00-0039150,2024_08_CAR_DEN,2024,8,QB,224.0,206.85339036189683,4
00-0039163,2024_08_IND_HOU,2024,8,QB,285.0,248.2897760193575,4
00-0039164,2024_08_IND_HOU,2024,8,QB,175.0,209.17335990134984,4
00-0039376,2024_08_NO_LAC,2024,8,QB,156.0,124.08223799984452,4
00-0039732,2024_08_CAR_DEN,2024,8,QB,284.0,218.0315373740297,4
00-0039910,2024_08_CHI_WAS,2024,8,QB,326.0,231.06696768662212,4
00-0039918,2024_08_CHI_WAS,2024,8,QB,131.0,234.7765558784734,4
00-0023459,2024_09_HOU_NYJ,2024,9,QB,211.0,243.85356249985676,4
00-0026158,2024_09_IND_MIN,2024,9,QB,179.0,250.28117797963293,4
00-0026498,2024_09_LA_SEA,2024,9,QB,298.0,245.38040353202848,4
00-0029604,2024_09_DAL_ATL,2024,9,QB,222.0,274.8871757165725,4
00-0030565,2024_09_LA_SEA,2024,9,QB,363.0,266.5163799096976,4
00-0031280,2024_09_NO_CAR,2024,9,QB,236.0,242.4001995951099,4
00-0031503,2024_09_LAC_CLE,2024,9,QB,235.0,265.6865955255033,4
00-0033077,2024_09_DAL_ATL,2024,9,QB,133.0,172.4942065465254,4
00-0033106,2024_09_DET_GB,2024,9,QB,145.0,248.2047932127196,4
00-0033662,2024_09_DAL_ATL,2024,9,QB,115.0,126.92853344196503,4
00-0033873,2024_09_TB_KC,2024,9,QB,291.0,251.40164604666717,4
00-0034771,2024_09_NE_TEN,2024,9,QB,240.0,209.1555859177539,4
00-0034796,2024_09_DEN_BAL,2024,9,QB,280.0,236.51445906955053,4
00-0034855,2024_09_TB_KC,2024,9,QB,200.0,268.47421578232814,4
00-0034857,2024_09_MIA_BUF,2024,9,QB,235.0,233.49369714741752,4
00-0034869,2024_09_IND_MIN,2024,9,QB,290.0,251.98557755916167,4
00-0035228,2024_09_CHI_ARI,2024,9,QB,154.0,232.38448901192464,4
00-0035289,2024_09_LV_CIN,2024,9,QB,124.0,134.4367927290137,4
00-0035710,2024_09_WAS_NYG,2024,9,QB,174.0,225.02641209734196,4
00-0036212,2024_09_MIA_BUF,2024,9,QB,231.0,240.17575408738767,4
00-0036264,2024_09_DET_GB,2024,9,QB,273.0,252.72808718698082,4
00-0036355,2024_09_LAC_CLE,2024,9,QB,282.0,240.56617072421645,4
00-0036389,2024_09_JAX_PHI,2024,9,QB,230.0,241.67595984444537,4
00-0036442,2024_09_LV_CIN,2024,9,QB,251.0,259.0750859040747,4
00-0036971,2024_09_JAX_PHI,2024,9,QB,169.0,241.32734163914125,4
00-0038122,2024_09_LV_CIN,2024,9,QB,74.0,109.22774968872986,4
00-0039150,2024_09_NO_CAR,2024,9,QB,171.0,217.02935791576908,4
00-0039163,2024_09_HOU_NYJ,2024,9,QB,191.0,244.58801090432652,4
00-0039732,2024_09_DEN_BAL,2024,9,QB,223.0,228.53031395711952,4
00-0039851,2024_09_NE_TEN,2024,9,QB,206.0,228.10050061688813,4
00-0039910,2024_09_WAS_NYG,2024,9,QB,209.0,240.36067213742254,4
00-0039918,2024_09_CHI_ARI,2024,9,QB,217.0,230.9186824576878,4
00-0023459,2024_10_NYJ_ARI,2024,10,QB,151.0,251.7607437322051,4
00-0026158,2024_10_BUF_IND,2024,10,QB,272.0,253.83206894568343,4
00-0026498,2024_10_MIA_LA,2024,10,QB,293.0,254.07876270779676,4
00-0029263,2024_10_PIT_WAS,2024,10,QB,195.0,249.72520132428625,4
00-0029604,2024_10_ATL_NO,2024,10,QB,306.0,265.66705031181255,4
00-0031280,2024_10_ATL_NO,2024,10,QB,269.0,248.5264827697138,4
00-0033106,2024_10_DET_HOU,2024,10,QB,240.0,256.2589081101142,4
00-0033662,2024_10_PHI_DAL,2024,10,QB,45.0,159.42609023590836,4
00-0033873,2024_10_DEN_KC,2024,10,QB,266.0,236.5723934742917,4
00-0034796,2024_10_CIN_BAL,2024,10,QB,290.0,258.303956005316,4
00-0034855,2024_10_SF_TB,2024,10,QB,116.0,266.93644845539274,4
00-0034857,2024_10_BUF_IND,2024,10,QB,280.0,249.24967610845604,4
00-0034869,2024_10_MIN_JAX,2024,10,QB,241.0,245.42349575556275,4
00-0035228,2024_10_NYJ_ARI,2024,10,QB,266.0,224.1124393802354,4
00-0035710,2024_10_NYG_CAR,2024,10,QB,190.0,217.7079706662806,4
00-0036212,2024_10_MIA_LA,2024,10,QB,207.0,254.58164953832986,4
00-0036355,2024_10_TEN_LAC,2024,10,QB,164.0,247.53384435443164,4
00-0036389,2024_10_PHI_DAL,2024,10,QB,202.0,211.5131020696267,4
00-0036442,2024_10_CIN_BAL,2024,10,QB,428.0,263.5597031865833,4
00-0036972,2024_10_MIN_JAX,2024,10,QB,111.0,221.30346808169895,4
00-0037834,2024_10_SF_TB,2024,10,QB,353.0,252.35082954748142,4
00-0039150,2024_10_NYG_CAR,2024,10,QB,126.0,214.42578617277866,4
00-0039152,2024_10_TEN_LAC,2024,10,QB,175.0,214.448065382491,4
00-0039163,2024_10_DET_HOU,2024,10,QB,232.0,247.08388981987628,4
00-0039732,2024_10_DEN_KC,2024,10,QB,215.0,218.56933621215475,4
00-0039851,2024_10_NE_CHI,2024,10,QB,184.0,210.56824225700194,4
00-0039910,2024_10_PIT_WAS,2024,10,QB,202.0,228.45245404954278,4
00-0039918,2024_10_NE_CHI,2024,10,QB,120.0,217.35389369344392,4
00-0023459,2024_11_IND_NYJ,2024,11,QB,184.0,245.3150973611065,4
00-0026498,2024_11_LA_NE,2024,11,QB,295.0,246.846959380002,4
00-0029263,2024_11_BAL_PIT,2024,11,QB,205.0,241.22434288999239,4
00-0029604,2024_11_ATL_DEN,2024,11,QB,173.0,207.68023429820664,4
00-0030565,2024_11_SEA_SF,2024,11,QB,221.0,262.54236781375334,4
00-0031280,2024_11_CLE_NO,2024,11,QB,248.0,243.08599041572353,4
00-0031503,2024_11_CLE_NO,2024,11,QB,395.0,238.4847381232161,4
00-0033106,2024_11_JAX_DET,2024,11,QB,412.0,210.01200728453742,4
00-0033662,2024_11_HOU_DAL,2024,11,QB,354.0,220.43035449645677,4
00-0033873,2024_11_KC_BUF,2024,11,QB,196.0,253.1020851130173,4
00-0034796,2024_11_BAL_PIT,2024,11,QB,207.0,241.73833198315808,4
00-0034857,2024_11_KC_BUF,2024,11,QB,262.0,241.1317065117372,4
00-0034869,2024_11_MIN_TEN,2024,11,QB,246.0,232.26041429062192,4
00-0035289,2024_11_LV_MIA,2024,11,QB,282.0,216.37196743001996,4
00-0036212,2024_11_LV_MIA,2024,11,QB,288.0,238.76943661685618,4
00-0036264,2024_11_GB_CHI,2024,11,QB,261.0,241.18436948958222,4
00-0036355,2024_11_CIN_LAC,2024,11,QB,297.0,251.33869747704836,4
00-0036389,2024_11_WAS_PHI,2024,11,QB,221.0,226.591388924524,4
00-0036442,2024_11_CIN_LAC,2024,11,QB,356.0,269.89443085311893,4
00-0036972,2024_11_JAX_DET,2024,11,QB,138.0,218.86499493848072,4
00-0037834,2024_11_SEA_SF,2024,11,QB,159.0,252.32922625284536,4
00-0039152,2024_11_MIN_TEN,2024,11,QB,295.0,224.96889869618045,4
00-0039163,2024_11_HOU_DAL,2024,11,QB,257.0,235.56546225591285,4
00-0039164,2024_11_IND_NYJ,2024,11,QB,272.0,205.5352764263115,4
00-0039732,2024_11_ATL_DEN,2024,11,QB,307.0,219.69300926578376,4
00-0039851,2024_11_LA_NE,2024,11,QB,282.0,218.7532479902343,4
00-0039910,2024_11_WAS_PHI,2024,11,QB,191.0,223.48338282021118,4
00-0039918,2024_11_GB_CHI,2024,11,QB,231.0,220.28962062598018,4
00-0026498,2024_12_PHI_LA,2024,12,QB,243.0,267.91849539804053,4
00-0029263,2024_12_PIT_CLE,2024,12,QB,270.0,192.49433622438104,4
00-0030565,2024_12_ARI_SEA,2024,12,QB,254.0,256.2258772112645,4
00-0031503,2024_12_PIT_CLE,2024,12,QB,219.0,230.59439248676614,4
00-0032434,2024_12_SF_GB,2024,12,QB,199.0,201.23915143152882,4
00-0033106,2024_12_DET_IND,2024,12,QB,269.0,259.3700916084686,4
00-0033662,2024_12_DAL_WAS,2024,12,QB,247.0,218.40974914034496,4
00-0033873,2024_12_KC_CAR,2024,12,QB,269.0,250.9255631977191,4
00-0034796,2024_12_BAL_LAC,2024,12,QB,177.0,251.74221075054845,4
00-0034855,2024_12_TB_NYG,2024,12,QB,294.0,236.38498296520117,4
00-0034869,2024_12_MIN_CHI,2024,12,QB,330.0,220.90062963897304,4
00-0035228,2024_12_ARI_SEA,2024,12,QB,285.0,228.73863038422434,4
00-0035289,2024_12_DEN_LV,2024,12,QB,230.0,204.23556099531666,4
00-0036212,2024_12_NE_MIA,2024,12,QB,317.0,250.48339009708656,4
00-0036264,2024_12_SF_GB,2024,12,QB,163.0,238.73495956915974,4
00-0036355,2024_12_BAL_LAC,2024,12,QB,218.0,247.60809218230014,4
00-0036389,2024_12_PHI_LA,2024,12,QB,179.0,230.18321135368575,4
00-0038476,2024_12_TB_NYG,2024,12,QB,189.0,195.7915876942787,4
00-0039150,2024_12_KC_CAR,2024,12,QB,263.0,213.57224935378414,4
00-0039152,2024_12_TEN_HOU,2024,12,QB,278.0,223.11800701375287,4
00-0039163,2024_12_TEN_HOU,2024,12,QB,247.0,233.78432487695147,4
00-0039164,2024_12_DET_IND,2024,12,QB,172.0,219.36115873992753,4
00-0039732,2024_12_DEN_LV,2024,12,QB,273.0,234.0395854478248,4
00-0039851,2024_12_NE_MIA,2024,12,QB,222.0,241.28449690655953,4
00-0039910,2024_12_DAL_WAS,2024,12,QB,275.0,234.52827419480087,4
00-0039918,2024_12_MIN_CHI,2024,12,QB,340.0,215.0293375430844,4
00-0023459,2024_13_SEA_NYJ,2024,13,QB,185.0,216.52989280296686,4
00-0026498,2024_13_LA_NO,2024,13,QB,183.0,269.978494229246,4
00-0029263,2024_13_PIT_CIN,2024,13,QB,414.0,231.38502881094058,4
00-0029604,2024_13_LAC_ATL,2024,13,QB,245.0,259.030218477842,4
00-0030565,2024_13_SEA_NYJ,2024,13,QB,206.0,238.69830137215092,4
00-0031280,2024_13_LA_NO,2024,13,QB,184.0,245.03144003006275,4
00-0031503,2024_13_CLE_DEN,2024,13,QB,497.0,241.09780950129385,4
00-0033106,2024_13_CHI_DET,2024,13,QB,221.0,250.3859771220719,4
00-0033662,2024_13_NYG_DAL,2024,13,QB,195.0,225.6258672438457,4
00-0033873,2024_13_LV_KC,2024,13,QB,306.0,249.71563976750767,4
00-0034796,2024_13_PHI_BAL,2024,13,QB,237.0,234.8189048209172,4
00-0034855,2024_13_TB_CAR,2024,13,QB,235.0,259.66282805304354,4
00-0034857,2024_13_SF_BUF,2024,13,QB,148.0,177.70322362116963,4
00-0034869,2024_13_ARI_MIN,2024,13,QB,235.0,256.8066553637829,4
00-0035228,2024_13_ARI_MIN,2024,13,QB,260.0,234.67270265071784,4
00-0035704,2024_13_NYG_DAL,2024,13,QB,178.0,223.18351567664664,4
00-0036212,2024_13_MIA_GB,2024,13,QB,365.0,244.66221510093877,4
00-0036264,2024_13_MIA_GB,2024,13,QB,274.0,236.289645148664,4
00-0036355,2024_13_LAC_ATL,2024,13,QB,147.0,251.37785423862363,4
00-0036389,2024_13_PHI_BAL,2024,13,QB,118.0,221.9119328164129,4
00-0036442,2024_13_PIT_CIN,2024,13,QB,309.0,260.05664008151535,4
00-0036972,2024_13_HOU_JAX,2024,13,QB,235.0,129.78096564113235,4
00-0037834,2024_13_SF_BUF,2024,13,QB,94.0,232.86941249324124,4
00-0038579,2024_13_LV_KC,2024,13,QB,340.0,217.09102279057498,4
00-0039150,2024_13_TB_CAR,2024,13,QB,298.0,230.63720721716254,4
00-0039152,2024_13_TEN_WAS,2024,13,QB,212.0,223.47534159823402,4
00-0039163,2024_13_HOU_JAX,2024,13,QB,242.0,237.1752083923074,4
00-0039164,2024_13_IND_NE,2024,13,QB,109.0,205.88691269001546,4
00-0039732,2024_13_CLE_DEN,2024,13,QB,294.0,231.3044290420212,4
00-0039851,2024_13_IND_NE,2024,13,QB,238.0,225.58935586803392,4
00-0039910,2024_13_TEN_WAS,2024,13,QB,206.0,233.24054461405404,4
00-0039918,2024_13_CHI_DET,2024,13,QB,256.0,236.47703570181707,4
00-0023459,2024_14_NYJ_MIA,2024,14,QB,339.0,232.52144906636326,4
00-0026498,2024_14_BUF_LA,2024,14,QB,320.0,259.22880328367893,4
00-0029263,2024_14_CLE_PIT,2024,14,QB,158.0,253.32479257719578,4
00-0029604,2024_14_ATL_MIN,2024,14,QB,344.0,259.84114489055344,4
00-0030565,2024_14_SEA_ARI,2024,14,QB,233.0,264.0092629321925,4
00-0031280,2024_14_NO_NYG,2024,14,QB,219.0,224.54445428855487,4
00-0031503,2024_14_CLE_PIT,2024,14,QB,212.0,248.20804228879106,4
00-0033106,2024_14_GB_DET,2024,14,QB,283.0,259.62801883444,4
00-0033662,2024_14_CIN_DAL,2024,14,QB,183.0,244.0064869824897,4
00-0033873,2024_14_LAC_KC,2024,14,QB,210.0,254.1400798694795,4
00-0034855,2024_14_LV_TB,2024,14,QB,295.0,262.5909408602901,4
00-0034857,2024_14_BUF_LA,2024,14,QB,342.0,240.64904954481744,4
00-0034869,2024_14_ATL_MIN,2024,14,QB,347.0,258.51197209099826,4
00-0035228,2024_14_SEA_ARI,2024,14,QB,259.0,234.52948363722066,4
00-0035704,2024_14_NO_NYG,2024,14,QB,227.0,205.7928554595954,4
00-0036212,2024_14_NYJ_MIA,2024,14,QB,331.0,262.59968563729365,4
00-0036264,2024_14_GB_DET,2024,14,QB,206.0,264.41617324592426,4
00-0036355,2024_14_LAC_KC,2024,14,QB,213.0,229.2426478135009,4
00-0036389,2024_14_CAR_PHI,2024,14,QB,108.0,222.70848556733065,4
00-0036442,2024_14_CIN_DAL,2024,14,QB,369.0,281.80584443889626,4
00-0036972,2024_14_JAX_TEN,2024,14,QB,220.0,215.17050512934978,4
00-0037834,2024_14_CHI_SF,2024,14,QB,325.0,225.45331145222855,4
00-0038122,2024_14_LV_TB,2024,14,QB,101.0,136.46784219367532,4
00-0038579,2024_14_LV_TB,2024,14,QB,104.0,144.9245851206811,4
00-0039150,2024_14_CAR_PHI,2024,14,QB,191.0,209.07809593619294,4
00-0039152,2024_14_JAX_TEN,2024,14,QB,168.0,228.33818918878944,4
00-0039918,2024_14_CHI_SF,2024,14,QB,134.0,229.51302916774551,4
00-0023459,2024_15_NYJ_JAX,2024,15,QB,289.0,239.1115833405361,4
00-0026498,2024_15_LA_SF,2024,15,QB,160.0,269.0533824115229,4
00-0029263,2024_15_PIT_PHI,2024,15,QB,128.0,248.17473003370446,4
00-0029604,2024_15_ATL_LV,2024,15,QB,112.0,258.31194804072715,4
00-0030565,2024_15_GB_SEA,2024,15,QB,149.0,173.88136621051012,4
00-0031503,2024_15_KC_CLE,2024,15,QB,146.0,207.57419348532815,4
00-0033106,2024_15_BUF_DET,2024,15,QB,494.0,263.9837406840496,4
00-0033662,2024_15_DAL_CAR,2024,15,QB,214.0,215.98747974819756,4
00-0033873,2024_15_KC_CLE,2024,15,QB,159.0,225.33805586547425,4
00-0034177,2024_15_BAL_NYG,2024,15,QB,123.0,127.35320960294418,4
00-0034771,2024_15_CIN_TEN,2024,15,QB,209.0,126.12977792564384,4
00-0034796,2024_15_BAL_NYG,2024,15,QB,290.0,220.6121146734986,4
00-0034855,2024_15_TB_LAC,2024,15,QB,288.0,261.3855815068054,4
00-0034857,2024_15_BUF_DET,2024,15,QB,362.0,248.5545265136539,4
00-0034869,2024_15_CHI_MIN,2024,15,QB,231.0,261.16207126985915,4
00-0035228,2024_15_NE_ARI,2024,15,QB,224.0,239.71845952585753,4
00-0036212,2024_15_MIA_HOU,2024,15,QB,196.0,278.262755787106,4
00-0036264,2024_15_GB_SEA,2024,15,QB,229.0,244.9656863091584,4
00-0036355,2024_15_TB_LAC,2024,15,QB,195.0,245.0940622855454,4
00-0036389,2024_15_PIT_PHI,2024,15,QB,290.0,215.88569855505955,4
00-0036442,2024_15_CIN_TEN,2024,15,QB,271.0,265.21820079285135,4
00-0036972,2024_15_NYJ_JAX,2024,15,QB,294.0,219.02273796312693,4
00-0037077,2024_15_GB_SEA,2024,15,QB,24.0,116.8527257790261,4
00-0037834,2024_15_LA_SF,2024,15,QB,142.0,255.00037301254932,4
00-0038122,2024_15_ATL_LV,2024,15,QB,208.0,226.91366841335724,4
00-0038476,2024_15_BAL_NYG,2024,15,QB,68.0,127.20766603018151,4
00-0038998,2024_15_WAS_NO,2024,15,QB,49.0,123.66391127684669,4
00-0039150,2024_15_DAL_CAR,2024,15,QB,219.0,219.1842002342863,4
00-0039152,2024_15_CIN_TEN,2024,15,QB,89.0,141.88026668065572,4
00-0039163,2024_15_MIA_HOU,2024,15,QB,131.0,235.50913050886066,4
00-0039164,2024_15_IND_DEN,2024,15,QB,172.0,203.64488330153983,4
00-0039376,2024_15_WAS_NO,2024,15,QB,135.0,124.94037808079403,4
00-0039732,2024_15_IND_DEN,2024,15,QB,130.0,232.48647824926476,4
00-0039851,2024_15_NE_ARI,2024,15,QB,202.0,241.15961636691287,4
00-0039910,2024_15_WAS_NO,2024,15,QB,226.0,237.75854879295824,4
00-0039918,2024_15_CHI_MIN,2024,15,QB,191.0,230.2020621479892,4
00-0023459,2024_16_LA_NYJ,2024,16,QB,256.0,243.5798862172853,4
00-0026498,2024_16_LA_NYJ,2024,16,QB,110.0,243.19643436617267,4
00-0029263,2024_16_PIT_BAL,2024,16,QB,217.0,222.4956143179311,4
00-0030565,2024_16_MIN_SEA,2024,16,QB,314.0,245.40631703023823,4
00-0033106,2024_16_DET_CHI,2024,16,QB,336.0,256.7378339538114,4
00-0033662,2024_16_TB_DAL,2024,16,QB,292.0,237.49268604707652,4
00-0033873,2024_16_HOU_KC,2024,16,QB,260.0,248.0860718241467,4
00-0034771,2024_16_TEN_IND,2024,16,QB,252.0,230.26730846862156,4
00-0034796,2024_16_PIT_BAL,2024,16,QB,207.0,228.26770253125554,4
00-0034855,2024_16_TB_DAL,2024,16,QB,303.0,274.93401973608115,4
00-0034857,2024_16_NE_BUF,2024,16,QB,154.0,242.37306538878667,4
00-0034869,2024_16_MIN_SEA,2024,16,QB,246.0,254.55127283522074,4
00-0035228,2024_16_ARI_CAR,2024,16,QB,202.0,224.46400452903185,4
00-0035704,2024_16_NYG_ATL,2024,16,QB,210.0,223.0351097838268,4
00-0036212,2024_16_SF_MIA,2024,16,QB,215.0,259.44194992260236,4
00-0036264,2024_16_NO_GB,2024,16,QB,182.0,222.09043439292662,4
00-0036355,2024_16_DEN_LAC,2024,16,QB,284.0,235.7915219755698,4
00-0036442,2024_16_CLE_CIN,2024,16,QB,252.0,266.7642143276278,4
00-0036972,2024_16_JAX_LV,2024,16,QB,247.0,226.13445997647256,4
00-0037834,2024_16_SF_MIA,2024,16,QB,313.0,228.46471621195698,4
00-0038102,2024_16_PHI_WAS,2024,16,QB,143.0,193.675311976493,4
00-0038579,2024_16_JAX_LV,2024,16,QB,257.0,224.654908525028,4
00-0038583,2024_16_CLE_CIN,2024,16,QB,157.0,211.41640596044172,4
00-0039150,2024_16_ARI_CAR,2024,16,QB,158.0,215.58197388367253,4
00-0039163,2024_16_HOU_KC,2024,16,QB,244.0,232.25931498705916,4
00-0039164,2024_16_TEN_IND,2024,16,QB,131.0,237.51474506004402,4
00-0039376,2024_16_NO_GB,2024,16,QB,153.0,198.10538533094882,4
00-0039732,2024_16_DEN_LAC,2024,16,QB,263.0,233.57471763820567,4
00-0039851,2024_16_NE_BUF,2024,16,QB,261.0,234.4169595870246,4
00-0039910,2024_16_PHI_WAS,2024,16,QB,258.0,225.62973722534645,4
00-0039917,2024_16_NYG_ATL,2024,16,QB,202.0,224.84411578654107,4
00-0039918,2024_16_DET_CHI,2024,16,QB,334.0,227.7710720655223,4
00-0023459,2024_17_NYJ_BUF,2024,17,QB,112.0,148.99893240399135,4
00-0026158,2024_17_IND_NYG,2024,17,QB,330.0,229.6215029923215,4
00-0026498,2024_17_ARI_LA,2024,17,QB,189.0,249.2619641492152,4
00-0028118,2024_17_NYJ_BUF,2024,17,QB,83.0,105.95300621822142,4
00-0029263,2024_17_KC_PIT,2024,17,QB,205.0,236.85443572440028,4
00-0030565,2024_17_SEA_CHI,2024,17,QB,160.0,249.7541533203859,4
00-0033106,2024_17_DET_SF,2024,17,QB,303.0,266.33872743525865,4
00-0033662,2024_17_DAL_PHI,2024,17,QB,147.0,208.8041331821315,4
00-0033873,2024_17_KC_PIT,2024,17,QB,320.0,248.02501023587024,4
00-0034771,2024_17_TEN_JAX,2024,17,QB,193.0,218.16916433409395,4
00-0034796,2024_17_BAL_HOU,2024,17,QB,168.0,236.41619796275748,4
00-0034855,2024_17_CAR_TB,2024,17,QB,359.0,254.99367083282294,4
00-0034857,2024_17_NYJ_BUF,2024,17,QB,182.0,210.9897893850163,4
00-0034869,2024_17_GB_MIN,2024,17,QB,377.0,265.10731197985314,4
00-0035228,2024_17_ARI_LA,2024,17,QB,321.0,240.81729762840382,4
00-0035704,2024_17_IND_NYG,2024,17,QB,309.0,216.08367812376636,4
00-0035993,2024_17_MIA_CLE,2024,17,QB,225.0,185.26532899021436,4
00-0036264,2024_17_GB_MIN,2024,17,QB,185.0,252.36901090545646,4
00-0036355,2024_17_LAC_NE,2024,17,QB,281.0,212.1939962024212,4
00-0036442,2024_17_DEN_CIN,2024,17,QB,412.0,272.9797629772422,4
00-0036972,2024_17_TEN_JAX,2024,17,QB,174.0,210.58368805071066,4
00-0037834,2024_17_DET_SF,2024,17,QB,377.0,239.2579378293001,4
00-0038102,2024_17_DAL_PHI,2024,17,QB,143.0,118.9245466275813,4
00-0038579,2024_17_LV_NO,2024,17,QB,242.0,220.94358161520773,4
00-0038583,2024_17_MIA_CLE,2024,17,QB,170.0,181.17613301664755,4
00-0039150,2024_17_CAR_TB,2024,17,QB,203.0,237.37157217237,4
00-0039163,2024_17_BAL_HOU,2024,17,QB,185.0,223.52097845110643,4
00-0039376,2024_17_LV_NO,2024,17,QB,218.0,214.38205713502262,4
00-0039732,2024_17_DEN_CIN,2024,17,QB,219.0,241.40562133081679,4
00-0039851,2024_17_LAC_NE,2024,17,QB,117.0,200.8038147791448,4
00-0039910,2024_17_ATL_WAS,2024,17,QB,227.0,237.79891212293842,4
00-0039917,2024_17_ATL_WAS,2024,17,QB,223.0,225.45154653031955,4
00-0039918,2024_17_SEA_CHI,2024,17,QB,122.0,228.3478567477431,4
00-0023459,2024_18_MIA_NYJ,2024,18,QB,274.0,212.26346314639324,4
00-0026158,2024_18_JAX_IND,2024,18,QB,264.0,253.5791854181522,4
00-0029263,2024_18_CIN_PIT,2024,18,QB,148.0,228.04045102662315,4
00-0030565,2024_18_SEA_LA,2024,18,QB,223.0,245.89908604170782,4
00-0031345,2024_18_SEA_LA,2024,18,QB,334.0,212.3231114256858,4
00-0032268,2024_18_WAS_DAL,2024,18,QB,161.0,161.00020088348174,4
00-0032950,2024_18_KC_DEN,2024,18,QB,98.0,194.70380441507496,4
00-0033106,2024_18_MIN_DET,2024,18,QB,231.0,277.29742396274474,4
00-0033869,2024_18_BUF_NE,2024,18,QB,101.0,105.30049554628877,4
00-0033949,2024_18_SF_ARI,2024,18,QB,326.0,227.15145715707536,4
00-0034771,2024_18_HOU_TEN,2024,18,QB,70.0,126.95496513579002,4
00-0034796,2024_18_CLE_BAL,2024,18,QB,217.0,227.00622087849814,4
00-0034855,2024_18_NO_TB,2024,18,QB,221.0,266.8802807081523,4
00-0034869,2024_18_MIN_DET,2024,18,QB,166.0,282.2714842419441,4
00-0035228,2024_18_SF_ARI,2024,18,QB,242.0,233.7950015181285,4
00-0035704,2024_18_NYG_PHI,2024,18,QB,138.0,192.4773634392329,4
00-0035993,2024_18_MIA_NYJ,2024,18,QB,227.0,186.77444877938467,4
00-0036264,2024_18_CHI_GB,2024,18,QB,69.0,129.92408662512148,4
00-0036355,2024_18_LAC_LV,2024,18,QB,346.0,251.21999397436886,4
00-0036442,2024_18_CIN_PIT,2024,18,QB,277.0,255.81083951950052,4
00-0036898,2024_18_HOU_TEN,2024,18,QB,128.0,167.82769807214464,4
00-0036972,2024_18_JAX_IND,2024,18,QB,225.0,235.09631268966191,4
00-0037012,2024_18_WAS_DAL,2024,18,QB,244.0,229.45335327764462,4
00-0038108,2024_18_CLE_BAL,2024,18,QB,170.0,185.18133210601485,4
00-0038128,2024_18_CHI_GB,2024,18,QB,136.0,132.59137515449098,4
00-0038400,2024_18_NYG_PHI,2024,18,QB,269.0,195.75085118185967,4
00-0038579,2024_18_LAC_LV,2024,18,QB,214.0,225.91456052928908,4
00-0039150,2024_18_CAR_ATL,2024,18,QB,251.0,242.12962043150085,4
00-0039152,2024_18_HOU_TEN,2024,18,QB,175.0,130.2468954189188,4
00-0039376,2024_18_NO_TB,2024,18,QB,240.0,214.86996596811667,4
00-0039398,2024_18_BUF_NE,2024,18,QB,241.0,188.5899876831133,4
00-0039732,2024_18_KC_DEN,2024,18,QB,321.0,220.4510591687687,4
00-0039910,2024_18_WAS_DAL,2024,18,QB,38.0,183.99457165301595,4
00-0039917,2024_18_CAR_ATL,2024,18,QB,312.0,235.27769206598674,4
00-0039918,2024_18_CHI_GB,2024,18,QB,148.0,203.99057977266176,4
00-0026498,2024_19_MIN_LA,2024,19,QB,209.0,245.01838660750653,4
00-0029263,2024_19_PIT_BAL,2024,19,QB,270.0,218.59981371222696,4
00-0034796,2024_19_PIT_BAL,2024,19,QB,175.0,225.10064026472995,4
00-0034855,2024_19_WAS_TB,2024,19,QB,185.0,272.5404283705522,4
00-0034857,2024_19_DEN_BUF,2024,19,QB,272.0,219.1476591220712,4
00-0034869,2024_19_MIN_LA,2024,19,QB,245.0,270.37161538584036,4
00-0036264,2024_19_GB_PHI,2024,19,QB,212.0,233.84917626439622,4
00-0036355,2024_19_LAC_HOU,2024,19,QB,242.0,253.97099963314008,4
00-0036389,2024_19_GB_PHI,2024,19,QB,131.0,221.69877392035949,4
00-0039163,2024_19_LAC_HOU,2024,19,QB,282.0,231.4048242971782,4
00-0039732,2024_19_DEN_BUF,2024,19,QB,144.0,225.6903270139004,4
00-0039910,2024_19_WAS_TB,2024,19,QB,268.0,243.40975622297606,4
00-0026498,2024_20_LA_PHI,2024,20,QB,324.0,236.33083012006745,4
00-0033106,2024_20_WAS_DET,2024,20,QB,313.0,265.7175997752655,4
00-0033873,2024_20_HOU_KC,2024,20,QB,177.0,234.76102979895757,4
00-0034796,2024_20_BAL_BUF,2024,20,QB,254.0,235.19598390510365,4
00-0034857,2024_20_BAL_BUF,2024,20,QB,127.0,234.90562034254881,4
00-0036389,2024_20_LA_PHI,2024,20,QB,128.0,223.8862913912445,4
00-0039163,2024_20_HOU_KC,2024,20,QB,245.0,218.8904828019821,4
00-0039910,2024_20_WAS_DET,2024,20,QB,299.0,246.5870544572646,4
00-0033873,2024_21_BUF_KC,2024,21,QB,245.0,248.36738178795684,4
00-0034857,2024_21_BUF_KC,2024,21,QB,237.0,233.39596447956833,4
00-0036389,2024_21_WAS_PHI,2024,21,QB,246.0,213.00309929558293,4
00-0039910,2024_21_WAS_PHI,2024,21,QB,255.0,214.75928411118468,4
00-0033873,2024_22_KC_PHI,2024,22,QB,257.0,254.92612026252368,4
00-0036389,2024_22_KC_PHI,2024,22,QB,221.0,236.91987418155068,4
00-0023459,2025_01_PIT_NYJ,2025,1,QB,244.0,213.5367039622955,5
00-0026158,2025_01_CIN_CLE,2025,1,QB,290.0,237.44126502114506,5
00-0026498,2025_01_HOU_LA,2025,1,QB,245.0,238.71554848160577,5
00-0029263,2025_01_NYG_WAS,2025,1,QB,168.0,241.04167053694545,5
00-0030565,2025_01_LV_NE,2025,1,QB,362.0,236.40477962529505,5
00-0033077,2025_01_DAL_PHI,2025,1,QB,188.0,240.64801300181287,5
00-0033106,2025_01_DET_GB,2025,1,QB,225.0,239.77605088933947,5
00-0033873,2025_01_KC_LAC,2025,1,QB,258.0,256.75371805238143,5
00-0034796,2025_01_BAL_BUF,2025,1,QB,209.0,241.49406263837466,5
00-0034855,2025_01_TB_ATL,2025,1,QB,167.0,252.11793201116396,5
00-0034857,2025_01_BAL_BUF,2025,1,QB,394.0,247.2229230624335,5
00-0034869,2025_01_SF_SEA,2025,1,QB,150.0,232.43045783356752,5
00-0035228,2025_01_ARI_NO,2025,1,QB,163.0,240.71468490597562,5
00-0035710,2025_01_MIA_IND,2025,1,QB,272.0,251.44190875794945,5
00-0036212,2025_01_MIA_IND,2025,1,QB,114.0,207.33111439566778,5
00-0036264,2025_01_DET_GB,2025,1,QB,188.0,241.57866210201712,5
00-0036355,2025_01_KC_LAC,2025,1,QB,318.0,254.0350456269028,5
00-0036389,2025_01_DAL_PHI,2025,1,QB,152.0,241.85403669609389,5
00-0036442,2025_01_CIN_CLE,2025,1,QB,113.0,229.67376084873257,5
00-0036945,2025_01_PIT_NYJ,2025,1,QB,218.0,211.58931282370216,5
00-0036971,2025_01_CAR_JAX,2025,1,QB,178.0,246.9487029498834,5
00-0037834,2025_01_SF_SEA,2025,1,QB,277.0,234.7435575406878,5
00-0039150,2025_01_CAR_JAX,2025,1,QB,154.0,231.2989838438827,5
00-0039163,2025_01_HOU_LA,2025,1,QB,188.0,237.9932888770811,5
00-0039376,2025_01_ARI_NO,2025,1,QB,214.0,243.14160285352983,5
00-0039732,2025_01_TEN_DEN,2025,1,QB,176.0,231.38895204774158,5
00-0039851,2025_01_LV_NE,2025,1,QB,287.0,236.59349291214608,5
00-0039910,2025_01_NYG_WAS,2025,1,QB,233.0,243.58692674784186,5
00-0039917,2025_01_TB_ATL,2025,1,QB,298.0,249.9475331655889,5
00-0039918,2025_01_MIN_CHI,2025,1,QB,210.0,230.2133760621294,5
00-0039923,2025_01_MIN_CHI,2025,1,QB,143.0,226.508967027156,5
00-0040676,2025_01_TEN_DEN,2025,1,QB,112.0,227.04873292631655,5
00-0023459,2025_02_SEA_PIT,2025,2,QB,203.0,240.02623736819197,5
00-0026158,2025_02_CLE_BAL,2025,2,QB,199.0,242.13407264412314,5
00-0026498,2025_02_LA_TEN,2025,2,QB,298.0,244.09221755111406,5
00-0028118,2025_02_BUF_NYJ,2025,2,QB,56.0,91.92448333376925,5
00-0029263,2025_02_NYG_DAL,2025,2,QB,450.0,213.7622922157631,5
00-0030565,2025_02_LAC_LV,2025,2,QB,180.0,268.734660801891,5
00-0033077,2025_02_NYG_DAL,2025,2,QB,361.0,254.77286834893346,5
00-0033106,2025_02_CHI_DET,2025,2,QB,334.0,253.97914206602982,5
00-0033873,2025_02_PHI_KC,2025,2,QB,187.0,266.6493992866974,5
00-0034796,2025_02_CLE_BAL,2025,2,QB,225.0,215.44100880721447,5
00-0034855,2025_02_TB_HOU,2025,2,QB,215.0,222.13649021012762,5
00-0034857,2025_02_BUF_NYJ,2025,2,QB,148.0,265.1984571672542,5
00-0034869,2025_02_SEA_PIT,2025,2,QB,295.0,229.0610105093617,5
00-0035100,2025_02_JAX_CIN,2025,2,QB,241.0,112.88628371147796,5
00-0035228,2025_02_CAR_ARI,2025,2,QB,220.0,223.47550635963822,5
00-0035710,2025_02_DEN_IND,2025,2,QB,316.0,240.72358334640583,5
00-0036212,2025_02_NE_MIA,2025,2,QB,315.0,228.89825338204628,5
00-0036264,2025_02_WAS_GB,2025,2,QB,292.0,248.7316299862756,5
00-0036355,2025_02_LAC_LV,2025,2,QB,242.0,275.46312178449773,5
00-0036389,2025_02_PHI_KC,2025,2,QB,101.0,238.640499466625,5
00-0036945,2025_02_BUF_NYJ,2025,2,QB,27.0,127.8411581316217,5
00-0036971,2025_02_JAX_CIN,2025,2,QB,271.0,242.70732957130477,5
00-0036972,2025_02_SF_NO,2025,2,QB,279.0,218.31544806595232,5
00-0039150,2025_02_CAR_ARI,2025,2,QB,328.0,208.83887940482228,5
00-0039163,2025_02_TB_HOU,2025,2,QB,207.0,223.89075883845695,5
00-0039376,2025_02_SF_NO,2025,2,QB,207.0,211.85481216634656,5
00-0039732,2025_02_DEN_IND,2025,2,QB,206.0,221.51966973875167,5
00-0039851,2025_02_NE_MIA,2025,2,QB,230.0,247.4773040361232,5
00-0039910,2025_02_WAS_GB,2025,2,QB,200.0,230.34511233981402,5
00-0039917,2025_02_ATL_MIN,2025,2,QB,135.0,278.39038395646355,5
00-0039918,2025_02_CHI_DET,2025,2,QB,207.0,221.40683701535178,5
00-0039923,2025_02_ATL_MIN,2025,2,QB,158.0,232.922633021108,5
00-0040676,2025_02_LA_TEN,2025,2,QB,175.0,223.89974973793514,5
00-0023459,2025_03_PIT_NE,2025,3,QB,139.0,251.76982218373158,5
00-0026158,2025_03_GB_CLE,2025,3,QB,142.0,224.2163347312359,5
00-0026498,2025_03_LA_PHI,2025,3,QB,196.0,265.4221259580466,5
00-0028118,2025_03_NYJ_TB,2025,3,QB,197.0,221.35335894624203,5
00-0029263,2025_03_KC_NYG,2025,3,QB,160.0,260.31675233281345,5
00-0030565,2025_03_LV_WAS,2025,3,QB,289.0,236.89304199802808,5
00-0032268,2025_03_LV_WAS,2025,3,QB,207.0,210.70674148840715,5
00-0032950,2025_03_CIN_MIN,2025,3,QB,173.0,171.60793963039725,5
00-0033077,2025_03_DAL_CHI,2025,3,QB,251.0,251.41303792639619,5
00-0033106,2025_03_DET_BAL,2025,3,QB,202.0,273.1911803002363,5
00-0033873,2025_03_KC_NYG,2025,3,QB,224.0,247.42114831356997,5
00-0034796,2025_03_DET_BAL,2025,3,QB,288.0,263.5528022651534,5
00-0034855,2025_03_NYJ_TB,2025,3,QB,233.0,246.62710192778255,5
00-0034857,2025_03_MIA_BUF,2025,3,QB,213.0,277.52383115895253,5
00-0034869,2025_03_NO_SEA,2025,3,QB,218.0,141.91364908630052,5
00-0035100,2025_03_CIN_MIN,2025,3,QB,140.0,227.07128346825078,5
00-0035228,2025_03_ARI_SF,2025,3,QB,159.0,215.90824967457962,5
00-0035710,2025_03_IND_TEN,2025,3,QB,228.0,233.3862472713506,5
00-0036212,2025_03_MIA_BUF,2025,3,QB,146.0,237.79407713645548,5
00-0036264,2025_03_GB_CLE,2025,3,QB,183.0,241.42799768778153,5
00-0036355,2025_03_DEN_LAC,2025,3,QB,300.0,251.61995726951776,5
00-0036389,2025_03_LA_PHI,2025,3,QB,226.0,223.61529186731025,5
00-0036971,2025_03_HOU_JAX,2025,3,QB,222.0,239.184255483923,5
00-0036972,2025_03_ARI_SF,2025,3,QB,284.0,269.23160605121035,5
00-0039150,2025_03_ATL_CAR,2025,3,QB,121.0,220.132914964182,5
00-0039163,2025_03_HOU_JAX,2025,3,QB,204.0,207.4184472044084,5
00-0039376,2025_03_NO_SEA,2025,3,QB,218.0,232.0333855621648,5
00-0039732,2025_03_DEN_LAC,2025,3,QB,153.0,244.76480633871202,5
00-0039851,2025_03_PIT_NE,2025,3,QB,268.0,258.3271155805233,5
00-0039917,2025_03_ATL_CAR,2025,3,QB,172.0,168.6015808310862,5
00-0039918,2025_03_DAL_CHI,2025,3,QB,298.0,237.08659617112494,5
00-0040676,2025_03_IND_TEN,2025,3,QB,219.0,223.6685066020362,5
00-0023459,2025_04_MIN_PIT,2025,4,QB,200.0,243.69839350615308,5
00-0026158,2025_04_CLE_DET,2025,4,QB,184.0,237.36519920622325,5
00-0026498,2025_04_IND_LA,2025,4,QB,375.0,269.09683380800925,5
00-0030565,2025_04_CHI_LV,2025,4,QB,117.0,263.6099272861593,5
00-0032268,2025_04_WAS_ATL,2025,4,QB,156.0,216.3610849033612,5
00-0032950,2025_04_MIN_PIT,2025,4,QB,350.0,253.53741190603472,5
00-0033077,2025_04_GB_DAL,2025,4,QB,319.0,267.05113526383616,5
00-0033106,2025_04_CLE_DET,2025,4,QB,168.0,250.60090860975944,5
00-0033873,2025_04_BAL_KC,2025,4,QB,270.0,242.38166195490408,5
00-0034796,2025_04_BAL_KC,2025,4,QB,147.0,140.73858825367552,5
00-0034855,2025_04_PHI_TB,2025,4,QB,289.0,236.5917058356331,5
00-0034857,2025_04_NO_BUF,2025,4,QB,209.0,261.25103875082334,5
00-0034869,2025_04_SEA_ARI,2025,4,QB,242.0,243.05771064428936,5
00-0035100,2025_04_CIN_DEN,2025,4,QB,125.0,210.1106443206356,5
00-0035228,2025_04_SEA_ARI,2025,4,QB,200.0,227.06598019370978,5
00-0035710,2025_04_IND_LA,2025,4,QB,262.0,263.55950925686784,5
00-0036212,2025_04_NYJ_MIA,2025,4,QB,177.0,226.67255041133907,5
00-0036264,2025_04_GB_DAL,2025,4,QB,337.0,251.24191666319658,5
00-0036355,2025_04_LAC_NYG,2025,4,QB,203.0,272.83069885888756,5
00-0036389,2025_04_PHI_TB,2025,4,QB,130.0,227.97629543598447,5
00-0036945,2025_04_NYJ_MIA,2025,4,QB,226.0,204.80028276371928,5
00-0036971,2025_04_JAX_SF,2025,4,QB,174.0,227.66039652267995,5
00-0037834,2025_04_JAX_SF,2025,4,QB,309.0,250.95062952876177,5
00-0039150,2025_04_CAR_NE,2025,4,QB,150.0,176.92697656117574,5
00-0039163,2025_04_TEN_HOU,2025,4,QB,233.0,217.08745987222233,5
00-0039376,2025_04_NO_BUF,2025,4,QB,126.0,244.13438306088838,5
00-0039732,2025_04_CIN_DEN,2025,4,QB,326.0,225.86514087341652,5
00-0039851,2025_04_CAR_NE,2025,4,QB,203.0,235.46715741174702,5
00-0039917,2025_04_WAS_ATL,2025,4,QB,313.0,229.77690148198684,5
00-0039918,2025_04_CHI_LV,2025,4,QB,212.0,244.49101737737487,5
00-0040676,2025_04_TEN_HOU,2025,4,QB,108.0,214.8562909340764,5
00-0040691,2025_04_LAC_NYG,2025,4,QB,111.0,209.5546248107593,5
00-0026498,2025_05_SF_LA,2025,5,QB,389.0,281.54361239323566,5
00-0030565,2025_05_LV_IND,2025,5,QB,228.0,240.0680403564435,5
00-0032950,2025_05_MIN_CLE,2025,5,QB,236.0,222.49914124297123,5
00-0033077,2025_05_DAL_NYJ,2025,5,QB,237.0,273.12392169752627,5
00-0033106,2025_05_DET_CIN,2025,5,QB,258.0,258.65271218849875,5
00-0033662,2025_05_HOU_BAL,2025,5,QB,179.0,210.04075146216076,5
00-0033873,2025_05_KC_JAX,2025,5,QB,318.0,254.09927300574174,5
00-0034855,2025_05_TB_SEA,2025,5,QB,379.0,223.90919638100635,5
00-0034857,2025_05_NE_BUF,2025,5,QB,253.0,245.23904066921986,5
00-0034869,2025_05_TB_SEA,2025,5,QB,341.0,233.7309481856382,5
00-0035100,2025_05_DET_CIN,2025,5,QB,251.0,239.21094256045768,5
00-0035228,2025_05_TEN_ARI,2025,5,QB,220.0,211.65986336246115,5
00-0035710,2025_05_LV_IND,2025,5,QB,212.0,251.23941954654097,5
00-0036212,2025_05_MIA_CAR,2025,5,QB,256.0,239.84681217752268,5
00-0036355,2025_05_WAS_LAC,2025,5,QB,166.0,263.4199460298614,5
00-0036389,2025_05_DEN_PHI,2025,5,QB,280.0,217.2864894061529,5
00-0036945,2025_05_DAL_NYJ,2025,5,QB,283.0,235.4191597766782,5
00-0036971,2025_05_KC_JAX,2025,5,QB,221.0,235.0569098040603,5
00-0036972,2025_05_SF_LA,2025,5,QB,342.0,262.06614241591564,5
00-0039150,2025_05_MIA_CAR,2025,5,QB,198.0,235.2710317353563,5
00-0039163,2025_05_HOU_BAL,2025,5,QB,244.0,181.86136840095497,5
00-0039376,2025_05_NYG_NO,2025,5,QB,225.0,237.85493873993116,5
00-0039732,2025_05_DEN_PHI,2025,5,QB,242.0,243.60245524467922,5
00-0039851,2025_05_NE_BUF,2025,5,QB,273.0,260.17945819938683,5
00-0039910,2025_05_WAS_LAC,2025,5,QB,231.0,237.05249638323295,5
00-0040676,2025_05_TEN_ARI,2025,5,QB,265.0,213.77663780778462,5
00-0040691,2025_05_NYG_NO,2025,5,QB,202.0,208.17944208596555,5
00-0040704,2025_05_MIN_CLE,2025,5,QB,190.0,173.44657703950764,5
00-0023459,2025_06_CLE_PIT,2025,6,QB,235.0,215.6089726481686,5
00-0026158,2025_06_CIN_GB,2025,6,QB,219.0,200.07069992583192,5
00-0026498,2025_06_LA_BAL,2025,6,QB,181.0,265.46177184669654,5
00-0030565,2025_06_TEN_LV,2025,6,QB,174.0,233.58613404903343,5
00-0033077,2025_06_DAL_CAR,2025,6,QB,261.0,278.11689661842934,5
00-0033106,2025_06_DET_KC,2025,6,QB,203.0,251.11790508562214,5
00-0033119,2025_06_ARI_IND,2025,6,QB,320.0,232.0729066116197,5
00-0033662,2025_06_LA_BAL,2025,6,QB,72.0,119.05995086162635,5
00-0033873,2025_06_DET_KC,2025,6,QB,257.0,259.8126710702192,5
00-0034855,2025_06_SF_TB,2025,6,QB,256.0,263.58224865678335,5
00-0034857,2025_06_BUF_ATL,2025,6,QB,180.0,241.77786832313592,5
00-0034869,2025_06_SEA_JAX,2025,6,QB,295.0,251.14638098276035,5
00-0035710,2025_06_ARI_IND,2025,6,QB,212.0,262.446400648647,5
00-0036212,2025_06_LAC_MIA,2025,6,QB,205.0,256.3087893826282,5
00-0036264,2025_06_CIN_GB,2025,6,QB,259.0,250.41946914390462,5
00-0036355,2025_06_LAC_MIA,2025,6,QB,264.0,261.6766970955526,5
00-0036389,2025_06_PHI_NYG,2025,6,QB,283.0,220.5410696257395,5
00-0036945,2025_06_DEN_NYJ,2025,6,QB,45.0,215.56457345440677,5
00-0036971,2025_06_SEA_JAX,2025,6,QB,258.0,251.7099092039001,5
00-0036972,2025_06_SF_TB,2025,6,QB,347.0,268.5244484535715,5
00-0039150,2025_06_DAL_CAR,2025,6,QB,199.0,233.15889780728932,5
00-0039376,2025_06_NE_NO,2025,6,QB,227.0,250.85471084758586,5
00-0039732,2025_06_DEN_NYJ,2025,6,QB,174.0,246.0042443115484,5
00-0039851,2025_06_NE_NO,2025,6,QB,261.0,264.0015550163762,5
00-0039910,2025_06_CHI_WAS,2025,6,QB,211.0,232.6170200742309,5
00-0039917,2025_06_BUF_ATL,2025,6,QB,250.0,240.24496399731345,5
00-0039918,2025_06_CHI_WAS,2025,6,QB,252.0,226.05439236589044,5
00-0040676,2025_06_TEN_LV,2025,6,QB,222.0,213.21412625170746,5
00-0040691,2025_06_PHI_NYG,2025,6,QB,195.0,200.58114026020482,5
00-0040704,2025_06_CLE_PIT,2025,6,QB,221.0,219.5493272552745,5
00-0023459,2025_07_PIT_CIN,2025,7,QB,249.0,257.11269665044347,5
00-0026158,2025_07_PIT_CIN,2025,7,QB,342.0,248.39123251599096,5
00-0026498,2025_07_LA_JAX,2025,7,QB,182.0,258.58451578974035,5
00-0028118,2025_07_CAR_NYJ,2025,7,QB,126.0,101.88209613964446,5
00-0030565,2025_07_LV_KC,2025,7,QB,67.0,197.84280590134955,5
00-0032950,2025_07_PHI_MIN,2025,7,QB,313.0,252.16373022824774,5
00-0033077,2025_07_WAS_DAL,2025,7,QB,264.0,299.59494797787073,5
00-0033106,2025_07_TB_DET,2025,7,QB,241.0,280.1424764804976,5
00-0033119,2025_07_GB_ARI,2025,7,QB,279.0,272.64235945699136,5
00-0033873,2025_07_LV_KC,2025,7,QB,286.0,245.2837748908466,5
00-0034855,2025_07_TB_DET,2025,7,QB,228.0,269.91348023046766,5
00-0034869,2025_07_HOU_SEA,2025,7,QB,213.0,235.2214126669844,5
00-0035710,2025_07_IND_LAC,2025,7,QB,288.0,254.77738875767892,5
00-0036212,2025_07_MIA_CLE,2025,7,QB,100.0,155.91102280825686,5
00-0036264,2025_07_GB_ARI,2025,7,QB,179.0,244.24327771620034,5
00-0036355,2025_07_IND_LAC,2025,7,QB,420.0,266.53649015950265,5
00-0036389,2025_07_PHI_MIN,2025,7,QB,326.0,219.4053316250421,5
00-0036945,2025_07_CAR_NYJ,2025,7,QB,46.0,110.04463680490566,5
00-0036971,2025_07_LA_JAX,2025,7,QB,296.0,232.69482734093788,5
00-0036972,2025_07_ATL_SF,2025,7,QB,152.0,261.78408698410095,5
00-0039150,2025_07_CAR_NYJ,2025,7,QB,138.0,115.65928161811377,5
00-0039163,2025_07_HOU_SEA,2025,7,QB,229.0,238.11741907692019,5
00-0039376,2025_07_NO_CHI,2025,7,QB,233.0,248.23714112616736,5
00-0039732,2025_07_NYG_DEN,2025,7,QB,279.0,244.0192532388331,5
00-0039851,2025_07_NE_TEN,2025,7,QB,222.0,206.32772730488838,5
00-0039910,2025_07_WAS_DAL,2025,7,QB,156.0,173.75232262667464,5
00-0039917,2025_07_ATL_SF,2025,7,QB,241.0,244.3955462959138,5
00-0039918,2025_07_NO_CHI,2025,7,QB,172.0,240.76247972639823,5
00-0040676,2025_07_NE_TEN,2025,7,QB,255.0,200.33912253285783,5
00-0040691,2025_07_NYG_DEN,2025,7,QB,283.0,207.3065665022236,5
00-0040704,2025_07_MIA_CLE,2025,7,QB,116.0,195.12832957998904,5
00-0023459,2025_08_GB_PIT,2025,8,QB,219.0,241.133351025354,5
00-0026158,2025_08_NYJ_CIN,2025,8,QB,223.0,235.2641449821006,5
00-0027973,2025_08_BUF_CAR,2025,8,QB,175.0,218.49387942601945,5
00-0029604,2025_08_MIA_ATL,2025,8,QB,173.0,232.88200323198558,5
00-0032268,2025_08_WAS_KC,2025,8,QB,213.0,204.06119108741765,5
00-0032950,2025_08_MIN_LAC,2025,8,QB,144.0,251.34073824324778,5
00-0033077,2025_08_DAL_DEN,2025,8,QB,188.0,251.95842041138235,5
00-0033873,2025_08_WAS_KC,2025,8,QB,299.0,275.85309230727603,5
00-0034855,2025_08_TB_NO,2025,8,QB,152.0,252.80037436530338,5
00-0034857,2025_08_BUF_CAR,2025,8,QB,163.0,202.24363522987787,5
00-0035710,2025_08_TEN_IND,2025,8,QB,272.0,247.22990118881958,5
00-0035993,2025_08_CHI_BAL,2025,8,QB,186.0,217.14010068080975,5
00-0036212,2025_08_MIA_ATL,2025,8,QB,205.0,219.82039229468035,5
00-0036264,2025_08_GB_PIT,2025,8,QB,360.0,239.90111637581134,5
00-0036355,2025_08_MIN_LAC,2025,8,QB,227.0,275.136440648117,5
00-0036389,2025_08_NYG_PHI,2025,8,QB,179.0,228.84026294124706,5
00-0036945,2025_08_NYJ_CIN,2025,8,QB,244.0,207.45160909013725,5
00-0036972,2025_08_SF_HOU,2025,8,QB,193.0,239.102591934466,5
00-0039163,2025_08_SF_HOU,2025,8,QB,318.0,239.46284853688357,5
00-0039376,2025_08_TB_NO,2025,8,QB,136.0,114.87645633877217,5
00-0039732,2025_08_DAL_DEN,2025,8,QB,247.0,258.229394490952,5
00-0039851,2025_08_CLE_NE,2025,8,QB,282.0,234.59040516832232,5
00-0039918,2025_08_CHI_BAL,2025,8,QB,285.0,242.9239210011722,5
00-0040676,2025_08_TEN_IND,2025,8,QB,259.0,228.9379896618272,5
00-0040691,2025_08_NYG_PHI,2025,8,QB,193.0,226.45413299676667,5
00-0040704,2025_08_CLE_NE,2025,8,QB,156.0,212.5724449316684,5
00-0040743,2025_08_TB_NO,2025,8,QB,128.0,110.26400644139736,5
00-0023459,2025_09_IND_PIT,2025,9,QB,203.0,253.33607343663567,5
00-0026158,2025_09_CHI_CIN,2025,9,QB,470.0,270.2868460707692,5
00-0026498,2025_09_NO_LA,2025,9,QB,281.0,270.20190748224934,5
00-0030565,2025_09_JAX_LV,2025,9,QB,284.0,223.6001798978549,5
00-0033077,2025_09_ARI_DAL,2025,9,QB,250.0,286.59299435682874,5
00-0033106,2025_09_MIN_DET,2025,9,QB,284.0,248.85958940374198,5
00-0033119,2025_09_ARI_DAL,2025,9,QB,261.0,286.4285667311291,5
00-0033873,2025_09_KC_BUF,2025,9,QB,250.0,268.692764853712,5
00-0034796,2025_09_BAL_MIA,2025,9,QB,204.0,225.4368059569956,5
00-0034857,2025_09_KC_BUF,2025,9,QB,273.0,259.2753125727461,5
00-0034869,2025_09_SEA_WAS,2025,9,QB,330.0,230.83402829112603,5
00-0035710,2025_09_IND_PIT,2025,9,QB,342.0,275.345000648395,5
00-0036212,2025_09_BAL_MIA,2025,9,QB,261.0,254.5385054617871,5
00-0036264,2025_09_CAR_GB,2025,9,QB,273.0,246.77107714084121,5
00-0036355,2025_09_LAC_TEN,2025,9,QB,250.0,252.21262322170563,5
00-0036898,2025_09_DEN_HOU,2025,9,QB,137.0,118.21894276083175,5
00-0036971,2025_09_JAX_LV,2025,9,QB,220.0,227.4389838522875,5
00-0036972,2025_09_SF_NYG,2025,9,QB,235.0,263.49617522726555,5
00-0039150,2025_09_CAR_GB,2025,9,QB,102.0,193.46248780354577,5
00-0039732,2025_09_DEN_HOU,2025,9,QB,173.0,230.9829939968403,5
00-0039851,2025_09_ATL_NE,2025,9,QB,259.0,247.8746418710247,5
00-0039910,2025_09_SEA_WAS,2025,9,QB,153.0,210.23604866854805,5
00-0039917,2025_09_ATL_NE,2025,9,QB,221.0,240.21245152071768,5
00-0039918,2025_09_CHI_CIN,2025,9,QB,280.0,247.4016579456003,5
00-0039923,2025_09_MIN_DET,2025,9,QB,143.0,202.77844367958272,5
00-0040676,2025_09_LAC_TEN,2025,9,QB,145.0,226.5452021086501,5
00-0040691,2025_09_SF_NYG,2025,9,QB,191.0,226.47423180162806,5
00-0040743,2025_09_NO_LA,2025,9,QB,176.0,187.70091041928427,5
00-0023459,2025_10_PIT_LAC,2025,10,QB,161.0,255.59619680255915,5
00-0026498,2025_10_LA_SF,2025,10,QB,280.0,280.6484603268674,5
00-0030565,2025_10_LV_DEN,2025,10,QB,143.0,203.8980776955393,5
00-0032268,2025_10_DET_WAS,2025,10,QB,213.0,215.9103649826462,5
00-0033106,2025_10_DET_WAS,2025,10,QB,320.0,236.06152021615932,5
00-0033119,2025_10_ARI_SEA,2025,10,QB,258.0,261.0335007325781,5
00-0034796,2025_10_BAL_MIN,2025,10,QB,176.0,235.1077065057287,5
00-0034855,2025_10_NE_TB,2025,10,QB,273.0,240.08354962231573,5
00-0034857,2025_10_BUF_MIA,2025,10,QB,306.0,250.4556266275894,5
00-0034869,2025_10_ARI_SEA,2025,10,QB,178.0,240.06284699284134,5
00-0035710,2025_10_ATL_IND,2025,10,QB,255.0,260.9657569373405,5
00-0036212,2025_10_BUF_MIA,2025,10,QB,173.0,242.139375050403,5
00-0036264,2025_10_PHI_GB,2025,10,QB,176.0,250.65888495526224,5
00-0036355,2025_10_PIT_LAC,2025,10,QB,220.0,274.90157194851344,5
00-0036389,2025_10_PHI_GB,2025,10,QB,183.0,222.68914938623675,5
00-0036898,2025_10_JAX_HOU,2025,10,QB,292.0,210.75765075536938,5
00-0036945,2025_10_CLE_NYJ,2025,10,QB,54.0,199.9719258730034,5
00-0036971,2025_10_JAX_HOU,2025,10,QB,158.0,220.59033309187438,5
00-0036972,2025_10_LA_SF,2025,10,QB,319.0,259.5601004409476,5
00-0039150,2025_10_NO_CAR,2025,10,QB,124.0,197.16494113197479,5
00-0039732,2025_10_LV_DEN,2025,10,QB,150.0,235.73336586645922,5
00-0039851,2025_10_NE_TB,2025,10,QB,270.0,242.15777074285836,5
00-0039917,2025_10_ATL_IND,2025,10,QB,177.0,240.49210656306587,5
00-0039918,2025_10_NYG_CHI,2025,10,QB,220.0,239.399728203939,5
00-0039923,2025_10_BAL_MIN,2025,10,QB,248.0,215.19567423601512,5
00-0040691,2025_10_NYG_CHI,2025,10,QB,242.0,152.17543075153384,5
00-0040704,2025_10_CLE_NYJ,2025,10,QB,167.0,195.06375337341677,5
00-0040743,2025_10_NO_CAR,2025,10,QB,282.0,152.36517339362405,5
00-0023459,2025_11_CIN_PIT,2025,11,QB,116.0,127.16214891243071,5
00-0026158,2025_11_CIN_PIT,2025,11,QB,199.0,236.9757423218351,5
00-0026498,2025_11_SEA_LA,2025,11,QB,130.0,285.1610518399963,5
00-0029604,2025_11_CAR_ATL,2025,11,QB,48.0,112.28870003246698,5
00-0030565,2025_11_DAL_LV,2025,11,QB,238.0,240.33859878400008,5
00-0031503,2025_11_GB_NYG,2025,11,QB,201.0,200.77317484358292,5
00-0032268,2025_11_WAS_MIA,2025,11,QB,213.0,214.5245915628406,5
00-0033077,2025_11_DAL_LV,2025,11,QB,268.0,264.56098978570884,5
00-0033106,2025_11_DET_PHI,2025,11,QB,255.0,251.00627928937453,5
00-0033119,2025_11_SF_ARI,2025,11,QB,452.0,271.7141106665432,5
00-0033873,2025_11_KC_DEN,2025,11,QB,276.0,246.6654143330112,5
00-0034771,2025_11_CIN_PIT,2025,11,QB,127.0,92.36050481986985,5
00-0034796,2025_11_BAL_CLE,2025,11,QB,193.0,193.44240590208517,5
00-0034855,2025_11_TB_BUF,2025,11,QB,173.0,216.09564719275275,5
00-0034857,2025_11_TB_BUF,2025,11,QB,317.0,210.95650055157898,5
00-0034869,2025_11_SEA_LA,2025,11,QB,279.0,248.61781576576624,5
00-0036212,2025_11_WAS_MIA,2025,11,QB,171.0,249.07058074094337,5
00-0036264,2025_11_GB_NYG,2025,11,QB,174.0,219.61936287179873,5
00-0036355,2025_11_LAC_JAX,2025,11,QB,81.0,202.11207806477023,5
00-0036389,2025_11_DET_PHI,2025,11,QB,135.0,220.77572524859124,5
00-0036898,2025_11_HOU_TEN,2025,11,QB,274.0,212.34986086133623,5
00-0036945,2025_11_NYJ_NE,2025,11,QB,116.0,185.06742187833598,5
00-0036971,2025_11_LAC_JAX,2025,11,QB,153.0,204.82590438811985,5
00-0037834,2025_11_SF_ARI,2025,11,QB,200.0,247.14877723929013,5
00-0039150,2025_11_CAR_ATL,2025,11,QB,448.0,216.75296280340137,5
00-0039732,2025_11_KC_DEN,2025,11,QB,295.0,235.75997727622533,5
00-0039851,2025_11_NYJ_NE,2025,11,QB,281.0,238.74479663344886,5
00-0039917,2025_11_CAR_ATL,2025,11,QB,175.0,131.83215941072893,5
00-0039918,2025_11_CHI_MIN,2025,11,QB,193.0,241.12637608546282,5
00-0039923,2025_11_CHI_MIN,2025,11,QB,150.0,217.6314178993258,5
00-0040668,2025_11_BAL_CLE,2025,11,QB,47.0,61.499985403005155,5
00-0040676,2025_11_HOU_TEN,2025,11,QB,194.0,214.15214829318927,5
00-0040704,2025_11_BAL_CLE,2025,11,QB,68.0,69.31253211734102,5
00-0026158,2025_12_NE_CIN,2025,12,QB,183.0,252.07432467277962,5
00-0026498,2025_12_TB_LA,2025,12,QB,273.0,288.91184883485175,5
00-0028118,2025_12_NYJ_BAL,2025,12,QB,222.0,188.89208824423974,5
00-0029604,2025_12_ATL_NO,2025,12,QB,199.0,230.3399232259947,5
00-0030565,2025_12_CLE_LV,2025,12,QB,285.0,213.8206943650784,5
00-0031237,2025_12_TB_LA,2025,12,QB,62.0,101.5190259667346,5
00-0031503,2025_12_NYG_DET,2025,12,QB,366.0,246.0277420415563,5
00-0033077,2025_12_PHI_DAL,2025,12,QB,354.0,279.05998405272044,5
00-0033106,2025_12_NYG_DET,2025,12,QB,279.0,270.0233078158654,5
00-0033119,2025_12_JAX_ARI,2025,12,QB,317.0,275.23946627022303,5
00-0033873,2025_12_IND_KC,2025,12,QB,352.0,262.10855972505857,5
00-0034771,2025_12_PIT_CHI,2025,12,QB,171.0,246.1183275133343,5
00-0034796,2025_12_NYJ_BAL,2025,12,QB,153.0,226.2485564075064,5
00-0034855,2025_12_TB_LA,2025,12,QB,41.0,134.3568040765719,5
00-0034857,2025_12_BUF_HOU,2025,12,QB,253.0,234.77102375002963,5
00-0034869,2025_12_SEA_TEN,2025,12,QB,244.0,241.56803256426,5
00-0035710,2025_12_IND_KC,2025,12,QB,181.0,247.89080335006113,5
00-0036264,2025_12_MIN_GB,2025,12,QB,139.0,214.31315714205022,5
00-0036389,2025_12_PHI_DAL,2025,12,QB,289.0,235.76146444430174,5
00-0036898,2025_12_BUF_HOU,2025,12,QB,153.0,223.53140648588928,5
00-0036971,2025_12_JAX_ARI,2025,12,QB,256.0,234.44554048423117,5
00-0037834,2025_12_CAR_SF,2025,12,QB,193.0,263.42721714824586,5
00-0039150,2025_12_CAR_SF,2025,12,QB,169.0,225.7694634067083,5
00-0039851,2025_12_NE_CIN,2025,12,QB,294.0,240.42810835855533,5
00-0039918,2025_12_PIT_CHI,2025,12,QB,239.0,217.13404143205264,5
00-0039923,2025_12_MIN_GB,2025,12,QB,87.0,175.3340954641628,5
00-0040668,2025_12_CLE_LV,2025,12,QB,209.0,179.07590720255916,5
00-0040676,2025_12_SEA_TEN,2025,12,QB,256.0,230.5929684816368,5
00-0040743,2025_12_ATL_NO,2025,12,QB,243.0,215.13494590036964,5
00-0023459,2025_13_BUF_PIT,2025,13,QB,117.0,192.91410061872065,5
00-0026498,2025_13_LA_CAR,2025,13,QB,243.0,264.3083959090553,5
00-0028118,2025_13_ATL_NYJ,2025,13,QB,172.0,198.5247006834017,5
00-0029604,2025_13_ATL_NYJ,2025,13,QB,234.0,209.00930582278673,5
00-0030565,2025_13_LV_LAC,2025,13,QB,165.0,226.47836578755252,5
00-0032268,2025_13_DEN_WAS,2025,13,QB,294.0,199.52878067098555,5
00-0033077,2025_13_KC_DAL,2025,13,QB,320.0,282.43645168228915,5
00-0033106,2025_13_GB_DET,2025,13,QB,256.0,270.8656099718493,5
00-0033119,2025_13_ARI_TB,2025,13,QB,301.0,266.0198543704159,5
00-0033873,2025_13_KC_DAL,2025,13,QB,261.0,284.4026799407056,5
00-0034796,2025_13_CIN_BAL,2025,13,QB,246.0,209.6711271309786,5
00-0034855,2025_13_ARI_TB,2025,13,QB,194.0,236.30475529781143,5
00-0034857,2025_13_BUF_PIT,2025,13,QB,123.0,214.64356541009332,5
00-0034869,2025_13_MIN_SEA,2025,13,QB,128.0,225.58662007621857,5
00-0035710,2025_13_HOU_IND,2025,13,QB,201.0,243.39779305739995,5
00-0036212,2025_13_NO_MIA,2025,13,QB,157.0,218.3983512506133,5
00-0036264,2025_13_GB_DET,2025,13,QB,234.0,247.52489858126253,5
00-0036355,2025_13_LV_LAC,2025,13,QB,151.0,215.66214869614436,5
00-0036389,2025_13_CHI_PHI,2025,13,QB,230.0,224.00852016223956,5
00-0036442,2025_13_CIN_BAL,2025,13,QB,261.0,235.16005510910531,5
00-0036971,2025_13_JAX_TEN,2025,13,QB,229.0,212.70597899486833,5
00-0037834,2025_13_SF_CLE,2025,13,QB,168.0,171.79425135411526,5
00-0039150,2025_13_LA_CAR,2025,13,QB,206.0,212.97742937440438,5
00-0039163,2025_13_HOU_IND,2025,13,QB,276.0,234.64137698952015,5
00-0039732,2025_13_DEN_WAS,2025,13,QB,321.0,238.51697728077792,5
00-0039851,2025_13_NYG_NE,2025,13,QB,282.0,246.49025522401485,5
00-0039918,2025_13_CHI_PHI,2025,13,QB,154.0,202.1961922647084,5
00-0040494,2025_13_MIN_SEA,2025,13,QB,126.0,201.5140929898917,5
00-0040668,2025_13_SF_CLE,2025,13,QB,149.0,146.5856814618142,5
00-0040676,2025_13_JAX_TEN,2025,13,QB,141.0,240.1889226560239,5
00-0040691,2025_13_NYG_NE,2025,13,QB,139.0,216.63738830196687,5
00-0040743,2025_13_NO_MIA,2025,13,QB,239.0,212.94040685915246,5
00-0023459,2025_14_PIT_BAL,2025,14,QB,284.0,237.06071217109437,5
00-0026498,2025_14_LA_ARI,2025,14,QB,281.0,234.43489059448146,5
00-0029604,2025_14_SEA_ATL,2025,14,QB,162.0,232.30981729085943,5
00-0030565,2025_14_DEN_LV,2025,14,QB,116.0,137.6737503990204,5
00-0033077,2025_14_DAL_DET,2025,14,QB,376.0,278.30803586891216,5
00-0033106,2025_14_DAL_DET,2025,14,QB,309.0,281.025877339914,5
00-0033119,2025_14_LA_ARI,2025,14,QB,271.0,273.1263457888188,5
00-0033873,2025_14_HOU_KC,2025,14,QB,160.0,234.74324150956733,5
00-0034796,2025_14_PIT_BAL,2025,14,QB,219.0,212.08268245807935,5
00-0034855,2025_14_NO_TB,2025,14,QB,122.0,232.5090886794604,5
00-0034857,2025_14_CIN_BUF,2025,14,QB,251.0,220.4705023864365,5
00-0034869,2025_14_SEA_ATL,2025,14,QB,249.0,227.03169685012804,5
00-0036212,2025_14_MIA_NYJ,2025,14,QB,127.0,205.0847491518998,5
00-0036264,2025_14_CHI_GB,2025,14,QB,234.0,243.32644580007914,5
00-0036355,2025_14_PHI_LAC,2025,14,QB,139.0,236.43835683996244,5
00-0036389,2025_14_PHI_LAC,2025,14,QB,240.0,220.40884632216088,5
00-0036442,2025_14_CIN_BUF,2025,14,QB,284.0,230.84269816631922,5
00-0036971,2025_14_IND_JAX,2025,14,QB,244.0,209.9698608970371,5
00-0039163,2025_14_HOU_KC,2025,14,QB,203.0,226.53971468228212,5
00-0039732,2025_14_DEN_LV,2025,14,QB,212.0,234.64973507016694,5
00-0039910,2025_14_WAS_MIN,2025,14,QB,78.0,150.00202246886954,5
00-0039918,2025_14_CHI_GB,2025,14,QB,186.0,206.73364791188675,5
00-0039923,2025_14_WAS_MIN,2025,14,QB,163.0,208.10760228477534,5
00-0040206,2025_14_IND_JAX,2025,14,QB,145.0,142.8552562791381,5
00-0040398,2025_14_MIA_NYJ,2025,14,QB,163.0,180.0122157279045,5
00-0040668,2025_14_TEN_CLE,2025,14,QB,364.0,192.86254225907823,5
00-0040676,2025_14_TEN_CLE,2025,14,QB,117.0,207.617076264656,5
00-0040743,2025_14_NO_TB,2025,14,QB,144.0,224.8269100632325,5
00-0022942,2025_15_IND_SEA,2025,15,QB,120.0,188.37894564316753,5
00-0023459,2025_15_MIA_PIT,2025,15,QB,224.0,262.6948046554577,5
00-0026498,2025_15_DET_LA,2025,15,QB,368.0,279.5706435985005,5
00-0029604,2025_15_ATL_TB,2025,15,QB,373.0,240.98066999698725,5
00-0032268,2025_15_WAS_NYG,2025,15,QB,211.0,219.87497619013402,5
00-0033077,2025_15_MIN_DAL,2025,15,QB,294.0,275.4736587003383,5
00-0033106,2025_15_DET_LA,2025,15,QB,338.0,268.48010387741255,5
00-0033119,2025_15_ARI_HOU,2025,15,QB,249.0,253.4674830034398,5
00-0033873,2025_15_LAC_KC,2025,15,QB,189.0,233.59516061678622,5
00-0034796,2025_15_BAL_CIN,2025,15,QB,150.0,196.8855138584804,5
00-0034855,2025_15_ATL_TB,2025,15,QB,277.0,231.76357265546784,5
00-0034857,2025_15_BUF_NE,2025,15,QB,193.0,229.4364586163699,5
00-0034869,2025_15_IND_SEA,2025,15,QB,271.0,237.38777394681583,5
00-0036212,2025_15_MIA_PIT,2025,15,QB,253.0,226.3705187116117,5
00-0036264,2025_15_GB_DEN,2025,15,QB,276.0,243.0576834329195,5
00-0036355,2025_15_LAC_KC,2025,15,QB,210.0,224.914806902298,5
00-0036389,2025_15_LV_PHI,2025,15,QB,175.0,146.47567270796205,5
00-0036442,2025_15_BAL_CIN,2025,15,QB,225.0,239.15980337314602,5
00-0036971,2025_15_NYJ_JAX,2025,15,QB,330.0,201.8738499840734,5
00-0037834,2025_15_TEN_SF,2025,15,QB,295.0,234.79859418946617,5
00-0038102,2025_15_LV_PHI,2025,15,QB,64.0,150.82865814624253,5
00-0039150,2025_15_CAR_NO,2025,15,QB,163.0,214.5335939176024,5
00-0039163,2025_15_ARI_HOU,2025,15,QB,260.0,242.9252224395155,5
00-0039732,2025_15_GB_DEN,2025,15,QB,302.0,242.64555143271684,5
00-0039851,2025_15_BUF_NE,2025,15,QB,155.0,235.21780724438037,5
00-0039918,2025_15_CLE_CHI,2025,15,QB,242.0,201.29564659833943,5
00-0039923,2025_15_MIN_DAL,2025,15,QB,250.0,226.3608475442516,5
00-0040398,2025_15_NYJ_JAX,2025,15,QB,176.0,193.3846232087457,5
00-0040668,2025_15_CLE_CHI,2025,15,QB,177.0,200.2577342287052,5
00-0040676,2025_15_TEN_SF,2025,15,QB,170.0,214.38182139416392,5
00-0040691,2025_15_WAS_NYG,2025,15,QB,246.0,206.7402674199707,5
00-0040743,2025_15_CAR_NO,2025,15,QB,272.0,230.60631770984244,5
00-0022942,2025_16_SF_IND,2025,16,QB,277.0,238.09902513817298,5
00-0023459,2025_16_PIT_DET,2025,16,QB,266.0,258.383157112341,5
00-0026300,2025_16_PHI_WAS,2025,16,QB,43.0,74.70817419902431,5
00-0026498,2025_16_LA_SEA,2025,16,QB,457.0,242.36200809453302,5
00-0029604,2025_16_ATL_ARI,2025,16,QB,197.0,231.53981453495766,5
00-0030565,2025_16_LV_HOU,2025,16,QB,201.0,206.33668774282086,5
00-0032268,2025_16_PHI_WAS,2025,16,QB,95.0,128.1125004188586,5
00-0033077,2025_16_LAC_DAL,2025,16,QB,244.0,255.87469020773156,5
00-0033106,2025_16_PIT_DET,2025,16,QB,364.0,277.8914304635232,5
00-0033119,2025_16_ATL_ARI,2025,16,QB,203.0,284.4635263636088,5
00-0034796,2025_16_NE_BAL,2025,16,QB,101.0,117.24564309063979,5
00-0034855,2025_16_TB_CAR,2025,16,QB,145.0,226.81266276550832,5
00-0034857,2025_16_BUF_CLE,2025,16,QB,130.0,193.78785275547557,5
00-0034869,2025_16_LA_SEA,2025,16,QB,270.0,233.5042271367398,5
00-0035993,2025_16_NE_BAL,2025,16,QB,65.0,93.98994678822402,5
00-0036264,2025_16_GB_CHI,2025,16,QB,77.0,107.98367523894707,5
00-0036355,2025_16_LAC_DAL,2025,16,QB,300.0,249.44193886383061,5
00-0036389,2025_16_PHI_WAS,2025,16,QB,185.0,212.59044478555575,5
00-0036442,2025_16_CIN_MIA,2025,16,QB,309.0,218.38970357141156,5
00-0036971,2025_16_JAX_DEN,2025,16,QB,279.0,241.40160827221166,5
00-0037324,2025_16_KC_TEN,2025,16,QB,111.0,91.44331755176182,5
00-0037834,2025_16_SF_IND,2025,16,QB,295.0,233.2675691825557,5
00-0038128,2025_16_GB_CHI,2025,16,QB,121.0,103.48245331156363,5
00-0039150,2025_16_TB_CAR,2025,16,QB,191.0,238.43959698530597,5
00-0039163,2025_16_LV_HOU,2025,16,QB,187.0,242.17304663463983,5
00-0039732,2025_16_JAX_DEN,2025,16,QB,352.0,264.6081349936787,5
00-0039851,2025_16_NE_BAL,2025,16,QB,380.0,232.05145828101948,5
00-0039918,2025_16_GB_CHI,2025,16,QB,250.0,224.12383523665824,5
00-0039923,2025_16_MIN_NYG,2025,16,QB,108.0,78.2348168657742,5
00-0040234,2025_16_CIN_MIA,2025,16,QB,260.0,223.453150638048,5
00-0040398,2025_16_NYJ_NO,2025,16,QB,188.0,204.0663688442924,5
00-0040494,2025_16_MIN_NYG,2025,16,QB,52.0,81.88910218132975,5
00-0040668,2025_16_BUF_CLE,2025,16,QB,157.0,180.31530455388022,5
00-0040676,2025_16_KC_TEN,2025,16,QB,228.0,208.9102779193071,5
00-0040691,2025_16_MIN_NYG,2025,16,QB,33.0,187.2439395303232,5
00-0040743,2025_16_NYJ_NO,2025,16,QB,308.0,220.77566981126407,5
00-0022942,2025_17_JAX_IND,2025,17,QB,147.0,252.41630686209243,5
00-0023459,2025_17_PIT_CLE,2025,17,QB,168.0,215.8524593724197,5
00-0026300,2025_17_DAL_WAS,2025,17,QB,198.0,213.98683199386144,5
00-0026498,2025_17_LA_ATL,2025,17,QB,269.0,271.27626802610865,5
00-0029604,2025_17_LA_ATL,2025,17,QB,126.0,241.6767912409385,5
00-0030565,2025_17_NYG_LV,2025,17,QB,176.0,215.67137103967954,5
00-0033077,2025_17_DAL_WAS,2025,17,QB,307.0,273.8984727974381,5
00-0033106,2025_17_DET_MIN,2025,17,QB,197.0,276.3902565900917,5
00-0033119,2025_17_ARI_CIN,2025,17,QB,212.0,279.8857857793972,5
00-0034855,2025_17_TB_MIA,2025,17,QB,346.0,237.37368736921607,5
00-0034857,2025_17_PHI_BUF,2025,17,QB,262.0,222.0683722418116,5
00-0034869,2025_17_SEA_CAR,2025,17,QB,147.0,225.7885238371412,5
00-0035993,2025_17_BAL_GB,2025,17,QB,107.0,199.0351500242288,5
00-0036355,2025_17_HOU_LAC,2025,17,QB,236.0,221.7682153940169,5
00-0036389,2025_17_PHI_BUF,2025,17,QB,110.0,210.85053905014928,5
00-0036442,2025_17_ARI_CIN,2025,17,QB,305.0,214.00612009162913,5
00-0036971,2025_17_JAX_IND,2025,17,QB,263.0,255.9359621244905,5
00-0037324,2025_17_DEN_KC,2025,17,QB,66.0,210.01262281293472,5
00-0037834,2025_17_CHI_SF,2025,17,QB,303.0,260.07077897056195,5
00-0038128,2025_17_BAL_GB,2025,17,QB,288.0,146.75005476840266,5
00-0039150,2025_17_SEA_CAR,2025,17,QB,54.0,220.4724627709034,5
00-0039163,2025_17_HOU_LAC,2025,17,QB,244.0,234.03107878822797,5
00-0039732,2025_17_DEN_KC,2025,17,QB,182.0,233.77666393371462,5
00-0039851,2025_17_NE_NYJ,2025,17,QB,256.0,207.85250170549347,5
00-0039918,2025_17_CHI_SF,2025,17,QB,330.0,240.87938445849775,5
00-0040234,2025_17_TB_MIA,2025,17,QB,172.0,249.20036671371142,5
00-0040398,2025_17_NE_NYJ,2025,17,QB,152.0,213.45484364238735,5
00-0040494,2025_17_DET_MIN,2025,17,QB,51.0,229.11890400082555,5
00-0040668,2025_17_PIT_CLE,2025,17,QB,186.0,188.13247288494125,5
00-0040676,2025_17_NO_TEN,2025,17,QB,251.0,220.31210692715146,5
00-0040691,2025_17_NYG_LV,2025,17,QB,207.0,207.87687754414875,5
00-0040743,2025_17_NO_TEN,2025,17,QB,333.0,220.7757372911504,5
00-0023459,2025_18_BAL_PIT,2025,18,QB,294.0,239.0339617771234,5
00-0026300,2025_18_WAS_PHI,2025,18,QB,131.0,205.43952302596475,5
00-0026498,2025_18_ARI_LA,2025,18,QB,259.0,272.9991824694881,5
00-0029604,2025_18_NO_ATL,2025,18,QB,180.0,235.3537711917369,5
00-0032434,2025_18_TEN_JAX,2025,18,QB,72.0,183.79215582951457,5
00-0033077,2025_18_DAL_NYG,2025,18,QB,70.0,166.9280824385787,5
00-0033106,2025_18_DET_CHI,2025,18,QB,331.0,260.26458816933797,5
00-0033119,2025_18_ARI_LA,2025,18,QB,243.0,273.01549415430827,5
00-0033869,2025_18_NYJ_BUF,2025,18,QB,259.0,188.63060984976767,5
00-0034796,2025_18_BAL_PIT,2025,18,QB,238.0,208.46109874852044,5
00-0034855,2025_18_CAR_TB,2025,18,QB,203.0,235.50304852521683,5
00-0034869,2025_18_SEA_SF,2025,18,QB,198.0,249.78150388351253,5
00-0036442,2025_18_CLE_CIN,2025,18,QB,236.0,246.7761511838767,5
00-0036679,2025_18_KC_LV,2025,18,QB,88.0,67.47146968477222,5
00-0036898,2025_18_IND_HOU,2025,18,QB,36.0,105.04674293570932,5
00-0036971,2025_18_TEN_JAX,2025,18,QB,255.0,217.5467615818246,5
00-0037012,2025_18_LAC_DEN,2025,18,QB,136.0,181.6846962676081,5
00-0037324,2025_18_KC_LV,2025,18,QB,58.0,96.5815422071203,5
00-0037834,2025_18_SEA_SF,2025,18,QB,127.0,256.083441011999,5
00-0038400,2025_18_WAS_PHI,2025,18,QB,241.0,204.6731209496744,5
00-0038579,2025_18_KC_LV,2025,18,QB,102.0,159.00908444554517,5
00-0038582,2025_18_GB_MIN,2025,18,QB,34.0,195.80426266157644,5
00-0039150,2025_18_CAR_TB,2025,18,QB,266.0,212.77782786330778,5
00-0039163,2025_18_IND_HOU,2025,18,QB,169.0,136.36482145783106,5
00-0039398,2025_18_DAL_NYG,2025,18,QB,73.0,97.27380018347492,5
00-0039732,2025_18_LAC_DEN,2025,18,QB,141.0,227.5552645592993,5
00-0039851,2025_18_MIA_NE,2025,18,QB,191.0,216.73651015787553,5
00-0039918,2025_18_DET_CHI,2025,18,QB,212.0,231.55748658155832,5
00-0039923,2025_18_GB_MIN,2025,18,QB,182.0,111.8946973903557,5
00-0040206,2025_18_IND_HOU,2025,18,QB,270.0,199.54435271752598,5
00-0040234,2025_18_MIA_NE,2025,18,QB,137.0,241.7627905155249,5
00-0040398,2025_18_NYJ_BUF,2025,18,QB,60.0,166.41089906348083,5
00-0040494,2025_18_GB_MIN,2025,18,QB,57.0,93.66987236637993,5
00-0040668,2025_18_CLE_CIN,2025,18,QB,111.0,214.06801947546447,5
00-0040691,2025_18_DAL_NYG,2025,18,QB,230.0,224.97728642800382,5
00-0040743,2025_18_NO_ATL,2025,18,QB,259.0,247.08449096833812,5
00-0023459,2025_19_HOU_PIT,2025,19,QB,146.0,197.75811041833663,5
00-0026498,2025_19_LA_CAR,2025,19,QB,304.0,261.916301936868,5
00-0034857,2025_19_BUF_JAX,2025,19,QB,273.0,251.36468918427474,5
00-0036264,2025_19_GB_CHI,2025,19,QB,323.0,236.9669167758918,5
00-0036355,2025_19_LAC_NE,2025,19,QB,159.0,213.36556212251918,5
00-0036389,2025_19_SF_PHI,2025,19,QB,168.0,210.12789398768209,5
00-0036971,2025_19_BUF_JAX,2025,19,QB,207.0,241.28455895464757,5
00-0037834,2025_19_SF_PHI,2025,19,QB,262.0,197.48180040173807,5
00-0039150,2025_19_LA_CAR,2025,19,QB,264.0,217.2265365798287,5
00-0039163,2025_19_HOU_PIT,2025,19,QB,250.0,231.5049563863678,5
00-0039851,2025_19_LAC_NE,2025,19,QB,268.0,225.99838205369068,5
00-0039918,2025_19_GB_CHI,2025,19,QB,361.0,220.73538949728626,5
00-0026498,2025_20_LA_CHI,2025,20,QB,258.0,272.01739825421055,5
00-0034857,2025_20_BUF_DEN,2025,20,QB,283.0,232.54418132643738,5
00-0034869,2025_20_SF_SEA,2025,20,QB,124.0,213.75000029803402,5
00-0037834,2025_20_SF_SEA,2025,20,QB,140.0,205.23405955354673,5
00-0039163,2025_20_HOU_NE,2025,20,QB,212.0,228.5643448706416,5
00-0039732,2025_20_BUF_DEN,2025,20,QB,279.0,228.8209411244448,5
00-0039851,2025_20_HOU_NE,2025,20,QB,179.0,204.84170859599413,5
00-0039918,2025_20_LA_CHI,2025,20,QB,257.0,235.60773035773093,5
00-0026498,2025_21_LA_SEA,2025,21,QB,374.0,251.60725549787765,5
00-0034869,2025_21_LA_SEA,2025,21,QB,346.0,239.08179060627114,5
00-0035264,2025_21_NE_DEN,2025,21,QB,133.0,193.989081868504,5
00-0039851,2025_21_NE_DEN,2025,21,QB,86.0,228.4202099017366,5
00-0034869,2025_22_SEA_NE,2025,22,QB,202.0,241.93289988383168,5
00-0039851,2025_22_SEA_NE,2025,22,QB,295.0,231.6175333590893,5
