player_id,game_id,season,week,y_true,y_pred,fold_idx,max_train_season,catboost_pred,lgbm_pred
00-0027061,2021_02_DAL_LAC,2021,2,0.0,0.5134636410739686,0,2020,0.491755986979407,0.4281673342365613
00-0027656,2021_02_ATL_TB,2021,2,2.0,0.5756637628251764,0,2020,0.521183542271661,0.5201481138456163
00-0027981,2021_02_NYG_WAS,2021,2,0.0,0.2725922981517151,0,2020,0.2486134682261766,0.2883272843534429
00-0030061,2021_02_SF_PHI,2021,2,0.0,0.330773729697134,0,2020,0.3104830094432204,0.3168469625980994
00-0030108,2021_02_NE_NYJ,2021,2,0.0,0.25533583093565876,0,2020,0.2492374152424983,0.2480901540162263
00-0030181,2021_02_LA_IND,2021,2,0.0,0.2668592584874707,0,2020,0.2730804021378075,0.2343292902328013
00-0030506,2021_02_KC_BAL,2021,2,1.0,0.6396007755593736,0,2020,0.6131588334636797,0.5113183337232011
00-0031260,2021_02_NYG_WAS,2021,2,0.0,0.42659004314051646,0,2020,0.3945478704743087,0.3936685026001084
00-0031387,2021_02_LV_PIT,2021,2,0.0,0.22615577951640292,0,2020,0.2183919162462551,0.2334779070317207
00-0031484,2021_02_DEN_JAX,2021,2,0.0,0.11812415995000197,0,2020,0.1378489862686964,0.1230149427352167
00-0031558,2021_02_MIN_ARI,2021,2,0.0,0.17844812055979956,0,2020,0.1767242387943094,0.1949116083142922
00-0031610,2021_02_LV_PIT,2021,2,0.0,0.2864056189843749,0,2020,0.293270897513225,0.2449069779538829
00-0031951,2021_02_DEN_JAX,2021,2,0.0,0.2991262369101526,0,2020,0.3003801485713198,0.261890878983959
00-0032134,2021_02_CIN_CHI,2021,2,0.0,0.2241513853848322,0,2020,0.2185588591635343,0.2286460170059652
00-0032141,2021_02_TEN_SEA,2021,2,0.0,0.12972964075863522,0,2020,0.1285421124555315,0.164960013933452
00-0032214,2021_02_NE_NYJ,2021,2,0.0,0.22072152025409153,0,2020,0.2345179823016474,0.1941278239199598
00-0032392,2021_02_HOU_CLE,2021,2,0.0,0.20929152936125792,0,2020,0.208804122572555,0.211234245676925
00-0033090,2021_02_NE_NYJ,2021,2,0.0,0.1594465233999848,0,2020,0.1615616160626791,0.1771504531727083
00-0033110,2021_02_LA_IND,2021,2,0.0,0.4943705283303345,0,2020,0.486917667225429,0.3929071302986852
00-0033217,2021_02_LA_IND,2021,2,0.0,0.16493090967303015,0,2020,0.1715883475167591,0.1728135254667762
00-0033288,2021_02_SF_PHI,2021,2,0.0,0.43004319845158845,0,2020,0.4109983774007166,0.3739597547323994
00-0033357,2021_02_NO_CAR,2021,2,0.0,0.1235679637101404,0,2020,0.1519474125545974,0.111766547640773
00-0033439,2021_02_HOU_CLE,2021,2,0.0,0.5726302349268357,0,2020,0.5663143069202194,0.4376732301285512
00-0033658,2021_02_DAL_LAC,2021,2,0.0,0.15179717103492799,0,2020,0.1649198979893103,0.1541531056213592
00-0033757,2021_02_DET_GB,2021,2,1.0,0.29806717131878885,0,2020,0.2942280815594283,0.2697890926749473
00-0033858,2021_02_NE_NYJ,2021,2,0.0,0.237829748384343,0,2020,0.2341468501171955,0.2336048643235936
00-0033885,2021_02_HOU_CLE,2021,2,0.0,0.4436174332296256,0,2020,0.4131184156478097,0.4012383159350886
00-0033895,2021_02_TEN_SEA,2021,2,0.0,0.19963356382524555,0,2020,0.1993509550534058,0.2051317128823692
00-0034011,2021_02_NO_CAR,2021,2,0.0,0.1605779226180357,0,2020,0.1894942238328298,0.1329383443596487
00-0034270,2021_02_MIN_ARI,2021,2,0.0,0.2384208263800146,0,2020,0.24607495149527,0.2149700416011115
00-0034351,2021_02_SF_PHI,2021,2,0.0,0.5470249620670604,0,2020,0.5642769459157886,0.3829318284691418
00-0034364,2021_02_HOU_CLE,2021,2,0.0,0.2001058258491227,0,2020,0.1832098889793514,0.233237445093333
00-0034365,2021_02_NO_CAR,2021,2,0.0,0.147068559550829,0,2020,0.1621962937475026,0.1479751964072617
00-0034383,2021_02_DAL_LAC,2021,2,0.0,0.28145978943616384,0,2020,0.2888989448808972,0.2409963959439647
00-0034753,2021_02_KC_BAL,2021,2,0.0,0.4063738376042317,0,2020,0.3627693413919384,0.4009771979964672
00-0034798,2021_02_BUF_MIA,2021,2,0.0,0.09805503722135944,0,2020,0.1228924610532934,0.1024840964835056
00-0034829,2021_02_BUF_MIA,2021,2,0.0,0.28645575874673745,0,2020,0.2559554009222514,0.3075170635520145
00-0034830,2021_02_ATL_TB,2021,2,0.0,0.19747356878343467,0,2020,0.2109542045207842,0.1807928362057322
00-0034988,2021_02_NYG_WAS,2021,2,0.0,0.12044592869013776,0,2020,0.1415378915303604,0.1221098432962991
00-0035229,2021_02_DET_GB,2021,2,1.0,0.3943379423147347,0,2020,0.3824342143980986,0.3407069509015676
00-0035644,2021_02_DEN_JAX,2021,2,1.0,0.300341939322332,0,2020,0.3035311551434106,0.2593746054986707
00-0035689,2021_02_BUF_MIA,2021,2,1.0,0.3059908545606373,0,2020,0.3064434591984212,0.2673266331602633
00-0036290,2021_02_CIN_CHI,2021,2,0.0,0.31918663928865576,0,2020,0.3258618751726015,0.2647742515643255
00-0036423,2021_02_DEN_JAX,2021,2,0.0,0.19510823811944594,0,2020,0.1964164799454633,0.1997686652661663
00-0036894,2021_02_LV_PIT,2021,2,0.0,0.19964370768067094,0,2020,0.1887357986041237,0.2229330768196737
00-0036970,2021_02_ATL_TB,2021,2,0.0,0.2518843301195602,0,2020,0.2461514423709075,0.2454196602720104
00-0027061,2021_03_LAC_KC,2021,3,0.0,0.3936293730605093,0,2020,0.3740513799113359,0.3531372989977087
00-0027656,2021_03_TB_LA,2021,3,0.0,0.3754229821792851,0,2020,0.3189881577531216,0.4040079374644753
00-0030061,2021_03_PHI_DAL,2021,3,1.0,0.17861189943575473,0,2020,0.1746152724451858,0.1988156848834646
00-0030108,2021_03_NYJ_DEN,2021,3,0.0,0.13840695948282694,0,2020,0.1568005484735675,0.1373401713363764
00-0030181,2021_03_IND_TEN,2021,3,0.0,0.26920660735343255,0,2020,0.2654903102545127,0.2523724171707036
00-0030506,2021_03_LAC_KC,2021,3,0.0,0.42622763198461183,0,2020,0.3833124430547806,0.411662569168653
00-0031260,2021_03_WAS_BUF,2021,3,1.0,0.2626219830195249,0,2020,0.2528231284880619,0.2586327734030543
00-0031387,2021_03_CIN_PIT,2021,3,0.0,0.16426807032745014,0,2020,0.1538551935036306,0.2010077027794808
00-0031484,2021_03_ARI_JAX,2021,3,0.0,0.0854493988400601,0,2020,0.1160349130668985,0.0853397782444764
00-0031558,2021_03_ARI_JAX,2021,3,0.0,0.3671603436478759,0,2020,0.3544329310903595,0.3258790788509162
00-0031585,2021_03_IND_TEN,2021,3,0.0,0.1840949277145212,0,2020,0.1978145598967743,0.1724141996956135
00-0031610,2021_03_MIA_LV,2021,3,0.0,0.3101371283318966,0,2020,0.2982714311995643,0.2904300303424826
00-0032062,2021_03_LAC_KC,2021,3,0.0,0.19308797428407998,0,2020,0.1811752306967975,0.2207064623562556
00-0032134,2021_03_CIN_PIT,2021,3,0.0,0.2543804463298452,0,2020,0.2442532257633831,0.2542678753943321
00-0032141,2021_03_IND_TEN,2021,3,0.0,0.16377855492458998,0,2020,0.160493019063916,0.188778867830182
00-0032214,2021_03_NYJ_DEN,2021,3,0.0,0.14779844306885162,0,2020,0.1612303633823524,0.1512506219957538
00-0032392,2021_03_CHI_CLE,2021,3,1.0,0.2667405493415849,0,2020,0.2565759831469023,0.2617013799170995
00-0033090,2021_03_NO_NE,2021,3,0.0,0.266012619821389,0,2020,0.2517472282415149,0.2681353646986686
00-0033110,2021_03_TB_LA,2021,3,1.0,0.3987495517292496,0,2020,0.3537620841971851,0.3987466570852419
00-0033217,2021_03_IND_TEN,2021,3,0.0,0.18898716089930243,0,2020,0.1791248215677794,0.2148269098860483
00-0033288,2021_03_GB_SF,2021,3,0.0,0.4066588985989877,0,2020,0.3562964453236813,0.4124654600866085
00-0033357,2021_03_NO_NE,2021,3,0.0,0.1112945201422014,0,2020,0.1430597739029026,0.0987767034936909
00-0033439,2021_03_CAR_HOU,2021,3,0.0,0.15063195697559664,0,2020,0.1853241763673923,0.1173335180689121
00-0033576,2021_03_NYJ_DEN,2021,3,0.0,0.10831103825901506,0,2020,0.1351020552663357,0.1053283821531242
00-0033658,2021_03_PHI_DAL,2021,3,0.0,0.2558312003846136,0,2020,0.2550335371049002,0.2395078370865065
00-0033757,2021_03_GB_SF,2021,3,0.0,0.2728041993704155,0,2020,0.2689473361197191,0.2547532652090992
00-0033858,2021_03_NO_NE,2021,3,0.0,0.25089865017277935,0,2020,0.2504895549992895,0.2359155304903449
00-0033895,2021_03_SEA_MIN,2021,3,0.0,0.21106105450167972,0,2020,0.2107657383899256,0.2119677889046934
00-0034011,2021_03_CAR_HOU,2021,3,0.0,0.21603796794189284,0,2020,0.1906068953735523,0.2570332862802794
00-0034159,2021_03_SEA_MIN,2021,3,0.0,0.2907094093008291,0,2020,0.2545939586130449,0.3194579217733546
00-0034270,2021_03_SEA_MIN,2021,3,1.0,0.19814040678912104,0,2020,0.2049900863013455,0.1922960695974339
00-0034351,2021_03_PHI_DAL,2021,3,0.0,0.2662182609653141,0,2020,0.267035643694734,0.2429972809847115
00-0034364,2021_03_CAR_HOU,2021,3,0.0,0.14932471933427302,0,2020,0.1660150621273454,0.1467035932458279
00-0034383,2021_03_PHI_DAL,2021,3,2.0,0.2463466821341282,0,2020,0.2427158984357991,0.2385966631606755
00-0034753,2021_03_BAL_DET,2021,3,0.0,0.38244274863351135,0,2020,0.370724065209402,0.33330332853439
00-0034798,2021_03_MIA_LV,2021,3,0.0,0.138241553923987,0,2020,0.138278539663859,0.1679852772945328
00-0034829,2021_03_MIA_LV,2021,3,0.0,0.3079931612819791,0,2020,0.2687389729581183,0.3350218778499096
00-0034830,2021_03_ATL_NYG,2021,3,0.0,0.22981651337532744,0,2020,0.2378852668773312,0.2091444302598459
00-0034981,2021_03_MIA_LV,2021,3,0.0,0.17748426306867268,0,2020,0.198176848179215,0.156793582213678
00-0034988,2021_03_ATL_NYG,2021,3,0.0,0.17165943074047388,0,2020,0.1689901913780112,0.1924464578113558
00-0035229,2021_03_BAL_DET,2021,3,0.0,0.5305028831636946,0,2020,0.5379219679777355,0.3895470691836585
00-0035329,2021_03_LAC_KC,2021,3,0.0,0.17441254521652505,0,2020,0.1685213949541694,0.199484355030877
00-0035547,2021_03_LAC_KC,2021,3,1.0,0.17285131932537062,0,2020,0.1687385165108794,0.1955749300242024
00-0035644,2021_03_NYJ_DEN,2021,3,0.0,0.28416474281676646,0,2020,0.2897655026271118,0.2456884528543008
00-0035689,2021_03_WAS_BUF,2021,3,1.0,0.23249020821111044,0,2020,0.2288924373494229,0.2302780531683609
00-0036040,2021_03_NO_NE,2021,3,0.0,0.2774821302720193,0,2020,0.2603534977009294,0.2797705895580799
00-0036232,2021_03_CHI_CLE,2021,3,0.0,0.3483616664929767,0,2020,0.3292720302557195,0.325323961044353
00-0036290,2021_03_CHI_CLE,2021,3,0.0,0.2040072868494363,0,2020,0.2030821822744318,0.2088160419953514
00-0036422,2021_03_NO_NE,2021,3,0.0,0.2475051223032157,0,2020,0.2305648612733545,0.2615782898411798
00-0036423,2021_03_NYJ_DEN,2021,3,0.0,0.2046418584029606,0,2020,0.2083229703408511,0.2014799511167111
00-0036887,2021_03_ARI_JAX,2021,3,0.0,0.13094088517115204,0,2020,0.1295432264652822,0.1660342681782238
00-0036894,2021_03_CIN_PIT,2021,3,1.0,0.18910619516221605,0,2020,0.1956687346134134,0.1873894137212881
00-0036970,2021_03_ATL_NYG,2021,3,0.0,0.4135939655287063,0,2020,0.3875594813700834,0.3758565691705751
00-0027061,2021_04_LV_LAC,2021,4,1.0,0.26830536205774286,0,2020,0.2697773262731441,0.2431456286069245
00-0027981,2021_04_NYG_NO,2021,4,0.0,0.19531939897944015,0,2020,0.1977628860478543,0.1979932758998103
00-0030061,2021_04_KC_PHI,2021,4,0.0,0.3317176814821969,0,2020,0.3107158399847788,0.3186008790280323
00-0030108,2021_04_TEN_NYJ,2021,4,0.0,0.13425291456535907,0,2020,0.1492380466648514,0.1405714065398176
00-0030181,2021_04_IND_MIA,2021,4,0.0,0.24486026331987482,0,2020,0.2325991625886641,0.2521643411221757
00-0030506,2021_04_KC_PHI,2021,4,0.0,0.5094181361923158,0,2020,0.4705100077370419,0.4545622483158291
00-0031273,2021_04_TB_NE,2021,4,0.0,0.18564284314733875,0,2020,0.2076169519076927,0.1595126550702096
00-0031387,2021_04_PIT_GB,2021,4,0.0,0.16252746351549457,0,2020,0.1743692799378317,0.1626974009813381
00-0031484,2021_04_JAX_CIN,2021,4,0.0,0.13660091635197544,0,2020,0.1550247086428939,0.1362125513307135
00-0031558,2021_04_ARI_LA,2021,4,1.0,0.37101484118895756,0,2020,0.3609219649783797,0.3237653749380917
00-0031585,2021_04_TEN_NYJ,2021,4,0.0,0.16955125398443852,0,2020,0.1726547319888684,0.1815210642638469
00-0031610,2021_04_LV_LAC,2021,4,1.0,0.40057188416269507,0,2020,0.3467159701684503,0.4146863321925923
00-0032134,2021_04_JAX_CIN,2021,4,2.0,0.19797611773404813,0,2020,0.1973103181026005,0.2047850637855036
00-0032141,2021_04_TEN_NYJ,2021,4,0.0,0.20026676168042673,0,2020,0.2019785941057175,0.2021690192603139
00-0032214,2021_04_TEN_NYJ,2021,4,0.0,0.12666446796906902,0,2020,0.1427025989751167,0.1342824613344059
00-0032392,2021_04_CLE_MIN,2021,4,0.0,0.3608849980439876,0,2020,0.3317890714765075,0.3495508535104559
00-0033090,2021_04_TB_NE,2021,4,1.0,0.2507832141139138,0,2020,0.2621997022173837,0.2160411345680382
00-0033110,2021_04_ARI_LA,2021,4,0.0,0.26176891006584363,0,2020,0.2487092637525078,0.2635852356365432
00-0033217,2021_04_IND_MIA,2021,4,2.0,0.15856624331209987,0,2020,0.1593159231548759,0.1789122987187775
00-0033246,2021_04_ARI_LA,2021,4,0.0,0.12769755863243326,0,2020,0.1468305431569094,0.1297152671808506
00-0033288,2021_04_SEA_SF,2021,4,0.0,0.3545023593912948,0,2020,0.3246268157626317,0.3470502687513234
00-0033357,2021_04_NYG_NO,2021,4,0.0,0.15706205257518308,0,2020,0.1696160292857895,0.1582453683754101
00-0033387,2021_04_JAX_CIN,2021,4,0.0,0.24469118664305012,0,2020,0.2382093401392419,0.2423843835691877
00-0033439,2021_04_HOU_BUF,2021,4,0.0,0.13507375487562548,0,2020,0.1617892363927597,0.1214148580398212
00-0033455,2021_04_TEN_NYJ,2021,4,0.0,0.23028351202361808,0,2020,0.2418498178361076,0.2035652043810176
00-0033576,2021_04_BAL_DEN,2021,4,0.0,0.1555685302180791,0,2020,0.152610931856949,0.1833335810490442
00-0033658,2021_04_CAR_DAL,2021,4,1.0,0.15683723395920526,0,2020,0.1579084672745173,0.1773426629112833
00-0033757,2021_04_PIT_GB,2021,4,0.0,0.19692573955280201,0,2020,0.1959284951230206,0.2047137755444987
00-0033858,2021_04_TB_NE,2021,4,1.0,0.23565948394360642,0,2020,0.2173919936612817,0.2567369846801466
00-0033881,2021_04_NYG_NO,2021,4,0.0,0.2387759401041778,0,2020,0.2391695318857652,0.2273417973515122
00-0033885,2021_04_CLE_MIN,2021,4,0.0,0.38170499338289776,0,2020,0.3346151712151462,0.3921031561007949
00-0034011,2021_04_JAX_CIN,2021,4,0.0,0.1986165710008584,0,2020,0.2004407116055315,0.2009968322669311
00-0034159,2021_04_SEA_SF,2021,4,0.0,0.18978636888469494,0,2020,0.1923421250639169,0.1945056197811152
00-0034270,2021_04_CLE_MIN,2021,4,0.0,0.2906756190665476,0,2020,0.2679173095304696,0.2970671533865324
00-0034351,2021_04_KC_PHI,2021,4,1.0,0.3323774297056999,0,2020,0.3258542703408464,0.2947453395386217
00-0034364,2021_04_HOU_BUF,2021,4,0.0,0.14988462118546153,0,2020,0.1754143359836047,0.1322332596313711
00-0034365,2021_04_CAR_DAL,2021,4,0.0,0.25968211710159583,0,2020,0.2183776666747674,0.3096453368115826
00-0034383,2021_04_CAR_DAL,2021,4,1.0,0.25867117272501866,0,2020,0.2530324202585203,0.2493093412624349
00-0034753,2021_04_BAL_DEN,2021,4,0.0,0.3250091638490529,0,2020,0.3138295877554156,0.2981498617576598
00-0034798,2021_04_IND_MIA,2021,4,0.0,0.11820833022664298,0,2020,0.1333723263701429,0.1307036426081185
00-0034829,2021_04_IND_MIA,2021,4,1.0,0.28399654209277536,0,2020,0.2798346742197947,0.2619386517364196
00-0034830,2021_04_WAS_ATL,2021,4,0.0,0.13902762793245235,0,2020,0.1630842759582849,0.1282257833378301
00-0035229,2021_04_DET_CHI,2021,4,0.0,0.23488639805003914,0,2020,0.244672612337915,0.2092914469626491
00-0035329,2021_04_LV_LAC,2021,4,1.0,0.1586647123182794,0,2020,0.1736185459068563,0.1551818216311432
00-0035547,2021_04_KC_PHI,2021,4,1.0,0.17649593160381238,0,2020,0.1723352262308935,0.197828625111003
00-0035644,2021_04_BAL_DEN,2021,4,1.0,0.4009472197842264,0,2020,0.3987883155550383,0.3283277118006515
00-0035689,2021_04_HOU_BUF,2021,4,2.0,0.3834289577329669,0,2020,0.3921732638677244,0.2996199214411638
00-0036040,2021_04_NYG_NO,2021,4,1.0,0.27862416967439263,0,2020,0.2377394754027982,0.3202384357813151
00-0036232,2021_04_CLE_MIN,2021,4,0.0,0.3133469024543511,0,2020,0.2498522171144016,0.3788127110523471
00-0036290,2021_04_DET_CHI,2021,4,0.0,0.35113092537583795,0,2020,0.3161997876022807,0.3535068496613884
00-0036422,2021_04_NYG_NO,2021,4,0.0,0.2643271432286932,0,2020,0.2135358142363037,0.3283040813593735
00-0036423,2021_04_BAL_DEN,2021,4,0.0,0.24163630049070733,0,2020,0.239840748917905,0.2327139656786976
00-0036887,2021_04_JAX_CIN,2021,4,0.0,0.1465199881258682,0,2020,0.1455351226669424,0.1746335308282457
00-0036894,2021_04_PIT_GB,2021,4,0.0,0.2513951352905442,0,2020,0.2545973066874081,0.2301634395897886
00-0036970,2021_04_WAS_ATL,2021,4,0.0,0.3218369728684444,0,2020,0.3048681265249325,0.3059540264198008
00-0024243,2021_05_GB_CIN,2021,5,0.0,0.17175703230874798,0,2020,0.174986055753259,0.1826262177945545
00-0027061,2021_05_CLE_LAC,2021,5,0.0,0.2988463468544827,0,2020,0.2802762036822116,0.2949254084464244
00-0027981,2021_05_NYG_DAL,2021,5,0.0,0.18053201454718737,0,2020,0.1930981620878499,0.1722213162003927
00-0028097,2021_05_NYJ_ATL,2021,5,0.0,0.170296368218898,0,2020,0.1685835521380733,0.1900317710628047
00-0030061,2021_05_PHI_CAR,2021,5,0.0,0.2784906657221394,0,2020,0.2769264319256274,0.2543046850895208
00-0030108,2021_05_NYJ_ATL,2021,5,0.0,0.17519298126168592,0,2020,0.186285387851729,0.1715056091016013
00-0030181,2021_05_IND_BAL,2021,5,0.0,0.4136539174507742,0,2020,0.3921179860128918,0.3683581193346365
00-0030506,2021_05_BUF_KC,2021,5,1.0,0.38624690021008484,0,2020,0.3429415340181213,0.3884734972242646
00-0031273,2021_05_MIA_TB,2021,5,0.0,0.2653312227354275,0,2020,0.2384759394209366,0.2888146367459505
00-0031387,2021_05_DEN_PIT,2021,5,0.0,0.16476317797080797,0,2020,0.1641270056071406,0.1849288792466765
00-0031558,2021_05_SF_ARI,2021,5,0.0,0.25238480731215984,0,2020,0.2627696657022397,0.2187240254551935
00-0031585,2021_05_TEN_JAX,2021,5,1.0,0.18848731604049865,0,2020,0.1816905929093854,0.2093945151719023
00-0031610,2021_05_CHI_LV,2021,5,0.0,0.28395378895477663,0,2020,0.286936037739329,0.24994814780993
00-0032062,2021_05_BUF_KC,2021,5,0.0,0.1828085052040453,0,2020,0.1792933071170987,0.2005120343472134
00-0032134,2021_05_GB_CIN,2021,5,0.0,0.2817617000161743,0,2020,0.272824974750705,0.2686028606642288
00-0032141,2021_05_TEN_JAX,2021,5,0.0,0.2152816254881827,0,2020,0.2166453724695691,0.2117061214685983
00-0032392,2021_05_CLE_LAC,2021,5,0.0,0.34117682507272307,0,2020,0.2807863639209588,0.3902101361666573
00-0033090,2021_05_NE_HOU,2021,5,1.0,0.2645817950671401,0,2020,0.2324351598009932,0.2972297018944718
00-0033110,2021_05_LA_SEA,2021,5,1.0,0.3093580365045215,0,2020,0.2966939113346167,0.291302630187612
00-0033217,2021_05_IND_BAL,2021,5,0.0,0.304767125558153,0,2020,0.2755033018426394,0.316366108077308
00-0033357,2021_05_NO_WAS,2021,5,0.0,0.2504092264779022,0,2020,0.2696450911071511,0.202722169521622
00-0033387,2021_05_TEN_JAX,2021,5,1.0,0.24835629038924023,0,2020,0.2457507636383803,0.238077988449013
00-0033439,2021_05_NE_HOU,2021,5,0.0,0.18947516737708794,0,2020,0.1876203007440772,0.2017069711936836
00-0033455,2021_05_TEN_JAX,2021,5,0.0,0.24579555222244082,0,2020,0.2429280552572875,0.2369896393210161
00-0033611,2021_05_NO_WAS,2021,5,0.0,0.2203132881068688,0,2020,0.208721971181881,0.2364039739589923
00-0033658,2021_05_NYG_DAL,2021,5,0.0,0.18151342014150776,0,2020,0.1892106569638271,0.180961058193531
00-0033757,2021_05_GB_CIN,2021,5,0.0,0.25690960333748464,0,2020,0.2693871919657626,0.2179174746249883
00-0033858,2021_05_NE_HOU,2021,5,0.0,0.2303485181834271,0,2020,0.2102240698384459,0.2566798299179249
00-0033879,2021_05_MIA_TB,2021,5,0.0,0.14850090439232805,0,2020,0.1544186520889448,0.1642543153238937
00-0033881,2021_05_NYG_DAL,2021,5,0.0,0.23455764387225908,0,2020,0.2232184945379826,0.24447627577942
00-0033885,2021_05_CLE_LAC,2021,5,1.0,0.26835038652447757,0,2020,0.2174400444770133,0.3309026696451164
00-0033896,2021_05_MIA_TB,2021,5,0.0,0.12888420986253118,0,2020,0.1524254027090537,0.1230400347502764
00-0034011,2021_05_TEN_JAX,2021,5,0.0,0.22669537728284705,0,2020,0.2306728520005871,0.2141352355824452
00-0034159,2021_05_LA_SEA,2021,5,0.0,0.2982016675524309,0,2020,0.2812412745598569,0.2918449344541992
00-0034270,2021_05_DET_MIN,2021,5,0.0,0.32107937684876914,0,2020,0.3006976770908559,0.3112181001083745
00-0034351,2021_05_PHI_CAR,2021,5,0.0,0.24283476286607864,0,2020,0.2685031500305324,0.187431905674129
00-0034364,2021_05_NE_HOU,2021,5,0.0,0.16645931148402937,0,2020,0.1606474637150267,0.194608621115447
00-0034365,2021_05_PHI_CAR,2021,5,0.0,0.167402085202673,0,2020,0.1696478062422937,0.181675981994362
00-0034383,2021_05_NYG_DAL,2021,5,0.0,0.41654782388707234,0,2020,0.3681232094131473,0.4151172253406631
00-0034753,2021_05_IND_BAL,2021,5,2.0,0.35475269711287316,0,2020,0.3480084025320787,0.3084592076576953
00-0034766,2021_05_DET_MIN,2021,5,0.0,0.08074037921785936,0,2020,0.0947580475117214,0.1102794749852288
00-0034798,2021_05_MIA_TB,2021,5,0.0,0.11314391771700749,0,2020,0.1409933226738515,0.1064378796080742
00-0034829,2021_05_MIA_TB,2021,5,0.0,0.3413610020608239,0,2020,0.3326833245290592,0.3037111000187261
00-0034830,2021_05_NYJ_ATL,2021,5,1.0,0.1647165154582052,0,2020,0.1697491467153401,0.1754069068008973
00-0034981,2021_05_CHI_LV,2021,5,0.0,0.11367907865641913,0,2020,0.1256273033489934,0.1333884123137957
00-0034988,2021_05_NYG_DAL,2021,5,0.0,0.08834736321568953,0,2020,0.1174543336661445,0.0895442554432834
00-0035229,2021_05_DET_MIN,2021,5,0.0,0.2429138281212414,0,2020,0.2550768302024915,0.2100979536549831
00-0035329,2021_05_CLE_LAC,2021,5,1.0,0.1425305130991803,0,2020,0.1471381002963457,0.1628881318557911
00-0035631,2021_05_GB_CIN,2021,5,0.0,0.09578066614443778,0,2020,0.1235617712279769,0.096197678923874
00-0035644,2021_05_DEN_PIT,2021,5,0.0,0.21236220215636226,0,2020,0.2403598444648778,0.165358518374602
00-0035689,2021_05_BUF_KC,2021,5,1.0,0.4762452947157127,0,2020,0.4662485736695703,0.3863586033563476
00-0036040,2021_05_NO_WAS,2021,5,0.0,0.2969186552446549,0,2020,0.2799479746744347,0.2910970386779418
00-0036232,2021_05_CLE_LAC,2021,5,0.0,0.16295257013964257,0,2020,0.1576382869204349,0.1916840489624946
00-0036290,2021_05_CHI_LV,2021,5,0.0,0.27887349889821056,0,2020,0.2594819404316576,0.2843902948391323
00-0036422,2021_05_NO_WAS,2021,5,0.0,0.20479798149796968,0,2020,0.1943971638103806,0.2251575527521078
00-0036876,2021_05_IND_BAL,2021,5,0.0,0.21990670643786636,0,2020,0.185101420981514,0.2750403979141225
00-0036887,2021_05_TEN_JAX,2021,5,0.0,0.1584044037455558,0,2020,0.1599345255782367,0.1775086967809543
00-0036894,2021_05_DEN_PIT,2021,5,0.0,0.17768036181820557,0,2020,0.1793246270180938,0.188812762648698
00-0036970,2021_05_NYJ_ATL,2021,5,1.0,0.28918687127353104,0,2020,0.2839505663885867,0.2668333822634189
00-0037005,2021_05_PHI_CAR,2021,5,1.0,0.1627412596515873,0,2020,0.164127895885457,0.1803352949694586
00-0024243,2021_06_GB_CHI,2021,6,0.0,0.18090624642117825,0,2020,0.169732447011721,0.2122042906794843
00-0027061,2021_06_LAC_BAL,2021,6,1.0,0.5088798939469141,0,2020,0.507152035708721,0.3919715346718105
00-0027981,2021_06_LA_NYG,2021,6,0.0,0.12335553966422078,0,2020,0.147231380535758,0.119182537162854
00-0030061,2021_06_TB_PHI,2021,6,1.0,0.2938949148073034,0,2020,0.27605962548362,0.2907418802800031
00-0030181,2021_06_HOU_IND,2021,6,0.0,0.27383795502423125,0,2020,0.2733872101310746,0.2496651594634201
00-0030506,2021_06_KC_WAS,2021,6,0.0,0.42949897132136855,0,2020,0.3791970277808333,0.4259848146484541
00-0031273,2021_06_TB_PHI,2021,6,0.0,0.2088255209303465,0,2020,0.2094165689457276,0.2091501387890487
00-0031387,2021_06_SEA_PIT,2021,6,0.0,0.148541081742424,0,2020,0.1529616828063243,0.1667857049933561
00-0031484,2021_06_MIA_JAX,2021,6,0.0,0.14027357087722267,0,2020,0.1516620935888239,0.1501854522901073
00-0031610,2021_06_LV_DEN,2021,6,0.0,0.2668822725888937,0,2020,0.2654180229624092,0.2472145559928169
00-0032134,2021_06_CIN_DET,2021,6,1.0,0.22528343115135147,0,2020,0.2101527431312437,0.2452956822118792
00-0032141,2021_06_BUF_TEN,2021,6,0.0,0.15744319877436883,0,2020,0.1589106420331762,0.1770404558257443
00-0032392,2021_06_ARI_CLE,2021,6,0.0,0.18866470391144055,0,2020,0.1806936673981117,0.2114670474488071
00-0033090,2021_06_DAL_NE,2021,6,1.0,0.33304318285324763,0,2020,0.3165803402700969,0.3117894011528155
00-0033110,2021_06_LA_NYG,2021,6,0.0,0.2789498788062844,0,2020,0.2864043773307216,0.2394739119455849
00-0033217,2021_06_HOU_IND,2021,6,1.0,0.2524641226764241,0,2020,0.2254201004529861,0.2814574318022547
00-0033258,2021_06_ARI_CLE,2021,6,0.0,0.13326458291990534,0,2020,0.137103600760452,0.1586495910050779
00-0033387,2021_06_MIA_JAX,2021,6,0.0,0.23611235814837023,0,2020,0.2270099954525304,0.2416572476994627
00-0033439,2021_06_HOU_IND,2021,6,0.0,0.1837942989431033,0,2020,0.2060866292321037,0.1578773149123492
00-0033455,2021_06_BUF_TEN,2021,6,0.0,0.28156177283803946,0,2020,0.2660924854973885,0.2794244068144741
00-0033576,2021_06_LV_DEN,2021,6,0.0,0.14363147116650576,0,2020,0.1508723576736054,0.159134424153944
00-0033611,2021_06_KC_WAS,2021,6,1.0,0.383037564002716,0,2020,0.3639251230463026,0.3460411552241971
00-0033658,2021_06_DAL_NE,2021,6,1.0,0.14787489904009413,0,2020,0.1542700068379359,0.163081511035436
00-0033757,2021_06_GB_CHI,2021,6,0.0,0.21829207195927963,0,2020,0.229573718404997,0.1968908481527991
00-0033858,2021_06_DAL_NE,2021,6,0.0,0.1861737761098274,0,2020,0.1782750674646988,0.209860445421436
00-0033879,2021_06_TB_PHI,2021,6,1.0,0.19239174194233136,0,2020,0.1790134244273865,0.2227458153356262
00-0033881,2021_06_LA_NYG,2021,6,0.0,0.21791674035058384,0,2020,0.2130219998114246,0.2237593256736354
00-0033885,2021_06_ARI_CLE,2021,6,0.0,0.300102650566868,0,2020,0.2875414713362091,0.2856107585267645
00-0033895,2021_06_SEA_PIT,2021,6,0.0,0.1862985724211819,0,2020,0.1698174715866018,0.2243087080749515
00-0034011,2021_06_MIA_JAX,2021,6,0.0,0.27944355318702885,0,2020,0.2779621696482195,0.2547341822396471
00-0034159,2021_06_SEA_PIT,2021,6,1.0,0.2274639651637449,0,2020,0.2182000476956609,0.2367703441249985
00-0034270,2021_06_MIN_CAR,2021,6,0.0,0.28553631865104556,0,2020,0.2755668723109891,0.2725834649199493
00-0034364,2021_06_HOU_IND,2021,6,0.0,0.1540632527106372,0,2020,0.1719294765585557,0.1475600492005299
00-0034365,2021_06_MIN_CAR,2021,6,0.0,0.18480881460803741,0,2020,0.202266945504735,0.1665786673936166
00-0034383,2021_06_DAL_NE,2021,6,0.0,0.3296902187284015,0,2020,0.3107603429782379,0.3139216596428311
00-0034753,2021_06_LAC_BAL,2021,6,1.0,0.6204211810346241,0,2020,0.6187300238021072,0.458427808173013
00-0034766,2021_06_MIN_CAR,2021,6,1.0,0.13927113980637268,0,2020,0.1581267098962734,0.1370817973735046
00-0034798,2021_06_MIA_JAX,2021,6,0.0,0.17747134134900328,0,2020,0.1846906146757255,0.1793510571365425
00-0034829,2021_06_MIA_JAX,2021,6,0.0,0.4308453955604844,0,2020,0.4095329027678537,0.378236055453506
00-0034981,2021_06_LV_DEN,2021,6,0.0,0.16495274296869755,0,2020,0.1610481434068661,0.1905159073408261
00-0035229,2021_06_CIN_DET,2021,6,0.0,0.25593977617922786,0,2020,0.2578069201597698,0.2351095516818442
00-0035329,2021_06_LAC_BAL,2021,6,0.0,0.22017114894073958,0,2020,0.1951946802244792,0.2587367390813862
00-0035547,2021_06_KC_WAS,2021,6,0.0,0.1752912016444442,0,2020,0.1688927119756697,0.2008580375156445
00-0035631,2021_06_CIN_DET,2021,6,0.0,0.12707098604238237,0,2020,0.1366745836577612,0.1453014826114729
00-0035644,2021_06_LV_DEN,2021,6,1.0,0.26093005871680996,0,2020,0.2606117540569601,0.2417457129503928
00-0035689,2021_06_BUF_TEN,2021,6,0.0,0.37587411204688,0,2020,0.3388656113840056,0.3717416493136706
00-0036250,2021_06_GB_CHI,2021,6,0.0,0.08939605655527283,0,2020,0.1119622458933271,0.1011241827828259
00-0036290,2021_06_GB_CHI,2021,6,0.0,0.30410009903125523,0,2020,0.2761326001929416,0.3137972338150745
00-0036887,2021_06_MIA_JAX,2021,6,0.0,0.13788064115232151,0,2020,0.1412003489087618,0.1622721247662262
00-0036894,2021_06_SEA_PIT,2021,6,0.0,0.1786111000372939,0,2020,0.1819010764781517,0.1866115624287138
00-0037005,2021_06_MIN_CAR,2021,6,0.0,0.16375250948145903,0,2020,0.1579325123138325,0.1930080661201285
00-0024243,2021_07_WAS_GB,2021,7,0.0,0.1940797480590495,0,2020,0.1785778091991789,0.2273091125641131
00-0027981,2021_07_CAR_NYG,2021,7,0.0,0.15439312528173302,0,2020,0.1498795608009185,0.1852385684158071
00-0028097,2021_07_ATL_MIA,2021,7,0.0,0.18385467115786808,0,2020,0.1787686749110576,0.2037666981736125
00-0029738,2021_07_DET_LA,2021,7,0.0,0.22704113382375585,0,2020,0.2245373864701346,0.2251962161419517
00-0030061,2021_07_HOU_ARI,2021,7,1.0,0.31862942789168053,0,2020,0.2904865613919056,0.3227555181034922
00-0030108,2021_07_NYJ_NE,2021,7,0.0,0.2025542890472716,0,2020,0.2001614257257303,0.2104077564019583
00-0030181,2021_07_IND_SF,2021,7,0.0,0.17556506184212006,0,2020,0.1818004796113609,0.1798620127459668
00-0030506,2021_07_KC_TEN,2021,7,0.0,0.3904809367924419,0,2020,0.3538224386889708,0.3798662552423094
00-0031273,2021_07_CHI_TB,2021,7,0.0,0.1856341096869403,0,2020,0.2000251102851289,0.1722076804410862
00-0031585,2021_07_KC_TEN,2021,7,1.0,0.23327467937980634,0,2020,0.2067788888936499,0.2690956094233771
00-0032134,2021_07_CIN_BAL,2021,7,2.0,0.332996185020012,0,2020,0.3255277002998692,0.296697571185357
00-0032141,2021_07_KC_TEN,2021,7,0.0,0.25123085540007783,0,2020,0.2316022645616061,0.2683025642852777
00-0032392,2021_07_DEN_CLE,2021,7,0.0,0.20378859602458363,0,2020,0.1931649262668908,0.2249288388152563
00-0033090,2021_07_NYJ_NE,2021,7,1.0,0.3351432404144693,0,2020,0.311668126038059,0.3247859657617586
00-0033110,2021_07_DET_LA,2021,7,0.0,0.25837277968735356,0,2020,0.268094225927153,0.2234060443486792
00-0033217,2021_07_IND_SF,2021,7,1.0,0.23243600289780647,0,2020,0.2307487196080185,0.2270460321064252
00-0033439,2021_07_HOU_ARI,2021,7,0.0,0.157264098195881,0,2020,0.1656986762742844,0.1652650511979387
00-0033455,2021_07_KC_TEN,2021,7,0.0,0.38799722064282227,0,2020,0.3615600585044789,0.3612663362040413
00-0033576,2021_07_DEN_CLE,2021,7,0.0,0.16301368179930278,0,2020,0.1607039615182127,0.1866884334990537
00-0033611,2021_07_WAS_GB,2021,7,0.0,0.24324186985720436,0,2020,0.2559454956958334,0.2093881418129815
00-0033757,2021_07_WAS_GB,2021,7,1.0,0.232115815774185,0,2020,0.2164136360316358,0.250327318194659
00-0033858,2021_07_NYJ_NE,2021,7,0.0,0.19248829439434037,0,2020,0.1987552648265609,0.1899013521577522
00-0033879,2021_07_CHI_TB,2021,7,0.0,0.1858762566795805,0,2020,0.1919582540804059,0.1862680518010467
00-0033881,2021_07_CAR_NYG,2021,7,0.0,0.23145836116481444,0,2020,0.229256938634118,0.2273240980207807
00-0033885,2021_07_DEN_CLE,2021,7,0.0,0.2373911260497995,0,2020,0.2084636567339617,0.2756230456864739
00-0033895,2021_07_NO_SEA,2021,7,0.0,0.17519962135416353,0,2020,0.1968023025145788,0.1539069000534753
00-0033896,2021_07_ATL_MIA,2021,7,0.0,0.1490194479319439,0,2020,0.1524313086106266,0.1687604233275157
00-0034073,2021_07_IND_SF,2021,7,0.0,0.219280593229715,0,2020,0.2075254210733751,0.2360625511914839
00-0034351,2021_07_PHI_LV,2021,7,0.0,0.23700991643546487,0,2020,0.2473146113938252,0.2096894545042247
00-0034364,2021_07_HOU_ARI,2021,7,0.0,0.18111307652455966,0,2020,0.2005626832202817,0.1610393756422025
00-0034365,2021_07_CAR_NYG,2021,7,0.0,0.19068944860060036,0,2020,0.1982444356927169,0.1866714311724501
00-0034753,2021_07_CIN_BAL,2021,7,0.0,0.33884488272431407,0,2020,0.3350516442954215,0.2940301231634533
00-0034798,2021_07_ATL_MIA,2021,7,0.0,0.2149320602272104,0,2020,0.2000313124235944,0.2387375282278175
00-0034829,2021_07_ATL_MIA,2021,7,1.0,0.3239913015543695,0,2020,0.317605368039505,0.2895144382976929
00-0034830,2021_07_ATL_MIA,2021,7,0.0,0.21324338026087392,0,2020,0.2085168699833609,0.2206906104266153
00-0034981,2021_07_PHI_LV,2021,7,1.0,0.16264544085823912,0,2020,0.1735431320108377,0.1643489833524394
00-0035229,2021_07_DET_LA,2021,7,0.0,0.2907542834522293,0,2020,0.2745854478768198,0.2860779757115683
00-0035259,2021_07_NYJ_NE,2021,7,0.0,0.10607557145134017,0,2020,0.1282176373577207,0.1117813499339366
00-0035624,2021_07_NYJ_NE,2021,7,0.0,0.17038572205932065,0,2020,0.1755195865668156,0.1786181968998583
00-0035644,2021_07_DEN_CLE,2021,7,0.0,0.23184275122704262,0,2020,0.2611483116115041,0.174785251443221
00-0036040,2021_07_NO_SEA,2021,7,0.0,0.29687289398719224,0,2020,0.2821914622414913,0.287235701690857
00-0036232,2021_07_DEN_CLE,2021,7,0.0,0.15642358997939246,0,2020,0.1558395767714389,0.1798682024628029
00-0036250,2021_07_WAS_GB,2021,7,0.0,0.110332776227168,0,2020,0.1297047421816231,0.1189595170724743
00-0036290,2021_07_CHI_TB,2021,7,0.0,0.26741712435953857,0,2020,0.2604627977247044,0.2567283281458434
00-0036422,2021_07_NO_SEA,2021,7,0.0,0.19583026535767742,0,2020,0.190187263218399,0.2118412305700292
00-0036876,2021_07_IND_SF,2021,7,0.0,0.15447313492109974,0,2020,0.1483718021446989,0.1879454857916674
00-0036970,2021_07_ATL_MIA,2021,7,0.0,0.28226996399302623,0,2020,0.2823784950706403,0.2537569164752292
00-0037005,2021_07_CAR_NYG,2021,7,0.0,0.17629321706486498,0,2020,0.1733326986159723,0.1956976560962429
00-0024243,2021_08_GB_ARI,2021,8,0.0,0.1860388355802654,0,2020,0.1801537786370562,0.2064074979613177
00-0027061,2021_08_NE_LAC,2021,8,0.0,0.3561632351507225,0,2020,0.3322801781826097,0.3380044819588682
00-0027656,2021_08_TB_NO,2021,8,0.0,0.32425958665845117,0,2020,0.3010073781234831,0.3179221656744883
00-0027981,2021_08_NYG_KC,2021,8,1.0,0.2159731537322203,0,2020,0.2067350718075867,0.229874519525507
00-0028097,2021_08_CAR_ATL,2021,8,0.0,0.10034474637998625,0,2020,0.1245372477948352,0.1049296862784934
00-0030061,2021_08_GB_ARI,2021,8,0.0,0.29440187671474244,0,2020,0.2678692938814366,0.3056104851069587
00-0030108,2021_08_CIN_NYJ,2021,8,0.0,0.23626976239432057,0,2020,0.225628852457894,0.2443278837054956
00-0030181,2021_08_TEN_IND,2021,8,1.0,0.2056197733028231,0,2020,0.1958824821686623,0.2245363508634135
00-0030506,2021_08_NYG_KC,2021,8,0.0,0.424693197162883,0,2020,0.3804263402373272,0.4130112890765295
00-0031273,2021_08_TB_NO,2021,8,0.0,0.2087056662365255,0,2020,0.1992366747889746,0.225927275842254
00-0031585,2021_08_TEN_IND,2021,8,0.0,0.1943445975649107,0,2020,0.1927653871773489,0.2041491893096779
00-0032062,2021_08_NYG_KC,2021,8,0.0,0.1964455787717069,0,2020,0.1912098649523528,0.2115260444001386
00-0032134,2021_08_CIN_NYJ,2021,8,0.0,0.31837866178970825,0,2020,0.29645258393435,0.3121940598110419
00-0032135,2021_08_SF_CHI,2021,8,1.0,0.16804502228165505,0,2020,0.1793271427841706,0.1669251837776789
00-0032141,2021_08_TEN_IND,2021,8,1.0,0.15861045979153957,0,2020,0.1561685385267733,0.18428397931883
00-0032214,2021_08_CIN_NYJ,2021,8,1.0,0.13559415249945778,0,2020,0.1498666375145491,0.1425648003867421
00-0032392,2021_08_PIT_CLE,2021,8,0.0,0.17772057351936685,0,2020,0.1806344625430038,0.1867103695791538
00-0033090,2021_08_NE_LAC,2021,8,0.0,0.4788006391874999,0,2020,0.4698781149075995,0.3860834142048058
00-0033110,2021_08_LA_HOU,2021,8,0.0,0.3134105553178717,0,2020,0.2977455368528962,0.2987452667110032
00-0033217,2021_08_TEN_IND,2021,8,0.0,0.20370750704681517,0,2020,0.1986107371718093,0.2156239973224472
00-0033258,2021_08_GB_ARI,2021,8,0.0,0.07448958724789655,0,2020,0.0958138600507063,0.0943146662723881
00-0033455,2021_08_TEN_IND,2021,8,0.0,0.21178344562726337,0,2020,0.2033633536532769,0.226006009247574
00-0033611,2021_08_WAS_DEN,2021,8,0.0,0.20295342588384957,0,2020,0.2204582756008187,0.1773209766682726
00-0033658,2021_08_DAL_MIN,2021,8,0.0,0.1664479857300221,0,2020,0.1629679419436799,0.1906965481439398
00-0033757,2021_08_GB_ARI,2021,8,0.0,0.25032128845422663,0,2020,0.2478006967342969,0.2391075670181796
00-0033858,2021_08_NE_LAC,2021,8,0.0,0.2537037972336665,0,2020,0.2475055841054232,0.2472840306663098
00-0033879,2021_08_TB_NO,2021,8,0.0,0.18793668754196655,0,2020,0.1781820134177283,0.2140201408998296
00-0033881,2021_08_NYG_KC,2021,8,1.0,0.3027908276971919,0,2020,0.2817691056988692,0.3013836213729521
00-0033885,2021_08_PIT_CLE,2021,8,0.0,0.22083414232316734,0,2020,0.2041892824069948,0.2451782889522334
00-0033895,2021_08_JAX_SEA,2021,8,0.0,0.32706465211683,0,2020,0.3103886650786467,0.3085810748804168
00-0033896,2021_08_MIA_BUF,2021,8,0.0,0.14835548671703896,0,2020,0.1721780207999786,0.1341805551760908
00-0034011,2021_08_JAX_SEA,2021,8,0.0,0.2425679744636321,0,2020,0.2397936162506065,0.2349088812816144
00-0034159,2021_08_JAX_SEA,2021,8,0.0,0.20490183032263326,0,2020,0.1950655327688892,0.2242740214884623
00-0034270,2021_08_DAL_MIN,2021,8,0.0,0.32313622019358623,0,2020,0.2910725059648016,0.3320098060318275
00-0034351,2021_08_PHI_DET,2021,8,0.0,0.32725201327232867,0,2020,0.3131527619804706,0.3043772758749873
00-0034364,2021_08_LA_HOU,2021,8,0.0,0.16641233343523798,0,2020,0.1711757045134556,0.1768691677916572
00-0034365,2021_08_CAR_ATL,2021,8,0.0,0.19914478498591792,0,2020,0.1989958299506048,0.2046163851556819
00-0034383,2021_08_DAL_MIN,2021,8,0.0,0.3305406731246551,0,2020,0.3089448827221703,0.3188937181767224
00-0034766,2021_08_DAL_MIN,2021,8,0.0,0.13493005942350425,0,2020,0.1512588664812312,0.1387248278252539
00-0034829,2021_08_MIA_BUF,2021,8,0.0,0.29243327402140307,0,2020,0.2989656119919971,0.2490591858951641
00-0034830,2021_08_CAR_ATL,2021,8,0.0,0.18573196340032988,0,2020,0.1907693952256381,0.1879314468729591
00-0035222,2021_08_PIT_CLE,2021,8,0.0,0.18624117574910887,0,2020,0.1707652217512775,0.2225910537631423
00-0035229,2021_08_PHI_DET,2021,8,0.0,0.28678349587431023,0,2020,0.2721312937778987,0.2811699266368442
00-0035329,2021_08_NE_LAC,2021,8,0.0,0.09970968405589839,0,2020,0.1296746991255994,0.0948831269420837
00-0035624,2021_08_NE_LAC,2021,8,0.0,0.2126009989594601,0,2020,0.1840283069286019,0.2602452494470202
00-0035644,2021_08_WAS_DEN,2021,8,0.0,0.320256089818843,0,2020,0.314055426748316,0.2869766496154287
00-0036040,2021_08_TB_NO,2021,8,0.0,0.2587639733485004,0,2020,0.2271910523621333,0.2927993790027184
00-0036232,2021_08_PIT_CLE,2021,8,0.0,0.18205747227801797,0,2020,0.168556259055902,0.2167887913557829
00-0036290,2021_08_SF_CHI,2021,8,0.0,0.2807812626828968,0,2020,0.2623931491209482,0.28384741602773
00-0036422,2021_08_TB_NO,2021,8,0.0,0.2384860128147418,0,2020,0.2279876436896805,0.2454108183330436
00-0036423,2021_08_WAS_DEN,2021,8,0.0,0.18140104851709607,0,2020,0.1717604767933879,0.2099315076964129
00-0036429,2021_08_SF_CHI,2021,8,0.0,0.18257474861896342,0,2020,0.1827692782765365,0.1941595598455811
00-0036876,2021_08_TEN_IND,2021,8,0.0,0.15707000110626876,0,2020,0.1476095633793368,0.1951199776037936
00-0036887,2021_08_JAX_SEA,2021,8,0.0,0.12979451598170386,0,2020,0.1462134100524433,0.1355113639132092
00-0036894,2021_08_PIT_CLE,2021,8,1.0,0.21383876840360305,0,2020,0.216348520679361,0.2089263361095164
00-0036970,2021_08_CAR_ATL,2021,8,0.0,0.29193617274258454,0,2020,0.2860950692381035,0.2694858507509693
00-0037005,2021_08_CAR_ATL,2021,8,0.0,0.16056521968562026,0,2020,0.1592415196380523,0.183576898642151
00-0024243,2021_09_GB_KC,2021,9,0.0,0.20704518139379469,0,2020,0.1899488579110111,0.2377113442836035
00-0027061,2021_09_LAC_PHI,2021,9,0.0,0.32560450344796565,0,2020,0.3120354983706176,0.302506722564095
00-0027981,2021_09_LV_NYG,2021,9,0.0,0.16001554687333205,0,2020,0.1673636644940271,0.168725490218114
00-0030061,2021_09_ARI_SF,2021,9,0.0,0.25810461008243574,0,2020,0.2445233748895265,0.2622735873371122
00-0030108,2021_09_NYJ_IND,2021,9,1.0,0.11653169300799202,0,2020,0.1461036591842748,0.1055732267265072
00-0030181,2021_09_NYJ_IND,2021,9,1.0,0.199008576115933,0,2020,0.1915105117280188,0.2168434878937691
00-0030506,2021_09_GB_KC,2021,9,1.0,0.38375261337811967,0,2020,0.3547914483252192,0.362962275820104
00-0031484,2021_09_BUF_JAX,2021,9,0.0,0.10843232417573809,0,2020,0.1300388935633793,0.1140836540860008
00-0031610,2021_09_LV_NYG,2021,9,0.0,0.3658823029794456,0,2020,0.3259599332431326,0.370663190397544
00-0032062,2021_09_GB_KC,2021,9,0.0,0.17623173294677946,0,2020,0.1706867689332862,0.19998943442743
00-0032134,2021_09_CLE_CIN,2021,9,0.0,0.23629857337656418,0,2020,0.2288277185950807,0.2390358383802718
00-0032141,2021_09_TEN_LA,2021,9,1.0,0.22132395343476252,0,2020,0.2242631426705175,0.2126709089972462
00-0032214,2021_09_NYJ_IND,2021,9,0.0,0.13163256803067075,0,2020,0.1552532771625753,0.1245458461236573
00-0032392,2021_09_CLE_CIN,2021,9,0.0,0.24454923225178699,0,2020,0.2407942906530978,0.2377326927808825
00-0033090,2021_09_NE_CAR,2021,9,1.0,0.288317523170717,0,2020,0.2883423220973998,0.2575036185800834
00-0033110,2021_09_TEN_LA,2021,9,0.0,0.2318498428984056,0,2020,0.2249594933684772,0.2354106006446532
00-0033217,2021_09_NYJ_IND,2021,9,0.0,0.24935380423289705,0,2020,0.2397424447109029,0.2504062660711531
00-0033258,2021_09_ARI_SF,2021,9,0.0,0.13817128963356248,0,2020,0.1457656770856329,0.1552861948600315
00-0033288,2021_09_ARI_SF,2021,9,1.0,0.2605537854147619,0,2020,0.2579906566170321,0.2452809665491223
00-0033357,2021_09_ATL_NO,2021,9,0.0,0.1686256110173763,0,2020,0.2066430351642758,0.1224949765913595
00-0033421,2021_09_HOU_MIA,2021,9,0.0,0.20049855760641033,0,2020,0.1994129560930192,0.2069924095584667
00-0033455,2021_09_TEN_LA,2021,9,0.0,0.19560319211035077,0,2020,0.1973063244054395,0.1994024666454499
00-0033576,2021_09_DEN_DAL,2021,9,0.0,0.13100072331309465,0,2020,0.1434185424019466,0.1429317102816557
00-0033858,2021_09_NE_CAR,2021,9,0.0,0.1548220344051859,0,2020,0.1663571908530629,0.1586158577431746
00-0033881,2021_09_LV_NYG,2021,9,1.0,0.21710705159085542,0,2020,0.2118315116305046,0.223914232180913
00-0033885,2021_09_CLE_CIN,2021,9,1.0,0.2366980929978444,0,2020,0.2158060263070542,0.2617520158720798
00-0033896,2021_09_HOU_MIA,2021,9,0.0,0.152538410518013,0,2020,0.1616347418917178,0.1613385751074712
00-0034011,2021_09_BUF_JAX,2021,9,0.0,0.22067219414638384,0,2020,0.2321704091475273,0.1979475257509585
00-0034270,2021_09_MIN_BAL,2021,9,0.0,0.5005248132537274,0,2020,0.4692563714908884,0.436463716058027
00-0034351,2021_09_LAC_PHI,2021,9,0.0,0.46836154075972775,0,2020,0.437454714993265,0.4166774848296696
00-0034364,2021_09_HOU_MIA,2021,9,0.0,0.1956345884157536,0,2020,0.2035376979191704,0.1890374320332042
00-0034365,2021_09_NE_CAR,2021,9,0.0,0.1979122661801834,0,2020,0.2018915505104669,0.1969673722691864
00-0034383,2021_09_DEN_DAL,2021,9,0.0,0.3072604997130429,0,2020,0.2976061709832311,0.2850109378015927
00-0034753,2021_09_MIN_BAL,2021,9,0.0,0.4168258202833761,0,2020,0.3956016318152866,0.369727577326267
00-0034798,2021_09_HOU_MIA,2021,9,0.0,0.20232751041459493,0,2020,0.1971512701024351,0.2149341327173495
00-0034829,2021_09_HOU_MIA,2021,9,0.0,0.38226857418662236,0,2020,0.3516262405659984,0.3648928986755976
00-0034830,2021_09_ATL_NO,2021,9,0.0,0.16742152037523153,0,2020,0.1804447816250999,0.163637285257624
00-0034981,2021_09_LV_NYG,2021,9,0.0,0.1675880151383389,0,2020,0.1742462243996836,0.1743968005756446
00-0035259,2021_09_NYJ_IND,2021,9,0.0,0.0921095224517541,0,2020,0.1214302195140047,0.0914298717040247
00-0035308,2021_09_BUF_JAX,2021,9,0.0,0.2717805943373401,0,2020,0.2560757104998924,0.2739859711529846
00-0035329,2021_09_LAC_PHI,2021,9,1.0,0.1552022356265803,0,2020,0.1706780788218266,0.1522427060179455
00-0035631,2021_09_CLE_CIN,2021,9,0.0,0.15307592519518534,0,2020,0.1642352061112929,0.1582040825671515
00-0036232,2021_09_CLE_CIN,2021,9,0.0,0.2012117598804312,0,2020,0.1822593830132976,0.2373411074321792
00-0036290,2021_09_CHI_PIT,2021,9,0.0,0.24907747586616047,0,2020,0.24068037150429,0.2482078358246555
00-0036422,2021_09_ATL_NO,2021,9,0.0,0.21848727738476076,0,2020,0.2198895892006815,0.2135532260699707
00-0036423,2021_09_DEN_DAL,2021,9,0.0,0.1532330755724238,0,2020,0.1621893845622884,0.1619873494995354
00-0036876,2021_09_NYJ_IND,2021,9,0.0,0.16972772983303877,0,2020,0.1681506989692849,0.1894652492122492
00-0036887,2021_09_BUF_JAX,2021,9,0.0,0.12340267622615664,0,2020,0.1242313024701957,0.1578102559610203
00-0036894,2021_09_CHI_PIT,2021,9,2.0,0.25804590652684206,0,2020,0.2444708278380973,0.262228268473341
00-0036970,2021_09_ATL_NO,2021,9,0.0,0.2663551462804207,0,2020,0.263348624980095,0.2494832093282549
00-0037005,2021_09_NE_CAR,2021,9,0.0,0.18832069732149764,0,2020,0.1882234273341839,0.1980748689362987
00-0024243,2021_10_SEA_GB,2021,10,0.0,0.1499376115727812,0,2020,0.1560625455003253,0.1647641001592975
00-0027061,2021_10_MIN_LAC,2021,10,0.0,0.296549214300981,0,2020,0.2789021369590393,0.2920095555002508
00-0030061,2021_10_CAR_ARI,2021,10,0.0,0.24669643357819898,0,2020,0.23748563621009,0.2481506770206857
00-0030108,2021_10_BUF_NYJ,2021,10,0.0,0.16584814580415994,0,2020,0.1835033720270548,0.1549413601762633
00-0030181,2021_10_JAX_IND,2021,10,0.0,0.20716804583853538,0,2020,0.2108571992826669,0.2029729771615741
00-0030506,2021_10_KC_LV,2021,10,0.0,0.43489781698458924,0,2020,0.3873048315425207,0.4246674420582496
00-0031273,2021_10_TB_WAS,2021,10,1.0,0.25635526554600674,0,2020,0.2435403179454451,0.2599469813398028
00-0031387,2021_10_DET_PIT,2021,10,0.0,0.15019786381326772,0,2020,0.1467761759170816,0.1809080394600943
00-0031484,2021_10_JAX_IND,2021,10,0.0,0.0842270321511284,0,2020,0.1159145337204552,0.0827652040400433
00-0031585,2021_10_NO_TEN,2021,10,1.0,0.1773619535123198,0,2020,0.1727980303693531,0.1990203894683493
00-0031610,2021_10_KC_LV,2021,10,0.0,0.37751416802422616,0,2020,0.3298750189317592,0.390523969789135
00-0032062,2021_10_KC_LV,2021,10,0.0,0.11948598788785852,0,2020,0.1402482290348713,0.1220896015959934
00-0032141,2021_10_NO_TEN,2021,10,0.0,0.20224954028705608,0,2020,0.206516846443526,0.1990715287114066
00-0032392,2021_10_CLE_NE,2021,10,1.0,0.24508276288498304,0,2020,0.2385895078978938,0.2426370073851103
00-0032725,2021_10_MIN_LAC,2021,10,0.0,0.13476153062332236,0,2020,0.1509301736091492,0.1388925692507613
00-0033090,2021_10_CLE_NE,2021,10,2.0,0.2900715172038787,0,2020,0.2790262535352533,0.277089819507126
00-0033110,2021_10_LA_SF,2021,10,1.0,0.31445721423301326,0,2020,0.304591831368843,0.2896561792603632
00-0033217,2021_10_JAX_IND,2021,10,0.0,0.2193189741924701,0,2020,0.2046395732610799,0.2409829550414284
00-0033258,2021_10_CAR_ARI,2021,10,0.0,0.14545053367927993,0,2020,0.1620181452142061,0.144598770389137
00-0033288,2021_10_LA_SF,2021,10,1.0,0.3004637965529499,0,2020,0.2861422793046601,0.2887743525723382
00-0033357,2021_10_NO_TEN,2021,10,0.0,0.24199826376215022,0,2020,0.2593483624415754,0.2008645765790406
00-0033455,2021_10_NO_TEN,2021,10,0.0,0.18109241101789017,0,2020,0.1714048189805496,0.2098262013579209
00-0033576,2021_10_PHI_DEN,2021,10,0.0,0.10472243681653179,0,2020,0.1253791002426059,0.1134621676523148
00-0033611,2021_10_TB_WAS,2021,10,0.0,0.23214320575630637,0,2020,0.2279290728168586,0.2311034047484116
00-0033879,2021_10_TB_WAS,2021,10,0.0,0.12516877555294675,0,2020,0.1339736770176022,0.1455047587334118
00-0033885,2021_10_CLE_NE,2021,10,0.0,0.27802211495443163,0,2020,0.2551705499628371,0.2896774103235952
00-0033895,2021_10_SEA_GB,2021,10,0.0,0.2124002256922038,0,2020,0.2024451534067561,0.2289446204968016
00-0033896,2021_10_BAL_MIA,2021,10,0.0,0.1882953053779199,0,2020,0.1726233012610917,0.2241443815760045
00-0034011,2021_10_JAX_IND,2021,10,0.0,0.24948720021003634,0,2020,0.2499028063319651,0.2336925965977692
00-0034073,2021_10_LA_SF,2021,10,0.0,0.10963543663633754,0,2020,0.1355259729972663,0.107626318456353
00-0034159,2021_10_SEA_GB,2021,10,0.0,0.157642917679385,0,2020,0.163693724322622,0.1694833147559233
00-0034270,2021_10_MIN_LAC,2021,10,2.0,0.36757114011128605,0,2020,0.3272895658232624,0.3722719277131595
00-0034351,2021_10_PHI_DEN,2021,10,0.0,0.3364840765518856,0,2020,0.3318951796743156,0.2939548278023245
00-0034383,2021_10_ATL_DAL,2021,10,0.0,0.3593601554126454,0,2020,0.3190084995213787,0.3674926731441433
00-0034753,2021_10_BAL_MIA,2021,10,1.0,0.4148455586586327,0,2020,0.3944614780059287,0.3671396291905886
00-0034766,2021_10_MIN_LAC,2021,10,0.0,0.17071104604575513,0,2020,0.1601332387296304,0.2051262033251448
00-0034798,2021_10_BAL_MIA,2021,10,0.0,0.2129114763184493,0,2020,0.2071515340694558,0.2222234770967489
00-0034829,2021_10_BAL_MIA,2021,10,0.0,0.43293595125363404,0,2020,0.416261323346663,0.3717152370651376
00-0034981,2021_10_KC_LV,2021,10,0.0,0.1572155766179687,0,2020,0.1790355944269877,0.1428181031376687
00-0035229,2021_10_DET_PIT,2021,10,0.0,0.2531218251955538,0,2020,0.2482433001453672,0.2447267498957039
00-0035259,2021_10_BUF_NYJ,2021,10,0.0,0.048119752457506534,0,2020,0.0753337276607446,0.0687248852956753
00-0035329,2021_10_MIN_LAC,2021,10,0.0,0.15153337418495766,0,2020,0.1602222472574245,0.1614216343718443
00-0035624,2021_10_CLE_NE,2021,10,0.0,0.1911027252600265,0,2020,0.1925675329986768,0.1971177567972229
00-0035644,2021_10_PHI_DEN,2021,10,0.0,0.3273750520648759,0,2020,0.3037999179655929,0.3203209137052487
00-0035689,2021_10_BUF_NYJ,2021,10,0.0,0.36588269456419903,0,2020,0.3172051178914656,0.3853266953290882
00-0036040,2021_10_NO_TEN,2021,10,0.0,0.2646566603127543,0,2020,0.2416877897682824,0.2819033742050366
00-0036232,2021_10_CLE_NE,2021,10,0.0,0.1966737031951589,0,2020,0.1859391691679976,0.2208715426023798
00-0036250,2021_10_SEA_GB,2021,10,0.0,0.15227017873493917,0,2020,0.1625790191293276,0.1591478977099366
00-0036422,2021_10_NO_TEN,2021,10,0.0,0.25966229815681735,0,2020,0.2494015821263849,0.2576412911608712
00-0036423,2021_10_PHI_DEN,2021,10,0.0,0.22639016810620766,0,2020,0.2235287620638861,0.2254070210360698
00-0036741,2021_10_PHI_DEN,2021,10,0.0,0.1580061280975023,0,2020,0.1684113430106703,0.1624071273427966
00-0036876,2021_10_JAX_IND,2021,10,0.0,0.15807623840364865,0,2020,0.1576497504591201,0.1805899365176411
00-0036894,2021_10_DET_PIT,2021,10,0.0,0.2578424967773664,0,2020,0.2493780709678813,0.2535476137832964
00-0036970,2021_10_ATL_DAL,2021,10,0.0,0.35157645361949036,0,2020,0.3108579170588202,0.3634653098951296
00-0037005,2021_10_CAR_ARI,2021,10,0.0,0.14677937108899927,0,2020,0.1517667146971353,0.1647859236568863
00-0027061,2021_11_PIT_LAC,2021,11,0.0,0.26906793554600056,0,2020,0.2695692430498135,0.2452260514455009
00-0027656,2021_11_NYG_TB,2021,11,0.0,0.3466304299313775,0,2020,0.3149242362210664,0.3454218203691186
00-0027981,2021_11_NYG_TB,2021,11,0.0,0.16803948816558864,0,2020,0.1893557671230871,0.1501166166644008
00-0028097,2021_11_NE_ATL,2021,11,0.0,0.07854124183406616,0,2020,0.1047878279079872,0.0884869550541756
00-0030061,2021_11_ARI_SEA,2021,11,2.0,0.2915528440179095,0,2020,0.2812699333809851,0.2766964167173966
00-0030108,2021_11_MIA_NYJ,2021,11,0.0,0.17906675318219661,0,2020,0.1878062097171721,0.1777564706645041
00-0030181,2021_11_IND_BUF,2021,11,0.0,0.19306332797967451,0,2020,0.1950231226806759,0.197457956842997
00-0030506,2021_11_DAL_KC,2021,11,0.0,0.42285317620400587,0,2020,0.3939858183420179,0.3861228205861857
00-0031273,2021_11_NYG_TB,2021,11,0.0,0.21109422863234137,0,2020,0.2079500884764908,0.2167587993747311
00-0031387,2021_11_PIT_LAC,2021,11,1.0,0.17311060313354754,0,2020,0.1695800652800361,0.1947543734044599
00-0031610,2021_11_CIN_LV,2021,11,0.0,0.3658594338398685,0,2020,0.3332373120246815,0.358423054763511
00-0031690,2021_11_BAL_CHI,2021,11,0.0,0.10601408197376572,0,2020,0.1320504676368575,0.1052224512932928
00-0032062,2021_11_DAL_KC,2021,11,0.0,0.1756721763170635,0,2020,0.1843203128480011,0.1758850551630932
00-0032134,2021_11_CIN_LV,2021,11,0.0,0.2655418458560862,0,2020,0.2535727496242226,0.2640087694666194
00-0032392,2021_11_DET_CLE,2021,11,0.0,0.2562832441898472,0,2020,0.2457142242550757,0.2561425386488901
00-0033090,2021_11_NE_ATL,2021,11,0.0,0.3516357619765347,0,2020,0.3412827392449175,0.3126443396214655
00-0033095,2021_11_NO_PHI,2021,11,0.0,0.16349394934607767,0,2020,0.1789235518380194,0.1572649206809562
00-0033217,2021_11_IND_BUF,2021,11,0.0,0.20242750175586893,0,2020,0.185980677170245,0.2338698026159382
00-0033258,2021_11_ARI_SEA,2021,11,0.0,0.1919783853039154,0,2020,0.1813787814878564,0.2178455039198999
00-0033288,2021_11_SF_JAX,2021,11,1.0,0.34017334082402584,0,2020,0.3217327756608392,0.3193537781274402
00-0033439,2021_11_HOU_TEN,2021,11,0.0,0.15002452732166965,0,2020,0.1650686724256428,0.1498779857763795
00-0033455,2021_11_HOU_TEN,2021,11,0.0,0.19594359797639035,0,2020,0.1961685001453165,0.2020812163684141
00-0033858,2021_11_NE_ATL,2021,11,0.0,0.1459501588939727,0,2020,0.1451567164888591,0.1739731162436463
00-0033879,2021_11_NYG_TB,2021,11,0.0,0.1489885346142722,0,2020,0.1689792911893495,0.1409755570405003
00-0033881,2021_11_NYG_TB,2021,11,0.0,0.275777216759185,0,2020,0.2754572708180122,0.2506025769892163
00-0033885,2021_11_DET_CLE,2021,11,0.0,0.25600351108053054,0,2020,0.2235970604893585,0.2925491752243563
00-0033895,2021_11_ARI_SEA,2021,11,0.0,0.1856387151515531,0,2020,0.1885010088831321,0.1915187721093934
00-0033896,2021_11_MIA_NYJ,2021,11,0.0,0.17172584641217445,0,2020,0.1700227452416547,0.1908679709999056
00-0034011,2021_11_SF_JAX,2021,11,0.0,0.21178793562912637,0,2020,0.2203016741658775,0.1976478092071563
00-0034159,2021_11_ARI_SEA,2021,11,0.0,0.15952884677225598,0,2020,0.1533794086890133,0.1910410308621122
00-0034270,2021_11_GB_MIN,2021,11,0.0,0.33765634392433996,0,2020,0.3077644404979679,0.3370315327144476
00-0034351,2021_11_NO_PHI,2021,11,0.0,0.3753664505840934,0,2020,0.3718922640197922,0.3152754410207505
00-0034365,2021_11_WAS_CAR,2021,11,0.0,0.1824138955335501,0,2020,0.185048204627879,0.1899774782065507
00-0034383,2021_11_DAL_KC,2021,11,0.0,0.31474096954317676,0,2020,0.2754199865278958,0.3391578071303355
00-0034753,2021_11_BAL_CHI,2021,11,0.0,0.3728657767936679,0,2020,0.3639037466865517,0.3229752343261329
00-0034798,2021_11_MIA_NYJ,2021,11,0.0,0.1518615725747771,0,2020,0.1642743995620217,0.1553804561205491
00-0034829,2021_11_MIA_NYJ,2021,11,0.0,0.3861920327427748,0,2020,0.3517945457446182,0.3735218091711645
00-0034981,2021_11_CIN_LV,2021,11,1.0,0.1569286808120963,0,2020,0.1719893421446104,0.1539676220535672
00-0035229,2021_11_DET_CLE,2021,11,0.0,0.24295911171634887,0,2020,0.2462780120871232,0.2249371114584446
00-0035308,2021_11_IND_BUF,2021,11,0.0,0.22532927263276764,0,2020,0.21291333654388,0.2407763375217611
00-0035329,2021_11_PIT_LAC,2021,11,0.0,0.1546148423473337,0,2020,0.1569429924822532,0.1739122462134663
00-0035624,2021_11_NE_ATL,2021,11,0.0,0.1923442538485255,0,2020,0.1920473870321625,0.2008086061902775
00-0035631,2021_11_CIN_LV,2021,11,0.0,0.20808970458401205,0,2020,0.1986651261991087,0.2254855633364792
00-0035689,2021_11_IND_BUF,2021,11,0.0,0.3171105578082057,0,2020,0.3056407502377123,0.2939256027509949
00-0036032,2021_11_DAL_KC,2021,11,0.0,0.14955402799427878,0,2020,0.1606594610649676,0.1561939808873823
00-0036232,2021_11_DET_CLE,2021,11,0.0,0.1140058632412208,0,2020,0.1352390632439023,0.1180327600186269
00-0036244,2021_11_ARI_SEA,2021,11,0.0,0.15327967135010476,0,2020,0.152756703534206,0.17789108476158
00-0036290,2021_11_BAL_CHI,2021,11,0.0,0.2780151637605182,0,2020,0.2642149503076162,0.2745140088643061
00-0036332,2021_11_GB_MIN,2021,11,1.0,0.1825313487384644,0,2020,0.1727176977381643,0.2108954373633414
00-0036422,2021_11_NO_PHI,2021,11,1.0,0.32782887699249846,0,2020,0.2929880824261243,0.3394593461417564
00-0036456,2021_11_GB_MIN,2021,11,0.0,0.1542940926767985,0,2020,0.1426189680846728,0.1971737326926693
00-0036628,2021_11_WAS_CAR,2021,11,0.0,0.1853799734414368,0,2020,0.1814731361752568,0.2027014511689706
00-0036741,2021_11_NO_PHI,2021,11,0.0,0.09407929134928619,0,2020,0.1213275006572703,0.096075559569795
00-0036754,2021_11_DET_CLE,2021,11,0.0,0.1282013095358269,0,2020,0.1496238084988619,0.12618118738207
00-0036876,2021_11_IND_BUF,2021,11,0.0,0.16174466569522736,0,2020,0.1557258853707172,0.1921436099713345
00-0036894,2021_11_PIT_LAC,2021,11,1.0,0.3451849522962069,0,2020,0.3200655079069592,0.3335282825577454
00-0036970,2021_11_NE_ATL,2021,11,0.0,0.2907736166038715,0,2020,0.2832807397358645,0.2715589590372699
00-0037005,2021_11_WAS_CAR,2021,11,0.0,0.15492108970397964,0,2020,0.1615284033287756,0.1669281092251291
00-0024243,2021_12_LA_GB,2021,12,0.0,0.15906121623955966,0,2020,0.1617814210137175,0.1759072296453167
00-0027061,2021_12_LAC_DEN,2021,12,1.0,0.30797917633447797,0,2020,0.2872268441935945,0.3040265217580805
00-0027656,2021_12_TB_IND,2021,12,0.0,0.35166065792629203,0,2020,0.306322125433826,0.3712531212146173
00-0028097,2021_12_ATL_JAX,2021,12,0.0,0.11806896407591813,0,2020,0.1364879023419824,0.1251691355216902
00-0030108,2021_12_NYJ_HOU,2021,12,0.0,0.21522066240888915,0,2020,0.211959819965884,0.2194150553031142
00-0030181,2021_12_TB_IND,2021,12,1.0,0.2530202606560256,0,2020,0.2490754401558603,0.2431024079955178
00-0031260,2021_12_SEA_WAS,2021,12,0.0,0.31519725498487633,0,2020,0.2874464291334954,0.3200521469438721
00-0031273,2021_12_TB_IND,2021,12,0.0,0.2386348294868882,0,2020,0.2160046839967632,0.2658179347739191
00-0031484,2021_12_ATL_JAX,2021,12,0.0,0.1454392173950429,0,2020,0.154973557232594,0.1563713861872722
00-0031585,2021_12_TEN_NE,2021,12,0.0,0.1591479564319615,0,2020,0.1613821567298509,0.1767729203507429
00-0031610,2021_12_LV_DAL,2021,12,0.0,0.33949787231365813,0,2020,0.2803701206598964,0.3870940980752982
00-0031690,2021_12_CLE_BAL,2021,12,0.0,0.10329035157151203,0,2020,0.1271157343162029,0.1073011528971957
00-0031951,2021_12_ATL_JAX,2021,12,0.0,0.2695464699504125,0,2020,0.2758306397528254,0.2358262544880068
00-0032134,2021_12_PIT_CIN,2021,12,0.0,0.20201470323455853,0,2020,0.2171816527897665,0.180676697389951
00-0032135,2021_12_CHI_DET,2021,12,0.0,0.1691974074250384,0,2020,0.1780590114849082,0.1716663046207389
00-0032141,2021_12_TEN_NE,2021,12,0.0,0.2053414813248669,0,2020,0.2120725204197386,0.1967891361254936
00-0032392,2021_12_CLE_BAL,2021,12,0.0,0.3106211197498573,0,2020,0.2884662282192116,0.3079510615495983
00-0032725,2021_12_LAC_DEN,2021,12,0.0,0.1872383981238266,0,2020,0.182487143712759,0.2052239590314656
00-0033090,2021_12_TEN_NE,2021,12,0.0,0.2981735404225276,0,2020,0.2935459374298351,0.2711731325208808
00-0033110,2021_12_LA_GB,2021,12,0.0,0.30693889901098614,0,2020,0.2905597621262002,0.296081898693917
00-0033217,2021_12_TB_IND,2021,12,0.0,0.18246199851421366,0,2020,0.1736552867958068,0.209167652543082
00-0033288,2021_12_MIN_SF,2021,12,0.0,0.29502483791538425,0,2020,0.2727299951311424,0.2988845969055823
00-0033439,2021_12_NYJ_HOU,2021,12,0.0,0.20949493660101448,0,2020,0.202943684864881,0.2215113104802803
00-0033455,2021_12_TEN_NE,2021,12,0.0,0.20909377178362581,0,2020,0.2237202147878181,0.1858035493950355
00-0033576,2021_12_LAC_DEN,2021,12,1.0,0.1624884176901668,0,2020,0.1651637605584967,0.1780261790990825
00-0033858,2021_12_TEN_NE,2021,12,0.0,0.15709005511924304,0,2020,0.1555441295598291,0.1818766659016975
00-0033881,2021_12_PHI_NYG,2021,12,0.0,0.31487350249685336,0,2020,0.2762075956723331,0.3381397178613123
00-0033885,2021_12_CLE_BAL,2021,12,1.0,0.273842554769808,0,2020,0.2355947435614418,0.3129706486391795
00-0033895,2021_12_SEA_WAS,2021,12,1.0,0.23113266987349967,0,2020,0.2133395900060763,0.253242869977075
00-0034011,2021_12_ATL_JAX,2021,12,0.0,0.2149887055413624,0,2020,0.2205887067574324,0.204436535223605
00-0034159,2021_12_SEA_WAS,2021,12,0.0,0.1763932545630359,0,2020,0.174598949537434,0.1938041325302503
00-0034270,2021_12_MIN_SF,2021,12,0.0,0.2950446270340099,0,2020,0.2745672691856625,0.2958524638402406
00-0034351,2021_12_PHI_NYG,2021,12,0.0,0.421567046172073,0,2020,0.3890055944731487,0.3915427256636533
00-0034365,2021_12_CAR_MIA,2021,12,0.0,0.1747834131688343,0,2020,0.1789073838256985,0.1829321397837231
00-0034383,2021_12_LV_DAL,2021,12,1.0,0.3562597940096913,0,2020,0.3103714793290043,0.3749165982948293
00-0034753,2021_12_CLE_BAL,2021,12,1.0,0.39975252468011657,0,2020,0.3778674214911204,0.3606528069162031
00-0034798,2021_12_CAR_MIA,2021,12,0.0,0.18270318539391092,0,2020,0.1763312500869224,0.2052337068719558
00-0034829,2021_12_CAR_MIA,2021,12,0.0,0.3484505293704354,0,2020,0.3311598241262439,0.3223640944244785
00-0034981,2021_12_LV_DAL,2021,12,0.0,0.19649346087527914,0,2020,0.19422556123761,0.2065840865104109
00-0035222,2021_12_PIT_CIN,2021,12,0.0,0.2035818105431592,0,2020,0.1902027899673639,0.2294201996667972
00-0035229,2021_12_CHI_DET,2021,12,1.0,0.2407770783516645,0,2020,0.240527970385683,0.2296115751006319
00-0035259,2021_12_NYJ_HOU,2021,12,0.0,0.07332161734874265,0,2020,0.0942783830878957,0.0942336494026455
00-0035329,2021_12_LAC_DEN,2021,12,0.0,0.167958364286185,0,2020,0.1730690044800519,0.1772095362614445
00-0035644,2021_12_LAC_DEN,2021,12,0.0,0.3107780536356538,0,2020,0.2838729580876945,0.3160003184724242
00-0035689,2021_12_BUF_NO,2021,12,2.0,0.3737857533375441,0,2020,0.3670872308871383,0.3197329273480718
00-0035956,2021_12_CAR_MIA,2021,12,0.0,0.08935716599356072,0,2020,0.1140977846816928,0.0974592434633761
00-0036032,2021_12_LV_DAL,2021,12,1.0,0.1595861508713945,0,2020,0.1551561008341988,0.1881955631276809
00-0036232,2021_12_CLE_BAL,2021,12,0.0,0.17353264431816756,0,2020,0.1813577737867828,0.1759875204587521
00-0036290,2021_12_CHI_DET,2021,12,0.0,0.2920860814112771,0,2020,0.2692127183064094,0.298100976179517
00-0036332,2021_12_LA_GB,2021,12,0.0,0.20237023727389528,0,2020,0.1946272208004476,0.2192584645334704
00-0036423,2021_12_LAC_DEN,2021,12,0.0,0.20053879382372183,0,2020,0.2069170824694936,0.1945158378868302
00-0036429,2021_12_MIN_SF,2021,12,0.0,0.23070889853569282,0,2020,0.2066743996227613,0.2634433184375835
00-0036456,2021_12_LA_GB,2021,12,0.0,0.09939146246626476,0,2020,0.1120000053406271,0.123762075632948
00-0036628,2021_12_SEA_WAS,2021,12,0.0,0.2502508150290834,0,2020,0.223946138454178,0.2788992635366639
00-0036876,2021_12_TB_IND,2021,12,0.0,0.1729081983928816,0,2020,0.1690357567517674,0.1952062916153454
00-0036894,2021_12_PIT_CIN,2021,12,1.0,0.2824723613255366,0,2020,0.2642448465943269,0.2845869322743235
00-0036970,2021_12_ATL_JAX,2021,12,0.0,0.3918836177019207,0,2020,0.3671247389996398,0.3607731935227877
00-0037005,2021_12_CAR_MIA,2021,12,0.0,0.167608677352884,0,2020,0.1719173058241667,0.1783442140535099
00-0027061,2021_13_LAC_CIN,2021,13,0.0,0.31175054294163845,0,2020,0.3022052527110418,0.2875059605534864
00-0027656,2021_13_TB_ATL,2021,13,2.0,0.44311590684695373,0,2020,0.4077990649958454,0.4090081503124975
00-0027981,2021_13_NYG_MIA,2021,13,0.0,0.1910977752863086,0,2020,0.1949911061310913,0.1930475002781249
00-0028097,2021_13_TB_ATL,2021,13,0.0,0.07467669752703175,0,2020,0.1023439670822502,0.0838029618568147
00-0030061,2021_13_ARI_CHI,2021,13,0.0,0.3174318148771318,0,2020,0.3239721376205594,0.2639537138586393
00-0030108,2021_13_PHI_NYJ,2021,13,1.0,0.2650403036880824,0,2020,0.2500522554501165,0.2687658327198308
00-0030181,2021_13_IND_HOU,2021,13,0.0,0.2916436519178706,0,2020,0.2916429889292021,0.2595298020252772
00-0030506,2021_13_DEN_KC,2021,13,0.0,0.3560307793346477,0,2020,0.3337094039876838,0.3353099783751343
00-0031260,2021_13_WAS_LV,2021,13,1.0,0.3401020836498676,0,2020,0.2974360550522106,0.3598842306641103
00-0031273,2021_13_TB_ATL,2021,13,1.0,0.2525841282394758,0,2020,0.2276382129771234,0.278015075500931
00-0031690,2021_13_BAL_PIT,2021,13,0.0,0.10611054211679505,0,2020,0.1333951725003463,0.1031894078757766
00-0031951,2021_13_JAX_LA,2021,13,0.0,0.26079655864088797,0,2020,0.2593495883667767,0.2435563957913781
00-0032134,2021_13_LAC_CIN,2021,13,0.0,0.2463321202893986,0,2020,0.2398623203408362,0.2433427800914523
00-0032394,2021_13_DAL_NO,2021,13,0.0,0.16503396185528527,0,2020,0.1567311668398092,0.197930465573877
00-0032725,2021_13_LAC_CIN,2021,13,0.0,0.14497056864059626,0,2020,0.165261127322279,0.1380773293370839
00-0033095,2021_13_DAL_NO,2021,13,0.0,0.17241556488716855,0,2020,0.1824039344187336,0.1716983421814827
00-0033110,2021_13_JAX_LA,2021,13,0.0,0.3377083847086643,0,2020,0.3184458481773531,0.3192604418903309
00-0033217,2021_13_IND_HOU,2021,13,0.0,0.15004229501670205,0,2020,0.1505107007370536,0.1743001145023823
00-0033288,2021_13_SF_SEA,2021,13,2.0,0.2792139601059857,0,2020,0.2419032604416306,0.3146044108835196
00-0033357,2021_13_DAL_NO,2021,13,0.0,0.16983019601664034,0,2020,0.2083791684223021,0.1223230917609287
00-0033439,2021_13_IND_HOU,2021,13,0.0,0.1887561075094631,0,2020,0.1829456773993751,0.2079029599129415
00-0033858,2021_13_NE_BUF,2021,13,0.0,0.1299286203397394,0,2020,0.1527701052823161,0.1248347446785755
00-0033881,2021_13_NYG_MIA,2021,13,0.0,0.2120136023635935,0,2020,0.2139715162857216,0.2087621188819785
00-0033895,2021_13_SF_SEA,2021,13,0.0,0.21084107521987824,0,2020,0.2009758593678511,0.2278643277222252
00-0034159,2021_13_SF_SEA,2021,13,0.0,0.14750924348564104,0,2020,0.150507585230413,0.1685523755446005
00-0034270,2021_13_MIN_DET,2021,13,0.0,0.3463000934367976,0,2020,0.3042752715279248,0.3625065223388461
00-0034351,2021_13_PHI_NYJ,2021,13,2.0,0.3979225325996461,0,2020,0.3726302671241637,0.3652678247760619
00-0034383,2021_13_DAL_NO,2021,13,0.0,0.3223429321711098,0,2020,0.3153225543796908,0.2895940027847293
00-0034753,2021_13_BAL_PIT,2021,13,0.0,0.36006904904519343,0,2020,0.3489218056496249,0.3190037028514083
00-0034798,2021_13_NYG_MIA,2021,13,0.0,0.19705585729691283,0,2020,0.1821175117585093,0.2281400084492906
00-0034829,2021_13_NYG_MIA,2021,13,0.0,0.34863432591528615,0,2020,0.323997045938347,0.3347777876653479
00-0034981,2021_13_WAS_LV,2021,13,0.0,0.19894441297823268,0,2020,0.1921271980164,0.2156649335807292
00-0035222,2021_13_BAL_PIT,2021,13,0.0,0.19193334828606587,0,2020,0.1969423540800887,0.191677256058157
00-0035229,2021_13_MIN_DET,2021,13,1.0,0.29961169181591135,0,2020,0.2905649891110368,0.279431909171512
00-0035329,2021_13_LAC_CIN,2021,13,0.0,0.1428368530618355,0,2020,0.1640684389056094,0.1352288484988025
00-0035624,2021_13_NE_BUF,2021,13,0.0,0.11431625916636667,0,2020,0.1376918285223804,0.1146298122586726
00-0035644,2021_13_DEN_KC,2021,13,0.0,0.3013501104825666,0,2020,0.2887051145875549,0.2864950589349109
00-0035689,2021_13_NE_BUF,2021,13,0.0,0.34692935991522034,0,2020,0.3393368602619984,0.3052143327065486
00-0036040,2021_13_DAL_NO,2021,13,0.0,0.28376423331658673,0,2020,0.2488844753157638,0.3132466149354281
00-0036290,2021_13_ARI_CHI,2021,13,0.0,0.26965503527670726,0,2020,0.2680349658727652,0.2491290632264723
00-0036423,2021_13_DEN_KC,2021,13,0.0,0.1670871210269372,0,2020,0.1797745252764742,0.1640003611785793
00-0036429,2021_13_SF_SEA,2021,13,0.0,0.11744691903860696,0,2020,0.1457828587496706,0.1081891268414812
00-0036556,2021_13_IND_HOU,2021,13,0.0,0.22061115618468424,0,2020,0.218401164753074,0.2208697094341642
00-0036628,2021_13_WAS_LV,2021,13,0.0,0.19657671213930777,0,2020,0.1935903880780169,0.2078369548677135
00-0036754,2021_13_MIN_DET,2021,13,1.0,0.13629392821831174,0,2020,0.1388814658607567,0.1625521299286749
00-0036876,2021_13_IND_HOU,2021,13,0.0,0.17255146790895842,0,2020,0.1764017115497684,0.1820595569427162
00-0036894,2021_13_BAL_PIT,2021,13,0.0,0.289137019250376,0,2020,0.2628918628279651,0.3019893994992531
00-0036970,2021_13_TB_ATL,2021,13,0.0,0.35810143457347426,0,2020,0.3351587213113962,0.337585435719605
00-0024243,2021_14_CHI_GB,2021,14,0.0,0.14969408562435094,0,2020,0.1582065955164638,0.1606201471670436
00-0027061,2021_14_NYG_LAC,2021,14,1.0,0.2886368770674618,0,2020,0.2904297926349408,0.2547328135298995
00-0027656,2021_14_BUF_TB,2021,14,0.0,0.38124717404273867,0,2020,0.3397240981748686,0.3825069161280118
00-0027981,2021_14_NYG_LAC,2021,14,0.0,0.18092919565000956,0,2020,0.1918960902599421,0.175136613579406
00-0028097,2021_14_ATL_CAR,2021,14,0.0,0.13359327423191697,0,2020,0.1547886404691689,0.1297770932806473
00-0030061,2021_14_LA_ARI,2021,14,0.0,0.33612923613090484,0,2020,0.3109631568633806,0.328206002955565
00-0030108,2021_14_NO_NYJ,2021,14,0.0,0.17716967283990692,0,2020,0.1891641665089359,0.1711735901127907
00-0030506,2021_14_LV_KC,2021,14,0.0,0.38648864128892796,0,2020,0.3491869637397742,0.3785626471241096
00-0031273,2021_14_BUF_TB,2021,14,0.0,0.248691928905946,0,2020,0.2377515296051958,0.2522374396999511
00-0031585,2021_14_JAX_TEN,2021,14,0.0,0.1834473014101951,0,2020,0.1794939857789889,0.2016267428099365
00-0031951,2021_14_JAX_TEN,2021,14,0.0,0.24229022244737086,0,2020,0.2291529988837309,0.2520990306884017
00-0032134,2021_14_SF_CIN,2021,14,0.0,0.22551035649040457,0,2020,0.2243248691454155,0.2220755062728676
00-0032141,2021_14_JAX_TEN,2021,14,0.0,0.1896854795151502,0,2020,0.1745556044166891,0.2240654522667913
00-0032392,2021_14_BAL_CLE,2021,14,1.0,0.3007292725883806,0,2020,0.2738250464564408,0.3100062633230576
00-0032394,2021_14_NO_NYJ,2021,14,0.0,0.1932176287992948,0,2020,0.1847215884004744,0.2150614675983369
00-0032725,2021_14_NYG_LAC,2021,14,0.0,0.17730647826974072,0,2020,0.1831031327718937,0.181635351167363
00-0033288,2021_14_SF_CIN,2021,14,1.0,0.2919844631550417,0,2020,0.2615976047637377,0.3106240215756737
00-0033357,2021_14_NO_NYJ,2021,14,0.0,0.14547046310518727,0,2020,0.1608462445110269,0.1466067393390052
00-0033421,2021_14_SEA_HOU,2021,14,0.0,0.1540346862098694,0,2020,0.1537755324888886,0.1778995011316387
00-0033455,2021_14_JAX_TEN,2021,14,0.0,0.1945685892564432,0,2020,0.1838485674951434,0.2195918509037735
00-0033611,2021_14_DAL_WAS,2021,14,0.0,0.2736284386558199,0,2020,0.2532160265766844,0.2829721303006002
00-0033881,2021_14_NYG_LAC,2021,14,0.0,0.27482352598064513,0,2020,0.2480225665132499,0.2943843978915617
00-0033895,2021_14_SEA_HOU,2021,14,1.0,0.25760056206607296,0,2020,0.2341578124716715,0.2784891194531011
00-0034159,2021_14_SEA_HOU,2021,14,0.0,0.12555932413087798,0,2020,0.1322784834423817,0.1492308757748737
00-0034270,2021_14_PIT_MIN,2021,14,0.0,0.32315641697676106,0,2020,0.3082228376933301,0.3033322009368484
00-0034364,2021_14_SEA_HOU,2021,14,0.0,0.16281000907597337,0,2020,0.1625161740861759,0.1831907567088062
00-0034365,2021_14_ATL_CAR,2021,14,0.0,0.1788965115345402,0,2020,0.1758473824494626,0.1973985385551704
00-0034383,2021_14_DAL_WAS,2021,14,0.0,0.34177430335934905,0,2020,0.321846533246467,0.3227992929690536
00-0034753,2021_14_BAL_CLE,2021,14,1.0,0.3791262030895497,0,2020,0.3625620844801877,0.3394406667849037
00-0034766,2021_14_PIT_MIN,2021,14,0.0,0.13979471290888645,0,2020,0.1401264485838829,0.1684178560614783
00-0034830,2021_14_ATL_CAR,2021,14,1.0,0.1737208777186789,0,2020,0.187614802539835,0.1659357199140635
00-0034981,2021_14_LV_KC,2021,14,0.0,0.22464011251246208,0,2020,0.2068803647521364,0.249315203116584
00-0035329,2021_14_NYG_LAC,2021,14,0.0,0.1605132288460683,0,2020,0.1760249319008379,0.1553498629994107
00-0035345,2021_14_NYG_LAC,2021,14,0.0,0.14677475423229683,0,2020,0.1537883642899019,0.1613895675764738
00-0035631,2021_14_SF_CIN,2021,14,0.0,0.15336236973188372,0,2020,0.153491962938196,0.1768474890224965
00-0035644,2021_14_DET_DEN,2021,14,0.0,0.29905184947230484,0,2020,0.2758303214530792,0.3028381264532671
00-0035689,2021_14_BUF_TB,2021,14,1.0,0.4284986448874059,0,2020,0.3926504905829276,0.4011809790055985
00-0036040,2021_14_NO_NYJ,2021,14,0.0,0.22722774191168627,0,2020,0.2162863804247842,0.2394388651714689
00-0036250,2021_14_CHI_GB,2021,14,0.0,0.10639921180702228,0,2020,0.1321136835236163,0.1059912671405512
00-0036290,2021_14_CHI_GB,2021,14,0.0,0.2792453900833585,0,2020,0.27046121723514,0.2668467614409919
00-0036332,2021_14_CHI_GB,2021,14,0.0,0.18375782483993686,0,2020,0.1914060305575054,0.18238162840587
00-0036423,2021_14_DET_DEN,2021,14,1.0,0.1630070121813834,0,2020,0.1752544245828664,0.1623040857316364
00-0036429,2021_14_SF_CIN,2021,14,0.0,0.12649008950683632,0,2020,0.1426276000907901,0.1340120290974195
00-0036556,2021_14_SEA_HOU,2021,14,1.0,0.2477044753213936,0,2020,0.2240837974095652,0.2728855751618443
00-0036628,2021_14_DAL_WAS,2021,14,0.0,0.2349221217874039,0,2020,0.2255840571666013,0.2413422041949105
00-0036754,2021_14_DET_DEN,2021,14,0.0,0.14610704322457416,0,2020,0.1593642559035388,0.1505345556338246
00-0036894,2021_14_PIT_MIN,2021,14,1.0,0.2911957628783038,0,2020,0.2778929635759229,0.2815411981491654
00-0036970,2021_14_ATL_CAR,2021,14,0.0,0.313014070244452,0,2020,0.2949185365119477,0.3025794635848957
00-0037005,2021_14_ATL_CAR,2021,14,0.0,0.16251087528372368,0,2020,0.1596387413193055,0.1873305181119358
00-0024243,2021_15_GB_BAL,2021,15,0.0,0.17838862000254258,0,2020,0.1765345073457657,0.1950942365596712
00-0027061,2021_15_KC_LAC,2021,15,0.0,0.3011121668461673,0,2020,0.281386296876191,0.2982122500589543
00-0027656,2021_15_NO_TB,2021,15,0.0,0.3638284431894479,0,2020,0.34318730323133,0.3371460538019475
00-0027981,2021_15_DAL_NYG,2021,15,0.0,0.15048692898447252,0,2020,0.1624499310375641,0.1553140556683529
00-0028097,2021_15_ATL_SF,2021,15,0.0,0.16442810287727763,0,2020,0.1679273893408406,0.1778029664780339
00-0030061,2021_15_ARI_DET,2021,15,0.0,0.33685755673332235,0,2020,0.3106500196981536,0.3303845770765554
00-0030108,2021_15_NYJ_MIA,2021,15,0.0,0.1732344981957945,0,2020,0.1927985740424688,0.1561492652173806
00-0030181,2021_15_NE_IND,2021,15,0.0,0.22900376020015062,0,2020,0.2306290526617272,0.2194512901799575
00-0030506,2021_15_KC_LAC,2021,15,2.0,0.3932381274654605,0,2020,0.329271296605142,0.4272466624765645
00-0031273,2021_15_NO_TB,2021,15,0.0,0.21481538887062307,0,2020,0.2014177516561462,0.2361505328242736
00-0031484,2021_15_HOU_JAX,2021,15,0.0,0.15441467339895756,0,2020,0.1608158456777214,0.1669713541580224
00-0031585,2021_15_TEN_PIT,2021,15,0.0,0.1984343239180431,0,2020,0.1889510405422666,0.2198258883986014
00-0031951,2021_15_HOU_JAX,2021,15,0.0,0.268320330248218,0,2020,0.2562279555331866,0.2658721884948566
00-0032062,2021_15_KC_LAC,2021,15,0.0,0.1710895705925323,0,2020,0.1741779352794056,0.1824637525415246
00-0032134,2021_15_CIN_DEN,2021,15,0.0,0.22792722269280036,0,2020,0.230113676285318,0.2178694602099851
00-0032141,2021_15_TEN_PIT,2021,15,0.0,0.20125875133136664,0,2020,0.20246519702497,0.2036070177571665
00-0032214,2021_15_NYJ_MIA,2021,15,0.0,0.15345078037497184,0,2020,0.1633578146711344,0.1605248976791334
00-0032394,2021_15_NO_TB,2021,15,0.0,0.2976117842089539,0,2020,0.2708909398912367,0.3078400175734849
00-0032725,2021_15_KC_LAC,2021,15,0.0,0.1664887336933745,0,2020,0.182593957851026,0.1579193277620116
00-0033090,2021_15_NE_IND,2021,15,2.0,0.31115101172471166,0,2020,0.2860749126830633,0.3131595183752713
00-0033217,2021_15_NE_IND,2021,15,0.0,0.1717670095154675,0,2020,0.1649443388362834,0.1994668033884591
00-0033288,2021_15_ATL_SF,2021,15,0.0,0.3180329726526321,0,2020,0.2800220449661357,0.3389269076882668
00-0033357,2021_15_NO_TB,2021,15,0.0,0.1471418918069791,0,2020,0.1745057926391147,0.1275257252360461
00-0033387,2021_15_HOU_JAX,2021,15,0.0,0.1999447122150278,0,2020,0.1909809858010508,0.2198564527162632
00-0033439,2021_15_HOU_JAX,2021,15,0.0,0.1846208342964657,0,2020,0.1805517175174567,0.2025205245703632
00-0033455,2021_15_TEN_PIT,2021,15,0.0,0.23747599455946733,0,2020,0.2426624126768987,0.2185395203560562
00-0033611,2021_15_WAS_PHI,2021,15,0.0,0.25468120186718085,0,2020,0.2183408990499054,0.2983490535587036
00-0033858,2021_15_NE_IND,2021,15,0.0,0.2189237853435826,0,2020,0.1808084618153095,0.2799979030720259
00-0033879,2021_15_NO_TB,2021,15,0.0,0.14383473765365973,0,2020,0.1654662880127352,0.135154074923714
00-0033881,2021_15_DAL_NYG,2021,15,0.0,0.2794341430624149,0,2020,0.2424881990216199,0.314124822339049
00-0033885,2021_15_LV_CLE,2021,15,0.0,0.2959611813392786,0,2020,0.2631241362107639,0.3170991277895172
00-0033895,2021_15_SEA_LA,2021,15,0.0,0.2177451079748534,0,2020,0.1984547032408158,0.2477669145361983
00-0034159,2021_15_SEA_LA,2021,15,0.0,0.17654563888104205,0,2020,0.1738257476754627,0.1954451841548767
00-0034270,2021_15_MIN_CHI,2021,15,0.0,0.30544125452976517,0,2020,0.2739682914840003,0.3204680048341825
00-0034351,2021_15_WAS_PHI,2021,15,0.0,0.36541732327124216,0,2020,0.3617931500223167,0.3095934691331168
00-0034364,2021_15_HOU_JAX,2021,15,0.0,0.20126568653697666,0,2020,0.2012822718121678,0.2056039387099358
00-0034365,2021_15_CAR_BUF,2021,15,0.0,0.16276324694502498,0,2020,0.1690166163572506,0.1721975741271793
00-0034383,2021_15_DAL_NYG,2021,15,1.0,0.3212058452905081,0,2020,0.292297169998552,0.3255745478020279
00-0034753,2021_15_GB_BAL,2021,15,2.0,0.4227727601407965,0,2020,0.4161147895070464,0.3488784537220757
00-0034798,2021_15_NYJ_MIA,2021,15,0.0,0.17326623506511096,0,2020,0.1850520046586829,0.1691953439995069
00-0034829,2021_15_NYJ_MIA,2021,15,0.0,0.3454078033879026,0,2020,0.3092291488486531,0.3521832093628328
00-0034830,2021_15_ATL_SF,2021,15,0.0,0.1637552558878583,0,2020,0.1707989207727736,0.1714655680501771
00-0034981,2021_15_LV_CLE,2021,15,0.0,0.2244587264808816,0,2020,0.2066536130650035,0.2492830120670952
00-0035222,2021_15_TEN_PIT,2021,15,0.0,0.15747453564260994,0,2020,0.1520773971256233,0.188555985007233
00-0035259,2021_15_NYJ_MIA,2021,15,0.0,0.10634174457392814,0,2020,0.1263163762003951,0.1155701140159878
00-0035308,2021_15_CAR_BUF,2021,15,0.0,0.16037857234984204,0,2020,0.1695403111477939,0.1659045174894659
00-0035329,2021_15_KC_LAC,2021,15,0.0,0.16427974109629678,0,2020,0.1756173134985849,0.1645868840058266
00-0035603,2021_15_SEA_LA,2021,15,0.0,0.1907739133877626,0,2020,0.180406199499477,0.2167388454802249
00-0035624,2021_15_NE_IND,2021,15,0.0,0.15279353542626162,0,2020,0.1650157281784398,0.156255508276171
00-0035631,2021_15_CIN_DEN,2021,15,0.0,0.16044432213962068,0,2020,0.1621932788772005,0.1783586978651652
00-0035644,2021_15_CIN_DEN,2021,15,0.0,0.32110034672327925,0,2020,0.3012365630759589,0.3103631966016814
00-0035689,2021_15_CAR_BUF,2021,15,0.0,0.3577564970888381,0,2020,0.3454665608818343,0.3195383990983223
00-0035956,2021_15_CAR_BUF,2021,15,0.0,0.0943495089743418,0,2020,0.1171576715603285,0.1036729201070388
00-0036040,2021_15_NO_TB,2021,15,0.0,0.1589497503402326,0,2020,0.168527870692026,0.164355080035989
00-0036232,2021_15_LV_CLE,2021,15,1.0,0.16786496326672085,0,2020,0.1680084036804448,0.1854729315160021
00-0036250,2021_15_GB_BAL,2021,15,0.0,0.15383688781780927,0,2020,0.163064028060981,0.1618938436854681
00-0036290,2021_15_MIN_CHI,2021,15,0.0,0.2711624372652094,0,2020,0.2600447624330391,0.265934648386786
00-0036332,2021_15_GB_BAL,2021,15,0.0,0.17398821448988555,0,2020,0.17834440064065,0.1820690065239392
00-0036422,2021_15_NO_TB,2021,15,0.0,0.2865329085019056,0,2020,0.2909417470624968,0.2490969470858121
00-0036423,2021_15_CIN_DEN,2021,15,0.0,0.1799067327238786,0,2020,0.1880962317512806,0.1791784651988218
00-0036429,2021_15_ATL_SF,2021,15,0.0,0.1283986987250386,0,2020,0.1468577495676163,0.1312621007092637
00-0036534,2021_15_ARI_DET,2021,15,0.0,0.20520995068263884,0,2020,0.1950902437257311,0.2249324250387137
00-0036628,2021_15_WAS_PHI,2021,15,0.0,0.1901152062931587,0,2020,0.1810321846107973,0.2141944149838431
00-0036741,2021_15_WAS_PHI,2021,15,0.0,0.17287423552508482,0,2020,0.1767837029300324,0.1821528513785831
00-0036754,2021_15_ARI_DET,2021,15,0.0,0.146844685355958,0,2020,0.1648567991203298,0.1430109131958533
00-0036894,2021_15_TEN_PIT,2021,15,0.0,0.26681735143200797,0,2020,0.2546786831032756,0.2650534186241478
00-0036970,2021_15_ATL_SF,2021,15,0.0,0.3341806835571014,0,2020,0.3176046819684222,0.3126572700156698
00-0037005,2021_15_CAR_BUF,2021,15,0.0,0.13056367267816107,0,2020,0.1457496917865808,0.1380348773023016
00-0024243,2021_16_CLE_GB,2021,16,0.0,0.1906313460827979,0,2020,0.1879655953705946,0.2037545327030343
00-0027061,2021_16_LAC_HOU,2021,16,0.0,0.3603153683451754,0,2020,0.3462588358955566,0.3240230897725319
00-0027656,2021_16_TB_CAR,2021,16,0.0,0.40000840720987196,0,2020,0.3938878001320375,0.3344029330631988
00-0027981,2021_16_NYG_PHI,2021,16,0.0,0.15430210330389033,0,2020,0.1780551085422307,0.1378432723019174
00-0030061,2021_16_IND_ARI,2021,16,0.0,0.31762962302924896,0,2020,0.2977700268221773,0.3082864144524782
00-0031273,2021_16_TB_CAR,2021,16,1.0,0.2411287813282048,0,2020,0.2156796575263448,0.2720264462997371
00-0031690,2021_16_BAL_CIN,2021,16,0.0,0.09890120092980054,0,2020,0.1229010767565488,0.1043914371860267
00-0031951,2021_16_JAX_NYJ,2021,16,0.0,0.24256763943235055,0,2020,0.2305866052823983,0.2503280757983402
00-0032062,2021_16_PIT_KC,2021,16,0.0,0.14539268580210252,0,2020,0.1531574139642757,0.1593073929408542
00-0032134,2021_16_BAL_CIN,2021,16,0.0,0.25091886747335934,0,2020,0.2519039204060864,0.2335926597519005
00-0032141,2021_16_SF_TEN,2021,16,0.0,0.18636809778478988,0,2020,0.1802482565573762,0.2069970718368165
00-0032214,2021_16_JAX_NYJ,2021,16,0.0,0.1651789065619593,0,2020,0.1726750316427704,0.1715567803664299
00-0032392,2021_16_CLE_GB,2021,16,0.0,0.3213705137336933,0,2020,0.2877519186811823,0.3335609489275621
00-0032394,2021_16_MIA_NO,2021,16,0.0,0.17108161521478604,0,2020,0.1826043708831512,0.168333041359619
00-0032725,2021_16_LAC_HOU,2021,16,0.0,0.1539859915221028,0,2020,0.1578580202004275,0.170951533745644
00-0033090,2021_16_BUF_NE,2021,16,0.0,0.31785417408478794,0,2020,0.3105150039337947,0.287451043411669
00-0033110,2021_16_LA_MIN,2021,16,0.0,0.3218405507865217,0,2020,0.3033351334571343,0.3085296181227014
00-0033217,2021_16_IND_ARI,2021,16,0.0,0.18188412027142367,0,2020,0.166558337138811,0.219741213020065
00-0033288,2021_16_SF_TEN,2021,16,0.0,0.3117547128972872,0,2020,0.2822073539546925,0.3210080281204558
00-0033387,2021_16_JAX_NYJ,2021,16,0.0,0.23711220447805464,0,2020,0.2171623536619495,0.2604209429848984
00-0033439,2021_16_LAC_HOU,2021,16,0.0,0.2040919570126516,0,2020,0.2078954278399557,0.2009470895807563
00-0033455,2021_16_SF_TEN,2021,16,0.0,0.21668095964462442,0,2020,0.2208242885798666,0.2078853555776052
00-0033611,2021_16_WAS_DAL,2021,16,0.0,0.27087937899080905,0,2020,0.2485513894618286,0.2845409464873401
00-0033858,2021_16_BUF_NE,2021,16,0.0,0.15900094176128537,0,2020,0.1562910766158802,0.1849655975375451
00-0033881,2021_16_NYG_PHI,2021,16,1.0,0.2729005092751459,0,2020,0.2340025678604644,0.3134977008586864
00-0033885,2021_16_CLE_GB,2021,16,0.0,0.2931689251107896,0,2020,0.2543696555435825,0.3254195315408829
00-0033895,2021_16_CHI_SEA,2021,16,1.0,0.22588445428342357,0,2020,0.2029347668783375,0.2587494084301076
00-0034270,2021_16_LA_MIN,2021,16,0.0,0.3303144894020537,0,2020,0.2913478262835153,0.3478516718028608
00-0034351,2021_16_NYG_PHI,2021,16,0.0,0.4002713499108871,0,2020,0.378014055394454,0.3615855569759499
00-0034364,2021_16_LAC_HOU,2021,16,0.0,0.21213237330498527,0,2020,0.2050286271023763,0.2240094690216736
00-0034365,2021_16_TB_CAR,2021,16,0.0,0.12242424630996801,0,2020,0.1389289576776048,0.130972370075918
00-0034383,2021_16_WAS_DAL,2021,16,1.0,0.3167024718032434,0,2020,0.3128042455551052,0.2810013119589052
00-0034753,2021_16_BAL_CIN,2021,16,1.0,0.3825533835388572,0,2020,0.3390075505165946,0.3866736006881165
00-0034798,2021_16_MIA_NO,2021,16,0.0,0.19582932503105605,0,2020,0.1861741008779163,0.2185603625291395
00-0034829,2021_16_MIA_NO,2021,16,0.0,0.3221733483186831,0,2020,0.306303526049164,0.3043139723030067
00-0034830,2021_16_DET_ATL,2021,16,1.0,0.16630713336416175,0,2020,0.1686321108613961,0.1808902673672989
00-0034981,2021_16_DEN_LV,2021,16,0.0,0.17574566529069643,0,2020,0.174071944930756,0.1932159862237591
00-0035222,2021_16_PIT_KC,2021,16,0.0,0.17030799290259588,0,2020,0.1796591807380281,0.1715086454564262
00-0035259,2021_16_JAX_NYJ,2021,16,0.0,0.08679147238547233,0,2020,0.1076698839587355,0.1023976368177665
00-0035345,2021_16_NYG_PHI,2021,16,0.0,0.15003169249721196,0,2020,0.1663608650164537,0.1477300873589214
00-0035624,2021_16_BUF_NE,2021,16,0.0,0.19105743554744678,0,2020,0.1799751000680432,0.2181047765489779
00-0035631,2021_16_BAL_CIN,2021,16,0.0,0.14949788282497978,0,2020,0.1515464930297232,0.1713289181879433
00-0035644,2021_16_DEN_LV,2021,16,0.0,0.30012997469836267,0,2020,0.2458282666370153,0.355534333325794
00-0035689,2021_16_BUF_NE,2021,16,1.0,0.3738496408063527,0,2020,0.3607984896348178,0.3304104461593011
00-0035956,2021_16_TB_CAR,2021,16,0.0,0.11753619249355463,0,2020,0.133485190708058,0.1289880866783121
00-0036032,2021_16_WAS_DAL,2021,16,0.0,0.08355044107308972,0,2020,0.1117374324249501,0.0882243932165375
00-0036232,2021_16_CLE_GB,2021,16,1.0,0.17792079029665614,0,2020,0.1761624171813211,0.1946549007804238
00-0036244,2021_16_CHI_SEA,2021,16,0.0,0.15594332069327183,0,2020,0.1533841119760118,0.1828898623761935
00-0036290,2021_16_CHI_SEA,2021,16,0.0,0.27230320967794647,0,2020,0.2773950830656695,0.239467103505592
00-0036332,2021_16_CLE_GB,2021,16,0.0,0.18205723856274317,0,2020,0.1924942887571644,0.17669670942446
00-0036423,2021_16_DEN_LV,2021,16,0.0,0.1883787214373731,0,2020,0.1954059920107494,0.1861772497707402
00-0036534,2021_16_DET_ATL,2021,16,0.0,0.12230516861788474,0,2020,0.1487623941238693,0.1142328295309164
00-0036556,2021_16_LAC_HOU,2021,16,0.0,0.27335779414738454,0,2020,0.2388047081216259,0.3064936140461344
00-0036628,2021_16_WAS_DAL,2021,16,1.0,0.1677334392047843,0,2020,0.16828042947671,0.1847186293853041
00-0036741,2021_16_NYG_PHI,2021,16,0.0,0.10778718236741922,0,2020,0.1323439096491334,0.1087579816553605
00-0036754,2021_16_DET_ATL,2021,16,0.0,0.16608379421184305,0,2020,0.1790870397010083,0.1628730536449261
00-0036876,2021_16_IND_ARI,2021,16,0.0,0.17774644266157047,0,2020,0.1713063785247642,0.2023918517258553
00-0036970,2021_16_DET_ATL,2021,16,0.0,0.37818116711142624,0,2020,0.3666816553418568,0.3303948608426252
00-0037005,2021_16_TB_CAR,2021,16,0.0,0.20415952284812314,0,2020,0.2029562917507068,0.209372635976
00-0037011,2021_16_LAC_HOU,2021,16,0.0,0.14451875402933714,0,2020,0.1445086379984834,0.1718075771866882
00-0027656,2021_17_TB_NYJ,2021,17,0.0,0.3891382520475295,0,2020,0.3691498579273559,0.3511463571256383
00-0027981,2021_17_NYG_CHI,2021,17,0.0,0.15127491352893865,0,2020,0.1726640357089721,0.1399970501990981
00-0030061,2021_17_ARI_DAL,2021,17,0.0,0.33348788679355534,0,2020,0.2893338058316063,0.3584320475339047
00-0030506,2021_17_KC_CIN,2021,17,1.0,0.4172430211152317,0,2020,0.3667559866268122,0.4189859598082068
00-0031273,2021_17_TB_NYJ,2021,17,1.0,0.25025833343226944,0,2020,0.2283733075802091,0.271501690451729
00-0031484,2021_17_JAX_NE,2021,17,0.0,0.13253623696543834,0,2020,0.1466078752048402,0.1410775892269415
00-0031598,2021_17_LA_BAL,2021,17,0.0,0.13963730006915115,0,2020,0.1336079496692878,0.1789775666723333
00-0032062,2021_17_KC_CIN,2021,17,0.0,0.1719544046956359,0,2020,0.1635138029986415,0.2022882769243827
00-0032134,2021_17_KC_CIN,2021,17,0.0,0.2505337127128873,0,2020,0.2614474067371466,0.2167344266403361
00-0032135,2021_17_NYG_CHI,2021,17,0.0,0.18851856511078402,0,2020,0.1908584007084125,0.1941111889757569
00-0032141,2021_17_MIA_TEN,2021,17,1.0,0.1844755337360035,0,2020,0.1866311099210357,0.1920087225420764
00-0032392,2021_17_CLE_PIT,2021,17,0.0,0.30597387416060484,0,2020,0.2874429043323342,0.299110307618337
00-0032725,2021_17_DEN_LAC,2021,17,0.0,0.1853318197518716,0,2020,0.1790413723495822,0.2066648187707573
00-0033090,2021_17_JAX_NE,2021,17,0.0,0.33817054155131415,0,2020,0.3233222882895737,0.3121429822638339
00-0033110,2021_17_LA_BAL,2021,17,0.0,0.3381865817965423,0,2020,0.3065580251323712,0.3402562974420395
00-0033217,2021_17_LV_IND,2021,17,0.0,0.2114982252329471,0,2020,0.1843723075614072,0.2571645433089028
00-0033258,2021_17_ARI_DAL,2021,17,0.0,0.0921352944956286,0,2020,0.1111617402896935,0.108686112676252
00-0033288,2021_17_HOU_SF,2021,17,0.0,0.33793755901878403,0,2020,0.2999537329586007,0.3507516345816427
00-0033357,2021_17_CAR_NO,2021,17,0.0,0.1335784111194402,0,2020,0.1538151079551938,0.1313738147306374
00-0033439,2021_17_HOU_SF,2021,17,0.0,0.18884823969276215,0,2020,0.1971501617483831,0.1843224536749778
00-0033455,2021_17_MIA_TEN,2021,17,1.0,0.18949218396012096,0,2020,0.1890881447716939,0.199287264819657
00-0033576,2021_17_DEN_LAC,2021,17,0.0,0.13886219654310483,0,2020,0.1447224088918063,0.1586026243095168
00-0033611,2021_17_PHI_WAS,2021,17,0.0,0.2535943131124773,0,2020,0.2190546589947777,0.2946851496372628
00-0033858,2021_17_JAX_NE,2021,17,0.0,0.21969247803182756,0,2020,0.2096919155707368,0.2333695485355219
00-0033881,2021_17_NYG_CHI,2021,17,0.0,0.25979578197235415,0,2020,0.2359017014621045,0.2805541323325606
00-0033885,2021_17_CLE_PIT,2021,17,1.0,0.21250736488968397,0,2020,0.1835260827260948,0.2608737198171598
00-0033895,2021_17_DET_SEA,2021,17,0.0,0.2627520625355678,0,2020,0.2327078036904752,0.2926174671208912
00-0034159,2021_17_DET_SEA,2021,17,0.0,0.15053780048097035,0,2020,0.1701162566999107,0.1425899860760477
00-0034270,2021_17_MIN_GB,2021,17,0.0,0.30688830486439694,0,2020,0.2691318429445643,0.3318545949169115
00-0034351,2021_17_PHI_WAS,2021,17,0.0,0.36784049677903824,0,2020,0.3330177141400627,0.3632901428415355
00-0034365,2021_17_CAR_NO,2021,17,0.0,0.12072695177169446,0,2020,0.1311378167407247,0.1401661963767047
00-0034383,2021_17_ARI_DAL,2021,17,0.0,0.32189940368214714,0,2020,0.3024411840960734,0.3101604738480535
00-0034753,2021_17_LA_BAL,2021,17,0.0,0.41403244751512397,0,2020,0.3904827926546867,0.3719564517372525
00-0034798,2021_17_MIA_TEN,2021,17,0.0,0.1877194602390266,0,2020,0.1710637199492881,0.2254485428960592
00-0034829,2021_17_MIA_TEN,2021,17,0.0,0.3483281543821364,0,2020,0.3317843535490392,0.3210401961528616
00-0034981,2021_17_LV_IND,2021,17,0.0,0.23663214444796848,0,2020,0.228422280781259,0.240472460141473
00-0035222,2021_17_CLE_PIT,2021,17,0.0,0.1775828729315913,0,2020,0.1767198812938356,0.1929537933777662
00-0035572,2021_17_ATL_BUF,2021,17,0.0,0.13054117410987637,0,2020,0.1484023313620587,0.1335411233671799
00-0035631,2021_17_KC_CIN,2021,17,0.0,0.08131497452955232,0,2020,0.1052011818241616,0.0940942489686482
00-0035644,2021_17_DEN_LAC,2021,17,1.0,0.3089699682259216,0,2020,0.2766799720075836,0.3239407281218867
00-0035689,2021_17_ATL_BUF,2021,17,0.0,0.3265373316163678,0,2020,0.3171617009040461,0.2960399276953018
00-0035956,2021_17_CAR_NO,2021,17,0.0,0.0718371650714302,0,2020,0.0953726719597332,0.0890295043873079
00-0036040,2021_17_CAR_NO,2021,17,0.0,0.13796213641806965,0,2020,0.1546435592482366,0.13994244655335
00-0036232,2021_17_CLE_PIT,2021,17,1.0,0.1732596823602249,0,2020,0.170275899528158,0.1939275684425663
00-0036244,2021_17_DET_SEA,2021,17,0.0,0.15719023176172964,0,2020,0.175520783844235,0.1486471661698132
00-0036250,2021_17_MIN_GB,2021,17,0.0,0.15640814840634226,0,2020,0.1624237398289646,0.1688059377152599
00-0036290,2021_17_NYG_CHI,2021,17,0.0,0.32829151163725767,0,2020,0.322781029535507,0.2906126610951848
00-0036332,2021_17_MIN_GB,2021,17,0.0,0.14176165882406455,0,2020,0.157928528839863,0.1430700709832811
00-0036423,2021_17_DEN_LAC,2021,17,0.0,0.19329909212417823,0,2020,0.2085732915219555,0.1752995126999803
00-0036429,2021_17_HOU_SF,2021,17,0.0,0.11964284399537983,0,2020,0.1478152924877998,0.1097724845823267
00-0036456,2021_17_MIN_GB,2021,17,0.0,0.13058606981053827,0,2020,0.1381384725291025,0.1508330589014011
00-0036556,2021_17_HOU_SF,2021,17,0.0,0.22300691655866056,0,2020,0.2075582142130018,0.2444706930547626
00-0036628,2021_17_PHI_WAS,2021,17,0.0,0.20586438203070986,0,2020,0.1951563973491105,0.2263079466735125
00-0036637,2021_17_KC_CIN,2021,17,0.0,0.16699238752503753,0,2020,0.164107939785789,0.1900236948955143
00-0036887,2021_17_JAX_NE,2021,17,0.0,0.12010539649837182,0,2020,0.1332869908302859,0.1351550977418809
00-0036894,2021_17_CLE_PIT,2021,17,0.0,0.32220168386411197,0,2020,0.2945198116759118,0.3241137600137001
00-0036970,2021_17_ATL_BUF,2021,17,0.0,0.3301459492694696,0,2020,0.3145515493441891,0.3086071606578639
00-0037011,2021_17_DEN_LAC,2021,17,0.0,0.13761308611941492,0,2020,0.1343304004026583,0.1731702950191189
00-0024243,2021_18_GB_DET,2021,18,0.0,0.17922567401008327,0,2020,0.1830106261821313,0.1861490759069172
00-0027061,2021_18_LAC_LV,2021,18,0.0,0.3317801083292822,0,2020,0.3106972697146661,0.3187737617730539
00-0027656,2021_18_CAR_TB,2021,18,0.0,0.3879668427445371,0,2020,0.3830678241488839,0.325176012463535
00-0027981,2021_18_WAS_NYG,2021,18,0.0,0.1728166141272767,0,2020,0.1692741817653986,0.1945989738044764
00-0030061,2021_18_SEA_ARI,2021,18,0.0,0.316247715022112,0,2020,0.3029625581352581,0.2964514033032454
00-0030181,2021_18_IND_JAX,2021,18,0.0,0.21448975792311875,0,2020,0.1946860068350104,0.2466853392436043
00-0030506,2021_18_KC_DEN,2021,18,1.0,0.33360586982311646,0,2020,0.3156461125873803,0.3146320013527155
00-0031273,2021_18_CAR_TB,2021,18,0.0,0.21410819600528824,0,2020,0.1958197021117207,0.2439200329253712
00-0031610,2021_18_LAC_LV,2021,18,0.0,0.3351926265075987,0,2020,0.2887211773608128,0.3633298121896317
00-0031690,2021_18_PIT_BAL,2021,18,0.0,0.0887615520813897,0,2020,0.1133598045169071,0.0973424844313406
00-0032141,2021_18_TEN_HOU,2021,18,0.0,0.2359781740886679,0,2020,0.2339449357250433,0.2297378164476058
00-0032214,2021_18_NYJ_BUF,2021,18,0.0,0.18595603999500301,0,2020,0.1914063683390288,0.187373553652222
00-0032394,2021_18_NO_ATL,2021,18,0.0,0.18857022890162592,0,2020,0.1704456970737368,0.2284158401008685
00-0033090,2021_18_NE_MIA,2021,18,0.0,0.33446093578352953,0,2020,0.325242429046351,0.3005020235723501
00-0033110,2021_18_SF_LA,2021,18,2.0,0.30435541438725217,0,2020,0.2936192505921762,0.2850903513676476
00-0033217,2021_18_IND_JAX,2021,18,0.0,0.23948598940216703,0,2020,0.2354233258694016,0.2352285981221712
00-0033258,2021_18_SEA_ARI,2021,18,0.0,0.09530933330956373,0,2020,0.112904964954724,0.1129752892417917
00-0033288,2021_18_SF_LA,2021,18,0.0,0.3111555587822376,0,2020,0.2722414937231427,0.3363381358457901
00-0033357,2021_18_NO_ATL,2021,18,0.0,0.13935840814892198,0,2020,0.1631540860974449,0.1288601185993584
00-0033387,2021_18_IND_JAX,2021,18,0.0,0.20709961089670745,0,2020,0.1981141302626016,0.2241597166692051
00-0033421,2021_18_TEN_HOU,2021,18,0.0,0.1550291700945885,0,2020,0.1557353097630581,0.1768758834612911
00-0033455,2021_18_TEN_HOU,2021,18,1.0,0.18689491670468883,0,2020,0.1716431883576199,0.2226053783112109
00-0033658,2021_18_DAL_PHI,2021,18,0.0,0.15472616290782146,0,2020,0.1661482286865092,0.1587480896042835
00-0033858,2021_18_NE_MIA,2021,18,0.0,0.11090956261889162,0,2020,0.1407059829321461,0.1018445474390191
00-0033881,2021_18_WAS_NYG,2021,18,0.0,0.28654740540115575,0,2020,0.2704043153785928,0.2835260816389875
00-0033885,2021_18_CIN_CLE,2021,18,0.0,0.26951517898225075,0,2020,0.226894438634857,0.3177138215524491
00-0033895,2021_18_SEA_ARI,2021,18,0.0,0.24603493690745093,0,2020,0.2160987563404099,0.2824671850362627
00-0034270,2021_18_CHI_MIN,2021,18,0.0,0.3006431719057695,0,2020,0.2849513785711111,0.291176269560406
00-0034383,2021_18_DAL_PHI,2021,18,2.0,0.37979572981851306,0,2020,0.3489104090412724,0.3638251721533119
00-0034753,2021_18_PIT_BAL,2021,18,0.0,0.3685268182086174,0,2020,0.3471266364426573,0.34121918133104
00-0034798,2021_18_NE_MIA,2021,18,0.0,0.1713579724078644,0,2020,0.1689865999496691,0.1917678136599682
00-0034829,2021_18_NE_MIA,2021,18,0.0,0.37134399538335244,0,2020,0.3466932482920003,0.3483432729931043
00-0034830,2021_18_NO_ATL,2021,18,0.0,0.16795005749887473,0,2020,0.1661710696540574,0.1887433715420412
00-0034981,2021_18_LAC_LV,2021,18,0.0,0.21842089290319816,0,2020,0.2073252334026653,0.2344453125521736
00-0035222,2021_18_PIT_BAL,2021,18,0.0,0.1557633494745523,0,2020,0.1565890495781781,0.1771134714423134
00-0035624,2021_18_NE_MIA,2021,18,0.0,0.250325799017729,0,2020,0.2392597291403604,0.2534222733294533
00-0035631,2021_18_CIN_CLE,2021,18,0.0,0.1547218801528019,0,2020,0.1597999294609894,0.1693705311977253
00-0035644,2021_18_KC_DEN,2021,18,0.0,0.28713244548479044,0,2020,0.2988446934737954,0.2372226889566943
00-0035689,2021_18_NYJ_BUF,2021,18,0.0,0.32155361740579297,0,2020,0.2864062181346058,0.3362305931383741
00-0035956,2021_18_CAR_TB,2021,18,0.0,0.0763433559995694,0,2020,0.1067661426354149,0.0801819190364223
00-0036040,2021_18_NO_ATL,2021,18,1.0,0.1496577935207695,0,2020,0.1546975082983124,0.166414761761337
00-0036232,2021_18_CIN_CLE,2021,18,0.0,0.1675708669421423,0,2020,0.1587610076420308,0.2002925852683669
00-0036244,2021_18_SEA_ARI,2021,18,0.0,0.18009508575696836,0,2020,0.1906718654680082,0.1752925581393902
00-0036250,2021_18_GB_DET,2021,18,0.0,0.1523131766290297,0,2020,0.1539535534635858,0.1736915326392216
00-0036290,2021_18_CHI_MIN,2021,18,0.0,0.29836366005940723,0,2020,0.2822503083294997,0.2905229091976414
00-0036332,2021_18_GB_DET,2021,18,1.0,0.17302986237364007,0,2020,0.1823195049304581,0.1732349109993515
00-0036422,2021_18_NO_ATL,2021,18,1.0,0.2696267339535463,0,2020,0.2590058971549327,0.2641867231993975
00-0036423,2021_18_KC_DEN,2021,18,0.0,0.09932626882820511,0,2020,0.1320486244093187,0.0900364670503481
00-0036456,2021_18_GB_DET,2021,18,0.0,0.15662255231113606,0,2020,0.1508331041289567,0.1887049465344868
00-0036628,2021_18_WAS_NYG,2021,18,0.0,0.24489515341444773,0,2020,0.2233641087534183,0.2677105037742195
00-0036754,2021_18_GB_DET,2021,18,1.0,0.13978247744191744,0,2020,0.1599618401450513,0.1351696384488503
00-0036894,2021_18_PIT_BAL,2021,18,0.0,0.30297591233016846,0,2020,0.2741721365868262,0.3145274255443951
00-0036970,2021_18_NO_ATL,2021,18,0.0,0.32679658700352726,0,2020,0.3132686815620926,0.3031487886882573
00-0037005,2021_18_CAR_TB,2021,18,0.0,0.13440992306149746,0,2020,0.1576549954821202,0.1268312426819599
00-0037011,2021_18_LAC_LV,2021,18,0.0,0.17846807012221777,0,2020,0.1828621482873987,0.1846771104400311
00-0027656,2021_19_PHI_TB,2021,19,1.0,0.46455303139023457,0,2020,0.4372916585372801,0.4083008513525094
00-0030061,2021_19_ARI_LA,2021,19,0.0,0.28336611854879296,0,2020,0.2743638350530817,0.2696694543129532
00-0030506,2021_19_PIT_KC,2021,19,1.0,0.38417249581893903,0,2020,0.3730650104450041,0.3333112266831677
00-0031273,2021_19_PHI_TB,2021,19,0.0,0.22784625471141934,0,2020,0.1997663019130481,0.2685115280355692
00-0031610,2021_19_LV_CIN,2021,19,0.0,0.3273703462885028,0,2020,0.3013499645621987,0.3244134223343291
00-0032062,2021_19_PIT_KC,2021,19,0.0,0.15796456871205877,0,2020,0.1701247743520074,0.1594430747096144
00-0032134,2021_19_LV_CIN,2021,19,1.0,0.2819568839326878,0,2020,0.269205686522493,0.2751077588520607
00-0033090,2021_19_NE_BUF,2021,19,0.0,0.30633236222192733,0,2020,0.2974704615870792,0.2831302790522935
00-0033110,2021_19_ARI_LA,2021,19,0.0,0.30105818408578267,0,2020,0.2913855765082997,0.2813427951703462
00-0033258,2021_19_ARI_LA,2021,19,0.0,0.13308244799700442,0,2020,0.1428115207394126,0.1486762765431472
00-0033288,2021_19_SF_DAL,2021,19,0.0,0.33386949615137806,0,2020,0.2694479095739286,0.3926037566735622
00-0033658,2021_19_SF_DAL,2021,19,0.0,0.12729750877637033,0,2020,0.138754359530482,0.1423327305180988
00-0033879,2021_19_PHI_TB,2021,19,0.0,0.16550349766189987,0,2020,0.1696177306791866,0.1774143630056136
00-0034351,2021_19_PHI_TB,2021,19,0.0,0.3867866506542735,0,2020,0.360692222353416,0.35997039915021
00-0034383,2021_19_SF_DAL,2021,19,0.0,0.3197823963385321,0,2020,0.3151307305800789,0.2840998924175259
00-0034981,2021_19_LV_CIN,2021,19,0.0,0.1719644502502611,0,2020,0.1874418106743094,0.1622363257718908
00-0035222,2021_19_PIT_KC,2021,19,0.0,0.1349073474535751,0,2020,0.1571474873472508,0.1288109489681365
00-0035689,2021_19_NE_BUF,2021,19,2.0,0.29771091126930505,0,2020,0.2822340710388278,0.2890676087517289
00-0036637,2021_19_PIT_KC,2021,19,0.0,0.14529994560864076,0,2020,0.1556808834352387,0.1548704441126929
00-0036741,2021_19_PHI_TB,2021,19,0.0,0.08910409582495998,0,2020,0.1187040664176646,0.0891698540719875
00-0036894,2021_19_PIT_KC,2021,19,0.0,0.32472043025492675,0,2020,0.3079035042235333,0.3074191416415438
00-0024243,2021_20_SF_GB,2021,20,0.0,0.17444545302670378,0,2020,0.1718037386125433,0.1940618056065039
00-0027656,2021_20_LA_TB,2021,20,0.0,0.4080279169491352,0,2020,0.3876810704020852,0.3630115629150846
00-0030506,2021_20_BUF_KC,2021,20,1.0,0.4048185871706145,0,2020,0.3683100558982303,0.38816535980929
00-0031273,2021_20_LA_TB,2021,20,0.0,0.21936331906885864,0,2020,0.2091067696857617,0.2336019826937796
00-0032134,2021_20_CIN_TEN,2021,20,0.0,0.2932247771879451,0,2020,0.2902823675064575,0.2653995618534606
00-0033110,2021_20_LA_TB,2021,20,0.0,0.32913024332992097,0,2020,0.3142686142462402,0.3067741947048441
00-0033288,2021_20_SF_GB,2021,20,0.0,0.320338220848004,0,2020,0.2564251190252712,0.3836827560231691
00-0033455,2021_20_CIN_TEN,2021,20,0.0,0.22835139999177734,0,2020,0.2188441250433822,0.2377071431535536
00-0033879,2021_20_LA_TB,2021,20,0.0,0.16083307167881597,0,2020,0.1669173818381934,0.1713296538987028
00-0035603,2021_20_LA_TB,2021,20,1.0,0.1737480026442877,0,2020,0.1920646856836211,0.1585446347440749
00-0035689,2021_20_BUF_KC,2021,20,0.0,0.3933111872089437,0,2020,0.3649744063192898,0.3676168171580458
00-0036332,2021_20_SF_GB,2021,20,0.0,0.1905943065739255,0,2020,0.2018837885274616,0.1803601394683631
00-0036429,2021_20_SF_GB,2021,20,0.0,0.20169617923741878,0,2020,0.1947245113696802,0.2175646303320668
00-0036456,2021_20_SF_GB,2021,20,0.0,0.15564690511861817,0,2020,0.1452187644660298,0.1958920275905634
00-0036637,2021_20_BUF_KC,2021,20,0.0,0.1555456527827725,0,2020,0.1522034360064224,0.1839640992261148
00-0030506,2021_21_CIN_KC,2021,21,1.0,0.43143026943536356,0,2020,0.3821274982276391,0.4254631262822154
00-0032134,2021_21_CIN_KC,2021,21,0.0,0.3247179935927185,0,2020,0.3056682311826474,0.3111572558667884
00-0033110,2021_21_SF_LA,2021,21,0.0,0.31336462757062333,0,2020,0.3031746070453765,0.2895483193230557
00-0033288,2021_21_SF_LA,2021,21,1.0,0.31523612571915055,0,2020,0.2844062642274612,0.3252321143062141
00-0035603,2021_21_SF_LA,2021,21,0.0,0.1577856308415167,0,2020,0.1685218970665178,0.1617211869592264
00-0035631,2021_21_CIN_KC,2021,21,0.0,0.15172739394773954,0,2020,0.1552875932420013,0.1701268708415932
00-0032134,2021_22_LA_CIN,2021,22,0.0,0.27195560508004674,0,2020,0.2737360303243707,0.2448058417874395
00-0035603,2021_22_LA_CIN,2021,22,0.0,0.1652891670509422,0,2020,0.1706967796932392,0.1751203870598378
00-0030061,2022_02_ARI_LV,2022,2,0.0,0.36931966402513516,1,2021,0.3552685094733606,0.35870827183833
00-0030108,2022_02_CHI_GB,2022,2,0.0,0.061604311222867914,1,2021,0.113849715658202,0.1115127786942277
00-0030506,2022_02_LAC_KC,2022,2,0.0,0.5864504478160543,1,2021,0.5429342975951115,0.508637242153305
00-0031260,2022_02_WAS_DET,2022,2,1.0,0.2666363824367446,1,2021,0.2886462798059711,0.2565005281763205
00-0031273,2022_02_TB_NO,2022,2,0.0,0.14592406609970937,1,2021,0.1739279496923199,0.1878438829754458
00-0031610,2022_02_ARI_LV,2022,2,1.0,0.4734728352618123,1,2021,0.4294017030814688,0.4531018833594794
00-0032392,2022_02_TEN_BUF,2022,2,0.0,0.04463150920896217,1,2021,0.0949578528200606,0.1057667354304259
00-0033090,2022_02_NE_PIT,2022,2,0.0,0.14412571319122502,1,2021,0.1793908320461568,0.1766742181828949
00-0033110,2022_02_ATL_LA,2022,2,0.0,0.276648643374667,1,2021,0.2879257674331924,0.2766764319267343
00-0033217,2022_02_IND_JAX,2022,2,0.0,0.09803785546226915,1,2021,0.1355979052152639,0.1504520703791011
00-0033246,2022_02_MIN_PHI,2022,2,0.0,0.1282731372619691,1,2021,0.1757070911017838,0.151555120779178
00-0033439,2022_02_HOU_DEN,2022,2,0.0,0.15688398242802523,1,2021,0.1611177940887835,0.2269373211297406
00-0033757,2022_02_CHI_GB,2022,2,0.0,0.171639763056931,1,2021,0.2043682144228206,0.1939791325938725
00-0033858,2022_02_NE_PIT,2022,2,0.0,0.2917650886509159,1,2021,0.3043862993883954,0.2823105326811136
00-0033881,2022_02_IND_JAX,2022,2,0.0,0.14455586678520568,1,2021,0.1819229781846459,0.1739147636712059
00-0033885,2022_02_NYJ_CLE,2022,2,0.0,0.10960732086850175,1,2021,0.1374805489404755,0.1699244489752696
00-0033895,2022_02_LAC_KC,2022,2,0.0,0.2711610794508258,1,2021,0.2766874503486277,0.2820769654033328
00-0034159,2022_02_SEA_SF,2022,2,0.0,0.06507916384798396,1,2021,0.123122497525654,0.105042142632377
00-0034270,2022_02_NYJ_CLE,2022,2,0.0,0.1405922431273611,1,2021,0.1971089883674378,0.1448460294268864
00-0034351,2022_02_MIN_PHI,2022,2,0.0,0.3331591214370696,1,2021,0.3440130210435816,0.3054462843373851
00-0034365,2022_02_CAR_NYG,2022,2,0.0,0.23968225072101704,1,2021,0.2498343038575306,0.2598400366993823
00-0034383,2022_02_CIN_DAL,2022,2,0.0,0.4268343666052836,1,2021,0.3706093015744944,0.4470474449285441
00-0034753,2022_02_MIA_BAL,2022,2,1.0,0.2891442275091344,1,2021,0.3098337407308507,0.2695890032739679
00-0034798,2022_02_MIA_BAL,2022,2,0.0,0.14445422343050346,1,2021,0.1745329491875867,0.1841756723075641
00-0034829,2022_02_MIA_BAL,2022,2,1.0,0.06855541788052277,1,2021,0.1206084069661419,0.1152502079837817
00-0034830,2022_02_CIN_DAL,2022,2,0.0,0.19371129871920664,1,2021,0.2185999663222773,0.2160737233656451
00-0035229,2022_02_WAS_DET,2022,2,0.0,0.13736266998478067,1,2021,0.1811444144527522,0.1612534810552114
00-0035547,2022_02_LAC_KC,2022,2,0.0,0.17731714542834667,1,2021,0.1884552607948896,0.2273552895165919
00-0035572,2022_02_ATL_LA,2022,2,0.0,0.028698586069038662,1,2021,0.0767777686607238,0.1010032777256209
00-0035644,2022_02_SEA_SF,2022,2,0.0,0.1078020334582703,1,2021,0.1361559012156868,0.1683444868335578
00-0035689,2022_02_TEN_BUF,2022,2,0.0,0.10161794442957786,1,2021,0.1551027881525152,0.1297064479365497
00-0036040,2022_02_TB_NO,2022,2,0.0,0.2786949535885668,1,2021,0.3085336255397145,0.2514357354822736
00-0036232,2022_02_NYJ_CLE,2022,2,0.0,0.24283388777967316,1,2021,0.2529232984399354,0.2614997877189817
00-0036250,2022_02_CHI_GB,2022,2,0.0,0.009626336031861832,1,2021,0.0620684252415499,0.0853229347480809
00-0036290,2022_02_CHI_GB,2022,2,0.0,-0.007650382438656178,1,2021,0.0392744088041729,0.0845161574443878
00-0036423,2022_02_HOU_DEN,2022,2,0.0,0.1572723076647501,1,2021,0.1927589307760506,0.1829145524319933
00-0036556,2022_02_HOU_DEN,2022,2,0.0,0.1106127822393404,1,2021,0.108973405586629,0.2121799976312732
00-0036628,2022_02_WAS_DET,2022,2,0.0,0.0522035005868586,1,2021,0.0841608846183266,0.135529784645435
00-0036637,2022_02_LAC_KC,2022,2,0.0,0.1610765741284884,1,2021,0.1567599258582976,0.2411245294192035
00-0036876,2022_02_IND_JAX,2022,2,0.0,0.20106279908596378,1,2021,0.2157197960565889,0.234214251517189
00-0036894,2022_02_NE_PIT,2022,2,1.0,0.23849368336459845,1,2021,0.2640011077824653,0.2375228051577773
00-0036970,2022_02_ATL_LA,2022,2,0.0,0.10406098400303931,1,2021,0.1448973397030858,0.1488193596243939
00-0037838,2022_02_MIA_BAL,2022,2,0.0,0.1086997911120254,1,2021,0.1366157526101729,0.1694115766296347
00-0038129,2022_02_TB_NO,2022,2,0.0,0.034298132321127536,1,2021,0.0901167545864457,0.0928449828887689
00-0030061,2022_03_LA_ARI,2022,3,0.0,0.1793930726615757,1,2021,0.2174837584136154,0.1902577723216202
00-0030506,2022_03_KC_IND,2022,3,1.0,0.5376838031719582,1,2021,0.482961809196557,0.5001805326190635
00-0031260,2022_03_PHI_WAS,2022,3,0.0,0.2629199007569122,1,2021,0.2820517218262868,0.2587197132812528
00-0031273,2022_03_GB_TB,2022,3,0.0,0.09611838184002042,1,2021,0.1382472846373407,0.1430311972406076
00-0031610,2022_03_LV_TEN,2022,3,0.0,0.22490198355720994,1,2021,0.2559431598467863,0.2229180677396338
00-0032141,2022_03_LV_TEN,2022,3,1.0,0.2648018729028806,1,2021,0.2478066088639109,0.3107703523701204
00-0032392,2022_03_LV_TEN,2022,3,0.0,0.2945545358141174,1,2021,0.2782670232387098,0.3246010482729331
00-0033090,2022_03_BAL_NE,2022,3,0.0,0.09679102589686045,1,2021,0.1294142042329975,0.1568151785271611
00-0033110,2022_03_LA_ARI,2022,3,0.0,0.5448055800804895,1,2021,0.5160919859106622,0.4669342340843578
00-0033217,2022_03_KC_IND,2022,3,0.0,0.10611004431275686,1,2021,0.1444385414269837,0.1533889463705129
00-0033246,2022_03_DET_MIN,2022,3,0.0,0.06998335885772472,1,2021,0.1238735720882621,0.1133627544021683
00-0033439,2022_03_HOU_CHI,2022,3,0.0,0.10290813620383382,1,2021,0.1554160550842753,0.1317317716693885
00-0033576,2022_03_SF_DEN,2022,3,0.0,0.0535310455815568,1,2021,0.1197864247142415,0.0876669133347001
00-0033757,2022_03_GB_TB,2022,3,0.0,0.12597792317417986,1,2021,0.1791301286929118,0.1423207724071756
00-0033858,2022_03_BAL_NE,2022,3,0.0,0.14607367414381583,1,2021,0.1920766902031352,0.16245336336719
00-0033881,2022_03_JAX_LAC,2022,3,0.0,0.21469030597727398,1,2021,0.2410390429433262,0.2244662819686163
00-0033885,2022_03_PIT_CLE,2022,3,1.0,0.11633750233308407,1,2021,0.1553583060632418,0.15750797065732
00-0033895,2022_03_JAX_LAC,2022,3,0.0,0.23943486641104958,1,2021,0.2481516021615225,0.2617473942940681
00-0034159,2022_03_ATL_SEA,2022,3,1.0,0.1026965525506284,1,2021,0.1320815839015356,0.1643404639992745
00-0034270,2022_03_CIN_NYJ,2022,3,0.0,0.20663439737104203,1,2021,0.2486509872608413,0.1982835097749108
00-0034351,2022_03_PHI_WAS,2022,3,1.0,0.3474407632709332,1,2021,0.3509262825309657,0.3229905902633923
00-0034365,2022_03_NO_CAR,2022,3,0.0,0.19769666129531696,1,2021,0.2219246993604166,0.2189951251590419
00-0034753,2022_03_BAL_NE,2022,3,2.0,0.3318918592678751,1,2021,0.3031031694311773,0.3609007180348256
00-0034798,2022_03_BUF_MIA,2022,3,0.0,0.08924436646821801,1,2021,0.1289399426119177,0.1430470880914934
00-0034829,2022_03_BUF_MIA,2022,3,0.0,0.2010796079658894,1,2021,0.229956086005191,0.2141049658296061
00-0034830,2022_03_CIN_NYJ,2022,3,0.0,0.22407808041522878,1,2021,0.2585612533650481,0.2176376200897377
00-0034970,2022_03_DET_MIN,2022,3,0.0,0.2204940375886332,1,2021,0.2517196211858747,0.2204597609289054
00-0034981,2022_03_LV_TEN,2022,3,0.0,0.11209028476483399,1,2021,0.1636033724828359,0.1377166538385347
00-0035229,2022_03_DET_MIN,2022,3,1.0,0.29227164510355574,1,2021,0.2818956554569523,0.3150994038425708
00-0035547,2022_03_KC_IND,2022,3,0.0,0.010397806736234888,1,2021,0.0721393818976547,0.0725506454956766
00-0035572,2022_03_ATL_SEA,2022,3,0.0,-0.0234393501657863,1,2021,0.0442782929559535,0.0472275447080657
00-0035644,2022_03_ATL_SEA,2022,3,0.0,0.18785889436289863,1,2021,0.2055856071226003,0.2232889425059263
00-0035689,2022_03_BUF_MIA,2022,3,0.0,0.366777700446275,1,2021,0.3715609399347747,0.330794250321099
00-0036040,2022_03_NO_CAR,2022,3,0.0,0.19152100836728217,1,2021,0.2160323666110313,0.2155156560365676
00-0036244,2022_03_ATL_SEA,2022,3,0.0,0.09204923507475113,1,2021,0.1199267352737165,0.1611655117165559
00-0036250,2022_03_GB_TB,2022,3,0.0,0.0907104121373396,1,2021,0.1438896167169265,0.1247013437726822
00-0036290,2022_03_HOU_CHI,2022,3,0.0,0.08689357871612222,1,2021,0.1258313377134359,0.1429473519955802
00-0036423,2022_03_SF_DEN,2022,3,0.0,0.10767055621470453,1,2021,0.1498756901277882,0.1486822279216527
00-0036590,2022_03_BUF_MIA,2022,3,0.0,0.11463289057734824,1,2021,0.127616437270049,0.1934956109052973
00-0036628,2022_03_PHI_WAS,2022,3,0.0,0.05168443414348123,1,2021,0.0954404647523961,0.1185783463740187
00-0036637,2022_03_KC_IND,2022,3,0.0,0.14701905158474157,1,2021,0.1644991229797896,0.2032787924375262
00-0036876,2022_03_KC_IND,2022,3,0.0,0.14427768599729138,1,2021,0.178744971330412,0.1778787499319502
00-0036894,2022_03_PIT_CLE,2022,3,0.0,0.21823451773830319,1,2021,0.2448548521945248,0.2258488542939838
00-0036970,2022_03_ATL_SEA,2022,3,0.0,0.10766625247486603,1,2021,0.1504057233058579,0.1479241047214806
00-0037005,2022_03_NO_CAR,2022,3,0.0,0.028633935781347264,1,2021,0.0749277318250151,0.1034970066336573
00-0037011,2022_03_JAX_LAC,2022,3,0.0,0.06865581527522968,1,2021,0.1312814029879768,0.1003421867931579
00-0037838,2022_03_BAL_NE,2022,3,0.0,0.13936151238136033,1,2021,0.1754290443499383,0.1731639623843701
00-0038115,2022_03_DAL_NYG,2022,3,0.0,0.027348055816056635,1,2021,0.0704975537982618,0.1073045221082807
00-0030061,2022_04_ARI_CAR,2022,4,1.0,0.2081073245156483,1,2021,0.2240100225930096,0.2359636096353044
00-0030506,2022_04_KC_TB,2022,4,1.0,0.3126393565845108,1,2021,0.2878397325472218,0.3456594256891733
00-0031260,2022_04_WAS_DAL,2022,4,0.0,0.17893985650228642,1,2021,0.2104651795510044,0.1993204881944984
00-0031273,2022_04_KC_TB,2022,4,0.0,0.20579706734480405,1,2021,0.2129581039694416,0.2471795895430448
00-0031610,2022_04_DEN_LV,2022,4,0.0,0.21843212281446242,1,2021,0.2357693164428888,0.2390811131445342
00-0032134,2022_04_NYJ_PIT,2022,4,0.0,-0.043147951028927954,1,2021,0.0189461639805842,0.0453587420752559
00-0032392,2022_04_TEN_IND,2022,4,0.0,0.16225077680870215,1,2021,0.1935426119426114,0.1913311417056097
00-0033090,2022_04_NE_GB,2022,4,0.0,0.04756759392787596,1,2021,0.0866635046806325,0.1231191765927869
00-0033110,2022_04_LA_SF,2022,4,0.0,0.20751444757031182,1,2021,0.2404190621887399,0.2116138104529322
00-0033217,2022_04_TEN_IND,2022,4,2.0,0.09010776115298857,1,2021,0.1339400007304777,0.1376249646274764
00-0033246,2022_04_MIN_NO,2022,4,0.0,0.07800620862560367,1,2021,0.1242331957682527,0.1282041322958971
00-0033288,2022_04_LA_SF,2022,4,0.0,0.19577977152032924,1,2021,0.2128336960564297,0.2281894423604597
00-0033576,2022_04_DEN_LV,2022,4,0.0,0.13403867896159502,1,2021,0.1582146507007534,0.187334605119242
00-0033757,2022_04_NE_GB,2022,4,1.0,0.21518661552969973,1,2021,0.2462227345841123,0.2180820080945803
00-0033881,2022_04_JAX_PHI,2022,4,0.0,0.14745399255840327,1,2021,0.1694521857469529,0.197103394462298
00-0033885,2022_04_CLE_ATL,2022,4,0.0,0.4093027716093399,1,2021,0.3891238247867525,0.3873098535526836
00-0033895,2022_04_LAC_HOU,2022,4,1.0,0.23305537322048367,1,2021,0.2470033289062952,0.2511660397879672
00-0034073,2022_04_LA_SF,2022,4,0.0,0.0231563187692317,1,2021,0.0850967843220214,0.078629510514263
00-0034159,2022_04_SEA_DET,2022,4,1.0,0.15510353933541246,1,2021,0.1987683688074434,0.1702629045485381
00-0034270,2022_04_NYJ_PIT,2022,4,0.0,0.263231712248967,1,2021,0.2736831952089758,0.2711560623670185
00-0034351,2022_04_JAX_PHI,2022,4,0.0,0.25305007424897286,1,2021,0.2334391762144942,0.3086125439207961
00-0034365,2022_04_ARI_CAR,2022,4,0.0,0.27983849804243555,1,2021,0.2763760518275859,0.2991200937323241
00-0034383,2022_04_WAS_DAL,2022,4,0.0,0.25263551476773316,1,2021,0.2738135648039188,0.2506978405764213
00-0034613,2022_04_CHI_NYG,2022,4,0.0,0.11371088180122141,1,2021,0.1565724796436659,0.1507646321136113
00-0034753,2022_04_BUF_BAL,2022,4,0.0,0.2706060752268087,1,2021,0.2691869526488851,0.2916267463405426
00-0034798,2022_04_MIA_CIN,2022,4,0.0,0.13542724159835112,1,2021,0.1950694455118254,0.137849334603136
00-0034829,2022_04_MIA_CIN,2022,4,0.0,0.11765793733607788,1,2021,0.1774573438494176,0.1287687372617012
00-0034830,2022_04_MIA_CIN,2022,4,1.0,0.29006230326797766,1,2021,0.283159006858499,0.3090848708301154
00-0034970,2022_04_MIN_NO,2022,4,0.0,0.15029011942275902,1,2021,0.174052777537025,0.1960208760204534
00-0035229,2022_04_SEA_DET,2022,4,2.0,0.1701294821269502,1,2021,0.2087898068824946,0.184833850630175
00-0035547,2022_04_KC_TB,2022,4,1.0,0.0665851332327701,1,2021,0.1331793522699167,0.0936951259391894
00-0035572,2022_04_CLE_ATL,2022,4,0.0,0.08772349816812464,1,2021,0.1234348482612441,0.1479257861429371
00-0035644,2022_04_SEA_DET,2022,4,1.0,0.17492447849460355,1,2021,0.2098456598849928,0.1925143325877998
00-0035689,2022_04_BUF_BAL,2022,4,0.0,0.1861429659242436,1,2021,0.2174369460532574,0.2032386181210532
00-0035771,2022_04_MIA_CIN,2022,4,0.0,0.12808966721234194,1,2021,0.1281730948562929,0.2184549945798608
00-0035956,2022_04_ARI_CAR,2022,4,0.0,0.07027998276016678,1,2021,0.095938771192119,0.1534523317698582
00-0036040,2022_04_MIN_NO,2022,4,0.0,0.12271517068798932,1,2021,0.1580753254923663,0.1658663778641641
00-0036232,2022_04_CLE_ATL,2022,4,0.0,0.2526550377729254,1,2021,0.2332821864472091,0.3080788264894296
00-0036244,2022_04_SEA_DET,2022,4,0.0,0.13655125117255387,1,2021,0.1806295487152343,0.1604294180143116
00-0036250,2022_04_NE_GB,2022,4,0.0,0.0032755049480222426,1,2021,0.067841261123244,0.0650044620440344
00-0036290,2022_04_CHI_NYG,2022,4,0.0,0.1746581234481193,1,2021,0.2054396231037371,0.1982383569606605
00-0036422,2022_04_MIN_NO,2022,4,0.0,0.05497265436325402,1,2021,0.1003809407858154,0.1178799542967391
00-0036590,2022_04_BUF_BAL,2022,4,0.0,0.034689206645909174,1,2021,0.1061451113056103,0.0709163728580451
00-0036628,2022_04_WAS_DAL,2022,4,0.0,0.0034499647080172557,1,2021,0.0503968009925722,0.0900186096737626
00-0036637,2022_04_KC_TB,2022,4,0.0,0.08058605691850462,1,2021,0.1361188327387933,0.1163244214909159
00-0036754,2022_04_SEA_DET,2022,4,0.0,-0.026597782945880805,1,2021,0.0425113083600245,0.0436844169339702
00-0036876,2022_04_TEN_IND,2022,4,0.0,0.13291532321543167,1,2021,0.1808728073499225,0.1531286114253623
00-0036894,2022_04_NYJ_PIT,2022,4,0.0,0.24487562447971042,1,2021,0.2732017177254802,0.2367164294696696
00-0036970,2022_04_CLE_ATL,2022,4,0.0,0.2060103753324272,1,2021,0.2329846725718514,0.2192542037689302
00-0037005,2022_04_ARI_CAR,2022,4,0.0,0.16664220754525563,1,2021,0.1644842826250113,0.24084490386509
00-0037011,2022_04_LAC_HOU,2022,4,0.0,0.13526079195514717,1,2021,0.1656682356657962,0.179127579795996
00-0037569,2022_04_WAS_DAL,2022,4,0.0,0.020173047712908773,1,2021,0.0862298845117306,0.0713184924499846
00-0038041,2022_04_WAS_DAL,2022,4,0.0,0.10404268414679224,1,2021,0.1336769772202382,0.1646588704692033
00-0038115,2022_04_CHI_NYG,2022,4,0.0,0.14492506827215967,1,2021,0.1722906199193186,0.1882489813915996
00-0038129,2022_04_KC_TB,2022,4,0.0,0.06976138136658519,1,2021,0.1351090045922878,0.0970421982980604
00-0030061,2022_05_PHI_ARI,2022,5,0.0,0.18583078404148448,1,2021,0.2200414788101602,0.1989564358850415
00-0030108,2022_05_CHI_MIN,2022,5,0.0,0.08258313127350272,1,2021,0.1298413393453793,0.1290268098035037
00-0030506,2022_05_LV_KC,2022,5,4.0,0.4690743676331328,1,2021,0.4082748855451035,0.4745764030444994
00-0032134,2022_05_MIA_NYJ,2022,5,0.0,0.03938846687872549,1,2021,0.0958054961795825,0.0945359450804918
00-0032141,2022_05_TEN_WAS,2022,5,0.0,0.12824610904027747,1,2021,0.1705424423161419,0.1588103320019159
00-0032392,2022_05_TEN_WAS,2022,5,0.0,0.13236272236963167,1,2021,0.1676724916306187,0.1707470705592991
00-0033090,2022_05_DET_NE,2022,5,0.0,0.14800672670744547,1,2021,0.1730336063762368,0.1930939647813117
00-0033110,2022_05_DAL_LA,2022,5,0.0,0.20841602885410696,1,2021,0.2129258133187535,0.2522361507733558
00-0033217,2022_05_IND_DEN,2022,5,0.0,0.11893075981815684,1,2021,0.1636722462686653,0.1507071380848335
00-0033246,2022_05_CHI_MIN,2022,5,0.0,0.07183951039207617,1,2021,0.1232039957825933,0.1178614554154587
00-0033288,2022_05_SF_CAR,2022,5,0.0,0.2785325661646032,1,2021,0.2796002980896359,0.292059794798958
00-0033576,2022_05_IND_DEN,2022,5,0.0,0.12111852333153802,1,2021,0.1532765541316182,0.1696007843924079
00-0033757,2022_05_NYG_GB,2022,5,0.0,0.16107809633769493,1,2021,0.1825344656220948,0.2046617258307265
00-0033879,2022_05_HOU_JAX,2022,5,0.0,0.19004643308627375,1,2021,0.2084394452380027,0.2234367761733464
00-0033881,2022_05_HOU_JAX,2022,5,0.0,0.13766970983353877,1,2021,0.1663560667674818,0.1827634377618583
00-0033885,2022_05_LAC_CLE,2022,5,0.0,0.2445175170775584,1,2021,0.2780115428339219,0.2292263388087853
00-0033895,2022_05_LAC_CLE,2022,5,0.0,0.18294043746933827,1,2021,0.2168081739143023,0.1980007833541248
00-0034073,2022_05_SF_CAR,2022,5,0.0,0.0020494736442883965,1,2021,0.0692777907824165,0.0606262917311424
00-0034159,2022_05_SEA_NO,2022,5,0.0,0.23990172743652474,1,2021,0.2591986179022482,0.2470113688093287
00-0034270,2022_05_MIA_NYJ,2022,5,0.0,0.2580164298719204,1,2021,0.2605978019030258,0.2796907900154456
00-0034351,2022_05_PHI_ARI,2022,5,0.0,0.7279166769124641,1,2021,0.7083586306860887,0.5452638364992372
00-0034364,2022_05_HOU_JAX,2022,5,0.0,0.059354002568385966,1,2021,0.1087433791805127,0.114431672596013
00-0034365,2022_05_SF_CAR,2022,5,0.0,0.13436504184817338,1,2021,0.1844751175888525,0.1508058336111667
00-0034383,2022_05_DAL_LA,2022,5,0.0,0.20989172877368104,1,2021,0.2148480845602372,0.252339995600576
00-0034753,2022_05_CIN_BAL,2022,5,1.0,0.3020760854259835,1,2021,0.3211479694681328,0.2783242877075839
00-0034798,2022_05_MIA_NYJ,2022,5,0.0,0.11476709954930614,1,2021,0.1464223072268911,0.1671459240305498
00-0034829,2022_05_MIA_NYJ,2022,5,0.0,0.18835232847543812,1,2021,0.2019981533028043,0.2293085486425185
00-0034830,2022_05_CIN_BAL,2022,5,1.0,0.15563195709905944,1,2021,0.2106291679030971,0.1544933185377327
00-0034970,2022_05_CHI_MIN,2022,5,0.0,0.17694029824488097,1,2021,0.2139351002725136,0.1905854900314682
00-0035222,2022_05_PIT_BUF,2022,5,0.0,-0.012525121934344977,1,2021,0.0407052824005165,0.0731648915549984
00-0035229,2022_05_DET_NE,2022,5,0.0,0.25009462629014534,1,2021,0.2730565882960306,0.2469073090266191
00-0035249,2022_05_CIN_BAL,2022,5,0.0,0.05987637917444216,1,2021,0.1065152189940078,0.1185835313886735
00-0035572,2022_05_ATL_TB,2022,5,0.0,0.12142733360783642,1,2021,0.1683425820649706,0.1488762769356948
00-0035644,2022_05_SEA_NO,2022,5,0.0,0.09170303756981468,1,2021,0.1346853760062736,0.1396226636830237
00-0035956,2022_05_SF_CAR,2022,5,0.0,0.069192131552197,1,2021,0.1281950939068817,0.1057348220841239
00-0036040,2022_05_SEA_NO,2022,5,0.0,0.27491795090453086,1,2021,0.2612492775121851,0.3111068779911661
00-0036232,2022_05_LAC_CLE,2022,5,0.0,0.15785516794387514,1,2021,0.1873381887891043,0.1916989870361273
00-0036250,2022_05_NYG_GB,2022,5,0.0,0.06038252839060859,1,2021,0.1026150173236694,0.1250699398293292
00-0036290,2022_05_CHI_MIN,2022,5,0.0,0.12157307660552555,1,2021,0.1712959008661078,0.1449767843276508
00-0036422,2022_05_SEA_NO,2022,5,1.0,0.2080943532599445,1,2021,0.2192716577522314,0.2426426113202274
00-0036423,2022_05_IND_DEN,2022,5,0.0,0.14623725417981287,1,2021,0.1862651809934868,0.1709884421898604
00-0036429,2022_05_SF_CAR,2022,5,0.0,0.003059407924674379,1,2021,0.0608587263923879,0.074469864449489
00-0036590,2022_05_PIT_BUF,2022,5,0.0,0.014641441791987841,1,2021,0.0738869853230873,0.0781975184340363
00-0036628,2022_05_TEN_WAS,2022,5,0.0,0.1071640003528663,1,2021,0.1548756808857149,0.140639064229127
00-0036637,2022_05_LV_KC,2022,5,0.0,0.0972074655366533,1,2021,0.1316426534177172,0.1544591542540619
00-0036876,2022_05_IND_DEN,2022,5,0.0,0.15916328117006082,1,2021,0.1895257554715667,0.191106848192041
00-0036894,2022_05_PIT_BUF,2022,5,0.0,0.12261253269083075,1,2021,0.1725648984867436,0.1451702098261277
00-0037005,2022_05_SF_CAR,2022,5,0.0,0.10334227641889926,1,2021,0.1401852464108244,0.1541109023968055
00-0037011,2022_05_LAC_CLE,2022,5,0.0,0.09659669310189326,1,2021,0.1309947843931709,0.1542071617871185
00-0037569,2022_05_DAL_LA,2022,5,0.0,-0.004775771496694614,1,2021,0.0730532469657629,0.0422260042727271
00-0037838,2022_05_CIN_BAL,2022,5,0.0,0.13670820249090587,1,2021,0.1841592002526784,0.1557359771047483
00-0038115,2022_05_NYG_GB,2022,5,0.0,0.14830470296021933,1,2021,0.1771199871135984,0.1878826895694005
00-0038129,2022_05_ATL_TB,2022,5,0.0,0.23058151839235294,1,2021,0.2261040457431574,0.2760010192742426
00-0030061,2022_06_ARI_SEA,2022,6,0.0,0.4249386388399463,1,2021,0.3870024273495054,0.4202274073812262
00-0030108,2022_06_WAS_CHI,2022,6,0.0,0.12486866809047664,1,2021,0.1694702070817059,0.1538652458088313
00-0030506,2022_06_BUF_KC,2022,6,0.0,0.34676614965208274,1,2021,0.3284520995920896,0.3534962318919834
00-0031273,2022_06_TB_PIT,2022,6,0.0,0.2226057444466161,1,2021,0.2412234101645292,0.2393501012462898
00-0031690,2022_06_DEN_LAC,2022,6,0.0,0.06232352930730947,1,2021,0.1074286099330033,0.1219734182243056
00-0032134,2022_06_NYJ_GB,2022,6,0.0,0.04694156627418833,1,2021,0.1019325732114945,0.1003187764538864
00-0033090,2022_06_NE_CLE,2022,6,1.0,0.1600190650077872,1,2021,0.16971658951083,0.2207701541053384
00-0033110,2022_06_CAR_LA,2022,6,0.0,0.22673968647543322,1,2021,0.2404584797025623,0.2483418207048595
00-0033246,2022_06_MIN_MIA,2022,6,0.0,0.10046442734218569,1,2021,0.1562638653239373,0.1258567286389431
00-0033288,2022_06_SF_ATL,2022,6,0.0,0.35636801610388114,1,2021,0.3226715244689919,0.3800458817255043
00-0033439,2022_06_NE_CLE,2022,6,0.0,0.10471176931223655,1,2021,0.1459046792702692,0.1486393315014529
00-0033757,2022_06_NYJ_GB,2022,6,0.0,0.20293065703775118,1,2021,0.2201730433001197,0.2314876001750073
00-0033858,2022_06_NE_CLE,2022,6,0.0,0.060068001594170056,1,2021,0.1141405264348638,0.1081619092946127
00-0033881,2022_06_JAX_IND,2022,6,0.0,0.16030169574534145,1,2021,0.1976501062006931,0.1817906853988373
00-0033885,2022_06_NE_CLE,2022,6,0.0,0.2720203936632556,1,2021,0.2728589452901538,0.289137650709494
00-0033895,2022_06_DEN_LAC,2022,6,0.0,0.19537194252847953,1,2021,0.2352656846913563,0.195672452388617
00-0034159,2022_06_ARI_SEA,2022,6,0.0,0.33957621481115396,1,2021,0.3530578955312916,0.3049274996020608
00-0034270,2022_06_NYJ_GB,2022,6,0.0,0.15832351720242727,1,2021,0.2087662953944504,0.1622786830532497
00-0034351,2022_06_DAL_PHI,2022,6,0.0,0.3469010112329546,1,2021,0.3367213122125461,0.3420550144263417
00-0034365,2022_06_CAR_LA,2022,6,0.0,0.09954218416317825,1,2021,0.15205755199168,0.1300432699285542
00-0034753,2022_06_BAL_NYG,2022,6,1.0,0.3594979192383574,1,2021,0.3676286304549784,0.3224292120836307
00-0034829,2022_06_MIN_MIA,2022,6,2.0,0.15932748240992947,1,2021,0.1943379494923029,0.1846127426165173
00-0034830,2022_06_CIN_NO,2022,6,0.0,0.19960637492475122,1,2021,0.2252049996034688,0.2180080373017515
00-0034970,2022_06_MIN_MIA,2022,6,1.0,0.19057122807376267,1,2021,0.2209222889523031,0.2067801924356379
00-0035222,2022_06_TB_PIT,2022,6,0.0,0.09641404679060844,1,2021,0.1343351082055303,0.149131826574972
00-0035249,2022_06_BAL_NYG,2022,6,0.0,0.0813188319505524,1,2021,0.1234248847195854,0.1356857918741806
00-0035644,2022_06_ARI_SEA,2022,6,0.0,0.33387818925248114,1,2021,0.3390724785165327,0.3138119414500442
00-0035689,2022_06_BUF_KC,2022,6,1.0,0.2480656569106566,1,2021,0.2588062115082327,0.2631866445960417
00-0036040,2022_06_CIN_NO,2022,6,0.0,0.14330356693047816,1,2021,0.1906559934217309,0.1591632948747839
00-0036232,2022_06_NE_CLE,2022,6,0.0,0.1358833692267574,1,2021,0.1558810957506644,0.1941655675580562
00-0036244,2022_06_ARI_SEA,2022,6,0.0,0.33354496410467316,1,2021,0.3504906342137653,0.2970200184166086
00-0036290,2022_06_WAS_CHI,2022,6,0.0,0.20225566833404887,1,2021,0.2323775916318304,0.212929193485317
00-0036422,2022_06_CIN_NO,2022,6,0.0,0.13210733969948008,1,2021,0.1725310363593687,0.1633845954897336
00-0036429,2022_06_SF_ATL,2022,6,0.0,0.14045077324107527,1,2021,0.1707121420739471,0.1819215069859542
00-0036590,2022_06_BUF_KC,2022,6,0.0,0.009850143960432517,1,2021,0.0868218280553591,0.050730132394464
00-0036637,2022_06_BUF_KC,2022,6,0.0,0.07473280730508719,1,2021,0.1127800794570428,0.1381449349577679
00-0036741,2022_06_DAL_PHI,2022,6,0.0,0.034887477215745796,1,2021,0.0863476898238988,0.0993050382026004
00-0036876,2022_06_JAX_IND,2022,6,0.0,0.1414667633345312,1,2021,0.1802183154380983,0.1704161114622079
00-0036970,2022_06_SF_ATL,2022,6,1.0,0.18699136000844438,1,2021,0.2062077392678915,0.2207488931542737
00-0037011,2022_06_DEN_LAC,2022,6,0.0,-0.009681247541463309,1,2021,0.0553245897213079,0.0579227577436656
00-0037078,2022_06_WAS_CHI,2022,6,0.0,0.039429312143191356,1,2021,0.0850480837800152,0.1098336387486757
00-0037569,2022_06_DAL_PHI,2022,6,0.0,0.09186776241543504,1,2021,0.1530627585161357,0.1139375853638785
00-0037744,2022_06_ARI_SEA,2022,6,0.0,0.09672065346550987,1,2021,0.1188698011341102,0.1715987139262759
00-0037838,2022_06_BAL_NYG,2022,6,0.0,0.16898848450450904,1,2021,0.190585663084933,0.2084059222862727
00-0038041,2022_06_DAL_PHI,2022,6,1.0,0.046507666617321086,1,2021,0.0958404739409797,0.1081076710887435
00-0038115,2022_06_BAL_NYG,2022,6,1.0,0.19637450642042584,1,2021,0.229328166409222,0.2059910417591375
00-0038129,2022_06_TB_PIT,2022,6,0.0,0.16081297479067555,1,2021,0.1980946061748487,0.1821400422205643
00-0030061,2022_07_NO_ARI,2022,7,0.0,0.23227235066864213,1,2021,0.2141627818640241,0.2961305524624436
00-0030108,2022_07_CHI_NE,2022,7,0.0,0.0898786937968773,1,2021,0.1307334097901409,0.1417233605962889
00-0030506,2022_07_KC_SF,2022,7,0.0,0.37979101337224264,1,2021,0.3464846220788594,0.3911705833234769
00-0031484,2022_07_NYG_JAX,2022,7,0.0,-0.009738528941267588,1,2021,0.0532471291034379,0.0607523438539033
00-0031690,2022_07_NYJ_DEN,2022,7,0.0,0.09600626465730369,1,2021,0.1308562605793878,0.1532734740400591
00-0032134,2022_07_NYJ_DEN,2022,7,0.0,0.10027763307369686,1,2021,0.1323818200115688,0.1592875563584539
00-0032141,2022_07_IND_TEN,2022,7,0.0,0.06728040649747313,1,2021,0.1147414607381888,0.1211112523090892
00-0032392,2022_07_IND_TEN,2022,7,0.0,0.13723709249357266,1,2021,0.154938147718001,0.1980897344404487
00-0033090,2022_07_CHI_NE,2022,7,0.0,0.21844336208364182,1,2021,0.2300572720030404,0.2471839950011005
00-0033288,2022_07_KC_SF,2022,7,1.0,0.256595443318113,1,2021,0.2938571348864065,0.2299168353207021
00-0033576,2022_07_NYJ_DEN,2022,7,0.0,0.14056472831848343,1,2021,0.1844055054439842,0.1627662221243917
00-0033757,2022_07_GB_WAS,2022,7,0.0,0.27974913594837747,1,2021,0.2885063776743138,0.2817871800216585
00-0033858,2022_07_CHI_NE,2022,7,0.0,0.0818001156830071,1,2021,0.1354982963486281,0.119525220642596
00-0033881,2022_07_NYG_JAX,2022,7,0.0,0.1860881260138502,1,2021,0.2408637065740336,0.1699896052203135
00-0033885,2022_07_CLE_BAL,2022,7,0.0,0.24715500777945584,1,2021,0.2764580009797709,0.2364706122013249
00-0033895,2022_07_SEA_LAC,2022,7,0.0,0.38416244288870716,1,2021,0.379737339575505,0.3524886565449744
00-0034159,2022_07_SEA_LAC,2022,7,0.0,0.128425622666494,1,2021,0.1526786665281234,0.1844273953469749
00-0034270,2022_07_NYJ_DEN,2022,7,0.0,0.19663674401223527,1,2021,0.2388366058703005,0.1930402804751492
00-0034364,2022_07_HOU_LV,2022,7,0.0,0.07424095290584784,1,2021,0.1074748260836858,0.1447097179604729
00-0034365,2022_07_TB_CAR,2022,7,0.0,0.12988628207453154,1,2021,0.1788411664101784,0.15020748427818
00-0034383,2022_07_DET_DAL,2022,7,0.0,0.25240866040374577,1,2021,0.2598925937588642,0.269959132909645
00-0034613,2022_07_NYG_JAX,2022,7,0.0,0.16201308903299588,1,2021,0.1711168642845158,0.2226042304258683
00-0034753,2022_07_CLE_BAL,2022,7,0.0,0.3164849307340065,1,2021,0.2900063292014402,0.3499518960884395
00-0034829,2022_07_PIT_MIA,2022,7,0.0,0.19990931039732715,1,2021,0.2239161609373648,0.220411089568134
00-0034830,2022_07_ATL_CIN,2022,7,0.0,0.32492218056517697,1,2021,0.3138031271685194,0.3324273277018693
00-0034981,2022_07_HOU_LV,2022,7,0.0,0.15711429263828686,1,2021,0.197813706085181,0.1754607452830224
00-0035222,2022_07_PIT_MIA,2022,7,0.0,0.059850862594196835,1,2021,0.1049557264451155,0.1207410741825336
00-0035229,2022_07_DET_DAL,2022,7,0.0,0.18380014332876762,1,2021,0.2206242594471635,0.1942466817272501
00-0035249,2022_07_CLE_BAL,2022,7,0.0,0.09400934585977525,1,2021,0.1284469246403591,0.152861474843834
00-0035345,2022_07_NYG_JAX,2022,7,0.0,0.07251568208787579,1,2021,0.1010424960258724,0.1505091806890121
00-0035547,2022_07_KC_SF,2022,7,0.0,0.0829132709067717,1,2021,0.126604258180885,0.1342382776872811
00-0035644,2022_07_SEA_LAC,2022,7,0.0,0.19845660936603784,1,2021,0.2248074572993472,0.2163706244455863
00-0035771,2022_07_ATL_CIN,2022,7,0.0,0.11827241736188143,1,2021,0.156984610017093,0.1589091681578027
00-0035956,2022_07_TB_CAR,2022,7,0.0,-0.01936188293346819,1,2021,0.0496828169379178,0.047382691024404
00-0036040,2022_07_NO_ARI,2022,7,2.0,0.32252784478009733,1,2021,0.3067941896012904,0.3377624459646768
00-0036232,2022_07_CLE_BAL,2022,7,0.0,0.10771826548279045,1,2021,0.1529336516143136,0.1444471186701782
00-0036244,2022_07_SEA_LAC,2022,7,0.0,0.12876085594218825,1,2021,0.1607768858633801,0.17361147100102
00-0036250,2022_07_GB_WAS,2022,7,0.0,-0.012869981995505902,1,2021,0.0439331532508263,0.0679382896939924
00-0036290,2022_07_CHI_NE,2022,7,0.0,0.1571503495502667,1,2021,0.1849550156508632,0.1937221571458471
00-0036556,2022_07_HOU_LV,2022,7,0.0,0.10926601046162215,1,2021,0.1274367990372678,0.1834812747922315
00-0036637,2022_07_KC_SF,2022,7,0.0,0.07708881791310745,1,2021,0.1205674961586591,0.1316350997038098
00-0036754,2022_07_DET_DAL,2022,7,0.0,0.09221166248251564,1,2021,0.1382192032514441,0.135596174435552
00-0036825,2022_07_ATL_CIN,2022,7,0.0,0.015461649231502228,1,2021,0.0768749251660351,0.0755395014351104
00-0036876,2022_07_IND_TEN,2022,7,0.0,0.1196897209041558,1,2021,0.1724194291531325,0.1397837839475422
00-0036894,2022_07_PIT_MIA,2022,7,0.0,0.14698583446641553,1,2021,0.2005413864304272,0.1522227873481445
00-0036970,2022_07_ATL_CIN,2022,7,0.0,0.17252858888499592,1,2021,0.1916872271104496,0.2136207392510128
00-0037005,2022_07_TB_CAR,2022,7,1.0,0.07643717923975815,1,2021,0.11733652209821,0.1349594842902703
00-0037011,2022_07_SEA_LAC,2022,7,0.0,0.037363384141149716,1,2021,0.0582041811777357,0.1438595312246805
00-0037078,2022_07_GB_WAS,2022,7,0.0,0.06399726123329419,1,2021,0.0949653091281558,0.1428088089581256
00-0037252,2022_07_NYJ_DEN,2022,7,0.0,0.12366726740330095,1,2021,0.1623786362467155,0.1615997239790945
00-0037569,2022_07_DET_DAL,2022,7,1.0,0.12829644347105554,1,2021,0.1710899998549829,0.158131954982773
00-0037744,2022_07_NO_ARI,2022,7,0.0,-0.0165290520099496,1,2021,0.0497543275892218,0.0527015923652759
00-0037755,2022_07_IND_TEN,2022,7,0.0,0.09089149543680858,1,2021,0.1246646462214936,0.1522472232262146
00-0037838,2022_07_CLE_BAL,2022,7,0.0,0.14020289493739177,1,2021,0.1647849493525949,0.189833008390272
00-0038041,2022_07_DET_DAL,2022,7,0.0,0.24165689813717525,1,2021,0.252093125962934,0.2604223702842957
00-0038115,2022_07_NYG_JAX,2022,7,0.0,0.23788532225041045,1,2021,0.2522853832880747,0.2529341840549345
00-0038129,2022_07_TB_CAR,2022,7,0.0,0.1273447266377892,1,2021,0.1775385918843912,0.1471875865302708
00-0030061,2022_08_ARI_MIN,2022,8,1.0,0.15930984809807427,1,2021,0.1815186609799876,0.2027156810201283
00-0031484,2022_08_DEN_JAX,2022,8,0.0,0.05227546044627393,1,2021,0.0974810914870872,0.1168220903822817
00-0031690,2022_08_DEN_JAX,2022,8,0.0,-0.017106920085688523,1,2021,0.0441440639209938,0.0595333321747683
00-0032134,2022_08_NE_NYJ,2022,8,0.0,0.08039963991808258,1,2021,0.1170163339319397,0.1429938877098554
00-0032214,2022_08_SF_LA,2022,8,0.0,0.04850739767878298,1,2021,0.0897532031567972,0.1205460163068209
00-0032392,2022_08_TEN_HOU,2022,8,0.0,0.23578273731485608,1,2021,0.2494580445296108,0.2529114018526281
00-0033090,2022_08_NE_NYJ,2022,8,0.0,0.21048192168821542,1,2021,0.240488975635825,0.2171925852349953
00-0033110,2022_08_SF_LA,2022,8,0.0,0.16846288036824175,1,2021,0.2082747398043972,0.1823738452022671
00-0033217,2022_08_WAS_IND,2022,8,0.0,0.06700487777630126,1,2021,0.1120245885617345,0.1244279012842171
00-0033246,2022_08_ARI_MIN,2022,8,1.0,0.20039079446478655,1,2021,0.2097627305496618,0.2413565331035784
00-0033288,2022_08_SF_LA,2022,8,1.0,0.2242786627610219,1,2021,0.253428590281848,0.2252830668871235
00-0033439,2022_08_CIN_CLE,2022,8,0.0,-0.026456568210809585,1,2021,0.0549602287524743,0.0263419211179957
00-0033576,2022_08_DEN_JAX,2022,8,0.0,0.03010246395147105,1,2021,0.1036519755969341,0.0656678058834957
00-0033757,2022_08_GB_BUF,2022,8,0.0,0.17910413882097917,1,2021,0.2119025160933992,0.1976012726454635
00-0033858,2022_08_NE_NYJ,2022,8,0.0,0.08940705225021284,1,2021,0.1441033244161419,0.1219052637957759
00-0033879,2022_08_TEN_HOU,2022,8,0.0,0.13641310066966378,1,2021,0.1591287339483824,0.1905843606984961
00-0033881,2022_08_DEN_JAX,2022,8,1.0,0.14355228977924075,1,2021,0.2031965764238676,0.1418968111561929
00-0034073,2022_08_SF_LA,2022,8,0.0,0.033950765758200704,1,2021,0.1025160885743518,0.0746378358596815
00-0034159,2022_08_NYG_SEA,2022,8,0.0,0.1959467114204648,1,2021,0.2189409990216591,0.219868261713519
00-0034270,2022_08_NE_NYJ,2022,8,2.0,0.2362750212175124,1,2021,0.265509648016579,0.2311435473488261
00-0034351,2022_08_PIT_PHI,2022,8,0.0,0.3317467348375127,1,2021,0.3193902628145786,0.3375801357444277
00-0034364,2022_08_TEN_HOU,2022,8,0.0,0.16117488865087898,1,2021,0.2036937550916248,0.1749108408742507
00-0034365,2022_08_CAR_ATL,2022,8,0.0,0.14943129461515572,1,2021,0.1783850577696083,0.1882483879890769
00-0034383,2022_08_CHI_DAL,2022,8,0.0,0.200193102631081,1,2021,0.225630530711229,0.2185285876269549
00-0034613,2022_08_NYG_SEA,2022,8,0.0,0.17189350330646444,1,2021,0.1648066178021253,0.2504362045931112
00-0034753,2022_08_BAL_TB,2022,8,0.0,0.3267283496434755,1,2021,0.3373770344811497,0.3025308130338361
00-0034829,2022_08_MIA_DET,2022,8,1.0,0.22447394267089718,1,2021,0.2298695426639694,0.2589879438340813
00-0034830,2022_08_CIN_CLE,2022,8,0.0,0.22120837181018052,1,2021,0.2459741918402696,0.2299551118849585
00-0034970,2022_08_ARI_MIN,2022,8,0.0,0.37975040394333637,1,2021,0.3522720696519459,0.3829048272920387
00-0034981,2022_08_LV_NO,2022,8,0.0,0.22025097947313746,1,2021,0.2178627019609415,0.2678953504752598
00-0035222,2022_08_PIT_PHI,2022,8,0.0,0.03197138444066412,1,2021,0.0845756367123217,0.096232752094288
00-0035229,2022_08_MIA_DET,2022,8,0.0,0.2055672220733005,1,2021,0.2134237565272215,0.2460810216688228
00-0035249,2022_08_BAL_TB,2022,8,0.0,0.0955427691678884,1,2021,0.145663869430261,0.1314369190909903
00-0035345,2022_08_NYG_SEA,2022,8,0.0,0.15412056261281332,1,2021,0.1474702962435037,0.2409584770525031
00-0035562,2022_08_LV_NO,2022,8,0.0,0.0898524495016256,1,2021,0.1384701718943334,0.1307272070483426
00-0035572,2022_08_CAR_ATL,2022,8,0.0,0.08798060660239507,1,2021,0.127974068647564,0.1419956425320073
00-0035624,2022_08_CHI_DAL,2022,8,1.0,0.07785405575247081,1,2021,0.1278623325313975,0.12277852897194
00-0035644,2022_08_NYG_SEA,2022,8,0.0,0.25824982021918474,1,2021,0.2712997752104185,0.2649962281811308
00-0035689,2022_08_GB_BUF,2022,8,1.0,0.2242526467553538,1,2021,0.2292727082397212,0.2594089358435591
00-0035771,2022_08_CIN_CLE,2022,8,0.0,0.08185310438273977,1,2021,0.1238381806343229,0.1361232894753254
00-0035956,2022_08_CAR_ATL,2022,8,0.0,0.0036181835807622548,1,2021,0.0773323687949608,0.0522321300873368
00-0036040,2022_08_LV_NO,2022,8,0.0,0.20472159241241375,1,2021,0.2203346933252998,0.2346855069773482
00-0036244,2022_08_NYG_SEA,2022,8,0.0,0.10301323233433451,1,2021,0.1355567580799811,0.1600297069794199
00-0036290,2022_08_CHI_DAL,2022,8,1.0,0.1917508292434932,1,2021,0.2032740979059096,0.2340057215243338
00-0036556,2022_08_TEN_HOU,2022,8,0.0,0.09141284483769369,1,2021,0.1456720338105066,0.1235235563556577
00-0036628,2022_08_WAS_IND,2022,8,0.0,0.052201271427433,1,2021,0.119054103337132,0.0861587329277537
00-0036741,2022_08_PIT_PHI,2022,8,0.0,0.06478480183466018,1,2021,0.1153591477476121,0.1154624941238535
00-0036754,2022_08_MIA_DET,2022,8,0.0,0.14153356907412243,1,2021,0.1877046735459538,0.1599522617425026
00-0036825,2022_08_CAR_ATL,2022,8,0.0,0.0312528675011179,1,2021,0.0842514981914019,0.0953165987216148
00-0036876,2022_08_WAS_IND,2022,8,0.0,0.13477754105229556,1,2021,0.1733818325624069,0.1672898064968818
00-0036894,2022_08_PIT_PHI,2022,8,0.0,0.11416423995895081,1,2021,0.1782384353928111,0.1209791375375599
00-0036970,2022_08_CAR_ATL,2022,8,1.0,0.19584744765468906,1,2021,0.2249220940565201,0.2112163102911783
00-0037005,2022_08_CAR_ATL,2022,8,0.0,0.12698350261046698,1,2021,0.1678064154178722,0.1602654986289057
00-0037168,2022_08_WAS_IND,2022,8,0.0,0.06628963212522468,1,2021,0.1202058001159364,0.1114846715317283
00-0037252,2022_08_DEN_JAX,2022,8,0.0,0.13973888321545458,1,2021,0.1705912901188711,0.1807304239095201
00-0037569,2022_08_CHI_DAL,2022,8,0.0,0.08635471106084142,1,2021,0.1299536084938115,0.1360841606558237
00-0037744,2022_08_ARI_MIN,2022,8,0.0,-0.017366825615522344,1,2021,0.0568215706218125,0.0410999672798279
00-0037809,2022_08_TEN_HOU,2022,8,0.0,0.04309585062192617,1,2021,0.0926861648765763,0.1060425246404605
00-0037838,2022_08_BAL_TB,2022,8,1.0,0.13218272997398078,1,2021,0.1721674296322133,0.1640432695525598
00-0038041,2022_08_CHI_DAL,2022,8,1.0,0.054242669151215145,1,2021,0.1073635828419918,0.1066042545884582
00-0038129,2022_08_BAL_TB,2022,8,0.0,0.17086537723046782,1,2021,0.1846261955025305,0.220428424636591
00-0024243,2022_09_GB_DET,2022,9,0.0,0.08741575842351743,1,2021,0.1310044134699602,0.1366275949725277
00-0030061,2022_09_SEA_ARI,2022,9,1.0,0.3022912985394647,1,2021,0.2659491509520326,0.3568311246398412
00-0030506,2022_09_TEN_KC,2022,9,0.0,0.4214862134141414,1,2021,0.3945009403746073,0.4030129924410914
00-0031260,2022_09_MIN_WAS,2022,9,0.0,0.17036203803668679,1,2021,0.2051465023584301,0.190433334112672
00-0031484,2022_09_LV_JAX,2022,9,0.0,0.10136774928434261,1,2021,0.1424423074969954,0.1471397454221938
00-0032134,2022_09_BUF_NYJ,2022,9,0.0,0.06229427224509529,1,2021,0.0974506558524661,0.1360342101222188
00-0032392,2022_09_TEN_KC,2022,9,0.0,0.1284862373725673,1,2021,0.1789389631256436,0.1473904069967674
00-0033090,2022_09_IND_NE,2022,9,0.0,0.16199271592790085,1,2021,0.186472694928839,0.2008398824876387
00-0033110,2022_09_LA_TB,2022,9,0.0,0.13086209040244678,1,2021,0.1826653545726101,0.1466640587116572
00-0033217,2022_09_IND_NE,2022,9,0.0,0.0707361704659614,1,2021,0.1128679839731476,0.1303737760431351
00-0033246,2022_09_MIN_WAS,2022,9,0.0,0.07663906059294556,1,2021,0.1311861062874908,0.1157514087674823
00-0033357,2022_09_BAL_NO,2022,9,0.0,0.09753555680827458,1,2021,0.1429956975843562,0.1390246518762828
00-0033757,2022_09_GB_DET,2022,9,0.0,0.260788546553928,1,2021,0.2904217926307232,0.2427998362650351
00-0033858,2022_09_IND_NE,2022,9,0.0,0.07217509368708946,1,2021,0.12017712799907,0.1227859296407641
00-0033879,2022_09_PHI_HOU,2022,9,0.0,0.1177983651922743,1,2021,0.1569847639443137,0.1580019432001103
00-0033881,2022_09_LV_JAX,2022,9,0.0,0.15166785041565292,1,2021,0.182287734820762,0.1870061132151014
00-0033895,2022_09_LAC_ATL,2022,9,0.0,0.26050830099564204,1,2021,0.2717004097760866,0.2687505783486774
00-0034159,2022_09_SEA_ARI,2022,9,0.0,0.20379602514996062,1,2021,0.2085999722060001,0.2495168495817058
00-0034270,2022_09_BUF_NYJ,2022,9,0.0,0.21607581465423978,1,2021,0.2573028855582826,0.2041071653192749
00-0034351,2022_09_PHI_HOU,2022,9,1.0,0.3606218868942429,1,2021,0.3611847395707516,0.3336964980239806
00-0034364,2022_09_PHI_HOU,2022,9,0.0,0.15319164412108882,1,2021,0.2048367448338155,0.1580193484713812
00-0034798,2022_09_MIA_CHI,2022,9,0.0,0.05199010433440587,1,2021,0.0693892009345309,0.1560204113210815
00-0034829,2022_09_MIA_CHI,2022,9,0.0,0.1799208910866035,1,2021,0.2066928265206866,0.206534618235662
00-0034830,2022_09_CAR_CIN,2022,9,0.0,0.22669762826161108,1,2021,0.2479896193709419,0.2376063240828457
00-0034981,2022_09_LV_JAX,2022,9,0.0,0.17207419169201207,1,2021,0.1955143123662729,0.207336793113529
00-0035229,2022_09_MIN_WAS,2022,9,0.0,0.16251889529223035,1,2021,0.1731140112550985,0.2207464373524647
00-0035249,2022_09_BAL_NO,2022,9,0.0,0.07033259228353289,1,2021,0.1215860866540421,0.1172672703155357
00-0035624,2022_09_MIA_CHI,2022,9,0.0,0.13115512801214152,1,2021,0.1627358856495041,0.1754208626598155
00-0035644,2022_09_SEA_ARI,2022,9,0.0,0.22297953077361884,1,2021,0.2385865501447532,0.2437958881594566
00-0035689,2022_09_BUF_NYJ,2022,9,0.0,0.31977181531058063,1,2021,0.2895649922449177,0.3568651160658782
00-0035956,2022_09_CAR_CIN,2022,9,0.0,0.07068042937664057,1,2021,0.1265503598722106,0.1109093554025558
00-0036040,2022_09_BAL_NO,2022,9,1.0,0.17566333850717955,1,2021,0.1915205441070864,0.2198542990868629
00-0036244,2022_09_SEA_ARI,2022,9,0.0,0.13888623222212543,1,2021,0.1610422778441583,0.1926089455441772
00-0036290,2022_09_MIA_CHI,2022,9,2.0,0.19030727868388272,1,2021,0.2116590794640459,0.219380728137636
00-0036332,2022_09_GB_DET,2022,9,0.0,0.10433588587758119,1,2021,0.1377852669959015,0.159407463312499
00-0036422,2022_09_BAL_NO,2022,9,0.0,0.11266831050415724,1,2021,0.1469150433554808,0.1624331758244966
00-0036556,2022_09_PHI_HOU,2022,9,0.0,0.1263878991419124,1,2021,0.1714466071229882,0.1539757978313341
00-0036628,2022_09_MIN_WAS,2022,9,0.0,0.05221359769824763,1,2021,0.1124772670275425,0.0954871986394073
00-0036637,2022_09_TEN_KC,2022,9,0.0,0.026521679604522744,1,2021,0.0849217754171937,0.0853160797764717
00-0036741,2022_09_PHI_HOU,2022,9,0.0,0.08345622050325785,1,2021,0.1235258843390244,0.1396323778079684
00-0036754,2022_09_GB_DET,2022,9,0.0,0.10933530713296996,1,2021,0.1553472944887255,0.1441262029483652
00-0036876,2022_09_IND_NE,2022,9,0.0,0.1342352263113984,1,2021,0.1868898699446581,0.1471410746772891
00-0036970,2022_09_LAC_ATL,2022,9,0.0,0.2393971128741522,1,2021,0.2704727927749895,0.2300952287605213
00-0037005,2022_09_CAR_CIN,2022,9,1.0,0.07867081865428313,1,2021,0.1255957693249443,0.1275479714697651
00-0037168,2022_09_MIN_WAS,2022,9,0.0,-0.02101942509198229,1,2021,0.0506659467964707,0.0428203763404841
00-0037755,2022_09_IND_NE,2022,9,0.0,0.08702715881337961,1,2021,0.132711570213354,0.133468806192587
00-0037809,2022_09_TEN_KC,2022,9,0.0,0.10071911792954724,1,2021,0.1259077771584646,0.1692917022848135
00-0037838,2022_09_BAL_NO,2022,9,1.0,0.2246939022302312,1,2021,0.2453801249822143,0.2374644839368196
00-0038129,2022_09_LA_TB,2022,9,1.0,0.20791909204132278,1,2021,0.2334527732242633,0.2222438972597075
00-0024243,2022_10_DAL_GB,2022,10,0.0,0.06791164782923106,1,2021,0.113307591314775,0.1243476433053455
00-0030061,2022_10_ARI_LA,2022,10,0.0,0.18660015856197107,1,2021,0.2138324928023086,0.2092129339292316
00-0030108,2022_10_DET_CHI,2022,10,0.0,0.032998465968129456,1,2021,0.0867569261815297,0.0951117944004373
00-0030506,2022_10_JAX_KC,2022,10,1.0,0.40672631802298964,1,2021,0.3654058178986502,0.415936449231659
00-0031260,2022_10_WAS_PHI,2022,10,0.0,0.12528990056275568,1,2021,0.1666706454356808,0.1586320013604151
00-0031273,2022_10_SEA_TB,2022,10,0.0,0.17594201881858415,1,2021,0.2052240266584234,0.2009998675382889
00-0031690,2022_10_DEN_TEN,2022,10,0.0,0.0782686999925451,1,2021,0.1256423233322074,0.1267127307249367
00-0032141,2022_10_DEN_TEN,2022,10,0.0,0.06745235221463594,1,2021,0.1152536684359636,0.1207155677904969
00-0032392,2022_10_DEN_TEN,2022,10,0.0,0.25437709296203836,1,2021,0.251322383637186,0.2858504471626647
00-0033110,2022_10_ARI_LA,2022,10,0.0,0.3312678313214097,1,2021,0.3202894210766285,0.335391720926355
00-0033288,2022_10_LAC_SF,2022,10,0.0,0.24974653127908544,1,2021,0.2488938203058832,0.2804266842828197
00-0033357,2022_10_NO_PIT,2022,10,0.0,-0.0010500197516495197,1,2021,0.0614769838738857,0.0657325608129438
00-0033439,2022_10_CLE_MIA,2022,10,0.0,0.07573632333521085,1,2021,0.126859282381552,0.1201457687454552
00-0033576,2022_10_DEN_TEN,2022,10,0.0,0.09365992002568871,1,2021,0.153044984113177,0.1173916796429338
00-0033757,2022_10_DAL_GB,2022,10,0.0,0.14561431477021392,1,2021,0.1771914149268537,0.1826340960923977
00-0033879,2022_10_HOU_NYG,2022,10,0.0,0.12772690063263725,1,2021,0.1592157217083663,0.1738419262208975
00-0033881,2022_10_JAX_KC,2022,10,0.0,0.11632817421187067,1,2021,0.1547741042680165,0.1583166494701705
00-0033895,2022_10_LAC_SF,2022,10,0.0,0.15230504213607743,1,2021,0.2043443864402211,0.1570195936634809
00-0034011,2022_10_JAX_KC,2022,10,0.0,0.08161803496918474,1,2021,0.1413568967303463,0.1108881199470907
00-0034159,2022_10_SEA_TB,2022,10,0.0,0.12032832888713504,1,2021,0.1506574468008906,0.1717944026883303
00-0034351,2022_10_WAS_PHI,2022,10,1.0,0.29179413539008403,1,2021,0.2574232482641287,0.3488092453931242
00-0034364,2022_10_HOU_NYG,2022,10,0.0,0.1321234151704397,1,2021,0.1777383302800197,0.1560480941289754
00-0034383,2022_10_DAL_GB,2022,10,1.0,0.331183563468497,1,2021,0.3409877770845014,0.305946539167732
00-0034613,2022_10_HOU_NYG,2022,10,0.0,0.1296859401806411,1,2021,0.15608219795144,0.1820234665830421
00-0034798,2022_10_CLE_MIA,2022,10,0.0,-0.00999848282152016,1,2021,0.0466006726892794,0.0696583523803177
00-0034829,2022_10_CLE_MIA,2022,10,0.0,0.15684599195549015,1,2021,0.178137621623025,0.2027850496026647
00-0034981,2022_10_IND_LV,2022,10,1.0,0.21801339015748214,1,2021,0.2633484697898716,0.199261073015132
00-0035222,2022_10_NO_PIT,2022,10,0.0,0.04289729882469387,1,2021,0.0907571461008295,0.1083918022297307
00-0035229,2022_10_MIN_BUF,2022,10,0.0,0.1454780348694854,1,2021,0.1692161228043521,0.1936567623291467
00-0035345,2022_10_HOU_NYG,2022,10,0.0,0.07885904584570058,1,2021,0.1213854470123146,0.1338648550248436
00-0035547,2022_10_JAX_KC,2022,10,0.0,0.09333428376366998,1,2021,0.1316943344942322,0.1469754515198102
00-0035572,2022_10_ATL_CAR,2022,10,0.0,-0.013367831732954999,1,2021,0.0518002081103662,0.0558554726333458
00-0035644,2022_10_SEA_TB,2022,10,0.0,0.2623877912854079,1,2021,0.2396647496133148,0.3176705438782673
00-0035689,2022_10_MIN_BUF,2022,10,0.0,0.2844522905019894,1,2021,0.2821862593741985,0.299727435198823
00-0035956,2022_10_ATL_CAR,2022,10,0.0,0.1155182419426122,1,2021,0.165385195944705,0.1417544704744028
00-0036040,2022_10_NO_PIT,2022,10,1.0,0.2171221036107646,1,2021,0.233481886194306,0.2398108918441024
00-0036232,2022_10_CLE_MIA,2022,10,1.0,0.11495364737829983,1,2021,0.1549806966269731,0.1553944720543577
00-0036244,2022_10_SEA_TB,2022,10,0.0,0.10841811290007183,1,2021,0.152749217849018,0.1460470775630272
00-0036290,2022_10_DET_CHI,2022,10,2.0,0.19717310365316862,1,2021,0.2207241328949142,0.2196919554719868
00-0036422,2022_10_NO_PIT,2022,10,0.0,0.08185370969178829,1,2021,0.1325058519628532,0.1238614607974661
00-0036637,2022_10_JAX_KC,2022,10,1.0,0.10977361180956297,1,2021,0.1348253760600203,0.1739991425429909
00-0036741,2022_10_WAS_PHI,2022,10,0.0,0.046914599624591075,1,2021,0.1071433391444463,0.0928950101272561
00-0036754,2022_10_DET_CHI,2022,10,1.0,0.1514297108730246,1,2021,0.1765949609801399,0.1946045929586417
00-0036876,2022_10_IND_LV,2022,10,0.0,0.11112928418216839,1,2021,0.1630138137545878,0.1367120703426
00-0036894,2022_10_NO_PIT,2022,10,0.0,0.17334451426246836,1,2021,0.1865083624618287,0.2225088917709456
00-0036970,2022_10_ATL_CAR,2022,10,0.0,0.1969231484751426,1,2021,0.2303950123907638,0.2055313928275742
00-0037005,2022_10_ATL_CAR,2022,10,0.0,0.14076253324712146,1,2021,0.1715046688853513,0.1813967357162826
00-0037011,2022_10_LAC_SF,2022,10,0.0,0.017474052149273014,1,2021,0.0786530068650929,0.076874222482603
00-0037168,2022_10_WAS_PHI,2022,10,0.0,-0.025170565513734394,1,2021,0.0495295037799464,0.03648580669452
00-0037252,2022_10_DEN_TEN,2022,10,0.0,0.24559211134951062,1,2021,0.2585115462517483,0.2588708845837215
00-0037569,2022_10_DAL_GB,2022,10,0.0,0.09546389596885413,1,2021,0.1388765976709058,0.1408886154827928
00-0037744,2022_10_ARI_LA,2022,10,0.0,0.036137470094737806,1,2021,0.1034037539422026,0.0775658064492381
00-0037809,2022_10_DEN_TEN,2022,10,0.0,0.1357900002709256,1,2021,0.1573253699425477,0.1919435707459236
00-0038129,2022_10_SEA_TB,2022,10,0.0,0.3072280401492137,1,2021,0.3063586560150533,0.309105418764846
00-0030108,2022_11_CHI_ATL,2022,11,0.0,0.02305417831135788,1,2021,0.0684914011890061,0.1019273143107115
00-0030506,2022_11_KC_LAC,2022,11,3.0,0.502075172774984,1,2021,0.4844389324063066,0.4299604742428928
00-0031260,2022_11_WAS_HOU,2022,11,0.0,0.18049975329001375,1,2021,0.1958236812380515,0.2230197825435378
00-0032134,2022_11_NYJ_NE,2022,11,0.0,-0.027303001369341773,1,2021,0.0447775382652595,0.0391288647847603
00-0032141,2022_11_TEN_GB,2022,11,0.0,0.05719773261417535,1,2021,0.1103544166472776,0.1080267775104908
00-0032392,2022_11_TEN_GB,2022,11,2.0,0.24002896396326104,1,2021,0.2362440219761242,0.2797308820546003
00-0032725,2022_11_SF_ARI,2022,11,0.0,0.038960180720184825,1,2021,0.0906089244618237,0.101068591249865
00-0033090,2022_11_NYJ_NE,2022,11,0.0,0.2286491888769613,1,2021,0.2452131739452281,0.245268361954605
00-0033110,2022_11_LA_NO,2022,11,0.0,0.14356069527513735,1,2021,0.204591795876371,0.1399389425318467
00-0033217,2022_11_PHI_IND,2022,11,0.0,0.05717688681372024,1,2021,0.1030572110810676,0.118310950427311
00-0033246,2022_11_DAL_MIN,2022,11,0.0,0.06425092212037764,1,2021,0.1143298126023796,0.1158973177583829
00-0033288,2022_11_SF_ARI,2022,11,2.0,0.4789629387600004,1,2021,0.4198078408111642,0.4771794931178009
00-0033357,2022_11_LA_NO,2022,11,0.0,0.05731127756717522,1,2021,0.1302298392973429,0.0801243551464084
00-0033439,2022_11_CLE_BUF,2022,11,0.0,0.07363589909381152,1,2021,0.107460689923236,0.1435720642444563
00-0033576,2022_11_LV_DEN,2022,11,0.0,0.10305736257881865,1,2021,0.1486825526641762,0.1415438198528383
00-0033757,2022_11_TEN_GB,2022,11,0.0,0.17097310437513583,1,2021,0.2249109416833039,0.1636398415038357
00-0033858,2022_11_NYJ_NE,2022,11,0.0,0.1095760943006232,1,2021,0.1553449357665586,0.1445902397550499
00-0033879,2022_11_WAS_HOU,2022,11,0.0,0.08798924335395067,1,2021,0.1181611705218306,0.1558954164104431
00-0033885,2022_11_CLE_BUF,2022,11,0.0,0.16495965662632242,1,2021,0.2076839976492455,0.1765068834651153
00-0034270,2022_11_NYJ_NE,2022,11,0.0,0.17108608222537067,1,2021,0.2200035272220237,0.1707989931830406
00-0034364,2022_11_WAS_HOU,2022,11,0.0,0.13495690998249274,1,2021,0.1936281737326959,0.138988551545183
00-0034365,2022_11_CAR_BAL,2022,11,0.0,0.028131045102211358,1,2021,0.0823678611140389,0.0920085572997478
00-0034383,2022_11_DAL_MIN,2022,11,0.0,0.29212121659360046,1,2021,0.3051704450460428,0.2818825085038265
00-0034753,2022_11_CAR_BAL,2022,11,0.0,0.24040846368725075,1,2021,0.2517906689833501,0.2584616472417599
00-0034830,2022_11_CIN_PIT,2022,11,0.0,0.17176353054205337,1,2021,0.1838733346940875,0.2232120118345541
00-0034981,2022_11_LV_DEN,2022,11,0.0,0.22344392387440806,1,2021,0.2583736473126198,0.2166897084395634
00-0035222,2022_11_CIN_PIT,2022,11,0.0,0.06463598988100805,1,2021,0.1001904482217851,0.1366383867993066
00-0035229,2022_11_DAL_MIN,2022,11,0.0,0.19651707863263077,1,2021,0.2201948750188684,0.2191855703507036
00-0035249,2022_11_CAR_BAL,2022,11,0.0,0.07189778776013384,1,2021,0.1145814825491459,0.1301720552198895
00-0035547,2022_11_KC_LAC,2022,11,0.0,0.0901616773904399,1,2021,0.1402580352542745,0.1287893928834522
00-0035562,2022_11_LV_DEN,2022,11,0.0,0.02659457743524417,1,2021,0.0926097114660998,0.074578694428521
00-0035689,2022_11_CLE_BUF,2022,11,0.0,0.316701810006628,1,2021,0.309365958981573,0.3229769256630586
00-0036040,2022_11_LA_NO,2022,11,1.0,0.16335237763010896,1,2021,0.1691668753335112,0.2279255368324353
00-0036145,2022_11_DET_NYG,2022,11,0.0,0.0959012689854741,1,2021,0.1371576011272722,0.1441574736492394
00-0036232,2022_11_CLE_BUF,2022,11,0.0,0.13242530889300047,1,2021,0.161211109078236,0.1800083560326849
00-0036290,2022_11_CHI_ATL,2022,11,0.0,0.2229243088510656,1,2021,0.2411016232652904,0.2401319162680879
00-0036422,2022_11_LA_NO,2022,11,0.0,0.04614222139578383,1,2021,0.095636650874892,0.1076968303665819
00-0036628,2022_11_WAS_HOU,2022,11,0.0,0.07622574294974555,1,2021,0.1213707678494534,0.1288473070285159
00-0036637,2022_11_KC_LAC,2022,11,0.0,0.11347057583513567,1,2021,0.1562209093283505,0.1508022533834837
00-0036741,2022_11_PHI_IND,2022,11,0.0,0.06669353153923938,1,2021,0.1233767437205951,0.1077712166152391
00-0036754,2022_11_DET_NYG,2022,11,0.0,0.11513513374263148,1,2021,0.1566443292063992,0.1533880103902588
00-0036876,2022_11_PHI_IND,2022,11,0.0,0.1152011200647364,1,2021,0.1530322745546262,0.1586245829736422
00-0036894,2022_11_CIN_PIT,2022,11,0.0,0.17824965975975668,1,2021,0.1968061571787505,0.2173246605230691
00-0036970,2022_11_CHI_ATL,2022,11,0.0,0.19611521569071924,1,2021,0.2281827891050888,0.2071154143152161
00-0037005,2022_11_CAR_BAL,2022,11,0.0,0.004106029284591167,1,2021,0.0675173146021858,0.0670518280496118
00-0037078,2022_11_WAS_HOU,2022,11,0.0,0.08400629620923539,1,2021,0.1244621489113153,0.1393602179478475
00-0037252,2022_11_LV_DEN,2022,11,0.0,0.27048819233231536,1,2021,0.2709231381414648,0.2889448519020798
00-0037569,2022_11_DAL_MIN,2022,11,0.0,0.10875392262455799,1,2021,0.1437924164624912,0.1593616314239968
00-0037744,2022_11_SF_ARI,2022,11,0.0,0.09579398796707242,1,2021,0.132882794137343,0.1500001920371243
00-0037809,2022_11_TEN_GB,2022,11,0.0,0.10799596882361753,1,2021,0.1336226349736017,0.1722995996372167
00-0037838,2022_11_CAR_BAL,2022,11,0.0,0.19557900498366035,1,2021,0.2236527448340546,0.2124985673523285
00-0038041,2022_11_DAL_MIN,2022,11,0.0,0.09892645977619152,1,2021,0.133715965989794,0.1548148030565052
00-0030506,2022_12_LA_KC,2022,12,1.0,0.3859634129060685,1,2021,0.3731422496457235,0.3652651714314153
00-0031260,2022_12_ATL_WAS,2022,12,0.0,0.1681962480113114,1,2021,0.190439379121612,0.2070970928806435
00-0031273,2022_12_TB_CLE,2022,12,0.0,0.15522974460958533,1,2021,0.1665073278074729,0.216147166057861
00-0031585,2022_12_ATL_WAS,2022,12,1.0,0.05406550350193279,1,2021,0.1059981454985385,0.1081970976751826
00-0032134,2022_12_CHI_NYJ,2022,12,0.0,0.038993162004921825,1,2021,0.0840674731543468,0.1103865137777653
00-0032141,2022_12_CIN_TEN,2022,12,0.0,0.08793106040845788,1,2021,0.1231039745648464,0.1487910351493615
00-0032392,2022_12_CIN_TEN,2022,12,0.0,0.21917048853939983,1,2021,0.208372339758425,0.2792549665421161
00-0033090,2022_12_NE_MIN,2022,12,1.0,0.20737496626354293,1,2021,0.2072700975813408,0.2582459628303524
00-0033217,2022_12_PIT_IND,2022,12,0.0,0.08043156007151317,1,2021,0.1149315680705688,0.1460044791769955
00-0033246,2022_12_NE_MIN,2022,12,0.0,0.07810870680060836,1,2021,0.1302398823006418,0.1199020065937054
00-0033288,2022_12_NO_SF,2022,12,0.0,0.27630925101996173,1,2021,0.2782178317804419,0.2897618189037689
00-0033357,2022_12_NO_SF,2022,12,0.0,0.0829280830562133,1,2021,0.1459839954519746,0.1068482428876159
00-0033757,2022_12_GB_PHI,2022,12,0.0,0.1673782968422068,1,2021,0.1888201664279899,0.2078229571058879
00-0033879,2022_12_HOU_MIA,2022,12,0.0,0.08427440414379714,1,2021,0.1259891951396444,0.1377127317372537
00-0033881,2022_12_BAL_JAX,2022,12,0.0,0.13114927173295934,1,2021,0.1640838578656953,0.1735025520874258
00-0033885,2022_12_TB_CLE,2022,12,1.0,0.1472206660655969,1,2021,0.1659295691143425,0.2016407532852088
00-0033895,2022_12_LAC_ARI,2022,12,0.0,0.3123496149867402,1,2021,0.2935852269066293,0.3369763586545727
00-0034159,2022_12_LV_SEA,2022,12,0.0,0.10146205763720148,1,2021,0.1329768192361701,0.1607119212565307
00-0034270,2022_12_CHI_NYJ,2022,12,0.0,0.1698823781703638,1,2021,0.2232676779446594,0.1638778307541615
00-0034364,2022_12_HOU_MIA,2022,12,1.0,0.16668901380544746,1,2021,0.2204881882200776,0.1617003563626049
00-0034365,2022_12_DEN_CAR,2022,12,0.0,0.1370641921230209,1,2021,0.1520695118062666,0.2018174576515021
00-0034383,2022_12_NYG_DAL,2022,12,2.0,0.2895292576505766,1,2021,0.2935419133297396,0.2933752964329605
00-0034613,2022_12_NYG_DAL,2022,12,0.0,0.09074267271302508,1,2021,0.1526102025485163,0.1124252181000404
00-0034753,2022_12_BAL_JAX,2022,12,0.0,0.31381965133684775,1,2021,0.3058293930697899,0.322465991576025
00-0034798,2022_12_HOU_MIA,2022,12,1.0,0.03895602785952394,1,2021,0.0787924494346677,0.1177785472855665
00-0034829,2022_12_HOU_MIA,2022,12,0.0,0.16371468042399578,1,2021,0.20211217074756,0.1820078606567372
00-0034830,2022_12_CIN_TEN,2022,12,0.0,0.1991114675880629,1,2021,0.2195468366946865,0.2250662741017872
00-0034981,2022_12_LV_SEA,2022,12,1.0,0.27737347250199007,1,2021,0.2815845868875046,0.2870347292774856
00-0035222,2022_12_PIT_IND,2022,12,0.0,0.059663728794067755,1,2021,0.1002436400860208,0.1270496708170011
00-0035229,2022_12_NE_MIN,2022,12,1.0,0.19094760416351117,1,2021,0.202497386931495,0.2335677932027038
00-0035249,2022_12_BAL_JAX,2022,12,1.0,0.12355048651495512,1,2021,0.1506615392743868,0.1779535883816941
00-0035345,2022_12_NYG_DAL,2022,12,0.0,0.03609417359948479,1,2021,0.0971206593982646,0.086372264072808
00-0035547,2022_12_LA_KC,2022,12,0.0,0.07670412572536373,1,2021,0.1343980305188807,0.1113316807298791
00-0035562,2022_12_LV_SEA,2022,12,0.0,0.0018790836112973358,1,2021,0.0737792805397392,0.0539315935911409
00-0035572,2022_12_ATL_WAS,2022,12,0.0,0.050795103143774806,1,2021,0.1059921292891171,0.1019483305375865
00-0035644,2022_12_LV_SEA,2022,12,0.0,0.21782111283080455,1,2021,0.2117466850977387,0.2718991866614531
00-0035689,2022_12_BUF_DET,2022,12,0.0,0.471032767091509,1,2021,0.4354289859795213,0.4399059088322582
00-0036040,2022_12_NO_SF,2022,12,0.0,0.18507897963540496,1,2021,0.1876462574804769,0.2433506334045591
00-0036145,2022_12_NYG_DAL,2022,12,0.0,0.07535662822110517,1,2021,0.1217742258581304,0.126613613232555
00-0036232,2022_12_TB_CLE,2022,12,0.0,0.12208151068531797,1,2021,0.1670041180728133,0.1520215718238576
00-0036250,2022_12_GB_PHI,2022,12,0.0,0.010350340684310844,1,2021,0.0719521648505234,0.072724702312988
00-0036290,2022_12_CHI_NYJ,2022,12,0.0,0.2008910874132426,1,2021,0.2387052430011391,0.2013659957802738
00-0036422,2022_12_NO_SF,2022,12,0.0,0.058574562334864855,1,2021,0.1029883890025106,0.1210825015385228
00-0036429,2022_12_NO_SF,2022,12,0.0,-0.039344314346500264,1,2021,0.0240004424739336,0.0454854924918475
00-0036590,2022_12_BUF_DET,2022,12,0.0,0.11780100223851972,1,2021,0.1662580267645727,0.1448872134318446
00-0036628,2022_12_ATL_WAS,2022,12,1.0,0.08278589753743157,1,2021,0.1210666483925304,0.1418291616077388
00-0036637,2022_12_LA_KC,2022,12,0.0,0.0269921088214701,1,2021,0.090842438592868,0.0778396244959898
00-0036754,2022_12_BUF_DET,2022,12,0.0,0.1399949807886307,1,2021,0.1773467383471731,0.1716628359011471
00-0036894,2022_12_PIT_IND,2022,12,0.0,0.19322446102160298,1,2021,0.2208250068885863,0.2119942750300828
00-0037005,2022_12_DEN_CAR,2022,12,0.0,0.12007402841165007,1,2021,0.1382271959858256,0.1888941171583163
00-0037011,2022_12_LAC_ARI,2022,12,0.0,0.13167901549373176,1,2021,0.1716984511517136,0.1637430181568594
00-0037078,2022_12_ATL_WAS,2022,12,0.0,0.09735713094985027,1,2021,0.1387810490832733,0.1446461363765668
00-0037252,2022_12_DEN_CAR,2022,12,0.0,0.28934514182203663,1,2021,0.3144138953717382,0.2634934294552583
00-0037277,2022_12_HOU_MIA,2022,12,0.0,0.03462683549391066,1,2021,0.0835396293904852,0.1027791833551725
00-0037569,2022_12_NYG_DAL,2022,12,0.0,-0.007552844341815218,1,2021,0.0596836164903285,0.0558279121157569
00-0037744,2022_12_LAC_ARI,2022,12,0.0,0.11707902652699761,1,2021,0.150693288362724,0.1655267822834523
00-0037755,2022_12_PIT_IND,2022,12,0.0,0.11448996024722932,1,2021,0.1536277148390883,0.1564214896061061
00-0037809,2022_12_CIN_TEN,2022,12,0.0,0.13244059735564645,1,2021,0.1545619219552403,0.1894448509679475
00-0038041,2022_12_NYG_DAL,2022,12,0.0,0.07744019274300545,1,2021,0.1216857958760901,0.1307252215332646
00-0038129,2022_12_TB_CLE,2022,12,0.0,0.1522947682048546,1,2021,0.1892618999644454,0.1783385781831733
00-0024243,2022_13_GB_CHI,2022,13,0.0,0.08037504212570665,1,2021,0.1232827194210455,0.134081167396455
00-0030506,2022_13_KC_CIN,2022,13,0.0,0.47143817462714566,1,2021,0.4464880123942002,0.425035311321395
00-0031260,2022_13_WAS_NYG,2022,13,0.0,0.16401872189246447,1,2021,0.1940940858994254,0.1939335396873873
00-0031484,2022_13_JAX_DET,2022,13,0.0,0.09732667337168321,1,2021,0.129051666360512,0.1583529535538755
00-0031585,2022_13_PIT_ATL,2022,13,1.0,0.052327209884814846,1,2021,0.1121928238642374,0.0961070026475092
00-0032134,2022_13_NYJ_MIN,2022,13,0.0,0.07075903171577938,1,2021,0.1138526805257133,0.1290243718705392
00-0032141,2022_13_TEN_PHI,2022,13,0.0,0.04419555740541942,1,2021,0.0989343588729844,0.0993066810320589
00-0032214,2022_13_MIA_SF,2022,13,0.0,0.1144860116402856,1,2021,0.1387379694060634,0.1774798871525581
00-0032392,2022_13_TEN_PHI,2022,13,0.0,0.23625992864698084,1,2021,0.2255280404275823,0.2876804895605321
00-0033090,2022_13_BUF_NE,2022,13,0.0,0.16208270891801277,1,2021,0.1847237033685768,0.2034865329592583
00-0033110,2022_13_SEA_LA,2022,13,0.0,0.182525639766602,1,2021,0.2056900962103239,0.2129369601241054
00-0033217,2022_13_IND_DAL,2022,13,0.0,0.01348976405291151,1,2021,0.0855065764533343,0.0595546545445881
00-0033246,2022_13_NYJ_MIN,2022,13,0.0,0.08519699803092917,1,2021,0.1352051623837277,0.1264392230892209
00-0033288,2022_13_MIA_SF,2022,13,0.0,0.35856683843204074,1,2021,0.3483516978846884,0.3479206962621849
00-0033357,2022_13_NO_TB,2022,13,1.0,0.09736557678338545,1,2021,0.151838651488508,0.1261884520509678
00-0033439,2022_13_CLE_HOU,2022,13,0.0,0.11399969290608003,1,2021,0.1383727872019304,0.1770660685961869
00-0033455,2022_13_PIT_ATL,2022,13,0.0,0.07157083723540683,1,2021,0.1244623313335664,0.1155671131525301
00-0033576,2022_13_DEN_BAL,2022,13,0.0,-0.0469703594981635,1,2021,0.0272075440683697,0.0263571348300288
00-0033757,2022_13_GB_CHI,2022,13,0.0,0.19514288121089454,1,2021,0.2107783681906163,0.2298787455436532
00-0033858,2022_13_BUF_NE,2022,13,0.0,0.050433073172104215,1,2021,0.1040753430678003,0.1039675176747011
00-0033881,2022_13_JAX_DET,2022,13,1.0,0.19528025243849664,1,2021,0.2071857320210234,0.2352244261523428
00-0033895,2022_13_LAC_LV,2022,13,0.0,0.12188049132913509,1,2021,0.1890370604129742,0.1204648412151309
00-0034011,2022_13_JAX_DET,2022,13,0.0,0.0012837298438830858,1,2021,0.0727430894729924,0.0542584982396676
00-0034159,2022_13_SEA_LA,2022,13,0.0,0.11392729736410506,1,2021,0.1503003246310161,0.1600525213472774
00-0034270,2022_13_NYJ_MIN,2022,13,0.0,0.16331103549470846,1,2021,0.2089565506176451,0.171552162780259
00-0034364,2022_13_CLE_HOU,2022,13,0.0,0.1456108366410513,1,2021,0.1868010941828178,0.1690317054869348
00-0034383,2022_13_IND_DAL,2022,13,0.0,0.3108007757917527,1,2021,0.3101070157506008,0.3106379933288861
00-0034753,2022_13_DEN_BAL,2022,13,0.0,0.3192503352945425,1,2021,0.3175976877029452,0.3162068191586933
00-0034798,2022_13_MIA_SF,2022,13,0.0,0.03892809299458648,1,2021,0.0872310397026159,0.1057862154729062
00-0034829,2022_13_MIA_SF,2022,13,0.0,0.1340246526296551,1,2021,0.1722240119859027,0.1674873799826832
00-0034830,2022_13_KC_CIN,2022,13,0.0,0.2600580120005096,1,2021,0.2525392392384746,0.2949981850484958
00-0034981,2022_13_LAC_LV,2022,13,0.0,0.2846688298259944,1,2021,0.2930270156440008,0.2848042826075633
00-0035222,2022_13_PIT_ATL,2022,13,0.0,0.08716041279294268,1,2021,0.128253642498252,0.1400308202699889
00-0035229,2022_13_NYJ_MIN,2022,13,0.0,0.1454594561664333,1,2021,0.1737478320570966,0.1872097713990166
00-0035345,2022_13_WAS_NYG,2022,13,0.0,-0.02178540911769168,1,2021,0.0554016693493774,0.0346547326117078
00-0035547,2022_13_KC_CIN,2022,13,0.0,0.12520436987424216,1,2021,0.1645911056093178,0.1614104795737839
00-0035572,2022_13_PIT_ATL,2022,13,0.0,0.07220786636510376,1,2021,0.1166681543265799,0.1278131157787983
00-0035624,2022_13_GB_CHI,2022,13,0.0,0.10842968911871864,1,2021,0.1337629122775049,0.1729309758044548
00-0035644,2022_13_SEA_LA,2022,13,1.0,0.21622648558671306,1,2021,0.230422465965013,0.2424257554334638
00-0035689,2022_13_BUF_NE,2022,13,0.0,0.2895586370505566,1,2021,0.2985886131563742,0.2862914574520419
00-0035771,2022_13_KC_CIN,2022,13,0.0,0.06495217559203076,1,2021,0.1223637356753134,0.1058726683932805
00-0036232,2022_13_CLE_HOU,2022,13,0.0,0.18497573583063545,1,2021,0.2152722373492978,0.2040679702267867
00-0036244,2022_13_SEA_LA,2022,13,0.0,0.09706543488881805,1,2021,0.1458532241898981,0.134082347225407
00-0036290,2022_13_GB_CHI,2022,13,0.0,0.21453274061052244,1,2021,0.2379464440826367,0.2285402076316348
00-0036332,2022_13_GB_CHI,2022,13,0.0,0.11518994749722716,1,2021,0.1493360014162688,0.1638326789170866
00-0036422,2022_13_NO_TB,2022,13,0.0,0.06326445629946104,1,2021,0.109249672133367,0.1211972685856457
00-0036556,2022_13_CLE_HOU,2022,13,0.0,0.08291385071817078,1,2021,0.1202939782084076,0.1431671459772503
00-0036637,2022_13_KC_CIN,2022,13,0.0,0.10556817658677137,1,2021,0.1556507393527058,0.1364892143323817
00-0036741,2022_13_TEN_PHI,2022,13,0.0,0.09442893863011226,1,2021,0.1257031446350953,0.1575461734999088
00-0036754,2022_13_JAX_DET,2022,13,0.0,0.0987465905997971,1,2021,0.1370417813498146,0.1497653078555854
00-0036825,2022_13_PIT_ATL,2022,13,0.0,0.028174247165671656,1,2021,0.0865140238626072,0.0862252415789284
00-0036876,2022_13_IND_DAL,2022,13,0.0,0.06901268928467091,1,2021,0.1248700493884174,0.1100957537161642
00-0036894,2022_13_PIT_ATL,2022,13,0.0,0.18187600426730102,1,2021,0.2145507378572455,0.199158007728298
00-0037011,2022_13_LAC_LV,2022,13,0.0,0.08958996672016192,1,2021,0.140246573789904,0.1277117506739011
00-0037078,2022_13_WAS_NYG,2022,13,0.0,-0.021110049540789363,1,2021,0.0497521949903179,0.0439397563876747
00-0037252,2022_13_DEN_BAL,2022,13,0.0,0.22505995657359598,1,2021,0.2472323694782328,0.2355443100324352
00-0037277,2022_13_CLE_HOU,2022,13,0.0,0.06909173871214344,1,2021,0.1034980851905015,0.1404839692067474
00-0037569,2022_13_IND_DAL,2022,13,0.0,-0.01340345847044,1,2021,0.0588540295123759,0.0458075893771674
00-0037755,2022_13_IND_DAL,2022,13,0.0,0.17604594530690457,1,2021,0.212357948108889,0.1911056671720215
00-0037809,2022_13_TEN_PHI,2022,13,0.0,0.10587325523591645,1,2021,0.1399040443112489,0.1593512846793344
00-0037838,2022_13_DEN_BAL,2022,13,0.0,0.17952804070891812,1,2021,0.2149830940793608,0.1940539375127788
00-0038041,2022_13_IND_DAL,2022,13,0.0,0.06243867549165122,1,2021,0.1101498480865447,0.1183437313033766
00-0038115,2022_13_WAS_NYG,2022,13,0.0,0.13975193784817624,1,2021,0.1803130808195266,0.1670010507230551
00-0038129,2022_13_NO_TB,2022,13,1.0,0.14259082203588355,1,2021,0.1876718186435932,0.162021593879921
00-0030506,2022_14_KC_DEN,2022,14,0.0,0.49572325184352595,1,2021,0.4860547284547009,0.4155212796995718
00-0031273,2022_14_TB_SF,2022,14,0.0,0.10616843802030582,1,2021,0.1394207754435734,0.1605997867382863
00-0031484,2022_14_JAX_TEN,2022,14,0.0,0.08127729585966736,1,2021,0.1195343422254818,0.1411106445951235
00-0031690,2022_14_KC_DEN,2022,14,0.0,0.06025752037170784,1,2021,0.115249370410636,0.1069557288037077
00-0032134,2022_14_NYJ_BUF,2022,14,0.0,0.039949501299613874,1,2021,0.0867082922739508,0.1084800637812095
00-0032141,2022_14_JAX_TEN,2022,14,0.0,-0.02492273693242008,1,2021,0.0411335175393142,0.0488385866153915
00-0032214,2022_14_TB_SF,2022,14,0.0,-0.022489426391784584,1,2021,0.0400098452655232,0.0550840229742523
00-0032392,2022_14_JAX_TEN,2022,14,0.0,0.20744386436727383,1,2021,0.2199445695503737,0.2404459936498567
00-0032394,2022_14_PHI_NYG,2022,14,0.0,0.051599587887985715,1,2021,0.0886888349166416,0.1279681884256704
00-0032725,2022_14_NE_ARI,2022,14,0.0,0.04034651257975508,1,2021,0.0854623934201712,0.1110023608433065
00-0033090,2022_14_NE_ARI,2022,14,0.0,0.33818550785092905,1,2021,0.3338380425307797,0.3294588220430934
00-0033110,2022_14_LV_LA,2022,14,0.0,0.15824595344267206,1,2021,0.2130750746091963,0.156034236148675
00-0033288,2022_14_TB_SF,2022,14,0.0,0.3088573848756757,1,2021,0.290698734223154,0.334378449794332
00-0033576,2022_14_KC_DEN,2022,14,0.0,0.03889141846354027,1,2021,0.0935296095491248,0.0968048543542848
00-0033858,2022_14_NE_ARI,2022,14,0.0,0.11664290971975258,1,2021,0.1587013025337333,0.1533626505788784
00-0033881,2022_14_JAX_TEN,2022,14,2.0,0.12655266490663866,1,2021,0.1765695248307447,0.1470431617320912
00-0033885,2022_14_CLE_CIN,2022,14,1.0,0.18449501736786425,1,2021,0.2193122342972629,0.1974324368153078
00-0033895,2022_14_MIA_LAC,2022,14,0.0,0.20620208986801827,1,2021,0.2411585311902531,0.20805666990298
00-0034011,2022_14_JAX_TEN,2022,14,0.0,0.08296273914397104,1,2021,0.1288990351730051,0.131086284261451
00-0034159,2022_14_CAR_SEA,2022,14,0.0,0.09286206460360219,1,2021,0.1283753509127043,0.1507676361786351
00-0034270,2022_14_NYJ_BUF,2022,14,0.0,0.13474803133908775,1,2021,0.184761597852173,0.1511332988281772
00-0034364,2022_14_HOU_DAL,2022,14,0.0,0.14252828980279472,1,2021,0.1814322678939886,0.1707296420512996
00-0034365,2022_14_CAR_SEA,2022,14,0.0,0.10788124900702317,1,2021,0.1587243988205822,0.1365662300878163
00-0034383,2022_14_HOU_DAL,2022,14,0.0,0.31018898899739955,1,2021,0.3243906655538371,0.289259006806204
00-0034753,2022_14_BAL_PIT,2022,14,0.0,0.3595028939462259,1,2021,0.3542322288390592,0.3413919057925111
00-0034829,2022_14_MIA_LAC,2022,14,0.0,0.15264756327673873,1,2021,0.1914376550223957,0.1759353337735961
00-0034981,2022_14_LV_LA,2022,14,0.0,0.3290781710907128,1,2021,0.3156783226231953,0.3377259930812287
00-0035222,2022_14_BAL_PIT,2022,14,0.0,0.05183800989091225,1,2021,0.0816915850531021,0.1383240440306295
00-0035229,2022_14_MIN_DET,2022,14,0.0,0.28206952126123863,1,2021,0.2721923912042537,0.3093077517177838
00-0035345,2022_14_PHI_NYG,2022,14,0.0,-0.020707130228220565,1,2021,0.0515440949352754,0.0421754917051945
00-0035644,2022_14_CAR_SEA,2022,14,0.0,0.22107425214774215,1,2021,0.2323513876605216,0.2489719888503573
00-0035689,2022_14_NYJ_BUF,2022,14,1.0,0.25769454164358396,1,2021,0.2558376420450416,0.2858095742969249
00-0035771,2022_14_CLE_CIN,2022,14,0.0,0.10985206881748316,1,2021,0.1457958508995988,0.1586282708191174
00-0036232,2022_14_CLE_CIN,2022,14,0.0,0.07924317226321101,1,2021,0.1264919230046855,0.1273751848009168
00-0036244,2022_14_CAR_SEA,2022,14,0.0,0.05303316224452573,1,2021,0.0907204010476301,0.1278368041581143
00-0036424,2022_14_LV_LA,2022,14,0.0,0.0559217738636065,1,2021,0.1107998455393239,0.1049552860918933
00-0036429,2022_14_TB_SF,2022,14,0.0,-0.034750049133638286,1,2021,0.0275971711820944,0.0491870933777694
00-0036637,2022_14_KC_DEN,2022,14,0.0,0.08981496008026227,1,2021,0.1268866358613524,0.1470438188600632
00-0036741,2022_14_PHI_NYG,2022,14,0.0,0.117542726355254,1,2021,0.1580703698331566,0.1559769168249682
00-0036754,2022_14_MIN_DET,2022,14,0.0,0.09216512822359729,1,2021,0.1341683555552716,0.1412382632886357
00-0036894,2022_14_BAL_PIT,2022,14,1.0,0.17430820746687561,1,2021,0.2044678605648284,0.1989437061404518
00-0037005,2022_14_CAR_SEA,2022,14,0.0,0.10844401433010539,1,2021,0.1409861467644845,0.1627389809888419
00-0037011,2022_14_MIA_LAC,2022,14,0.0,0.05749253888350539,1,2021,0.1086141929086797,0.111052893917972
00-0037086,2022_14_PHI_NYG,2022,14,0.0,0.09452892343618255,1,2021,0.1277845094263216,0.1547927684931847
00-0037252,2022_14_KC_DEN,2022,14,0.0,0.2770128990087737,1,2021,0.3053470795856429,0.2527257617256094
00-0037744,2022_14_NE_ARI,2022,14,0.0,0.08634857932326825,1,2021,0.114905491529769,0.1573624446141918
00-0037809,2022_14_JAX_TEN,2022,14,1.0,0.13983878430551797,1,2021,0.1571538085278939,0.1999328606842628
00-0038115,2022_14_PHI_NYG,2022,14,0.0,0.20662878243000896,1,2021,0.2245197743407783,0.2324135104490723
00-0038129,2022_14_TB_SF,2022,14,0.0,0.22342654709212564,1,2021,0.2527552487988938,0.2246053491310366
00-0024243,2022_15_LA_GB,2022,15,0.0,0.05204346773585339,1,2021,0.0976983510525569,0.1160708392135028
00-0030108,2022_15_PHI_CHI,2022,15,0.0,0.04845015232589833,1,2021,0.0984193414410492,0.1081756705160578
00-0030506,2022_15_KC_HOU,2022,15,0.0,0.605010812502676,1,2021,0.581500147675434,0.4895861010119446
00-0031260,2022_15_NYG_WAS,2022,15,0.0,0.14317278948004122,1,2021,0.18783241219524,0.1629078689612552
00-0031273,2022_15_CIN_TB,2022,15,0.0,0.1441968702153742,1,2021,0.1797283219177094,0.1763328840684191
00-0031585,2022_15_ATL_NO,2022,15,0.0,0.04241315284264535,1,2021,0.0914928176494409,0.1064246573165662
00-0031610,2022_15_NE_LV,2022,15,1.0,0.16630270585492957,1,2021,0.1970837305465466,0.1940737641355347
00-0031690,2022_15_ARI_DEN,2022,15,1.0,0.09979689846733417,1,2021,0.1349381342686406,0.1547511004119035
00-0032134,2022_15_DET_NYJ,2022,15,2.0,0.0581580242150771,1,2021,0.1015342632049144,0.1223428277499136
00-0032214,2022_15_SF_SEA,2022,15,0.0,0.10947067060167259,1,2021,0.139563711714683,0.1667157447240463
00-0032392,2022_15_TEN_LAC,2022,15,0.0,0.21334087197834736,1,2021,0.224280186452888,0.2455947641967647
00-0032394,2022_15_NYG_WAS,2022,15,0.0,0.02456559085411765,1,2021,0.0844729307870253,0.0822085056988427
00-0033090,2022_15_NE_LV,2022,15,0.0,0.22541546887944566,1,2021,0.2322124162218316,0.2574746840531058
00-0033110,2022_15_LA_GB,2022,15,1.0,0.15626200219212558,1,2021,0.2088422333501197,0.1582269358994179
00-0033217,2022_15_IND_MIN,2022,15,0.0,0.0434741678428735,1,2021,0.1054647284277157,0.0886873007682594
00-0033246,2022_15_IND_MIN,2022,15,0.0,0.04921079629023162,1,2021,0.1007500758254698,0.1063335019833615
00-0033288,2022_15_SF_SEA,2022,15,2.0,0.3079309853114618,1,2021,0.2946311279129739,0.3270424284153615
00-0033357,2022_15_ATL_NO,2022,15,0.0,0.05337581547320086,1,2021,0.1254088443529072,0.0794153336550864
00-0033455,2022_15_ATL_NO,2022,15,0.0,0.06917282241788633,1,2021,0.1290958777771121,0.1044234523621739
00-0033576,2022_15_ARI_DEN,2022,15,0.0,0.08823088564072726,1,2021,0.1353449371367173,0.1320462277519569
00-0033757,2022_15_LA_GB,2022,15,0.0,0.1487869596987284,1,2021,0.160997256288476,0.211615769864719
00-0033858,2022_15_NE_LV,2022,15,0.0,0.05453759858612181,1,2021,0.1153811263636964,0.095825356453947
00-0033881,2022_15_DAL_JAX,2022,15,0.0,0.14468370328530336,1,2021,0.1898757157231692,0.1629078527550814
00-0033885,2022_15_BAL_CLE,2022,15,0.0,0.21205940254826597,1,2021,0.2388700131845518,0.2225012915176776
00-0033895,2022_15_TEN_LAC,2022,15,0.0,0.2185527022565589,1,2021,0.2632063134921826,0.2004940646190001
00-0034159,2022_15_SF_SEA,2022,15,0.0,0.06751174825210263,1,2021,0.1157704530322708,0.120098065840291
00-0034270,2022_15_DET_NYJ,2022,15,0.0,0.18105165777797708,1,2021,0.2277807793165333,0.1788629702037517
00-0034364,2022_15_KC_HOU,2022,15,1.0,0.15454748537677523,1,2021,0.2044335656558857,0.1611839048935216
00-0034383,2022_15_DAL_JAX,2022,15,0.0,0.366027510979984,1,2021,0.3571503666429091,0.3497469294137162
00-0034753,2022_15_BAL_CLE,2022,15,0.0,0.35626725177184326,1,2021,0.3438481189640471,0.3498925272392579
00-0034798,2022_15_MIA_BUF,2022,15,0.0,0.021219233918409575,1,2021,0.0654905435789582,0.1026621043250582
00-0034829,2022_15_MIA_BUF,2022,15,0.0,0.09980728426058935,1,2021,0.1392421350648303,0.1486816884619881
00-0034981,2022_15_NE_LV,2022,15,0.0,0.2229823347323208,1,2021,0.2344163322027351,0.2497012607014661
00-0035222,2022_15_PIT_CAR,2022,15,0.0,0.07302607150214435,1,2021,0.0966735957030331,0.157666814912904
00-0035229,2022_15_IND_MIN,2022,15,0.0,0.18515597122889646,1,2021,0.2024642704235214,0.2225334763327665
00-0035249,2022_15_BAL_CLE,2022,15,0.0,0.12453686214427653,1,2021,0.1529049215691628,0.1766668991391483
00-0035547,2022_15_KC_HOU,2022,15,0.0,0.1272335450609944,1,2021,0.1571493708564224,0.1758214506533132
00-0035572,2022_15_ATL_NO,2022,15,0.0,-0.002757011978441304,1,2021,0.065842721738376,0.0562899326697765
00-0035644,2022_15_SF_SEA,2022,15,1.0,0.14609514805393395,1,2021,0.1815397351213961,0.1774020915598836
00-0035689,2022_15_MIA_BUF,2022,15,1.0,0.3384597233765928,1,2021,0.3353365965435488,0.3278633322002616
00-0035771,2022_15_CIN_TB,2022,15,1.0,0.12240858257145384,1,2021,0.1740624536195845,0.1426612556725404
00-0036040,2022_15_ATL_NO,2022,15,2.0,0.17335070929576116,1,2021,0.2011691343640199,0.2017787431650633
00-0036232,2022_15_BAL_CLE,2022,15,0.0,0.0665737567453232,1,2021,0.1202831703263327,0.1119188259998599
00-0036244,2022_15_SF_SEA,2022,15,0.0,0.031341644881158204,1,2021,0.0798029747977402,0.1017802102276528
00-0036250,2022_15_LA_GB,2022,15,0.0,-0.034543387680507236,1,2021,0.0304758415564682,0.0455097687537748
00-0036290,2022_15_PHI_CHI,2022,15,0.0,0.26237688794037073,1,2021,0.2873032783277229,0.2502508820434101
00-0036422,2022_15_ATL_NO,2022,15,0.0,0.09476112570424872,1,2021,0.1246319478117819,0.1596972742399215
00-0036556,2022_15_KC_HOU,2022,15,0.0,0.0749375611012312,1,2021,0.1135446376439658,0.1374549978903951
00-0036590,2022_15_MIA_BUF,2022,15,1.0,0.06997693102263366,1,2021,0.1279358592388991,0.1076031483263645
00-0036637,2022_15_KC_HOU,2022,15,0.0,0.09650061127602114,1,2021,0.1473533977724228,0.1308792268345921
00-0036741,2022_15_PHI_CHI,2022,15,0.0,0.10975463451309919,1,2021,0.1429431901169205,0.1624777822097083
00-0036754,2022_15_DET_NYJ,2022,15,1.0,0.07889032884833874,1,2021,0.1243354736667596,0.1297510230598532
00-0036825,2022_15_ATL_NO,2022,15,0.0,0.030260246413988223,1,2021,0.0721727752843037,0.1105063391525307
00-0036876,2022_15_IND_MIN,2022,15,0.0,0.12492395228621789,1,2021,0.1724938570564208,0.1496931735070677
00-0037005,2022_15_PIT_CAR,2022,15,0.0,0.10411997025250583,1,2021,0.126703875504712,0.1746722589823954
00-0037086,2022_15_PHI_CHI,2022,15,0.0,0.11498870861863297,1,2021,0.1481229602627289,0.165163853011824
00-0037252,2022_15_ARI_DEN,2022,15,0.0,0.30999114131717276,1,2021,0.3263183615733351,0.2861531668796151
00-0037277,2022_15_KC_HOU,2022,15,1.0,0.06712285349716224,1,2021,0.1134561703477138,0.1226282288187118
00-0037569,2022_15_DAL_JAX,2022,15,1.0,0.13041296456066762,1,2021,0.1546382448973904,0.1854573862056386
00-0037744,2022_15_ARI_DEN,2022,15,0.0,0.14675780896361557,1,2021,0.1903059034388819,0.1662676251372014
00-0037755,2022_15_IND_MIN,2022,15,0.0,0.19371660578601888,1,2021,0.2060444048886363,0.2338474356433908
00-0037809,2022_15_TEN_LAC,2022,15,0.0,0.14583818135793042,1,2021,0.1756907855836491,0.185185505938431
00-0037838,2022_15_BAL_CLE,2022,15,0.0,0.17996659908279902,1,2021,0.2115044308437031,0.1998146330476408
00-0038115,2022_15_NYG_WAS,2022,15,0.0,0.15186168137389708,1,2021,0.19302626426602,0.1721841426595491
00-0038129,2022_15_CIN_TB,2022,15,0.0,0.197533340350079,1,2021,0.2166492120901832,0.2261463804494435
00-0024243,2022_16_GB_MIA,2022,16,1.0,0.09533365065336424,1,2021,0.1353892241133346,0.1455733384487141
00-0030108,2022_16_BUF_CHI,2022,16,0.0,0.10502903618886225,1,2021,0.1450914404017211,0.1503969274425324
00-0030506,2022_16_SEA_KC,2022,16,0.0,0.5644067319046631,1,2021,0.5095704752365806,0.5136638560631287
00-0031260,2022_16_WAS_SF,2022,16,0.0,0.12059140746494998,1,2021,0.1470039694065026,0.1774666779318613
00-0031585,2022_16_ATL_BAL,2022,16,0.0,0.03714710980049754,1,2021,0.101863490647012,0.0816767152069896
00-0031610,2022_16_LV_PIT,2022,16,0.0,0.16264860063457356,1,2021,0.1938656313605274,0.1916352941046002
00-0032134,2022_16_JAX_NYJ,2022,16,0.0,0.04029843652523969,1,2021,0.0905284331588535,0.1037429637935972
00-0032141,2022_16_HOU_TEN,2022,16,0.0,0.06617291496753036,1,2021,0.1048987135747584,0.132917760791917
00-0032214,2022_16_WAS_SF,2022,16,0.0,-0.01484185325895257,1,2021,0.0479668049721356,0.0584587008716537
00-0032392,2022_16_HOU_TEN,2022,16,0.0,0.189780559301907,1,2021,0.2155225328984944,0.2129069539189051
00-0032725,2022_16_TB_ARI,2022,16,0.0,0.04673344782597286,1,2021,0.0923097828766615,0.1135348674167834
00-0033110,2022_16_DEN_LA,2022,16,2.0,0.1702525760878533,1,2021,0.2143004719718412,0.1772729001416469
00-0033217,2022_16_LAC_IND,2022,16,0.0,0.06287315876983673,1,2021,0.1182341964151552,0.1077373272949017
00-0033246,2022_16_NYG_MIN,2022,16,0.0,0.08156892232350291,1,2021,0.113695123319772,0.1499299190707894
00-0033288,2022_16_WAS_SF,2022,16,2.0,0.303930501746409,1,2021,0.3066028368544432,0.3024507504385794
00-0033357,2022_16_NO_CLE,2022,16,0.0,0.004953580986422651,1,2021,0.0847565926113934,0.0442833926222795
00-0033455,2022_16_ATL_BAL,2022,16,0.0,0.06495630136519912,1,2021,0.1272372172348088,0.0989855799928959
00-0033576,2022_16_DEN_LA,2022,16,0.0,-0.008383109719366094,1,2021,0.058736838024023,0.0555788582213164
00-0033757,2022_16_GB_MIA,2022,16,0.0,0.17884439068151006,1,2021,0.1946642619619505,0.2214929079761506
00-0033858,2022_16_CIN_NE,2022,16,0.0,0.044630221599678416,1,2021,0.094494131910398,0.106420342332162
00-0033881,2022_16_JAX_NYJ,2022,16,0.0,0.18341821953078305,1,2021,0.2190326158675009,0.1957677953612196
00-0033885,2022_16_NO_CLE,2022,16,0.0,0.20205446815181358,1,2021,0.2220030371215164,0.2272221141693523
00-0034011,2022_16_JAX_NYJ,2022,16,0.0,0.08722300001002639,1,2021,0.1255199831484243,0.1440181391538176
00-0034159,2022_16_SEA_KC,2022,16,0.0,0.0588442304052533,1,2021,0.108742326323116,0.1134578116902144
00-0034270,2022_16_JAX_NYJ,2022,16,0.0,0.19919524471130193,1,2021,0.2537714042340923,0.1768057838004444
00-0034351,2022_16_PHI_DAL,2022,16,0.0,0.31659514462212934,1,2021,0.3017091997647474,0.333605594467189
00-0034364,2022_16_HOU_TEN,2022,16,0.0,0.19453259512425466,1,2021,0.2287218974940051,0.2033246474177412
00-0034365,2022_16_DET_CAR,2022,16,0.0,0.1478778607145566,1,2021,0.1724866367707388,0.1936212550324453
00-0034383,2022_16_PHI_DAL,2022,16,0.0,0.23968584712445792,1,2021,0.2647368236423636,0.2387628921776358
00-0034753,2022_16_ATL_BAL,2022,16,0.0,0.3167752708048358,1,2021,0.3293144773215265,0.2948943945274394
00-0034798,2022_16_GB_MIA,2022,16,0.0,0.026304963743044724,1,2021,0.0671468429119521,0.1100493394744284
00-0034829,2022_16_GB_MIA,2022,16,0.0,0.09840456945712073,1,2021,0.1390204575020118,0.1463114933920471
00-0034981,2022_16_LV_PIT,2022,16,0.0,0.17420529851981717,1,2021,0.1907577992994738,0.2181437497526704
00-0035222,2022_16_LV_PIT,2022,16,0.0,0.06141608930444678,1,2021,0.0954347059710119,0.137206134687444
00-0035229,2022_16_NYG_MIN,2022,16,2.0,0.1968026957219847,1,2021,0.2171437449390343,0.2240487701010574
00-0035249,2022_16_ATL_BAL,2022,16,0.0,0.10946583604763721,1,2021,0.143419631340905,0.1612511550338561
00-0035572,2022_16_ATL_BAL,2022,16,0.0,0.042220966777909985,1,2021,0.101138290022623,0.0924105705982239
00-0035644,2022_16_SEA_KC,2022,16,1.0,0.1291536147315982,1,2021,0.1710167220898905,0.1598756595699447
00-0035689,2022_16_BUF_CHI,2022,16,1.0,0.3671970376323509,1,2021,0.3614001736620061,0.3459719825505289
00-0035771,2022_16_CIN_NE,2022,16,0.0,0.11370258335950775,1,2021,0.1518945244779542,0.1573671069574432
00-0036040,2022_16_NO_CLE,2022,16,0.0,0.2036776517329235,1,2021,0.2086462812235258,0.2492248471190642
00-0036244,2022_16_SEA_KC,2022,16,0.0,0.06448326648277622,1,2021,0.1223879953162776,0.1049411790196637
00-0036250,2022_16_GB_MIA,2022,16,0.0,-0.02951908906532094,1,2021,0.0297818741901851,0.0561046151106087
00-0036290,2022_16_BUF_CHI,2022,16,0.0,0.1604453396303658,1,2021,0.1880527677343514,0.1956437963811602
00-0036332,2022_16_GB_MIA,2022,16,0.0,0.12175422925149151,1,2021,0.1618311298657596,0.1587141051507188
00-0036424,2022_16_DEN_LA,2022,16,0.0,0.068211311014929,1,2021,0.1069286813715171,0.1339458472216848
00-0036534,2022_16_DET_CAR,2022,16,3.0,0.07830521843306157,1,2021,0.1121282706997023,0.1459022294571061
00-0036556,2022_16_HOU_TEN,2022,16,0.0,0.1390277588175809,1,2021,0.1734331671958987,0.1753491484976647
00-0036590,2022_16_BUF_CHI,2022,16,0.0,0.0029455191400640374,1,2021,0.0670263022845121,0.0655260985079668
00-0036637,2022_16_SEA_KC,2022,16,0.0,0.07569673666998228,1,2021,0.1245731775166259,0.1233043993579708
00-0036754,2022_16_DET_CAR,2022,16,0.0,0.0919690470075551,1,2021,0.1350334606493361,0.1396391525523281
00-0036894,2022_16_LV_PIT,2022,16,0.0,0.16011095815759543,1,2021,0.1999560490965106,0.1781633070879111
00-0037005,2022_16_DET_CAR,2022,16,0.0,0.12441001175510391,1,2021,0.1545845996898927,0.1740477935375077
00-0037011,2022_16_LAC_IND,2022,16,0.0,0.04640109148082175,1,2021,0.0974592811853927,0.1056134781364466
00-0037078,2022_16_WAS_SF,2022,16,0.0,-0.03486231960627226,1,2021,0.0272827166778941,0.0494171745108419
00-0037252,2022_16_DEN_LA,2022,16,1.0,0.23237492563382836,1,2021,0.2638489201177691,0.2260310596281962
00-0037277,2022_16_HOU_TEN,2022,16,0.0,0.12216262413545484,1,2021,0.1750927752016257,0.1407329668900534
00-0037744,2022_16_TB_ARI,2022,16,0.0,0.11217184430763613,1,2021,0.1599530926148964,0.1430371036524337
00-0037755,2022_16_LAC_IND,2022,16,0.0,0.16895199928015903,1,2021,0.2139255188229633,0.175314980068882
00-0037809,2022_16_HOU_TEN,2022,16,0.0,0.16767638746981117,1,2021,0.206009627237713,0.1840737153107587
00-0037838,2022_16_ATL_BAL,2022,16,0.0,0.1991193866074488,1,2021,0.232197469199599,0.2071833612107048
00-0038041,2022_16_PHI_DAL,2022,16,0.0,0.04500113749059678,1,2021,0.1015393022890954,0.0971625392352822
00-0038115,2022_16_NYG_MIN,2022,16,0.0,0.2034599123553765,1,2021,0.2302827949265939,0.218196991636176
00-0038129,2022_16_TB_ARI,2022,16,0.0,0.25265069545613594,1,2021,0.2583315276033484,0.2726308103614485
00-0030108,2022_17_CHI_DET,2022,17,0.0,0.11870557248159011,1,2021,0.1529154983973153,0.1654948896288876
00-0030506,2022_17_DEN_KC,2022,17,0.0,0.5207246210949971,1,2021,0.4784016512852304,0.4741841095112171
00-0031260,2022_17_CLE_WAS,2022,17,0.0,0.15767850867577737,1,2021,0.1738893645084716,0.2103883266226653
00-0031585,2022_17_ARI_ATL,2022,17,0.0,0.06697550749110504,1,2021,0.1294286363095912,0.0997485295936031
00-0031610,2022_17_SF_LV,2022,17,1.0,0.27097374121705486,1,2021,0.2636618181027343,0.3001471424509199
00-0032134,2022_17_NYJ_SEA,2022,17,0.0,0.07309618138805882,1,2021,0.122844322974993,0.1207747160782052
00-0032141,2022_17_DAL_TEN,2022,17,0.0,0.060175606277876936,1,2021,0.0964445174560727,0.1334040329672607
00-0032392,2022_17_DAL_TEN,2022,17,0.0,0.21822050256863226,1,2021,0.2080104376321787,0.2779493697243119
00-0033090,2022_17_MIA_NE,2022,17,0.0,0.2044262368504232,1,2021,0.236566534295866,0.2111556573527586
00-0033110,2022_17_LA_LAC,2022,17,0.0,0.17069233531535385,1,2021,0.2204151347795892,0.1694632938599456
00-0033217,2022_17_IND_NYG,2022,17,0.0,0.059503342721511726,1,2021,0.1072108688885429,0.1168855955561556
00-0033288,2022_17_SF_LV,2022,17,1.0,0.3478710397954732,1,2021,0.3469459266341518,0.3294452328563192
00-0033357,2022_17_NO_PHI,2022,17,0.0,0.0676085228987219,1,2021,0.127231358257429,0.1040683824237154
00-0033576,2022_17_DEN_KC,2022,17,0.0,0.07713248518709329,1,2021,0.1228262151295055,0.1285230220009817
00-0033757,2022_17_MIN_GB,2022,17,1.0,0.12729046979317168,1,2021,0.1515057150731017,0.1839149868128958
00-0033879,2022_17_JAX_HOU,2022,17,0.0,0.07844958362806059,1,2021,0.1128877376848139,0.14510395348787
00-0033881,2022_17_JAX_HOU,2022,17,0.0,0.17606986405667843,1,2021,0.1972683247230089,0.2125001700485673
00-0033885,2022_17_CLE_WAS,2022,17,0.0,0.22749866069424032,1,2021,0.2446298708401003,0.2438923036050846
00-0033895,2022_17_LA_LAC,2022,17,1.0,0.12836346326028747,1,2021,0.1824032265390902,0.1422542764096195
00-0034011,2022_17_JAX_HOU,2022,17,0.0,0.08569844997792575,1,2021,0.1267913911128951,0.139302424479262
00-0034270,2022_17_NYJ_SEA,2022,17,0.0,0.1770612265887321,1,2021,0.2198910902531928,0.182390352173544
00-0034351,2022_17_NO_PHI,2022,17,0.0,0.2900541684399338,1,2021,0.2669585256533574,0.3319896825935598
00-0034364,2022_17_JAX_HOU,2022,17,0.0,0.16279679670051123,1,2021,0.2003338890527966,0.1827675734465635
00-0034365,2022_17_CAR_TB,2022,17,0.0,0.12162712159970512,1,2021,0.158500194022153,0.1631835039758819
00-0034383,2022_17_DAL_TEN,2022,17,2.0,0.2896411211704113,1,2021,0.3223150915199732,0.2528811479270649
00-0034753,2022_17_PIT_BAL,2022,17,0.0,0.2866634070270935,1,2021,0.3081181870219468,0.2672695914213812
00-0034798,2022_17_MIA_NE,2022,17,0.0,0.04154443261383979,1,2021,0.074448581408406,0.1288766465442881
00-0034829,2022_17_MIA_NE,2022,17,1.0,0.13330827265806222,1,2021,0.1707455993447628,0.1682083777058804
00-0034981,2022_17_SF_LV,2022,17,0.0,0.19992337892153147,1,2021,0.2115302417602854,0.237961556012952
00-0035229,2022_17_MIN_GB,2022,17,0.0,0.20148955497575102,1,2021,0.2282284231138262,0.2173336107483564
00-0035249,2022_17_PIT_BAL,2022,17,0.0,0.13909617297069748,1,2021,0.167642297511404,0.183672945083198
00-0035329,2022_17_LA_LAC,2022,17,1.0,0.029347307384653423,1,2021,0.0761143792510181,0.1031830412418311
00-0035624,2022_17_CHI_DET,2022,17,0.0,0.12106738021427407,1,2021,0.1439682360572719,0.1826723032046903
00-0035644,2022_17_NYJ_SEA,2022,17,0.0,0.18094066306471604,1,2021,0.2106143317620377,0.2029376247996226
00-0035956,2022_17_CAR_TB,2022,17,0.0,0.0754922330917942,1,2021,0.1401235002557457,0.1009125867159772
00-0036040,2022_17_NO_PHI,2022,17,0.0,0.17867778787372665,1,2021,0.1926179613481621,0.2240692436569216
00-0036232,2022_17_CLE_WAS,2022,17,0.0,0.08687589224327766,1,2021,0.117998352447985,0.1539955886562436
00-0036244,2022_17_NYJ_SEA,2022,17,1.0,0.07664773385995918,1,2021,0.1149152210496174,0.1387879869161161
00-0036250,2022_17_MIN_GB,2022,17,0.0,-0.04076705946726212,1,2021,0.0209602593576468,0.047064583695903
00-0036290,2022_17_CHI_DET,2022,17,1.0,0.24794576584939507,1,2021,0.256300460455103,0.2665023828222007
00-0036332,2022_17_MIN_GB,2022,17,0.0,0.10788558775680732,1,2021,0.1389774736080698,0.1645124024656583
00-0036422,2022_17_NO_PHI,2022,17,0.0,0.040631257635123305,1,2021,0.0925213684059844,0.1015601558081953
00-0036423,2022_17_DEN_KC,2022,17,1.0,0.06060032112705188,1,2021,0.1270588671496272,0.0909035829008278
00-0036424,2022_17_LA_LAC,2022,17,0.0,0.16207290647274958,1,2021,0.1980928998462194,0.1845530920292891
00-0036534,2022_17_CHI_DET,2022,17,0.0,0.12443804444700937,1,2021,0.1612497923028601,0.1646715407532043
00-0036556,2022_17_JAX_HOU,2022,17,0.0,0.07417468947181743,1,2021,0.1249512527136053,0.1198573570081846
00-0036637,2022_17_DEN_KC,2022,17,0.0,0.09690835447239282,1,2021,0.1445458582229606,0.1356314603704524
00-0036754,2022_17_CHI_DET,2022,17,2.0,0.08680837448839446,1,2021,0.1198928343342828,0.1511861010693835
00-0036894,2022_17_PIT_BAL,2022,17,0.0,0.1516839492485289,1,2021,0.1878953906548515,0.1791032261147905
00-0037005,2022_17_CAR_TB,2022,17,1.0,0.10283012962096408,1,2021,0.1444666376397529,0.1470737132759931
00-0037011,2022_17_LA_LAC,2022,17,0.0,-0.029070892515814614,1,2021,0.0383779493539123,0.0448004597107245
00-0037569,2022_17_DAL_TEN,2022,17,0.0,0.09446781637424906,1,2021,0.1516628961358066,0.1208928056793289
00-0037744,2022_17_ARI_ATL,2022,17,1.0,0.16466780326442917,1,2021,0.1999212527761598,0.1869311789590089
00-0037755,2022_17_IND_NYG,2022,17,0.0,0.2341600744373036,1,2021,0.2389208446327634,0.2647147385125156
00-0037809,2022_17_DAL_TEN,2022,17,0.0,0.1564007827956427,1,2021,0.1839376161154469,0.1937274188724656
00-0037838,2022_17_PIT_BAL,2022,17,1.0,0.16343729110899113,1,2021,0.1869343107453057,0.2029507056135161
00-0038041,2022_17_DAL_TEN,2022,17,0.0,0.061722940674942744,1,2021,0.116696725639591,0.1077118148523886
00-0038115,2022_17_IND_NYG,2022,17,0.0,0.14436575987962655,1,2021,0.1663638605496548,0.1955640084227904
00-0038129,2022_17_CAR_TB,2022,17,0.0,0.20303171888957586,1,2021,0.2196085836991976,0.2324795576827654
00-0030506,2022_18_KC_LV,2022,18,0.0,0.5753132479172116,1,2021,0.507846047415287,0.5369710795919975
00-0031260,2022_18_DAL_WAS,2022,18,0.0,0.17938354090615358,1,2021,0.2086216464109695,0.2027776158601199
00-0031585,2022_18_TB_ATL,2022,18,1.0,0.06597572156748155,1,2021,0.1197795150634067,0.111487170756982
00-0031610,2022_18_KC_LV,2022,18,0.0,0.280423715410255,1,2021,0.2730121031783951,0.304999095160424
00-0031690,2022_18_LAC_DEN,2022,18,1.0,0.05202258075928895,1,2021,0.1109028770823495,0.0973491652685039
00-0032141,2022_18_TEN_JAX,2022,18,0.0,0.047442908543267215,1,2021,0.0977923005548493,0.1071356392043445
00-0032392,2022_18_TEN_JAX,2022,18,0.0,0.16344087195607043,1,2021,0.188306561222415,0.2010161023711292
00-0032394,2022_18_NYG_PHI,2022,18,0.0,0.032327353979842474,1,2021,0.0818100763829988,0.1008265347128738
00-0033090,2022_18_NE_BUF,2022,18,0.0,0.2044711412651258,1,2021,0.229963050321443,0.220584156054594
00-0033110,2022_18_LA_SEA,2022,18,0.0,0.14393560365591423,1,2021,0.2004535157787254,0.1465110794149016
00-0033217,2022_18_HOU_IND,2022,18,1.0,0.06911586546268503,1,2021,0.1164266779876252,0.1222388095633099
00-0033288,2022_18_ARI_SF,2022,18,2.0,0.3391488555532448,1,2021,0.3237466929141743,0.3455792028181961
00-0033357,2022_18_CAR_NO,2022,18,0.0,0.10007085021927953,1,2021,0.1702398582491532,0.1053305158617176
00-0033455,2022_18_TB_ATL,2022,18,0.0,0.05276147553735708,1,2021,0.1098177570361912,0.1002981210947935
00-0033757,2022_18_DET_GB,2022,18,0.0,0.20991277986247267,1,2021,0.2160765080548591,0.2506423041294207
00-0033881,2022_18_TEN_JAX,2022,18,0.0,0.2097015172538453,1,2021,0.2257953319011653,0.2364879407606746
00-0033885,2022_18_CLE_PIT,2022,18,1.0,0.2298631509025544,1,2021,0.2595357809378238,0.2273274763663168
00-0033895,2022_18_LAC_DEN,2022,18,1.0,0.14287623870536176,1,2021,0.2076413694739665,0.1343148426448083
00-0034270,2022_18_NYJ_MIA,2022,18,0.0,0.1516961637552605,1,2021,0.2009225316652473,0.160695849076693
00-0034351,2022_18_NYG_PHI,2022,18,0.0,0.2963662705586426,1,2021,0.2715541461943383,0.3375648041236107
00-0034364,2022_18_HOU_IND,2022,18,2.0,0.17944632262636626,1,2021,0.2098611903200461,0.2011440347667506
00-0034383,2022_18_DAL_WAS,2022,18,0.0,0.2970505783535523,1,2021,0.2985372416513265,0.3006985189825344
00-0034798,2022_18_NYJ_MIA,2022,18,0.0,0.04110286520032859,1,2021,0.0811409222173669,0.1185634955826633
00-0034829,2022_18_NYJ_MIA,2022,18,0.0,0.14161323278103122,1,2021,0.1662003345843345,0.1905289358256698
00-0034830,2022_18_BAL_CIN,2022,18,0.0,0.2145003501556805,1,2021,0.214235724664652,0.2620240660070405
00-0034970,2022_18_MIN_CHI,2022,18,0.0,0.19868064737088462,1,2021,0.2083573968015799,0.2400727578283895
00-0034981,2022_18_KC_LV,2022,18,0.0,0.18833576047265502,1,2021,0.2233567231372683,0.1990588295710576
00-0035222,2022_18_CLE_PIT,2022,18,0.0,0.05037816175901921,1,2021,0.0778072414829469,0.1410264606384171
00-0035229,2022_18_MIN_CHI,2022,18,0.0,0.20253963543405204,1,2021,0.2040623699096159,0.2535327723755744
00-0035249,2022_18_BAL_CIN,2022,18,0.0,0.06373368521899642,1,2021,0.1268906162235468,0.0971367100832238
00-0035329,2022_18_LAC_DEN,2022,18,0.0,0.10651464240392872,1,2021,0.1352271119945564,0.1671953602164788
00-0035572,2022_18_TB_ATL,2022,18,0.0,0.07852263647805385,1,2021,0.1143936995047969,0.1431130972181137
00-0035624,2022_18_MIN_CHI,2022,18,0.0,0.10304098998374842,1,2021,0.1392549881979225,0.1548505746570385
00-0035644,2022_18_LA_SEA,2022,18,0.0,0.19845701791726303,1,2021,0.2117473926976364,0.234848733430434
00-0035689,2022_18_NE_BUF,2022,18,1.0,0.299772351379086,1,2021,0.2873769240071915,0.321695678373389
00-0035956,2022_18_CAR_NO,2022,18,0.0,-0.02577770053314192,1,2021,0.0466059722198261,0.0394603719962285
00-0036040,2022_18_CAR_NO,2022,18,0.0,0.2058865170947681,1,2021,0.2122948076473141,0.2482891633376569
00-0036145,2022_18_NYG_PHI,2022,18,0.0,0.06213527871033314,1,2021,0.1081809331418168,0.1205488532251126
00-0036232,2022_18_CLE_PIT,2022,18,0.0,0.07064243898184097,1,2021,0.1141006611835556,0.1284504521685239
00-0036244,2022_18_LA_SEA,2022,18,0.0,0.08786175931107165,1,2021,0.1353593411643067,0.1313195971194357
00-0036250,2022_18_DET_GB,2022,18,0.0,-0.028679348473821642,1,2021,0.0333959193591504,0.052598159704153
00-0036290,2022_18_MIN_CHI,2022,18,1.0,0.13871013929594148,1,2021,0.1819342983810395,0.1627140784565085
00-0036422,2022_18_CAR_NO,2022,18,0.0,0.04500855518577057,1,2021,0.090599314709357,0.1126545823484949
00-0036423,2022_18_LAC_DEN,2022,18,0.0,0.13204351124181757,1,2021,0.1648952837545085,0.1740655044012549
00-0036424,2022_18_LA_SEA,2022,18,0.0,0.1312842947501596,1,2021,0.1678800162265091,0.1683901028222298
00-0036534,2022_18_DET_GB,2022,18,0.0,0.10131569600682233,1,2021,0.1420526409326629,0.1475914502394881
00-0036590,2022_18_NE_BUF,2022,18,0.0,-0.040696448849420266,1,2021,0.0310454520119447,0.0329311931257776
00-0036637,2022_18_KC_LV,2022,18,0.0,0.06700313755685167,1,2021,0.1153577949153633,0.1197087646579833
00-0036754,2022_18_DET_GB,2022,18,0.0,0.06547638686848747,1,2021,0.1129781664965313,0.1201543111639786
00-0036894,2022_18_CLE_PIT,2022,18,0.0,0.15163702199672163,1,2021,0.1825074283695164,0.1866363074388661
00-0037005,2022_18_CAR_NO,2022,18,0.0,0.12819143691639376,1,2021,0.1676201643625095,0.1628401546538043
00-0037011,2022_18_LAC_DEN,2022,18,0.0,0.059979939345614214,1,2021,0.1125301703937473,0.1102717445094831
00-0037168,2022_18_DAL_WAS,2022,18,0.0,-0.022649976369532206,1,2021,0.0497360950107459,0.0410161822886889
00-0037277,2022_18_HOU_IND,2022,18,0.0,0.07118715187398203,1,2021,0.1045516466107066,0.1430025627089629
00-0037744,2022_18_ARI_SF,2022,18,0.0,0.12386026095699498,1,2021,0.1670558986103176,0.1553516077001651
00-0037755,2022_18_HOU_IND,2022,18,0.0,0.18923767766119906,1,2021,0.2016771963099189,0.2314565818256702
00-0037809,2022_18_TEN_JAX,2022,18,1.0,0.17875408603936735,1,2021,0.2177723107905909,0.1886269521979754
00-0037838,2022_18_BAL_CIN,2022,18,0.0,0.15734627264880294,1,2021,0.202511166224316,0.1692586463200486
00-0038041,2022_18_DAL_WAS,2022,18,0.0,0.06484708626882191,1,2021,0.1082552470765325,0.125632233679228
00-0038129,2022_18_TB_ATL,2022,18,0.0,0.24206578028346035,1,2021,0.2629028940995018,0.2459110703867556
00-0031273,2022_19_DAL_TB,2022,19,1.0,0.1271635889686173,1,2021,0.1390533565838441,0.2012897720012403
00-0031484,2022_19_LAC_JAX,2022,19,0.0,-0.03209978046861335,1,2021,0.0317872052759838,0.0483298265927063
00-0033246,2022_19_NYG_MIN,2022,19,0.0,0.07592444328840064,1,2021,0.1167526112835963,0.13480457786148
00-0033288,2022_19_SEA_SF,2022,19,0.0,0.2660338001833693,1,2021,0.2560478465232705,0.3014677368976929
00-0033881,2022_19_LAC_JAX,2022,19,1.0,0.20067985917377548,1,2021,0.2170351208478708,0.2316206537579384
00-0033895,2022_19_LAC_JAX,2022,19,1.0,0.15924401490249046,1,2021,0.2248901883880189,0.1412278579622885
00-0034383,2022_19_DAL_TB,2022,19,2.0,0.23528927417381593,1,2021,0.2519364581289092,0.2484608058555387
00-0034753,2022_19_BAL_CIN,2022,19,0.0,0.23889495544109016,1,2021,0.2745210269036554,0.2234070220936077
00-0034798,2022_19_MIA_BUF,2022,19,0.0,0.01079790588932153,1,2021,0.0688389629235824,0.0779855774762793
00-0034829,2022_19_MIA_BUF,2022,19,1.0,0.133360046286396,1,2021,0.1673575406025244,0.1731008485280764
00-0034830,2022_19_BAL_CIN,2022,19,0.0,0.1923336247762328,1,2021,0.1845887115400141,0.261556798202591
00-0034970,2022_19_NYG_MIN,2022,19,1.0,0.1886525023924985,1,2021,0.212789516444409,0.2146152958774482
00-0035229,2022_19_NYG_MIN,2022,19,0.0,0.11006166321565786,1,2021,0.1362719046399281,0.1725037303574706
00-0035249,2022_19_BAL_CIN,2022,19,0.0,0.06596357085681159,1,2021,0.1096974064826165,0.1257280497230287
00-0035329,2022_19_LAC_JAX,2022,19,0.0,0.10363368266345277,1,2021,0.1473301880928477,0.144559816920578
00-0035644,2022_19_SEA_SF,2022,19,0.0,0.1577654449862653,1,2021,0.1741816327987865,0.2101411624348669
00-0035689,2022_19_MIA_BUF,2022,19,1.0,0.2743333664344775,1,2021,0.2727319668552146,0.2937427255431266
00-0036145,2022_19_NYG_MIN,2022,19,0.0,0.1560436011366917,1,2021,0.2003689666151735,0.1697970116776553
00-0036244,2022_19_SEA_SF,2022,19,0.0,0.10102661958456319,1,2021,0.1409125890191224,0.1486512992897145
00-0036429,2022_19_SEA_SF,2022,19,0.0,-0.028117400170223086,1,2021,0.0322004317762963,0.055364710209754
00-0036590,2022_19_MIA_BUF,2022,19,0.0,0.027384923701026992,1,2021,0.0818332137862645,0.0913374151464702
00-0037011,2022_19_LAC_JAX,2022,19,0.0,0.051353797902718296,1,2021,0.1163826753161418,0.0883167818806493
00-0037569,2022_19_DAL_TB,2022,19,0.0,-0.010178012156092625,1,2021,0.0556134651457306,0.0565635948907141
00-0038041,2022_19_DAL_TB,2022,19,0.0,0.04835431815073249,1,2021,0.0954863491931903,0.1121418960810583
00-0038115,2022_19_NYG_MIN,2022,19,1.0,0.18260690657845072,1,2021,0.2019478489257372,0.2183869649881247
00-0038129,2022_19_DAL_TB,2022,19,0.0,0.13277571663795615,1,2021,0.1694801231379871,0.1689798254052073
00-0030506,2022_20_JAX_KC,2022,20,2.0,0.5967313703074033,1,2021,0.5456458785625207,0.5244714658812948
00-0031484,2022_20_JAX_KC,2022,20,0.0,-0.03259206432149647,1,2021,0.038740491467565,0.0375504550425174
00-0033288,2022_20_DAL_SF,2022,20,0.0,0.24571141750828887,1,2021,0.2340546732025368,0.2937006402840798
00-0033881,2022_20_JAX_KC,2022,20,0.0,0.24837739503131892,1,2021,0.2498109855517906,0.2765095050248905
00-0034351,2022_20_NYG_PHI,2022,20,1.0,0.32320732161646615,1,2021,0.3007781737553933,0.3475739287540982
00-0034383,2022_20_DAL_SF,2022,20,1.0,0.21588609486466068,1,2021,0.2403667918742487,0.227705290963827
00-0034830,2022_20_CIN_BUF,2022,20,1.0,0.3006066902255592,1,2021,0.2879857311411158,0.3224306865559868
00-0035689,2022_20_CIN_BUF,2022,20,0.0,0.33091052677186283,1,2021,0.3371887764759212,0.3107989471391424
00-0035771,2022_20_CIN_BUF,2022,20,0.0,0.10830559266132886,1,2021,0.1477402427713203,0.1529184697975739
00-0036145,2022_20_NYG_PHI,2022,20,0.0,0.13122213328622487,1,2021,0.1595998847425307,0.179985865871691
00-0036590,2022_20_CIN_BUF,2022,20,0.0,0.07214108756844376,1,2021,0.1131318485771181,0.1326884987289521
00-0036637,2022_20_JAX_KC,2022,20,0.0,0.08227874691050291,1,2021,0.1428595497986798,0.1100263169500922
00-0038115,2022_20_NYG_PHI,2022,20,0.0,0.1663593865657085,1,2021,0.18014809703647,0.2181426784507326
00-0030506,2022_21_CIN_KC,2022,21,1.0,0.43825699927890516,1,2021,0.4093619007581243,0.4140754215708445
00-0033288,2022_21_SF_PHI,2022,21,0.0,0.27899271943387116,1,2021,0.248852684491704,0.3364418101863288
00-0034351,2022_21_SF_PHI,2022,21,0.0,0.2819613892383631,1,2021,0.278761969729172,0.2998062485056727
00-0034830,2022_21_CIN_KC,2022,21,0.0,0.2932213142925878,1,2021,0.2803751060446886,0.3190676794872281
00-0035771,2022_21_CIN_KC,2022,21,0.0,0.0806515973552033,1,2021,0.1199305658408947,0.13935291587727
00-0036429,2022_21_SF_PHI,2022,21,0.0,-0.023792685693954596,1,2021,0.0399686789940949,0.0526487301241735
00-0036637,2022_21_CIN_KC,2022,21,0.0,0.0901074503863912,1,2021,0.139694869340391,0.1294824048829071
00-0036741,2022_21_SF_PHI,2022,21,0.0,0.08504471000474154,1,2021,0.1214219577677344,0.1456482723002727
00-0030506,2022_22_KC_PHI,2022,22,1.0,0.5121735200968942,1,2021,0.4830828641033593,0.4512002696414488
00-0034351,2022_22_KC_PHI,2022,22,0.0,0.3251834353105326,1,2021,0.300148280421996,0.3522460108578689
00-0035547,2022_22_KC_PHI,2022,22,0.0,0.12061326796178515,1,2021,0.149546972949257,0.173910672498368
00-0036637,2022_22_KC_PHI,2022,22,0.0,0.11632920401266622,1,2021,0.1750972912036987,0.1295654559888111
00-0036741,2022_22_KC_PHI,2022,22,0.0,-0.016909840444119945,1,2021,0.0488575345327798,0.0532418065499647
00-0030061,2023_02_NYG_ARI,2023,2,0.0,0.17498196226660778,2,2022,0.2015731368204087,0.1813633670188769
00-0031260,2023_02_WAS_DEN,2023,2,1.0,0.20148465625472445,2,2022,0.2290269166940697,0.1933058209057723
00-0031610,2023_02_NYG_ARI,2023,2,0.0,0.2460021692441604,2,2022,0.2520816076899299,0.2443242952468365
00-0032392,2023_02_LV_BUF,2023,2,0.0,0.0977145873995334,2,2022,0.1301291970899315,0.1350052880958426
00-0033090,2023_02_MIA_NE,2023,2,1.0,0.2662237526042777,2,2022,0.281131286911717,0.2425590002962965
00-0033110,2023_02_SF_LA,2023,2,0.0,0.21089109298280628,2,2022,0.2473242839367535,0.186061685437132
00-0033217,2023_02_IND_HOU,2023,2,0.0,0.06475661896943549,2,2022,0.0954005834039509,0.1209432575587977
00-0033288,2023_02_SF_LA,2023,2,0.0,0.26477711110764984,2,2022,0.223153507843052,0.3177298257262704
00-0033858,2023_02_GB_ATL,2023,2,0.0,0.03899763964300611,2,2022,0.0741375253452241,0.1020592171857377
00-0033881,2023_02_KC_JAX,2023,2,0.0,0.2015237602605494,2,2022,0.2237987724366701,0.2003965452018138
00-0033885,2023_02_CLE_PIT,2023,2,0.0,0.13379373338906103,2,2022,0.1624933980914499,0.1579884716099998
00-0033895,2023_02_LAC_TEN,2023,2,0.0,0.12513767884983437,2,2022,0.1408545023418877,0.1711002327039396
00-0034270,2023_02_NYJ_DAL,2023,2,0.0,0.11197442369071525,2,2022,0.1456239017680739,0.1404601537089535
00-0034351,2023_02_MIN_PHI,2023,2,0.0,0.13043995142490267,2,2022,0.1515170940421572,0.166548786458125
00-0034383,2023_02_IND_HOU,2023,2,0.0,0.1148094763316104,2,2022,0.1387507014105145,0.1549074661725139
00-0034798,2023_02_MIA_NE,2023,2,0.0,0.28571354763039636,2,2022,0.3175232286445683,0.2295893772498017
00-0034829,2023_02_MIA_NE,2023,2,0.0,0.12765913757320854,2,2022,0.1531273504487407,0.1592667838227524
00-0034830,2023_02_NO_CAR,2023,2,0.0,0.14743349959741175,2,2022,0.1729786398291752,0.1690267614667485
00-0034970,2023_02_BAL_CIN,2023,2,0.0,0.19225721437305998,2,2022,0.1713195638632356,0.2537869835947249
00-0035229,2023_02_MIN_PHI,2023,2,2.0,0.39740097289686976,2,2022,0.382144848613699,0.3484832319992311
00-0035249,2023_02_MIN_PHI,2023,2,0.0,0.14959160966010504,2,2022,0.1724023858094172,0.1737740569537117
00-0035259,2023_02_LAC_TEN,2023,2,0.0,0.040770863344527494,2,2022,0.0758122312260864,0.1030759422588054
00-0035329,2023_02_LAC_TEN,2023,2,0.0,0.09591475491618615,2,2022,0.1229262767420065,0.1413611325620899
00-0035689,2023_02_LV_BUF,2023,2,1.0,0.18695610980155303,2,2022,0.1987740386510504,0.2071688614350199
00-0036040,2023_02_NO_CAR,2023,2,0.0,0.19538954294399552,2,2022,0.2222067509799791,0.191239014478792
00-0036232,2023_02_CLE_PIT,2023,2,0.0,0.07812348460258764,2,2022,0.1041796150118725,0.1337696287984557
00-0036244,2023_02_SEA_DET,2023,2,0.0,0.10418372094884118,2,2022,0.1261440398229055,0.1522667904567489
00-0036290,2023_02_CHI_TB,2023,2,0.0,0.22338403908512733,2,2022,0.2431386187637893,0.2146838824780984
00-0036422,2023_02_WAS_DEN,2023,2,0.0,0.21006143129637495,2,2022,0.2165543419582602,0.2258423371128567
00-0036628,2023_02_WAS_DEN,2023,2,0.0,0.06079160526668595,2,2022,0.0806281968425126,0.1334743213703683
00-0036637,2023_02_KC_JAX,2023,2,0.0,0.33728998670775434,2,2022,0.3228104454773458,0.3174579264852203
00-0036876,2023_02_IND_HOU,2023,2,1.0,0.18772536285444075,2,2022,0.194969144464493,0.2136932966150743
00-0036894,2023_02_CLE_PIT,2023,2,0.0,0.1117929425841572,2,2022,0.1270614335242574,0.1650458945029785
00-0036970,2023_02_GB_ATL,2023,2,0.0,0.19076495718427228,2,2022,0.2137052566287373,0.1941370226406965
00-0037569,2023_02_NYJ_DAL,2023,2,0.0,0.012084915531979601,2,2022,0.0422028769287926,0.0953772977169847
00-0037744,2023_02_NYG_ARI,2023,2,0.0,0.09332564596244713,2,2022,0.1209154698756407,0.1392933473739883
00-0037809,2023_02_LAC_TEN,2023,2,0.0,0.08936161231302711,2,2022,0.112794808500268,0.142896351934899
00-0037838,2023_02_BAL_CIN,2023,2,0.0,0.12629753429594476,2,2022,0.1479163536571812,0.1637553959646846
00-0038041,2023_02_NYJ_DAL,2023,2,1.0,0.2078037396155924,2,2022,0.2028021281858718,0.2401474857403601
00-0038115,2023_02_NYG_ARI,2023,2,0.0,0.004558338068499174,2,2022,0.0317885028046246,0.0954999504971949
00-0038129,2023_02_CHI_TB,2023,2,0.0,0.09023777478398443,2,2022,0.1106912128930008,0.1473336635212338
00-0038933,2023_02_LV_BUF,2023,2,0.0,0.1485140719998456,2,2022,0.1798826751467356,0.1617478087260406
00-0039065,2023_02_SEA_DET,2023,2,0.0,0.27497510929708824,2,2022,0.2803040049369963,0.2597832996336526
00-0039066,2023_02_LV_BUF,2023,2,0.0,0.041468269715944236,2,2022,0.0689327731835578,0.1135956539707728
00-0039144,2023_02_GB_ATL,2023,2,0.0,0.3566097395917397,2,2022,0.3500215619911451,0.31650035975773
00-0030061,2023_03_DAL_ARI,2023,3,0.0,0.18701856867687533,2,2022,0.1997526167359836,0.2059701358921049
00-0030506,2023_03_CHI_KC,2023,3,1.0,0.34319161023160977,2,2022,0.3271235872409975,0.3225341149065455
00-0031484,2023_03_DEN_MIA,2023,3,0.0,0.08147449819463165,2,2022,0.1115427893363737,0.1300548012954341
00-0031610,2023_03_NYG_SF,2023,3,0.0,0.22741797145477394,2,2022,0.2554392324308406,0.2055980435108753
00-0033090,2023_03_NE_NYJ,2023,3,0.0,0.30716116225157014,2,2022,0.312838213109457,0.2753699828941657
00-0033110,2023_03_LA_CIN,2023,3,0.0,0.2260650235535574,2,2022,0.248182914785034,0.2128484120987595
00-0033288,2023_03_NYG_SF,2023,3,0.0,0.3122715758347144,2,2022,0.2953474769848243,0.3082607864559891
00-0033357,2023_03_NO_GB,2023,3,0.0,0.0894336170901372,2,2022,0.099176132036445,0.1613118477360093
00-0033858,2023_03_ATL_DET,2023,3,0.0,0.16250816850408836,2,2022,0.2006547325556133,0.1596285887006699
00-0033881,2023_03_HOU_JAX,2023,3,0.0,0.21559782229465468,2,2022,0.2369036411755557,0.2087176757027554
00-0033885,2023_03_TEN_CLE,2023,3,0.0,0.1746577301594513,2,2022,0.2058893886535194,0.1749718475340625
00-0033895,2023_03_LAC_MIN,2023,3,0.0,0.15820397256363503,2,2022,0.1890568812473239,0.1672733469243413
00-0034270,2023_03_NE_NYJ,2023,3,0.0,0.19082588896564195,2,2022,0.2163432178355875,0.190707782725671
00-0034351,2023_03_PHI_TB,2023,3,0.0,0.25239627317033564,2,2022,0.2361939190385982,0.2774266573270337
00-0034383,2023_03_HOU_JAX,2023,3,0.0,0.16965527626878635,2,2022,0.1956339920207885,0.1795286887593122
00-0034753,2023_03_IND_BAL,2023,3,0.0,0.28712267712246037,2,2022,0.3251105473268661,0.2219980895573497
00-0034798,2023_03_DEN_MIA,2023,3,0.0,0.26025798352144536,2,2022,0.2625492537712786,0.2565205229893584
00-0034829,2023_03_NE_NYJ,2023,3,0.0,0.20916554204945115,2,2022,0.2326077931650254,0.2026411839298688
00-0034830,2023_03_CAR_SEA,2023,3,0.0,0.18071834607197929,2,2022,0.2083115012337555,0.1828794698996136
00-0035229,2023_03_LAC_MIN,2023,3,0.0,0.24045373787763047,2,2022,0.2326437472065844,0.2602031910747011
00-0035249,2023_03_LAC_MIN,2023,3,1.0,0.11171174423750149,2,2022,0.1509775498801522,0.1327892773331824
00-0035329,2023_03_LAC_MIN,2023,3,2.0,0.1094440074000573,2,2022,0.1373352618273681,0.1469283560302586
00-0035644,2023_03_CAR_SEA,2023,3,0.0,0.1793274216230124,2,2022,0.1889920188988129,0.206254571575214
00-0035689,2023_03_BUF_WAS,2023,3,0.0,0.1801090613259852,2,2022,0.1933500637374122,0.2018431631973124
00-0036040,2023_03_NO_GB,2023,3,0.0,0.1689722860347869,2,2022,0.1999220429068492,0.1725144551758766
00-0036232,2023_03_TEN_CLE,2023,3,0.0,0.022612927474695885,2,2022,0.0586782832032372,0.0926442557546701
00-0036244,2023_03_CAR_SEA,2023,3,0.0,0.10350359612877019,2,2022,0.1363668549220899,0.1372904808747226
00-0036290,2023_03_CHI_KC,2023,3,0.0,0.17335330442428612,2,2022,0.1942117142814939,0.1882471789820811
00-0036332,2023_03_NO_GB,2023,3,0.0,0.012499374231857832,2,2022,0.0461643737264555,0.0908221680766031
00-0036422,2023_03_DEN_MIA,2023,3,0.0,0.14765689576452462,2,2022,0.1667412210734643,0.1778117582054754
00-0036628,2023_03_BUF_WAS,2023,3,0.0,0.08622316255713511,2,2022,0.1161707382063798,0.1325854461851473
00-0036637,2023_03_CHI_KC,2023,3,0.0,0.1961419505220211,2,2022,0.1846883386834399,0.2429924389273998
00-0036876,2023_03_IND_BAL,2023,3,0.0,0.15796896567206986,2,2022,0.1881796797011522,0.1680182667289517
00-0036894,2023_03_PIT_LV,2023,3,1.0,0.15251453604497053,2,2022,0.1917518842217007,0.1531795009142543
00-0036970,2023_03_ATL_DET,2023,3,0.0,0.37162257667696397,2,2022,0.3548978140925023,0.3375968586183044
00-0037569,2023_03_DAL_ARI,2023,3,0.0,0.09756125150269604,2,2022,0.1295472929941072,0.135504153531014
00-0037744,2023_03_DAL_ARI,2023,3,0.0,0.0963402948671257,2,2022,0.1292533395750368,0.1336506616623773
00-0037809,2023_03_TEN_CLE,2023,3,0.0,0.11949855453041083,2,2022,0.1446868888662111,0.1555721012480065
00-0037838,2023_03_IND_BAL,2023,3,0.0,0.0848973734909268,2,2022,0.1071325754786697,0.1422779280717913
00-0038041,2023_03_DAL_ARI,2023,3,0.0,0.30622273786787074,2,2022,0.2751842892068513,0.3241920379537153
00-0038115,2023_03_NYG_SF,2023,3,0.0,0.04451904185791396,2,2022,0.0733955209706668,0.1132217873481134
00-0038129,2023_03_PHI_TB,2023,3,0.0,0.36021308808755004,2,2022,0.3409773328122567,0.3352768996582796
00-0038547,2023_03_DAL_ARI,2023,3,0.0,0.08078552779294823,2,2022,0.1017527290045213,0.1419292573499826
00-0038933,2023_03_BUF_WAS,2023,3,0.0,0.3054624646522337,2,2022,0.2687941223780751,0.3313708881488409
00-0039065,2023_03_ATL_DET,2023,3,1.0,0.2648178031631723,2,2022,0.2639629207263034,0.2630185883351711
00-0039066,2023_03_PIT_LV,2023,3,0.0,0.06751500940473973,2,2022,0.1004104310654114,0.119296559626977
00-0039144,2023_03_NO_GB,2023,3,0.0,0.21859484145781471,2,2022,0.236763380998563,0.2144243196155786
00-0030061,2023_04_ARI_SF,2023,4,0.0,0.11598724470266644,2,2022,0.1512391085550847,0.1403105239420956
00-0030506,2023_04_KC_NYJ,2023,4,0.0,0.45776925896048193,2,2022,0.4365530648641795,0.3865956468564717
00-0031260,2023_04_WAS_PHI,2023,4,0.0,0.2266755766631267,2,2022,0.2214135769461999,0.2499101353899215
00-0031484,2023_04_DEN_CHI,2023,4,0.0,0.09154293259477989,2,2022,0.1273856389117315,0.1273247492127475
00-0031610,2023_04_SEA_NYG,2023,4,0.0,0.2674541514636158,2,2022,0.2790697837096251,0.2475920510813059
00-0032134,2023_04_KC_NYJ,2023,4,1.0,0.06552847821426469,2,2022,0.0908897581061081,0.1284201957808469
00-0032392,2023_04_LV_LAC,2023,4,0.0,0.13972630224811627,2,2022,0.175337348589328,0.1516691273653891
00-0033090,2023_04_NE_DAL,2023,4,0.0,0.21149562615185602,2,2022,0.2374082604326859,0.2004869456018632
00-0033110,2023_04_LA_IND,2023,4,0.0,0.2926881221942756,2,2022,0.3018027009417058,0.2635361356687801
00-0033217,2023_04_LA_IND,2023,4,1.0,0.08313513013937754,2,2022,0.1031443501708047,0.1443872938373973
00-0033288,2023_04_ARI_SF,2023,4,0.0,0.4348183539034789,2,2022,0.4303902771136819,0.3526101151140481
00-0033357,2023_04_TB_NO,2023,4,0.0,0.058614522335900976,2,2022,0.071107286686556,0.1422474171795996
00-0033757,2023_04_DEN_CHI,2023,4,0.0,0.11011533290100625,2,2022,0.1315105668188985,0.155984038480218
00-0033858,2023_04_ATL_JAX,2023,4,0.0,0.19109113367478076,2,2022,0.2100301850326398,0.1996713452555314
00-0033881,2023_04_ATL_JAX,2023,4,0.0,0.2780052259837937,2,2022,0.2817910599559547,0.263366233548243
00-0033885,2023_04_BAL_CLE,2023,4,0.0,0.16554046559886612,2,2022,0.2077514529882135,0.1556846266925086
00-0033895,2023_04_LV_LAC,2023,4,0.0,0.20178216575382635,2,2022,0.2233086827577475,0.2015302813224471
00-0034270,2023_04_KC_NYJ,2023,4,0.0,0.18031199585073654,2,2022,0.1902286215632957,0.20640732199035
00-0034351,2023_04_WAS_PHI,2023,4,0.0,0.24738891968704113,2,2022,0.2322281447308803,0.2735307321223813
00-0034383,2023_04_PIT_HOU,2023,4,1.0,0.12210123486137639,2,2022,0.1491930399549295,0.1543149044833345
00-0034613,2023_04_CIN_TEN,2023,4,0.0,0.18565700104095734,2,2022,0.172036857306234,0.2406711961054178
00-0034753,2023_04_BAL_CLE,2023,4,2.0,0.22564075739710898,2,2022,0.2482628230820457,0.211959944084388
00-0034798,2023_04_MIA_BUF,2023,4,0.0,0.13761038731547967,2,2022,0.1608536497645388,0.1672173366247273
00-0034829,2023_04_NE_DAL,2023,4,0.0,0.1030699735190333,2,2022,0.1300813637339071,0.1449302599000956
00-0034830,2023_04_MIN_CAR,2023,4,0.0,0.21090352504535193,2,2022,0.2024004112046084,0.2463943536694471
00-0035229,2023_04_MIN_CAR,2023,4,0.0,0.25962674302202937,2,2022,0.2516176831772655,0.2700337401265206
00-0035249,2023_04_MIN_CAR,2023,4,0.0,0.03485005391989665,2,2022,0.0751618581284621,0.0930472028647658
00-0035329,2023_04_LV_LAC,2023,4,0.0,0.09762251909227537,2,2022,0.1209721126790434,0.1471290441832801
00-0035631,2023_04_CIN_TEN,2023,4,0.0,0.0840941811153422,2,2022,0.1044675011984757,0.1443768586714274
00-0035644,2023_04_SEA_NYG,2023,4,0.0,0.27789353198858907,2,2022,0.2886746747537748,0.2539194009102833
00-0035689,2023_04_MIA_BUF,2023,4,0.0,0.2239980748042728,2,2022,0.2151584212772916,0.2533775832352704
00-0035771,2023_04_CIN_TEN,2023,4,0.0,0.14259126571550249,2,2022,0.1563149993833394,0.1824816051986709
00-0036232,2023_04_BAL_CLE,2023,4,0.0,0.046581191829734636,2,2022,0.0736939987057329,0.1166180763844259
00-0036244,2023_04_SEA_NYG,2023,4,0.0,0.10575695140385596,2,2022,0.1416027775243769,0.1344103696955736
00-0036290,2023_04_DEN_CHI,2023,4,2.0,0.23532497676121872,2,2022,0.231734761279972,0.251980017737001
00-0036332,2023_04_DET_GB,2023,4,0.0,0.12515400096423654,2,2022,0.1129117873387319,0.2086430565915987
00-0036422,2023_04_DEN_CHI,2023,4,0.0,0.14528717213922926,2,2022,0.1707537122583474,0.1680617147826513
00-0036628,2023_04_WAS_PHI,2023,4,0.0,0.11508490103684357,2,2022,0.1299654598840813,0.1672086844041754
00-0036637,2023_04_KC_NYJ,2023,4,1.0,0.13016200640068543,2,2022,0.1405908089850275,0.1807054231041324
00-0036876,2023_04_LA_IND,2023,4,0.0,0.19400915983070882,2,2022,0.2112427494463381,0.2034163897610504
00-0036887,2023_04_ATL_JAX,2023,4,0.0,0.08284291129013668,2,2022,0.1101095805718106,0.1344984967095398
00-0036894,2023_04_PIT_HOU,2023,4,0.0,0.2072233924884157,2,2022,0.224234757793368,0.2103058488820903
00-0036970,2023_04_ATL_JAX,2023,4,0.0,0.2821433428491042,2,2022,0.2978501689086643,0.249426490963226
00-0037078,2023_04_WAS_PHI,2023,4,0.0,0.14481896066303615,2,2022,0.1647589207290638,0.1752475451643444
00-0037311,2023_04_TB_NO,2023,4,0.0,0.009536017931834812,2,2022,0.040787081737222,0.0925847565581218
00-0037744,2023_04_ARI_SF,2023,4,0.0,0.08388170660953781,2,2022,0.1107122552992273,0.1356021241348038
00-0037809,2023_04_CIN_TEN,2023,4,0.0,0.16443336286893295,2,2022,0.1740766325016525,0.1988541978606439
00-0037838,2023_04_BAL_CLE,2023,4,0.0,0.009944832457622205,2,2022,0.042881637605559,0.0905255809354802
00-0038041,2023_04_NE_DAL,2023,4,0.0,0.23855065765422184,2,2022,0.2504007500328046,0.2328605207727123
00-0038115,2023_04_SEA_NYG,2023,4,0.0,0.0669801678240117,2,2022,0.0953997999820965,0.1250384814776363
00-0038129,2023_04_TB_NO,2023,4,1.0,0.1825275950692017,2,2022,0.2115896271112175,0.1818099548452758
00-0038547,2023_04_NE_DAL,2023,4,0.0,0.07314853496184393,2,2022,0.1079605248841635,0.1195335345520753
00-0038720,2023_04_MIA_BUF,2023,4,0.0,0.010380491381563065,2,2022,0.039654364908971,0.0956603263543948
00-0038933,2023_04_MIA_BUF,2023,4,0.0,0.17010452211169685,2,2022,0.1747446013302138,0.2083996397357665
00-0039065,2023_04_DET_GB,2023,4,0.0,0.2420002135276763,2,2022,0.2415177496864947,0.2511374378248757
00-0039144,2023_04_DET_GB,2023,4,0.0,0.48172419226799124,2,2022,0.4745632040329131,0.3796751746297029
00-0030061,2023_05_CIN_ARI,2023,5,1.0,0.21390519500190835,2,2022,0.2244268123591714,0.2223510756183972
00-0030506,2023_05_KC_MIN,2023,5,1.0,0.4693037040523367,2,2022,0.4653078280105556,0.3692308344059221
00-0031260,2023_05_CHI_WAS,2023,5,1.0,0.3045009531910971,2,2022,0.3169079812261403,0.2650081813366731
00-0031610,2023_05_NYG_MIA,2023,5,0.0,0.2657981488808153,2,2022,0.262800560245978,0.2663841330441943
00-0032134,2023_05_NYJ_DEN,2023,5,0.0,0.08481199347926122,2,2022,0.1167323723999858,0.1292331038479195
00-0032392,2023_05_GB_LV,2023,5,0.0,0.15923492591790897,2,2022,0.1818086320752059,0.1789023092551626
00-0033090,2023_05_NO_NE,2023,5,0.0,0.2510780500082941,2,2022,0.2604386986591488,0.2424511066321769
00-0033110,2023_05_PHI_LA,2023,5,0.0,0.3236165030234418,2,2022,0.3277800583363848,0.2856095905869085
00-0033217,2023_05_TEN_IND,2023,5,0.0,0.10650281926448635,2,2022,0.1260033832999644,0.15672572553535
00-0033288,2023_05_DAL_SF,2023,5,3.0,0.3434853716397493,2,2022,0.3096721534026049,0.3465033586305248
00-0033357,2023_05_NO_NE,2023,5,0.0,0.07911123707930076,2,2022,0.0973636017862017,0.144738774554636
00-0033757,2023_05_CHI_WAS,2023,5,0.0,0.09696192315813926,2,2022,0.1209964638475472,0.1458800120848537
00-0033858,2023_05_HOU_ATL,2023,5,0.0,0.21438581077890767,2,2022,0.2160599686604686,0.2344684134873422
00-0033881,2023_05_JAX_BUF,2023,5,0.0,0.22990680223993448,2,2022,0.2329437242171128,0.2403806320370875
00-0034270,2023_05_NYJ_DEN,2023,5,0.0,0.21691241226848307,2,2022,0.215956523411976,0.2392594639469401
00-0034351,2023_05_PHI_LA,2023,5,1.0,0.3055725816882347,2,2022,0.2809243119808915,0.3152890056062822
00-0034365,2023_05_CAR_DET,2023,5,0.0,0.0820222168640509,2,2022,0.0958424657957368,0.152140805770305
00-0034383,2023_05_HOU_ATL,2023,5,1.0,0.18111406359929227,2,2022,0.2111890594225984,0.1797450075377074
00-0034753,2023_05_BAL_PIT,2023,5,0.0,0.29017769096679347,2,2022,0.3169730482704848,0.2385477181227951
00-0034829,2023_05_NO_NE,2023,5,0.0,0.140338403778149,2,2022,0.168241448561383,0.1623223399781652
00-0034830,2023_05_CAR_DET,2023,5,0.0,0.2575568144569839,2,2022,0.2712186600931122,0.2399083418016976
00-0034981,2023_05_NO_NE,2023,5,1.0,0.061210091089705626,2,2022,0.0909506207625822,0.1203871360055542
00-0035229,2023_05_KC_MIN,2023,5,0.0,0.27651608751231016,2,2022,0.275393141128012,0.2692134469562101
00-0035249,2023_05_KC_MIN,2023,5,0.0,0.0880290578512371,2,2022,0.1250390399357322,0.1240050098796624
00-0035259,2023_05_TEN_IND,2023,5,0.0,0.06832193653599361,2,2022,0.0933715909100612,0.1302318981691607
00-0035689,2023_05_JAX_BUF,2023,5,0.0,0.11694404928209354,2,2022,0.130595857054486,0.169785592786306
00-0036290,2023_05_CHI_WAS,2023,5,1.0,0.25513022125308943,2,2022,0.2940647990409249,0.2047696322934497
00-0036332,2023_05_GB_LV,2023,5,0.0,0.12528680509944326,2,2022,0.1361396825038486,0.1777044064958182
00-0036422,2023_05_NYJ_DEN,2023,5,1.0,0.14945417692554708,2,2022,0.1612657777250966,0.1884717720461484
00-0036628,2023_05_CHI_WAS,2023,5,0.0,0.10929902401177874,2,2022,0.1331586330836235,0.1522684768445178
00-0036637,2023_05_KC_MIN,2023,5,0.0,0.11524563438988167,2,2022,0.1529752602610371,0.1366142494901382
00-0036741,2023_05_PHI_LA,2023,5,0.0,0.08317190016143736,2,2022,0.1044707735394473,0.1426742897141291
00-0036754,2023_05_CAR_DET,2023,5,0.0,0.12028951898949386,2,2022,0.1323537130046059,0.1735856322600041
00-0036876,2023_05_TEN_IND,2023,5,0.0,0.20015440445909055,2,2022,0.2146376784351727,0.210173842412822
00-0036887,2023_05_JAX_BUF,2023,5,0.0,0.06623234314688181,2,2022,0.1022675154313473,0.1144416999301259
00-0036970,2023_05_HOU_ATL,2023,5,0.0,0.177037067614289,2,2022,0.2042830349176002,0.1815093811146919
00-0037078,2023_05_CHI_WAS,2023,5,0.0,0.1730351551889257,2,2022,0.182551133904806,0.2033155714253846
00-0037277,2023_05_HOU_ATL,2023,5,0.0,0.06816443635136349,2,2022,0.0905108136319681,0.1337824567694761
00-0037292,2023_05_TEN_IND,2023,5,0.0,0.17399740810593464,2,2022,0.1770577574903131,0.2124621408400429
00-0037744,2023_05_CIN_ARI,2023,5,0.0,0.08868056171576955,2,2022,0.1251339503018199,0.1250771937229657
00-0037805,2023_05_NYJ_DEN,2023,5,0.0,0.09928407991659538,2,2022,0.1151868171918778,0.1579551320147965
00-0037809,2023_05_TEN_IND,2023,5,0.0,0.15099884775119932,2,2022,0.1745611578862813,0.1734670474302102
00-0038041,2023_05_DAL_SF,2023,5,0.0,0.3247478609244892,2,2022,0.3154275523240963,0.3042758311489855
00-0038115,2023_05_NYG_MIA,2023,5,0.0,0.0618344243642662,2,2022,0.0983822298369703,0.1115598584329172
00-0038547,2023_05_DAL_SF,2023,5,0.0,0.05741386362528855,2,2022,0.0942140242805275,0.1090161435564283
00-0038558,2023_05_BAL_PIT,2023,5,0.0,0.07804735910683577,2,2022,0.1030925086451774,0.1350888882478685
00-0038933,2023_05_JAX_BUF,2023,5,0.0,0.2983038537942514,2,2022,0.2682611324536093,0.3189054263287447
00-0038935,2023_05_JAX_BUF,2023,5,0.0,0.05771080415104368,2,2022,0.0934846725990283,0.1105420398543229
00-0039065,2023_05_CAR_DET,2023,5,2.0,0.22046222813561522,2,2022,0.2549397863784787,0.1934610850226452
00-0039066,2023_05_GB_LV,2023,5,0.0,0.060856590766364654,2,2022,0.0963298864906484,0.1125146417834119
00-0039144,2023_05_GB_LV,2023,5,0.0,0.294986787246717,2,2022,0.2840683333537522,0.291576800175215
00-0030061,2023_06_ARI_LA,2023,6,0.0,0.21234937006317928,2,2022,0.2448929162150849,0.19201086225982
00-0030506,2023_06_DEN_KC,2023,6,0.0,0.5972559238536365,2,2022,0.6112659973330634,0.4088793290969366
00-0031260,2023_06_WAS_ATL,2023,6,0.0,0.29592898863966555,2,2022,0.3149601563327733,0.2518397415878609
00-0031484,2023_06_DEN_KC,2023,6,0.0,0.08995492521204448,2,2022,0.1163876332761464,0.1391654805516271
00-0031585,2023_06_WAS_ATL,2023,6,0.0,0.09150578306957524,2,2022,0.1156972135783174,0.1429479218466987
00-0031610,2023_06_NYG_BUF,2023,6,0.0,0.21241177913855597,2,2022,0.2428329873453977,0.1948912053152341
00-0032134,2023_06_PHI_NYJ,2023,6,0.0,0.06666597788230685,2,2022,0.0927238437968339,0.1280524104630068
00-0032392,2023_06_NE_LV,2023,6,0.0,0.15432176558052155,2,2022,0.176706169367776,0.1767058108168931
00-0033090,2023_06_NE_LV,2023,6,0.0,0.2564962362477355,2,2022,0.2641053390950734,0.2475050730109663
00-0033110,2023_06_ARI_LA,2023,6,0.0,0.2640407059069325,2,2022,0.2782465722648775,0.2424120997611309
00-0033288,2023_06_SF_CLE,2023,6,0.0,0.5202624689285933,2,2022,0.5014794740091773,0.4145000861299565
00-0033357,2023_06_NO_HOU,2023,6,0.0,0.12246866459488706,2,2022,0.1514199117267725,0.1520018953784532
00-0033439,2023_06_NE_LV,2023,6,0.0,0.09753909780583736,2,2022,0.113809990876731,0.1565905077119999
00-0033757,2023_06_MIN_CHI,2023,6,0.0,0.10179917813714315,2,2022,0.1266113928029399,0.1472487676507739
00-0033858,2023_06_WAS_ATL,2023,6,1.0,0.19235972635180076,2,2022,0.2130618854818016,0.1979371547434942
00-0033881,2023_06_IND_JAX,2023,6,0.0,0.23684656578403335,2,2022,0.2654076182532185,0.2095762671662122
00-0033885,2023_06_SF_CLE,2023,6,0.0,0.1922042843391622,2,2022,0.2196148082233165,0.1888537200763132
00-0033895,2023_06_DAL_LAC,2023,6,1.0,0.16943295151388443,2,2022,0.2055066236580167,0.1658654337186842
00-0034159,2023_06_SEA_CIN,2023,6,0.0,0.08262198236717083,2,2022,0.0974525771553474,0.1510835851585808
00-0034270,2023_06_PHI_NYJ,2023,6,0.0,0.266305540198834,2,2022,0.2593032963084649,0.2720134178664019
00-0034351,2023_06_PHI_NYJ,2023,6,0.0,0.4781527121358601,2,2022,0.4717838340548079,0.3768303577901122
00-0034383,2023_06_NO_HOU,2023,6,1.0,0.24339795635094436,2,2022,0.2667295039364958,0.219864584067312
00-0034753,2023_06_BAL_TEN,2023,6,0.0,0.2739202742140568,2,2022,0.3016068958619534,0.2292421710881446
00-0034798,2023_06_CAR_MIA,2023,6,0.0,0.18064347465886632,2,2022,0.1982138758043563,0.1962975556473533
00-0034829,2023_06_NE_LV,2023,6,0.0,0.12984932880469974,2,2022,0.1522864142550302,0.1644284824128501
00-0034830,2023_06_CAR_MIA,2023,6,0.0,0.14897402716325245,2,2022,0.1852612784229741,0.1553740017476378
00-0034970,2023_06_SEA_CIN,2023,6,0.0,0.2531876419193352,2,2022,0.2223142037536541,0.2975171439618253
00-0034981,2023_06_NO_HOU,2023,6,0.0,0.0902791326391984,2,2022,0.1236548550217763,0.1300062758579261
00-0035229,2023_06_MIN_CHI,2023,6,0.0,0.2612022290277695,2,2022,0.2720621989710664,0.2454881232834492
00-0035329,2023_06_DAL_LAC,2023,6,0.0,0.08225131843001082,2,2022,0.0928416025101442,0.1565912696103593
00-0035631,2023_06_SEA_CIN,2023,6,0.0,0.059331706516406124,2,2022,0.0944184484577536,0.1122729889100569
00-0035644,2023_06_SEA_CIN,2023,6,0.0,0.19838559321234217,2,2022,0.2259930209122061,0.1916725533222305
00-0035689,2023_06_NYG_BUF,2023,6,0.0,0.2014443766709223,2,2022,0.2036800048483806,0.227259589728312
00-0035771,2023_06_SEA_CIN,2023,6,0.0,0.0036884302030206068,2,2022,0.0372060469909654,0.0866252179045826
00-0036232,2023_06_SF_CLE,2023,6,0.0,0.047309033245058946,2,2022,0.0705347270842953,0.1221995204215112
00-0036244,2023_06_SEA_CIN,2023,6,0.0,0.10551630425273162,2,2022,0.1368662777556289,0.1403259672503408
00-0036290,2023_06_MIN_CHI,2023,6,0.0,0.2690266500860199,2,2022,0.2923854311231182,0.2326113566319603
00-0036422,2023_06_DEN_KC,2023,6,0.0,0.17769143727795056,2,2022,0.2026813942305943,0.1848644417747484
00-0036637,2023_06_DEN_KC,2023,6,0.0,0.13306140469157457,2,2022,0.148503518149416,0.1754213020219076
00-0036754,2023_06_DET_TB,2023,6,0.0,0.1268001207888444,2,2022,0.1471937160649625,0.1656509301259409
00-0036876,2023_06_IND_JAX,2023,6,0.0,0.20443898578375658,2,2022,0.2141998836479527,0.2186506833108402
00-0036970,2023_06_WAS_ATL,2023,6,1.0,0.1977992279546662,2,2022,0.2303490813114243,0.184744931226386
00-0037292,2023_06_IND_JAX,2023,6,0.0,0.18412373916064217,2,2022,0.1821129674770649,0.2243209734569274
00-0037744,2023_06_ARI_LA,2023,6,0.0,0.11016561052676097,2,2022,0.1351770202800242,0.1511544423947124
00-0037805,2023_06_PHI_NYJ,2023,6,0.0,0.07791559271337031,2,2022,0.1000530639538492,0.1389266888456331
00-0037809,2023_06_BAL_TEN,2023,6,0.0,0.14500240556998514,2,2022,0.1627022779668266,0.1783463373050169
00-0038041,2023_06_DAL_LAC,2023,6,0.0,0.27194132318860326,2,2022,0.2620446286754028,0.2787102557478192
00-0038129,2023_06_DET_TB,2023,6,0.0,0.22691319583691472,2,2022,0.233088819016371,0.2346737815411084
00-0038589,2023_06_BAL_TEN,2023,6,0.0,0.07617168967573437,2,2022,0.1056657808395896,0.1281806708540751
00-0038935,2023_06_IND_JAX,2023,6,1.0,0.07329161137726081,2,2022,0.1101714727773981,0.1168288061802745
00-0039065,2023_06_DET_TB,2023,6,0.0,0.2453444619388948,2,2022,0.2570848342185342,0.2363964995773859
00-0039066,2023_06_NE_LV,2023,6,0.0,0.1293961516448022,2,2022,0.1513782308767049,0.1648132827934317
00-0030061,2023_07_ARI_SEA,2023,7,0.0,0.17391238871370532,2,2022,0.1927851821689044,0.1911917115260298
00-0030506,2023_07_LAC_KC,2023,7,1.0,0.5187199155703895,2,2022,0.5261579925841288,0.3785291916116732
00-0031260,2023_07_WAS_NYG,2023,7,0.0,0.24519114757809013,2,2022,0.2695988511705636,0.2193142827706318
00-0031610,2023_07_WAS_NYG,2023,7,1.0,0.223388482032367,2,2022,0.2432710391321926,0.2145142903737973
00-0032062,2023_07_LAC_KC,2023,7,0.0,0.08148936754144451,2,2022,0.1009326790909394,0.1443261296671353
00-0032141,2023_07_ARI_SEA,2023,7,0.0,0.07124700915922469,2,2022,0.092057444805693,0.1373819967041935
00-0032392,2023_07_LV_CHI,2023,7,0.0,0.1240919093119974,2,2022,0.1330892006328176,0.179599507329769
00-0033090,2023_07_BUF_NE,2023,7,0.0,0.2026695607729802,2,2022,0.219462174855717,0.2083281146672172
00-0033110,2023_07_PIT_LA,2023,7,0.0,0.26592433848558256,2,2022,0.2721355902715751,0.2540843138394584
00-0033217,2023_07_CLE_IND,2023,7,0.0,0.09084870160966119,2,2022,0.1115296285460251,0.1473329865329138
00-0033288,2023_07_SF_MIN,2023,7,0.0,0.4438399076625609,2,2022,0.4285755409248584,0.371657568250659
00-0033357,2023_07_JAX_NO,2023,7,0.0,0.15065796030584833,2,2022,0.1884185318266524,0.1542360152256253
00-0033439,2023_07_BUF_NE,2023,7,0.0,0.0839887257993428,2,2022,0.0973791057667178,0.1536987746242289
00-0033858,2023_07_ATL_TB,2023,7,0.0,0.1876614089561155,2,2022,0.2081913300574581,0.1958249091109388
00-0033881,2023_07_JAX_NO,2023,7,0.0,0.27375015536982894,2,2022,0.2904599642649147,0.2438935611530907
00-0033885,2023_07_CLE_IND,2023,7,0.0,0.25777847922636077,2,2022,0.2829156757936574,0.2246133806088877
00-0033895,2023_07_LAC_KC,2023,7,1.0,0.18786088029325781,2,2022,0.1941535817424594,0.2150377054115763
00-0034351,2023_07_MIA_PHI,2023,7,1.0,0.3705590984212873,2,2022,0.362089683202497,0.3259836984718947
00-0034753,2023_07_DET_BAL,2023,7,2.0,0.31135375787053243,2,2022,0.3306859247419224,0.2591293725316264
00-0034829,2023_07_BUF_NE,2023,7,1.0,0.10542074173353191,2,2022,0.1299110579673809,0.1494873118403428
00-0034981,2023_07_JAX_NO,2023,7,0.0,0.08341608900400949,2,2022,0.1165244998275021,0.1269419217873165
00-0035229,2023_07_SF_MIN,2023,7,0.0,0.22080192459561432,2,2022,0.2404002445835731,0.2136057267130196
00-0035249,2023_07_SF_MIN,2023,7,0.0,0.08438817652823988,2,2022,0.102818006514089,0.1471326134908047
00-0035329,2023_07_LAC_KC,2023,7,0.0,0.11667202410012648,2,2022,0.1360550278220628,0.1619558453839353
00-0035644,2023_07_ARI_SEA,2023,7,0.0,0.14084117900828708,2,2022,0.1729125074603175,0.1569772467663772
00-0035689,2023_07_BUF_NE,2023,7,0.0,0.27694670553389034,2,2022,0.2544605367251496,0.2981081128368787
00-0036232,2023_07_CLE_IND,2023,7,0.0,0.0730524323190472,2,2022,0.0861650141469191,0.1486168028511696
00-0036244,2023_07_ARI_SEA,2023,7,0.0,0.12180261925069444,2,2022,0.159174939321165,0.1403644860908682
00-0036290,2023_07_LV_CHI,2023,7,0.0,0.16528737315316952,2,2022,0.1661282049328788,0.2110973401267442
00-0036332,2023_07_GB_DEN,2023,7,0.0,0.0645521059482467,2,2022,0.1042195986298214,0.1087272666707167
00-0036422,2023_07_GB_DEN,2023,7,0.0,0.12877765647228334,2,2022,0.1597053135096418,0.1524954493588513
00-0036628,2023_07_WAS_NYG,2023,7,0.0,0.09512282881236117,2,2022,0.1151067004527445,0.1504006665799785
00-0036637,2023_07_LAC_KC,2023,7,0.0,0.08619209381721626,2,2022,0.1136469459074716,0.135916401836593
00-0036970,2023_07_ATL_TB,2023,7,0.0,0.1831635367242307,2,2022,0.2185113551090024,0.1736885609543222
00-0037292,2023_07_CLE_IND,2023,7,0.0,0.01781515660521249,2,2022,0.0520298489694398,0.0927356702534944
00-0037311,2023_07_ATL_TB,2023,7,0.0,0.01674939977723941,2,2022,0.0485728447578475,0.0954143033674824
00-0037475,2023_07_LAC_KC,2023,7,0.0,0.10886740777546097,2,2022,0.1302441834498051,0.1553863660300591
00-0037744,2023_07_ARI_SEA,2023,7,0.0,0.12199060493458366,2,2022,0.1430091046085777,0.1624130653785112
00-0038129,2023_07_ATL_TB,2023,7,0.0,0.16923548442789185,2,2022,0.1957409201954147,0.1786121853330772
00-0038720,2023_07_MIA_PHI,2023,7,0.0,0.007038726591625147,2,2022,0.0416256298557977,0.0868608071748253
00-0038933,2023_07_BUF_NE,2023,7,0.0,0.17327321960137915,2,2022,0.1778057943385128,0.2101244775044081
00-0038996,2023_07_GB_DEN,2023,7,0.0,0.00623220108127584,2,2022,0.0334074829241967,0.0964085360806381
00-0039065,2023_07_DET_BAL,2023,7,0.0,0.23400357608535632,2,2022,0.2527414610854668,0.2213457008959532
00-0039066,2023_07_LV_CHI,2023,7,0.0,0.19927448628654154,2,2022,0.2104852641143097,0.2141282361988327
00-0039144,2023_07_GB_DEN,2023,7,0.0,0.36546958991360823,2,2022,0.3381810705426628,0.3487095318550308
00-0030506,2023_08_KC_DEN,2023,8,0.0,0.6155762092898973,2,2022,0.6153984221028664,0.4370643402822508
00-0031260,2023_08_PHI_WAS,2023,8,1.0,0.20491425274233088,2,2022,0.2259499512449092,0.2037514527630277
00-0031585,2023_08_ATL_TEN,2023,8,0.0,0.10700368136574323,2,2022,0.1270655720749687,0.1562219759447644
00-0031610,2023_08_NYJ_NYG,2023,8,0.0,0.2936522624055317,2,2022,0.2986379458881212,0.269560032987571
00-0032062,2023_08_KC_DEN,2023,8,0.0,0.11976324148951256,2,2022,0.1297733598925017,0.1760807030181036
00-0032134,2023_08_NYJ_NYG,2023,8,0.0,0.07640151043958923,2,2022,0.0979173071069187,0.1390060708186146
00-0032392,2023_08_LV_DET,2023,8,0.0,0.10464005308155816,2,2022,0.1235059688886992,0.1566486044833809
00-0033090,2023_08_NE_MIA,2023,8,0.0,0.2564907231353786,2,2022,0.2544214035510955,0.2604954928244927
00-0033110,2023_08_LA_DAL,2023,8,0.0,0.26702499443696204,2,2022,0.2716820058434538,0.2567198595497472
00-0033217,2023_08_NO_IND,2023,8,0.0,0.08406726979287432,2,2022,0.1099788962130101,0.1369283236468262
00-0033288,2023_08_CIN_SF,2023,8,0.0,0.5214221088803206,2,2022,0.4928982663776158,0.4281554775453711
00-0033357,2023_08_NO_IND,2023,8,0.0,0.14182698661557686,2,2022,0.1749097352252592,0.1561111378139066
00-0033439,2023_08_NE_MIA,2023,8,0.0,0.11044970245043251,2,2022,0.1371160232716675,0.1490744456854404
00-0033757,2023_08_CHI_LAC,2023,8,0.0,0.08381332851241358,2,2022,0.1099408186872913,0.1365118657217295
00-0033858,2023_08_ATL_TEN,2023,8,0.0,0.19878960812834678,2,2022,0.2010538387913766,0.2258970195321372
00-0033881,2023_08_JAX_PIT,2023,8,0.0,0.2517953507885226,2,2022,0.2697309115210045,0.2312971691338733
00-0033885,2023_08_CLE_SEA,2023,8,1.0,0.2302009863204344,2,2022,0.2615313945582473,0.202543691408239
00-0034159,2023_08_CLE_SEA,2023,8,0.0,0.00648907502583676,2,2022,0.0384187329481205,0.0901539675416772
00-0034270,2023_08_NYJ_NYG,2023,8,0.0,0.2612392556699479,2,2022,0.2544913790130381,0.2691449213411102
00-0034351,2023_08_PHI_WAS,2023,8,0.0,0.41734621323654064,2,2022,0.3983304032495064,0.3634790504886261
00-0034383,2023_08_HOU_CAR,2023,8,0.0,0.21967130577349986,2,2022,0.2475420955333753,0.2019360908998071
00-0034753,2023_08_BAL_ARI,2023,8,1.0,0.3911988087149074,2,2022,0.4165351123979874,0.2908947921928995
00-0034798,2023_08_NE_MIA,2023,8,0.0,0.13839296317342595,2,2022,0.1569028596625929,0.1739621663680141
00-0034829,2023_08_NE_MIA,2023,8,0.0,0.11546607303612327,2,2022,0.1440226836597875,0.1490388684806477
00-0034830,2023_08_HOU_CAR,2023,8,0.0,0.1601445336806033,2,2022,0.1820278565459835,0.1802828439554557
00-0034970,2023_08_CIN_SF,2023,8,0.0,0.15076171166424657,2,2022,0.161255309850126,0.1908933603459277
00-0035229,2023_08_MIN_GB,2023,8,1.0,0.24469982149074665,2,2022,0.2293726197772076,0.2724128631356022
00-0035329,2023_08_CHI_LAC,2023,8,1.0,0.1310723601715286,2,2022,0.1404517927808652,0.1825682653581082
00-0035631,2023_08_CIN_SF,2023,8,0.0,0.05268249782081888,2,2022,0.0826872399714978,0.1157789565716255
00-0035644,2023_08_CLE_SEA,2023,8,0.0,0.1311470689075385,2,2022,0.1606883184214654,0.1555385243077873
00-0036040,2023_08_NO_IND,2023,8,0.0,0.15836730767035503,2,2022,0.1767445110734296,0.1841033062552897
00-0036232,2023_08_CLE_SEA,2023,8,0.0,0.06379179447573263,2,2022,0.0884852803073681,0.1284504612708964
00-0036290,2023_08_CHI_LAC,2023,8,0.0,0.2860106911889011,2,2022,0.2898388010702931,0.2673025236864901
00-0036429,2023_08_CIN_SF,2023,8,0.0,0.004015502403901153,2,2022,0.0339360678332437,0.0916173578781471
00-0036628,2023_08_PHI_WAS,2023,8,0.0,0.08927187906971759,2,2022,0.1116522979216898,0.1442649352453807
00-0036637,2023_08_KC_DEN,2023,8,0.0,0.1171517724551775,2,2022,0.1357423275167999,0.1632589921320278
00-0036754,2023_08_LV_DET,2023,8,0.0,0.10069426052793193,2,2022,0.1236438243030662,0.1491982331111877
00-0036887,2023_08_JAX_PIT,2023,8,0.0,0.058753779234369474,2,2022,0.0896319500574916,0.1176346824715632
00-0036970,2023_08_ATL_TEN,2023,8,0.0,0.1886701374551027,2,2022,0.2122465090105308,0.1922382283315677
00-0037005,2023_08_HOU_CAR,2023,8,1.0,0.09572755813786529,2,2022,0.1116860333829581,0.1561063473547944
00-0037292,2023_08_NO_IND,2023,8,1.0,0.1011134587654342,2,2022,0.1155665120470218,0.1608137916005537
00-0037311,2023_08_TB_BUF,2023,8,0.0,0.007497498946533038,2,2022,0.0408302378365675,0.0887733392891696
00-0037744,2023_08_BAL_ARI,2023,8,1.0,0.11002296041220413,2,2022,0.137942886211945,0.1471786409511532
00-0037805,2023_08_NYJ_NYG,2023,8,0.0,0.08983260680396174,2,2022,0.1126590053906622,0.1439458979527481
00-0037809,2023_08_ATL_TEN,2023,8,0.0,0.1984713107922843,2,2022,0.2168182695739133,0.2041473803449901
00-0037838,2023_08_BAL_ARI,2023,8,0.0,0.11191581151009197,2,2022,0.1256418619938299,0.1671778886772063
00-0038041,2023_08_LA_DAL,2023,8,1.0,0.37140073841409293,2,2022,0.3450177248339675,0.3504522977167745
00-0038115,2023_08_NYJ_NYG,2023,8,0.0,0.08535361352014342,2,2022,0.1042223572657773,0.1470249270708563
00-0038129,2023_08_TB_BUF,2023,8,0.0,0.1782433306614901,2,2022,0.2070657261790616,0.1799947163520179
00-0038547,2023_08_LA_DAL,2023,8,0.0,0.06521633811207805,2,2022,0.0899894152916438,0.1290541587648811
00-0038720,2023_08_NE_MIA,2023,8,0.0,0.11771749316045657,2,2022,0.1479085737055029,0.1479675971768494
00-0038933,2023_08_TB_BUF,2023,8,1.0,0.30139216658361073,2,2022,0.2991987570660627,0.2830584678557381
00-0038996,2023_08_MIN_GB,2023,8,0.0,0.0008103842863631111,2,2022,0.0345084657181983,0.0849474060294054
00-0039065,2023_08_LV_DET,2023,8,1.0,0.2507609924066047,2,2022,0.2593774813573249,0.2432919872619433
00-0039066,2023_08_LV_DET,2023,8,0.0,0.1841338650154929,2,2022,0.1929438060232817,0.2097993430268474
00-0039144,2023_08_MIN_GB,2023,8,0.0,0.2420688554819594,2,2022,0.2639696463149053,0.2211224163219178
00-0030506,2023_09_MIA_KC,2023,9,0.0,0.630885912105964,2,2022,0.6416963192974442,0.4299491418393952
00-0031260,2023_09_WAS_NE,2023,9,0.0,0.2304275314905146,2,2022,0.2531546376297019,0.2142065229860086
00-0032134,2023_09_LAC_NYJ,2023,9,0.0,0.07345990949178272,2,2022,0.0971070475425328,0.13467752897376
00-0032392,2023_09_NYG_LV,2023,9,0.0,0.11194319486875934,2,2022,0.1256629364008029,0.1672000169138504
00-0033090,2023_09_WAS_NE,2023,9,1.0,0.2514254551257299,2,2022,0.2538169737459637,0.2519803649088278
00-0033110,2023_09_LA_GB,2023,9,0.0,0.2930335537420796,2,2022,0.2961638119345793,0.2717423142664527
00-0033217,2023_09_IND_CAR,2023,9,0.0,0.022817137007207722,2,2022,0.0557443465733947,0.0969590381765045
00-0033357,2023_09_CHI_NO,2023,9,1.0,0.14015260533330814,2,2022,0.1689405357333498,0.1610417169310556
00-0033439,2023_09_WAS_NE,2023,9,0.0,0.03758765314764306,2,2022,0.0687969502332601,0.106632699749713
00-0033757,2023_09_CHI_NO,2023,9,0.0,0.0955095650897117,2,2022,0.1196170823769458,0.1450576203384574
00-0033858,2023_09_MIN_ATL,2023,9,1.0,0.21751537154157746,2,2022,0.2185470642801499,0.2368919087270455
00-0033885,2023_09_ARI_CLE,2023,9,1.0,0.24953799266774818,2,2022,0.2619678638761357,0.2375625459769936
00-0033895,2023_09_LAC_NYJ,2023,9,0.0,0.19425889631069776,2,2022,0.2244207530083574,0.1861849073967963
00-0034159,2023_09_SEA_BAL,2023,9,0.0,0.07754520242710466,2,2022,0.107785906434585,0.1278634460484782
00-0034270,2023_09_LAC_NYJ,2023,9,0.0,0.2080579679852017,2,2022,0.2269545203939386,0.2081912849066161
00-0034351,2023_09_DAL_PHI,2023,9,0.0,0.3878054816838331,2,2022,0.3799785290257519,0.3337235214411611
00-0034383,2023_09_TB_HOU,2023,9,1.0,0.24199201567621598,2,2022,0.2571219155832559,0.2301739318273448
00-0034613,2023_09_BUF_CIN,2023,9,0.0,0.1237609663014978,2,2022,0.1367295746366559,0.1741029893398502
00-0034753,2023_09_SEA_BAL,2023,9,0.0,0.3018135118657434,2,2022,0.3231491928816601,0.2516810998724014
00-0034798,2023_09_MIA_KC,2023,9,0.0,0.15417772478916583,2,2022,0.1798088960277997,0.1722752171355733
00-0034829,2023_09_WAS_NE,2023,9,0.0,0.1210622912545812,2,2022,0.1374087733440725,0.1682221612474499
00-0034830,2023_09_IND_CAR,2023,9,0.0,0.17092675739732602,2,2022,0.2004048989824331,0.17546495214841
00-0034970,2023_09_BUF_CIN,2023,9,1.0,0.14443637720809008,2,2022,0.147763696488247,0.1973589937043441
00-0034981,2023_09_CHI_NO,2023,9,0.0,0.10737590116584037,2,2022,0.1286632039359117,0.1547625339570637
00-0035229,2023_09_MIN_ATL,2023,9,0.0,0.26196367093042083,2,2022,0.2410601054798194,0.2885101001295246
00-0035249,2023_09_MIN_ATL,2023,9,0.0,0.1035819351306067,2,2022,0.124061915256613,0.1539539633536277
00-0035259,2023_09_TEN_PIT,2023,9,0.0,0.00477867708922218,2,2022,0.0422159717743845,0.0819068999723127
00-0035329,2023_09_LAC_NYJ,2023,9,0.0,0.13167001084901303,2,2022,0.1523547478349471,0.1676891276569189
00-0035631,2023_09_BUF_CIN,2023,9,1.0,0.052616481247613825,2,2022,0.0858373480821134,0.1114284181404985
00-0035644,2023_09_SEA_BAL,2023,9,0.0,0.1375541234555246,2,2022,0.1608677565542855,0.1670948010007272
00-0036040,2023_09_CHI_NO,2023,9,1.0,0.12087285456020352,2,2022,0.1422211866225227,0.1614127466494489
00-0036232,2023_09_ARI_CLE,2023,9,0.0,0.0039017889431570835,2,2022,0.0336453937465488,0.09179820633925
00-0036244,2023_09_SEA_BAL,2023,9,0.0,0.13207433999313706,2,2022,0.1552023233174258,0.1646107731129411
00-0036290,2023_09_CHI_NO,2023,9,2.0,0.2282528628690405,2,2022,0.2455440430234486,0.2204194877736172
00-0036332,2023_09_LA_GB,2023,9,0.0,0.11701393925999429,2,2022,0.132893994460693,0.1668290569091366
00-0036628,2023_09_WAS_NE,2023,9,0.0,0.1111122872150476,2,2022,0.1216154202313351,0.1711038281532658
00-0036637,2023_09_MIA_KC,2023,9,0.0,0.07309249330333731,2,2022,0.1139052989312646,0.1114495561553205
00-0036876,2023_09_IND_CAR,2023,9,0.0,0.21628110355501323,2,2022,0.2251429343246106,0.2257643989835949
00-0036970,2023_09_MIN_ATL,2023,9,0.0,0.21836890761477085,2,2022,0.2280585326804791,0.2256944702993165
00-0037005,2023_09_IND_CAR,2023,9,0.0,0.11424850488937335,2,2022,0.1394490742257444,0.1529370042541243
00-0037292,2023_09_IND_CAR,2023,9,0.0,0.14296094835443424,2,2022,0.1452646631488838,0.1979972418513745
00-0037475,2023_09_LAC_NYJ,2023,9,0.0,0.10479106674264566,2,2022,0.1209457075432054,0.16036378377426
00-0037744,2023_09_ARI_CLE,2023,9,0.0,0.206407875927266,2,2022,0.2096798598054783,0.2283440374522576
00-0037805,2023_09_LAC_NYJ,2023,9,0.0,0.09731020480844421,2,2022,0.1245157240453179,0.1417967295799568
00-0037809,2023_09_TEN_PIT,2023,9,0.0,0.1661904612885997,2,2022,0.1962054074890386,0.172381881604084
00-0037838,2023_09_SEA_BAL,2023,9,0.0,0.07750866339562157,2,2022,0.1021189798327239,0.1354039506647077
00-0038041,2023_09_DAL_PHI,2023,9,1.0,0.3046154564514595,2,2022,0.2841767512995679,0.3091603097001343
00-0038115,2023_09_NYG_LV,2023,9,0.0,0.1110838659629293,2,2022,0.1265277581929463,0.1644567400634292
00-0038129,2023_09_TB_HOU,2023,9,2.0,0.24530656810340207,2,2022,0.2713499583269284,0.2171759630575264
00-0038547,2023_09_DAL_PHI,2023,9,0.0,0.057603977218862124,2,2022,0.0876229643616289,0.1182146169697762
00-0038558,2023_09_TEN_PIT,2023,9,0.0,0.08363182242950579,2,2022,0.1045587109633013,0.143403079621243
00-0038589,2023_09_TEN_PIT,2023,9,0.0,0.06620250930135996,2,2022,0.1005957187045558,0.1166311352062716
00-0038933,2023_09_BUF_CIN,2023,9,0.0,0.4011494405148277,2,2022,0.3724222196181792,0.368437720459801
00-0038996,2023_09_LA_GB,2023,9,0.0,0.0010156908635288175,2,2022,0.0352776327690262,0.0842928347364971
00-0039066,2023_09_NYG_LV,2023,9,0.0,0.1901359551444628,2,2022,0.2188593098463767,0.1860595982745556
00-0039144,2023_09_LA_GB,2023,9,1.0,0.2664197077132255,2,2022,0.2762637274588805,0.2494544502079712
00-0031260,2023_10_WAS_SEA,2023,10,0.0,0.223782214327381,2,2022,0.2517937005066339,0.2037976871888138
00-0031484,2023_10_DEN_BUF,2023,10,0.0,0.07465545124519096,2,2022,0.1007162896690851,0.1320334883899404
00-0031585,2023_10_ATL_ARI,2023,10,0.0,0.0246055351912407,2,2022,0.060062572104658,0.0944548092686453
00-0032134,2023_10_NYJ_LV,2023,10,0.0,0.09677101419933509,2,2022,0.1258063781596697,0.1390712414716284
00-0032141,2023_10_ATL_ARI,2023,10,0.0,0.10785554596345825,2,2022,0.1263609126027187,0.1587364928727179
00-0032392,2023_10_NYJ_LV,2023,10,0.0,0.10402217573827849,2,2022,0.1177325022584946,0.1632617322502305
00-0033090,2023_10_IND_NE,2023,10,0.0,0.2988261049952218,2,2022,0.3004831435197231,0.2766093605225984
00-0033217,2023_10_IND_NE,2023,10,0.0,0.08378475396274931,2,2022,0.1156046407713285,0.1288556366626912
00-0033288,2023_10_SF_JAX,2023,10,1.0,0.43450609194155787,2,2022,0.4265666156596227,0.3571683750392951
00-0033357,2023_10_NO_MIN,2023,10,0.0,0.15244003790463734,2,2022,0.1895222584744943,0.1560355757756451
00-0033439,2023_10_IND_NE,2023,10,0.0,0.03632892274686701,2,2022,0.0677240674410136,0.1057553595042101
00-0033858,2023_10_ATL_ARI,2023,10,0.0,0.2242138912958383,2,2022,0.234488567221722,0.2278244650430999
00-0033881,2023_10_SF_JAX,2023,10,0.0,0.2558456111893641,2,2022,0.2615723483927535,0.2497076018270904
00-0033885,2023_10_CLE_BAL,2023,10,0.0,0.21447502560088821,2,2022,0.2422895013366109,0.1994198398422904
00-0033895,2023_10_DET_LAC,2023,10,0.0,0.16880495777600246,2,2022,0.2011960803213813,0.1704959768584464
00-0034159,2023_10_WAS_SEA,2023,10,0.0,0.08545756595838513,2,2022,0.1163478346506784,0.1309380198862298
00-0034270,2023_10_NYJ_LV,2023,10,0.0,0.25212476346785473,2,2022,0.2576440897300123,0.2481301274058298
00-0034383,2023_10_HOU_CIN,2023,10,0.0,0.2785979801723124,2,2022,0.2896729460364343,0.2538763184401029
00-0034613,2023_10_HOU_CIN,2023,10,0.0,0.1614483666924065,2,2022,0.1626916171564618,0.2086422401326411
00-0034753,2023_10_CLE_BAL,2023,10,0.0,0.41586299728389803,2,2022,0.3932915298834152,0.3675126661547988
00-0034829,2023_10_IND_NE,2023,10,0.0,0.1486067040789044,2,2022,0.151827354108566,0.199582312787336
00-0034830,2023_10_CAR_CHI,2023,10,0.0,0.19565523271614016,2,2022,0.2254224366120343,0.1874112026719241
00-0034970,2023_10_HOU_CIN,2023,10,0.0,0.21463961029538775,2,2022,0.2138996267814518,0.237835962901405
00-0034981,2023_10_NO_MIN,2023,10,0.0,0.021917006200686248,2,2022,0.0558575448924092,0.0951496794555028
00-0035229,2023_10_NO_MIN,2023,10,1.0,0.2984136116183992,2,2022,0.2739980646800989,0.3114057561463303
00-0035329,2023_10_DET_LAC,2023,10,0.0,0.12520771087102311,2,2022,0.1435741904071131,0.1675780315046283
00-0035631,2023_10_HOU_CIN,2023,10,0.0,0.1019416168326959,2,2022,0.1234124925075733,0.1518055234162856
00-0035644,2023_10_WAS_SEA,2023,10,0.0,0.10730342900045167,2,2022,0.1363134421050603,0.1443587366504123
00-0035771,2023_10_HOU_CIN,2023,10,0.0,0.11143557898015632,2,2022,0.1258303538295629,0.1660405988560656
00-0036040,2023_10_NO_MIN,2023,10,0.0,0.14301627411517906,2,2022,0.1624328544812014,0.1750510145196551
00-0036145,2023_10_NYG_DAL,2023,10,1.0,0.09724161358046429,2,2022,0.133061716438706,0.1301975385172876
00-0036232,2023_10_CLE_BAL,2023,10,0.0,0.0622496676604469,2,2022,0.0895238972672559,0.1242166454742157
00-0036244,2023_10_WAS_SEA,2023,10,0.0,0.1380023258919021,2,2022,0.1602133765157815,0.1687985640075348
00-0036290,2023_10_CAR_CHI,2023,10,0.0,0.21610853735679492,2,2022,0.2405508337644212,0.2047617305600002
00-0036332,2023_10_GB_PIT,2023,10,0.0,0.03379296310530516,2,2022,0.0710145372418293,0.0966685346389801
00-0036422,2023_10_DEN_BUF,2023,10,0.0,0.131841040418348,2,2022,0.1540951564459779,0.1656675623409314
00-0036628,2023_10_WAS_SEA,2023,10,0.0,0.09443374160171383,2,2022,0.1165548440444597,0.1471877493226707
00-0036754,2023_10_DET_LAC,2023,10,1.0,0.08198791649974549,2,2022,0.1141656982126345,0.1274789225621903
00-0036876,2023_10_IND_NE,2023,10,0.0,0.1802112777225785,2,2022,0.1886612777450284,0.208326012760866
00-0036970,2023_10_ATL_ARI,2023,10,0.0,0.20729603599664792,2,2022,0.220710192493246,0.215171293772206
00-0037005,2023_10_CAR_CHI,2023,10,0.0,0.13030838208021708,2,2022,0.1446052651249974,0.1755855807224101
00-0037311,2023_10_TEN_TB,2023,10,0.0,0.01563379190653072,2,2022,0.0454259501363419,0.0975848283171124
00-0037451,2023_10_GB_PIT,2023,10,0.0,0.001428732499731522,2,2022,0.034535266063661,0.0860499780043355
00-0037475,2023_10_DET_LAC,2023,10,0.0,0.09630567274679738,2,2022,0.116043637715307,0.1513207840187373
00-0037744,2023_10_ATL_ARI,2023,10,0.0,0.21344899460950506,2,2022,0.2319635732739969,0.2113930697623428
00-0037809,2023_10_TEN_TB,2023,10,0.0,0.19838385396441188,2,2022,0.2260753706542052,0.1915587973106837
00-0037838,2023_10_CLE_BAL,2023,10,0.0,0.0727740951656721,2,2022,0.0990169095552249,0.1308507863903876
00-0038041,2023_10_NYG_DAL,2023,10,1.0,0.35591908730763383,2,2022,0.3381479760407692,0.3311688279411453
00-0038115,2023_10_NYG_DAL,2023,10,0.0,0.09209539805644151,2,2022,0.1169322664858958,0.142375522925482
00-0038129,2023_10_TEN_TB,2023,10,0.0,0.25255474529290345,2,2022,0.2723263117423976,0.2292111310804646
00-0038547,2023_10_NYG_DAL,2023,10,0.0,0.07685611101753217,2,2022,0.1018673795726017,0.134540190578944
00-0038558,2023_10_GB_PIT,2023,10,0.0,0.07102223878491204,2,2022,0.0948323968072505,0.1332427910680199
00-0038589,2023_10_TEN_TB,2023,10,0.0,0.08030220613270936,2,2022,0.1096095156849704,0.1304916828196531
00-0038933,2023_10_DEN_BUF,2023,10,1.0,0.42311632585718567,2,2022,0.397726409504149,0.3749142880494604
00-0038935,2023_10_SF_JAX,2023,10,0.0,0.10791668720127204,2,2022,0.1388977923298451,0.1420184554891695
00-0038996,2023_10_GB_PIT,2023,10,0.0,0.05595989930657619,2,2022,0.0938146489887733,0.1068751473440984
00-0039065,2023_10_DET_LAC,2023,10,0.0,0.312327708356737,2,2022,0.302068279936771,0.2993415421490212
00-0039066,2023_10_NYJ_LV,2023,10,1.0,0.17108297085434437,2,2022,0.196371646726549,0.1811671788987351
00-0039144,2023_10_GB_PIT,2023,10,0.0,0.2825079421748615,2,2022,0.2857684755079552,0.2663173528381862
00-0030506,2023_11_PHI_KC,2023,11,1.0,0.5866179955315919,2,2022,0.5833799959049354,0.4267285758768118
00-0031260,2023_11_NYG_WAS,2023,11,0.0,0.21720076845717073,2,2022,0.2409917304819571,0.2061809332267048
00-0032134,2023_11_NYJ_BUF,2023,11,0.0,-0.001731563436729644,2,2022,0.0289965560553864,0.0876666476288129
00-0032141,2023_11_ARI_HOU,2023,11,0.0,0.11642822162642802,2,2022,0.1287732807125563,0.1712825981033756
00-0032392,2023_11_LV_MIA,2023,11,0.0,0.09782640238630891,2,2022,0.1220306551578868,0.1460833690790972
00-0033110,2023_11_SEA_LA,2023,11,0.0,0.2364957484906951,2,2022,0.2490120640994134,0.2309411559226832
00-0033288,2023_11_TB_SF,2023,11,1.0,0.4210472914096224,2,2022,0.4117175416713692,0.3523216874596114
00-0033881,2023_11_TEN_JAX,2023,11,0.0,0.2626051231284682,2,2022,0.2624574413596832,0.2609655172362337
00-0033885,2023_11_PIT_CLE,2023,11,0.0,0.22118413530521597,2,2022,0.2541136608146209,0.1958993809795649
00-0034159,2023_11_SEA_LA,2023,11,0.0,0.09627405708879613,2,2022,0.1223769734100959,0.1427601411870689
00-0034270,2023_11_NYJ_BUF,2023,11,0.0,0.21476275429828656,2,2022,0.2312903949060884,0.2147158010667207
00-0034383,2023_11_ARI_HOU,2023,11,1.0,0.277462558523259,2,2022,0.2880182571844408,0.2540070917968696
00-0034613,2023_11_CIN_BAL,2023,11,0.0,0.1257560223801263,2,2022,0.1371015331313219,0.177277092782429
00-0034753,2023_11_CIN_BAL,2023,11,0.0,0.4768046029394616,2,2022,0.4882558894236337,0.3522345706163137
00-0034970,2023_11_CIN_BAL,2023,11,0.0,0.2027782734239249,2,2022,0.2154909026725199,0.2138596716879243
00-0035229,2023_11_MIN_DEN,2023,11,0.0,0.3293740387590593,2,2022,0.3063434298990086,0.3249892407026754
00-0035249,2023_11_MIN_DEN,2023,11,1.0,0.11368183775589025,2,2022,0.1373617991970028,0.1546957548580563
00-0035259,2023_11_TEN_JAX,2023,11,0.0,0.011687524521133197,2,2022,0.0450653160487312,0.0908027990138762
00-0035329,2023_11_LAC_GB,2023,11,0.0,0.11773319333975585,2,2022,0.1460731914788872,0.1504604848968047
00-0035631,2023_11_CIN_BAL,2023,11,0.0,0.0706719217735067,2,2022,0.1002355577326325,0.1253440791841151
00-0035644,2023_11_SEA_LA,2023,11,0.0,0.1762545919181629,2,2022,0.1995569005522831,0.1864134061107743
00-0036244,2023_11_SEA_LA,2023,11,0.0,0.03128359186554515,2,2022,0.0551473373445509,0.1133496154708005
00-0036290,2023_11_CHI_DET,2023,11,0.0,0.28334110885796177,2,2022,0.3074829891578858,0.2386999621876629
00-0036422,2023_11_MIN_DEN,2023,11,0.0,0.12079006561218905,2,2022,0.1622030668672832,0.1344348670224224
00-0036429,2023_11_TB_SF,2023,11,0.0,-0.0023618037554243437,2,2022,0.0311562224413509,0.0836068727879646
00-0036628,2023_11_NYG_WAS,2023,11,0.0,0.0995387997744803,2,2022,0.1266612081010504,0.1430199056347073
00-0036637,2023_11_PHI_KC,2023,11,0.0,0.08391784984966286,2,2022,0.1069433049235519,0.1407284459998351
00-0036741,2023_11_PHI_KC,2023,11,0.0,0.08690917151938973,2,2022,0.1055896591668602,0.1480535552889164
00-0036754,2023_11_CHI_DET,2023,11,0.0,0.03967470834959198,2,2022,0.084843028321124,0.0889338756820149
00-0036887,2023_11_TEN_JAX,2023,11,0.0,0.06728808500386207,2,2022,0.0934191828219205,0.1282643982216702
00-0036894,2023_11_PIT_CLE,2023,11,0.0,0.1419350102279253,2,2022,0.1744616896484154,0.1569115353265703
00-0037005,2023_11_DAL_CAR,2023,11,1.0,0.08003181581107024,2,2022,0.1103810381697192,0.1289580590220695
00-0037078,2023_11_NYG_WAS,2023,11,0.0,0.17406738607358677,2,2022,0.1812777931889743,0.2069256408419933
00-0037451,2023_11_PIT_CLE,2023,11,0.0,0.013386148307144671,2,2022,0.0520535665976321,0.0845487928844464
00-0037475,2023_11_LAC_GB,2023,11,1.0,0.10432520377551383,2,2022,0.1344761989346858,0.1413414728824679
00-0037744,2023_11_ARI_HOU,2023,11,0.0,0.2614276685124445,2,2022,0.2779393535885942,0.2380132082973213
00-0037805,2023_11_NYJ_BUF,2023,11,0.0,0.06961090436143352,2,2022,0.0970540370408236,0.1276616054560744
00-0037809,2023_11_TEN_JAX,2023,11,0.0,0.15729305094404247,2,2022,0.1803836100060866,0.1772398526422782
00-0037838,2023_11_CIN_BAL,2023,11,0.0,0.07697204410359745,2,2022,0.0946239573421467,0.1444778658618799
00-0038041,2023_11_DAL_CAR,2023,11,0.0,0.3505815610351074,2,2022,0.3095446030623245,0.3597406528011775
00-0038115,2023_11_NYG_WAS,2023,11,0.0,0.10855775817412819,2,2022,0.1419816438013718,0.1390588107586803
00-0038129,2023_11_TB_SF,2023,11,0.0,0.21562348803740672,2,2022,0.2369986354543349,0.2086374047612317
00-0038547,2023_11_DAL_CAR,2023,11,1.0,0.09838523512757072,2,2022,0.1232137920016553,0.1455239881906564
00-0038558,2023_11_PIT_CLE,2023,11,0.0,0.06650874514025784,2,2022,0.0963824901597181,0.1228512109855573
00-0038589,2023_11_TEN_JAX,2023,11,0.0,0.1093991030422996,2,2022,0.1270119605860648,0.1607045866220089
00-0038720,2023_11_LV_MIA,2023,11,0.0,0.0930125414107956,2,2022,0.1044641088555379,0.1608025958519593
00-0038933,2023_11_NYJ_BUF,2023,11,0.0,0.40715607012281785,2,2022,0.3923306012840215,0.3527708258741097
00-0038996,2023_11_LAC_GB,2023,11,0.0,0.0702617957139133,2,2022,0.1041846915914289,0.1192872566477026
00-0039065,2023_11_CHI_DET,2023,11,0.0,0.28380045951695587,2,2022,0.2975600494642201,0.2528671858559163
00-0039066,2023_11_LV_MIA,2023,11,0.0,0.2052512800965915,2,2022,0.2259826897512455,0.2043280628417054
00-0039144,2023_11_LAC_GB,2023,11,0.0,0.32272687229201336,2,2022,0.3164138049376194,0.2992305960216416
00-0030506,2023_12_KC_LV,2023,12,0.0,0.4852534825969471,2,2022,0.4531155613987141,0.4149667913333841
00-0031260,2023_12_WAS_DAL,2023,12,0.0,0.26545074561996496,2,2022,0.2811883095839548,0.2410591270598014
00-0032141,2023_12_LA_ARI,2023,12,0.0,0.026670994944549442,2,2022,0.0586818343588012,0.100111519812496
00-0032392,2023_12_KC_LV,2023,12,0.0,0.06039364226246041,2,2022,0.0973297608630621,0.1103199050326189
00-0033110,2023_12_LA_ARI,2023,12,2.0,0.22571231422698967,2,2022,0.2344188019953595,0.2306771376287835
00-0033217,2023_12_TB_IND,2023,12,0.0,0.0909778502420116,2,2022,0.1219742361375564,0.1335490207269965
00-0033288,2023_12_SF_SEA,2023,12,0.0,0.4561555040623708,2,2022,0.4699526304620297,0.3387857461580607
00-0033357,2023_12_NO_ATL,2023,12,0.0,0.17225678736057734,2,2022,0.2031933875135893,0.174170393951346
00-0033757,2023_12_CHI_MIN,2023,12,0.0,0.08938971157942407,2,2022,0.1107468107346296,0.1456975037160503
00-0033858,2023_12_NO_ATL,2023,12,0.0,0.18072919182828728,2,2022,0.1661238790950211,0.2395358326610133
00-0033881,2023_12_JAX_HOU,2023,12,0.0,0.3046298485353294,2,2022,0.32033197615463,0.2606488401115651
00-0033885,2023_12_CLE_DEN,2023,12,0.0,0.30085071239862077,2,2022,0.3169042134846599,0.2582921304411503
00-0033895,2023_12_BAL_LAC,2023,12,1.0,0.09883391961506735,2,2022,0.1325594904892693,0.1338036495187374
00-0034159,2023_12_SF_SEA,2023,12,0.0,0.07688366137454816,2,2022,0.1036199629297805,0.1322380956520902
00-0034270,2023_12_MIA_NYJ,2023,12,0.0,0.26219326159195777,2,2022,0.2706449097668272,0.2492155843015921
00-0034365,2023_12_CAR_TEN,2023,12,0.0,0.061538797703956316,2,2022,0.091347339068674,0.1204597866329822
00-0034383,2023_12_JAX_HOU,2023,12,0.0,0.25374338013658054,2,2022,0.277237828821991,0.2248060839555084
00-0034613,2023_12_PIT_CIN,2023,12,0.0,0.19186536484847844,2,2022,0.2222085467618673,0.1847476111221034
00-0034798,2023_12_MIA_NYJ,2023,12,0.0,0.17549515810385874,2,2022,0.199365174008372,0.1852724677906681
00-0034829,2023_12_NE_NYG,2023,12,0.0,0.12519021855591905,2,2022,0.1435776564692509,0.1675411701368064
00-0034970,2023_12_PIT_CIN,2023,12,0.0,0.11331700973629441,2,2022,0.1340765535365894,0.1584344090944712
00-0034981,2023_12_NO_ATL,2023,12,0.0,0.014411296819918776,2,2022,0.0479789935986737,0.0919064434869982
00-0035229,2023_12_CHI_MIN,2023,12,1.0,0.30303512270183985,2,2022,0.3007249752703134,0.2840346770397911
00-0035329,2023_12_BAL_LAC,2023,12,0.0,0.10090252450618492,2,2022,0.1285174624183143,0.1430389024866638
00-0035631,2023_12_PIT_CIN,2023,12,1.0,0.0616768570238892,2,2022,0.0903439066276967,0.1220610886554913
00-0035644,2023_12_SF_SEA,2023,12,0.0,0.18889962916349778,2,2022,0.2220264414174717,0.1795313407659463
00-0035771,2023_12_PIT_CIN,2023,12,0.0,0.0695131838758852,2,2022,0.0978688539135603,0.1263877926622464
00-0036040,2023_12_NO_ATL,2023,12,0.0,0.15906674742446378,2,2022,0.163719351762118,0.2028772945607639
00-0036232,2023_12_CLE_DEN,2023,12,1.0,0.09209271027578989,2,2022,0.1065153853397977,0.1563551159184564
00-0036244,2023_12_SF_SEA,2023,12,0.0,0.09522216323685193,2,2022,0.1160294425628814,0.1493447983319947
00-0036290,2023_12_CHI_MIN,2023,12,0.0,0.22330688393178316,2,2022,0.24004204189299,0.2186989368528365
00-0036422,2023_12_CLE_DEN,2023,12,1.0,0.11915010506813867,2,2022,0.1352089311365978,0.1676545569897528
00-0036429,2023_12_SF_SEA,2023,12,0.0,0.048137716323848515,2,2022,0.0805303181955224,0.1103063915990619
00-0036637,2023_12_KC_LV,2023,12,0.0,0.08739730608503404,2,2022,0.097438689065966,0.1598949295423408
00-0036741,2023_12_BUF_PHI,2023,12,0.0,0.08612910133818666,2,2022,0.1111050286620957,0.1392129095310851
00-0036754,2023_12_GB_DET,2023,12,0.0,0.08763817420379114,2,2022,0.1269909483398931,0.1206648699533536
00-0036876,2023_12_TB_IND,2023,12,0.0,0.16998991020408802,2,2022,0.1839144589854469,0.1958781799280682
00-0036887,2023_12_JAX_HOU,2023,12,0.0,0.09904764531362467,2,2022,0.1164968059533144,0.1557611454219856
00-0036894,2023_12_PIT_CIN,2023,12,0.0,0.11592139222217043,2,2022,0.1476535422817831,0.1450028522758988
00-0036970,2023_12_NO_ATL,2023,12,0.0,0.21483920862710504,2,2022,0.2278340196587278,0.2194967183841706
00-0037005,2023_12_CAR_TEN,2023,12,0.0,0.106587322618207,2,2022,0.1361545775606642,0.1432534593367199
00-0037078,2023_12_WAS_DAL,2023,12,0.0,0.17325522330934212,2,2022,0.1918480916508362,0.1912397202844632
00-0037311,2023_12_TB_IND,2023,12,0.0,0.022406826250087997,2,2022,0.0559633452803472,0.0959095386758497
00-0037475,2023_12_BAL_LAC,2023,12,0.0,0.11040270906268612,2,2022,0.1374160668335531,0.1485851127850536
00-0037744,2023_12_LA_ARI,2023,12,0.0,0.29779530785501385,2,2022,0.2923774006658349,0.2855932417814501
00-0037805,2023_12_MIA_NYJ,2023,12,0.0,0.1017050845344486,2,2022,0.1231676160962728,0.151698745373704
00-0037809,2023_12_CAR_TEN,2023,12,0.0,0.17934307263821825,2,2022,0.1949295575541117,0.1983123127700059
00-0037838,2023_12_BAL_LAC,2023,12,0.0,0.08249251500064786,2,2022,0.104810384994306,0.1409674281483522
00-0038041,2023_12_WAS_DAL,2023,12,0.0,0.38758065071226416,2,2022,0.3961764109674069,0.3115640766932395
00-0038115,2023_12_NE_NYG,2023,12,0.0,0.12090695666442855,2,2022,0.1426155770166688,0.1609460735896161
00-0038129,2023_12_TB_IND,2023,12,0.0,0.28531994646842473,2,2022,0.3066584633368918,0.2434504692137036
00-0038547,2023_12_WAS_DAL,2023,12,0.0,0.07466140079326652,2,2022,0.1037106071257477,0.1280246067573716
00-0038558,2023_12_PIT_CIN,2023,12,0.0,0.0751865240246821,2,2022,0.1027902796560485,0.1302270336898137
00-0038589,2023_12_CAR_TEN,2023,12,0.0,0.11472459766300808,2,2022,0.133176801730105,0.1622340765038977
00-0038720,2023_12_MIA_NYJ,2023,12,0.0,0.016790447627379107,2,2022,0.0519305129293477,0.0909822533614541
00-0038933,2023_12_BUF_PHI,2023,12,0.0,0.3547231665491095,2,2022,0.3301994736909054,0.339637577119751
00-0038996,2023_12_GB_DET,2023,12,1.0,0.08438637836414536,2,2022,0.1088848497544262,0.138984635987431
00-0039065,2023_12_GB_DET,2023,12,1.0,0.28956597231543807,2,2022,0.321784194154961,0.2309624663960687
00-0039066,2023_12_KC_LV,2023,12,0.0,0.15958679022633293,2,2022,0.1713223718751441,0.1936278718787773
00-0027696,2023_13_DET_NO,2023,13,1.0,0.06559566966046038,2,2022,0.0839798355343323,0.1378204047234062
00-0030506,2023_13_KC_GB,2023,13,0.0,0.5129492902796461,2,2022,0.4834661490289159,0.4252171687712238
00-0031260,2023_13_MIA_WAS,2023,13,0.0,0.23806926083041308,2,2022,0.2375560185173468,0.2492180381287925
00-0031484,2023_13_DEN_HOU,2023,13,0.0,0.013592421747780678,2,2022,0.0471030605074567,0.0915745966132126
00-0031585,2023_13_ATL_NYJ,2023,13,1.0,0.10810795701104922,2,2022,0.1282691163954021,0.1566395104216694
00-0032062,2023_13_KC_GB,2023,13,0.0,0.02379236204255253,2,2022,0.0532507714208745,0.1021022945196673
00-0032141,2023_13_ARI_PIT,2023,13,0.0,0.0948474951385255,2,2022,0.1089511837365532,0.1581574103641383
00-0033090,2023_13_LAC_NE,2023,13,0.0,0.2818863959418918,2,2022,0.2688998763062535,0.2878188117638703
00-0033110,2023_13_CLE_LA,2023,13,0.0,0.24296809348599746,2,2022,0.2664227805395086,0.2194848595136204
00-0033288,2023_13_SF_PHI,2023,13,0.0,0.402788739194011,2,2022,0.3688079682207436,0.3763082160137987
00-0033357,2023_13_DET_NO,2023,13,0.0,0.15144062700954247,2,2022,0.1710341564537854,0.1790154444344179
00-0033858,2023_13_ATL_NYJ,2023,13,0.0,0.22207968357099012,2,2022,0.2158705200373911,0.2488893068333146
00-0033881,2023_13_CIN_JAX,2023,13,1.0,0.36214595440937986,2,2022,0.3383484142581743,0.3423651370354938
00-0033885,2023_13_CLE_LA,2023,13,0.0,0.295621217328306,2,2022,0.3250873601797386,0.2376773954250596
00-0033895,2023_13_LAC_NE,2023,13,0.0,0.18745206819962312,2,2022,0.2079569213511629,0.1957541454908823
00-0034159,2023_13_SEA_DAL,2023,13,0.0,0.08322322672151336,2,2022,0.1153686796666207,0.1281384837987782
00-0034270,2023_13_ATL_NYJ,2023,13,0.0,0.25628384263997167,2,2022,0.2584742088199439,0.2546737242646778
00-0034365,2023_13_CAR_TB,2023,13,0.0,0.07715935459951198,2,2022,0.1107800336014882,0.1231334118843655
00-0034613,2023_13_CIN_JAX,2023,13,0.0,0.20464063171703284,2,2022,0.2387299306292546,0.1860906664332358
00-0034970,2023_13_CIN_JAX,2023,13,0.0,0.029738427193123612,2,2022,0.0627965270188308,0.1002355890474666
00-0034981,2023_13_DET_NO,2023,13,0.0,0.0877878296006234,2,2022,0.1182744195524443,0.1326422658366781
00-0035259,2023_13_IND_TEN,2023,13,0.0,0.09711391679410042,2,2022,0.1211664150777071,0.145931717111164
00-0035329,2023_13_LAC_NE,2023,13,0.0,0.13759913581313174,2,2022,0.1598183935797242,0.1685864388814355
00-0035631,2023_13_CIN_JAX,2023,13,0.0,0.07652744000319636,2,2022,0.1010847954340194,0.1349856258990975
00-0035644,2023_13_SEA_DAL,2023,13,0.0,0.16143477360604883,2,2022,0.187647081090656,0.1751147910077476
00-0035771,2023_13_CIN_JAX,2023,13,0.0,0.08747315585511176,2,2022,0.1164312535744324,0.134537292824356
00-0036040,2023_13_DET_NO,2023,13,0.0,0.16764277749694048,2,2022,0.1947620184155637,0.1769937329429526
00-0036232,2023_13_CLE_LA,2023,13,1.0,0.0678736540720967,2,2022,0.095525288613086,0.12651517125959
00-0036422,2023_13_DEN_HOU,2023,13,0.0,0.18413138050760475,2,2022,0.1999879857683975,0.2003380388677995
00-0036429,2023_13_SF_PHI,2023,13,0.0,-0.002350223998959261,2,2022,0.027879236858298,0.0880275094244882
00-0036556,2023_13_DEN_HOU,2023,13,0.0,0.10699467429250492,2,2022,0.1289329275990926,0.1536984883150152
00-0036628,2023_13_MIA_WAS,2023,13,0.0,0.10212603930048655,2,2022,0.1265864974510652,0.1478840317282687
00-0036637,2023_13_KC_GB,2023,13,1.0,0.07604959015303717,2,2022,0.1120437374807676,0.1193935189464752
00-0036754,2023_13_DET_NO,2023,13,0.0,0.09753744000417097,2,2022,0.1344100889346673,0.1289320628681136
00-0036876,2023_13_IND_TEN,2023,13,0.0,0.10624830260514775,2,2022,0.1315943581768917,0.148751270709323
00-0036887,2023_13_CIN_JAX,2023,13,0.0,0.09094970188411408,2,2022,0.1097024664837588,0.1499718999891858
00-0036894,2023_13_ARI_PIT,2023,13,0.0,0.26386922330055645,2,2022,0.2462798519984611,0.2850113032242981
00-0036970,2023_13_ATL_NYJ,2023,13,0.0,0.2506551843475592,2,2022,0.2614025447381334,0.240378541114892
00-0037078,2023_13_MIA_WAS,2023,13,0.0,0.17973599753008596,2,2022,0.1911905888461087,0.2040553188962564
00-0037292,2023_13_IND_TEN,2023,13,0.0,0.11345512952580311,2,2022,0.126618666201897,0.1687008531836953
00-0037311,2023_13_CAR_TB,2023,13,0.0,0.02571896655367424,2,2022,0.0567019525778905,0.1010165389199803
00-0037451,2023_13_ARI_PIT,2023,13,0.0,0.018231245767364568,2,2022,0.0535656545418518,0.0914400050430148
00-0037475,2023_13_LAC_NE,2023,13,0.0,0.13298535232792474,2,2022,0.1583645501296036,0.1620429475613676
00-0037744,2023_13_ARI_PIT,2023,13,1.0,0.2013793458557918,2,2022,0.2350323700607011,0.1850496637663015
00-0037805,2023_13_ATL_NYJ,2023,13,0.0,0.10833677997726054,2,2022,0.1241749182082106,0.1625572506882169
00-0037809,2023_13_IND_TEN,2023,13,0.0,0.20956985384191623,2,2022,0.217694773909332,0.2234061895808157
00-0038041,2023_13_SEA_DAL,2023,13,1.0,0.34478115387328145,2,2022,0.324498891695046,0.3289845303544569
00-0038129,2023_13_CAR_TB,2023,13,0.0,0.17248257867839265,2,2022,0.1616082971590673,0.2304136393821716
00-0038394,2023_13_IND_TEN,2023,13,0.0,0.11011652761309404,2,2022,0.1291720476694885,0.1591256730734717
00-0038547,2023_13_SEA_DAL,2023,13,0.0,0.0660910870596654,2,2022,0.1003527922937189,0.1167521017389746
00-0038589,2023_13_IND_TEN,2023,13,0.0,0.11433930818665847,2,2022,0.1306774855858354,0.1648799542579175
00-0038720,2023_13_MIA_WAS,2023,13,0.0,0.13079268223983656,2,2022,0.1594510075136077,0.1565470753602825
00-0038996,2023_13_KC_GB,2023,13,0.0,0.0906103597992105,2,2022,0.1223342003272741,0.1323891208172538
00-0039065,2023_13_DET_NO,2023,13,1.0,0.305609124604323,2,2022,0.3238213140492321,0.2577675642615749
00-0024243,2023_14_DET_CHI,2023,14,0.0,0.0734015979273196,2,2022,0.0943477858553184,0.1382744379231999
00-0027696,2023_14_CAR_NO,2023,14,1.0,0.1011726441797679,2,2022,0.1062757790020677,0.1733954696174204
00-0030506,2023_14_BUF_KC,2023,14,0.0,0.4692466200405868,2,2022,0.4456763739043156,0.3954807259711187
00-0031585,2023_14_TB_ATL,2023,14,0.0,0.11068381687661222,2,2022,0.1441513965181052,0.1400606086241454
00-0032392,2023_14_MIN_LV,2023,14,0.0,0.07540125832416095,2,2022,0.1025606447309169,0.1309307015086171
00-0033090,2023_14_NE_PIT,2023,14,2.0,0.253316175198393,2,2022,0.2712515810954828,0.2320559488284946
00-0033217,2023_14_IND_CIN,2023,14,1.0,0.08853643248719315,2,2022,0.1092804006286995,0.1460950180015085
00-0033288,2023_14_SEA_SF,2023,14,1.0,0.36731933712272963,2,2022,0.3388826656940047,0.3511735478512062
00-0033439,2023_14_NE_PIT,2023,14,0.0,0.11047318080498464,2,2022,0.1337229922424695,0.1536727806156085
00-0033858,2023_14_TB_ATL,2023,14,0.0,0.22947356495549842,2,2022,0.2422658816677112,0.2270680335410624
00-0033881,2023_14_JAX_CLE,2023,14,2.0,0.2869454846926489,2,2022,0.2660851052935192,0.3009127993279054
00-0033885,2023_14_JAX_CLE,2023,14,2.0,0.2627794196827154,2,2022,0.2953931311628697,0.2170706646857348
00-0033895,2023_14_DEN_LAC,2023,14,0.0,0.21412416995577466,2,2022,0.2359585882324361,0.2072729942755822
00-0034159,2023_14_SEA_SF,2023,14,0.0,0.06645090870166004,2,2022,0.1002650709436971,0.1175323984022973
00-0034270,2023_14_HOU_NYJ,2023,14,0.0,0.28582201251703937,2,2022,0.2849198673245502,0.2735587251678713
00-0034351,2023_14_PHI_DAL,2023,14,0.0,0.39142955749964714,2,2022,0.3638897365423314,0.3619954705183181
00-0034613,2023_14_IND_CIN,2023,14,1.0,0.20554622276133638,2,2022,0.2401857195729936,0.1858037317951686
00-0034798,2023_14_TEN_MIA,2023,14,0.0,0.15689828901754713,2,2022,0.1593537264984919,0.204745360429782
00-0034981,2023_14_CAR_NO,2023,14,0.0,0.11447802551069078,2,2022,0.1371952278049544,0.1563853782274113
00-0035229,2023_14_MIN_LV,2023,14,0.0,0.3295578370653488,2,2022,0.3114033904670495,0.3185347262393369
00-0035249,2023_14_MIN_LV,2023,14,0.0,0.10526884405341952,2,2022,0.1327583776031748,0.1453851324039396
00-0035329,2023_14_DEN_LAC,2023,14,0.0,0.16040445354236313,2,2022,0.1804731852549289,0.1828485568988866
00-0035631,2023_14_IND_CIN,2023,14,0.0,0.0958160987295065,2,2022,0.1223611395120114,0.1419381692366572
00-0035644,2023_14_SEA_SF,2023,14,0.0,0.18583894220123437,2,2022,0.2016407889479602,0.2012632660347848
00-0035689,2023_14_BUF_KC,2023,14,0.0,0.16269509567927387,2,2022,0.1777242520029784,0.1907566774471786
00-0035771,2023_14_IND_CIN,2023,14,0.0,0.09533801377240989,2,2022,0.1284910859647052,0.1328284998822864
00-0036040,2023_14_CAR_NO,2023,14,0.0,0.17415594773563914,2,2022,0.1789115356113247,0.2102653808192971
00-0036145,2023_14_GB_NYG,2023,14,0.0,0.006411138297829591,2,2022,0.0408142998553423,0.0867944435900127
00-0036244,2023_14_SEA_SF,2023,14,1.0,0.08858159392035894,2,2022,0.1137110538438446,0.1402300722882913
00-0036290,2023_14_DET_CHI,2023,14,0.0,0.2644338783961775,2,2022,0.2634584270035516,0.2629889529681272
00-0036422,2023_14_DEN_LAC,2023,14,1.0,0.13501428757270156,2,2022,0.159031932866409,0.1648828283626409
00-0036429,2023_14_SEA_SF,2023,14,0.0,0.05228620582184383,2,2022,0.0848141156277471,0.1121939668615206
00-0036438,2023_14_CAR_NO,2023,14,0.0,0.09171713714686192,2,2022,0.1216867435468654,0.1352962091025597
00-0036556,2023_14_HOU_NYJ,2023,14,0.0,0.16380384044043525,2,2022,0.1948645496266245,0.1697875346080835
00-0036754,2023_14_DET_CHI,2023,14,0.0,0.1035634038521038,2,2022,0.126600775290529,0.1505114520069282
00-0036876,2023_14_IND_CIN,2023,14,0.0,0.1296617835442625,2,2022,0.1482337310869793,0.1695238394811285
00-0036894,2023_14_NE_PIT,2023,14,0.0,0.25923298141717127,2,2022,0.2766838323108589,0.2356577013757089
00-0036970,2023_14_TB_ATL,2023,14,1.0,0.23366220523124448,2,2022,0.2466919606875812,0.2288385261792499
00-0037005,2023_14_CAR_NO,2023,14,0.0,0.10175166622110351,2,2022,0.1280662244759076,0.1452081903694101
00-0037292,2023_14_IND_CIN,2023,14,0.0,0.11015678669479328,2,2022,0.1204854970388104,0.1708613945718621
00-0037311,2023_14_TB_ATL,2023,14,0.0,0.08969990238734035,2,2022,0.1177966672111153,0.1368043008750516
00-0037539,2023_14_DEN_LAC,2023,14,0.0,0.08989617575755027,2,2022,0.1165430264031383,0.138848692989728
00-0037569,2023_14_PHI_DAL,2023,14,0.0,0.018042654351588874,2,2022,0.0564708132552226,0.0871926139387197
00-0037805,2023_14_HOU_NYJ,2023,14,0.0,0.11452141603654875,2,2022,0.1210695060573246,0.1781138664033542
00-0037809,2023_14_TEN_MIA,2023,14,0.0,0.19334108816561707,2,2022,0.1946043738104662,0.224523109956605
00-0037838,2023_14_LA_BAL,2023,14,1.0,0.1076240838589119,2,2022,0.137486996674057,0.143373668094997
00-0038041,2023_14_PHI_DAL,2023,14,0.0,0.39283747749876846,2,2022,0.3745303108670273,0.3503029955768753
00-0038115,2023_14_GB_NYG,2023,14,0.0,0.10144457020411188,2,2022,0.1192236961583936,0.1565137327061244
00-0038129,2023_14_TB_ATL,2023,14,1.0,0.3063004102804982,2,2022,0.3108421314200614,0.2764648154788049
00-0038394,2023_14_IND_CIN,2023,14,0.0,0.10065856239955703,2,2022,0.128404409478901,0.1427414726195144
00-0038547,2023_14_PHI_DAL,2023,14,0.0,0.009571820915666385,2,2022,0.045950098027109,0.0857193904141824
00-0038558,2023_14_NE_PIT,2023,14,0.0,0.08774030282964831,2,2022,0.1009873937048823,0.1557623872352098
00-0038933,2023_14_BUF_KC,2023,14,0.0,0.2642585627175704,2,2022,0.2448324868517447,0.287671256329894
00-0038996,2023_14_GB_NYG,2023,14,0.0,0.11402225343364467,2,2022,0.1384659904991924,0.1538401908497925
00-0039065,2023_14_DET_CHI,2023,14,0.0,0.32438775625507915,2,2022,0.3232303518283497,0.2931376105431097
00-0039066,2023_14_MIN_LV,2023,14,0.0,0.1655003952741208,2,2022,0.1799896954093242,0.192880683167246
00-0027696,2023_15_NYG_NO,2023,15,1.0,0.10194037060846664,2,2022,0.1196947249523507,0.1567942885311814
00-0030506,2023_15_KC_NE,2023,15,0.0,0.4853592679676597,2,2022,0.4643547015494335,0.400073156529439
00-0031260,2023_15_WAS_LA,2023,15,0.0,0.27710562683225065,2,2022,0.279598698002758,0.2646530416380317
00-0031610,2023_15_NYG_NO,2023,15,0.0,0.25673048835150053,2,2022,0.2574834521304945,0.2568262026546835
00-0032062,2023_15_KC_NE,2023,15,0.0,0.08590095809367657,2,2022,0.1078076976922514,0.1432194628609906
00-0032141,2023_15_SF_ARI,2023,15,0.0,0.08959884426949874,2,2022,0.1068667441582773,0.1512915195046711
00-0032392,2023_15_LAC_LV,2023,15,0.0,0.08885369462797463,2,2022,0.1094906696983837,0.14639690210289
00-0033090,2023_15_KC_NE,2023,15,1.0,0.2730356191926702,2,2022,0.2668874574865447,0.2742237177702187
00-0033110,2023_15_WAS_LA,2023,15,0.0,0.2614709250259281,2,2022,0.2539695326678608,0.2702720617487535
00-0033217,2023_15_PIT_IND,2023,15,1.0,0.10318920214368016,2,2022,0.1273410654984054,0.1488286115278057
00-0033288,2023_15_SF_ARI,2023,15,0.0,0.4985454731551494,2,2022,0.4739857479491209,0.4114230616549122
00-0033357,2023_15_NYG_NO,2023,15,0.0,0.1080458695486276,2,2022,0.1147473944831177,0.1746779447369029
00-0033439,2023_15_KC_NE,2023,15,0.0,0.0883373631933271,2,2022,0.1168188362942017,0.135608213715925
00-0033757,2023_15_CHI_CLE,2023,15,0.0,0.11016984026535492,2,2022,0.1354717257272578,0.1507665918806001
00-0033858,2023_15_ATL_CAR,2023,15,0.0,0.25971920914125873,2,2022,0.2483048367213801,0.2746514538702402
00-0033881,2023_15_BAL_JAX,2023,15,0.0,0.2668691371812107,2,2022,0.2586906290508983,0.273873655419112
00-0033885,2023_15_CHI_CLE,2023,15,1.0,0.27265344380523365,2,2022,0.3092901252955431,0.2165949375141588
00-0033895,2023_15_LAC_LV,2023,15,0.0,0.21708185764579524,2,2022,0.2374859399280032,0.2106684684322975
00-0034159,2023_15_PHI_SEA,2023,15,0.0,0.07333993899904112,2,2022,0.1090454638816106,0.1184294446438508
00-0034270,2023_15_NYJ_MIA,2023,15,0.0,0.22255388268242876,2,2022,0.2355455490189288,0.223348941472533
00-0034351,2023_15_PHI_SEA,2023,15,0.0,0.4066462186132881,2,2022,0.4028047919361222,0.3377705680784015
00-0034383,2023_15_HOU_TEN,2023,15,0.0,0.24298016298036768,2,2022,0.2529941002192289,0.2375349301652518
00-0034613,2023_15_MIN_CIN,2023,15,0.0,0.2016698367271813,2,2022,0.2324740141107371,0.1890191014420444
00-0034798,2023_15_NYJ_MIA,2023,15,0.0,0.14463129501175578,2,2022,0.1502621117440367,0.1943637981588606
00-0034829,2023_15_KC_NE,2023,15,0.0,0.12168069239620236,2,2022,0.1469894311472487,0.156498888010457
00-0034970,2023_15_MIN_CIN,2023,15,0.0,0.12490879529632215,2,2022,0.1465441905016223,0.1630404541230159
00-0034981,2023_15_NYG_NO,2023,15,0.0,0.08295039173413707,2,2022,0.1086839217722754,0.1366103284944746
00-0035229,2023_15_MIN_CIN,2023,15,0.0,0.3320896966698545,2,2022,0.3180386598279305,0.3142888122597337
00-0035249,2023_15_MIN_CIN,2023,15,0.0,0.10890365918622452,2,2022,0.1321898838652153,0.1528410347567871
00-0035631,2023_15_MIN_CIN,2023,15,0.0,0.07906384342263037,2,2022,0.1131252557115153,0.1234916723236835
00-0035644,2023_15_PHI_SEA,2023,15,0.0,0.16780362466142798,2,2022,0.1951148125321203,0.1768162753276935
00-0035771,2023_15_MIN_CIN,2023,15,0.0,0.07843795090454925,2,2022,0.1123090892394162,0.1234349240408469
00-0036040,2023_15_NYG_NO,2023,15,1.0,0.17341394354808334,2,2022,0.1853144809859083,0.2003032648396196
00-0036145,2023_15_NYG_NO,2023,15,0.0,0.1500532330427851,2,2022,0.194202692805208,0.145357375128133
00-0036232,2023_15_CHI_CLE,2023,15,0.0,0.10194078252115304,2,2022,0.1203877228979903,0.155864705284308
00-0036244,2023_15_PHI_SEA,2023,15,0.0,0.11692114671812665,2,2022,0.1448671948819585,0.1505843175232295
00-0036290,2023_15_CHI_CLE,2023,15,1.0,0.21988768698600586,2,2022,0.2264812861181478,0.2306084009396706
00-0036422,2023_15_DEN_DET,2023,15,0.0,0.14926332006902648,2,2022,0.1695888215925099,0.176946761745248
00-0036438,2023_15_ATL_CAR,2023,15,0.0,0.09996644215371644,2,2022,0.1165560741929078,0.1573733391532454
00-0036556,2023_15_HOU_TEN,2023,15,0.0,0.1457436063052042,2,2022,0.1774527627501255,0.1599087396185156
00-0036628,2023_15_WAS_LA,2023,15,0.0,0.1019953721745464,2,2022,0.1139101305065488,0.1646613125741185
00-0036637,2023_15_KC_NE,2023,15,0.0,0.08250856515448027,2,2022,0.1058828989663479,0.1395571433977406
00-0036876,2023_15_PIT_IND,2023,15,0.0,0.14205710197180743,2,2022,0.1624754858426725,0.1732276795890455
00-0036887,2023_15_BAL_JAX,2023,15,0.0,0.059346591738224735,2,2022,0.0881665921784458,0.1206934411842772
00-0036894,2023_15_PIT_IND,2023,15,0.0,0.24939720466858978,2,2022,0.2617631553577138,0.2375781349019899
00-0036970,2023_15_ATL_CAR,2023,15,0.0,0.2647168352347969,2,2022,0.2674680025041383,0.2581271467081544
00-0037005,2023_15_ATL_CAR,2023,15,0.0,0.12065569393716735,2,2022,0.137602346562362,0.167213632645835
00-0037292,2023_15_PIT_IND,2023,15,0.0,0.10107110555515472,2,2022,0.1208967404854432,0.1535800377876619
00-0037311,2023_15_TB_GB,2023,15,1.0,0.09169435082826144,2,2022,0.1197358617355689,0.1378732893212049
00-0037451,2023_15_PIT_IND,2023,15,0.0,0.003089736212439742,2,2022,0.0350828798377974,0.0883731829126937
00-0037475,2023_15_LAC_LV,2023,15,0.0,0.11505951516060814,2,2022,0.1277284630198957,0.170165084249077
00-0037539,2023_15_DEN_DET,2023,15,0.0,0.09363498585880117,2,2022,0.1192773909949245,0.1420620300734583
00-0037569,2023_15_DAL_BUF,2023,15,0.0,0.06682937719700968,2,2022,0.104864193880592,0.1120549950946505
00-0037744,2023_15_SF_ARI,2023,15,0.0,0.2642473336200983,2,2022,0.24974395374314,0.2810569931824372
00-0037805,2023_15_NYJ_MIA,2023,15,0.0,0.10525484084740014,2,2022,0.1195526203338748,0.1630879243522945
00-0037809,2023_15_HOU_TEN,2023,15,0.0,0.236986252362878,2,2022,0.2392862150054695,0.244901149484473
00-0037838,2023_15_BAL_JAX,2023,15,1.0,0.27968319466821745,2,2022,0.2749874277325633,0.2755896380562521
00-0038041,2023_15_DAL_BUF,2023,15,0.0,0.36940881459159214,2,2022,0.3625267553184339,0.3232789416150835
00-0038115,2023_15_NYG_NO,2023,15,0.0,0.12279490120772793,2,2022,0.1423640013414648,0.1647600422705376
00-0038129,2023_15_TB_GB,2023,15,0.0,0.2988583008662602,2,2022,0.2959326287853658,0.2827776552562632
00-0038720,2023_15_NYJ_MIA,2023,15,0.0,0.012614319343764932,2,2022,0.0478731914363612,0.0887397460858004
00-0038933,2023_15_DAL_BUF,2023,15,0.0,0.3378518991782275,2,2022,0.3078543202475237,0.3385709881092148
00-0038996,2023_15_TB_GB,2023,15,1.0,0.1550652340232403,2,2022,0.1767803618098342,0.1779751406118183
00-0039065,2023_15_DEN_DET,2023,15,3.0,0.34690794743389985,2,2022,0.3397961376857019,0.3123641740556991
00-0039066,2023_15_LAC_LV,2023,15,1.0,0.19925133249903287,2,2022,0.2283696588212302,0.1900760114688199
00-0039074,2023_15_WAS_LA,2023,15,0.0,0.1935627093853512,2,2022,0.2073082496368911,0.2078763705526146
00-0024243,2023_16_ARI_CHI,2023,16,1.0,0.11140147671560702,2,2022,0.133315598436922,0.1559289531542594
00-0030506,2023_16_LV_KC,2023,16,0.0,0.49682248159735565,2,2022,0.4885020681637861,0.3887625634642824
00-0031260,2023_16_WAS_NYJ,2023,16,1.0,0.24949012663098885,2,2022,0.2507460930809115,0.2525395082338478
00-0031484,2023_16_NE_DEN,2023,16,0.0,0.007971903359194246,2,2022,0.0431857085536284,0.0864846577459904
00-0031610,2023_16_NYG_PHI,2023,16,0.0,0.21434177047259123,2,2022,0.236976330359647,0.2063073503937738
00-0032062,2023_16_LV_KC,2023,16,0.0,0.09477962495995282,2,2022,0.1177802238098808,0.1461795587313933
00-0032392,2023_16_LV_KC,2023,16,0.0,0.06820409664344859,2,2022,0.0963499984209737,0.1260164446471242
00-0033110,2023_16_NO_LA,2023,16,0.0,0.36459753041550486,2,2022,0.3665652519381129,0.30899839381556
00-0033217,2023_16_IND_ATL,2023,16,0.0,0.16899178936777737,2,2022,0.191129826583935,0.1843538145297353
00-0033288,2023_16_BAL_SF,2023,16,0.0,0.35619756953592985,2,2022,0.3086161906825053,0.3713276700437466
00-0033357,2023_16_NO_LA,2023,16,0.0,0.03782860970324811,2,2022,0.0757980406729958,0.0976774852224345
00-0033439,2023_16_NE_DEN,2023,16,0.0,0.13675415201454344,2,2022,0.158284208605313,0.1690902140845269
00-0033757,2023_16_ARI_CHI,2023,16,0.0,0.13348423060963316,2,2022,0.1589116416450966,0.1622270572949253
00-0033858,2023_16_IND_ATL,2023,16,0.0,0.235021744084358,2,2022,0.2347897483746526,0.2473203973084065
00-0033881,2023_16_JAX_TB,2023,16,0.0,0.3056931371844074,2,2022,0.3032293350601001,0.2855667474136748
00-0033885,2023_16_CLE_HOU,2023,16,1.0,0.3198443675926988,2,2022,0.3423478533745805,0.2591069439620044
00-0033895,2023_16_BUF_LAC,2023,16,0.0,0.18126328535616576,2,2022,0.1941642977212512,0.202875311154799
00-0034159,2023_16_SEA_TEN,2023,16,0.0,0.0949451585560793,2,2022,0.120828816611059,0.1423916517188476
00-0034270,2023_16_WAS_NYJ,2023,16,0.0,0.233646214147536,2,2022,0.2271531782247202,0.2550396706549817
00-0034351,2023_16_NYG_PHI,2023,16,0.0,0.3817809189550027,2,2022,0.3708605970201081,0.3348713428249631
00-0034383,2023_16_CLE_HOU,2023,16,0.0,0.3094321063460892,2,2022,0.3113061231426703,0.2816082358885525
00-0034613,2023_16_CIN_PIT,2023,16,0.0,0.24913424913897214,2,2022,0.2590928244123061,0.2406788488777507
00-0034798,2023_16_DAL_MIA,2023,16,0.0,0.17231571795085637,2,2022,0.1707979908577433,0.2177693452998808
00-0034829,2023_16_NE_DEN,2023,16,1.0,0.10680014440625432,2,2022,0.1248185264220101,0.1588638404538338
00-0034981,2023_16_NO_LA,2023,16,0.0,0.0990224185742595,2,2022,0.1355951011702236,0.1300754564757361
00-0035229,2023_16_DET_MIN,2023,16,0.0,0.3685177453976974,2,2022,0.369525103133032,0.3122430346186573
00-0035249,2023_16_DET_MIN,2023,16,0.0,0.09345038402885888,2,2022,0.119006181538784,0.1420862222804572
00-0035631,2023_16_CIN_PIT,2023,16,0.0,0.0739310690695893,2,2022,0.1038598629293562,0.126479488643308
00-0035644,2023_16_SEA_TEN,2023,16,0.0,0.10109600611831393,2,2022,0.1442014176634095,0.1223396282291982
00-0035689,2023_16_BUF_LAC,2023,16,0.0,0.18110993757703187,2,2022,0.1873492327190949,0.2117421008290546
00-0035771,2023_16_CIN_PIT,2023,16,0.0,0.08468612102143747,2,2022,0.1185748309334204,0.1265278584460526
00-0036040,2023_16_NO_LA,2023,16,1.0,0.2059827517027854,2,2022,0.2130621647240686,0.2230205603892039
00-0036232,2023_16_CLE_HOU,2023,16,0.0,0.07863575600038883,2,2022,0.0976101820455161,0.1435322504430547
00-0036244,2023_16_SEA_TEN,2023,16,1.0,0.1256961362662081,2,2022,0.1506532362148243,0.158973821797668
00-0036290,2023_16_ARI_CHI,2023,16,0.0,0.2537302752371838,2,2022,0.2667722613928098,0.2388318569036616
00-0036332,2023_16_GB_CAR,2023,16,0.0,0.049932143935877804,2,2022,0.0864949300056742,0.1056030100895451
00-0036422,2023_16_NE_DEN,2023,16,0.0,0.15221728528352857,2,2022,0.1788644837168221,0.1699333650358267
00-0036438,2023_16_GB_CAR,2023,16,0.0,0.09890985565713087,2,2022,0.1237786283955854,0.1457316742725644
00-0036556,2023_16_CLE_HOU,2023,16,0.0,0.119958118591863,2,2022,0.1529821924683198,0.1452819378324831
00-0036628,2023_16_WAS_NYJ,2023,16,0.0,0.09480702261325208,2,2022,0.1161388817111448,0.1484334881381422
00-0036637,2023_16_LV_KC,2023,16,0.0,0.07184881866452217,2,2022,0.1011457447664043,0.1262891583325074
00-0036876,2023_16_IND_ATL,2023,16,0.0,0.15488940192425613,2,2022,0.1786230422035577,0.1751776077635373
00-0036887,2023_16_JAX_TB,2023,16,0.0,0.021625422182075305,2,2022,0.0556056376478895,0.0949509746885241
00-0036970,2023_16_IND_ATL,2023,16,1.0,0.22821047455090326,2,2022,0.2361776939195623,0.2329156539650955
00-0037005,2023_16_GB_CAR,2023,16,0.0,0.1131187309504113,2,2022,0.132635039953926,0.1600045379163296
00-0037311,2023_16_JAX_TB,2023,16,0.0,0.03537781256391605,2,2022,0.0633550416495327,0.1098694673719333
00-0037475,2023_16_BUF_LAC,2023,16,0.0,0.10184467391395993,2,2022,0.1183421131381718,0.1584339499370087
00-0037539,2023_16_NE_DEN,2023,16,1.0,0.10847676518986293,2,2022,0.1312869094269307,0.1532672368137036
00-0037569,2023_16_DAL_MIA,2023,16,0.0,0.08411749979613395,2,2022,0.1260415339373024,0.1154569064852008
00-0037744,2023_16_ARI_CHI,2023,16,0.0,0.29678874195792876,2,2022,0.2896420113661923,0.2874121022325213
00-0037809,2023_16_SEA_TEN,2023,16,1.0,0.19713771207020875,2,2022,0.204677826887237,0.2179902572934924
00-0037838,2023_16_BAL_SF,2023,16,0.0,0.3136334105842731,2,2022,0.3058162945189722,0.2967140372423754
00-0038041,2023_16_DAL_MIA,2023,16,0.0,0.3674133771655182,2,2022,0.35257635296677,0.3329630856287702
00-0038046,2023_16_BAL_SF,2023,16,0.0,0.07710010489496977,2,2022,0.0915949366516716,0.1487800865084916
00-0038115,2023_16_NYG_PHI,2023,16,0.0,0.07719064997427488,2,2022,0.1007938685514349,0.1365973459667765
00-0038129,2023_16_JAX_TB,2023,16,0.0,0.32634931947795864,2,2022,0.3030603122411086,0.3238274381449851
00-0038394,2023_16_IND_ATL,2023,16,0.0,0.10783754665206738,2,2022,0.1241088043365891,0.1617267803205328
00-0038547,2023_16_DAL_MIA,2023,16,0.0,0.07427250471493355,2,2022,0.1082139763641217,0.1212628199645271
00-0038558,2023_16_CIN_PIT,2023,16,0.0,0.08286873210526355,2,2022,0.1049222146255812,0.1415100185461171
00-0038933,2023_16_BUF_LAC,2023,16,0.0,0.3430330020240992,2,2022,0.3144817832802075,0.3392135480419124
00-0038996,2023_16_GB_CAR,2023,16,0.0,0.1511611678587499,2,2022,0.1692427208565528,0.1809058638547332
00-0039041,2023_16_ARI_CHI,2023,16,0.0,0.1819481798563824,2,2022,0.1822041033519218,0.2201928145354855
00-0039065,2023_16_DET_MIN,2023,16,0.0,0.2957089563258075,2,2022,0.3098783688559516,0.258256841532011
00-0039074,2023_16_NO_LA,2023,16,0.0,0.028064067840429793,2,2022,0.0666957996214352,0.0919178993798901
00-0030506,2023_17_CIN_KC,2023,17,0.0,0.5001073772403019,2,2022,0.4932573668262856,0.3884270372038422
00-0031260,2023_17_SF_WAS,2023,17,0.0,0.2427142594333555,2,2022,0.2438121334387027,0.2493720114957185
00-0031585,2023_17_ATL_CHI,2023,17,0.0,0.10431222628317946,2,2022,0.1213677720351226,0.1589154885642748
00-0031610,2023_17_LA_NYG,2023,17,0.0,0.25179147413310204,2,2022,0.2585130356840616,0.2463498991463638
00-0032392,2023_17_LV_IND,2023,17,0.0,0.14743185756061297,2,2022,0.1577331416351872,0.1894906422668703
00-0033110,2023_17_LA_NYG,2023,17,0.0,0.32590828784321785,2,2022,0.286091164281159,0.3457962602175314
00-0033217,2023_17_LV_IND,2023,17,0.0,0.14808151219078122,2,2022,0.172824825961693,0.1704264263029314
00-0033246,2023_17_GB_MIN,2023,17,1.0,0.12357118199937756,2,2022,0.1526835490929436,0.1523355182288408
00-0033288,2023_17_SF_WAS,2023,17,0.0,0.456926959998208,2,2022,0.4420780266642745,0.3776275430385433
00-0033357,2023_17_NO_TB,2023,17,1.0,0.11829029585054837,2,2022,0.141713135613897,0.1573395899991373
00-0033439,2023_17_NE_BUF,2023,17,0.0,0.09049606761949883,2,2022,0.1239499921497379,0.1300094953565259
00-0033757,2023_17_ATL_CHI,2023,17,0.0,0.12263747273995257,2,2022,0.1415975881422146,0.1654990734720297
00-0033858,2023_17_ATL_CHI,2023,17,0.0,0.25420352345417996,2,2022,0.235619092365061,0.2815260061323121
00-0033881,2023_17_CAR_JAX,2023,17,0.0,0.27342253293385077,2,2022,0.2615183482364899,0.2821441004387321
00-0033885,2023_17_NYJ_CLE,2023,17,0.0,0.36850677746313487,2,2022,0.351384569637488,0.3365762951119872
00-0033895,2023_17_LAC_DEN,2023,17,0.0,0.25335507171195765,2,2022,0.257228290745597,0.250953672545834
00-0034270,2023_17_NYJ_CLE,2023,17,0.0,0.24402197533523812,2,2022,0.247561522586156,0.2467463689860008
00-0034351,2023_17_ARI_PHI,2023,17,1.0,0.3832878994414068,2,2022,0.3602965963576867,0.3518281614320311
00-0034365,2023_17_CAR_JAX,2023,17,0.0,0.07055077344310337,2,2022,0.1009548969158713,0.12415530689785
00-0034383,2023_17_TEN_HOU,2023,17,0.0,0.27991863006986517,2,2022,0.2868097010498907,0.2601518755337362
00-0034613,2023_17_CIN_KC,2023,17,0.0,0.16226854777850586,2,2022,0.1911431393262136,0.1719565836980151
00-0034798,2023_17_MIA_BAL,2023,17,0.0,0.19960586686957388,2,2022,0.2026959154806042,0.225195510131212
00-0034829,2023_17_NE_BUF,2023,17,0.0,0.0966611310342482,2,2022,0.1158105221834547,0.1522882365324955
00-0034981,2023_17_NO_TB,2023,17,0.0,0.10720417384222938,2,2022,0.1290729541877258,0.1538962512142986
00-0035249,2023_17_GB_MIN,2023,17,0.0,0.08747907950731268,2,2022,0.1138696605864486,0.1379871087495223
00-0035631,2023_17_CIN_KC,2023,17,0.0,0.06930758434172368,2,2022,0.0965149198026451,0.1278268675258193
00-0035644,2023_17_PIT_SEA,2023,17,0.0,0.1634516642291448,2,2022,0.1788321477680853,0.1906623934801321
00-0035771,2023_17_CIN_KC,2023,17,0.0,0.07459991147185582,2,2022,0.1071496139997195,0.1232945610223826
00-0036040,2023_17_NO_TB,2023,17,1.0,0.25038624613966726,2,2022,0.2665686078013635,0.232947971379398
00-0036232,2023_17_NYJ_CLE,2023,17,0.0,0.09100569968598185,2,2022,0.1153221356365749,0.1425306669604314
00-0036244,2023_17_PIT_SEA,2023,17,0.0,0.10525824837492023,2,2022,0.1260456375190234,0.1543773984049232
00-0036422,2023_17_LAC_DEN,2023,17,0.0,0.13651734598051685,2,2022,0.1512763545868566,0.1780621509028619
00-0036438,2023_17_CAR_JAX,2023,17,0.0,0.09877846592152587,2,2022,0.1239542650297471,0.1452539590664195
00-0036556,2023_17_TEN_HOU,2023,17,1.0,0.13260172029504985,2,2022,0.1673558856958119,0.1492658106742785
00-0036628,2023_17_SF_WAS,2023,17,0.0,0.09827935590143885,2,2022,0.1211939825051709,0.1480406058611866
00-0036637,2023_17_CIN_KC,2023,17,0.0,0.07379838087002166,2,2022,0.1074885057421848,0.1213637619159853
00-0036876,2023_17_LV_IND,2023,17,0.0,0.15763618341390417,2,2022,0.1607603116545876,0.2042157051116116
00-0036887,2023_17_CAR_JAX,2023,17,0.0,0.11366371743872189,2,2022,0.1359731788540296,0.1565265969932606
00-0036894,2023_17_PIT_SEA,2023,17,0.0,0.26920625638544504,2,2022,0.2687444860639632,0.2646797559568845
00-0036970,2023_17_ATL_CHI,2023,17,0.0,0.26847391210741456,2,2022,0.2656317449481664,0.2675101251459693
00-0037005,2023_17_CAR_JAX,2023,17,0.0,0.1379603625712687,2,2022,0.1533985442146185,0.1778701310662562
00-0037451,2023_17_PIT_SEA,2023,17,0.0,0.001905018331756575,2,2022,0.0338348608063789,0.0878672386788648
00-0037475,2023_17_LAC_DEN,2023,17,0.0,0.11470747448509833,2,2022,0.1403143993608862,0.1526204060534207
00-0037539,2023_17_LAC_DEN,2023,17,0.0,0.11723630615927885,2,2022,0.1368268470032742,0.1619586873905724
00-0037569,2023_17_DET_DAL,2023,17,0.0,0.08033289239951902,2,2022,0.1189523768900424,0.1180055021267154
00-0037654,2023_17_ATL_CHI,2023,17,0.0,0.015134686421928112,2,2022,0.0462013375633047,0.0956248876203376
00-0037744,2023_17_ARI_PHI,2023,17,0.0,0.27814155549498726,2,2022,0.2742051167752434,0.273801294722805
00-0037809,2023_17_TEN_HOU,2023,17,0.0,0.2697659063932899,2,2022,0.2714449295620217,0.262084913323991
00-0037838,2023_17_MIA_BAL,2023,17,2.0,0.3421329778713593,2,2022,0.3209233750596816,0.3289085909847257
00-0038041,2023_17_DET_DAL,2023,17,0.0,0.4139135187163806,2,2022,0.4040678458063927,0.3494560546760545
00-0038046,2023_17_MIA_BAL,2023,17,1.0,0.07684422476360872,2,2022,0.089344093174437,0.1513306712076851
00-0038115,2023_17_LA_NYG,2023,17,0.0,0.12174947052851873,2,2022,0.1518558994489239,0.1500923505205388
00-0038129,2023_17_NO_TB,2023,17,0.0,0.25576237509827565,2,2022,0.2677447813435253,0.2412679214787207
00-0038394,2023_17_LV_IND,2023,17,0.0,0.12555331380162787,2,2022,0.1530053687265254,0.1555531353208285
00-0038720,2023_17_MIA_BAL,2023,17,0.0,0.08082198166549032,2,2022,0.1044412937401568,0.1383870121437561
00-0038933,2023_17_NE_BUF,2023,17,0.0,0.305543955597836,2,2022,0.2721239307705126,0.3270507065653809
00-0038935,2023_17_CAR_JAX,2023,17,0.0,0.13860094781305085,2,2022,0.1655111761864432,0.1627885590186183
00-0038996,2023_17_GB_MIN,2023,17,0.0,0.13947585627520168,2,2022,0.1574710900204803,0.1751932312476549
00-0039041,2023_17_ARI_PHI,2023,17,0.0,0.13346384598612643,2,2022,0.1490277869240883,0.1754584836912306
00-0039065,2023_17_DET_DAL,2023,17,0.0,0.3641781304410374,2,2022,0.360842289427701,0.3159091724541137
00-0039074,2023_17_LA_NYG,2023,17,0.0,0.027108701449154254,2,2022,0.0570932425480134,0.1030501253415146
00-0031260,2023_18_DAL_WAS,2023,18,0.0,0.22877192855704825,2,2022,0.2340313933589926,0.2368308305981534
00-0031585,2023_18_ATL_NO,2023,18,0.0,0.10037748319144044,2,2022,0.1327125251823833,0.1364403322894336
00-0031610,2023_18_PHI_NYG,2023,18,0.0,0.22453870075220672,2,2022,0.2522934799040212,0.2045196411670117
00-0032062,2023_18_KC_LAC,2023,18,0.0,0.09074151901984143,2,2022,0.1103907367179845,0.1486645826103084
00-0032392,2023_18_DEN_LV,2023,18,0.0,0.1195382034432744,2,2022,0.1311271513561673,0.1738488960385683
00-0033217,2023_18_HOU_IND,2023,18,0.0,0.12236851838398985,2,2022,0.1453477009171974,0.1599693708189514
00-0033246,2023_18_MIN_DET,2023,18,0.0,0.19589920501255464,2,2022,0.2018778573522342,0.2194687477419809
00-0033357,2023_18_ATL_NO,2023,18,0.0,0.13711854444169036,2,2022,0.1546675202984884,0.1746165239852725
00-0033439,2023_18_NYJ_NE,2023,18,0.0,0.1322528630676779,2,2022,0.1526309934730985,0.1683914642201031
00-0033757,2023_18_CHI_GB,2023,18,0.0,0.135293032882267,2,2022,0.1580840042504346,0.1666686592001118
00-0033858,2023_18_ATL_NO,2023,18,1.0,0.22168126678259847,2,2022,0.2220534052710498,0.2398552590480896
00-0033881,2023_18_JAX_TEN,2023,18,1.0,0.2731783043309339,2,2022,0.254257390840084,0.291442158587341
00-0033895,2023_18_KC_LAC,2023,18,0.0,0.20492278678491138,2,2022,0.2194541067869389,0.2124877620448367
00-0034159,2023_18_SEA_ARI,2023,18,1.0,0.09537670011818405,2,2022,0.1227723991461379,0.1405770028405988
00-0034270,2023_18_NYJ_NE,2023,18,0.0,0.262294914510035,2,2022,0.2568490772265964,0.2679235005552406
00-0034351,2023_18_PHI_NYG,2023,18,0.0,0.3803721486544919,2,2022,0.3660769209064363,0.3386994343053437
00-0034365,2023_18_TB_CAR,2023,18,0.0,0.07484385781651523,2,2022,0.1073188025577401,0.1235166004514049
00-0034383,2023_18_HOU_IND,2023,18,0.0,0.28513227366445826,2,2022,0.3012804717601851,0.2503248025838278
00-0034613,2023_18_CLE_CIN,2023,18,0.0,0.2668897165419004,2,2022,0.24605141992114,0.2908795391992078
00-0034798,2023_18_BUF_MIA,2023,18,0.0,0.20545852970004952,2,2022,0.2115686696431214,0.2240603216068943
00-0034829,2023_18_NYJ_NE,2023,18,0.0,0.1380422561000525,2,2022,0.1554061858388788,0.1753256842795819
00-0034981,2023_18_ATL_NO,2023,18,0.0,0.09340350949249812,2,2022,0.1140233324701556,0.1486893302134582
00-0035249,2023_18_MIN_DET,2023,18,0.0,0.11652918180632968,2,2022,0.1317082739063136,0.1675282996163219
00-0035329,2023_18_KC_LAC,2023,18,0.0,0.12457702199062995,2,2022,0.1457716876517529,0.1634666432485119
00-0035631,2023_18_CLE_CIN,2023,18,0.0,0.0850835481365885,2,2022,0.1081299690782969,0.1412817380782978
00-0035689,2023_18_BUF_MIA,2023,18,1.0,0.13743414286583727,2,2022,0.1425557094316433,0.1914575939134467
00-0035771,2023_18_CLE_CIN,2023,18,0.0,0.0008472837316578496,2,2022,0.0340623889207457,0.0856142010954679
00-0036040,2023_18_ATL_NO,2023,18,0.0,0.3303921461926684,2,2022,0.3038362496115003,0.3302297202095442
00-0036244,2023_18_SEA_ARI,2023,18,0.0,0.12004633342352891,2,2022,0.1381353799118886,0.1653760392941233
00-0036290,2023_18_CHI_GB,2023,18,0.0,0.266219919735275,2,2022,0.2566469603965841,0.2754218668755216
00-0036422,2023_18_DEN_LV,2023,18,0.0,0.12729112654059194,2,2022,0.1429729931966843,0.1722212797725357
00-0036429,2023_18_LA_SF,2023,18,0.0,0.06688168541012668,2,2022,0.0965519706003629,0.1233103722767582
00-0036438,2023_18_TB_CAR,2023,18,0.0,0.09330299264007699,2,2022,0.1129442651399533,0.1499528860747882
00-0036628,2023_18_DAL_WAS,2023,18,0.0,0.08759828549311238,2,2022,0.1186965237367092,0.131726592426087
00-0036637,2023_18_KC_LAC,2023,18,0.0,0.09593016051877806,2,2022,0.1229670744995423,0.1413347280477301
00-0036741,2023_18_PHI_NYG,2023,18,0.0,0.12909650427958852,2,2022,0.1403855262808197,0.1790191268499012
00-0036876,2023_18_HOU_IND,2023,18,0.0,0.18268098691568369,2,2022,0.188804185403946,0.2126815827545741
00-0036894,2023_18_PIT_BAL,2023,18,0.0,0.2576187885371182,2,2022,0.2253422914961559,0.3016109453094928
00-0036970,2023_18_ATL_NO,2023,18,0.0,0.26070243039440966,2,2022,0.265420476027818,0.2534842908281459
00-0037005,2023_18_TB_CAR,2023,18,0.0,0.12341267981934223,2,2022,0.137458549849198,0.1724830562534803
00-0037475,2023_18_KC_LAC,2023,18,0.0,0.10539334349234908,2,2022,0.1305220500218896,0.1486166143178492
00-0037539,2023_18_DEN_LV,2023,18,0.0,0.10823784757732621,2,2022,0.1254461230271231,0.1606685109060371
00-0037569,2023_18_DAL_WAS,2023,18,0.0,0.11053952435973707,2,2022,0.1513020126733653,0.1301953068155556
00-0037744,2023_18_SEA_ARI,2023,18,1.0,0.280481280302331,2,2022,0.2874565433034882,0.2603194929670547
00-0037809,2023_18_JAX_TEN,2023,18,0.0,0.25109627760780967,2,2022,0.2628655966170145,0.2392265863953765
00-0037838,2023_18_PIT_BAL,2023,18,1.0,0.31433103693946385,2,2022,0.2984037844986151,0.3079497700944453
00-0038041,2023_18_DAL_WAS,2023,18,0.0,0.377578853263567,2,2022,0.3586129830127916,0.3435764501330288
00-0038046,2023_18_PIT_BAL,2023,18,0.0,0.0879127339105246,2,2022,0.1091093545858922,0.1451762426921579
00-0038129,2023_18_TB_CAR,2023,18,0.0,0.2995019459855684,2,2022,0.27693193384283,0.3094709972914205
00-0038394,2023_18_HOU_IND,2023,18,0.0,0.15108594045981605,2,2022,0.1906307419148632,0.1520541794340376
00-0038720,2023_18_BUF_MIA,2023,18,0.0,0.086853755760536,2,2022,0.1128382936551545,0.1382203118498134
00-0038933,2023_18_BUF_MIA,2023,18,0.0,0.3556937379001044,2,2022,0.3300740962772719,0.3415929867775523
00-0038935,2023_18_JAX_TEN,2023,18,0.0,0.03180062365795423,2,2022,0.0689036275057529,0.0958339551139622
00-0038996,2023_18_CHI_GB,2023,18,0.0,0.150433900716228,2,2022,0.1722966573826862,0.1754668883556427
00-0039041,2023_18_SEA_ARI,2023,18,0.0,0.11960585181727545,2,2022,0.1509418462225689,0.1473724578118523
00-0039065,2023_18_MIN_DET,2023,18,1.0,0.3705942595530931,2,2022,0.3534373890948592,0.337664044241647
00-0039074,2023_18_LA_SF,2023,18,0.0,0.08139862755966987,2,2022,0.1201446250309238,0.1183672378357021
00-0039144,2023_18_CHI_GB,2023,18,0.0,0.3393639535348928,2,2022,0.3120701593170726,0.3356953859531046
00-0030506,2023_19_MIA_KC,2023,19,0.0,0.43813043128106255,2,2022,0.4100919471289621,0.3859588434483115
00-0033110,2023_19_LA_DET,2023,19,0.0,0.36222160653642976,2,2022,0.337047055515836,0.3442514926490919
00-0033885,2023_19_CLE_HOU,2023,19,0.0,0.400051039275034,2,2022,0.3794457630211247,0.3569862326882642
00-0034351,2023_19_PHI_TB,2023,19,1.0,0.3674126041513067,2,2022,0.3509469138865358,0.3351491653335489
00-0034383,2023_19_CLE_HOU,2023,19,1.0,0.27734395324481215,2,2022,0.2952800216979679,0.244039871962197
00-0034798,2023_19_MIA_KC,2023,19,0.0,0.19107149113429855,2,2022,0.1936817086541124,0.2215828175209005
00-0035689,2023_19_PIT_BUF,2023,19,1.0,0.13331221175408367,2,2022,0.1498359613173221,0.1740943181392072
00-0036232,2023_19_CLE_HOU,2023,19,0.0,0.08798132687457724,2,2022,0.1088099657988536,0.1457044673953719
00-0036556,2023_19_CLE_HOU,2023,19,1.0,0.10773432959399948,2,2022,0.1286029620110254,0.1555033745169612
00-0036590,2023_19_PIT_BUF,2023,19,0.0,0.021036277291312605,2,2022,0.0500921366530821,0.101268006049801
00-0036637,2023_19_MIA_KC,2023,19,0.0,0.08883460812910507,2,2022,0.1215882853324328,0.130120850074125
00-0036754,2023_19_LA_DET,2023,19,0.0,0.006966096250504858,2,2022,0.0414271159251714,0.0869935771522105
00-0036894,2023_19_PIT_BUF,2023,19,0.0,0.27631491064188096,2,2022,0.2400284390119976,0.3163197261813295
00-0037311,2023_19_PHI_TB,2023,19,0.0,0.03160299909237686,2,2022,0.0461364182466294,0.1260347872821057
00-0038041,2023_19_GB_DAL,2023,19,3.0,0.34366889636010856,2,2022,0.3275450584079767,0.3228471113364172
00-0038129,2023_19_PHI_TB,2023,19,0.0,0.2630730908399443,2,2022,0.2708159974092042,0.2506059116029077
00-0038547,2023_19_GB_DAL,2023,19,0.0,0.07242992552890537,2,2022,0.1048966044738866,0.1223236521828433
00-0038558,2023_19_PIT_BUF,2023,19,0.0,0.05096245839194259,2,2022,0.0672357920581405,0.1333552747037892
00-0038933,2023_19_PIT_BUF,2023,19,1.0,0.3772360199724086,2,2022,0.3711683273993257,0.3260897946376129
00-0038996,2023_19_GB_DAL,2023,19,0.0,0.16745136472031916,2,2022,0.1843847959855502,0.1905725893364896
00-0039065,2023_19_LA_DET,2023,19,1.0,0.36500179432299146,2,2022,0.3319708139171712,0.356185387386799
00-0039074,2023_19_LA_DET,2023,19,0.0,0.15860000844361463,2,2022,0.1958812934894763,0.158840865014986
00-0039144,2023_19_GB_DAL,2023,19,1.0,0.3198927570196567,2,2022,0.2992746015685645,0.3170213826098891
00-0030506,2023_20_KC_BUF,2023,20,2.0,0.44019386314761666,2,2022,0.4378380200871042,0.3525094150302891
00-0033288,2023_20_GB_SF,2023,20,1.0,0.406191978957847,2,2022,0.364594271061796,0.3882313669254443
00-0034383,2023_20_HOU_BAL,2023,20,0.0,0.27273086902049803,2,2022,0.2718982272375476,0.2669356877110666
00-0035689,2023_20_KC_BUF,2023,20,0.0,0.12279509151323964,2,2022,0.1493883668132231,0.155330263619111
00-0036332,2023_20_GB_SF,2023,20,0.0,0.035314193971027724,2,2022,0.0727212611506626,0.0971782869491051
00-0036556,2023_20_HOU_BAL,2023,20,0.0,0.08940174888830582,2,2022,0.1122008453736704,0.1437676431372085
00-0036637,2023_20_KC_BUF,2023,20,0.0,0.06496250546922952,2,2022,0.0892561388423841,0.129571197351878
00-0036754,2023_20_TB_DET,2023,20,0.0,0.08182948210130236,2,2022,0.1145306790978342,0.1266972181483341
00-0037838,2023_20_HOU_BAL,2023,20,1.0,0.3344155945017469,2,2022,0.3087869424255145,0.3309917605442594
00-0038046,2023_20_HOU_BAL,2023,20,0.0,0.10577757764130685,2,2022,0.122173908045515,0.1605313799446301
00-0038129,2023_20_TB_DET,2023,20,1.0,0.3511971984178355,2,2022,0.3425063716066413,0.316623421119948
00-0038809,2023_20_GB_SF,2023,20,0.0,0.06970975115390715,2,2022,0.1005539150945611,0.1231450642713721
00-0038933,2023_20_KC_BUF,2023,20,0.0,0.3448875259643975,2,2022,0.3174727054687963,0.3386129643727524
00-0038996,2023_20_GB_SF,2023,20,1.0,0.15497548766399183,2,2022,0.1633293941954402,0.195867660378307
00-0039065,2023_20_TB_DET,2023,20,0.0,0.34105907563597815,2,2022,0.3067605499477169,0.3459446663461825
00-0039144,2023_20_GB_SF,2023,20,0.0,0.2931837674234238,2,2022,0.2790056562792191,0.2950535241263885
00-0030506,2023_21_KC_BAL,2023,21,1.0,0.4176051430966441,2,2022,0.4048910658104553,0.3551481991279661
00-0033288,2023_21_DET_SF,2023,21,0.0,0.42142718480434627,2,2022,0.398476091034783,0.3707976705898108
00-0034753,2023_21_KC_BAL,2023,21,0.0,0.31657687607734475,2,2022,0.2878453685395789,0.3262595356802838
00-0036429,2023_21_DET_SF,2023,21,0.0,0.04095273570158417,2,2022,0.0682906505587472,0.1135084545591025
00-0036637,2023_21_KC_BAL,2023,21,0.0,0.07897919037776446,2,2022,0.1082600594196713,0.1298672720236916
00-0037838,2023_21_KC_BAL,2023,21,0.0,0.29703538387266376,2,2022,0.2758157229642564,0.3064278702154264
00-0039065,2023_21_DET_SF,2023,21,0.0,0.3774483278779013,2,2022,0.3473270021159775,0.3584874148426573
00-0030506,2023_22_SF_KC,2023,22,0.0,0.5305815893574951,2,2022,0.5392925502477941,0.3827368426760305
00-0033288,2023_22_SF_KC,2023,22,0.0,0.3260698598901497,2,2022,0.2855621187726256,0.3468039967665544
00-0036429,2023_22_SF_KC,2023,22,0.0,-0.0003538504239757878,2,2022,0.0274255570767384,0.0923124485404005
00-0036637,2023_22_SF_KC,2023,22,0.0,0.12130644404695895,2,2022,0.149352412391503,0.152637517784057
00-0030061,2024_02_NYG_WAS,2024,2,0.0,0.24474946712369522,3,2023,0.236809460124472,0.2667927508380912
00-0030506,2024_02_CIN_KC,2024,2,0.0,0.42122493960577595,3,2023,0.4307189921782638,0.3499527299699806
00-0031585,2024_02_PIT_DEN,2024,2,0.0,-0.0031625948078393626,3,2023,0.0416967031643741,0.048007872057584
00-0032392,2024_02_SEA_NE,2024,2,0.0,0.18840912908346522,3,2023,0.1943526493552575,0.2145859425592666
00-0033090,2024_02_SEA_NE,2024,2,0.0,0.14495528335154909,3,2023,0.1453148630618803,0.1958125791202604
00-0033217,2024_02_IND_GB,2024,2,0.0,0.09283299344218893,3,2023,0.1191971383250773,0.1301530237464136
00-0033246,2024_02_SF_MIN,2024,2,0.0,0.09938159892160295,3,2023,0.1249493473552795,0.1351429554045774
00-0033288,2024_02_SF_MIN,2024,2,1.0,0.35792302084459665,3,2023,0.3450361901896786,0.3413983226437548
00-0033895,2024_02_CHI_HOU,2024,2,0.0,0.07432224332145476,3,2023,0.1081179966569774,0.1092140508488531
00-0034159,2024_02_LAC_CAR,2024,2,0.0,0.12490424593961166,3,2023,0.1179103690281745,0.1934515587901887
00-0034270,2024_02_NYJ_TEN,2024,2,0.0,0.11300148516151459,3,2023,0.1371184854484622,0.1452498487572874
00-0034351,2024_02_ATL_PHI,2024,2,0.0,0.2520922951793803,3,2023,0.2739863406037823,0.2318526427236956
00-0034364,2024_02_CLE_JAX,2024,2,0.0,0.1216371006906189,3,2023,0.1410637838452984,0.1566320991851181
00-0034383,2024_02_CHI_HOU,2024,2,0.0,0.11861922409892811,3,2023,0.147913006140552,0.1417999768417537
00-0034753,2024_02_LV_BAL,2024,2,0.0,0.09298885580829708,3,2023,0.1051048505812694,0.1490429971393226
00-0034798,2024_02_BUF_MIA,2024,2,0.0,0.09809995701090954,3,2023,0.1256236719899039,0.1317916634380041
00-0034829,2024_02_CIN_KC,2024,2,0.0,0.24207469929798497,3,2023,0.2385740510340174,0.2593273216227952
00-0034830,2024_02_LAC_CAR,2024,2,0.0,0.15938141672824685,3,2023,0.1660910449722507,0.196113630671946
00-0034981,2024_02_NO_DAL,2024,2,0.0,0.25610849055708024,3,2023,0.2316451886535964,0.2954233805272429
00-0035644,2024_02_SEA_NE,2024,2,0.0,0.152158812397456,3,2023,0.1810687082521563,0.1624821853143038
00-0036244,2024_02_LA_ARI,2024,2,0.0,0.22372439406647993,3,2023,0.2415185478151519,0.2201964865407404
00-0036290,2024_02_CHI_HOU,2024,2,0.0,0.07054184216260626,3,2023,0.1132150540734306,0.0952287681171394
00-0036556,2024_02_CHI_HOU,2024,2,0.0,0.061752353886098926,3,2023,0.0982676423376108,0.0980649958551256
00-0036628,2024_02_NYG_WAS,2024,2,0.0,0.09067925462233498,3,2023,0.1237932033262693,0.1199530722254521
00-0036876,2024_02_IND_GB,2024,2,0.0,0.05537399873018645,3,2023,0.0948334193732447,0.0903441772931033
00-0036894,2024_02_PIT_DEN,2024,2,0.0,0.1957850590307217,3,2023,0.2237518904838594,0.1899697066842614
00-0036970,2024_02_ATL_PHI,2024,2,0.0,0.20640071220081485,3,2023,0.2116136761752876,0.2263725561894486
00-0037086,2024_02_ATL_PHI,2024,2,0.0,0.10888826657974557,3,2023,0.1238816235797653,0.1548114817563955
00-0037252,2024_02_PIT_DEN,2024,2,0.0,0.10167906782523628,3,2023,0.142165204359117,0.1168446062059485
00-0037744,2024_02_LA_ARI,2024,2,0.0,0.29218506131785393,3,2023,0.2927302882553095,0.2841339430784562
00-0037809,2024_02_NYJ_TEN,2024,2,0.0,0.07074342397141306,3,2023,0.1032899884849029,0.1087091419435584
00-0037838,2024_02_LV_BAL,2024,2,0.0,0.41005686079294495,3,2023,0.3965296802793367,0.3736042560040595
00-0038129,2024_02_TB_DET,2024,2,0.0,0.14496640635452007,3,2023,0.1485453325603923,0.19157229595467
00-0038558,2024_02_PIT_DEN,2024,2,1.0,0.06275490438721111,3,2023,0.1028432765258022,0.0939544557739118
00-0038720,2024_02_BUF_MIA,2024,2,0.0,0.08725344240976393,3,2023,0.128651836000556,0.1069633988784544
00-0038933,2024_02_BUF_MIA,2024,2,0.0,0.13367479124181067,3,2023,0.1461216727969448,0.1730811690825156
00-0038996,2024_02_IND_GB,2024,2,0.0,0.14123593080647862,3,2023,0.1579300191669691,0.1720266512542363
00-0039041,2024_02_LA_ARI,2024,2,1.0,0.08246468110542743,3,2023,0.1104359952188607,0.1217957677454945
00-0039065,2024_02_TB_DET,2024,2,0.0,0.3662659665091373,3,2023,0.359322100362631,0.3385770512694114
00-0039066,2024_02_LV_BAL,2024,2,0.0,0.07349890931760461,3,2023,0.1059186228753405,0.110534050117426
00-0039338,2024_02_LV_BAL,2024,2,0.0,0.23208987749817933,3,2023,0.2419080046722571,0.2357507591193473
00-0039356,2024_02_LAC_CAR,2024,2,0.0,0.06844177704150367,3,2023,0.1056752587988757,0.1011415839713745
00-0030061,2024_03_WAS_CIN,2024,3,0.0,0.28054410431439747,3,2023,0.2677469205161166,0.2947326691001771
00-0030506,2024_03_KC_ATL,2024,3,0.0,0.28743172374661546,3,2023,0.2762194841050314,0.2967850614117003
00-0031484,2024_03_NYG_CLE,2024,3,0.0,-0.01147226811405954,3,2023,0.0346093428862183,0.0413966969036293
00-0032392,2024_03_NE_NYJ,2024,3,0.0,0.09500192184045922,3,2023,0.1259868450924886,0.1253619970183761
00-0033090,2024_03_NE_NYJ,2024,3,0.0,0.2867394560218491,3,2023,0.2651924044873648,0.3100023502513737
00-0033217,2024_03_CHI_IND,2024,3,0.0,0.12337334202967817,3,2023,0.1360929330111802,0.1665245591669027
00-0033246,2024_03_HOU_MIN,2024,3,1.0,0.16195824480278528,3,2023,0.1831093640864711,0.1786124547855788
00-0033576,2024_03_SF_LA,2024,3,0.0,0.0595603006717005,3,2023,0.0994596965907748,0.0922820357746006
00-0033858,2024_03_MIA_SEA,2024,3,0.0,0.18351778466613666,3,2023,0.2141142045557709,0.1791213481963791
00-0033895,2024_03_CHI_IND,2024,3,0.0,0.11594296563747192,3,2023,0.113292573188913,0.1823309472665466
00-0034159,2024_03_LAC_PIT,2024,3,0.0,0.07501234071068716,3,2023,0.1007800867744096,0.120219757789427
00-0034270,2024_03_NE_NYJ,2024,3,0.0,0.12539806838731593,3,2023,0.1469682538551417,0.1560667978911839
00-0034351,2024_03_PHI_NO,2024,3,0.0,0.2722618406176213,3,2023,0.2837847136790029,0.2576673501357038
00-0034364,2024_03_NYG_CLE,2024,3,0.0,0.08387607045326848,3,2023,0.1123122161155834,0.1220315833425112
00-0034383,2024_03_HOU_MIN,2024,3,0.0,0.11158798927315594,3,2023,0.1604152697373352,0.1118016621899951
00-0034753,2024_03_BAL_DAL,2024,3,0.0,0.16710897763255395,3,2023,0.1941617123960659,0.1739254512939384
00-0034798,2024_03_MIA_SEA,2024,3,0.0,0.05870546440940008,3,2023,0.099114473267599,0.0910955245335125
00-0034829,2024_03_WAS_CIN,2024,3,0.0,0.2913778036287063,3,2023,0.2930139162670007,0.2822092355390952
00-0034830,2024_03_LAC_PIT,2024,3,0.0,0.11944886594977425,3,2023,0.1462048284678415,0.14564695024248
00-0034981,2024_03_PHI_NO,2024,3,0.0,0.19316066363540027,3,2023,0.1966774919318458,0.2206455358897175
00-0035249,2024_03_HOU_MIN,2024,3,0.0,0.08972197924175809,3,2023,0.126914834358195,0.1139963129793397
00-0035644,2024_03_MIA_SEA,2024,3,0.0,0.17379961041230282,3,2023,0.1945560640736016,0.1862562885570511
00-0035689,2024_03_JAX_BUF,2024,3,0.0,0.1058640259201965,3,2023,0.1306429186480643,0.1400831295312354
00-0036244,2024_03_SF_LA,2024,3,0.0,0.1790517211048024,3,2023,0.1966169563870586,0.193625570295467
00-0036290,2024_03_CHI_IND,2024,3,1.0,0.15161906394211072,3,2023,0.1722597084714653,0.1730663269159419
00-0036422,2024_03_DEN_TB,2024,3,0.0,0.06216501200241849,3,2023,0.0975296042556712,0.0998312337291672
00-0036637,2024_03_KC_ATL,2024,3,0.0,0.15464615079660268,3,2023,0.1757164687707474,0.1743204482215831
00-0036754,2024_03_DET_ARI,2024,3,0.0,0.12094413120169795,3,2023,0.1531962729571854,0.1392958483677105
00-0036876,2024_03_CHI_IND,2024,3,0.0,0.11823506336207956,3,2023,0.139673332585567,0.1519319070214168
00-0036887,2024_03_JAX_BUF,2024,3,0.0,0.06205492420286013,3,2023,0.0938670906165251,0.1044513840345179
00-0036894,2024_03_LAC_PIT,2024,3,0.0,0.19387525600260702,3,2023,0.2112443374746856,0.2028014544611167
00-0036970,2024_03_KC_ATL,2024,3,0.0,0.2864588797039971,3,2023,0.2680765776061555,0.3056586196170717
00-0037005,2024_03_CAR_LV,2024,3,0.0,0.15474777543866958,3,2023,0.1882664551670809,0.1579596541736334
00-0037086,2024_03_PHI_NO,2024,3,0.0,0.002226800048556958,3,2023,0.0449645635400888,0.0540486061747448
00-0037744,2024_03_DET_ARI,2024,3,0.0,0.3105338172012779,3,2023,0.2966707040864069,0.314179199163589
00-0037805,2024_03_NE_NYJ,2024,3,0.0,0.09677976660865714,3,2023,0.1194477020558159,0.1374032640799817
00-0037809,2024_03_GB_TEN,2024,3,0.0,0.13043547766442348,3,2023,0.1296075880174003,0.1886446846489827
00-0037838,2024_03_BAL_DAL,2024,3,0.0,0.24809381704462286,3,2023,0.2727732863893352,0.2257728109361749
00-0038041,2024_03_BAL_DAL,2024,3,0.0,0.2534382864207572,3,2023,0.2226267216364847,0.3021917683442862
00-0038129,2024_03_DEN_TB,2024,3,0.0,0.12989918180308802,3,2023,0.1562047237240917,0.1525275483426386
00-0038547,2024_03_BAL_DAL,2024,3,0.0,0.32668619160019535,3,2023,0.3285053643041676,0.3032075501611996
00-0038589,2024_03_GB_TEN,2024,3,0.0,0.09899568173616466,3,2023,0.1145503178992305,0.148120142448822
00-0038720,2024_03_MIA_SEA,2024,3,0.0,0.07870172284577742,3,2023,0.1156620965708025,0.1076737532988338
00-0038933,2024_03_JAX_BUF,2024,3,1.0,0.20894471105325518,3,2023,0.2067840149286313,0.2376302627472568
00-0038935,2024_03_JAX_BUF,2024,3,1.0,0.20882900948744504,3,2023,0.2460521671302902,0.1856053316345827
00-0038996,2024_03_GB_TEN,2024,3,0.0,0.17766051246933998,3,2023,0.1913786932322459,0.197863735925349
00-0039041,2024_03_DET_ARI,2024,3,0.0,0.12886099036129436,3,2023,0.1467596866025119,0.16299336589615
00-0039065,2024_03_DET_ARI,2024,3,0.0,0.28357195164968757,3,2023,0.299239185489351,0.2590037059967577
00-0039066,2024_03_CAR_LV,2024,3,0.0,0.12175124153371722,3,2023,0.1315005919139215,0.1694671352105014
00-0039144,2024_03_GB_TEN,2024,3,0.0,0.12208782200541216,3,2023,0.148492569071924,0.1476977425671483
00-0039338,2024_03_CAR_LV,2024,3,0.0,0.27842824464132515,3,2023,0.2603703450311722,0.3003998273156698
00-0039356,2024_03_CAR_LV,2024,3,0.0,0.060771714161164364,3,2023,0.0972013733445346,0.0975880531711369
00-0039793,2024_03_MIA_SEA,2024,3,0.0,0.07915378881301946,3,2023,0.1111153979303721,0.1145400835974204
00-0039814,2024_03_WAS_CIN,2024,3,0.0,0.14733698145297763,3,2023,0.1821169885544855,0.1518377332077316
00-0039847,2024_03_NYG_CLE,2024,3,0.0,0.15109069908533843,3,2023,0.1808338344879878,0.1607404475162767
00-0030061,2024_04_WAS_ARI,2024,4,0.0,0.28880293850178673,3,2023,0.2755722387816998,0.3002726777513086
00-0030506,2024_04_KC_LAC,2024,4,0.0,0.28172516341625153,3,2023,0.2661632175558083,0.299090421485617
00-0031484,2024_04_DAL_NYG,2024,4,0.0,-0.009095449107226442,3,2023,0.0385536374985043,0.0407586557462781
00-0032392,2024_04_NE_SF,2024,4,1.0,0.13675546543323466,3,2023,0.1346506571827247,0.1941309976822833
00-0033090,2024_04_NE_SF,2024,4,0.0,0.2229346167951191,3,2023,0.2407849565864464,0.2196472741208244
00-0033246,2024_04_MIN_GB,2024,4,0.0,0.16893655039906819,3,2023,0.187682105816197,0.1859836929436664
00-0033288,2024_04_NE_SF,2024,4,1.0,0.32882741825146544,3,2023,0.3178981999378625,0.3213133341670418
00-0033357,2024_04_NO_ATL,2024,4,0.0,0.012499747550720752,3,2023,0.0509557751811774,0.0658767938706605
00-0033439,2024_04_SEA_DET,2024,4,0.0,0.11584311318619625,3,2023,0.1420997659255711,0.1441365962010676
00-0033858,2024_04_TEN_MIA,2024,4,0.0,0.16243568196826386,3,2023,0.1991888340526518,0.1583173963463203
00-0034159,2024_04_KC_LAC,2024,4,0.0,0.17787694472057103,3,2023,0.1973305868106345,0.1904276884941233
00-0034270,2024_04_DEN_NYJ,2024,4,0.0,0.17953157845084686,3,2023,0.2074054921639505,0.1803149810706558
00-0034351,2024_04_PHI_TB,2024,4,0.0,0.37214700185975247,3,2023,0.3380655758169764,0.3779147688936171
00-0034364,2024_04_CLE_LV,2024,4,0.0,0.12689250707203023,3,2023,0.1678851173211024,0.1313436423524367
00-0034383,2024_04_JAX_HOU,2024,4,0.0,0.19592271924811794,3,2023,0.216824591316407,0.1993726378431231
00-0034753,2024_04_BUF_BAL,2024,4,0.0,0.17180246989206133,3,2023,0.1934199078374113,0.1839190922332994
00-0034829,2024_04_CIN_CAR,2024,4,0.0,0.24640568116543143,3,2023,0.2474534499371254,0.2559323404083989
00-0034830,2024_04_KC_LAC,2024,4,0.0,0.15085519915627854,3,2023,0.1694398914004247,0.175319043155408
00-0035249,2024_04_MIN_GB,2024,4,1.0,0.0984371521083306,3,2023,0.1220167725933613,0.1371975681586539
00-0035631,2024_04_CIN_CAR,2024,4,0.0,0.1215267137379033,3,2023,0.1424809867567589,0.1545504933680302
00-0035644,2024_04_SEA_DET,2024,4,0.0,0.19628186146914411,3,2023,0.2242691963693216,0.190241510631875
00-0035689,2024_04_BUF_BAL,2024,4,0.0,0.13547785062948292,3,2023,0.137706255089953,0.1876460559836996
00-0036040,2024_04_NO_ATL,2024,4,0.0,0.15539664480561255,3,2023,0.1469896033189991,0.2136585543614528
00-0036244,2024_04_LA_CHI,2024,4,0.0,0.22679140586853974,3,2023,0.2340534828404256,0.2359354076141383
00-0036290,2024_04_LA_CHI,2024,4,0.0,0.25397671751639617,3,2023,0.2561476734100767,0.259004994732551
00-0036628,2024_04_WAS_ARI,2024,4,0.0,0.09798500353236131,3,2023,0.121272908696238,0.137310409544647
00-0036637,2024_04_KC_LAC,2024,4,0.0,0.09999617799418595,3,2023,0.1372140852841942,0.1201437221016611
00-0036754,2024_04_SEA_DET,2024,4,0.0,0.15030024506377368,3,2023,0.1958420008917292,0.1394233482851145
00-0036876,2024_04_PIT_IND,2024,4,0.0,0.01815082417002932,3,2023,0.0589179522430047,0.0662273940413456
00-0036887,2024_04_JAX_HOU,2024,4,0.0,0.04150951568937444,3,2023,0.0765429548751866,0.0878427506006306
00-0036894,2024_04_PIT_IND,2024,4,1.0,0.3239930984628186,3,2023,0.3078652384294394,0.325263310672377
00-0036970,2024_04_NO_ATL,2024,4,0.0,0.24570679435762854,3,2023,0.2515752198581789,0.2491524952976472
00-0037086,2024_04_PHI_TB,2024,4,0.0,0.08712541697367629,3,2023,0.09991714789538,0.1446244039260728
00-0037252,2024_04_DEN_NYJ,2024,4,0.0,0.15138313466029793,3,2023,0.1614124749530864,0.1869228765166775
00-0037292,2024_04_PIT_IND,2024,4,1.0,0.0635601528705046,3,2023,0.1024542033771224,0.0960144077491769
00-0037805,2024_04_DEN_NYJ,2024,4,0.0,0.07447552436311355,3,2023,0.0972858068486133,0.1237983324709801
00-0037809,2024_04_TEN_MIA,2024,4,0.0,0.110753387641949,3,2023,0.1253248807315241,0.1564899723198797
00-0037838,2024_04_BUF_BAL,2024,4,0.0,0.28673315217330614,3,2023,0.2750183079451636,0.2970278726393504
00-0038041,2024_04_DAL_NYG,2024,4,0.0,0.3042870070169371,3,2023,0.2909049319306689,0.3097868349060228
00-0038046,2024_04_BUF_BAL,2024,4,0.0,0.0062058144522020575,3,2023,0.0521881880345418,0.0521618855738093
00-0038115,2024_04_DAL_NYG,2024,4,0.0,-0.004332930051032323,3,2023,0.0437825365317119,0.0430083052236365
00-0038129,2024_04_PHI_TB,2024,4,0.0,0.2034208050442673,3,2023,0.2068390047212373,0.2269476489738863
00-0038558,2024_04_PIT_IND,2024,4,0.0,0.08119086522288527,3,2023,0.1130065887093913,0.1159579425279292
00-0038589,2024_04_TEN_MIA,2024,4,0.0,0.09255054385815259,3,2023,0.1235950201095567,0.1238088047590315
00-0038783,2024_04_DEN_NYJ,2024,4,0.0,0.10828610463388127,3,2023,0.1451644792861677,0.1255784513509965
00-0038933,2024_04_BUF_BAL,2024,4,0.0,0.38041714144740174,3,2023,0.340230105100393,0.3909442269497066
00-0038935,2024_04_JAX_HOU,2024,4,0.0,0.2462462436789956,3,2023,0.2517627645657008,0.2499412356746928
00-0038996,2024_04_MIN_GB,2024,4,1.0,0.14509217024450136,3,2023,0.169905646128125,0.1636352501550191
00-0039041,2024_04_WAS_ARI,2024,4,0.0,0.11333271760481456,3,2023,0.1256787296462507,0.1609774348395188
00-0039065,2024_04_SEA_DET,2024,4,0.0,0.1353978735271487,3,2023,0.1805153732306798,0.1310184869947123
00-0039144,2024_04_MIN_GB,2024,4,0.0,0.05890405569548328,3,2023,0.1012254345267303,0.0886921815977199
00-0039338,2024_04_CLE_LV,2024,4,0.0,0.27766580010887526,3,2023,0.2794268144723528,0.2737959905886672
00-0039356,2024_04_CIN_CAR,2024,4,0.0,0.05725716664657848,3,2023,0.1052979289523575,0.0801564607029033
00-0039793,2024_04_SEA_DET,2024,4,1.0,0.08543561032488584,3,2023,0.1197655427318826,0.1151946206055486
00-0039814,2024_04_CIN_CAR,2024,4,0.0,0.14697444362898462,3,2023,0.1588410461245814,0.1818470991787948
00-0039847,2024_04_DAL_NYG,2024,4,0.0,0.15624178926484486,3,2023,0.1893724722142855,0.1593702270318181
00-0030061,2024_05_CLE_WAS,2024,5,0.0,0.2712890819265229,3,2023,0.2519235436657636,0.2978302963196183
00-0030506,2024_05_NO_KC,2024,5,0.0,0.40019825504742434,3,2023,0.3648426536900168,0.3964699348418481
00-0032392,2024_05_MIA_NE,2024,5,0.0,0.13341717681338633,3,2023,0.1336072580515434,0.1890954186836614
00-0033090,2024_05_MIA_NE,2024,5,0.0,0.3590005666157918,3,2023,0.3209347969296516,0.3752626745218403
00-0033217,2024_05_IND_JAX,2024,5,1.0,0.09466816013254387,3,2023,0.1143054604600512,0.1401310498242394
00-0033246,2024_05_NYJ_MIN,2024,5,0.0,0.14704984275348243,3,2023,0.1589629792306969,0.1818310678165917
00-0033288,2024_05_ARI_SF,2024,5,1.0,0.3410016597023134,3,2023,0.3404368411941226,0.3149640095415273
00-0033439,2024_05_NYG_SEA,2024,5,0.0,0.16439289211168606,3,2023,0.1651594332691076,0.2069684336524794
00-0033858,2024_05_MIA_NE,2024,5,0.0,0.11203561902483547,3,2023,0.1443216111446099,0.1338922653839565
00-0033885,2024_05_CLE_WAS,2024,5,0.0,0.13846666276368885,3,2023,0.1663124851730865,0.1556493840928574
00-0033895,2024_05_CAR_CHI,2024,5,0.0,0.12268102787984927,3,2023,0.1261524292005523,0.1783083438705375
00-0034270,2024_05_NYJ_MIN,2024,5,0.0,0.2466403018994171,3,2023,0.2424893657965015,0.2629316282008109
00-0034364,2024_05_CLE_WAS,2024,5,1.0,0.11576233922042589,3,2023,0.1415341680272127,0.1447275881017087
00-0034383,2024_05_BUF_HOU,2024,5,0.0,0.17426978241991622,3,2023,0.195504086667868,0.1859087388356382
00-0034753,2024_05_BAL_CIN,2024,5,0.0,0.11804265166881794,3,2023,0.1301977778625931,0.1640625193366748
00-0034798,2024_05_MIA_NE,2024,5,0.0,0.07288475851237844,3,2023,0.1011020205242118,0.1157084970459058
00-0034829,2024_05_BAL_CIN,2024,5,0.0,0.3399987332806113,3,2023,0.2905364108418696,0.378866472207733
00-0034981,2024_05_NO_KC,2024,5,1.0,0.1370443112759406,3,2023,0.1559767848385784,0.1665522905723922
00-0035644,2024_05_NYG_SEA,2024,5,0.0,0.16965030951183577,3,2023,0.1969383197460351,0.1751438165941831
00-0036040,2024_05_NO_KC,2024,5,0.0,0.18790558550621858,3,2023,0.1945124862942252,0.2134079011278104
00-0036232,2024_05_LV_DEN,2024,5,0.0,0.016738591135892128,3,2023,0.0549582367792777,0.0687385119394606
00-0036244,2024_05_GB_LA,2024,5,0.0,0.2829322773206139,3,2023,0.2675597202309489,0.2995667200829811
00-0036290,2024_05_CAR_CHI,2024,5,0.0,0.24187334041403397,3,2023,0.2382454901710879,0.2593739992536593
00-0036422,2024_05_LV_DEN,2024,5,0.0,0.07443433114445644,3,2023,0.1089502268526505,0.1083314628539163
00-0036637,2024_05_NO_KC,2024,5,0.0,0.1212624969183621,3,2023,0.1597287554232414,0.1312896750837344
00-0036876,2024_05_IND_JAX,2024,5,0.0,0.022359623671576165,3,2023,0.069456805159502,0.0604085723278188
00-0036887,2024_05_IND_JAX,2024,5,0.0,0.06369445213766112,3,2023,0.0994161541414476,0.1002801699445669
00-0036894,2024_05_DAL_PIT,2024,5,1.0,0.2369496409445983,3,2023,0.2465753686519428,0.2389279704546143
00-0036970,2024_05_TB_ATL,2024,5,0.0,0.21024883841119402,3,2023,0.2161595765432438,0.2277668953345122
00-0037004,2024_05_GB_LA,2024,5,0.0,0.09625426805619722,3,2023,0.1205005909752401,0.1350049349244847
00-0037005,2024_05_CAR_CHI,2024,5,0.0,0.1730236969729562,3,2023,0.1946110287911443,0.1846934391406951
00-0037292,2024_05_IND_JAX,2024,5,0.0,0.08980279668829594,3,2023,0.11606448599125,0.1284653646164655
00-0037744,2024_05_ARI_SF,2024,5,0.0,0.22685232134178202,3,2023,0.225470237752251,0.2473754611076534
00-0037838,2024_05_BAL_CIN,2024,5,2.0,0.36322896134516824,3,2023,0.3368817707240659,0.3623470766750583
00-0038041,2024_05_DAL_PIT,2024,5,0.0,0.3376934375702584,3,2023,0.3194063874960703,0.3363531798146103
00-0038046,2024_05_BAL_CIN,2024,5,1.0,0.11332038796950472,3,2023,0.1235784508298707,0.1637244484847326
00-0038129,2024_05_TB_ATL,2024,5,0.0,0.3009939501102941,3,2023,0.2898293404279073,0.304880603254258
00-0038547,2024_05_DAL_PIT,2024,5,0.0,0.15222510678538656,3,2023,0.1828519641113071,0.1602570426456886
00-0038558,2024_05_DAL_PIT,2024,5,0.0,0.07070939586642105,3,2023,0.1118084655444961,0.0974061747329169
00-0038720,2024_05_MIA_NE,2024,5,0.0,0.09770921051599904,3,2023,0.116607359766142,0.1429354886942143
00-0038783,2024_05_LV_DEN,2024,5,0.0,0.08428732410860287,3,2023,0.1237681899006785,0.1077087364481824
00-0038933,2024_05_BUF_HOU,2024,5,0.0,0.3039528262452529,3,2023,0.2774881710280718,0.3268443978128815
00-0038935,2024_05_IND_JAX,2024,5,1.0,0.2838551569992078,3,2023,0.2673162863565421,0.3016604848966025
00-0038996,2024_05_GB_LA,2024,5,2.0,0.3062804138903275,3,2023,0.2888481018298326,0.3163290596091944
00-0039041,2024_05_ARI_SF,2024,5,1.0,0.07740957306926108,3,2023,0.1002565462457644,0.1255149109070679
00-0039338,2024_05_LV_DEN,2024,5,1.0,0.3106362901135177,3,2023,0.3247633809973342,0.2773160575992148
00-0039356,2024_05_CAR_CHI,2024,5,0.0,0.05477698814811721,3,2023,0.097311664863438,0.0859281551915016
00-0039737,2024_05_ARI_SF,2024,5,0.0,0.06258524026474667,3,2023,0.0855279441850138,0.116471025253273
00-0039793,2024_05_NYG_SEA,2024,5,0.0,0.09774504937168246,3,2023,0.1211556514353012,0.1370042025774021
00-0039814,2024_05_BAL_CIN,2024,5,0.0,0.2655271189752415,3,2023,0.2600981662669251,0.2759789827544563
00-0039847,2024_05_NYG_SEA,2024,5,0.0,0.08948660773225589,3,2023,0.1208512643862959,0.1215433066582133
00-0030061,2024_06_WAS_BAL,2024,6,0.0,0.2414165785242149,3,2023,0.2376330582367801,0.2593045940446572
00-0032392,2024_06_HOU_NE,2024,6,0.0,0.12987600419690948,3,2023,0.1351441534500931,0.180266214776599
00-0033090,2024_06_HOU_NE,2024,6,1.0,0.3334379992744787,3,2023,0.2756612093654522,0.3858883311837601
00-0033217,2024_06_IND_TEN,2024,6,0.0,0.14929409999652193,3,2023,0.1575886481687229,0.1879547593191252
00-0033288,2024_06_SF_SEA,2024,6,2.0,0.43021028882767376,3,2023,0.3856609837591717,0.4266520831689673
00-0033881,2024_06_JAX_CHI,2024,6,0.0,0.13331597319666694,3,2023,0.1407354686490137,0.1794974686013337
00-0033885,2024_06_CLE_PHI,2024,6,0.0,0.13542112250739152,3,2023,0.1515386940885159,0.1692892886621849
00-0033895,2024_06_JAX_CHI,2024,6,0.0,0.11354723262720848,3,2023,0.1199644872374586,0.1689277161419604
00-0034159,2024_06_LAC_DEN,2024,6,0.0,0.10739091809938406,3,2023,0.142218436851252,0.1277454476460158
00-0034270,2024_06_BUF_NYJ,2024,6,0.0,0.24504194064723117,3,2023,0.2459714415725993,0.2552679998654754
00-0034351,2024_06_CLE_PHI,2024,6,0.0,0.3273491746723253,3,2023,0.3101446863328543,0.3287024550029693
00-0034383,2024_06_HOU_NE,2024,6,0.0,0.22646312730067847,3,2023,0.2342303704231471,0.2350715140811539
00-0034753,2024_06_WAS_BAL,2024,6,1.0,0.16139132313513488,3,2023,0.1894720135068409,0.1691299055848689
00-0034981,2024_06_TB_NO,2024,6,0.0,0.07685054347491987,3,2023,0.1083684989110011,0.1137398329087205
00-0035644,2024_06_SF_SEA,2024,6,0.0,0.1817891988571202,3,2023,0.2007143482653093,0.1934782997888814
00-0035689,2024_06_BUF_NYJ,2024,6,1.0,0.08435110306323493,3,2023,0.1068030518375401,0.1302117152930289
00-0036040,2024_06_TB_NO,2024,6,0.0,0.24367170145280215,3,2023,0.2495947262674148,0.2478562548058696
00-0036232,2024_06_PIT_LV,2024,6,0.0,0.08564734499202192,3,2023,0.1081448482244651,0.1309313757490181
00-0036290,2024_06_JAX_CHI,2024,6,2.0,0.29443173647831744,3,2023,0.2818637421936462,0.3027844451791801
00-0036429,2024_06_ATL_CAR,2024,6,0.0,-0.013502937556127671,3,2023,0.0329013266453813,0.0397494996375482
00-0036628,2024_06_WAS_BAL,2024,6,0.0,0.01063300530755966,3,2023,0.0576864042430843,0.0534121674267313
00-0036754,2024_06_DET_DAL,2024,6,0.0,0.15857714830164688,3,2023,0.1658435998825917,0.1948952584427206
00-0036876,2024_06_IND_TEN,2024,6,0.0,0.1119170497968997,3,2023,0.1266959532155126,0.1569163583504251
00-0036894,2024_06_PIT_LV,2024,6,0.0,0.3058069745176752,3,2023,0.310935700897341,0.2862816532287368
00-0036970,2024_06_ATL_CAR,2024,6,0.0,0.23388566247169518,3,2023,0.233811360634664,0.2498811462067559
00-0037086,2024_06_CLE_PHI,2024,6,0.0,0.08036881027146775,3,2023,0.0999434951009728,0.1316118593329049
00-0037292,2024_06_IND_TEN,2024,6,0.0,0.08318660451713877,3,2023,0.1119097695091135,0.1212381971848863
00-0037744,2024_06_ARI_GB,2024,6,0.0,0.22012747620196005,3,2023,0.2381147065569133,0.2177780483746878
00-0037805,2024_06_BUF_NYJ,2024,6,0.0,0.07109752916937134,3,2023,0.0931343708016245,0.1227866210644394
00-0037809,2024_06_IND_TEN,2024,6,0.0,0.09856335281938816,3,2023,0.1234140222617665,0.1355967117146821
00-0037838,2024_06_WAS_BAL,2024,6,0.0,0.38476204657392227,3,2023,0.3554575277375285,0.3792016516923176
00-0038041,2024_06_DET_DAL,2024,6,0.0,0.40170223772476465,3,2023,0.3941396925621256,0.3607099514949967
00-0038046,2024_06_WAS_BAL,2024,6,0.0,0.045251303754995295,3,2023,0.0959351176355299,0.0694475940138334
00-0038115,2024_06_CIN_NYG,2024,6,0.0,-0.0052298241327186565,3,2023,0.0464823502931839,0.0377239866277834
00-0038129,2024_06_TB_NO,2024,6,1.0,0.32517918758090597,3,2023,0.3322641735716496,0.2953543288219435
00-0038558,2024_06_PIT_LV,2024,6,0.0,0.08262412919268719,3,2023,0.1211301079578905,0.1079943140132477
00-0038589,2024_06_IND_TEN,2024,6,0.0,0.08482462540763433,3,2023,0.1041775487855758,0.1345848094629225
00-0038783,2024_06_LAC_DEN,2024,6,0.0,0.0802382208839684,3,2023,0.1158823961951689,0.1103343697423029
00-0038933,2024_06_BUF_NYJ,2024,6,0.0,0.3022370461591046,3,2023,0.2725467082221526,0.330067600994013
00-0038935,2024_06_JAX_CHI,2024,6,0.0,0.27960822656911444,3,2023,0.2802751032603595,0.2764078504385803
00-0038996,2024_06_ARI_GB,2024,6,0.0,0.2985892168734826,3,2023,0.3050940736511259,0.2801244049431097
00-0039041,2024_06_ARI_GB,2024,6,0.0,-0.011944717446495466,3,2023,0.0445044456608798,0.0274355799394363
00-0039065,2024_06_DET_DAL,2024,6,1.0,0.2703798899512409,3,2023,0.2763757857163761,0.263826469797667
00-0039338,2024_06_PIT_LV,2024,6,0.0,0.3013583655548589,3,2023,0.3134868367326007,0.2743714964001245
00-0039356,2024_06_ATL_CAR,2024,6,0.0,0.11216995934995505,3,2023,0.1495613263441245,0.1272380479053465
00-0039359,2024_06_HOU_NE,2024,6,0.0,0.10806670714043393,3,2023,0.1309714581850482,0.1438805302590096
00-0039793,2024_06_SF_SEA,2024,6,0.0,0.07115849113778283,3,2023,0.1016662421194786,0.1116484367716582
00-0039814,2024_06_CIN_NYG,2024,6,0.0,0.10364457457186274,3,2023,0.1415687851012433,0.1214066620208121
00-0039847,2024_06_CIN_NYG,2024,6,0.0,0.11645451587326186,3,2023,0.1669636454035961,0.1125104260688443
00-0030061,2024_07_CAR_WAS,2024,7,1.0,0.3069211918541678,3,2023,0.3009093967180153,0.3016485308003872
00-0030506,2024_07_KC_SF,2024,7,0.0,0.39469366568888214,3,2023,0.3874570749204103,0.3560639352978128
00-0032392,2024_07_NE_JAX,2024,7,0.0,0.13254753776133682,3,2023,0.138001124861744,0.1816286490589384
00-0033090,2024_07_NE_JAX,2024,7,0.0,0.24319717142137598,3,2023,0.2329953977544524,0.2688426965232074
00-0033217,2024_07_MIA_IND,2024,7,0.0,0.14666599232662716,3,2023,0.1621096497490359,0.1769426853289193
00-0033246,2024_07_DET_MIN,2024,7,0.0,0.17398559357691679,3,2023,0.1763395746801759,0.2106447792360956
00-0033288,2024_07_KC_SF,2024,7,0.0,0.47704303229202455,3,2023,0.4587437022870445,0.4201953152328266
00-0033858,2024_07_MIA_IND,2024,7,1.0,0.217019415444885,3,2023,0.2270411327427305,0.226416525578622
00-0033881,2024_07_NE_JAX,2024,7,0.0,0.20079753938833284,3,2023,0.2147247681375149,0.2115060686102339
00-0033885,2024_07_CIN_CLE,2024,7,1.0,0.23468331320930447,3,2023,0.2316382740277685,0.2542799821573122
00-0034159,2024_07_LAC_ARI,2024,7,0.0,0.15600942120835604,3,2023,0.1874691288744075,0.1614348027072158
00-0034270,2024_07_NYJ_PIT,2024,7,1.0,0.21209093545028734,3,2023,0.2134163667124776,0.2349239656587937
00-0034364,2024_07_CIN_CLE,2024,7,0.0,0.10028578145895498,3,2023,0.1387609151884788,0.1186593955218879
00-0034383,2024_07_HOU_GB,2024,7,0.0,0.23053629182954533,3,2023,0.2412898474056275,0.2335821768463186
00-0034753,2024_07_BAL_TB,2024,7,2.0,0.23764461151736238,3,2023,0.2519653041806032,0.2331524151895736
00-0034798,2024_07_MIA_IND,2024,7,0.0,-0.01821633047743694,3,2023,0.0323784624487404,0.0313859902632051
00-0034829,2024_07_CIN_CLE,2024,7,0.0,0.2575954580930429,3,2023,0.2486733411687552,0.275815877116055
00-0034981,2024_07_DEN_NO,2024,7,0.0,0.0888749545552158,3,2023,0.1152899794070005,0.1277049390932179
00-0035249,2024_07_DET_MIN,2024,7,0.0,0.10843593119295866,3,2023,0.1222171647786819,0.1561384166465658
00-0035547,2024_07_KC_SF,2024,7,0.0,0.10034369110004362,3,2023,0.1141263537954712,0.1512686334733758
00-0035631,2024_07_CIN_CLE,2024,7,0.0,0.09057494145255313,3,2023,0.1149891871739855,0.1313670039816024
00-0035644,2024_07_SEA_ATL,2024,7,0.0,0.23851869060817754,3,2023,0.2457248873353951,0.2430636889178517
00-0035689,2024_07_TEN_BUF,2024,7,0.0,0.0873819595743471,3,2023,0.1177936572021314,0.1215343999308383
00-0036040,2024_07_DEN_NO,2024,7,0.0,0.24079125057993617,3,2023,0.2443469224125772,0.2492465368360517
00-0036232,2024_07_LV_LA,2024,7,0.0,0.090107864985629,3,2023,0.1120247031607067,0.1343806231032639
00-0036244,2024_07_LV_LA,2024,7,0.0,0.25715170192338727,3,2023,0.2496985178287428,0.2736111131837345
00-0036422,2024_07_DEN_NO,2024,7,0.0,0.07766436258146811,3,2023,0.1006275133063047,0.1255149180134422
00-0036429,2024_07_SEA_ATL,2024,7,0.0,-0.0022109891698271697,3,2023,0.0486410402336198,0.0406746774573276
00-0036628,2024_07_CAR_WAS,2024,7,0.0,0.014489773124422012,3,2023,0.0617935795573997,0.0554018727526557
00-0036637,2024_07_KC_SF,2024,7,0.0,0.08176007651579228,3,2023,0.1138104135680396,0.1159908492307548
00-0036741,2024_07_PHI_NYG,2024,7,0.0,0.012018656455675222,3,2023,0.0648940800135198,0.0465652705613976
00-0036876,2024_07_MIA_IND,2024,7,0.0,0.10380086184879894,3,2023,0.1240264271382485,0.1448487974059581
00-0036894,2024_07_NYJ_PIT,2024,7,0.0,0.2993371260767764,3,2023,0.2980892877053752,0.2908016958515679
00-0036970,2024_07_SEA_ATL,2024,7,0.0,0.2759922604754346,3,2023,0.2731876555545324,0.2788122530171023
00-0037004,2024_07_LV_LA,2024,7,0.0,0.11378049648044855,3,2023,0.1411633336850131,0.1414101594957277
00-0037086,2024_07_PHI_NYG,2024,7,0.0,0.08931912727906813,3,2023,0.1182295147957773,0.124680239809591
00-0037292,2024_07_MIA_IND,2024,7,0.0,0.07248580595604567,3,2023,0.1166969764009289,0.094369281358955
00-0037539,2024_07_DEN_NO,2024,7,0.0,0.15833988809673974,3,2023,0.1866461385004095,0.1669967510852787
00-0037744,2024_07_LAC_ARI,2024,7,0.0,0.26975551877903364,3,2023,0.2820116492225181,0.255192352924756
00-0037809,2024_07_TEN_BUF,2024,7,0.0,0.08525080817119016,3,2023,0.1102962899880697,0.1273315353882356
00-0037838,2024_07_BAL_TB,2024,7,0.0,0.39357129089890597,3,2023,0.3802661685450252,0.3633943993391715
00-0038046,2024_07_BAL_TB,2024,7,0.0,0.11764863109622603,3,2023,0.1351502130294994,0.1567724308508034
00-0038115,2024_07_PHI_NYG,2024,7,0.0,0.08791234434919692,3,2023,0.1195888205767778,0.1201849528324706
00-0038129,2024_07_BAL_TB,2024,7,0.0,0.28447173980947443,3,2023,0.2770197636387812,0.2900439251346934
00-0038558,2024_07_NYJ_PIT,2024,7,0.0,0.0815967333075183,3,2023,0.1243485009287757,0.1017752217250268
00-0038589,2024_07_TEN_BUF,2024,7,0.0,0.05905142829696068,3,2023,0.0927455402828901,0.1001619572377748
00-0038720,2024_07_MIA_IND,2024,7,0.0,0.08721084601052267,3,2023,0.1149139770484595,0.1250046177526358
00-0038783,2024_07_DEN_NO,2024,7,0.0,-0.004002631861675952,3,2023,0.0434108071210339,0.0441331140404887
00-0038809,2024_07_HOU_GB,2024,7,0.0,0.08017760702999402,3,2023,0.1016943124632969,0.1289349197504181
00-0038933,2024_07_TEN_BUF,2024,7,0.0,0.3476897333512708,3,2023,0.3199449606090762,0.3548431289096538
00-0038996,2024_07_HOU_GB,2024,7,1.0,0.4088059662265352,3,2023,0.3882498027992368,0.3821244398710398
00-0039041,2024_07_LAC_ARI,2024,7,0.0,0.07460864280949239,3,2023,0.1059722933343193,0.1125947741849325
00-0039065,2024_07_DET_MIN,2024,7,0.0,0.19022099052930627,3,2023,0.2107576221592743,0.19642458186629
00-0039338,2024_07_LV_LA,2024,7,0.0,0.34476071833776767,3,2023,0.3178003267456849,0.352046417381662
00-0039356,2024_07_CAR_WAS,2024,7,0.0,0.13782225352409155,3,2023,0.166631668376868,0.15399056400945
00-0039359,2024_07_HOU_GB,2024,7,0.0,0.06239593268354823,3,2023,0.1032191440828035,0.0927691130977238
00-0039737,2024_07_LAC_ARI,2024,7,0.0,0.0646255565850192,3,2023,0.0912849456637871,0.1127953149821549
00-0039793,2024_07_SEA_ATL,2024,7,0.0,0.11725201703685698,3,2023,0.1512264694465506,0.1348027733284044
00-0039814,2024_07_CIN_CLE,2024,7,0.0,0.10590884394754144,3,2023,0.1379004961117148,0.1305949900115804
00-0039847,2024_07_PHI_NYG,2024,7,0.0,0.07310008446554661,3,2023,0.1057673432952118,0.1099675738220055
00-0039912,2024_07_CAR_WAS,2024,7,1.0,0.1559668337114782,3,2023,0.1649131746805835,0.1911089036857228
00-0030061,2024_08_CHI_WAS,2024,8,0.0,0.2763793300841654,3,2023,0.2583426111941689,0.2991393583274165
00-0030506,2024_08_KC_LV,2024,8,1.0,0.36970320519584515,3,2023,0.3569173934763142,0.3483514437807594
00-0031484,2024_08_NYG_PIT,2024,8,0.0,0.08198045735131965,3,2023,0.1020117784595621,0.1319789514690737
00-0031585,2024_08_NYG_PIT,2024,8,0.0,0.0786657868433584,3,2023,0.0967798279039445,0.1325142901569608
00-0032392,2024_08_NYJ_NE,2024,8,0.0,0.13044901109593235,3,2023,0.1511942082943387,0.1601935269386739
00-0032394,2024_08_TEN_DET,2024,8,0.0,0.13497487857168533,3,2023,0.1455331678888377,0.1763546764715515
00-0033090,2024_08_NYJ_NE,2024,8,0.0,0.2934856727199066,3,2023,0.2740907238414812,0.3112214838945662
00-0033217,2024_08_IND_HOU,2024,8,0.0,0.12426189299112844,3,2023,0.1505083975950057,0.1492143119483873
00-0033246,2024_08_MIN_LA,2024,8,0.0,0.19432482130131778,3,2023,0.2226064917867587,0.1886759618619163
00-0033288,2024_08_DAL_SF,2024,8,1.0,0.3908785405971108,3,2023,0.3630075875737168,0.3809898713699233
00-0033357,2024_08_NO_LAC,2024,8,0.0,0.10568038993402087,3,2023,0.1213682075999355,0.1519656440864206
00-0033439,2024_08_BUF_SEA,2024,8,0.0,0.001627324127554626,3,2023,0.0475560625906598,0.0494784442301717
00-0033576,2024_08_DAL_SF,2024,8,0.0,0.04415118903451719,3,2023,0.07626023831551,0.0932897191052038
00-0033858,2024_08_ARI_MIA,2024,8,0.0,0.2602103110338171,3,2023,0.2716369696421647,0.2505446628184444
00-0033881,2024_08_GB_JAX,2024,8,1.0,0.16670287248718718,3,2023,0.2081039410232021,0.1547527813501248
00-0033885,2024_08_BAL_CLE,2024,8,1.0,0.34490146815043987,3,2023,0.3209930956545097,0.3481048503433088
00-0033895,2024_08_CHI_WAS,2024,8,0.0,0.09417089254920294,3,2023,0.1180224175158084,0.1342724965631776
00-0034159,2024_08_NO_LAC,2024,8,0.0,0.2658959218189058,3,2023,0.2633030584443311,0.2724594566922129
00-0034270,2024_08_NYJ_NE,2024,8,1.0,0.24899943699786248,3,2023,0.2532749985974303,0.2532345010528379
00-0034364,2024_08_BAL_CLE,2024,8,0.0,0.12127402108002683,3,2023,0.131799446768946,0.1681562610875957
00-0034383,2024_08_IND_HOU,2024,8,0.0,0.3014647342829919,3,2023,0.2814234147729596,0.3168739936962784
00-0034753,2024_08_BAL_CLE,2024,8,1.0,0.2686609452876669,3,2023,0.2521094914285373,0.2925369862810142
00-0034829,2024_08_PHI_CIN,2024,8,0.0,0.27571243364495035,3,2023,0.2506160269503744,0.3080513530610515
00-0034981,2024_08_NO_LAC,2024,8,0.0,0.09156843148754415,3,2023,0.1105884073575141,0.1390807806865291
00-0035249,2024_08_MIN_LA,2024,8,1.0,0.1054523784404163,3,2023,0.1444576205485019,0.1210680478660674
00-0035547,2024_08_KC_LV,2024,8,0.0,0.12074323901838643,3,2023,0.1283307603771581,0.1717126630670008
00-0035644,2024_08_BUF_SEA,2024,8,0.0,0.2022317980231516,3,2023,0.2165826742870393,0.2118099713930863
00-0035689,2024_08_BUF_SEA,2024,8,0.0,0.11025181900200137,3,2023,0.1309117690021068,0.1481563373640268
00-0036040,2024_08_NO_LAC,2024,8,0.0,0.24085792263540257,3,2023,0.2386799881458286,0.2568504389132227
00-0036244,2024_08_MIN_LA,2024,8,0.0,0.2343966614570503,3,2023,0.2516381189844863,0.2273455222809488
00-0036290,2024_08_CHI_WAS,2024,8,0.0,0.2807092628834854,3,2023,0.2616732608683135,0.3030622933375488
00-0036422,2024_08_CAR_DEN,2024,8,1.0,0.0903263624278268,3,2023,0.11769400991393,0.1273213320199748
00-0036429,2024_08_ATL_TB,2024,8,0.0,0.05772981246219948,3,2023,0.0992776463785927,0.0890062774184949
00-0036628,2024_08_CHI_WAS,2024,8,0.0,0.05936650071978375,3,2023,0.1023797097512666,0.0880577009736165
00-0036637,2024_08_KC_LV,2024,8,0.0,0.1763285947860092,3,2023,0.2245605292718922,0.1515318430002732
00-0036741,2024_08_PHI_CIN,2024,8,0.0,0.07895420810573,3,2023,0.1171438616297118,0.106203965528373
00-0036754,2024_08_TEN_DET,2024,8,1.0,0.1251502692268777,3,2023,0.1543725925450744,0.1458230044234794
00-0036876,2024_08_IND_HOU,2024,8,0.0,0.09539210995833003,3,2023,0.1179633096671761,0.1366961315163544
00-0036887,2024_08_GB_JAX,2024,8,0.0,-0.006945061864205786,3,2023,0.0380944892136726,0.045494733337314
00-0036894,2024_08_NYG_PIT,2024,8,0.0,0.256746619510917,3,2023,0.2636806630538429,0.2543877495305558
00-0036970,2024_08_ATL_TB,2024,8,2.0,0.24755774474552317,3,2023,0.2332721925094163,0.2768531415816241
00-0037004,2024_08_MIN_LA,2024,8,0.0,0.09215685727144785,3,2023,0.1153864642060069,0.1338813875884147
00-0037005,2024_08_CAR_DEN,2024,8,0.0,0.10255482340177377,3,2023,0.1324504776591563,0.1313424229154586
00-0037086,2024_08_PHI_CIN,2024,8,0.0,0.09571740105614085,3,2023,0.1242847412762476,0.1289816792926162
00-0037539,2024_08_CAR_DEN,2024,8,0.0,0.1726103958634724,3,2023,0.1718112125940557,0.2139771937193846
00-0037744,2024_08_ARI_MIA,2024,8,0.0,0.3088539208254569,3,2023,0.2810442772827742,0.3315669715825838
00-0037805,2024_08_NYJ_NE,2024,8,0.0,0.10721923510043896,3,2023,0.1113631039262931,0.1681201599696933
00-0037809,2024_08_TEN_DET,2024,8,0.0,0.11080872705085801,3,2023,0.1348584137108158,0.1440195925679936
00-0037838,2024_08_BAL_CLE,2024,8,0.0,0.2844307927857252,3,2023,0.2807365804675158,0.285062036935923
00-0038041,2024_08_DAL_SF,2024,8,0.0,0.2726679875745529,3,2023,0.2904093295878326,0.2497082403323871
00-0038046,2024_08_BAL_CLE,2024,8,0.0,0.11990481126487981,3,2023,0.1382118629964442,0.1570670602167989
00-0038129,2024_08_ATL_TB,2024,8,2.0,0.3413875262784786,3,2023,0.3231098855164691,0.3385629510331786
00-0038558,2024_08_NYG_PIT,2024,8,0.0,0.10078148118084487,3,2023,0.1133724540405412,0.1531040684778809
00-0038589,2024_08_TEN_DET,2024,8,0.0,0.09800862783879233,3,2023,0.1103306157130128,0.151790900852021
00-0038720,2024_08_ARI_MIA,2024,8,0.0,0.1099995391490072,3,2023,0.1333000404586794,0.1445211526823847
00-0038783,2024_08_CAR_DEN,2024,8,1.0,0.09660852337815096,3,2023,0.1223961564442674,0.1331847354414592
00-0038809,2024_08_GB_JAX,2024,8,0.0,0.07830135645367556,3,2023,0.1093279233812444,0.1152608130046436
00-0038920,2024_08_KC_LV,2024,8,0.0,0.08198257421706048,3,2023,0.0901753757846372,0.1475976451771388
00-0038933,2024_08_BUF_SEA,2024,8,1.0,0.4095770987252084,3,2023,0.3415011759047521,0.4452765641925073
00-0038935,2024_08_GB_JAX,2024,8,0.0,0.20620126533017624,3,2023,0.2105463800851558,0.2273974486699177
00-0038996,2024_08_GB_JAX,2024,8,1.0,0.36943538346479365,3,2023,0.3699329547739492,0.3306668455090383
00-0039041,2024_08_ARI_MIA,2024,8,0.0,0.08678898709651048,3,2023,0.1095643862762085,0.1312515306912383
00-0039065,2024_08_TEN_DET,2024,8,1.0,0.19947035005824848,3,2023,0.195095140023035,0.234852343407498
00-0039338,2024_08_KC_LV,2024,8,0.0,0.37334020215710356,3,2023,0.3475499801781059,0.3676947519877586
00-0039356,2024_08_CAR_DEN,2024,8,0.0,0.19209211800331663,3,2023,0.2035024512390003,0.2095896088929383
00-0039359,2024_08_IND_HOU,2024,8,0.0,0.056671579707587724,3,2023,0.105771076828974,0.0784075130716355
00-0039737,2024_08_ARI_MIA,2024,8,0.0,-0.0061206075404016125,3,2023,0.0326848761864624,0.054214690460135
00-0039793,2024_08_BUF_SEA,2024,8,0.0,0.07157082823789371,3,2023,0.1032140791368135,0.1103985228691769
00-0039814,2024_08_PHI_CIN,2024,8,0.0,0.07997494038849642,3,2023,0.1077945961073421,0.1204981292112491
00-0039847,2024_08_NYG_PIT,2024,8,0.0,0.11241876040000748,3,2023,0.1582957545261297,0.1161934427091341
00-0030061,2024_09_WAS_NYG,2024,9,0.0,0.31069348756374215,3,2023,0.3058636484486741,0.3023585194377965
00-0030506,2024_09_TB_KC,2024,9,0.0,0.44691625703472077,3,2023,0.4153751457996184,0.4195411216502748
00-0031299,2024_09_NO_CAR,2024,9,0.0,0.110725279201072,3,2023,0.1963079830885462,0.0627948024816297
00-0031484,2024_09_WAS_NYG,2024,9,1.0,0.10964090754285416,3,2023,0.1240650894558101,0.1560150918917367
00-0031690,2024_09_LAC_CLE,2024,9,0.0,0.13437717248601,3,2023,0.1525602485463461,0.1659364777087812
00-0032392,2024_09_NE_TEN,2024,9,0.0,0.15463795662023222,3,2023,0.1506177055338004,0.2074150937737252
00-0032394,2024_09_NE_TEN,2024,9,1.0,0.13524513576988403,3,2023,0.1298847219526876,0.1975172641751433
00-0033090,2024_09_NE_TEN,2024,9,0.0,0.27019255156020633,3,2023,0.2737676845064237,0.2669072557163498
00-0033246,2024_09_IND_MIN,2024,9,0.0,0.17453314779984797,3,2023,0.1739170057358606,0.2148923590676728
00-0033357,2024_09_NO_CAR,2024,9,0.0,0.16310119645917848,3,2023,0.1589451156786621,0.212685354107453
00-0033858,2024_09_MIA_BUF,2024,9,0.0,0.19674013121287176,3,2023,0.2424500945886712,0.1671374240707832
00-0033881,2024_09_JAX_PHI,2024,9,0.0,0.21090616342232643,3,2023,0.2237143969247332,0.2190631077756896
00-0033885,2024_09_LAC_CLE,2024,9,0.0,0.28777778398155446,3,2023,0.2908063794962814,0.2782066701477422
00-0033895,2024_09_CHI_ARI,2024,9,0.0,0.12688064261458065,3,2023,0.1309379518693537,0.1800616957594153
00-0034159,2024_09_LAC_CLE,2024,9,0.0,0.21516176905311357,3,2023,0.2305852573984049,0.2181730188512731
00-0034270,2024_09_HOU_NYJ,2024,9,0.0,0.26340773402257495,3,2023,0.2453922051287101,0.2913083233870341
00-0034364,2024_09_LAC_CLE,2024,9,0.0,0.086877575984381,3,2023,0.1168585331029391,0.1217992218344677
00-0034383,2024_09_HOU_NYJ,2024,9,0.0,0.23975022708998478,3,2023,0.2454921980886455,0.2457361335282283
00-0034753,2024_09_DEN_BAL,2024,9,0.0,0.3385952636934503,3,2023,0.3198232642032625,0.337535421655433
00-0034798,2024_09_MIA_BUF,2024,9,0.0,0.06315405771710506,3,2023,0.0970193704930899,0.1024040507327154
00-0034829,2024_09_LV_CIN,2024,9,2.0,0.3040826163350913,3,2023,0.2932497319052863,0.3063009813429138
00-0034830,2024_09_LAC_CLE,2024,9,0.0,0.14960343012996438,3,2023,0.1406158353783743,0.2109395063898278
00-0034981,2024_09_NO_CAR,2024,9,1.0,0.13850960715669342,3,2023,0.1494345119816316,0.1779973566132753
00-0035249,2024_09_IND_MIN,2024,9,1.0,0.09263951558696132,3,2023,0.1261147609665826,0.1206556458811574
00-0035631,2024_09_LV_CIN,2024,9,1.0,0.10034432733782694,3,2023,0.1266159799641613,0.134793492869143
00-0035689,2024_09_MIA_BUF,2024,9,0.0,0.12241573825695568,3,2023,0.1444760980889792,0.1536261333015262
00-0036040,2024_09_NO_CAR,2024,9,0.0,0.19543135436363152,3,2023,0.2011231596489056,0.2191422349730558
00-0036232,2024_09_LV_CIN,2024,9,0.0,0.07679654903985195,3,2023,0.1097331435872767,0.1118358783365726
00-0036244,2024_09_LA_SEA,2024,9,0.0,0.2026841046903478,3,2023,0.1876047101901784,0.250906582948397
00-0036422,2024_09_DEN_BAL,2024,9,0.0,0.11454641469188528,3,2023,0.1498119340910784,0.1314720340916589
00-0036429,2024_09_DAL_ATL,2024,9,0.0,0.005264865663711482,3,2023,0.0543219420125601,0.0475396969057015
00-0036637,2024_09_TB_KC,2024,9,0.0,0.18247497806768545,3,2023,0.2343421762525517,0.1504335543205139
00-0036741,2024_09_JAX_PHI,2024,9,0.0,-0.0027305211885420635,3,2023,0.0469212636964846,0.041945519438475
00-0036754,2024_09_DET_GB,2024,9,0.0,0.09415116840147342,3,2023,0.1269748769182438,0.1224244925841252
00-0036876,2024_09_IND_MIN,2024,9,0.0,0.07899779234694146,3,2023,0.1085547441430697,0.1176184768588951
00-0036887,2024_09_JAX_PHI,2024,9,0.0,0.05063881459942948,3,2023,0.077028378865259,0.1047375254993956
00-0036970,2024_09_DAL_ATL,2024,9,0.0,0.26477064018458174,3,2023,0.2649725196043991,0.2680957066204629
00-0037004,2024_09_LA_SEA,2024,9,0.0,0.09443258898932763,3,2023,0.1119831964616295,0.1427421148909321
00-0037086,2024_09_JAX_PHI,2024,9,0.0,0.13733739621172744,3,2023,0.1680830569490622,0.1511445944583198
00-0037539,2024_09_DEN_BAL,2024,9,0.0,0.11618452795190068,3,2023,0.1294564412006462,0.1614714927626995
00-0037744,2024_09_CHI_ARI,2024,9,0.0,0.29117590073681404,3,2023,0.2884855802657919,0.2877952277061508
00-0037805,2024_09_HOU_NYJ,2024,9,0.0,0.07777841230856172,3,2023,0.1047986995895893,0.1202313347011683
00-0037809,2024_09_NE_TEN,2024,9,0.0,0.1307196477241053,3,2023,0.1445600044642675,0.1694652207348382
00-0037838,2024_09_DEN_BAL,2024,9,0.0,0.3355593926291239,3,2023,0.3214863904665473,0.3295102540772895
00-0038041,2024_09_DAL_ATL,2024,9,0.0,0.4030573800586279,3,2023,0.3573920133774498,0.4117905272172699
00-0038129,2024_09_TB_KC,2024,9,1.0,0.4041068420439464,3,2023,0.3965735616803763,0.3621178382147599
00-0038547,2024_09_DAL_ATL,2024,9,0.0,0.1364871485587542,3,2023,0.1539888016684995,0.1681046724119512
00-0038589,2024_09_NE_TEN,2024,9,0.0,0.11240438428016569,3,2023,0.1154307583844302,0.1727134967315937
00-0038783,2024_09_DEN_BAL,2024,9,0.0,0.007899609581724629,3,2023,0.0595703757556866,0.0456766410205022
00-0038933,2024_09_MIA_BUF,2024,9,0.0,0.3509348707812781,3,2023,0.3273067128922957,0.3513645916092563
00-0038996,2024_09_DET_GB,2024,9,0.0,0.2978381123168336,3,2023,0.2984961988831265,0.2873856586377787
00-0039041,2024_09_CHI_ARI,2024,9,0.0,0.0695164399089736,3,2023,0.1007736618503613,0.1096719536920825
00-0039065,2024_09_DET_GB,2024,9,0.0,0.31833156867420953,3,2023,0.3009910232153049,0.3234573890877119
00-0039338,2024_09_LV_CIN,2024,9,1.0,0.3686680055322135,3,2023,0.3669769229352824,0.3330925088967065
00-0039356,2024_09_NO_CAR,2024,9,0.0,0.16121408650379912,3,2023,0.1788386110388031,0.1828171026571687
00-0039359,2024_09_HOU_NYJ,2024,9,0.0,0.07241023159198942,3,2023,0.1112031865691546,0.1014715500887922
00-0039793,2024_09_LA_SEA,2024,9,0.0,0.11172617271927934,3,2023,0.1329760593748812,0.148264990126324
00-0039814,2024_09_LV_CIN,2024,9,0.0,0.09557359137116297,3,2023,0.1229180758044695,0.130508366419593
00-0039847,2024_09_WAS_NYG,2024,9,1.0,0.1684129575151406,3,2023,0.1840097326060937,0.1898226080039205
00-0039912,2024_09_WAS_NYG,2024,9,0.0,0.11143813322323234,3,2023,0.1234329813710159,0.1603010018156141
00-0030061,2024_10_PIT_WAS,2024,10,0.0,0.22882038112724046,3,2023,0.2416245326272333,0.2298448144668914
00-0030506,2024_10_DEN_KC,2024,10,1.0,0.41077479269601647,3,2023,0.3662252664035211,0.4149609262316335
00-0031585,2024_10_PIT_WAS,2024,10,0.0,0.07190718079476155,3,2023,0.0985879411761269,0.1171473926919191
00-0032392,2024_10_NE_CHI,2024,10,0.0,0.11497104512374051,3,2023,0.1267221515060312,0.1627477747801468
00-0033090,2024_10_NE_CHI,2024,10,0.0,0.23255271976583725,3,2023,0.2522011738344033,0.2230609776295493
00-0033288,2024_10_SF_TB,2024,10,1.0,0.4986475412052049,3,2023,0.4931308229430215,0.4163286662064708
00-0033357,2024_10_ATL_NO,2024,10,0.0,0.12012825891192372,3,2023,0.1441289654188167,0.1496903842695769
00-0033576,2024_10_SF_TB,2024,10,0.0,0.022099036400077016,3,2023,0.067995807193409,0.0618354020893546
00-0033858,2024_10_MIA_LA,2024,10,0.0,0.32089604795478527,3,2023,0.3308487335846178,0.2889947200891049
00-0033881,2024_10_MIN_JAX,2024,10,0.0,0.24194970388471065,3,2023,0.2458055721206941,0.249547385731308
00-0034159,2024_10_TEN_LAC,2024,10,0.0,0.24845458135857695,3,2023,0.2803669663320246,0.2164481392029456
00-0034270,2024_10_NYJ_ARI,2024,10,0.0,0.26903463740436045,3,2023,0.2604390438021833,0.2822663799633599
00-0034351,2024_10_PHI_DAL,2024,10,1.0,0.3931071639773324,3,2023,0.345864572676834,0.4078856421387875
00-0034365,2024_10_NYG_CAR,2024,10,0.0,0.11184333881508987,3,2023,0.1260026190869567,0.157689426637973
00-0034383,2024_10_DET_HOU,2024,10,0.0,0.22788742484993568,3,2023,0.2452229146796289,0.2233058344925735
00-0034753,2024_10_CIN_BAL,2024,10,1.0,0.34444248152185686,3,2023,0.3462566976347997,0.3138954089431258
00-0034798,2024_10_MIA_LA,2024,10,0.0,0.09020922887834121,3,2023,0.1107864208860385,0.1362088650420994
00-0034829,2024_10_CIN_BAL,2024,10,0.0,0.3038115780598757,3,2023,0.302856484947765,0.2931071177789948
00-0034830,2024_10_TEN_LAC,2024,10,0.0,0.15474628309099978,3,2023,0.1464506661706371,0.2131203366849478
00-0034981,2024_10_ATL_NO,2024,10,0.0,0.10993867638536448,3,2023,0.132819877848865,0.1450376825677077
00-0035229,2024_10_MIN_JAX,2024,10,0.0,0.19539069203157416,3,2023,0.1937070827016429,0.2288474496915558
00-0035249,2024_10_MIN_JAX,2024,10,0.0,0.11038021373892118,3,2023,0.1245519457545238,0.1567928553971473
00-0035689,2024_10_BUF_IND,2024,10,0.0,0.11565697043406648,3,2023,0.1310786307016331,0.1583181853319135
00-0036040,2024_10_ATL_NO,2024,10,0.0,0.2365372925188402,3,2023,0.237750390923241,0.2497778944920021
00-0036290,2024_10_NE_CHI,2024,10,0.0,0.24626948861637293,3,2023,0.261107889299533,0.237657759179442
00-0036422,2024_10_DEN_KC,2024,10,0.0,0.09673800049278419,3,2023,0.1419444945394779,0.107645186818189
00-0036429,2024_10_ATL_NO,2024,10,0.0,0.08798842917582336,3,2023,0.1134530970813516,0.1284253630838593
00-0036628,2024_10_PIT_WAS,2024,10,0.0,-0.008998886587108873,3,2023,0.0372676961595841,0.042640547443912
00-0036637,2024_10_DEN_KC,2024,10,0.0,0.11774051869360364,3,2023,0.1596494244889934,0.1246294708701449
00-0036876,2024_10_BUF_IND,2024,10,0.0,0.08115833033269493,3,2023,0.1041697765545282,0.1275530073979083
00-0036887,2024_10_MIN_JAX,2024,10,0.0,0.0574629598091916,3,2023,0.0850864734097781,0.1072147685202
00-0036894,2024_10_PIT_WAS,2024,10,1.0,0.2675804199018674,3,2023,0.2502946904653896,0.2928556539383062
00-0036970,2024_10_ATL_NO,2024,10,0.0,0.2523492306236165,3,2023,0.2464265520853741,0.2687031313394104
00-0037086,2024_10_PHI_DAL,2024,10,0.0,0.14210303006037497,3,2023,0.176320730173819,0.1494310402560879
00-0037292,2024_10_BUF_IND,2024,10,0.0,0.0652207815440596,3,2023,0.10114199914914,0.1009351337019203
00-0037539,2024_10_DEN_KC,2024,10,0.0,0.11748636331454637,3,2023,0.1460344473671295,0.1421022305590422
00-0037744,2024_10_NYJ_ARI,2024,10,0.0,0.4469601724424597,3,2023,0.4193654323266195,0.4143614711325741
00-0037805,2024_10_NYJ_ARI,2024,10,0.0,0.10709994583890445,3,2023,0.1133838589349291,0.1652252467594747
00-0037809,2024_10_TEN_LAC,2024,10,0.0,0.14061442544752287,3,2023,0.1607896901304809,0.1670604027384982
00-0038041,2024_10_PHI_DAL,2024,10,0.0,0.3225419334301495,3,2023,0.3146854906360762,0.3134786751085938
00-0038046,2024_10_CIN_BAL,2024,10,0.0,0.1426792030020166,3,2023,0.1705384226105524,0.1581657696892831
00-0038129,2024_10_SF_TB,2024,10,0.0,0.2934007280574818,3,2023,0.2860083870844931,0.2953364990152089
00-0038547,2024_10_PHI_DAL,2024,10,0.0,0.1595007542661783,3,2023,0.1925167360181225,0.1614819760602022
00-0038558,2024_10_PIT_WAS,2024,10,0.0,0.07749906425351066,3,2023,0.1162357930035046,0.104606918058771
00-0038589,2024_10_TEN_LAC,2024,10,0.0,0.09648887761203981,3,2023,0.1067777166901285,0.1535588307401432
00-0038720,2024_10_MIA_LA,2024,10,0.0,0.08949506762881973,3,2023,0.1170809022671697,0.1265334321915614
00-0038933,2024_10_BUF_IND,2024,10,0.0,0.4285877309533369,3,2023,0.3730167395368017,0.4402158821319615
00-0038935,2024_10_MIN_JAX,2024,10,0.0,0.17078295303077942,3,2023,0.1852441164571371,0.1927463852423468
00-0039041,2024_10_NYJ_ARI,2024,10,0.0,0.09025515481786472,3,2023,0.1182728744824673,0.126420919279822
00-0039065,2024_10_DET_HOU,2024,10,1.0,0.38025118345004977,3,2023,0.3356677019186921,0.3966442020137449
00-0039074,2024_10_MIA_LA,2024,10,0.0,0.1260270127164215,3,2023,0.1529651327695796,0.1493637403388988
00-0039356,2024_10_NYG_CAR,2024,10,1.0,0.24967022266025496,3,2023,0.255458912592193,0.2516418883786865
00-0039359,2024_10_DET_HOU,2024,10,0.0,0.08806024313284794,3,2023,0.1030503674984631,0.1422866208082069
00-0039847,2024_10_NYG_CAR,2024,10,0.0,0.1529131744414703,3,2023,0.1856900959911112,0.1578345777115016
00-0030061,2024_11_WAS_PHI,2024,11,1.0,0.29613026522047037,3,2023,0.2982624994947218,0.2844135996248791
00-0030506,2024_11_KC_BUF,2024,11,0.0,0.4146012573840526,3,2023,0.4010632650865248,0.3763522068179301
00-0032392,2024_11_LA_NE,2024,11,0.0,0.13423113008362061,3,2023,0.1545147610960457,0.1630775655703909
00-0032394,2024_11_MIN_TEN,2024,11,0.0,0.10742806751802167,3,2023,0.1304196808957907,0.1433817666147393
00-0033090,2024_11_LA_NE,2024,11,0.0,0.317922856240047,3,2023,0.3011140355497996,0.3225100742238767
00-0033217,2024_11_IND_NYJ,2024,11,0.0,0.14130499918258044,3,2023,0.1556864408794581,0.1751190517617141
00-0033246,2024_11_MIN_TEN,2024,11,0.0,0.15350099660947017,3,2023,0.1614999754705698,0.1908753397883909
00-0033357,2024_11_CLE_NO,2024,11,0.0,0.1493392517467155,3,2023,0.1489345343191135,0.1994580249015101
00-0033439,2024_11_SEA_SF,2024,11,0.0,0.00291031432936234,3,2023,0.0442324259706748,0.0563273084484839
00-0033576,2024_11_SEA_SF,2024,11,0.0,0.09043460416170479,3,2023,0.1282021433231882,0.1136668680636056
00-0033858,2024_11_LV_MIA,2024,11,2.0,0.2623447764150116,3,2023,0.2754314141212587,0.2496388025509889
00-0033881,2024_11_JAX_DET,2024,11,0.0,0.2097185231006916,3,2023,0.2116177603933454,0.2327398707142112
00-0033885,2024_11_CLE_NO,2024,11,0.0,0.27514453223865953,3,2023,0.2672616342880702,0.2850016045669921
00-0034159,2024_11_CIN_LAC,2024,11,1.0,0.29289671477752277,3,2023,0.3164118710696337,0.2542600204215212
00-0034270,2024_11_IND_NYJ,2024,11,0.0,0.21170473130794815,3,2023,0.2223809867403576,0.2223560009915435
00-0034351,2024_11_WAS_PHI,2024,11,0.0,0.3574337835067252,3,2023,0.3324524675210991,0.3570591126215795
00-0034364,2024_11_CLE_NO,2024,11,0.0,0.12582928752840075,3,2023,0.1374885084123625,0.1694007807696427
00-0034383,2024_11_HOU_DAL,2024,11,0.0,0.27809248945013015,3,2023,0.2720225124660356,0.2843833399029708
00-0034613,2024_11_CIN_LAC,2024,11,0.0,0.2061182635489346,3,2023,0.2005241032026492,0.2404594486055096
00-0034753,2024_11_BAL_PIT,2024,11,0.0,0.3601157711779373,3,2023,0.3521647681190487,0.3362060118863713
00-0034798,2024_11_LV_MIA,2024,11,0.0,0.10264042544597887,3,2023,0.1157441732499847,0.1535458642251207
00-0034829,2024_11_CIN_LAC,2024,11,0.0,0.3183211609519679,3,2023,0.3191475196773708,0.2994852787521735
00-0034981,2024_11_CLE_NO,2024,11,0.0,0.10281338622419708,3,2023,0.122411832649661,0.1450820777254113
00-0035229,2024_11_MIN_TEN,2024,11,0.0,0.19561489190646075,3,2023,0.2104821267537117,0.2071483804197409
00-0035249,2024_11_MIN_TEN,2024,11,0.0,0.1479485367275881,3,2023,0.1533040117121067,0.1910225705313311
00-0035631,2024_11_CIN_LAC,2024,11,0.0,0.0807532157750637,3,2023,0.1172359855059416,0.1095378886408731
00-0035689,2024_11_KC_BUF,2024,11,0.0,0.2176236042371934,3,2023,0.2400047034348067,0.2104754322343345
00-0036040,2024_11_CLE_NO,2024,11,1.0,0.20988275863942796,3,2023,0.2091843198890761,0.2362655310046666
00-0036244,2024_11_LA_NE,2024,11,1.0,0.23173492653445038,3,2023,0.2439269919951238,0.2324055294139718
00-0036290,2024_11_GB_CHI,2024,11,0.0,0.2318471429103845,3,2023,0.2376193603685716,0.2409421213902861
00-0036422,2024_11_ATL_DEN,2024,11,0.0,0.06860450976027987,3,2023,0.1122085267593786,0.0928354415747143
00-0036628,2024_11_WAS_PHI,2024,11,0.0,0.0717153967759423,3,2023,0.0983462085511886,0.1170979171504917
00-0036637,2024_11_KC_BUF,2024,11,2.0,0.08021462773501209,3,2023,0.1177814179594177,0.1077838562972012
00-0036754,2024_11_JAX_DET,2024,11,1.0,0.10293251680252755,3,2023,0.1282003788299203,0.1376746261158848
00-0036876,2024_11_IND_NYJ,2024,11,0.0,0.11550066164293729,3,2023,0.1286212363259043,0.1612597584823301
00-0036887,2024_11_JAX_DET,2024,11,0.0,0.03808245772055453,3,2023,0.07371179550976,0.084995087561867
00-0036894,2024_11_BAL_PIT,2024,11,0.0,0.2701226523276229,3,2023,0.262221465282451,0.2820048130116628
00-0036970,2024_11_ATL_DEN,2024,11,0.0,0.22862772677236426,3,2023,0.2271964330734792,0.2485083767913614
00-0037086,2024_11_WAS_PHI,2024,11,0.0,0.033228280594382875,3,2023,0.070937117756552,0.0793317672635299
00-0037292,2024_11_IND_NYJ,2024,11,0.0,0.09989217311074786,3,2023,0.1186869352916052,0.1443850413898648
00-0037805,2024_11_IND_NYJ,2024,11,0.0,0.07888716464939635,3,2023,0.1045417507546475,0.1226999443795364
00-0037809,2024_11_MIN_TEN,2024,11,0.0,0.12910564557176035,3,2023,0.131543629834292,0.1835363690035893
00-0037838,2024_11_BAL_PIT,2024,11,0.0,0.2681602211516752,3,2023,0.2790090342867376,0.2560892378779414
00-0038041,2024_11_HOU_DAL,2024,11,0.0,0.35073673613487455,3,2023,0.3544541087807432,0.315171074866399
00-0038046,2024_11_BAL_PIT,2024,11,0.0,-0.00513106642942554,3,2023,0.0387875838284508,0.048064641378538
00-0038547,2024_11_HOU_DAL,2024,11,0.0,0.19259789907320346,3,2023,0.204449332827095,0.209311960681716
00-0038558,2024_11_BAL_PIT,2024,11,0.0,0.0670575495252043,3,2023,0.1134077699812401,0.088282063454682
00-0038589,2024_11_MIN_TEN,2024,11,0.0,0.08032523152798735,3,2023,0.0995739772823124,0.1320156245572024
00-0038720,2024_11_LV_MIA,2024,11,0.0,0.12851197776689238,3,2023,0.1374358319775429,0.1746230628707211
00-0038783,2024_11_ATL_DEN,2024,11,1.0,0.0727459483070913,3,2023,0.1156942616298041,0.0961917362900064
00-0038935,2024_11_JAX_DET,2024,11,0.0,0.14339462544337453,3,2023,0.1726767215632096,0.1567190688773201
00-0038996,2024_11_GB_CHI,2024,11,0.0,0.34365099438861524,3,2023,0.3246399490418402,0.3408920534482275
00-0039066,2024_11_LV_MIA,2024,11,0.0,0.09000675623764004,3,2023,0.1096671225695224,0.137296547295225
00-0039338,2024_11_LV_MIA,2024,11,1.0,0.29916903300176906,3,2023,0.255237323272626,0.347009305757249
00-0039359,2024_11_HOU_DAL,2024,11,0.0,0.08843835503214503,3,2023,0.1152791803929595,0.1268805844024874
00-0039793,2024_11_SEA_SF,2024,11,0.0,0.11607778259005855,3,2023,0.1389902770654946,0.1486893882815389
00-0030061,2024_12_DAL_WAS,2024,12,1.0,0.3403805487320484,3,2023,0.3539808082161236,0.2959037542821748
00-0030506,2024_12_KC_CAR,2024,12,0.0,0.40439874740556364,3,2023,0.3564644394673976,0.4155906245380888
00-0032392,2024_12_NE_MIA,2024,12,1.0,0.13973297064544624,3,2023,0.1472498855570879,0.1832291059033861
00-0032394,2024_12_TEN_HOU,2024,12,0.0,0.1180808499926164,3,2023,0.1310501511037392,0.1630114349213833
00-0033090,2024_12_NE_MIA,2024,12,0.0,0.31370204915245786,3,2023,0.3039855206941643,0.310614862989864
00-0033246,2024_12_MIN_CHI,2024,12,0.0,0.1704092400860872,3,2023,0.1814206430650035,0.1970725149095072
00-0033288,2024_12_SF_GB,2024,12,1.0,0.34603368798481116,3,2023,0.3209270562577758,0.3503666868694012
00-0033439,2024_12_ARI_SEA,2024,12,0.0,0.13036215394068004,3,2023,0.1429578643892374,0.1708921120230375
00-0033576,2024_12_SF_GB,2024,12,0.0,0.10689923948880872,3,2023,0.1350377000188773,0.1362739089349321
00-0033858,2024_12_NE_MIA,2024,12,1.0,0.35531462580710094,3,2023,0.3894103802074636,0.2778496330200165
00-0033885,2024_12_PIT_CLE,2024,12,0.0,0.21047092428433195,3,2023,0.23359815618355,0.2051884268944011
00-0034159,2024_12_BAL_LAC,2024,12,0.0,0.23314424390270239,3,2023,0.2623899258732954,0.2107561099741705
00-0034351,2024_12_PHI_LA,2024,12,0.0,0.4350099640685621,3,2023,0.3813247889538513,0.4415914089942215
00-0034364,2024_12_PIT_CLE,2024,12,0.0,0.09075743279285287,3,2023,0.1075857850414515,0.141484121605992
00-0034383,2024_12_TEN_HOU,2024,12,0.0,0.28164693513426214,3,2023,0.2797958619672648,0.2809559274050824
00-0034753,2024_12_BAL_LAC,2024,12,1.0,0.37006813421613227,3,2023,0.3837476655210232,0.3136577854758937
00-0034798,2024_12_NE_MIA,2024,12,0.0,0.08889727934603078,3,2023,0.1145080900422839,0.1287792909941912
00-0035229,2024_12_MIN_CHI,2024,12,0.0,0.22212296774904378,3,2023,0.2280072957663965,0.2349446340950272
00-0036244,2024_12_PHI_LA,2024,12,0.0,0.19922114807997915,3,2023,0.2212759344380342,0.19983588318755
00-0036290,2024_12_MIN_CHI,2024,12,0.0,0.23667933144788406,3,2023,0.2364982883144385,0.2517024950548885
00-0036422,2024_12_DEN_LV,2024,12,0.0,0.09182700010464917,3,2023,0.1128016772990108,0.1366576735139232
00-0036628,2024_12_DAL_WAS,2024,12,0.0,0.09667345215043499,3,2023,0.1117613716061906,0.1473388965927395
00-0036637,2024_12_KC_CAR,2024,12,2.0,0.17030906776838187,3,2023,0.2072905795413961,0.162752389163457
00-0036754,2024_12_DET_IND,2024,12,0.0,0.1511270497114681,3,2023,0.1843634541268298,0.1561539804278182
00-0036876,2024_12_DET_IND,2024,12,0.0,0.09549447830370542,3,2023,0.1321422536131163,0.1181878389040867
00-0036894,2024_12_PIT_CLE,2024,12,0.0,0.2346490599985961,3,2023,0.2504059660982147,0.2294557788898237
00-0037005,2024_12_KC_CAR,2024,12,0.0,0.11185363931844094,3,2023,0.1261324904281249,0.1575378846125315
00-0037086,2024_12_PHI_LA,2024,12,0.0,0.0959900823528502,3,2023,0.1215449084415689,0.1331198312687951
00-0037292,2024_12_DET_IND,2024,12,0.0,0.07158557550842237,3,2023,0.1074750897291655,0.1048057072775716
00-0037654,2024_12_BAL_LAC,2024,12,0.0,0.09901216398448112,3,2023,0.122984032176871,0.1370260126469508
00-0037744,2024_12_ARI_SEA,2024,12,0.0,0.38252297894992715,3,2023,0.3952586734034936,0.3223951272255987
00-0037809,2024_12_TEN_HOU,2024,12,1.0,0.1583009692421258,3,2023,0.1737385532953174,0.183949733316369
00-0038046,2024_12_BAL_LAC,2024,12,0.0,0.11349717370693552,3,2023,0.1358840670107978,0.1478303946231214
00-0038115,2024_12_TB_NYG,2024,12,0.0,-0.004960392121067934,3,2023,0.0453916261066137,0.0396803870802953
00-0038129,2024_12_TB_NYG,2024,12,0.0,0.3128434266695248,3,2023,0.3081188469208228,0.3035129596325837
00-0038547,2024_12_DAL_WAS,2024,12,1.0,0.27895000177714663,3,2023,0.2893051108464802,0.2632311411848752
00-0038558,2024_12_PIT_CLE,2024,12,0.0,0.0902046613916451,3,2023,0.1168574253073432,0.1281911997415397
00-0038589,2024_12_TEN_HOU,2024,12,0.0,-7.73533240252533e-05,3,2023,0.0475241519886139,0.0462462727893175
00-0038710,2024_12_PIT_CLE,2024,12,0.0,0.08712655227553565,3,2023,0.0960939296300113,0.1496701887367655
00-0038720,2024_12_NE_MIA,2024,12,0.0,0.12778765682737048,3,2023,0.1389038428680459,0.1712952140936122
00-0038783,2024_12_DEN_LV,2024,12,0.0,0.019006772003077307,3,2023,0.0654393020390254,0.0592684706479462
00-0038996,2024_12_SF_GB,2024,12,1.0,0.3257422945895557,3,2023,0.2899507709016254,0.3522559223296204
00-0039041,2024_12_ARI_SEA,2024,12,0.0,0.06008381155881816,3,2023,0.1038080433262015,0.0875512163558175
00-0039065,2024_12_DET_IND,2024,12,0.0,0.3584063555880208,3,2023,0.3357071044910146,0.3546336559235999
00-0039066,2024_12_DEN_LV,2024,12,0.0,0.10200915426230062,3,2023,0.1147554308198283,0.1536376996345466
00-0039074,2024_12_PHI_LA,2024,12,0.0,0.13900045291699284,3,2023,0.1724174321137318,0.1486209949114645
00-0039338,2024_12_DEN_LV,2024,12,0.0,0.31163482684127497,3,2023,0.2694900991468269,0.3521507272261587
00-0039356,2024_12_KC_CAR,2024,12,0.0,0.2509230327215846,3,2023,0.2383510141255603,0.276617034940555
00-0039359,2024_12_TEN_HOU,2024,12,1.0,0.09994522218816085,3,2023,0.1219307501319096,0.1402076827225516
00-0039530,2024_12_DAL_WAS,2024,12,0.0,0.1417229545284065,3,2023,0.1646146334144925,0.1641437358773414
00-0039737,2024_12_ARI_SEA,2024,12,0.0,-0.015065187457024704,3,2023,0.0317907914984778,0.0382138222804447
00-0039793,2024_12_ARI_SEA,2024,12,0.0,0.11785478562101254,3,2023,0.1451836335679518,0.1439322764305534
00-0039847,2024_12_TB_NYG,2024,12,0.0,0.15782555405815424,3,2023,0.1884631637318361,0.1636118146790613
00-0039912,2024_12_DAL_WAS,2024,12,0.0,-0.01144059425436706,3,2023,0.0401410834534709,0.034160041297499
00-0030061,2024_13_TEN_WAS,2024,13,1.0,0.3683107447723552,3,2023,0.3559769727946114,0.3469174747864748
00-0030506,2024_13_LV_KC,2024,13,0.0,0.42328669773721395,3,2023,0.3936718201729902,0.4027856337146536
00-0031484,2024_13_NYG_DAL,2024,13,0.0,-0.0006812976639276672,3,2023,0.0419040585071131,0.052500292414385
00-0031585,2024_13_PIT_CIN,2024,13,0.0,0.08769577824671468,3,2023,0.1091379463653687,0.1335558156447131
00-0032392,2024_13_IND_NE,2024,13,1.0,0.14276785817416895,3,2023,0.1585936311937905,0.1740936691400627
00-0032394,2024_13_TEN_WAS,2024,13,0.0,0.11592870218025292,3,2023,0.1312202197261721,0.1586533307051259
00-0033090,2024_13_IND_NE,2024,13,0.0,0.27069832606045063,3,2023,0.2787091939211888,0.261359866563125
00-0033217,2024_13_IND_NE,2024,13,0.0,0.13338116611080178,3,2023,0.1385203289432936,0.1825449090092177
00-0033246,2024_13_ARI_MIN,2024,13,1.0,0.14168107094667806,3,2023,0.1534382488261162,0.1788072171116118
00-0033288,2024_13_SF_BUF,2024,13,0.0,0.3018551594659469,3,2023,0.3009878235647817,0.2918144618999829
00-0033357,2024_13_LA_NO,2024,13,0.0,0.22753121510869767,3,2023,0.2342298853052061,0.2371236892304586
00-0033439,2024_13_SEA_NYJ,2024,13,0.0,0.12280438206859651,3,2023,0.1296593894996778,0.1739188816125441
00-0033858,2024_13_MIA_GB,2024,13,0.0,0.25978831634378036,3,2023,0.2904583565502499,0.2249048686643006
00-0033881,2024_13_HOU_JAX,2024,13,0.0,0.22979935052137146,3,2023,0.2319653507352425,0.2444676047268766
00-0033885,2024_13_CLE_DEN,2024,13,2.0,0.2707513299561878,3,2023,0.2925464102234802,0.2432075653448601
00-0034159,2024_13_LAC_ATL,2024,13,0.0,0.3349916000548305,3,2023,0.3235609217014867,0.3256829340064437
00-0034270,2024_13_SEA_NYJ,2024,13,0.0,0.1924223526717022,3,2023,0.1937950447898333,0.2230299565945954
00-0034351,2024_13_PHI_BAL,2024,13,1.0,0.37074593914770104,3,2023,0.3048038336750883,0.4191026880292542
00-0034364,2024_13_CLE_DEN,2024,13,0.0,0.1206129290341574,3,2023,0.1479512145862159,0.1455789911768463
00-0034383,2024_13_HOU_JAX,2024,13,1.0,0.3251045877962069,3,2023,0.3087765233192281,0.3261960390408187
00-0034613,2024_13_PIT_CIN,2024,13,0.0,0.17720115654809818,3,2023,0.1916071808815292,0.1966800038827449
00-0034753,2024_13_PHI_BAL,2024,13,1.0,0.3063687581360939,3,2023,0.3090555370415079,0.2898410213758178
00-0034798,2024_13_MIA_GB,2024,13,0.0,0.056158011612891315,3,2023,0.0949538571852015,0.0916911920686821
00-0034829,2024_13_PIT_CIN,2024,13,0.0,0.28597456910884966,3,2023,0.2633163738432013,0.3110080565669509
00-0034981,2024_13_LA_NO,2024,13,0.0,0.11840627242383708,3,2023,0.1500604701281934,0.1385580060961703
00-0035229,2024_13_ARI_MIN,2024,13,0.0,0.33558094187882054,3,2023,0.3192403562021745,0.3325146219111037
00-0035631,2024_13_PIT_CIN,2024,13,0.0,0.05667737493542835,3,2023,0.1048827765387656,0.0795904934293871
00-0035644,2024_13_SEA_NYJ,2024,13,0.0,0.1686056750795833,3,2023,0.1971417180004578,0.1728690058511013
00-0035689,2024_13_SF_BUF,2024,13,0.0,0.17145473054069327,3,2023,0.1785404540575076,0.2028802024721359
00-0036040,2024_13_LA_NO,2024,13,0.0,0.2027190618737461,3,2023,0.2164749719279185,0.2128879673180566
00-0036244,2024_13_LA_NO,2024,13,0.0,0.21558538098379648,3,2023,0.2173792437137035,0.2364080974726683
00-0036290,2024_13_CHI_DET,2024,13,0.0,0.26778849740567384,3,2023,0.2822495174051333,0.2511003898340421
00-0036422,2024_13_CLE_DEN,2024,13,0.0,0.122707791924586,3,2023,0.1564552880910963,0.1383841035777314
00-0036429,2024_13_LAC_ATL,2024,13,0.0,0.062114845450661454,3,2023,0.0941598491097841,0.1041802699558555
00-0036590,2024_13_SF_BUF,2024,13,0.0,0.07736664516904285,3,2023,0.1073097822755547,0.1161278009452691
00-0036637,2024_13_LV_KC,2024,13,0.0,0.17716197845128084,3,2023,0.2110039713093509,0.1710164321530956
00-0036754,2024_13_CHI_DET,2024,13,0.0,0.1071973321169706,3,2023,0.1228368492761359,0.1529418809054661
00-0036876,2024_13_IND_NE,2024,13,0.0,0.1012483686620752,3,2023,0.1269835782089023,0.1360449979051884
00-0036887,2024_13_HOU_JAX,2024,13,0.0,0.0664819234393859,3,2023,0.0873220815896253,0.1215887666755299
00-0036894,2024_13_PIT_CIN,2024,13,1.0,0.3079325154905218,3,2023,0.2882644360901866,0.3202723163784941
00-0036970,2024_13_LAC_ATL,2024,13,0.0,0.26442622191676424,3,2023,0.2441210505911185,0.2949415012088546
00-0037004,2024_13_LA_NO,2024,13,0.0,0.11969129809231108,3,2023,0.1257524630114369,0.1730934418506082
00-0037005,2024_13_TB_CAR,2024,13,0.0,0.13968738613832524,3,2023,0.1486343512266316,0.1813151568136176
00-0037292,2024_13_IND_NE,2024,13,0.0,0.08833173456122467,3,2023,0.1120124954564004,0.1309852158572703
00-0037539,2024_13_CLE_DEN,2024,13,0.0,0.12134838174823576,3,2023,0.1333800586254486,0.1662139405126967
00-0037654,2024_13_LAC_ATL,2024,13,0.0,0.12771655858881803,3,2023,0.1384704859557961,0.1717303378821454
00-0037744,2024_13_ARI_MIN,2024,13,0.0,0.3476025791980751,3,2023,0.3615709282251222,0.2997625912652475
00-0037805,2024_13_SEA_NYJ,2024,13,0.0,0.05832575815974918,3,2023,0.0961027858400651,0.0943392313765689
00-0037809,2024_13_TEN_WAS,2024,13,0.0,0.14750792115865072,3,2023,0.1606377181177338,0.1805016023299224
00-0037838,2024_13_PHI_BAL,2024,13,1.0,0.31591888359603365,3,2023,0.3012270153634164,0.3185118900035439
00-0038115,2024_13_NYG_DAL,2024,13,0.0,-0.004016406628828177,3,2023,0.0437708385322427,0.0436317012691252
00-0038129,2024_13_TB_CAR,2024,13,0.0,0.3438371846384162,3,2023,0.3279049234982772,0.3369425125295755
00-0038547,2024_13_NYG_DAL,2024,13,0.0,0.29151231422841556,3,2023,0.2827285239377434,0.296036126409812
00-0038558,2024_13_PIT_CIN,2024,13,0.0,0.10216918825927904,3,2023,0.1299789178116793,0.1338622034353114
00-0038589,2024_13_TEN_WAS,2024,13,0.0,0.0900222178382378,3,2023,0.110027382360755,0.1368509891485837
00-0038710,2024_13_CLE_DEN,2024,13,0.0,0.10123317804997509,3,2023,0.1185663831541393,0.1471198164019328
00-0038720,2024_13_MIA_GB,2024,13,0.0,0.08985454513186183,3,2023,0.1183722901610605,0.1255202966102208
00-0038783,2024_13_CLE_DEN,2024,13,0.0,0.0854555208193607,3,2023,0.1182622853891166,0.1172159666329152
00-0038935,2024_13_HOU_JAX,2024,13,0.0,0.13222093039522093,3,2023,0.1559864907772545,0.157274952694731
00-0038996,2024_13_MIA_GB,2024,13,0.0,0.34405804995449185,3,2023,0.3209462553458858,0.3465466423969774
00-0039041,2024_13_ARI_MIN,2024,13,0.0,0.06332755160224843,3,2023,0.1052000504843771,0.0919453056434761
00-0039065,2024_13_CHI_DET,2024,13,2.0,0.43890748452069134,3,2023,0.4087862757947131,0.4128502929716838
00-0039066,2024_13_LV_KC,2024,13,0.0,0.09561849160290897,3,2023,0.1064633453409921,0.1523017522001528
00-0039338,2024_13_LV_KC,2024,13,1.0,0.2743750159508626,3,2023,0.2650058211236117,0.2864994295418515
00-0039359,2024_13_HOU_JAX,2024,13,0.0,0.08835966941681533,3,2023,0.1149233949864833,0.1271988020704272
00-0039530,2024_13_NYG_DAL,2024,13,0.0,0.032085333293260104,3,2023,0.0685891260927488,0.0802339249179611
00-0039737,2024_13_ARI_MIN,2024,13,0.0,0.06823324595799041,3,2023,0.0986979246609691,0.1099455727236071
00-0039793,2024_13_SEA_NYJ,2024,13,1.0,0.12676341654201187,3,2023,0.1491969926484996,0.1557491366694687
00-0039847,2024_13_NYG_DAL,2024,13,0.0,0.20278635556277075,3,2023,0.2237762987639579,0.2033852837022242
00-0039912,2024_13_TEN_WAS,2024,13,0.0,0.09994594588885294,3,2023,0.121708771279289,0.1405019081266739
00-0030506,2024_14_LAC_KC,2024,14,0.0,0.4142859697774473,3,2023,0.3707097981421857,0.4157890263257816
00-0031585,2024_14_CLE_PIT,2024,14,0.0,0.08738469119504239,3,2023,0.1056372371597601,0.1375764425690588
00-0032394,2024_14_JAX_TEN,2024,14,0.0,0.12462140856702078,3,2023,0.1333890926991668,0.1724887059136049
00-0033246,2024_14_ATL_MIN,2024,14,0.0,0.016112730068045894,3,2023,0.0582314708186655,0.0632183231802293
00-0033288,2024_14_CHI_SF,2024,14,0.0,0.3409750272367295,3,2023,0.3380209534617931,0.3180999034418431
00-0033439,2024_14_SEA_ARI,2024,14,0.0,0.1482339143902224,3,2023,0.1470238856735978,0.1998554774673562
00-0033576,2024_14_CHI_SF,2024,14,0.0,0.09892583286467985,3,2023,0.1204047042573934,0.1402628509691589
00-0033858,2024_14_NYJ_MIA,2024,14,1.0,0.3494825532943823,3,2023,0.365595594766629,0.2980642057202887
00-0033881,2024_14_JAX_TEN,2024,14,0.0,0.2583308969567923,3,2023,0.2624203164354313,0.2590934127108602
00-0033885,2024_14_CLE_PIT,2024,14,1.0,0.22112611541072436,3,2023,0.2519695432153258,0.2014188362321206
00-0034159,2024_14_LAC_KC,2024,14,0.0,0.34965516635514937,3,2023,0.3169563535238148,0.3625608264237039
00-0034270,2024_14_NYJ_MIA,2024,14,0.0,0.17256693391676467,3,2023,0.1882185557823338,0.1922490840071252
00-0034364,2024_14_CLE_PIT,2024,14,0.0,0.11362601939104422,3,2023,0.1480782788905531,0.1319912246368588
00-0034613,2024_14_CIN_DAL,2024,14,0.0,0.24238602064500142,3,2023,0.2736926952227308,0.2135966438359359
00-0034798,2024_14_NYJ_MIA,2024,14,0.0,0.09032756107836265,3,2023,0.1202455817325188,0.1239575910218064
00-0034829,2024_14_CIN_DAL,2024,14,0.0,0.3808756025242201,3,2023,0.3842770298134336,0.333717946707917
00-0034981,2024_14_NO_NYG,2024,14,0.0,0.11116965682351596,3,2023,0.1208145893332158,0.1632395171840904
00-0035229,2024_14_ATL_MIN,2024,14,0.0,0.33008406984111477,3,2023,0.3178325137172164,0.3238137077192186
00-0035249,2024_14_ATL_MIN,2024,14,0.0,0.12488002301601281,3,2023,0.1374808709992409,0.1675875513538809
00-0035631,2024_14_CIN_DAL,2024,14,0.0,0.09695158701026474,3,2023,0.1293017776021214,0.1247337548154146
00-0035644,2024_14_SEA_ARI,2024,14,0.0,0.23777967504773195,3,2023,0.2428272355228554,0.2454668143244579
00-0035689,2024_14_BUF_LA,2024,14,0.0,0.14796484275887167,3,2023,0.1469958057622186,0.1993756998667917
00-0036040,2024_14_NO_NYG,2024,14,1.0,0.25745121057923137,3,2023,0.2534824857437935,0.2691945710217156
00-0036244,2024_14_BUF_LA,2024,14,0.0,0.13481846846390147,3,2023,0.1680162148541599,0.1463945293099447
00-0036290,2024_14_CHI_SF,2024,14,0.0,0.26442703684352303,3,2023,0.2605679222966213,0.2732462903589749
00-0036429,2024_14_ATL_MIN,2024,14,0.0,0.045431853152876456,3,2023,0.0874844836957173,0.08094249385202
00-0036637,2024_14_LAC_KC,2024,14,0.0,0.17947519681705337,3,2023,0.2244577359464833,0.1577113004695282
00-0036754,2024_14_GB_DET,2024,14,0.0,0.08604828962592379,3,2023,0.1322200073920664,0.0999414500763101
00-0036894,2024_14_CLE_PIT,2024,14,1.0,0.2943332436086248,3,2023,0.2810265422369385,0.3036997018787634
00-0036970,2024_14_ATL_MIN,2024,14,0.0,0.23800216827819898,3,2023,0.2439827262648126,0.2443698415364294
00-0037004,2024_14_BUF_LA,2024,14,0.0,0.07352679055711123,3,2023,0.0981120609836155,0.1208860494892152
00-0037005,2024_14_CAR_PHI,2024,14,1.0,0.14336784519058257,3,2023,0.164400438401407,0.1675857350030727
00-0037086,2024_14_CAR_PHI,2024,14,1.0,0.11181489975394268,3,2023,0.1152615512251218,0.1718044600122983
00-0037654,2024_14_LAC_KC,2024,14,0.0,0.11381252833480657,3,2023,0.1291118509657481,0.157370046990835
00-0037744,2024_14_SEA_ARI,2024,14,0.0,0.3866352653203004,3,2023,0.3745239034943557,0.3576472103864362
00-0037805,2024_14_NYJ_MIA,2024,14,0.0,0.07026383563582086,3,2023,0.0971539117873631,0.1158827060410576
00-0037809,2024_14_JAX_TEN,2024,14,0.0,0.13017908649489157,3,2023,0.1595322910689432,0.1486754371449705
00-0038041,2024_14_CIN_DAL,2024,14,0.0,0.34960156469366555,3,2023,0.3351736561700269,0.3384255353550929
00-0038115,2024_14_NO_NYG,2024,14,0.0,0.09683868047774519,3,2023,0.1158095798127475,0.1423158479911234
00-0038129,2024_14_LV_TB,2024,14,0.0,0.37680042305726713,3,2023,0.3589841160440963,0.3592570333602827
00-0038547,2024_14_CIN_DAL,2024,14,0.0,0.34004109264150983,3,2023,0.3153695774936447,0.3461878256424847
00-0038558,2024_14_CLE_PIT,2024,14,0.0,0.08925044939626131,3,2023,0.1128090034189118,0.131699085773167
00-0038589,2024_14_JAX_TEN,2024,14,0.0,0.09543769264503976,3,2023,0.1096679867971961,0.1477269063882371
00-0038710,2024_14_CLE_PIT,2024,14,0.0,0.09681896490678676,3,2023,0.1150286128250336,0.1433082338465749
00-0038720,2024_14_NYJ_MIA,2024,14,0.0,0.11226356060010953,3,2023,0.1357582259552668,0.14562693587199
00-0038809,2024_14_GB_DET,2024,14,0.0,0.14252849447077282,3,2023,0.1587296170791573,0.1734545169684911
00-0038935,2024_14_JAX_TEN,2024,14,0.0,0.13899983466792018,3,2023,0.1567266876196767,0.1693190976186718
00-0038996,2024_14_GB_DET,2024,14,1.0,0.2855961473123043,3,2023,0.2660187993138981,0.3067161509167629
00-0039050,2024_14_LV_TB,2024,14,0.0,0.005403757186300449,3,2023,0.0522359630282096,0.0505583049786831
00-0039065,2024_14_GB_DET,2024,14,0.0,0.44928244130657075,3,2023,0.41503785420306,0.4245309386904976
00-0039066,2024_14_LV_TB,2024,14,0.0,0.12363731516875923,3,2023,0.1308206283216163,0.1739868314714273
00-0039338,2024_14_LV_TB,2024,14,0.0,0.3783788023137291,3,2023,0.3494077433772626,0.3749219009657397
00-0039356,2024_14_CAR_PHI,2024,14,0.0,0.16773213096347522,3,2023,0.1850602754611641,0.1871290267278957
00-0039530,2024_14_CIN_DAL,2024,14,0.0,0.020246640296874646,3,2023,0.069255838228396,0.056615164930529
00-0039737,2024_14_SEA_ARI,2024,14,0.0,0.08755210674111713,3,2023,0.1057665590778241,0.1377274048753633
00-0039793,2024_14_SEA_ARI,2024,14,0.0,0.12244594457578128,3,2023,0.1303331410799419,0.1723415952805957
00-0030061,2024_15_WAS_NO,2024,15,0.0,0.2973543684768185,3,2023,0.3119555643336319,0.2687008587211522
00-0030506,2024_15_KC_CLE,2024,15,0.0,0.401985840876092,3,2023,0.3636352205382249,0.4014963000018616
00-0032392,2024_15_NE_ARI,2024,15,0.0,0.15935628649577036,3,2023,0.1799851984759625,0.1777361411488066
00-0032394,2024_15_CIN_TEN,2024,15,0.0,0.1086880111423408,3,2023,0.1215828178085358,0.1574594334645
00-0033090,2024_15_NE_ARI,2024,15,0.0,0.3212914338125196,3,2023,0.3002125588072434,0.3301695185839174
00-0033246,2024_15_CHI_MIN,2024,15,0.0,0.12203931466970483,3,2023,0.1367505241043007,0.1630947225297834
00-0033288,2024_15_LA_SF,2024,15,0.0,0.3898660569268566,3,2023,0.3424203374649437,0.4062039172918645
00-0033576,2024_15_LA_SF,2024,15,0.0,0.019616743872783907,3,2023,0.0734638631035086,0.0498540455903685
00-0033858,2024_15_MIA_HOU,2024,15,1.0,0.3137904848114918,3,2023,0.3218003955819047,0.2872832750788157
00-0034073,2024_15_ATL_LV,2024,15,0.0,0.011589023066143539,3,2023,0.0578132114885354,0.0550811588759628
00-0034364,2024_15_KC_CLE,2024,15,0.0,0.17743672540043004,3,2023,0.1843814867446794,0.2066646373445064
00-0034383,2024_15_MIA_HOU,2024,15,0.0,0.2906192948506514,3,2023,0.2825781862878965,0.2945191808258472
00-0034613,2024_15_CIN_TEN,2024,15,0.0,0.1907730352713887,3,2023,0.2097953228377567,0.1987543936083606
00-0034753,2024_15_BAL_NYG,2024,15,1.0,0.38485555784307063,3,2023,0.3855398634056118,0.3396965315553162
00-0034798,2024_15_MIA_HOU,2024,15,0.0,0.08115887373417954,3,2023,0.126118119266435,0.0985997133991139
00-0034829,2024_15_CIN_TEN,2024,15,0.0,0.285280692101374,3,2023,0.2659035965322697,0.3062622146398955
00-0034981,2024_15_WAS_NO,2024,15,1.0,0.11237813007155939,3,2023,0.1460168646184986,0.1323137603744879
00-0035229,2024_15_CHI_MIN,2024,15,0.0,0.32894850178602225,3,2023,0.3155489395946702,0.3246450592315529
00-0035249,2024_15_CHI_MIN,2024,15,0.0,0.03812910922879083,3,2023,0.0826802234341598,0.0732535092318952
00-0035631,2024_15_CIN_TEN,2024,15,0.0,0.12017620560472919,3,2023,0.1393627284578097,0.156070116175328
00-0035644,2024_15_GB_SEA,2024,15,0.0,0.23161511974013926,3,2023,0.2481969304429939,0.2265424907454244
00-0035689,2024_15_BUF_DET,2024,15,0.0,0.18201078368498436,3,2023,0.1960990599516227,0.1999924160068641
00-0036040,2024_15_WAS_NO,2024,15,0.0,0.30808947335144976,3,2023,0.2878666528930724,0.3210985511180715
00-0036244,2024_15_LA_SF,2024,15,0.0,0.1542383719167891,3,2023,0.1742528370688275,0.1754680333747734
00-0036290,2024_15_CHI_MIN,2024,15,0.0,0.24549905747828338,3,2023,0.2495636341359472,0.2514071751991331
00-0036422,2024_15_IND_DEN,2024,15,1.0,0.09560548511151473,3,2023,0.1270623339912067,0.1251025052190587
00-0036429,2024_15_ATL_LV,2024,15,0.0,0.12115573784170838,3,2023,0.118617428213392,0.1853188372949904
00-0036590,2024_15_BUF_DET,2024,15,0.0,0.015745584132416474,3,2023,0.0600837838806331,0.0600695472426514
00-0036628,2024_15_WAS_NO,2024,15,0.0,0.11149257502892795,3,2023,0.1239495570042401,0.1597241026422161
00-0036637,2024_15_KC_CLE,2024,15,1.0,0.17660101804097206,3,2023,0.2150318275783218,0.1646254011328848
00-0036876,2024_15_IND_DEN,2024,15,0.0,0.07640276005401422,3,2023,0.1121805758629698,0.1078508440772454
00-0036894,2024_15_PIT_PHI,2024,15,1.0,0.27841919013124744,3,2023,0.2678004547846124,0.2905806065839378
00-0036970,2024_15_ATL_LV,2024,15,0.0,0.30186039121065744,3,2023,0.2873404883311239,0.309828127693002
00-0037004,2024_15_LA_SF,2024,15,0.0,0.09018264400834455,3,2023,0.1094671360512219,0.1378982076208811
00-0037005,2024_15_DAL_CAR,2024,15,0.0,0.1779681600608968,3,2023,0.1580613234094566,0.2424070534612508
00-0037086,2024_15_PIT_PHI,2024,15,0.0,0.09868825310631715,3,2023,0.1270709107304619,0.1310124333174332
00-0037252,2024_15_BAL_NYG,2024,15,0.0,0.028844739938304095,3,2023,0.0737950971453877,0.0671418015308218
00-0037475,2024_15_TB_LAC,2024,15,0.0,0.15702505849866336,3,2023,0.159195487210939,0.2006842896188016
00-0037539,2024_15_IND_DEN,2024,15,0.0,0.12170359408590764,3,2023,0.1366942205113147,0.1625241613980321
00-0037654,2024_15_TB_LAC,2024,15,0.0,0.12176320763379406,3,2023,0.1414234358191717,0.1563998654873178
00-0037744,2024_15_NE_ARI,2024,15,0.0,0.4121673891879615,3,2023,0.3954289943599972,0.3791100934104215
00-0037805,2024_15_NYJ_JAX,2024,15,0.0,0.09485100308737282,3,2023,0.1130395421153206,0.1421522507023652
00-0037809,2024_15_CIN_TEN,2024,15,0.0,0.11104662151081604,3,2023,0.1442970174970305,0.132025087329287
00-0037838,2024_15_BAL_NYG,2024,15,0.0,0.3406973825118781,3,2023,0.336571158150426,0.3194791914266496
00-0038041,2024_15_DAL_CAR,2024,15,0.0,0.33090511322428856,3,2023,0.3105687389355835,0.3349731305457216
00-0038115,2024_15_BAL_NYG,2024,15,0.0,0.1348885380213514,3,2023,0.1479203630424503,0.173039640426478
00-0038129,2024_15_TB_LAC,2024,15,0.0,0.40364206150266213,3,2023,0.3690030734860757,0.3975962021730174
00-0038547,2024_15_DAL_CAR,2024,15,0.0,0.18617239008567618,3,2023,0.1700924859218395,0.242293815051261
00-0038589,2024_15_CIN_TEN,2024,15,1.0,0.08838681479296076,3,2023,0.1041366863591843,0.1414808090126314
00-0038710,2024_15_KC_CLE,2024,15,0.0,0.12625647234339932,3,2023,0.1359628065871622,0.1722340099011509
00-0038783,2024_15_IND_DEN,2024,15,1.0,0.07700260367468756,3,2023,0.117131237247635,0.1024720653597414
00-0038933,2024_15_BUF_DET,2024,15,0.0,0.3175222626363255,3,2023,0.3247752961766162,0.2905266063765684
00-0038935,2024_15_NYJ_JAX,2024,15,0.0,0.13542512783193758,3,2023,0.1521381198447061,0.1685062171574061
00-0038996,2024_15_GB_SEA,2024,15,0.0,0.4120518603413607,3,2023,0.3691992711076295,0.4134905421222317
00-0039041,2024_15_NE_ARI,2024,15,0.0,0.07875877634918216,3,2023,0.1114940202990235,0.1132818812867004
00-0039065,2024_15_BUF_DET,2024,15,0.0,0.441083414858264,3,2023,0.4099521443679519,0.4154917041327217
00-0039066,2024_15_ATL_LV,2024,15,0.0,0.15497642859543817,3,2023,0.1612241660147237,0.1940731322943955
00-0039074,2024_15_LA_SF,2024,15,0.0,0.002995405954807566,3,2023,0.0506200475890694,0.0480641737325117
00-0039338,2024_15_ATL_LV,2024,15,0.0,0.3825620210288024,3,2023,0.3412232112530598,0.393753906056958
00-0039356,2024_15_DAL_CAR,2024,15,0.0,0.165510355625557,3,2023,0.1826543112363566,0.186035497476951
00-0039530,2024_15_DAL_CAR,2024,15,0.0,0.12114678755128702,3,2023,0.1270655921524986,0.1741567957641082
00-0039737,2024_15_NE_ARI,2024,15,0.0,0.10757244810928498,3,2023,0.1101978330030549,0.1703358255461947
00-0039793,2024_15_GB_SEA,2024,15,0.0,0.06634891398080385,3,2023,0.1077662028062146,0.0943633250861132
00-0039912,2024_15_WAS_NO,2024,15,0.0,0.09334551868049704,3,2023,0.1092469900438354,0.144263732957061
00-0030061,2024_16_PHI_WAS,2024,16,0.0,0.25104479970467036,3,2023,0.2758074911755126,0.2274381915675781
00-0030506,2024_16_HOU_KC,2024,16,0.0,0.407061091427274,3,2023,0.3932267160370675,0.3722073995797438
00-0031585,2024_16_PIT_BAL,2024,16,1.0,0.05856869404808053,3,2023,0.0882969834033714,0.105103296201055
00-0032392,2024_16_NE_BUF,2024,16,0.0,0.13054500611468398,3,2023,0.155574438101187,0.1545994939353411
00-0033090,2024_16_NE_BUF,2024,16,1.0,0.2529049918318895,3,2023,0.2692282946007306,0.2396904665256337
00-0033217,2024_16_TEN_IND,2024,16,0.0,0.14069709878296335,3,2023,0.140818052654059,0.1935658586000797
00-0033288,2024_16_SF_MIA,2024,16,0.0,0.4318798570852463,3,2023,0.3969886553995971,0.4149154072335557
00-0033439,2024_16_MIN_SEA,2024,16,0.0,0.09019099806157271,3,2023,0.1139058878457053,0.1320586353497131
00-0033576,2024_16_SF_MIA,2024,16,1.0,0.08984214553575529,3,2023,0.121433450398395,0.1214581857164136
00-0033858,2024_16_SF_MIA,2024,16,0.0,0.2840630856038076,3,2023,0.2937247006896898,0.2672217835398006
00-0033885,2024_16_CLE_CIN,2024,16,0.0,0.2932992841284947,3,2023,0.2903770973978625,0.2893784306920406
00-0033895,2024_16_DET_CHI,2024,16,0.0,0.08239594492412222,3,2023,0.1051092667798456,0.1286907829212457
00-0034073,2024_16_NYG_ATL,2024,16,0.0,-0.0012417045202831115,3,2023,0.0454693435128363,0.0467205504173329
00-0034270,2024_16_LA_NYJ,2024,16,0.0,0.15197206461610682,3,2023,0.182272671307014,0.1605352158760601
00-0034364,2024_16_CLE_CIN,2024,16,0.0,0.1184456385270859,3,2023,0.1383020002019437,0.1541454372893417
00-0034383,2024_16_HOU_KC,2024,16,1.0,0.364965587144357,3,2023,0.3158038054917482,0.3934888420946534
00-0034753,2024_16_PIT_BAL,2024,16,1.0,0.3760649680678617,3,2023,0.3605610324562111,0.3557641302182099
00-0034798,2024_16_SF_MIA,2024,16,0.0,0.06117384242189554,3,2023,0.1019968422762955,0.0920342421317885
00-0034829,2024_16_CLE_CIN,2024,16,0.0,0.29974599786592077,3,2023,0.2765409975396637,0.3200136253440292
00-0034830,2024_16_DEN_LAC,2024,16,0.0,0.12982456118723057,3,2023,0.1397460973527496,0.1740965033337464
00-0034981,2024_16_NO_GB,2024,16,0.0,0.0750813255099147,3,2023,0.1168633464883694,0.0991351629059864
00-0035229,2024_16_MIN_SEA,2024,16,0.0,0.31852579948439735,3,2023,0.2963933684751954,0.32989570265703
00-0035249,2024_16_MIN_SEA,2024,16,0.0,0.08639355640547897,3,2023,0.1206128171102081,0.1159168728890819
00-0035631,2024_16_CLE_CIN,2024,16,0.0,0.08999527823836934,3,2023,0.1185548158584596,0.1255498218533614
00-0035644,2024_16_MIN_SEA,2024,16,0.0,0.21118612148042515,3,2023,0.2396964459946794,0.1985172583391664
00-0035689,2024_16_NE_BUF,2024,16,0.0,0.13787539289979167,3,2023,0.1579153992604309,0.1655911673308024
00-0036040,2024_16_NO_GB,2024,16,0.0,0.26219822571881757,3,2023,0.258063968687846,0.2722685150546857
00-0036244,2024_16_LA_NYJ,2024,16,0.0,0.1665248093337884,3,2023,0.1884734738413435,0.1803073530937763
00-0036290,2024_16_DET_CHI,2024,16,1.0,0.2507284016593644,3,2023,0.2419371353370524,0.2715123714889252
00-0036422,2024_16_DEN_LAC,2024,16,0.0,0.08887590929839664,3,2023,0.1245579297832104,0.1154804573002673
00-0036429,2024_16_NYG_ATL,2024,16,0.0,0.09207628643565702,3,2023,0.1074812151900891,0.1441552655079012
00-0036590,2024_16_NE_BUF,2024,16,0.0,0.0028079276531021574,3,2023,0.0474191975106657,0.0519266474937913
00-0036628,2024_16_PHI_WAS,2024,16,0.0,0.06074580694940493,3,2023,0.095547932239556,0.0997195175964762
00-0036637,2024_16_HOU_KC,2024,16,0.0,0.17742791304709254,3,2023,0.2133200984717392,0.1684717835825632
00-0036887,2024_16_JAX_LV,2024,16,0.0,0.09375967967007878,3,2023,0.1031731604507146,0.1530718540735906
00-0036894,2024_16_PIT_BAL,2024,16,0.0,0.32984637703522135,3,2023,0.3100223269294954,0.333660386346817
00-0036970,2024_16_NYG_ATL,2024,16,0.0,0.26637600462998545,3,2023,0.26107274440109,0.2763238170590208
00-0037004,2024_16_LA_NYJ,2024,16,0.0,0.006311321891546068,3,2023,0.0490505163349805,0.0565037680528461
00-0037005,2024_16_ARI_CAR,2024,16,0.0,0.13955851901916314,3,2023,0.1458849100333503,0.1846947079772397
00-0037292,2024_16_TEN_IND,2024,16,0.0,0.09201659798181822,3,2023,0.1170440288532679,0.1314253182035924
00-0037475,2024_16_DEN_LAC,2024,16,0.0,0.2676925071026328,3,2023,0.2599596586299337,0.28032088300143
00-0037539,2024_16_DEN_LAC,2024,16,0.0,0.15557756407748846,3,2023,0.1744743511320449,0.1777480714414876
00-0037654,2024_16_DEN_LAC,2024,16,0.0,0.09457720836562156,3,2023,0.1172855881226859,0.136024957924976
00-0037744,2024_16_ARI_CAR,2024,16,0.0,0.3739070515312574,3,2023,0.3254111930411873,0.3979891036087335
00-0037805,2024_16_LA_NYJ,2024,16,0.0,0.07990944659947605,3,2023,0.1074203673073866,0.1208660157430744
00-0037809,2024_16_TEN_IND,2024,16,0.0,0.19428011878099238,3,2023,0.2032304640677809,0.2141510292174776
00-0037838,2024_16_PIT_BAL,2024,16,1.0,0.347939789618533,3,2023,0.3191181758040141,0.3564141234583078
00-0038041,2024_16_TB_DAL,2024,16,0.0,0.3617496845236104,3,2023,0.3205145019367183,0.3810975117216251
00-0038115,2024_16_NYG_ATL,2024,16,0.0,0.1159171536313306,3,2023,0.1420584711405239,0.1443332860074308
00-0038547,2024_16_TB_DAL,2024,16,0.0,0.2384464048281938,3,2023,0.246052703003932,0.2424923899471361
00-0038720,2024_16_SF_MIA,2024,16,0.0,-0.0034811237660263283,3,2023,0.0441372581493512,0.044176466433747
00-0038783,2024_16_DEN_LAC,2024,16,0.0,0.07940800430335374,3,2023,0.1175726503265616,0.106509937230733
00-0038920,2024_16_JAX_LV,2024,16,0.0,-0.008833383439350508,3,2023,0.0412946140255353,0.0376461130039349
00-0038933,2024_16_NE_BUF,2024,16,0.0,0.3706585049339911,3,2023,0.3686937404515356,0.3346509386739714
00-0038935,2024_16_JAX_LV,2024,16,0.0,0.21077863046941114,3,2023,0.2092400657040301,0.2379127413617379
00-0038996,2024_16_NO_GB,2024,16,0.0,0.3861910089256045,3,2023,0.3735110116569279,0.3581301134093043
00-0039041,2024_16_ARI_CAR,2024,16,0.0,0.11702622355204184,3,2023,0.1189223995037063,0.176984732077395
00-0039050,2024_16_TB_DAL,2024,16,0.0,0.09129271290172589,3,2023,0.1141220280046977,0.1338896269001276
00-0039065,2024_16_DET_CHI,2024,16,1.0,0.407394877893457,3,2023,0.3813102241231071,0.3885688034185505
00-0039066,2024_16_JAX_LV,2024,16,0.0,0.1310001092601983,3,2023,0.1441125925570576,0.170594146181445
00-0039144,2024_16_NO_GB,2024,16,0.0,0.08501185095694619,3,2023,0.1157002428921457,0.1197436417220571
00-0039338,2024_16_JAX_LV,2024,16,0.0,0.36906011767931124,3,2023,0.3474601153289896,0.3595923076496501
00-0039530,2024_16_TB_DAL,2024,16,0.0,0.00622836683877942,3,2023,0.0565019634016749,0.0465144542062976
00-0039793,2024_16_MIN_SEA,2024,16,1.0,0.06022939739359086,3,2023,0.1080846794826508,0.0821890963090086
00-0030061,2024_17_ATL_WAS,2024,17,2.0,0.33222944552272493,3,2023,0.3252406243596865,0.3181616412291913
00-0030506,2024_17_KC_PIT,2024,17,1.0,0.42133032140844295,3,2023,0.3782225944733503,0.419408591459621
00-0031484,2024_17_IND_NYG,2024,17,0.0,0.10361128112598628,3,2023,0.1151286422985228,0.156222651080233
00-0032392,2024_17_LAC_NE,2024,17,0.0,0.1464610725287465,3,2023,0.1728783555455831,0.1623429666502306
00-0032394,2024_17_TEN_JAX,2024,17,1.0,0.12574037005552716,3,2023,0.1242255906251218,0.186726483999036
00-0033090,2024_17_LAC_NE,2024,17,0.0,0.2737640227488404,3,2023,0.2844043109670403,0.2597352991167033
00-0033217,2024_17_IND_NYG,2024,17,0.0,0.12334594416625894,3,2023,0.1293332472321672,0.1753893379398192
00-0033246,2024_17_GB_MIN,2024,17,0.0,0.11205892198646167,3,2023,0.1264174287272986,0.1575562906633335
00-0033288,2024_17_DET_SF,2024,17,0.0,0.33885922967503945,3,2023,0.3043609932805683,0.3584403226816265
00-0033439,2024_17_SEA_CHI,2024,17,0.0,0.12753329982336403,3,2023,0.1341683749940557,0.1770537039132346
00-0033576,2024_17_DET_SF,2024,17,0.0,0.007605605963238879,3,2023,0.0558190099379825,0.0500607481998467
00-0033858,2024_17_MIA_CLE,2024,17,1.0,0.27122396912449526,3,2023,0.290925757395073,0.2462533608874837
00-0033895,2024_17_SEA_CHI,2024,17,0.0,0.08937801218983493,3,2023,0.1086462495128895,0.1374356235594135
00-0034159,2024_17_LAC_NE,2024,17,0.0,0.23983932680112086,3,2023,0.2485346100044709,0.2418937108111323
00-0034270,2024_17_NYJ_BUF,2024,17,1.0,0.17296181694198803,3,2023,0.2034488979390862,0.1729156319334068
00-0034364,2024_17_MIA_CLE,2024,17,0.0,0.09709771312374005,3,2023,0.1283976828058758,0.1262071126201749
00-0034383,2024_17_BAL_HOU,2024,17,0.0,0.2816199188561321,3,2023,0.2803183280165706,0.2802147965365449
00-0034753,2024_17_BAL_HOU,2024,17,1.0,0.42479450746808817,3,2023,0.4041678435209445,0.3918353728642965
00-0034829,2024_17_DEN_CIN,2024,17,0.0,0.3365390181918426,3,2023,0.3152572970292983,0.3396093188540762
00-0034981,2024_17_LV_NO,2024,17,1.0,0.08673284711045878,3,2023,0.1104480566089549,0.1299779582364532
00-0035229,2024_17_GB_MIN,2024,17,0.0,0.32822481251743074,3,2023,0.2831856169413925,0.3659488484819244
00-0035631,2024_17_DEN_CIN,2024,17,0.0,0.11403257778000925,3,2023,0.137928291708877,0.1461620257163067
00-0035644,2024_17_SEA_CHI,2024,17,0.0,0.2696726039912779,3,2023,0.2700978044071909,0.2707498836128312
00-0035689,2024_17_NYJ_BUF,2024,17,0.0,0.11734403430248677,3,2023,0.1420817289099629,0.1470432926958271
00-0036040,2024_17_LV_NO,2024,17,0.0,0.30165241203260457,3,2023,0.2895966341715674,0.3064523343804843
00-0036244,2024_17_ARI_LA,2024,17,0.0,0.1814187904615169,3,2023,0.1925021410563603,0.2036004111402464
00-0036290,2024_17_SEA_CHI,2024,17,0.0,0.12849087028096687,3,2023,0.1724182614757727,0.1284335656253633
00-0036422,2024_17_DEN_CIN,2024,17,0.0,0.09994337128210906,3,2023,0.1385492875928237,0.1182808893387153
00-0036429,2024_17_ATL_WAS,2024,17,0.0,0.08776260321510254,3,2023,0.1130715599463595,0.1284949319514466
00-0036590,2024_17_NYJ_BUF,2024,17,0.0,0.1105881313757843,3,2023,0.1213879121321657,0.1613662195420729
00-0036628,2024_17_ATL_WAS,2024,17,0.0,0.10799249091975283,3,2023,0.1307669042123719,0.1440078274533356
00-0036637,2024_17_KC_PIT,2024,17,0.0,0.14642634373573196,3,2023,0.1796856398393021,0.1532960656378973
00-0036876,2024_17_IND_NYG,2024,17,0.0,0.12053112323899615,3,2023,0.1344360462827681,0.1632511240447585
00-0036894,2024_17_KC_PIT,2024,17,0.0,0.29998762997732475,3,2023,0.2760678923075911,0.3211018637049268
00-0036970,2024_17_ATL_WAS,2024,17,1.0,0.2510039389074827,3,2023,0.2537495313055107,0.256458653094767
00-0037004,2024_17_ARI_LA,2024,17,0.0,0.008620806300380535,3,2023,0.0502414958357237,0.0593685774551018
00-0037086,2024_17_DAL_PHI,2024,17,0.0,0.12677119989312596,3,2023,0.1522794392920733,0.1516977111672817
00-0037475,2024_17_LAC_NE,2024,17,0.0,0.23410623211341547,3,2023,0.2315871917973039,0.2532389385325632
00-0037539,2024_17_DEN_CIN,2024,17,0.0,0.16968084141735876,3,2023,0.1779494978787311,0.2002525874201584
00-0037654,2024_17_LAC_NE,2024,17,0.0,0.1020880089101723,3,2023,0.1178116194389274,0.1497574243795068
00-0037744,2024_17_ARI_LA,2024,17,1.0,0.41839363167869564,3,2023,0.4022631773594438,0.3820535004884606
00-0037805,2024_17_NYJ_BUF,2024,17,0.0,-0.01294373721966914,3,2023,0.0390287824436078,0.0327402234257325
00-0037809,2024_17_TEN_JAX,2024,17,0.0,0.181232809023156,3,2023,0.2009060089090513,0.1921567716834076
00-0037838,2024_17_BAL_HOU,2024,17,1.0,0.3357803596440692,3,2023,0.3351611199048506,0.3118949221817992
00-0038041,2024_17_DAL_PHI,2024,17,0.0,0.2782548603871156,3,2023,0.2699169665678143,0.2874728589302511
00-0038115,2024_17_IND_NYG,2024,17,0.0,0.017345465888100584,3,2023,0.0521834537437193,0.0735646741620707
00-0038558,2024_17_KC_PIT,2024,17,0.0,0.10141214706813442,3,2023,0.1134718903586607,0.1541842464702061
00-0038589,2024_17_TEN_JAX,2024,17,0.0,0.08279797192032626,3,2023,0.1079027080050746,0.1257778599932301
00-0038710,2024_17_MIA_CLE,2024,17,0.0,0.10410808472318142,3,2023,0.1224797833234871,0.1474792357725685
00-0038720,2024_17_MIA_CLE,2024,17,0.0,0.019632779771055958,3,2023,0.0639381924776003,0.0624511477858863
00-0038783,2024_17_DEN_CIN,2024,17,0.0,0.10353908401414533,3,2023,0.1326058499142242,0.1330279789020796
00-0038933,2024_17_NYJ_BUF,2024,17,0.0,0.36239821955583346,3,2023,0.3557919604992547,0.3358050303342023
00-0038935,2024_17_TEN_JAX,2024,17,0.0,0.1696516366776534,3,2023,0.1951798751943438,0.1774661125400045
00-0038996,2024_17_GB_MIN,2024,17,0.0,0.3369299130925661,3,2023,0.3213957319551563,0.3322622853991323
00-0039041,2024_17_ARI_LA,2024,17,0.0,0.05809213855753095,3,2023,0.0966225471618233,0.0932048341919718
00-0039050,2024_17_CAR_TB,2024,17,1.0,0.12185179526757206,3,2023,0.1494678096242545,0.1459578519194776
00-0039065,2024_17_DET_SF,2024,17,1.0,0.3731932374425821,3,2023,0.3641358269038944,0.3455323562489272
00-0039066,2024_17_LV_NO,2024,17,0.0,0.12108227818704057,3,2023,0.1459343064001735,0.1491412089902828
00-0039074,2024_17_ARI_LA,2024,17,0.0,0.11293477811150343,3,2023,0.1269800399539399,0.1584963969598934
00-0039144,2024_17_GB_MIN,2024,17,0.0,0.07370776660469713,3,2023,0.1024454682704846,0.1155170126840427
00-0039338,2024_17_LV_NO,2024,17,0.0,0.3651180630856294,3,2023,0.3248964531542172,0.381786655437541
00-0039356,2024_17_CAR_TB,2024,17,0.0,0.13436875607390644,3,2023,0.1578055353827229,0.1590007093643374
00-0039359,2024_17_BAL_HOU,2024,17,0.0,0.054736568435804614,3,2023,0.1093446839818251,0.0699765139278286
00-0030061,2024_18_WAS_DAL,2024,18,1.0,0.3317722795988242,3,2023,0.3334762499383006,0.3064190686216955
00-0031484,2024_18_NYG_PHI,2024,18,0.0,0.07595455477968552,3,2023,0.1016762933151638,0.1208472412343221
00-0032392,2024_18_BUF_NE,2024,18,0.0,0.11063847862660581,3,2023,0.1363018358177747,0.1417884190568468
00-0032394,2024_18_HOU_TEN,2024,18,0.0,0.1084237114377907,3,2023,0.1180855315441046,0.1615654118706404
00-0033217,2024_18_JAX_IND,2024,18,0.0,0.12449760773854279,3,2023,0.1364842162680909,0.1681678159696443
00-0033288,2024_18_SF_ARI,2024,18,0.0,0.40340111161186193,3,2023,0.346951453460978,0.4262239779914072
00-0033576,2024_18_SF_ARI,2024,18,0.0,0.10274567291680883,3,2023,0.1179960472329316,0.1507773380687657
00-0033858,2024_18_MIA_NYJ,2024,18,1.0,0.29559328121785056,3,2023,0.296072441292912,0.2862713179903288
00-0033895,2024_18_CHI_GB,2024,18,0.0,-0.017064580952432587,3,2023,0.0256761544279603,0.0424399295209373
00-0034159,2024_18_LAC_LV,2024,18,1.0,0.28156752141004543,3,2023,0.2610848823332152,0.3054869890563609
00-0034270,2024_18_MIA_NYJ,2024,18,1.0,0.2661884320344363,3,2023,0.2538851260773383,0.2854454696384675
00-0034351,2024_18_NYG_PHI,2024,18,0.0,0.33483752027313957,3,2023,0.3172904999216099,0.3336589488888998
00-0034364,2024_18_CLE_BAL,2024,18,1.0,0.0943665102190801,3,2023,0.1134837076722422,0.1406357136172104
00-0034383,2024_18_HOU_TEN,2024,18,0.0,0.25046821512654843,3,2023,0.2492918819636598,0.2613102069514904
00-0034613,2024_18_CIN_PIT,2024,18,0.0,0.21891478109369672,3,2023,0.2346005138197755,0.2200846944889405
00-0034753,2024_18_CLE_BAL,2024,18,1.0,0.34060902817026584,3,2023,0.345418068783545,0.3076386059884416
00-0034798,2024_18_MIA_NYJ,2024,18,0.0,0.07779566979557026,3,2023,0.1104076939600249,0.1128650752597211
00-0034829,2024_18_CIN_PIT,2024,18,0.0,0.3212888146660727,3,2023,0.2929279221222817,0.3397744084506053
00-0034981,2024_18_NO_TB,2024,18,0.0,0.0881010272355946,3,2023,0.1306193565856853,0.1059958411261288
00-0035229,2024_18_MIN_DET,2024,18,0.0,0.3300810784466868,3,2023,0.3172982185584365,0.3245128062020426
00-0035249,2024_18_MIN_DET,2024,18,0.0,0.11019935067963457,3,2023,0.1477517650133242,0.1258401713486164
00-0035631,2024_18_CIN_PIT,2024,18,0.0,0.08711363052999319,3,2023,0.107608803948223,0.1344549029391781
00-0035644,2024_18_SEA_LA,2024,18,1.0,0.27873665344538345,3,2023,0.2662672786340591,0.293212947733966
00-0036040,2024_18_NO_TB,2024,18,0.0,0.292372019022539,3,2023,0.3007774200763516,0.2738772359477254
00-0036244,2024_18_SEA_LA,2024,18,0.0,0.1422308521363861,3,2023,0.1521146521839986,0.1816093059324039
00-0036290,2024_18_CHI_GB,2024,18,0.0,0.193636526795887,3,2023,0.2046786931615331,0.2110043372189907
00-0036429,2024_18_CAR_ATL,2024,18,0.0,0.005480805840571368,3,2023,0.0393053601554946,0.0677643973973371
00-0036590,2024_18_BUF_NE,2024,18,0.0,0.12061791028848887,3,2023,0.124202124381504,0.1769184496739642
00-0036628,2024_18_WAS_DAL,2024,18,0.0,0.11542083006288195,3,2023,0.1332529965593093,0.15499618572846
00-0036637,2024_18_KC_DEN,2024,18,0.0,0.11229049134766553,3,2023,0.1465239999998466,0.131476412905665
00-0036754,2024_18_MIN_DET,2024,18,0.0,0.014834333029260252,3,2023,0.0642959643645666,0.0527625323528488
00-0036876,2024_18_JAX_IND,2024,18,0.0,0.14327262067595373,3,2023,0.1673192810624268,0.163552283610334
00-0036887,2024_18_JAX_IND,2024,18,0.0,0.09624772716001692,3,2023,0.1023534567679098,0.1589321403912625
00-0036894,2024_18_CIN_PIT,2024,18,1.0,0.31100382250343395,3,2023,0.313655424162891,0.2926756565229491
00-0036970,2024_18_CAR_ATL,2024,18,0.0,0.27796562693987104,3,2023,0.2751009060791456,0.2800786394396631
00-0037005,2024_18_CAR_ATL,2024,18,1.0,0.15023747166895993,3,2023,0.150354753526196,0.1993097268458258
00-0037086,2024_18_NYG_PHI,2024,18,0.0,0.1457890429338129,3,2023,0.1616198313722029,0.1759044505264607
00-0037292,2024_18_JAX_IND,2024,18,0.0,0.10102584585703347,3,2023,0.1223355435898145,0.1417492911424465
00-0037744,2024_18_SF_ARI,2024,18,1.0,0.36028970049707804,3,2023,0.331692120912422,0.3635476821048103
00-0037805,2024_18_MIA_NYJ,2024,18,0.0,0.07792037777455824,3,2023,0.1079391348051469,0.1163611414437535
00-0037838,2024_18_CLE_BAL,2024,18,0.0,0.3268361336213312,3,2023,0.3356812801877994,0.2940290563651893
00-0038041,2024_18_WAS_DAL,2024,18,0.0,0.372605168489033,3,2023,0.3582588372352406,0.352155767038098
00-0038115,2024_18_NYG_PHI,2024,18,0.0,0.11210674021456074,3,2023,0.1303445151297169,0.1524675103543456
00-0038547,2024_18_WAS_DAL,2024,18,0.0,0.2215765312641791,3,2023,0.2417908176795721,0.2157117885099853
00-0038589,2024_18_HOU_TEN,2024,18,0.0,0.06789545125859245,3,2023,0.1064331486963316,0.0990924146445545
00-0038710,2024_18_CLE_BAL,2024,18,0.0,0.07560624190749402,3,2023,0.1105289997339847,0.1084996932816856
00-0038720,2024_18_MIA_NYJ,2024,18,0.0,0.11015449538945657,3,2023,0.1280830998017539,0.1517009937713537
00-0038783,2024_18_KC_DEN,2024,18,0.0,0.07746855455279722,3,2023,0.1260208909537856,0.0916397777127845
00-0038935,2024_18_JAX_IND,2024,18,0.0,0.17516349498656308,3,2023,0.1883025054157763,0.1971256954297437
00-0038996,2024_18_CHI_GB,2024,18,0.0,0.3633370868502165,3,2023,0.3240895676453491,0.3794302825773883
00-0039050,2024_18_NO_TB,2024,18,1.0,0.11958567688392804,3,2023,0.1393509143182095,0.1549514403396818
00-0039065,2024_18_MIN_DET,2024,18,0.0,0.43478296900180474,3,2023,0.4162779399331594,0.3950450764476891
00-0039066,2024_18_LAC_LV,2024,18,0.0,0.1350310323973548,3,2023,0.1480874404563001,0.1730929280719152
00-0039144,2024_18_CHI_GB,2024,18,0.0,0.0863948326934563,3,2023,0.1068752629589721,0.1340419583596224
00-0039338,2024_18_LAC_LV,2024,18,1.0,0.3645422646545149,3,2023,0.3356972191757568,0.3664322757348598
00-0039356,2024_18_CAR_ATL,2024,18,0.0,0.13964208448148957,3,2023,0.1440045514173402,0.1873357930567244
00-0039359,2024_18_HOU_TEN,2024,18,0.0,0.09938826467806156,3,2023,0.1184609842588615,0.1437152321297992
00-0039793,2024_18_SEA_LA,2024,18,1.0,0.07127469360743163,3,2023,0.1152233960419167,0.0939869839047939
00-0030061,2024_19_WAS_TB,2024,19,0.0,0.4244014981262991,3,2023,0.3910253150336973,0.4084181720386562
00-0033110,2024_19_MIN_LA,2024,19,0.0,0.1890266041475349,3,2023,0.1914929960727696,0.219544426540389
00-0033246,2024_19_MIN_LA,2024,19,0.0,0.11906170843526931,3,2023,0.1394667690068252,0.1537921892839138
00-0034159,2024_19_LAC_HOU,2024,19,0.0,0.29220263533217083,3,2023,0.2998999607554274,0.2747094390443683
00-0034351,2024_19_GB_PHI,2024,19,1.0,0.363606208201379,3,2023,0.3280716881154673,0.3746939702334638
00-0034383,2024_19_LAC_HOU,2024,19,0.0,0.2923222399815414,3,2023,0.2977155135352642,0.277820901429585
00-0034753,2024_19_PIT_BAL,2024,19,0.0,0.45499473828146036,3,2023,0.4656105657292717,0.368787147965711
00-0035229,2024_19_MIN_LA,2024,19,1.0,0.3476135919197717,3,2023,0.3274878629784882,0.3447462541758816
00-0035249,2024_19_MIN_LA,2024,19,0.0,0.09016237931089374,3,2023,0.1129665821562384,0.133242801398272
00-0035689,2024_19_DEN_BUF,2024,19,0.0,0.10487007130958753,3,2023,0.1334183372791507,0.1345126431891307
00-0036244,2024_19_MIN_LA,2024,19,0.0,0.11178026828567089,3,2023,0.1352959702227085,0.1453084591923896
00-0036422,2024_19_DEN_BUF,2024,19,0.0,0.0462201812285281,3,2023,0.0849823169497534,0.0857575470308385
00-0036628,2024_19_WAS_TB,2024,19,0.0,0.09285320443173839,3,2023,0.1181564571063373,0.1315647147573505
00-0036894,2024_19_PIT_BAL,2024,19,0.0,0.34633245782482347,3,2023,0.3123437474459208,0.3622636844322522
00-0037004,2024_19_MIN_LA,2024,19,0.0,0.06894583431748252,3,2023,0.1044254202018476,0.103758546452971
00-0037086,2024_19_GB_PHI,2024,19,0.0,0.07951377318905611,3,2023,0.1038534957644325,0.1248114545902416
00-0037539,2024_19_DEN_BUF,2024,19,0.0,0.10944493085533194,3,2023,0.1265554544737124,0.1523533695892978
00-0037654,2024_19_LAC_HOU,2024,19,0.0,0.08866815318710597,3,2023,0.1101133498852673,0.1341367537811728
00-0037838,2024_19_PIT_BAL,2024,19,0.0,0.35952005711939405,3,2023,0.3570426669177987,0.3286268482567436
00-0038129,2024_19_WAS_TB,2024,19,0.0,0.4686414341301514,3,2023,0.4510601347483428,0.4141940938379076
00-0038558,2024_19_PIT_BAL,2024,19,0.0,0.059254241056861,3,2023,0.0936073806563418,0.0994145677745892
00-0038933,2024_19_DEN_BUF,2024,19,0.0,0.32880433646856977,3,2023,0.3161444310699322,0.3235825783184948
00-0038996,2024_19_GB_PHI,2024,19,0.0,0.43434200607208484,3,2023,0.3946599982531644,0.4227165660540952
00-0039074,2024_19_MIN_LA,2024,19,1.0,0.09304436869590893,3,2023,0.1167462504983176,0.1337922444627929
00-0039359,2024_19_LAC_HOU,2024,19,0.0,0.08561534454458694,3,2023,0.1224471626154389,0.1120022428197572
00-0030061,2024_20_WAS_DET,2024,20,1.0,0.31329901543658867,3,2023,0.3210557572072782,0.2873216125306338
00-0030506,2024_20_HOU_KC,2024,20,1.0,0.4040706336605295,3,2023,0.4031516412804214,0.3533704629809702
00-0033110,2024_20_LA_PHI,2024,20,1.0,0.20917150898333636,3,2023,0.2189703861618221,0.221989578454881
00-0034351,2024_20_LA_PHI,2024,20,0.0,0.46988600778956185,3,2023,0.4376835258894846,0.4342310887514958
00-0034383,2024_20_HOU_KC,2024,20,0.0,0.30291169540047763,3,2023,0.2652808684707989,0.3409485606316751
00-0034753,2024_20_BAL_BUF,2024,20,0.0,0.37656592423937346,3,2023,0.3827319576440896,0.327478374980345
00-0035689,2024_20_BAL_BUF,2024,20,0.0,0.13370103209344053,3,2023,0.147803389970295,0.1709130436000251
00-0036244,2024_20_LA_PHI,2024,20,1.0,0.10769630535725341,3,2023,0.1310644041755123,0.1430464644122968
00-0036628,2024_20_WAS_DET,2024,20,0.0,0.08754867947929731,3,2023,0.1241858827457109,0.1134219796390576
00-0036637,2024_20_HOU_KC,2024,20,0.0,0.10731830402633463,3,2023,0.1450220605460459,0.1239074226772378
00-0037838,2024_20_BAL_BUF,2024,20,1.0,0.37790099485791934,3,2023,0.3695620950468917,0.3474164519361524
00-0038046,2024_20_BAL_BUF,2024,20,0.0,0.009503073487464986,3,2023,0.0515599995627326,0.0593238215516295
00-0038933,2024_20_BAL_BUF,2024,20,0.0,0.37170965430990327,3,2023,0.3960030548725353,0.300643387128382
00-0039065,2024_20_WAS_DET,2024,20,1.0,0.5266708948423153,3,2023,0.5355055811769305,0.4142537242972124
00-0030061,2024_21_WAS_PHI,2024,21,0.0,0.2966787902178565,3,2023,0.2973418602444654,0.286681692673612
00-0030506,2024_21_BUF_KC,2024,21,0.0,0.4735016218631339,3,2023,0.4609500398376496,0.4104825238962305
00-0034351,2024_21_WAS_PHI,2024,21,0.0,0.42296818421853344,3,2023,0.3824394633789066,0.4169916153152649
00-0035689,2024_21_BUF_KC,2024,21,0.0,0.12805669274083714,3,2023,0.137121952731949,0.1741626425053982
00-0036628,2024_21_WAS_PHI,2024,21,0.0,0.05224487403344619,3,2023,0.0895712658173406,0.0912757479708853
00-0038933,2024_21_BUF_KC,2024,21,0.0,0.3423642330904819,3,2023,0.32513890705023,0.3377622727165205
00-0039912,2024_21_WAS_PHI,2024,21,0.0,0.05862030607760782,3,2023,0.0882463528150038,0.1052692223396582
00-0030506,2024_22_KC_PHI,2024,22,0.0,0.4425771494977159,3,2023,0.434158918980714,0.3864271329143275
00-0034351,2024_22_KC_PHI,2024,22,0.0,0.4126342072524597,3,2023,0.3710573086311953,0.4121579577477545
00-0036637,2024_22_KC_PHI,2024,22,0.0,0.12206834932199734,3,2023,0.1585192869404661,0.1344330557079363
00-0030061,2025_02_WAS_GB,2025,2,1.0,0.2239430739165193,4,2024,0.2259389146143599,0.2495610662167063
00-0030506,2025_02_PHI_KC,2025,2,0.0,0.19928301507766955,4,2024,0.2443610035601295,0.1615451922100858
00-0033090,2025_02_NE_MIA,2025,2,0.0,0.3705100315079764,4,2024,0.3360821680817973,0.3964257230783732
00-0033110,2025_02_LA_TEN,2025,2,0.0,0.1310734933238261,4,2024,0.1392788977201242,0.1854023624552242
00-0033217,2025_02_DEN_IND,2025,2,0.0,0.07806881750345174,4,2024,0.1092581438898767,0.1154817304882751
00-0033858,2025_02_SEA_PIT,2025,2,0.0,0.17257097028245066,4,2024,0.201393901644392,0.1739975445322454
00-0033881,2025_02_DEN_IND,2025,2,0.0,0.06366042544785305,4,2024,0.1060928640261301,0.0879175032362093
00-0033885,2025_02_CLE_BAL,2025,2,0.0,0.3524805838135897,4,2024,0.3067830252387469,0.4053414449111372
00-0034159,2025_02_LAC_LV,2025,2,0.0,0.10790607483977521,4,2024,0.1293321210752144,0.1494025628579389
00-0034383,2025_02_TB_HOU,2025,2,0.0,0.11187584541268333,4,2024,0.1657566027157956,0.0960920660527839
00-0034753,2025_02_CLE_BAL,2025,2,0.0,0.12192011565325647,4,2024,0.1524401453380388,0.1418999675213957
00-0035229,2025_02_ATL_MIN,2025,2,0.0,0.18360905715033304,4,2024,0.1956371366314226,0.2091301592240932
00-0035631,2025_02_JAX_CIN,2025,2,0.0,0.08658012672033039,4,2024,0.1163696047622952,0.1227849144500433
00-0035644,2025_02_JAX_CIN,2025,2,0.0,0.1576493827566725,4,2024,0.1848240193573073,0.1682218795584894
00-0035689,2025_02_BUF_NYJ,2025,2,0.0,0.13803975395211995,4,2024,0.1727929228793283,0.1439379665105568
00-0036040,2025_02_SF_NO,2025,2,1.0,0.2106893670731061,4,2024,0.1973494003578575,0.2681947373498303
00-0036290,2025_02_CHI_DET,2025,2,0.0,0.16813569510495582,4,2024,0.1970402753235977,0.1713016063796044
00-0036422,2025_02_DEN_IND,2025,2,1.0,0.08401922587895502,4,2024,0.111822589202069,0.1247114787417782
00-0036637,2025_02_PHI_KC,2025,2,0.0,0.06202595164863561,4,2024,0.099982820927425,0.094642664984145
00-0036887,2025_02_SF_NO,2025,2,1.0,0.0642934048706035,4,2024,0.0895384764539218,0.1177260358882518
00-0036894,2025_02_SEA_PIT,2025,2,0.0,0.08593271939346983,4,2024,0.1287943075529479,0.1000179292834069
00-0036970,2025_02_ATL_MIN,2025,2,0.0,0.2293245673083783,4,2024,0.234652549712,0.2469541356560878
00-0037005,2025_02_CAR_ARI,2025,2,0.0,0.032777567326009394,4,2024,0.0612536234468816,0.0940283323189357
00-0037112,2025_02_SF_NO,2025,2,0.0,0.05256572443621302,4,2024,0.0861595249956586,0.0966650914603444
00-0037292,2025_02_DEN_IND,2025,2,0.0,-0.02427163329533315,4,2024,0.0277535311996522,0.0208086030672313
00-0037744,2025_02_CAR_ARI,2025,2,0.0,0.31530434111134026,4,2024,0.3068174247495301,0.3201709474273207
00-0037805,2025_02_BUF_NYJ,2025,2,1.0,0.08474104320251494,4,2024,0.0973745099623469,0.1511150726649257
00-0037809,2025_02_LA_TEN,2025,2,0.0,0.07569951295296543,4,2024,0.1067620388707244,0.114333514045339
00-0038041,2025_02_NYG_DAL,2025,2,0.0,0.20542806787427742,4,2024,0.2230941042566533,0.2120461287093961
00-0038129,2025_02_TB_HOU,2025,2,0.0,0.08892751004832619,4,2024,0.1168601797786373,0.1273186254216705
00-0038933,2025_02_BUF_NYJ,2025,2,0.0,0.20031814341555593,4,2024,0.2382777888162418,0.1743362012608128
00-0038935,2025_02_JAX_CIN,2025,2,0.0,0.37788474846436465,4,2024,0.3587822644560049,0.3744218329736158
00-0038996,2025_02_WAS_GB,2025,2,1.0,0.2251452918259098,4,2024,0.2530377529854477,0.2058903089340486
00-0039065,2025_02_CHI_DET,2025,2,0.0,0.44476792014898775,4,2024,0.3895025839960804,0.4749175682698492
00-0039066,2025_02_LAC_LV,2025,2,0.0,0.13691668086551498,4,2024,0.1555796789137896,0.1708548688535257
00-0039074,2025_02_LA_TEN,2025,2,1.0,0.09212666307666684,4,2024,0.1255383126476838,0.1197762475463739
00-0039144,2025_02_WAS_GB,2025,2,0.0,0.04478193415281316,4,2024,0.0878827798639129,0.0758927093587486
00-0039338,2025_02_LAC_LV,2025,2,0.0,0.17848659530267566,4,2024,0.2081618741750208,0.1759465809139449
00-0039356,2025_02_CAR_ARI,2025,2,0.0,0.11146051876777827,4,2024,0.1158360252403493,0.1806603468520979
00-0039793,2025_02_SEA_PIT,2025,2,1.0,0.0765336700518123,4,2024,0.1157195858366621,0.1008980314742576
00-0039847,2025_02_NYG_DAL,2025,2,0.0,0.06284412373597559,4,2024,0.0974126053937386,0.1009188403558937
00-0040126,2025_02_CHI_DET,2025,2,0.0,0.030773554869170675,4,2024,0.0677499631841274,0.0783114267234323
00-0040128,2025_02_DEN_IND,2025,2,0.0,0.2932909625271767,4,2024,0.2863889890254335,0.3047693857574356
00-0040584,2025_02_LA_TEN,2025,2,0.0,0.053716469683867035,4,2024,0.0921524720850089,0.0890330755782908
00-0040663,2025_02_CLE_BAL,2025,2,0.0,0.3802928004041681,4,2024,0.3374617249487626,0.4164591430547585
00-0040736,2025_02_BUF_NYJ,2025,2,0.0,0.10420896014135667,4,2024,0.1264900021022897,0.1458072057818795
00-0030061,2025_03_LV_WAS,2025,3,0.0,0.27721035739445876,4,2024,0.314308644114894,0.2201250601239363
00-0030506,2025_03_KC_NYG,2025,3,0.0,0.3699032040440059,4,2024,0.3578290532999479,0.3577817752852946
00-0032392,2025_03_PIT_NE,2025,3,0.0,0.19984388010892817,4,2024,0.2155557072570179,0.2121757043655316
00-0033090,2025_03_PIT_NE,2025,3,2.0,0.2716537643414989,4,2024,0.2751061530756109,0.2745616922528788
00-0033110,2025_03_LA_PHI,2025,3,0.0,0.09775724737337518,4,2024,0.1251033976013842,0.1334120038992998
00-0033246,2025_03_HOU_JAX,2025,3,0.0,0.07891383393115042,4,2024,0.1035746135070498,0.1271527951009632
00-0033576,2025_03_NO_SEA,2025,3,0.0,0.10969848855802994,4,2024,0.1208839048912498,0.1679787997482102
00-0033858,2025_03_PIT_NE,2025,3,0.0,0.2135162163256903,4,2024,0.2177386208256124,0.2397376953534054
00-0033885,2025_03_GB_CLE,2025,3,0.0,0.31340600006110475,4,2024,0.286114034163121,0.351291929068307
00-0034270,2025_03_DEN_LAC,2025,3,0.0,0.0771495523897987,4,2024,0.1077695357240711,0.1159272984327987
00-0034351,2025_03_LA_PHI,2025,3,1.0,0.32002925629099926,4,2024,0.3240274965942311,0.3015055634310333
00-0034383,2025_03_HOU_JAX,2025,3,0.0,0.13734711177192455,4,2024,0.1727734966417195,0.1423855054950376
00-0034753,2025_03_DET_BAL,2025,3,2.0,0.15918947596089478,4,2024,0.1760580767254231,0.1867647503768754
00-0034829,2025_03_CIN_MIN,2025,3,0.0,0.0611128865208148,4,2024,0.0962956094794388,0.0988688629369411
00-0035229,2025_03_CIN_MIN,2025,3,1.0,0.12232797132633946,4,2024,0.1494570677723929,0.147944036961769
00-0035249,2025_03_CIN_MIN,2025,3,1.0,0.0774566856408026,4,2024,0.0967271184308505,0.1355472590033776
00-0035631,2025_03_CIN_MIN,2025,3,1.0,0.038661839041585586,4,2024,0.0889574310427912,0.0600403288709061
00-0035644,2025_03_CIN_MIN,2025,3,0.0,0.09929616401967009,4,2024,0.1408285070900896,0.1099964657853226
00-0036040,2025_03_NO_SEA,2025,3,0.0,0.22794746885202305,4,2024,0.2310606940811653,0.2499546178266379
00-0036290,2025_03_DAL_CHI,2025,3,1.0,0.17386608304943854,4,2024,0.1987055499433899,0.1815680109774577
00-0036422,2025_03_DEN_LAC,2025,3,0.0,-0.0265311044106047,4,2024,0.0318488631644344,0.0086200241351636
00-0036637,2025_03_KC_NYG,2025,3,0.0,0.1592311859042153,4,2024,0.1668833195274274,0.2025775531738788
00-0036876,2025_03_LA_PHI,2025,3,0.0,-0.03225803975628136,4,2024,0.0215441769737415,0.0131617330373583
00-0036894,2025_03_PIT_NE,2025,3,0.0,0.15344308592415198,4,2024,0.1534221646264962,0.2123865899582185
00-0036970,2025_03_ATL_CAR,2025,3,0.0,0.3458973888478622,4,2024,0.3155227873186613,0.3752977092789815
00-0037005,2025_03_ATL_CAR,2025,3,0.0,0.08515814558282284,4,2024,0.0998078174055506,0.1479014816551484
00-0037086,2025_03_LA_PHI,2025,3,0.0,-0.00854306343227184,4,2024,0.0492924208651134,0.0199193538315781
00-0037112,2025_03_ARI_SF,2025,3,0.0,0.2848249393935613,4,2024,0.2765863750595692,0.3021801047777873
00-0037348,2025_03_MIA_BUF,2025,3,0.0,0.12392363703304976,4,2024,0.1474885640319595,0.1549694172488092
00-0037744,2025_03_ARI_SF,2025,3,1.0,0.27079699833653603,4,2024,0.2699233184401663,0.2814789396560034
00-0037809,2025_03_IND_TEN,2025,3,0.0,0.17474008857386092,4,2024,0.1912237459907979,0.1963860727933878
00-0038041,2025_03_DAL_CHI,2025,3,0.0,0.25583305108322385,4,2024,0.2483056595938859,0.2842536613877964
00-0038720,2025_03_MIA_BUF,2025,3,0.0,0.0692728039000549,4,2024,0.0956981917007781,0.1185736773835995
00-0038933,2025_03_MIA_BUF,2025,3,1.0,0.3799208273029817,4,2024,0.3484562044927866,0.3967728599891572
00-0038935,2025_03_HOU_JAX,2025,3,0.0,0.31527635972989293,4,2024,0.2963116173563625,0.3381044255791547
00-0038996,2025_03_GB_CLE,2025,3,0.0,0.4337310692371692,4,2024,0.458610695615436,0.331260348358911
00-0039041,2025_03_ARI_SF,2025,3,0.0,0.10011500594601758,4,2024,0.1209902272468724,0.1458561618838099
00-0039065,2025_03_DET_BAL,2025,3,0.0,0.502864709711905,4,2024,0.4471662811278442,0.5091408912682708
00-0039066,2025_03_LV_WAS,2025,3,0.0,0.11052249011834284,4,2024,0.1384987916977487,0.1396891449293217
00-0039074,2025_03_LA_PHI,2025,3,0.0,0.04598908570560409,4,2024,0.0889646581267492,0.076803001333558
00-0039338,2025_03_LV_WAS,2025,3,0.0,0.415061376845843,4,2024,0.3445838068694823,0.4838577156435672
00-0039356,2025_03_ATL_CAR,2025,3,0.0,0.16195489831914864,4,2024,0.1890047700145789,0.1709168990420624
00-0039737,2025_03_ARI_SF,2025,3,0.0,0.06278194810043479,4,2024,0.0854301202179768,0.1213037362996335
00-0039793,2025_03_NO_SEA,2025,3,0.0,0.1676061040659772,4,2024,0.1974600617445805,0.1693700189740759
00-0039847,2025_03_KC_NYG,2025,3,0.0,0.1408616961155231,4,2024,0.1690323895693037,0.1568407259994331
00-0040126,2025_03_DAL_CHI,2025,3,0.0,0.05076013258866674,4,2024,0.0979972888701646,0.0722520373147973
00-0040128,2025_03_IND_TEN,2025,3,0.0,0.40649640928311703,4,2024,0.4073004222872584,0.3568089405783197
00-0040194,2025_03_MIA_BUF,2025,3,1.0,0.0924812637401475,4,2024,0.1365641832582065,0.1016996117248115
00-0040584,2025_03_IND_TEN,2025,3,0.0,0.07382586941771352,4,2024,0.1051468432026703,0.112810978442928
00-0040663,2025_03_GB_CLE,2025,3,0.0,0.2580634258563054,4,2024,0.2376218866722202,0.3076623104070092
00-0040736,2025_03_NYJ_TB,2025,3,0.0,0.0694991021224436,4,2024,0.1079865308749854,0.0980405652576078
00-0040739,2025_03_NO_SEA,2025,3,0.0,0.07035399389261907,4,2024,0.1034673713550132,0.107739550362517
00-0030061,2025_04_WAS_ATL,2025,4,0.0,0.29369463997544876,4,2024,0.2791792316080302,0.3180446310022551
00-0030506,2025_04_BAL_KC,2025,4,0.0,0.36719695021515014,4,2024,0.3759035590671423,0.3206225524221185
00-0032392,2025_04_CAR_NE,2025,4,0.0,0.1221266177618627,4,2024,0.1647473381325045,0.1212892358155705
00-0033090,2025_04_CAR_NE,2025,4,1.0,0.25508263321255953,4,2024,0.266259558271694,0.2517787564342842
00-0033110,2025_04_IND_LA,2025,4,0.0,0.11080426351109224,4,2024,0.1295838364285489,0.1556064830988657
00-0033246,2025_04_JAX_SF,2025,4,0.0,0.07799454151188032,4,2024,0.1071967482086522,0.118843067325761
00-0033576,2025_04_SEA_ARI,2025,4,0.0,-0.01892630328474177,4,2024,0.0314394802594829,0.0267318280243229
00-0033858,2025_04_MIN_PIT,2025,4,0.0,0.22132857168561815,4,2024,0.2458730665512498,0.209426133161664
00-0033881,2025_04_CIN_DEN,2025,4,0.0,0.09739115802707643,4,2024,0.1369599953967536,0.1122622930634235
00-0033885,2025_04_CLE_DET,2025,4,0.0,0.1789851752212432,4,2024,0.1979048674270502,0.1946593510971793
00-0034270,2025_04_LAC_NYG,2025,4,0.0,0.09819113159272932,4,2024,0.1200324741063664,0.1430923601563725
00-0034351,2025_04_PHI_TB,2025,4,2.0,0.48294347409196553,4,2024,0.4416121350099992,0.4730478947498701
00-0034383,2025_04_TEN_HOU,2025,4,0.0,0.25970517856594966,4,2024,0.2498325121782631,0.2905028819329724
00-0034753,2025_04_BAL_KC,2025,4,0.0,0.355540642812645,4,2024,0.3404181128424692,0.3547267692601009
00-0034829,2025_04_CIN_DEN,2025,4,0.0,0.05587204657239041,4,2024,0.0948741138691881,0.0893056144194186
00-0035229,2025_04_MIN_PIT,2025,4,0.0,0.22688605040344878,4,2024,0.228062193489789,0.2526613413698065
00-0035249,2025_04_MIN_PIT,2025,4,0.0,0.12378171362920198,4,2024,0.126637564417974,0.1903644241516962
00-0035689,2025_04_NO_BUF,2025,4,0.0,0.22247423298264174,4,2024,0.2167234852034636,0.2619852782836263
00-0036040,2025_04_NO_BUF,2025,4,0.0,0.23386226167893792,4,2024,0.2160069386713401,0.2892846348006769
00-0036244,2025_04_IND_LA,2025,4,0.0,0.07662802908554811,4,2024,0.1095889687649035,0.1116164413672191
00-0036290,2025_04_CHI_LV,2025,4,0.0,0.17689369510745306,4,2024,0.1996522225574803,0.1868777001374019
00-0036422,2025_04_CIN_DEN,2025,4,0.0,0.08112688913735092,4,2024,0.1077973591439309,0.1249853784647845
00-0036637,2025_04_BAL_KC,2025,4,0.0,0.14551387314265932,4,2024,0.1527536234551861,0.1953786714719647
00-0036754,2025_04_CLE_DET,2025,4,0.0,0.012660489860743862,4,2024,0.0618013413099904,0.0470338474313128
00-0036876,2025_04_PHI_TB,2025,4,0.0,-0.022605709159101088,4,2024,0.0306464756106001,0.0196666680553103
00-0036887,2025_04_JAX_SF,2025,4,0.0,0.06417417731615714,4,2024,0.1008886197199351,0.0980091014778895
00-0036970,2025_04_WAS_ATL,2025,4,1.0,0.27752408482675267,4,2024,0.2564374353580305,0.3199826997088766
00-0037005,2025_04_CAR_NE,2025,4,1.0,0.10032733608356709,4,2024,0.1274680374979661,0.1352451105018972
00-0037086,2025_04_PHI_TB,2025,4,0.0,0.09736933272756645,4,2024,0.1156079936771129,0.1487905220914304
00-0037112,2025_04_JAX_SF,2025,4,1.0,0.15637609947888734,4,2024,0.1804860773655099,0.172738160380035
00-0037292,2025_04_IND_LA,2025,4,0.0,-0.023462155297715444,4,2024,0.0260449420935734,0.0255888185875681
00-0037348,2025_04_NYJ_MIA,2025,4,0.0,0.0162654025364716,4,2024,0.0568652209655749,0.063743048112736
00-0037654,2025_04_LAC_NYG,2025,4,0.0,0.09477106154118198,4,2024,0.1021792127961177,0.1658469166692489
00-0037744,2025_04_SEA_ARI,2025,4,0.0,0.27758663278693774,4,2024,0.2836836744496665,0.2734502607976185
00-0037805,2025_04_NYJ_MIA,2025,4,0.0,0.08058997578742977,4,2024,0.1036181703709479,0.1309155493479465
00-0037809,2025_04_TEN_HOU,2025,4,0.0,0.2311285698489734,4,2024,0.2256930592202543,0.266432770060147
00-0038041,2025_04_GB_DAL,2025,4,1.0,0.18246352394470844,4,2024,0.2000641419356672,0.1989236471877094
00-0038129,2025_04_PHI_TB,2025,4,0.0,0.08498891516331405,4,2024,0.1199337936074182,0.1130361572542067
00-0038547,2025_04_GB_DAL,2025,4,0.0,0.060607378102659454,4,2024,0.0872637301305234,0.1131840953411898
00-0038558,2025_04_MIN_PIT,2025,4,0.0,0.09252229545346696,4,2024,0.1096430468255075,0.1479122521019706
00-0038720,2025_04_NYJ_MIA,2025,4,0.0,0.07893116819441706,4,2024,0.1215383184965086,0.0964187883837732
00-0038933,2025_04_NO_BUF,2025,4,1.0,0.36303349691382863,4,2024,0.3400115507770303,0.3725774484043275
00-0038935,2025_04_JAX_SF,2025,4,0.0,0.27911069364306845,4,2024,0.2574808568388974,0.3218276044359883
00-0038996,2025_04_GB_DAL,2025,4,0.0,0.3958326214417054,4,2024,0.3915819641767437,0.359322535962789
00-0039041,2025_04_SEA_ARI,2025,4,0.0,0.004735551691131129,4,2024,0.0547067536651543,0.0410442001313258
00-0039065,2025_04_CLE_DET,2025,4,0.0,0.39168091342176675,4,2024,0.3620763647012469,0.400363740247442
00-0039074,2025_04_IND_LA,2025,4,0.0,0.0630110567961943,4,2024,0.1102450855044422,0.079317647259378
00-0039144,2025_04_GB_DAL,2025,4,0.0,0.09358696853571674,4,2024,0.1157509948557183,0.1398861734091215
00-0039338,2025_04_CHI_LV,2025,4,0.0,0.2635553942868976,4,2024,0.2659248170816807,0.2717498053003808
00-0039686,2025_04_WAS_ATL,2025,4,0.0,0.0070797055243037865,4,2024,0.046273784468106,0.060857475287475
00-0039793,2025_04_SEA_ARI,2025,4,1.0,0.10955594321295009,4,2024,0.1440021740701171,0.1280484597814096
00-0039847,2025_04_LAC_NYG,2025,4,1.0,0.12750643145389706,4,2024,0.1424019427822853,0.1718858039103794
00-0040128,2025_04_IND_LA,2025,4,0.0,0.3191158112505955,4,2024,0.352129034433567,0.2512734632939997
00-0040187,2025_04_CAR_NE,2025,4,1.0,0.056849685233210115,4,2024,0.0798746328150674,0.1172394961845964
00-0040194,2025_04_NO_BUF,2025,4,0.0,0.09184573240664395,4,2024,0.1218073995838525,0.1255245242512132
00-0040584,2025_04_TEN_HOU,2025,4,0.0,0.06619250159406946,4,2024,0.088713656862518,0.123486843708284
00-0040663,2025_04_CLE_DET,2025,4,0.0,0.1742292913410858,4,2024,0.1992615305723104,0.181447090203966
00-0040736,2025_04_NYJ_MIA,2025,4,0.0,0.09145668844003357,4,2024,0.1393282307225545,0.0946188410732425
00-0040739,2025_04_SEA_ARI,2025,4,0.0,0.10431037460817547,4,2024,0.1090378835159752,0.1759366760989652
00-0030061,2025_05_WAS_LAC,2025,5,0.0,0.23948411823668514,4,2024,0.2471853187398464,0.24874355270356
00-0030506,2025_05_KC_JAX,2025,5,1.0,0.3494824845451905,4,2024,0.3332943624117637,0.3530609006832767
00-0033090,2025_05_NE_BUF,2025,5,0.0,0.21975635200453186,4,2024,0.2419187349302172,0.2126008623527211
00-0033246,2025_05_KC_JAX,2025,5,0.0,0.07703866826364403,4,2024,0.0986524050144239,0.1312920310698956
00-0033881,2025_05_DEN_PHI,2025,5,1.0,0.09699139117021732,4,2024,0.1308373388495582,0.1218358102488247
00-0033885,2025_05_MIN_CLE,2025,5,1.0,0.2244620904626295,4,2024,0.2324511670353251,0.2395931419745635
00-0034270,2025_05_WAS_LAC,2025,5,0.0,0.0943300356131633,4,2024,0.1332048888235072,0.1116870240304191
00-0034351,2025_05_DEN_PHI,2025,5,1.0,0.4894712134585791,4,2024,0.4314714221827844,0.5053646440173557
00-0034365,2025_05_LV_IND,2025,5,0.0,0.05565936402603405,4,2024,0.0927615486397114,0.0924377410065721
00-0034383,2025_05_HOU_BAL,2025,5,0.0,0.21674710803456732,4,2024,0.2578431264806069,0.1784313405093514
00-0034753,2025_05_HOU_BAL,2025,5,0.0,0.3315046184483548,4,2024,0.3004874446957909,0.3681038963977605
00-0034829,2025_05_DET_CIN,2025,5,0.0,0.06809776046118103,4,2024,0.0876473150799055,0.1296755117779828
00-0035229,2025_05_MIN_CLE,2025,5,0.0,0.28291993731862,4,2024,0.2717629605426836,0.3060817887141006
00-0035249,2025_05_MIN_CLE,2025,5,1.0,0.11184792491795434,4,2024,0.1179088960976873,0.177996234368919
00-0035631,2025_05_DET_CIN,2025,5,0.0,0.0720276465145884,4,2024,0.110042423212057,0.1003074766166099
00-0035689,2025_05_NE_BUF,2025,5,0.0,0.1858589510651212,4,2024,0.1751660102665926,0.2493502482303755
00-0036040,2025_05_NYG_NO,2025,5,0.0,0.2536518735536681,4,2024,0.2617695405466417,0.256195031175275
00-0036232,2025_05_HOU_BAL,2025,5,0.0,0.056987087532340774,4,2024,0.0882765323700094,0.1031607396847226
00-0036244,2025_05_SF_LA,2025,5,0.0,0.10192826121492599,4,2024,0.1224046431655747,0.1475844006970894
00-0036422,2025_05_DEN_PHI,2025,5,0.0,0.03368434694246608,4,2024,0.0861105176619547,0.0535218795347001
00-0036754,2025_05_DET_CIN,2025,5,1.0,0.09682041744615821,4,2024,0.1303080775143866,0.1223510613517247
00-0036876,2025_05_DEN_PHI,2025,5,0.0,-0.018866317449977348,4,2024,0.0354790635614977,0.0199489343955744
00-0036887,2025_05_SF_LA,2025,5,0.0,0.0531713489254485,4,2024,0.0935235805673597,0.0854362208454684
00-0037005,2025_05_MIA_CAR,2025,5,0.0,0.20818025805845525,4,2024,0.2082255656438489,0.2438183639801585
00-0037086,2025_05_DEN_PHI,2025,5,0.0,0.10336695257536799,4,2024,0.1146457820925789,0.1641698860966698
00-0037112,2025_05_SF_LA,2025,5,1.0,0.15736354780635015,4,2024,0.1872469000613646,0.1634168406636085
00-0037348,2025_05_MIA_CAR,2025,5,0.0,0.14344670230915954,4,2024,0.1496349422617563,0.1959886998477755
00-0037744,2025_05_TEN_ARI,2025,5,0.0,0.32292263274391825,4,2024,0.3129733901277617,0.3270665132609839
00-0037805,2025_05_DAL_NYJ,2025,5,0.0,0.07212407769947426,4,2024,0.1041555198818172,0.1106131235626352
00-0037809,2025_05_TEN_ARI,2025,5,0.0,0.19633799401690322,4,2024,0.1839228917725945,0.2583396000956247
00-0038041,2025_05_DAL_NYJ,2025,5,2.0,0.30116971206349735,4,2024,0.2883570776184812,0.3194355136415119
00-0038046,2025_05_HOU_BAL,2025,5,0.0,0.09877231647097892,4,2024,0.1260619410690434,0.1340938261779877
00-0038129,2025_05_TB_SEA,2025,5,0.0,0.14637605955110208,4,2024,0.1750496769816414,0.1591571126690183
00-0038547,2025_05_DAL_NYJ,2025,5,0.0,0.08484897433642602,4,2024,0.1056483680957092,0.1371881929097581
00-0038720,2025_05_MIA_CAR,2025,5,0.0,0.16047800699682402,4,2024,0.1725975933228435,0.1956428903369975
00-0038783,2025_05_DEN_PHI,2025,5,0.0,0.06844278265061739,4,2024,0.109534472454549,0.0929704349173965
00-0038933,2025_05_NE_BUF,2025,5,0.0,0.4671036645059125,4,2024,0.4022442261578286,0.504225432077033
00-0038935,2025_05_KC_JAX,2025,5,0.0,0.22840963326636549,4,2024,0.2499152715482832,0.2187128515198136
00-0039041,2025_05_TEN_ARI,2025,5,0.0,0.10987334864876735,4,2024,0.1291072888436844,0.1542916151593193
00-0039065,2025_05_DET_CIN,2025,5,1.0,0.4737814279262879,4,2024,0.4216512281708242,0.4862673439237467
00-0039074,2025_05_SF_LA,2025,5,0.0,0.08985055158700647,4,2024,0.1116097505670965,0.1384263740283806
00-0039686,2025_05_WAS_LAC,2025,5,0.0,-0.012375456954176897,4,2024,0.0374874008036001,0.0313686686351346
00-0039737,2025_05_TEN_ARI,2025,5,0.0,0.08460814659264207,4,2024,0.1122622532153194,0.1253065681125503
00-0039793,2025_05_TB_SEA,2025,5,2.0,0.1798106189387034,4,2024,0.2108068507327424,0.1744466910250181
00-0039847,2025_05_NYG_NO,2025,5,2.0,0.15393517215461008,4,2024,0.1863237146871804,0.1571494042598735
00-0040128,2025_05_LV_IND,2025,5,1.0,0.39532541705889696,4,2024,0.3700029719548635,0.3951283927942134
00-0040187,2025_05_MIA_CAR,2025,5,1.0,0.12020572034804103,4,2024,0.1345062965583824,0.1686975632336784
00-0040189,2025_05_WAS_LAC,2025,5,0.0,0.08517331886054347,4,2024,0.1108798393066517,0.1289686962900404
00-0040584,2025_05_TEN_ARI,2025,5,0.0,0.053017733399882555,4,2024,0.089989570375155,0.0911386587278765
00-0040663,2025_05_MIN_CLE,2025,5,1.0,0.2854260969902752,4,2024,0.2794615365827099,0.2986309492354901
00-0040736,2025_05_DAL_NYJ,2025,5,0.0,0.26550778441271994,4,2024,0.2432329519576552,0.3150931429964368
00-0040739,2025_05_TB_SEA,2025,5,0.0,0.10226296160979781,4,2024,0.1332234483661356,0.1298169295999344
00-0030061,2025_06_CHI_WAS,2025,6,1.0,0.2631990716458187,4,2024,0.2483877159825439,0.3009769127344275
00-0030506,2025_06_DET_KC,2025,6,0.0,0.33756704893776107,4,2024,0.3532901766438792,0.2915267074134203
00-0031610,2025_06_LAC_MIA,2025,6,1.0,0.20494395819492306,4,2024,0.23491581611044,0.1906859844823566
00-0032392,2025_06_NE_NO,2025,6,0.0,0.10296111259934093,4,2024,0.1351447339367452,0.1281239200076318
00-0033090,2025_06_NE_NO,2025,6,0.0,0.31570081690776414,4,2024,0.2951532007990203,0.3410606688575478
00-0033110,2025_06_LA_BAL,2025,6,1.0,0.08782454086228036,4,2024,0.1285359176426154,0.104791728222202
00-0033217,2025_06_ARI_IND,2025,6,0.0,0.08524529308600462,4,2024,0.1081693885800653,0.1337767581534659
00-0033246,2025_06_SEA_JAX,2025,6,0.0,0.07845293832779451,4,2024,0.1170309950620698,0.1030454384185987
00-0033576,2025_06_SEA_JAX,2025,6,0.0,-0.02124753629545379,4,2024,0.0246142487837411,0.0331099100585246
00-0033858,2025_06_CLE_PIT,2025,6,0.0,0.131113539462768,4,2024,0.1631450115068552,0.1446089133291808
00-0033881,2025_06_DEN_NYJ,2025,6,0.0,0.1865602755638141,4,2024,0.1981753157844372,0.2115385362486743
00-0033885,2025_06_CLE_PIT,2025,6,0.0,0.24541174702911694,4,2024,0.2583183313794651,0.2432423036601549
00-0034159,2025_06_LAC_MIA,2025,6,0.0,0.09075561248512748,4,2024,0.1167021172442465,0.1317746743204589
00-0034351,2025_06_PHI_NYG,2025,6,1.0,0.40244422930691764,4,2024,0.3758912623075815,0.4013390019091857
00-0034365,2025_06_TEN_LV,2025,6,0.0,0.0655817838529575,4,2024,0.0964814891768359,0.1087815586254127
00-0034753,2025_06_LA_BAL,2025,6,0.0,0.2419343653163344,4,2024,0.2527117662773924,0.2448857881872344
00-0035631,2025_06_CIN_GB,2025,6,0.0,0.05457446460595819,4,2024,0.0828464655076942,0.1069395311140265
00-0035644,2025_06_CIN_GB,2025,6,0.0,0.08324379430193388,4,2024,0.1171314337961428,0.113841597867304
00-0035689,2025_06_BUF_ATL,2025,6,1.0,0.15078149875737396,4,2024,0.1660575156703888,0.1846474641004692
00-0036040,2025_06_NE_NO,2025,6,0.0,0.3995216143015572,4,2024,0.3389143716658533,0.4579931984657022
00-0036290,2025_06_CHI_WAS,2025,6,0.0,0.20386141901217125,4,2024,0.2273105045279758,0.2012362996351616
00-0036637,2025_06_DET_KC,2025,6,0.0,0.08373384822959135,4,2024,0.1051146817602648,0.1355494749847071
00-0036887,2025_06_SF_TB,2025,6,0.0,-0.0251304549080782,4,2024,0.0348513543447251,0.0066831024059792
00-0036894,2025_06_CLE_PIT,2025,6,0.0,0.14697896005670308,4,2024,0.1709942879910292,0.1674847000193619
00-0036970,2025_06_BUF_ATL,2025,6,0.0,0.2200822521021104,4,2024,0.2338827443850361,0.2271134666901129
00-0037004,2025_06_SEA_JAX,2025,6,0.0,0.05982968944014473,4,2024,0.0963315152491463,0.095869591650059
00-0037005,2025_06_DAL_CAR,2025,6,0.0,0.1520487652643529,4,2024,0.1631592179989353,0.1925138383572854
00-0037112,2025_06_SF_TB,2025,6,0.0,0.24782383760030302,4,2024,0.2559814918331531,0.2527678106078793
00-0037348,2025_06_LAC_MIA,2025,6,0.0,0.1071526302020841,4,2024,0.1278785581207441,0.1501677253519825
00-0037744,2025_06_ARI_IND,2025,6,1.0,0.29497365093417466,4,2024,0.2805280313999607,0.3186621741422718
00-0037805,2025_06_DEN_NYJ,2025,6,0.0,-0.028083191533389184,4,2024,0.0261987770473965,0.0147458484858663
00-0037809,2025_06_TEN_LV,2025,6,0.0,0.22200449914480358,4,2024,0.2323458349812004,0.2341471588123603
00-0037838,2025_06_LA_BAL,2025,6,0.0,0.07815440517658845,4,2024,0.0977907692344135,0.1353224790461106
00-0038041,2025_06_DAL_CAR,2025,6,1.0,0.334247242915954,4,2024,0.293757268402423,0.3859123721452395
00-0038046,2025_06_LA_BAL,2025,6,0.0,0.06860379037802987,4,2024,0.1010171281194337,0.1079301424552128
00-0038129,2025_06_SF_TB,2025,6,0.0,0.22938095073052361,4,2024,0.2456681030042774,0.2282124336935798
00-0038547,2025_06_DAL_CAR,2025,6,0.0,0.10856970328729917,4,2024,0.1183861994957729,0.1696733790152012
00-0038558,2025_06_CLE_PIT,2025,6,0.0,0.12066939681241753,4,2024,0.1519592485314477,0.1398603886346354
00-0038720,2025_06_LAC_MIA,2025,6,0.0,0.08977364934122034,4,2024,0.1186275503020597,0.1262280938133461
00-0038783,2025_06_DEN_NYJ,2025,6,1.0,0.13919753877280375,4,2024,0.152847569026586,0.180757069897776
00-0038996,2025_06_CIN_GB,2025,6,1.0,0.43645263394677225,4,2024,0.4020754194663268,0.4343419173064781
00-0039041,2025_06_ARI_IND,2025,6,0.0,0.0779206704039323,4,2024,0.1085241826318106,0.1163999132587311
00-0039065,2025_06_DET_KC,2025,6,1.0,0.3902867843611269,4,2024,0.3687450338508151,0.3857478880746201
00-0039066,2025_06_TEN_LV,2025,6,1.0,0.08958229055379277,4,2024,0.1129553033051826,0.1355071436606087
00-0039074,2025_06_LA_BAL,2025,6,0.0,0.0770150653560247,4,2024,0.1214125367192978,0.0922475254874485
00-0039144,2025_06_CIN_GB,2025,6,0.0,0.11241463768079774,4,2024,0.1426672276515267,0.1368800780644938
00-0039686,2025_06_CHI_WAS,2025,6,0.0,-0.006199834118316407,4,2024,0.0398264276864471,0.0415001897311247
00-0039793,2025_06_SEA_JAX,2025,6,0.0,0.18201305080204377,4,2024,0.2083030511830859,0.1837782235840001
00-0039847,2025_06_PHI_NYG,2025,6,0.0,0.15050185740199626,4,2024,0.1799411800449798,0.1602230924095722
00-0040126,2025_06_CHI_WAS,2025,6,0.0,0.05453201180010303,4,2024,0.0939100617910422,0.0878892501211072
00-0040128,2025_06_ARI_IND,2025,6,1.0,0.36135268692827605,4,2024,0.3520702447703009,0.3480715945513504
00-0040187,2025_06_DAL_CAR,2025,6,0.0,0.06341622893657674,4,2024,0.0969517517837177,0.1030181123594292
00-0040189,2025_06_LAC_MIA,2025,6,0.0,0.10632484813209206,4,2024,0.1294340602562967,0.1456078582280211
00-0040584,2025_06_TEN_LV,2025,6,0.0,0.08901867109188402,4,2024,0.1227183701584958,0.1174916417891669
00-0040663,2025_06_CLE_PIT,2025,6,0.0,0.2737565262716771,4,2024,0.2785225766353695,0.2735230828098677
00-0040736,2025_06_DEN_NYJ,2025,6,0.0,0.2113600455468661,4,2024,0.2438735618807686,0.1900294741272748
00-0040739,2025_06_SEA_JAX,2025,6,0.0,0.08158637591796225,4,2024,0.1117717324866784,0.1192288167148939
00-0030061,2025_07_WAS_DAL,2025,7,1.0,0.2965779015677478,4,2024,0.3010493427592081,0.2871798203284296
00-0030506,2025_07_LV_KC,2025,7,0.0,0.4393078551916049,4,2024,0.4258897360369028,0.4000822850917822
00-0031610,2025_07_MIA_CLE,2025,7,0.0,0.09858192754210676,4,2024,0.1431055154923093,0.1044605356358147
00-0032392,2025_07_NE_TEN,2025,7,1.0,0.093250527904226,4,2024,0.120652531557918,0.1307190823938662
00-0033090,2025_07_NE_TEN,2025,7,0.0,0.3101393377947318,4,2024,0.3047073786323046,0.311960878374886
00-0033110,2025_07_LA_JAX,2025,7,0.0,0.1233932045569319,4,2024,0.1625221163187093,0.1280010051018417
00-0033217,2025_07_IND_LAC,2025,7,0.0,0.0837352930117585,4,2024,0.1042997912956668,0.1369487746598229
00-0033246,2025_07_LA_JAX,2025,7,0.0,0.07966566181325255,4,2024,0.1061218292615251,0.1245103903887187
00-0033858,2025_07_PIT_CIN,2025,7,1.0,0.20385781549703708,4,2024,0.2066506078769349,0.2366205979050709
00-0033881,2025_07_NYG_DEN,2025,7,0.0,0.18726901555976022,4,2024,0.2094379579540747,0.1938670553924354
00-0034159,2025_07_IND_LAC,2025,7,0.0,0.07716424288169219,4,2024,0.1069093700599643,0.1174344840525471
00-0034351,2025_07_PHI_MIN,2025,7,0.0,0.4046501148275044,4,2024,0.3902715152423358,0.3817543062348457
00-0034383,2025_07_HOU_SEA,2025,7,0.0,0.19956026718341435,4,2024,0.2249359674146617,0.1954570391670906
00-0035229,2025_07_PHI_MIN,2025,7,0.0,0.20271061701118143,4,2024,0.2203369227455788,0.2105481146391326
00-0035249,2025_07_PHI_MIN,2025,7,0.0,0.07829928197059541,4,2024,0.1218840787695691,0.0943798200963666
00-0035631,2025_07_PIT_CIN,2025,7,0.0,-0.021545076653141843,4,2024,0.0258836314166422,0.0302541346860489
00-0035644,2025_07_PIT_CIN,2025,7,1.0,0.15495608920570866,4,2024,0.1986476807259579,0.1383744658935518
00-0036040,2025_07_NO_CHI,2025,7,0.0,0.23369930641129205,4,2024,0.2420654155508328,0.2442706871170555
00-0036232,2025_07_HOU_SEA,2025,7,0.0,-0.025174791292201383,4,2024,0.0182591805582184,0.0350057149024695
00-0036244,2025_07_LA_JAX,2025,7,0.0,0.09086865987544729,4,2024,0.1157111394066734,0.1337311337936984
00-0036290,2025_07_NO_CHI,2025,7,0.0,0.12747485681202628,4,2024,0.1686994943236608,0.1267630802919856
00-0036628,2025_07_WAS_DAL,2025,7,0.0,0.061257837886031744,4,2024,0.0950597785702132,0.1013178223445303
00-0036637,2025_07_LV_KC,2025,7,0.0,0.14262575242627543,4,2024,0.1674435257733596,0.1636012583475055
00-0036741,2025_07_NO_CHI,2025,7,0.0,0.06527762980109751,4,2024,0.0972311011252106,0.1068010629651326
00-0036754,2025_07_TB_DET,2025,7,0.0,0.1290650090116345,4,2024,0.1670547730200764,0.1332211649804265
00-0036887,2025_07_ATL_SF,2025,7,0.0,0.07961530601167321,4,2024,0.1112768036388241,0.1155640990654288
00-0036894,2025_07_PIT_CIN,2025,7,2.0,0.11333253903086035,4,2024,0.1320241841127384,0.1572141669698936
00-0036970,2025_07_ATL_SF,2025,7,0.0,0.31307135463632524,4,2024,0.3214033587503746,0.2900715120485344
00-0037004,2025_07_LA_JAX,2025,7,0.0,0.08673055097918378,4,2024,0.1168705553190462,0.1222711165511921
00-0037005,2025_07_CAR_NYJ,2025,7,0.0,0.1338160129748134,4,2024,0.1627719578918461,0.1514350559392083
00-0037292,2025_07_IND_LAC,2025,7,0.0,-0.0150308194528005,4,2024,0.0327073729255393,0.0334781459989358
00-0037348,2025_07_MIA_CLE,2025,7,0.0,0.1425854607760038,4,2024,0.1474261710185456,0.1978008215403694
00-0037744,2025_07_GB_ARI,2025,7,2.0,0.2669198982170727,4,2024,0.2719319127943371,0.2691617470101667
00-0037805,2025_07_CAR_NYJ,2025,7,0.0,0.0804611899778582,4,2024,0.1061035801679808,0.1263629410992386
00-0037809,2025_07_NE_TEN,2025,7,0.0,0.25342218210333695,4,2024,0.2156040254307299,0.3347554948458273
00-0038041,2025_07_WAS_DAL,2025,7,2.0,0.24805849226937055,4,2024,0.2274789584019456,0.3021328300881148
00-0038115,2025_07_NYG_DEN,2025,7,1.0,0.04894778970947472,4,2024,0.1015739873986372,0.0619755900327836
00-0038129,2025_07_TB_DET,2025,7,0.0,0.3162984483713837,4,2024,0.2853260374318803,0.3592638420432431
00-0038558,2025_07_PIT_CIN,2025,7,1.0,0.21627932367428931,4,2024,0.2317810301152221,0.2220074687357194
00-0038720,2025_07_MIA_CLE,2025,7,0.0,0.1259328517552591,4,2024,0.134613199097035,0.1816261654794232
00-0038783,2025_07_NYG_DEN,2025,7,0.0,0.11221157270889462,4,2024,0.1359818942182277,0.1478678499450934
00-0038996,2025_07_GB_ARI,2025,7,1.0,0.43506602745999995,4,2024,0.41304962497707,0.4123674565182038
00-0039041,2025_07_GB_ARI,2025,7,0.0,0.10248702664874898,4,2024,0.123038094347762,0.1477784748027557
00-0039065,2025_07_TB_DET,2025,7,0.0,0.47632234993350103,4,2024,0.4279360484450676,0.4813180000198186
00-0039066,2025_07_LV_KC,2025,7,0.0,0.17345998668200038,4,2024,0.195423828759539,0.1862602200680553
00-0039074,2025_07_LA_JAX,2025,7,0.0,0.07476005351672829,4,2024,0.113564957294255,0.1005286029584959
00-0039356,2025_07_CAR_NYJ,2025,7,0.0,0.13631903062091333,4,2024,0.1582760242294014,0.1648674844215306
00-0039686,2025_07_WAS_DAL,2025,7,0.0,-0.0049558615305545575,4,2024,0.0431114825173373,0.0387205098302567
00-0039793,2025_07_HOU_SEA,2025,7,0.0,0.1756839144125658,4,2024,0.2340290234032829,0.1252169898187124
00-0039847,2025_07_NYG_DEN,2025,7,1.0,0.19777266268888827,4,2024,0.2026689192650612,0.2295102496735139
00-0040126,2025_07_NO_CHI,2025,7,0.0,0.11723375848174167,4,2024,0.1367591635003025,0.1580341365543031
00-0040128,2025_07_IND_LAC,2025,7,1.0,0.39190756118338677,4,2024,0.3865503023879352,0.3589562328152291
00-0040187,2025_07_CAR_NYJ,2025,7,0.0,0.08791263277655745,4,2024,0.1082952298901642,0.139667806320824
00-0040189,2025_07_IND_LAC,2025,7,1.0,0.23916142427669723,4,2024,0.2374928412550067,0.2646089950930521
00-0040584,2025_07_NE_TEN,2025,7,0.0,0.1011546737663166,4,2024,0.1380871849258987,0.118947521384956
00-0040663,2025_07_MIA_CLE,2025,7,0.0,0.2752975711484692,4,2024,0.2737618492965017,0.2852067827159256
00-0040736,2025_07_CAR_NYJ,2025,7,0.0,0.32326799321934696,4,2024,0.3058395277849877,0.3400782310494524
00-0040739,2025_07_HOU_SEA,2025,7,0.0,0.07481278188206142,4,2024,0.1073476220732499,0.1113002604824996
00-0030061,2025_08_WAS_KC,2025,8,0.0,0.2280031693847317,4,2024,0.2546123619853831,0.2097356864337834
00-0030506,2025_08_WAS_KC,2025,8,1.0,0.46993290355286904,4,2024,0.4037599801799935,0.5081060690420567
00-0032392,2025_08_CLE_NE,2025,8,0.0,0.06887011200637756,4,2024,0.1077799857926799,0.096954383763304
00-0033090,2025_08_CLE_NE,2025,8,1.0,0.29866089394120043,4,2024,0.2944159065483765,0.3033124036292556
00-0033288,2025_08_SF_HOU,2025,8,1.0,0.09044916532725022,4,2024,0.1123451383342096,0.1385370491896531
00-0033858,2025_08_GB_PIT,2025,8,0.0,0.19067264603302125,4,2024,0.2313758755392424,0.1640774216569449
00-0033881,2025_08_DAL_DEN,2025,8,0.0,0.27422231780141754,4,2024,0.2798564667734076,0.2723043771040332
00-0033885,2025_08_CLE_NE,2025,8,1.0,0.1471614292461117,4,2024,0.1595466099585727,0.1875135074833264
00-0034351,2025_08_NYG_PHI,2025,8,2.0,0.37890598741980785,4,2024,0.3575505460531211,0.3788699265810588
00-0034383,2025_08_SF_HOU,2025,8,0.0,0.34744741916480837,4,2024,0.3306454464942843,0.3529396748273133
00-0034753,2025_08_CHI_BAL,2025,8,0.0,0.289900879166801,4,2024,0.272042056101869,0.3215858894187943
00-0034981,2025_08_TB_NO,2025,8,0.0,0.05329182057590577,4,2024,0.102188030875187,0.0708689264904809
00-0035229,2025_08_MIN_LAC,2025,8,0.0,0.3404918241341545,4,2024,0.3144073404045126,0.3648330454592072
00-0035644,2025_08_NYJ_CIN,2025,8,0.0,0.1815750482692561,4,2024,0.2011664638064293,0.1950011725199265
00-0035689,2025_08_BUF_CAR,2025,8,0.0,0.16390667402760511,4,2024,0.1843222143644476,0.1834070129603266
00-0036040,2025_08_TB_NO,2025,8,0.0,0.2153886910595204,4,2024,0.2382946357093611,0.2088099650559766
00-0036232,2025_08_SF_HOU,2025,8,0.0,0.10732276979951116,4,2024,0.1213678648148361,0.1617107378874614
00-0036422,2025_08_DAL_DEN,2025,8,0.0,-0.02101147055455628,4,2024,0.0352448526596097,0.0154390324593775
00-0036628,2025_08_WAS_KC,2025,8,0.0,0.017334740509282465,4,2024,0.0725354982957444,0.0393463862595177
00-0036637,2025_08_WAS_KC,2025,8,0.0,0.11948803407282813,4,2024,0.143504620806859,0.1516394231389655
00-0036741,2025_08_TB_NO,2025,8,0.0,0.036376771464656676,4,2024,0.0926304410845794,0.0485166305143526
00-0036887,2025_08_SF_HOU,2025,8,0.0,-0.0260160787685073,4,2024,0.0324310278185314,0.0088018191831085
00-0036894,2025_08_GB_PIT,2025,8,0.0,0.1665656177931884,4,2024,0.2124522513044714,0.1413047445036492
00-0036970,2025_08_MIA_ATL,2025,8,0.0,0.2989917362687327,4,2024,0.3072909559748959,0.2820135399746732
00-0037005,2025_08_BUF_CAR,2025,8,0.0,0.11728178150399521,4,2024,0.1283458630452073,0.1725569380948634
00-0037112,2025_08_SF_HOU,2025,8,1.0,0.31734239631114275,4,2024,0.2961754308195792,0.3430677268289408
00-0037292,2025_08_TEN_IND,2025,8,0.0,0.14866884318304113,4,2024,0.1478702654423041,0.2109673827728695
00-0037348,2025_08_MIA_ATL,2025,8,0.0,0.14212332288038598,4,2024,0.1400301209338804,0.2094130013566091
00-0037805,2025_08_NYJ_CIN,2025,8,0.0,0.0746262448575094,4,2024,0.1050954509612102,0.1147314041952513
00-0037809,2025_08_TEN_IND,2025,8,0.0,0.17894629629482814,4,2024,0.1976381239632419,0.1950273006436483
00-0037838,2025_08_CHI_BAL,2025,8,0.0,0.11489543279306255,4,2024,0.1482228063533604,0.1330423457328082
00-0038041,2025_08_DAL_DEN,2025,8,0.0,0.19875183901950172,4,2024,0.221596623956771,0.1993268597782168
00-0038046,2025_08_CHI_BAL,2025,8,1.0,0.09141138565765941,4,2024,0.1199514620736637,0.1277095412281365
00-0038115,2025_08_NYG_PHI,2025,8,0.0,0.08834017854062146,4,2024,0.1497074458832976,0.0697032067493512
00-0038129,2025_08_TB_NO,2025,8,0.0,0.35310749745818987,4,2024,0.3301070804115305,0.3668201773236731
00-0038547,2025_08_DAL_DEN,2025,8,0.0,0.08003835552202263,4,2024,0.1056613791034309,0.1261524370792773
00-0038783,2025_08_DAL_DEN,2025,8,0.0,0.12531420828093204,4,2024,0.1408275499343157,0.1695640102397371
00-0038933,2025_08_BUF_CAR,2025,8,0.0,0.30914032777353323,4,2024,0.303750551602794,0.3113128814288204
00-0038996,2025_08_GB_PIT,2025,8,2.0,0.49535414509224446,4,2024,0.4533862756792028,0.4812906520444851
00-0039144,2025_08_GB_PIT,2025,8,0.0,0.09608464334734473,4,2024,0.1288100104171989,0.1232329191269433
00-0039356,2025_08_BUF_CAR,2025,8,0.0,0.09437939100116413,4,2024,0.1222081348424125,0.1306386000420952
00-0039847,2025_08_NYG_PHI,2025,8,0.0,0.19697195769456627,4,2024,0.2259258383726773,0.1878355923681434
00-0039912,2025_08_WAS_KC,2025,8,0.0,0.059619426407237386,4,2024,0.0932605536673227,0.100649089956054
00-0040126,2025_08_CHI_BAL,2025,8,0.0,0.07112440735921657,4,2024,0.1126694565747815,0.09373921322349
00-0040128,2025_08_TEN_IND,2025,8,0.0,0.3735782338763511,4,2024,0.3722831220164014,0.3414340954662193
00-0040189,2025_08_MIN_LAC,2025,8,1.0,0.2745810365745553,4,2024,0.2964775504895394,0.2446519882843943
00-0040194,2025_08_BUF_CAR,2025,8,0.0,0.12231073194920183,4,2024,0.147799726271571,0.1507437670840875
00-0040584,2025_08_TEN_IND,2025,8,1.0,0.09755829149433823,4,2024,0.1290652309566975,0.1261694809099348
00-0040663,2025_08_CLE_NE,2025,8,1.0,0.3148745976829729,4,2024,0.3043373164064233,0.3234357727284169
00-0040736,2025_08_NYJ_CIN,2025,8,1.0,0.41061979252814296,4,2024,0.3417094826340546,0.4786131352226259
00-0030061,2025_09_SEA_WAS,2025,9,0.0,0.20319673763142737,4,2024,0.2429202599780314,0.1729734411950035
00-0030506,2025_09_KC_BUF,2025,9,0.0,0.43890991017560005,4,2024,0.414508034356167,0.4186692636001327
00-0032392,2025_09_ATL_NE,2025,9,0.0,0.1005011428244178,4,2024,0.1242023379379025,0.1412375073922284
00-0033090,2025_09_ATL_NE,2025,9,0.0,0.3972043721394743,4,2024,0.3610096386590191,0.4148366003402919
00-0033110,2025_09_NO_LA,2025,9,1.0,0.11226241870957168,4,2024,0.1511405971374577,0.1220158250534784
00-0033217,2025_09_IND_PIT,2025,9,0.0,0.11782803410142423,4,2024,0.122486031855129,0.1838460321533887
00-0033246,2025_09_JAX_LV,2025,9,0.0,-0.004592546231428796,4,2024,0.0322528988459027,0.0581541679186945
00-0033288,2025_09_SF_NYG,2025,9,0.0,0.26204327469908056,4,2024,0.2477707547399272,0.2993877412477473
00-0033858,2025_09_IND_PIT,2025,9,0.0,0.239080986586663,4,2024,0.2352087894430327,0.2683376583635637
00-0033881,2025_09_DEN_HOU,2025,9,0.0,0.2608795768204844,4,2024,0.2538012792855457,0.2863926479115172
00-0034365,2025_09_JAX_LV,2025,9,0.0,0.03964173806296112,4,2024,0.0790274640051348,0.0792947816190368
00-0034383,2025_09_DEN_HOU,2025,9,0.0,0.23538798551751144,4,2024,0.2519301894434463,0.2312373796810191
00-0034753,2025_09_BAL_MIA,2025,9,2.0,0.2820130017890942,4,2024,0.2936355301854348,0.2665354608057522
00-0035229,2025_09_MIN_DET,2025,9,1.0,0.25171128130490816,4,2024,0.2790630480686574,0.2221266507379342
00-0035644,2025_09_CHI_CIN,2025,9,1.0,0.21186657145458254,4,2024,0.2184955532972838,0.2346642821513946
00-0035689,2025_09_KC_BUF,2025,9,0.0,0.07684265105204297,4,2024,0.1222243805124898,0.0904620261773334
00-0036040,2025_09_NO_LA,2025,9,1.0,0.23421332476520207,4,2024,0.2384649837542379,0.2516153980919957
00-0036232,2025_09_DEN_HOU,2025,9,0.0,0.07190406069802602,4,2024,0.1035681716249014,0.1111156035485954
00-0036244,2025_09_NO_LA,2025,9,0.0,0.1277116180877187,4,2024,0.1324804093169435,0.1893521767504163
00-0036290,2025_09_CHI_CIN,2025,9,0.0,0.10559806662429042,4,2024,0.1334785472299371,0.1370153330735957
00-0036422,2025_09_DEN_HOU,2025,9,0.0,0.06645675922083913,4,2024,0.0960937393512998,0.1114489894771817
00-0036628,2025_09_SEA_WAS,2025,9,0.0,0.049101764556698235,4,2024,0.0953168012540385,0.0730473107782341
00-0036637,2025_09_KC_BUF,2025,9,0.0,0.14663562854070714,4,2024,0.1616090482781954,0.1827765644285858
00-0036754,2025_09_MIN_DET,2025,9,0.0,0.1112717979928241,4,2024,0.1532757975365154,0.1160900705977276
00-0036887,2025_09_SF_NYG,2025,9,0.0,0.10755118626906274,4,2024,0.1167228945518145,0.1701909926291135
00-0036894,2025_09_IND_PIT,2025,9,1.0,0.17023947194676162,4,2024,0.2141055152610659,0.1468834808024857
00-0036970,2025_09_ATL_NE,2025,9,0.0,0.4120136723213035,4,2024,0.3783042375564865,0.4191136790260646
00-0037004,2025_09_JAX_LV,2025,9,0.0,0.08596338382608601,4,2024,0.1080237942405654,0.1356701786754573
00-0037005,2025_09_CAR_GB,2025,9,0.0,0.0787498696706686,4,2024,0.1130932152803894,0.1104710608969876
00-0037292,2025_09_IND_PIT,2025,9,0.0,0.0006101498028706354,4,2024,0.039983147689819,0.0568225401155969
00-0037348,2025_09_BAL_MIA,2025,9,0.0,0.14078811833839303,4,2024,0.1447012409380232,0.1983540605183301
00-0037654,2025_09_LAC_TEN,2025,9,0.0,0.12188430723973287,4,2024,0.1217839590893074,0.1943352177024737
00-0037744,2025_09_ARI_DAL,2025,9,1.0,0.3141527191095733,4,2024,0.3190938257389306,0.2965036658046383
00-0037809,2025_09_LAC_TEN,2025,9,0.0,0.25573919937193934,4,2024,0.2447888209303747,0.2900635063810777
00-0037838,2025_09_BAL_MIA,2025,9,0.0,0.08282852876656951,4,2024,0.1083648091615237,0.1279090241327229
00-0038041,2025_09_ARI_DAL,2025,9,0.0,0.2842697289153964,4,2024,0.2827010406344158,0.290433944718392
00-0038046,2025_09_BAL_MIA,2025,9,1.0,0.0888487899509843,4,2024,0.1113692417678686,0.1365449500073942
00-0038547,2025_09_ARI_DAL,2025,9,0.0,0.1335367617712166,4,2024,0.1467714099698783,0.1782063361569917
00-0038558,2025_09_IND_PIT,2025,9,0.0,0.17090432346922535,4,2024,0.1814962794471474,0.2042686037713289
00-0038933,2025_09_KC_BUF,2025,9,1.0,0.2565531855826248,4,2024,0.2904962591441561,0.2136254647942145
00-0038996,2025_09_CAR_GB,2025,9,0.0,0.4580514915978409,4,2024,0.4468377330034837,0.4071080122550203
00-0039041,2025_09_ARI_DAL,2025,9,0.0,0.08297228045797433,4,2024,0.1129763497081779,0.1203380825321806
00-0039065,2025_09_MIN_DET,2025,9,1.0,0.4712448463294662,4,2024,0.4025612966870876,0.5131631099166768
00-0039066,2025_09_JAX_LV,2025,9,0.0,0.2332447561640678,4,2024,0.220812147363761,0.2796390916263369
00-0039074,2025_09_NO_LA,2025,9,0.0,0.10251950570994492,4,2024,0.123010962440557,0.147899312382187
00-0039144,2025_09_CAR_GB,2025,9,0.0,0.09984953117507903,4,2024,0.1222722470795125,0.1430521488696597
00-0039338,2025_09_JAX_LV,2025,9,3.0,0.1965434688958566,4,2024,0.2194357675606675,0.1979727721115736
00-0039356,2025_09_CAR_GB,2025,9,0.0,0.08246891910238152,4,2024,0.1030218420658925,0.1362387885051724
00-0039793,2025_09_SEA_WAS,2025,9,0.0,0.2628518173227192,4,2024,0.2829694398983524,0.2409398222326473
00-0039847,2025_09_SF_NYG,2025,9,1.0,0.24707606314817504,4,2024,0.2546161586875553,0.2533948076431329
00-0040126,2025_09_CHI_CIN,2025,9,2.0,0.18475772561420348,4,2024,0.2121415410771884,0.1834861708286446
00-0040128,2025_09_IND_PIT,2025,9,0.0,0.510393908096886,4,2024,0.4004382411850322,0.6064282786834082
00-0040189,2025_09_LAC_TEN,2025,9,0.0,0.3146489948876821,4,2024,0.331676414275577,0.2760845625987472
00-0040194,2025_09_KC_BUF,2025,9,0.0,0.08586253329044694,4,2024,0.1223724780123877,0.1108585055091165
00-0040584,2025_09_LAC_TEN,2025,9,0.0,0.11149529302167296,4,2024,0.1379322440069807,0.1428868421796194
00-0040737,2025_09_NO_LA,2025,9,0.0,0.12263510485273924,4,2024,0.1573665741558355,0.1350973850310298
00-0040739,2025_09_SEA_WAS,2025,9,1.0,0.13468735499917278,4,2024,0.1457161120082004,0.1826483478671008
00-0030061,2025_10_DET_WAS,2025,10,0.0,0.1827309626871967,4,2024,0.2267259116532373,0.153861543489067
00-0032392,2025_10_NE_TB,2025,10,0.0,0.07599227827529095,4,2024,0.119827065648535,0.0926220256817378
00-0033090,2025_10_NE_TB,2025,10,0.0,0.3302005370789197,4,2024,0.3115815155703176,0.3461130274147529
00-0033110,2025_10_LA_SF,2025,10,0.0,0.1354846767836872,4,2024,0.1697991431228996,0.1432170093503965
00-0033217,2025_10_ATL_IND,2025,10,0.0,0.11022653465394572,4,2024,0.1265527997789387,0.1594763068493574
00-0033246,2025_10_JAX_HOU,2025,10,0.0,0.06417642373605081,4,2024,0.1138949419049305,0.0757330640335264
00-0033288,2025_10_LA_SF,2025,10,1.0,0.22243144494416733,4,2024,0.2223623513032074,0.2522273558882169
00-0033858,2025_10_PIT_LAC,2025,10,0.0,0.24009834590456047,4,2024,0.238168390656825,0.2655967041906577
00-0033881,2025_10_LV_DEN,2025,10,0.0,0.20329934449443543,4,2024,0.2025599238696551,0.2423497966837208
00-0033885,2025_10_CLE_NYJ,2025,10,1.0,0.10570453702536492,4,2024,0.1563037076316334,0.0981572173851094
00-0034270,2025_10_PIT_LAC,2025,10,0.0,0.12536870712476694,4,2024,0.1350827908262341,0.1795301491590429
00-0034351,2025_10_PHI_GB,2025,10,0.0,0.29463411677120566,4,2024,0.2894878131788548,0.3025358055685548
00-0034383,2025_10_JAX_HOU,2025,10,1.0,0.4729176876750382,4,2024,0.439278493963874,0.4540925539137398
00-0034753,2025_10_BAL_MIN,2025,10,1.0,0.27537494838390714,4,2024,0.2843017633962919,0.2673279634710246
00-0034981,2025_10_NO_CAR,2025,10,0.0,0.07381992744050594,4,2024,0.116955995066672,0.0925670714892041
00-0035229,2025_10_BAL_MIN,2025,10,0.0,0.2560867798002492,4,2024,0.2739351707797807,0.2409285359038807
00-0035689,2025_10_BUF_MIA,2025,10,0.0,0.13623277128580824,4,2024,0.1600674645885826,0.1616010783062932
00-0036040,2025_10_NO_CAR,2025,10,1.0,0.23702331947225552,4,2024,0.2617590527025606,0.2181434621009586
00-0036244,2025_10_LA_SF,2025,10,1.0,0.10250003023371007,4,2024,0.1177069595607808,0.1569410327559069
00-0036290,2025_10_NYG_CHI,2025,10,0.0,0.09065885785116884,4,2024,0.1305871997741683,0.1077665754074272
00-0036422,2025_10_LV_DEN,2025,10,0.0,0.12612732461384202,4,2024,0.148747225212334,0.1578583387509085
00-0036429,2025_10_ATL_IND,2025,10,0.0,0.05600714730294311,4,2024,0.0876957536517172,0.101912191458248
00-0036628,2025_10_DET_WAS,2025,10,0.0,0.04839853697880808,4,2024,0.0918566228950051,0.077364981128839
00-0036754,2025_10_DET_WAS,2025,10,0.0,0.08359059981739386,4,2024,0.1341240908981629,0.0855253909542466
00-0036876,2025_10_PHI_GB,2025,10,0.0,-0.01990974717188093,4,2024,0.0254928311460048,0.0346675516499633
00-0036887,2025_10_LA_SF,2025,10,1.0,0.0603808713740592,4,2024,0.0931694960219968,0.1025483389484291
00-0036894,2025_10_PIT_LAC,2025,10,0.0,0.2118451971937103,4,2024,0.2374856099361958,0.2020834089033213
00-0036970,2025_10_ATL_IND,2025,10,0.0,0.41061666335027214,4,2024,0.3529205847950442,0.4594001891524725
00-0037086,2025_10_PHI_GB,2025,10,0.0,0.10200921390521397,4,2024,0.115712125690321,0.1592347117434239
00-0037252,2025_10_BUF_MIA,2025,10,0.0,0.14805950502503218,4,2024,0.1721746965104587,0.1679363453741943
00-0037292,2025_10_ATL_IND,2025,10,0.0,0.01456101459237956,4,2024,0.0594164817808659,0.0554704349440279
00-0037654,2025_10_PIT_LAC,2025,10,0.0,0.12111333733221971,4,2024,0.1339786421707884,0.1716793950872565
00-0037744,2025_10_ARI_SEA,2025,10,1.0,0.28803001317843024,4,2024,0.279900918120671,0.3038396681962358
00-0037805,2025_10_CLE_NYJ,2025,10,0.0,0.04214902934663735,4,2024,0.0908076557361347,0.064854301368082
00-0037838,2025_10_BAL_MIN,2025,10,0.0,0.07376171594148642,4,2024,0.1222221562305267,0.0834123207631007
00-0038046,2025_10_BAL_MIN,2025,10,0.0,0.059960018729659656,4,2024,0.1085405663915826,0.0752525961640715
00-0038115,2025_10_NYG_CHI,2025,10,0.0,0.05318474240225947,4,2024,0.1045033576765889,0.0666573856975901
00-0038129,2025_10_NE_TB,2025,10,0.0,0.39089196966399997,4,2024,0.3529730829989572,0.4141523933148364
00-0038558,2025_10_PIT_LAC,2025,10,0.0,0.23748610463031228,4,2024,0.2293410358605007,0.2747383948727523
00-0038710,2025_10_CLE_NYJ,2025,10,0.0,-0.006341532985529093,4,2024,0.0342481906170869,0.0507318826030602
00-0038933,2025_10_BUF_MIA,2025,10,0.0,0.3500081321659037,4,2024,0.3268492617275351,0.3653054489692589
00-0039041,2025_10_ARI_SEA,2025,10,0.0,0.08870809311409844,4,2024,0.1096348367514875,0.1391940535038449
00-0039065,2025_10_DET_WAS,2025,10,0.0,0.4833102102182671,4,2024,0.4181256021803041,0.5141223726372418
00-0039066,2025_10_LV_DEN,2025,10,0.0,0.21149355615970422,4,2024,0.2220070749889804,0.2277946968740142
00-0039074,2025_10_LA_SF,2025,10,1.0,0.08094413940152728,4,2024,0.1094038033184256,0.1218149841793291
00-0039144,2025_10_PHI_GB,2025,10,0.0,0.07961184152441561,4,2024,0.1113849140439181,0.1153709630928662
00-0039305,2025_10_NE_TB,2025,10,0.0,0.07042619003117627,4,2024,0.1087638512613326,0.0988314167013387
00-0039338,2025_10_LV_DEN,2025,10,0.0,0.2193815092867633,4,2024,0.2384145877231332,0.2177456626555823
00-0039356,2025_10_NO_CAR,2025,10,0.0,0.10099064126355997,4,2024,0.1195112809014991,0.1503944365721702
00-0039793,2025_10_ARI_SEA,2025,10,0.0,0.13959624104243926,4,2024,0.173369439348026,0.146513767100269
00-0039847,2025_10_NYG_CHI,2025,10,0.0,0.27739355988255704,4,2024,0.2829856019557711,0.2742041089155345
00-0039912,2025_10_DET_WAS,2025,10,1.0,0.07550191227126121,4,2024,0.1036293042658942,0.1192478252353128
00-0040126,2025_10_NYG_CHI,2025,10,0.0,0.1981373185547189,4,2024,0.232420640008966,0.1793773086294538
00-0040128,2025_10_ATL_IND,2025,10,0.0,0.3715143794550096,4,2024,0.3603771253668427,0.3571053002683514
00-0040187,2025_10_NO_CAR,2025,10,0.0,0.06712774426099209,4,2024,0.1021768511568969,0.1025641454736484
00-0040189,2025_10_PIT_LAC,2025,10,0.0,0.37715554142624047,4,2024,0.3631888823432296,0.3652033869351176
00-0040194,2025_10_BUF_MIA,2025,10,1.0,0.11964390943179157,4,2024,0.1487374553996164,0.143031896340366
00-0040663,2025_10_CLE_NYJ,2025,10,0.0,0.20223675269019487,4,2024,0.2339258475612221,0.1861840069097356
00-0040736,2025_10_CLE_NYJ,2025,10,0.0,0.23135526165220904,4,2024,0.2296792765194831,0.2601229558240506
00-0040737,2025_10_LA_SF,2025,10,0.0,0.14040705402143455,4,2024,0.1678697585377074,0.1577915726744452
00-0040739,2025_10_ARI_SEA,2025,10,0.0,0.11151639044859982,4,2024,0.1420436374511789,0.1358918989097105
00-0030061,2025_11_WAS_MIA,2025,11,0.0,0.33780961406523174,4,2024,0.3434662704932559,0.3089114091285857
00-0030506,2025_11_KC_DEN,2025,11,1.0,0.3788784520706146,4,2024,0.3779203557284171,0.3439112878733603
00-0033090,2025_11_NYJ_NE,2025,11,0.0,0.3245331346824724,4,2024,0.3327354593048679,0.2968991319253765
00-0033110,2025_11_SEA_LA,2025,11,0.0,0.14535850737269626,4,2024,0.1639842975200319,0.1757836651079283
00-0033246,2025_11_LAC_JAX,2025,11,0.0,0.09957137181122552,4,2024,0.1291206723328339,0.1306832651802668
00-0033288,2025_11_SF_ARI,2025,11,2.0,0.3594548780420742,4,2024,0.3312604869848907,0.3793760125891786
00-0033858,2025_11_CIN_PIT,2025,11,0.0,0.26410972335224164,4,2024,0.2300577674068217,0.3344628707498957
00-0033881,2025_11_KC_DEN,2025,11,0.0,0.1480829063346802,4,2024,0.1749334335340081,0.1632639175322852
00-0033885,2025_11_BAL_CLE,2025,11,0.0,0.15759001222535507,4,2024,0.2109705345783095,0.1232942607229714
00-0034351,2025_11_DET_PHI,2025,11,0.0,0.40925636259263415,4,2024,0.3857063563947451,0.4001204753816949
00-0034365,2025_11_DAL_LV,2025,11,0.0,0.05399924746406559,4,2024,0.0886646584148829,0.0956554561132987
00-0034383,2025_11_HOU_TEN,2025,11,0.0,0.32633939100417203,4,2024,0.3175891387146342,0.3269816085211594
00-0034753,2025_11_BAL_CLE,2025,11,0.0,0.20548103012079455,4,2024,0.224930791414527,0.209020945058001
00-0035229,2025_11_CHI_MIN,2025,11,0.0,0.3441062802110795,4,2024,0.3152871481651734,0.3716008061334665
00-0035249,2025_11_CHI_MIN,2025,11,0.0,0.12390869089887549,4,2024,0.1486712219246693,0.1529091836861257
00-0035644,2025_11_CIN_PIT,2025,11,0.0,0.1510807155005695,4,2024,0.165378025085874,0.1864965310720913
00-0035689,2025_11_TB_BUF,2025,11,0.0,0.09816755594905574,4,2024,0.1257880693428288,0.1331784536292607
00-0036244,2025_11_SEA_LA,2025,11,1.0,0.11235312368137665,4,2024,0.1368909124286101,0.1466346752157974
00-0036290,2025_11_CHI_MIN,2025,11,0.0,0.07494711287022202,4,2024,0.1188735226752991,0.0918627343259072
00-0036422,2025_11_KC_DEN,2025,11,0.0,0.05163143133087379,4,2024,0.0975885222070538,0.0749470548973518
00-0036637,2025_11_KC_DEN,2025,11,0.0,0.1126926135060829,4,2024,0.1252293798410356,0.1673893219528281
00-0036754,2025_11_DET_PHI,2025,11,0.0,0.06745534529419216,4,2024,0.1265832086278773,0.0615035331416728
00-0036876,2025_11_DET_PHI,2025,11,0.0,0.05070115613406999,4,2024,0.0829422188747764,0.0979079143252482
00-0036887,2025_11_SF_ARI,2025,11,0.0,-0.005925382777324267,4,2024,0.038046720940401,0.0451773431317658
00-0036894,2025_11_CIN_PIT,2025,11,0.0,0.24448739966353467,4,2024,0.2233228910668033,0.3010769189098791
00-0036970,2025_11_CAR_ATL,2025,11,0.0,0.3124265031307127,4,2024,0.3169636166293781,0.2962009234520499
00-0037005,2025_11_CAR_ATL,2025,11,0.0,0.08753468093857161,4,2024,0.1134787617631013,0.1299225922311004
00-0037112,2025_11_SF_ARI,2025,11,0.0,0.1462313769756123,4,2024,0.15056067057775,0.2007780860874286
00-0037252,2025_11_WAS_MIA,2025,11,0.0,0.23565398616355082,4,2024,0.2381978700319997,0.2553712525933578
00-0037306,2025_11_GB_NYG,2025,11,0.0,0.09133072715341664,4,2024,0.1085196084369153,0.147108833353126
00-0037744,2025_11_SF_ARI,2025,11,1.0,0.3814104884752353,4,2024,0.3477823868614353,0.4013376209650889
00-0037805,2025_11_NYJ_NE,2025,11,0.0,0.06869525403598169,4,2024,0.1031651494209303,0.1044597565071374
00-0037809,2025_11_HOU_TEN,2025,11,0.0,0.1973939490980201,4,2024,0.207917795607834,0.2196513497591815
00-0037838,2025_11_BAL_CLE,2025,11,0.0,0.10824104356579875,4,2024,0.140026702064314,0.1318485150531844
00-0038041,2025_11_DAL_LV,2025,11,1.0,0.28375827823967226,4,2024,0.2953231402303207,0.2676400584996338
00-0038046,2025_11_BAL_CLE,2025,11,0.0,0.07194675889161381,4,2024,0.1088950181631122,0.1020879158784621
00-0038115,2025_11_GB_NYG,2025,11,0.0,0.10045895779115802,4,2024,0.1410836318126124,0.1122215193850429
00-0038129,2025_11_TB_BUF,2025,11,0.0,0.30162503032561533,4,2024,0.3177357005338332,0.2701492910852122
00-0038558,2025_11_CIN_PIT,2025,11,0.0,0.16687378391221241,4,2024,0.1709047669939877,0.2131854170253031
00-0038720,2025_11_WAS_MIA,2025,11,0.0,0.11766294070516542,4,2024,0.1301415006103848,0.1703534532159992
00-0039041,2025_11_SF_ARI,2025,11,0.0,0.09116009198109579,4,2024,0.1162075429662072,0.133547949790244
00-0039066,2025_11_DAL_LV,2025,11,0.0,0.15796726349151644,4,2024,0.19222114295539,0.1562775972815931
00-0039144,2025_11_GB_NYG,2025,11,0.0,0.11612803972691979,4,2024,0.1338408406694997,0.1605020858165393
00-0039305,2025_11_NYJ_NE,2025,11,0.0,0.005356144444742014,4,2024,0.0495994230538183,0.0512143774710261
00-0039338,2025_11_DAL_LV,2025,11,0.0,0.33229379145339133,4,2024,0.3381648609745461,0.3053653086449836
00-0039356,2025_11_CAR_ATL,2025,11,0.0,0.11052023804307648,4,2024,0.1316597219324615,0.1514000256543918
00-0039686,2025_11_WAS_MIA,2025,11,0.0,0.12929972868942607,4,2024,0.1467777620410214,0.1684951592341586
00-0039793,2025_11_SEA_LA,2025,11,0.0,0.12973574904635096,4,2024,0.1772297928882056,0.1173258966650773
00-0039847,2025_11_GB_NYG,2025,11,0.0,0.22568906705284442,4,2024,0.2384640460280139,0.23210150527716
00-0040058,2025_11_SEA_LA,2025,11,0.0,-0.0011844056091800323,4,2024,0.0447252608669787,0.0445903392895601
00-0040126,2025_11_CHI_MIN,2025,11,0.0,0.1603540550862067,4,2024,0.1897446817077494,0.1659843710356805
00-0040187,2025_11_CAR_ATL,2025,11,0.0,0.07607329776941377,4,2024,0.0995346192978898,0.1275705799819277
00-0040189,2025_11_LAC_JAX,2025,11,0.0,0.35235057583706686,4,2024,0.3532202113268303,0.3254920821034217
00-0040584,2025_11_HOU_TEN,2025,11,0.0,0.06944651148039203,4,2024,0.096602594174431,0.1174220294686574
00-0040663,2025_11_BAL_CLE,2025,11,0.0,0.2242851065873459,4,2024,0.2445319879900921,0.2184922530613665
00-0040736,2025_11_NYJ_NE,2025,11,0.0,0.31148361879142733,4,2024,0.2904823547273584,0.3394074283283504
00-0040739,2025_11_SEA_LA,2025,11,0.0,0.09805101338813468,4,2024,0.1194113845781435,0.1438355633455406
00-0030506,2025_12_IND_KC,2025,12,0.0,0.5237830972928703,4,2024,0.4577222831167385,0.5389480764546339
00-0032392,2025_12_NE_CIN,2025,12,0.0,0.13119764966770173,4,2024,0.1456467733435515,0.1747777747641471
00-0033090,2025_12_NE_CIN,2025,12,1.0,0.5237028346228314,4,2024,0.453879755980676,0.5453469704717354
00-0033217,2025_12_IND_KC,2025,12,0.0,0.058353860209182665,4,2024,0.08956242724745,0.1040869678075594
00-0033246,2025_12_JAX_ARI,2025,12,0.0,0.11368591825819357,4,2024,0.1324394153230455,0.1573118618319966
00-0033288,2025_12_CAR_SF,2025,12,0.0,0.45870697187710635,4,2024,0.4257019383295018,0.444816484611841
00-0033357,2025_12_ATL_NO,2025,12,0.0,0.011703939861084006,4,2024,0.0477605232601399,0.0688972939700348
00-0033858,2025_12_PIT_CHI,2025,12,0.0,0.22069874501494602,4,2024,0.2041101403798694,0.2795284322669344
00-0034351,2025_12_PHI_DAL,2025,12,0.0,0.404218253757487,4,2024,0.3790802018590207,0.3999374821535111
00-0034365,2025_12_CLE_LV,2025,12,0.0,0.05593264099759236,4,2024,0.0948327568999828,0.0895151885313429
00-0034383,2025_12_BUF_HOU,2025,12,0.0,0.28199408642182394,4,2024,0.3079177827355433,0.242025174206176
00-0034753,2025_12_NYJ_BAL,2025,12,0.0,0.2144169525302037,4,2024,0.2197343692138049,0.2383809233261135
00-0034829,2025_12_NE_CIN,2025,12,0.0,0.11524326992913875,4,2024,0.1217691182251834,0.1791566012518621
00-0034981,2025_12_ATL_NO,2025,12,0.0,0.06491135974516263,4,2024,0.0972711669836248,0.1058938845892961
00-0035229,2025_12_MIN_GB,2025,12,0.0,0.28066504020848193,4,2024,0.2776917871618981,0.2907627148195021
00-0035249,2025_12_MIN_GB,2025,12,0.0,0.06588968610528005,4,2024,0.0953046931615399,0.1115024461071201
00-0035631,2025_12_NE_CIN,2025,12,0.0,0.08491099711830252,4,2024,0.107802509119331,0.1336399210807882
00-0035644,2025_12_NE_CIN,2025,12,0.0,0.11627151647655073,4,2024,0.1506201653295071,0.1320858371337656
00-0035689,2025_12_BUF_HOU,2025,12,0.0,0.15682901080158745,4,2024,0.1802283808513576,0.1742165198297166
00-0036040,2025_12_ATL_NO,2025,12,0.0,0.21784908497641925,4,2024,0.2453595500304637,0.2023398774376056
00-0036244,2025_12_TB_LA,2025,12,1.0,0.14738802463234363,4,2024,0.1696397516957026,0.1707416768345752
00-0036290,2025_12_PIT_CHI,2025,12,0.0,0.13565826486144195,4,2024,0.1585025502989724,0.1629666596808974
00-0036429,2025_12_ATL_NO,2025,12,0.0,0.09724584321907778,4,2024,0.1170700310266408,0.1460031824984483
00-0036590,2025_12_JAX_ARI,2025,12,0.0,0.08630119392646537,4,2024,0.106913585593779,0.1383454663313987
00-0036637,2025_12_IND_KC,2025,12,0.0,0.15905349095433324,4,2024,0.1505258869784184,0.2301927174602479
00-0036741,2025_12_ATL_NO,2025,12,0.0,0.05649971900692054,4,2024,0.0993301689235032,0.0831089273737024
00-0036754,2025_12_NYG_DET,2025,12,0.0,0.17865584861580874,4,2024,0.2080268853823797,0.176565320530808
00-0036887,2025_12_CAR_SF,2025,12,0.0,0.0982845374148496,4,2024,0.1219838980148192,0.1399632123614235
00-0036894,2025_12_PIT_CHI,2025,12,1.0,0.14193884526937167,4,2024,0.1751942865268091,0.1487507900037872
00-0036970,2025_12_ATL_NO,2025,12,0.0,0.2655964672419848,4,2024,0.2923202113611364,0.2312046017922049
00-0037086,2025_12_PHI_DAL,2025,12,0.0,0.09433743412976497,4,2024,0.1250285925977023,0.1257108066703754
00-0037292,2025_12_IND_KC,2025,12,1.0,0.0642003839866528,4,2024,0.0934750097891653,0.1107693828288124
00-0037306,2025_12_MIN_GB,2025,12,0.0,0.05801982373194768,4,2024,0.0941946473224534,0.0953867482278925
00-0037744,2025_12_JAX_ARI,2025,12,0.0,0.4327690188517252,4,2024,0.3852016031019024,0.4548152209365974
00-0037809,2025_12_SEA_TEN,2025,12,0.0,0.20775893914120808,4,2024,0.200169770861774,0.2566542062414565
00-0037838,2025_12_NYJ_BAL,2025,12,0.0,0.12798006566388032,4,2024,0.1631871728024755,0.1373628883465218
00-0038041,2025_12_PHI_DAL,2025,12,0.0,0.20038917557935576,4,2024,0.2362740780977023,0.1779313873430799
00-0038046,2025_12_NYJ_BAL,2025,12,0.0,0.0014447515558911259,4,2024,0.0496007838544404,0.0422572742013685
00-0038115,2025_12_NYG_DET,2025,12,0.0,0.06600742563283833,4,2024,0.1099562655865697,0.0866723349497617
00-0038129,2025_12_TB_LA,2025,12,0.0,0.3279840783211675,4,2024,0.3156959094852186,0.3339902661952103
00-0038547,2025_12_PHI_DAL,2025,12,0.0,0.07327096285954024,4,2024,0.1082264569608043,0.1062648730869752
00-0038558,2025_12_PIT_CHI,2025,12,0.0,0.25559635068646486,4,2024,0.2554621498077352,0.2714519469018253
00-0038589,2025_12_MIN_GB,2025,12,0.0,0.06196876170539613,4,2024,0.0922450372716608,0.1077673607565626
00-0038935,2025_12_JAX_ARI,2025,12,0.0,0.30021617517217064,4,2024,0.256252352787139,0.3722512063960596
00-0039041,2025_12_JAX_ARI,2025,12,0.0,0.009771498351627217,4,2024,0.0481079020658897,0.0638780519889549
00-0039066,2025_12_CLE_LV,2025,12,0.0,0.19078557970312604,4,2024,0.2046805473251995,0.2100678419853284
00-0039074,2025_12_TB_LA,2025,12,0.0,0.08841593669617306,4,2024,0.1165256938552674,0.1267204346886286
00-0039144,2025_12_MIN_GB,2025,12,0.0,0.13485077234807208,4,2024,0.1311020735903328,0.2080578420245435
00-0039338,2025_12_CLE_LV,2025,12,0.0,0.24502949447327754,4,2024,0.3016699236044815,0.168101392909821
00-0039356,2025_12_CAR_SF,2025,12,0.0,0.12284459402373848,4,2024,0.1463894701944418,0.154381909996736
00-0039359,2025_12_BUF_HOU,2025,12,0.0,0.12016349830054804,4,2024,0.1469072033377804,0.1473568588012581
00-0039530,2025_12_PHI_DAL,2025,12,1.0,0.07787830671395463,4,2024,0.1172326963437035,0.1013843372733544
00-0039793,2025_12_SEA_TEN,2025,12,0.0,0.24007890436415852,4,2024,0.2390222573102748,0.2640894323443025
00-0039847,2025_12_NYG_DET,2025,12,0.0,0.22645072453737852,4,2024,0.2594181981577934,0.1979486112342906
00-0040126,2025_12_PIT_CHI,2025,12,1.0,0.22364022180278637,4,2024,0.2444904297362261,0.2170870426258355
00-0040128,2025_12_IND_KC,2025,12,0.0,0.2878056431633489,4,2024,0.2854416382648994,0.2938341648809243
00-0040187,2025_12_CAR_SF,2025,12,0.0,0.06761489400899119,4,2024,0.1010471899712114,0.105614656652607
00-0040194,2025_12_BUF_HOU,2025,12,0.0,0.07145673245033995,4,2024,0.101714588988582,0.1132668664420324
00-0040584,2025_12_SEA_TEN,2025,12,0.0,0.0756961694718852,4,2024,0.118780590945373,0.0937368318041292
00-0040663,2025_12_CLE_LV,2025,12,0.0,0.2615187698475385,4,2024,0.2894508632960155,0.2267845821132108
00-0040736,2025_12_NYJ_BAL,2025,12,0.0,0.22830390005610568,4,2024,0.2367143370465878,0.2410853566399044
00-0040737,2025_12_TB_LA,2025,12,0.0,0.1821294864651852,4,2024,0.2107655438223312,0.1798262866763066
00-0040739,2025_12_SEA_TEN,2025,12,0.0,0.12487526417133166,4,2024,0.1360883475433894,0.1766778341095664
00-0030061,2025_13_DEN_WAS,2025,13,0.0,0.18742219057588047,4,2024,0.2163977909788007,0.1822948187718661
00-0030506,2025_13_KC_DAL,2025,13,1.0,0.5302238940667565,4,2024,0.4738989160920438,0.5259814326790542
00-0031610,2025_13_NO_MIA,2025,13,0.0,0.15597323486575593,4,2024,0.201576617152162,0.1356855545359865
00-0033090,2025_13_NYG_NE,2025,13,0.0,0.3641464744371375,4,2024,0.344050965327976,0.3682055708956451
00-0033288,2025_13_SF_CLE,2025,13,0.0,0.32854278011802424,4,2024,0.3235876806101907,0.3217499388800241
00-0033357,2025_13_NO_MIA,2025,13,0.0,0.1589526094550219,4,2024,0.177478966291357,0.183788335065641
00-0033858,2025_13_BUF_PIT,2025,13,0.0,0.1370724024709182,4,2024,0.1688464671367469,0.1484839932759766
00-0033881,2025_13_DEN_WAS,2025,13,0.0,0.2515609592018231,4,2024,0.2533237439757416,0.2658766027457758
00-0033885,2025_13_SF_CLE,2025,13,0.0,0.182846059935874,4,2024,0.1949541043285237,0.2085534529633575
00-0034351,2025_13_CHI_PHI,2025,13,0.0,0.4478723753570661,4,2024,0.3917387145785064,0.4781942073204823
00-0034365,2025_13_LV_LAC,2025,13,0.0,0.0576789424153973,4,2024,0.0908211526266016,0.1003854786981633
00-0034383,2025_13_HOU_IND,2025,13,0.0,0.4034128753057271,4,2024,0.3767386117992441,0.4021050296256748
00-0034753,2025_13_CIN_BAL,2025,13,0.0,0.37919309970780246,4,2024,0.3497012585702647,0.3929738880855704
00-0034829,2025_13_CIN_BAL,2025,13,0.0,0.12207705210740483,4,2024,0.1267592815238606,0.1862532452981174
00-0034981,2025_13_NO_MIA,2025,13,0.0,0.07648155396246581,4,2024,0.0974585293345719,0.1320618024358292
00-0035229,2025_13_MIN_SEA,2025,13,0.0,0.22292018229212213,4,2024,0.2335622960181813,0.2341596065774562
00-0035631,2025_13_CIN_BAL,2025,13,0.0,0.058535072942205696,4,2024,0.0964677924952479,0.0926722299029004
00-0035644,2025_13_CIN_BAL,2025,13,0.0,0.13146162825350038,4,2024,0.180173225725702,0.1162347313229126
00-0035689,2025_13_BUF_PIT,2025,13,0.0,0.18367168430914718,4,2024,0.1942137765193258,0.2117119019756428
00-0036040,2025_13_NO_MIA,2025,13,0.0,0.3075395825947577,4,2024,0.3063555015247893,0.3031855737660896
00-0036244,2025_13_LA_CAR,2025,13,0.0,0.15756931855364692,4,2024,0.1893047207036093,0.1603626733144285
00-0036290,2025_13_CHI_PHI,2025,13,1.0,0.049554982799286454,4,2024,0.1002152613604664,0.0656933412118336
00-0036422,2025_13_DEN_WAS,2025,13,0.0,0.1110492396749383,4,2024,0.1332396476333332,0.1499045491619494
00-0036590,2025_13_JAX_TEN,2025,13,0.0,0.16967881926528303,4,2024,0.1857918245657722,0.1941042104825814
00-0036628,2025_13_DEN_WAS,2025,13,0.0,0.06609042693406442,4,2024,0.1000185943319666,0.1038866214859568
00-0036887,2025_13_SF_CLE,2025,13,0.0,0.0827607112229356,4,2024,0.1091238124111077,0.126453510764426
00-0036970,2025_13_ATL_NYJ,2025,13,0.0,0.26888958254863715,4,2024,0.2907532502894956,0.241428251578371
00-0037005,2025_13_LA_CAR,2025,13,0.0,0.06927097112372194,4,2024,0.1047889075334213,0.1029961412556534
00-0037252,2025_13_NO_MIA,2025,13,0.0,0.17646646726379106,4,2024,0.2023648696337974,0.1812525554134786
00-0037292,2025_13_HOU_IND,2025,13,0.0,0.10487554820623879,4,2024,0.1242854874063149,0.1511098600535325
00-0037306,2025_13_GB_DET,2025,13,0.0,0.0669981594522197,4,2024,0.1012977198249655,0.1037735163013728
00-0037744,2025_13_ARI_TB,2025,13,1.0,0.3724367374838012,4,2024,0.3368850892531692,0.3994612507836926
00-0037805,2025_13_ATL_NYJ,2025,13,0.0,0.04378288369739,4,2024,0.0834347912060388,0.0812253422165493
00-0037809,2025_13_JAX_TEN,2025,13,0.0,0.23528349424217265,4,2024,0.2130049732061222,0.2976810937910546
00-0037838,2025_13_CIN_BAL,2025,13,0.0,0.1871869426484294,4,2024,0.1934683740660416,0.2210367124591166
00-0038041,2025_13_KC_DAL,2025,13,0.0,0.23458757071354785,4,2024,0.2571033471404375,0.2205427477640485
00-0038046,2025_13_CIN_BAL,2025,13,0.0,0.1546241993868756,4,2024,0.1774041545228288,0.1740070010731554
00-0038129,2025_13_ARI_TB,2025,13,0.0,0.38382772214306454,4,2024,0.3336714752894613,0.4310451104978177
00-0038547,2025_13_KC_DAL,2025,13,0.0,0.07515119618010771,4,2024,0.1103802300955775,0.1068798562693773
00-0038558,2025_13_BUF_PIT,2025,13,0.0,0.1405352371997857,4,2024,0.1701872957224483,0.1541148543607848
00-0038589,2025_13_GB_DET,2025,13,0.0,0.0701431403188084,4,2024,0.0888141306868271,0.1323593434010708
00-0038710,2025_13_SF_CLE,2025,13,0.0,-0.021309255298531504,4,2024,0.0274367324722845,0.0281334024809963
00-0038720,2025_13_NO_MIA,2025,13,0.0,0.1519869417255327,4,2024,0.1535703046991406,0.2087991032337308
00-0038935,2025_13_JAX_TEN,2025,13,1.0,0.30705231522969473,4,2024,0.2967107471003931,0.3185924860156554
00-0039041,2025_13_ARI_TB,2025,13,0.0,0.07471389916040935,4,2024,0.103671604890742,0.1173712767744395
00-0039074,2025_13_LA_CAR,2025,13,0.0,0.11677753853449727,4,2024,0.1434675229864901,0.1454975468389703
00-0039144,2025_13_GB_DET,2025,13,0.0,0.12784230000926608,4,2024,0.1273268648034926,0.1984799177871252
00-0039338,2025_13_LV_LAC,2025,13,2.0,0.305501428591153,4,2024,0.3408670817088131,0.2393974884097196
00-0039356,2025_13_LA_CAR,2025,13,0.0,-0.016713553168951963,4,2024,0.0376714845404196,0.0211216442231686
00-0039359,2025_13_HOU_IND,2025,13,0.0,0.10105090849565088,4,2024,0.1307465807473263,0.1312851775695206
00-0039530,2025_13_KC_DAL,2025,13,0.0,-0.006752680807412169,4,2024,0.0491861836971591,0.0242002644773478
00-0039686,2025_13_DEN_WAS,2025,13,0.0,0.07260426809462864,4,2024,0.101436092288824,0.1163711368764131
00-0039793,2025_13_MIN_SEA,2025,13,0.0,0.27093674297060377,4,2024,0.2695691437798699,0.2824056100332086
00-0039847,2025_13_NYG_NE,2025,13,0.0,0.2797388040615604,4,2024,0.2805244177768204,0.2837895925010508
00-0040058,2025_13_MIN_SEA,2025,13,0.0,0.0029630179274941493,4,2024,0.0514064264289613,0.0426399513467184
00-0040126,2025_13_CHI_PHI,2025,13,0.0,0.189320490273508,4,2024,0.2129083519991002,0.1926185715679982
00-0040128,2025_13_HOU_IND,2025,13,1.0,0.3935733636507525,4,2024,0.3884523220222075,0.359511576288853
00-0040187,2025_13_LA_CAR,2025,13,0.0,0.0579094607078713,4,2024,0.100802987446319,0.0838133094873313
00-0040189,2025_13_LV_LAC,2025,13,0.0,0.3485742925987032,4,2024,0.3767205474327134,0.2765881151612637
00-0040194,2025_13_BUF_PIT,2025,13,0.0,0.11162463338222442,4,2024,0.1307412606470466,0.1555018561381327
00-0040584,2025_13_JAX_TEN,2025,13,0.0,0.1132860811454375,4,2024,0.1486759817699431,0.1285815475134052
00-0040663,2025_13_SF_CLE,2025,13,1.0,0.286639827868755,4,2024,0.2860967667199674,0.2900428355742656
00-0040736,2025_13_ATL_NYJ,2025,13,0.0,0.28454254913362176,4,2024,0.2822849098870891,0.2917714165416252
00-0040737,2025_13_LA_CAR,2025,13,0.0,0.1502162566117639,4,2024,0.1774034046145881,0.1639167086507714
00-0040739,2025_13_MIN_SEA,2025,13,0.0,0.11754188184879513,4,2024,0.1438741010501923,0.1465509296881051
00-0030061,2025_14_WAS_MIN,2025,14,0.0,0.26920043300266266,4,2024,0.2810935869379427,0.2586879212609123
00-0030506,2025_14_HOU_KC,2025,14,0.0,0.4627964942411517,4,2024,0.4213477143903544,0.461638305367679
00-0031610,2025_14_MIA_NYJ,2025,14,0.0,0.22337279605378302,4,2024,0.2660497485600374,0.1795414443619826
00-0033217,2025_14_IND_JAX,2025,14,0.0,0.11526707801722896,4,2024,0.1271477735805294,0.1699969125498717
00-0033357,2025_14_NO_TB,2025,14,0.0,0.11801667437664976,4,2024,0.1445148627881928,0.1465402318548196
00-0033858,2025_14_PIT_BAL,2025,14,0.0,0.14528460808907318,4,2024,0.1565616859148099,0.1883301839432622
00-0033881,2025_14_DEN_LV,2025,14,0.0,0.23090141247728407,4,2024,0.2491136749084415,0.2257907677234021
00-0033885,2025_14_TEN_CLE,2025,14,1.0,0.2138361466010229,4,2024,0.2200887505024005,0.2364441299517788
00-0034073,2025_14_DAL_DET,2025,14,0.0,0.13674263895910607,4,2024,0.1332308612958872,0.2087422611835928
00-0034159,2025_14_PHI_LAC,2025,14,0.0,0.04339670252113188,4,2024,0.0801168891461174,0.0860251268920457
00-0034351,2025_14_PHI_LAC,2025,14,0.0,0.34123136606555854,4,2024,0.3099935956678193,0.374087361312683
00-0034365,2025_14_DEN_LV,2025,14,0.0,0.04509116703336162,4,2024,0.08236778975289,0.0860484201331717
00-0034383,2025_14_HOU_KC,2025,14,0.0,0.27099444547066986,4,2024,0.2886483574147604,0.2498530405201763
00-0034753,2025_14_PIT_BAL,2025,14,0.0,0.2728335080101878,4,2024,0.2893551072971532,0.2528526680921583
00-0034829,2025_14_CIN_BUF,2025,14,1.0,0.1370029467028958,4,2024,0.1429412186938418,0.1927033611773184
00-0034981,2025_14_NO_TB,2025,14,0.0,0.04297201587752793,4,2024,0.0840202862159293,0.0783659216300788
00-0035229,2025_14_WAS_MIN,2025,14,1.0,0.29221542448195803,4,2024,0.2913190595641216,0.2938613181813755
00-0035249,2025_14_WAS_MIN,2025,14,2.0,0.1248799089688043,4,2024,0.1465318107602892,0.158797731055638
00-0035644,2025_14_CIN_BUF,2025,14,0.0,0.17938763465196111,4,2024,0.2092997125980498,0.1760601917599947
00-0035689,2025_14_CIN_BUF,2025,14,0.0,0.23605755915432775,4,2024,0.2268563441179788,0.2757244071494468
00-0036040,2025_14_NO_TB,2025,14,0.0,0.22895037361855403,4,2024,0.253109132617847,0.2144794108717049
00-0036244,2025_14_LA_ARI,2025,14,1.0,0.14080509655305085,4,2024,0.1588053999507806,0.1742310416749842
00-0036290,2025_14_CHI_GB,2025,14,0.0,0.06989773463480493,4,2024,0.1123644023424588,0.0914534491068322
00-0036422,2025_14_DEN_LV,2025,14,0.0,0.0988399540526633,4,2024,0.1236348786367803,0.1384064861229694
00-0036590,2025_14_IND_JAX,2025,14,0.0,0.08139404013689833,4,2024,0.0999689057545418,0.1390079494811028
00-0036628,2025_14_WAS_MIN,2025,14,0.0,-0.005352415194264798,4,2024,0.0383059991426333,0.046044928910836
00-0036637,2025_14_HOU_KC,2025,14,0.0,0.11496430313798672,4,2024,0.1307849763125039,0.1630728315322768
00-0036741,2025_14_NO_TB,2025,14,0.0,0.04230937228239555,4,2024,0.0930243943271119,0.0614238883006333
00-0036876,2025_14_PHI_LAC,2025,14,0.0,-0.020003711885252178,4,2024,0.0214449182512156,0.0413869232377152
00-0036894,2025_14_PIT_BAL,2025,14,0.0,0.1258898204872398,4,2024,0.1525732398287285,0.1507602347183302
00-0036970,2025_14_SEA_ATL,2025,14,0.0,0.29004277908926507,4,2024,0.2795601244667208,0.3090315244126215
00-0037252,2025_14_MIA_NYJ,2025,14,0.0,0.18609649992554075,4,2024,0.2027935552838925,0.2025652410428569
00-0037292,2025_14_IND_JAX,2025,14,0.0,-0.005406706336729308,4,2024,0.0441554546985015,0.0358999096183801
00-0037306,2025_14_CHI_GB,2025,14,0.0,0.06584362218980976,4,2024,0.0860231410891539,0.1272972494854874
00-0037744,2025_14_LA_ARI,2025,14,0.0,0.292023777445856,4,2024,0.2893201952779508,0.2968468221007034
00-0037805,2025_14_MIA_NYJ,2025,14,0.0,0.05496369652760377,4,2024,0.0928728842335756,0.0906543452099303
00-0037809,2025_14_TEN_CLE,2025,14,0.0,0.20849165805588948,4,2024,0.2161594763180318,0.2309396726559947
00-0037838,2025_14_PIT_BAL,2025,14,1.0,0.22294045209810082,4,2024,0.1986457635825169,0.294021658044285
00-0038041,2025_14_DAL_DET,2025,14,0.0,0.22755182580294286,4,2024,0.2707580794270477,0.1810430865997847
00-0038046,2025_14_PIT_BAL,2025,14,0.0,0.10480464596351277,4,2024,0.1351726770234534,0.1322966496438856
00-0038129,2025_14_NO_TB,2025,14,0.0,0.346795399095041,4,2024,0.3171966924429246,0.3744860473543372
00-0038547,2025_14_DAL_DET,2025,14,0.0,0.07885192890961665,4,2024,0.1096584610983605,0.1165888066421127
00-0038558,2025_14_PIT_BAL,2025,14,0.0,0.2593707921856606,4,2024,0.2580374667184934,0.2756813961686941
00-0038589,2025_14_CHI_GB,2025,14,0.0,0.09814887359815613,4,2024,0.0992167275868205,0.1786551495799382
00-0038710,2025_14_TEN_CLE,2025,14,0.0,0.11437546403321439,4,2024,0.1331182804123567,0.157727546688572
00-0038933,2025_14_CIN_BUF,2025,14,1.0,0.4571553277233183,4,2024,0.4237277679295841,0.4446460977868011
00-0038935,2025_14_IND_JAX,2025,14,0.0,0.42192764530085497,4,2024,0.3808372809777445,0.437471436370464
00-0039041,2025_14_LA_ARI,2025,14,0.0,0.07094888152296111,4,2024,0.1052846850097636,0.1059882435526297
00-0039050,2025_14_NO_TB,2025,14,0.0,0.010460073170586864,4,2024,0.0497966687155682,0.0625614476954014
00-0039074,2025_14_LA_ARI,2025,14,0.0,0.11808682714775168,4,2024,0.131246868684961,0.1694302917141344
00-0039144,2025_14_CHI_GB,2025,14,0.0,0.1338290346301424,4,2024,0.1259112638534799,0.214611064133354
00-0039338,2025_14_DEN_LV,2025,14,1.0,0.23017109018883225,4,2024,0.2925700745265695,0.1496734375819289
00-0039530,2025_14_DAL_DET,2025,14,0.0,0.06580211984713681,4,2024,0.1024799322113409,0.099010041728558
00-0039686,2025_14_WAS_MIN,2025,14,0.0,0.11095649937440932,4,2024,0.134987479894827,0.1466980106754793
00-0039793,2025_14_SEA_ATL,2025,14,0.0,0.33795842092308176,4,2024,0.3011305935007673,0.3817774992744381
00-0039912,2025_14_WAS_MIN,2025,14,0.0,0.046181100863303834,4,2024,0.0796113669676845,0.0932657612237277
00-0040126,2025_14_CHI_GB,2025,14,1.0,0.23445435177263718,4,2024,0.2255189718172514,0.2743450698196789
00-0040128,2025_14_IND_JAX,2025,14,0.0,0.4373012409790544,4,2024,0.4356410453475299,0.3787833221582441
00-0040189,2025_14_PHI_LAC,2025,14,0.0,0.3035367702455392,4,2024,0.3192402078147532,0.2719486655355606
00-0040194,2025_14_CIN_BUF,2025,14,1.0,0.20090440145354166,4,2024,0.2058403215280791,0.2312471343994089
00-0040584,2025_14_TEN_CLE,2025,14,0.0,0.09951867000841394,4,2024,0.1464338094024463,0.1009034077690435
00-0040663,2025_14_TEN_CLE,2025,14,1.0,0.30799935962143526,4,2024,0.3042029830177934,0.307925678432359
00-0040736,2025_14_MIA_NYJ,2025,14,0.0,0.28657412170099805,4,2024,0.2750919877299267,0.3087447364748978
00-0040737,2025_14_LA_ARI,2025,14,0.0,0.1312332330418086,4,2024,0.1410043482938402,0.1828121957629747
00-0040739,2025_14_SEA_ATL,2025,14,0.0,0.1530029262289661,4,2024,0.1541135015888632,0.2101945530648908
00-0030506,2025_15_LAC_KC,2025,15,0.0,0.404285121098463,4,2024,0.3659884019512054,0.4225181813726918
00-0031610,2025_15_MIA_PIT,2025,15,2.0,0.3064199196432443,4,2024,0.2924245001649591,0.3244874609024331
00-0033090,2025_15_BUF_NE,2025,15,0.0,0.30248255009101027,4,2024,0.3061047519156412,0.2920375259201252
00-0033288,2025_15_TEN_SF,2025,15,1.0,0.4264129250006177,4,2024,0.380276488887497,0.448700764276581
00-0033357,2025_15_CAR_NO,2025,15,0.0,0.010605998846782247,4,2024,0.0564656531703776,0.0514708681824334
00-0033576,2025_15_IND_SEA,2025,15,0.0,0.08279929073881259,4,2024,0.1098486623197171,0.1253000918377925
00-0033858,2025_15_MIA_PIT,2025,15,0.0,0.09535200828487878,4,2024,0.1329785561768766,0.1144144672186442
00-0033881,2025_15_GB_DEN,2025,15,0.0,0.23508017527768127,4,2024,0.2402422595626732,0.2505553141226483
00-0034351,2025_15_LV_PHI,2025,15,2.0,0.35648011931804796,4,2024,0.3154551551856894,0.3996417522801128
00-0034383,2025_15_ARI_HOU,2025,15,1.0,0.3381705236835512,4,2024,0.3176452697329946,0.3539717337297133
00-0034753,2025_15_BAL_CIN,2025,15,0.0,0.3061837130561519,4,2024,0.2757748109885398,0.3524693341590356
00-0034829,2025_15_BAL_CIN,2025,15,0.0,0.2384240907427138,4,2024,0.239150293146799,0.2600815510041996
00-0035229,2025_15_MIN_DAL,2025,15,0.0,0.2490417672302389,4,2024,0.2613600458565893,0.2463421262695667
00-0035249,2025_15_MIN_DAL,2025,15,0.0,0.11069798980274043,4,2024,0.1568159672406505,0.1087117115472418
00-0035631,2025_15_BAL_CIN,2025,15,0.0,0.05850050416899635,4,2024,0.0916376490013584,0.1008676252386302
00-0035689,2025_15_BUF_NE,2025,15,2.0,0.22523605453330592,4,2024,0.2196850952279249,0.263234667666946
00-0036040,2025_15_CAR_NO,2025,15,0.0,0.21800418900958668,4,2024,0.2539825558035373,0.187922869509541
00-0036244,2025_15_DET_LA,2025,15,2.0,0.1738597172728102,4,2024,0.2154938939902051,0.1527932605504146
00-0036290,2025_15_CLE_CHI,2025,15,0.0,0.12002845486441457,4,2024,0.1606848489644204,0.1234451517897516
00-0036429,2025_15_ATL_TB,2025,15,0.0,0.07995115596971025,4,2024,0.1077926930432274,0.1223016396893675
00-0036590,2025_15_NYJ_JAX,2025,15,0.0,0.18594133343698227,4,2024,0.2008950200577094,0.2054623897026146
00-0036628,2025_15_WAS_NYG,2025,15,0.0,0.08730997242656219,4,2024,0.1202408576628231,0.1178239704676386
00-0036741,2025_15_CAR_NO,2025,15,0.0,0.07928482681429502,4,2024,0.120137796791128,0.0996276961725971
00-0036876,2025_15_LV_PHI,2025,15,0.0,0.0029492073291881304,4,2024,0.0408827835010844,0.0606364263181664
00-0036894,2025_15_MIA_PIT,2025,15,0.0,0.15412440051780552,4,2024,0.1783354960397961,0.17126727308704
00-0036970,2025_15_ATL_TB,2025,15,3.0,0.3207139594390917,4,2024,0.329979150187181,0.2928773273344504
00-0037005,2025_15_CAR_NO,2025,15,0.0,0.07959943510284498,4,2024,0.1171109613886007,0.1055332460729363
00-0037086,2025_15_LV_PHI,2025,15,0.0,0.1136347893515953,4,2024,0.1330016602737859,0.1562316229502281
00-0037252,2025_15_MIA_PIT,2025,15,0.0,0.262678279793218,4,2024,0.2503690536886942,0.2963903707566488
00-0037306,2025_15_GB_DEN,2025,15,0.0,0.09024260812955523,4,2024,0.1238472303853178,0.1183598775956774
00-0037744,2025_15_ARI_HOU,2025,15,2.0,0.3286539802833459,4,2024,0.3084851262622802,0.3478767651408344
00-0037805,2025_15_NYJ_JAX,2025,15,0.0,0.06116606890592727,4,2024,0.0965184358539682,0.0986088943696516
00-0037809,2025_15_TEN_SF,2025,15,0.0,0.21860996093292134,4,2024,0.2008711488726778,0.2802950831701369
00-0038041,2025_15_MIN_DAL,2025,15,0.0,0.3100912220478725,4,2024,0.3186858869073753,0.2879040856907457
00-0038046,2025_15_BAL_CIN,2025,15,0.0,0.022850093138762587,4,2024,0.0755569669488548,0.0467971862025108
00-0038115,2025_15_WAS_NYG,2025,15,0.0,0.11333681413877705,4,2024,0.1401566266056208,0.1432922360110993
00-0038547,2025_15_MIN_DAL,2025,15,0.0,0.08771669968227458,4,2024,0.1140197383201991,0.1294125582870101
00-0038558,2025_15_MIA_PIT,2025,15,0.0,0.23858111796164883,4,2024,0.2426708968463227,0.254409890592084
00-0038720,2025_15_MIA_PIT,2025,15,0.0,0.1649910459359274,4,2024,0.1448783641645551,0.253460993147733
00-0038933,2025_15_BUF_NE,2025,15,0.0,0.31826933433204885,4,2024,0.3172775352116483,0.3090397696918713
00-0038935,2025_15_NYJ_JAX,2025,15,0.0,0.3385482604772423,4,2024,0.3148807536135776,0.3595724303310542
00-0039041,2025_15_ARI_HOU,2025,15,0.0,0.05842712453569093,4,2024,0.0952867888119314,0.0944482739543108
00-0039066,2025_15_LV_PHI,2025,15,0.0,0.021244178669318645,4,2024,0.072763896309864,0.0479054136517681
00-0039074,2025_15_DET_LA,2025,15,0.0,0.10680916459813752,4,2024,0.1417134905856549,0.1256807167713484
00-0039144,2025_15_GB_DEN,2025,15,0.0,0.11295343801862437,4,2024,0.1332780187739977,0.1541983013159212
00-0039338,2025_15_LV_PHI,2025,15,0.0,0.24503606328938843,4,2024,0.2850796697340625,0.1965372591361036
00-0039356,2025_15_CAR_NO,2025,15,0.0,0.09757979448076404,4,2024,0.1323017158787106,0.1206742752756316
00-0039359,2025_15_ARI_HOU,2025,15,0.0,0.12625687868943725,4,2024,0.1458635653867908,0.1630949495247302
00-0039530,2025_15_MIN_DAL,2025,15,0.0,0.0746989699439019,4,2024,0.1065894740699037,0.1123384848337692
00-0039686,2025_15_WAS_NYG,2025,15,0.0,0.008158957548089103,4,2024,0.0493771319258249,0.0580119664956928
00-0039793,2025_15_IND_SEA,2025,15,0.0,0.2626257807341836,4,2024,0.2570879413070374,0.2847600268728454
00-0039847,2025_15_WAS_NYG,2025,15,0.0,0.2639569070521117,4,2024,0.2741014107454683,0.2586616776592422
00-0039912,2025_15_WAS_NYG,2025,15,0.0,0.06002336941075889,4,2024,0.0931011977872823,0.1018468732528399
00-0040058,2025_15_IND_SEA,2025,15,0.0,0.004739058840339559,4,2024,0.0497489762075392,0.0495454170008013
00-0040126,2025_15_CLE_CHI,2025,15,0.0,0.28509629245346635,4,2024,0.2750757727230291,0.30538916115463
00-0040128,2025_15_IND_SEA,2025,15,0.0,0.36461939715885944,4,2024,0.3684068216228056,0.3275641728806842
00-0040187,2025_15_CAR_NO,2025,15,0.0,-0.024791926933720794,4,2024,0.0292073964337915,0.0171268168194692
00-0040189,2025_15_LAC_KC,2025,15,0.0,0.2858140982874156,4,2024,0.3004836094606199,0.26350624863389
00-0040194,2025_15_BUF_NE,2025,15,0.0,0.0877795614760479,4,2024,0.1127161370791731,0.1317896788322757
00-0040584,2025_15_TEN_SF,2025,15,1.0,0.12227055946725421,4,2024,0.1614157473207397,0.1273261380267742
00-0040663,2025_15_CLE_CHI,2025,15,0.0,0.3588967734274605,4,2024,0.323667359635129,0.391106099301227
00-0040737,2025_15_DET_LA,2025,15,0.0,0.13337012327004788,4,2024,0.140780386780752,0.1880880775296039
00-0030506,2025_16_KC_TEN,2025,16,0.0,0.34916621475712534,4,2024,0.3238552022278183,0.3685070917802798
00-0031610,2025_16_CIN_MIA,2025,16,0.0,0.4882317680256841,4,2024,0.4532552160505826,0.4652091475746956
00-0032392,2025_16_NE_BAL,2025,16,0.0,0.08531171152864134,4,2024,0.1256155404628766,0.1040417473347546
00-0033090,2025_16_NE_BAL,2025,16,1.0,0.39352001932968234,4,2024,0.3593767423538392,0.4091989364377905
00-0033217,2025_16_SF_IND,2025,16,0.0,0.09024092047349788,4,2024,0.1084939860448518,0.1446577156232072
00-0033288,2025_16_SF_IND,2025,16,1.0,0.4306268893140662,4,2024,0.4128585562813943,0.4025317810256317
00-0033357,2025_16_NYJ_NO,2025,16,0.0,0.13279158364885624,4,2024,0.1561786350440485,0.1603847664495572
00-0033455,2025_16_PIT_DET,2025,16,0.0,0.09384050641815325,4,2024,0.1161149018759482,0.1398432144177893
00-0033576,2025_16_LA_SEA,2025,16,0.0,0.04878568187867642,4,2024,0.0897257031474211,0.0819018003442379
00-0033858,2025_16_PIT_DET,2025,16,0.0,0.07443678034374251,4,2024,0.1181541052608368,0.0919268119620415
00-0033881,2025_16_JAX_DEN,2025,16,0.0,0.3104932465004563,4,2024,0.2908004876645841,0.3365950678578113
00-0034159,2025_16_LAC_DAL,2025,16,0.0,0.07582004726895572,4,2024,0.0960674301019173,0.1329304415041718
00-0034351,2025_16_PHI_WAS,2025,16,1.0,0.3895756385094249,4,2024,0.3658560691297226,0.3890688819962711
00-0034383,2025_16_LV_HOU,2025,16,1.0,0.3772355006223694,4,2024,0.3722191775233697,0.3499166128109923
00-0034753,2025_16_NE_BAL,2025,16,0.0,0.24410205586109762,4,2024,0.2548726408712404,0.2461467125477009
00-0034829,2025_16_CIN_MIA,2025,16,1.0,0.1921743040342756,4,2024,0.200608249131219,0.2202234674889162
00-0034981,2025_16_NYJ_NO,2025,16,0.0,0.08801443562418515,4,2024,0.1147494310119228,0.1288441578263232
00-0035229,2025_16_MIN_NYG,2025,16,0.0,0.25694186217039516,4,2024,0.2675103680781297,0.2538925220125304
00-0035249,2025_16_MIN_NYG,2025,16,0.0,0.12531668951049327,4,2024,0.1358258533330581,0.1781381164145197
00-0035631,2025_16_CIN_MIA,2025,16,0.0,0.09819290196894959,4,2024,0.1244228048165731,0.1355753208921726
00-0035689,2025_16_BUF_CLE,2025,16,0.0,0.20870803593255055,4,2024,0.2364686602430951,0.1966433089135182
00-0036040,2025_16_NYJ_NO,2025,16,0.0,0.2240042728862729,4,2024,0.262653743286117,0.1868048617945922
00-0036244,2025_16_LA_SEA,2025,16,0.0,0.22977857674161073,4,2024,0.2566613243823532,0.2102902319493122
00-0036290,2025_16_GB_CHI,2025,16,0.0,0.08599219059111579,4,2024,0.1362380067582148,0.0874022534318278
00-0036422,2025_16_JAX_DEN,2025,16,0.0,0.11323321267666467,4,2024,0.1581587454372275,0.1122155512411823
00-0036429,2025_16_ATL_ARI,2025,16,0.0,0.113834859034052,4,2024,0.1340321733129394,0.1549242881352646
00-0036590,2025_16_JAX_DEN,2025,16,0.0,0.13154470231146817,4,2024,0.1496329667696869,0.1687435564319007
00-0036628,2025_16_PHI_WAS,2025,16,0.0,0.055058151288896975,4,2024,0.089349727582505,0.0969061238158897
00-0036637,2025_16_KC_TEN,2025,16,0.0,0.021235740178864995,4,2024,0.0668735365600863,0.0579768923858222
00-0036741,2025_16_NYJ_NO,2025,16,0.0,0.08697008650284019,4,2024,0.1277268263332391,0.1042215914584888
00-0036876,2025_16_PHI_WAS,2025,16,0.0,-0.010807625531674352,4,2024,0.025279588134583,0.0558713242978171
00-0036887,2025_16_SF_IND,2025,16,0.0,-0.01755587212909604,4,2024,0.0256159313110515,0.0398456473789206
00-0036894,2025_16_PIT_DET,2025,16,0.0,0.1652441634712423,4,2024,0.1971089801318772,0.1645640138025755
00-0036970,2025_16_ATL_ARI,2025,16,1.0,0.3542792788416717,4,2024,0.352935267167317,0.33039580809168
00-0037005,2025_16_TB_CAR,2025,16,0.0,0.08740041555565828,4,2024,0.1198466309242841,0.1187063829801821
00-0037112,2025_16_SF_IND,2025,16,0.0,0.2131254679074721,4,2024,0.2215676971937166,0.2322835075970915
00-0037252,2025_16_CIN_MIA,2025,16,0.0,0.26344901519317127,4,2024,0.2384029389780443,0.3186540951358691
00-0037292,2025_16_SF_IND,2025,16,0.0,0.10086533425389754,4,2024,0.1194217980851987,0.1502608511246508
00-0037306,2025_16_GB_CHI,2025,16,0.0,0.1015425331637421,4,2024,0.1227320893186214,0.1461403627568339
00-0037744,2025_16_ATL_ARI,2025,16,0.0,0.3801442950108533,4,2024,0.3435674576994328,0.4056593995078823
00-0037805,2025_16_NYJ_NO,2025,16,0.0,0.08282541318077119,4,2024,0.1275331606643122,0.0950645148165842
00-0037809,2025_16_KC_TEN,2025,16,1.0,0.2179890539718275,4,2024,0.2279811038989717,0.2324314062153468
00-0037838,2025_16_NE_BAL,2025,16,0.0,0.14585130131443697,4,2024,0.1585447997274949,0.186230295765749
00-0038041,2025_16_LAC_DAL,2025,16,0.0,0.3062741618474201,4,2024,0.3179013375368362,0.2805092941102783
00-0038046,2025_16_NE_BAL,2025,16,0.0,0.09409402943382858,4,2024,0.1208277870754339,0.1323499701930097
00-0038129,2025_16_TB_CAR,2025,16,0.0,0.34668083039515724,4,2024,0.3208866898840977,0.3679024041498601
00-0038558,2025_16_PIT_DET,2025,16,0.0,0.22557770544509442,4,2024,0.2273246798586988,0.2509294440856323
00-0038783,2025_16_JAX_DEN,2025,16,0.0,0.08480559305342739,4,2024,0.1218017614815772,0.1094164353184509
00-0038933,2025_16_BUF_CLE,2025,16,0.0,0.3182412210867994,4,2024,0.3154645038529666,0.312081317991941
00-0038935,2025_16_JAX_DEN,2025,16,1.0,0.3007608888522898,4,2024,0.3050400276995156,0.2899199249665102
00-0039041,2025_16_ATL_ARI,2025,16,0.0,0.12968631398591413,4,2024,0.1398778046655304,0.1812005539392024
00-0039066,2025_16_LV_HOU,2025,16,0.0,0.12703382922555673,4,2024,0.1766283293999429,0.112170470666857
00-0039074,2025_16_LA_SEA,2025,16,0.0,0.13575904556038754,4,2024,0.1578702646681776,0.1642805587043086
00-0039144,2025_16_GB_CHI,2025,16,0.0,0.12373092462491345,4,2024,0.1454740507313192,0.1579792904841513
00-0039338,2025_16_LV_HOU,2025,16,1.0,0.23798450822354444,4,2024,0.2792496189093266,0.1903808587573207
00-0039356,2025_16_TB_CAR,2025,16,1.0,0.0895690838413491,4,2024,0.1228822612526794,0.1184709983844535
00-0039359,2025_16_LV_HOU,2025,16,0.0,0.09198112516059012,4,2024,0.1266582764282553,0.11752443770732
00-0039530,2025_16_LAC_DAL,2025,16,0.0,-0.008260984537295596,4,2024,0.0431881319762729,0.031022428064999
00-0039793,2025_16_LA_SEA,2025,16,1.0,0.32660270412697195,4,2024,0.306717226073089,0.3462091547904496
00-0039847,2025_16_MIN_NYG,2025,16,0.0,0.23689194535557523,4,2024,0.2637988288055415,0.2143483449529372
00-0039912,2025_16_PHI_WAS,2025,16,0.0,0.045127855179438486,4,2024,0.0836872675344653,0.0838720118008019
00-0040126,2025_16_GB_CHI,2025,16,0.0,0.2860166712499276,4,2024,0.2733613802863023,0.3104332154996633
00-0040128,2025_16_SF_IND,2025,16,0.0,0.35077899425319975,4,2024,0.3593517770475519,0.3113900827430715
00-0040187,2025_16_TB_CAR,2025,16,0.0,0.07331068438903851,4,2024,0.1050399015708291,0.1118147121122385
00-0040189,2025_16_LAC_DAL,2025,16,0.0,0.34489741052399997,4,2024,0.3524514856145355,0.3097456567662793
00-0040194,2025_16_BUF_CLE,2025,16,0.0,0.10746228547368014,4,2024,0.1349075363523803,0.1388352828772368
00-0040584,2025_16_KC_TEN,2025,16,0.0,0.11063197023887819,4,2024,0.1548476560990748,0.1119324872301015
00-0040663,2025_16_BUF_CLE,2025,16,1.0,0.2578843200109966,4,2024,0.2756572010364113,0.2420938212436819
00-0040737,2025_16_LA_SEA,2025,16,1.0,0.14628915461605174,4,2024,0.1626301140643772,0.1802341527250424
00-0030506,2025_17_DEN_KC,2025,17,0.0,0.33776308646288145,4,2024,0.3266437005149646,0.3376236976334343
00-0031610,2025_17_TB_MIA,2025,17,0.0,0.3602808521182485,4,2024,0.3677508603653115,0.318755205224861
00-0032392,2025_17_NE_NYJ,2025,17,1.0,0.10661983156522939,4,2024,0.1516034295088081,0.1083047640149739
00-0033090,2025_17_NE_NYJ,2025,17,1.0,0.2892998584446156,4,2024,0.3041757054533197,0.2651616301533275
00-0033217,2025_17_JAX_IND,2025,17,1.0,0.08935680239615645,4,2024,0.1122934045587743,0.1361248106702051
00-0033246,2025_17_JAX_IND,2025,17,0.0,0.1144537085913743,4,2024,0.1275887597479647,0.1673793234201749
00-0033357,2025_17_NO_TEN,2025,17,0.0,0.029909401178506295,4,2024,0.0679505666045292,0.0759893723246133
00-0033455,2025_17_DET_MIN,2025,17,0.0,0.05787805533074225,4,2024,0.0987636699701022,0.0872349723718661
00-0033576,2025_17_SEA_CAR,2025,17,0.0,0.09515553812547203,4,2024,0.1289603385837872,0.1208482909378512
00-0033858,2025_17_PIT_CLE,2025,17,0.0,0.07559465680371125,4,2024,0.1231082055071217,0.0860907748415641
00-0033881,2025_17_DEN_KC,2025,17,0.0,0.27226689711617247,4,2024,0.2502009679583369,0.3186305711407317
00-0034159,2025_17_HOU_LAC,2025,17,0.0,0.0633984465657152,4,2024,0.0949245029685683,0.1064502889866454
00-0034351,2025_17_PHI_BUF,2025,17,1.0,0.3773070313212644,4,2024,0.3574167749594487,0.3754384283270016
00-0034383,2025_17_HOU_LAC,2025,17,0.0,0.3975122191575788,4,2024,0.3690262986872407,0.4018080165629785
00-0034753,2025_17_BAL_GB,2025,17,0.0,0.19037412055784225,4,2024,0.1791499388252799,0.252862427678748
00-0034798,2025_17_CHI_SF,2025,17,0.0,0.10194172449798988,4,2024,0.1204187911080775,0.1510171944133481
00-0034829,2025_17_ARI_CIN,2025,17,0.0,0.24224236046755754,4,2024,0.2602085549378651,0.2327481371808049
00-0035249,2025_17_DET_MIN,2025,17,0.0,0.09520849209427723,4,2024,0.1194446082454408,0.1372709582851111
00-0035631,2025_17_ARI_CIN,2025,17,0.0,0.10239832407814753,4,2024,0.128384679184321,0.1384161434876301
00-0035644,2025_17_ARI_CIN,2025,17,0.0,0.16516487940520125,4,2024,0.1844493785833637,0.1860697122327467
00-0035689,2025_17_PHI_BUF,2025,17,0.0,0.1630492302912048,4,2024,0.179072712882771,0.1904369159899891
00-0036040,2025_17_NO_TEN,2025,17,0.0,0.2231025016217536,4,2024,0.2593993273284726,0.1903154923880445
00-0036244,2025_17_LA_ATL,2025,17,0.0,0.2580569996506015,4,2024,0.251813458092394,0.2833359627786068
00-0036290,2025_17_CHI_SF,2025,17,0.0,0.1542961386566325,4,2024,0.1792182506366311,0.1701482013788005
00-0036422,2025_17_DEN_KC,2025,17,0.0,0.07088253753437482,4,2024,0.1104752210100953,0.0969444280018625
00-0036429,2025_17_LA_ATL,2025,17,0.0,-0.008283059261374577,4,2024,0.0339602736603187,0.0467801694971475
00-0036590,2025_17_JAX_IND,2025,17,0.0,0.07983158969230625,4,2024,0.0929174681393195,0.1475107085912746
00-0036637,2025_17_DEN_KC,2025,17,0.0,0.08811269361545793,4,2024,0.1104601548413747,0.1364170858623008
00-0036876,2025_17_PHI_BUF,2025,17,0.0,-0.03358933036552836,4,2024,0.0142285687910637,0.0226462628123069
00-0036894,2025_17_PIT_CLE,2025,17,0.0,0.13265592827473768,4,2024,0.1616684120617121,0.1506696379609761
00-0036970,2025_17_LA_ATL,2025,17,0.0,0.2786112158071822,4,2024,0.2853324160749121,0.2729714832111217
00-0037005,2025_17_SEA_CAR,2025,17,0.0,0.05918895508703992,4,2024,0.1015801563320607,0.0854112224713356
00-0037086,2025_17_PHI_BUF,2025,17,0.0,0.06273612329518959,4,2024,0.0984788510587599,0.0988449938027342
00-0037112,2025_17_CHI_SF,2025,17,1.0,0.24455104658089327,4,2024,0.243981846639108,0.265831696618817
00-0037252,2025_17_TB_MIA,2025,17,1.0,0.2360847766182836,4,2024,0.2417258766776331,0.2503136657614517
00-0037277,2025_17_LA_ATL,2025,17,0.0,-0.029781717718501376,4,2024,0.0190141765024169,0.0231651967055862
00-0037744,2025_17_ARI_CIN,2025,17,1.0,0.5244818520835921,4,2024,0.4421368448034714,0.5672472850336518
00-0037805,2025_17_NE_NYJ,2025,17,0.0,0.050339351346304906,4,2024,0.0970316351121489,0.0729429627537258
00-0037809,2025_17_NO_TEN,2025,17,1.0,0.2256098117896697,4,2024,0.2436866519227395,0.2229731914988966
00-0037838,2025_17_BAL_GB,2025,17,0.0,0.13067052748217403,4,2024,0.141334345710721,0.1809586136139397
00-0038041,2025_17_DAL_WAS,2025,17,1.0,0.28837713241535856,4,2024,0.3216841643738286,0.2330553261718211
00-0038046,2025_17_BAL_GB,2025,17,0.0,0.07587049179646393,4,2024,0.1048520743189878,0.1179969218843046
00-0038115,2025_17_NYG_LV,2025,17,0.0,0.07179067495860894,4,2024,0.1085724919796979,0.1022830969988364
00-0038129,2025_17_TB_MIA,2025,17,0.0,0.38718323553599415,4,2024,0.3516115928337082,0.4079939637412502
00-0038547,2025_17_DAL_WAS,2025,17,0.0,0.1145389200261199,4,2024,0.1307964675651656,0.162079270551631
00-0038558,2025_17_PIT_CLE,2025,17,0.0,0.18246404720440143,4,2024,0.2043408563967536,0.1915983891977132
00-0038589,2025_17_BAL_GB,2025,17,0.0,0.06998044089945112,4,2024,0.0932366382886757,0.1244106434026958
00-0038710,2025_17_PIT_CLE,2025,17,0.0,0.061494507048180144,4,2024,0.0983976445767649,0.0961415434343422
00-0038720,2025_17_TB_MIA,2025,17,0.0,0.12054471579866205,4,2024,0.133147147283822,0.1718020257834473
00-0038935,2025_17_JAX_IND,2025,17,0.0,0.41059900466932175,4,2024,0.3767675765633723,0.4185073881840814
00-0039041,2025_17_ARI_CIN,2025,17,0.0,0.14742018849170957,4,2024,0.1466599175775791,0.2101821549705602
00-0039066,2025_17_NYG_LV,2025,17,0.0,0.16007565919661004,4,2024,0.1927221565055493,0.1602462859130759
00-0039458,2025_17_PIT_CLE,2025,17,0.0,0.07164036890501968,4,2024,0.1059002858666497,0.1065167517380388
00-0039530,2025_17_DAL_WAS,2025,17,0.0,0.09429758936863278,4,2024,0.1156749597874589,0.1416433300155639
00-0039793,2025_17_SEA_CAR,2025,17,1.0,0.3173162484782119,4,2024,0.2872009204247864,0.3583821319599394
00-0039912,2025_17_DAL_WAS,2025,17,0.0,0.08988462666021874,4,2024,0.1320061333224009,0.1035632642363661
00-0040126,2025_17_CHI_SF,2025,17,1.0,0.3901039154376907,4,2024,0.3505515974046692,0.4164964723446396
00-0040128,2025_17_JAX_IND,2025,17,0.0,0.42378568297674285,4,2024,0.411684784024976,0.3888802659237191
00-0040187,2025_17_SEA_CAR,2025,17,0.0,0.05388310819545132,4,2024,0.0971594316998542,0.0808371373125446
00-0040189,2025_17_HOU_LAC,2025,17,1.0,0.35858402714125265,4,2024,0.3272026462518583,0.3843337825579704
00-0040584,2025_17_NO_TEN,2025,17,0.0,0.14077272799750906,4,2024,0.1643151543830868,0.1647181554142138
00-0040663,2025_17_PIT_CLE,2025,17,1.0,0.303824920330171,4,2024,0.3053040575805753,0.29648243090207
00-0040737,2025_17_LA_ATL,2025,17,1.0,0.16977200483140825,4,2024,0.1730781589713056,0.2160973795005184
00-0030506,2025_18_KC_LV,2025,18,0.0,0.3082283357423684,4,2024,0.3193824400970446,0.2824459119366111
00-0031484,2025_18_DAL_NYG,2025,18,0.0,0.10804724200807833,4,2024,0.1342919327150554,0.1412290796855444
00-0032392,2025_18_MIA_NE,2025,18,0.0,0.11327743943741347,4,2024,0.1411620148635106,0.1414339686462948
00-0033090,2025_18_MIA_NE,2025,18,0.0,0.36936815280022184,4,2024,0.3344441959374788,0.3966175138032361
00-0033110,2025_18_ARI_LA,2025,18,1.0,0.14169221608892324,4,2024,0.1703896781078154,0.1564169484254963
00-0033217,2025_18_IND_HOU,2025,18,0.0,0.05255352531025356,4,2024,0.0896520085522489,0.0906541757157138
00-0033246,2025_18_TEN_JAX,2025,18,0.0,0.12422780429517885,4,2024,0.1386845954057793,0.1707478924662787
00-0033288,2025_18_SEA_SF,2025,18,0.0,0.3119570576884079,4,2024,0.3343244928840523,0.2653851878607171
00-0033357,2025_18_NO_ATL,2025,18,0.0,0.15578479770030218,4,2024,0.1634365270388974,0.2005920797244527
00-0033455,2025_18_DET_CHI,2025,18,0.0,0.07494366044105333,4,2024,0.1059857738038537,0.1139328823254581
00-0033576,2025_18_SEA_SF,2025,18,0.0,0.07548497592603845,4,2024,0.1117705471091222,0.1052622567034384
00-0033858,2025_18_BAL_PIT,2025,18,0.0,0.07901972406852709,4,2024,0.1052079351385368,0.1245971712211571
00-0033881,2025_18_LAC_DEN,2025,18,0.0,0.2722174150802417,4,2024,0.2504404273871893,0.3181070677324033
00-0034159,2025_18_LAC_DEN,2025,18,0.0,0.06589758566488926,4,2024,0.1008047591071337,0.1020983473535063
00-0034270,2025_18_LAC_DEN,2025,18,0.0,0.10404246680368301,4,2024,0.1289294805932722,0.1412469547334046
00-0034383,2025_18_IND_HOU,2025,18,0.0,0.41174666849994307,4,2024,0.3803875843558518,0.4149334090926498
00-0034753,2025_18_BAL_PIT,2025,18,0.0,0.21477662212973425,4,2024,0.2178927303754919,0.2423592721487507
00-0034798,2025_18_DET_CHI,2025,18,0.0,-0.012916122362659606,4,2024,0.040069310302238,0.0257077861492453
00-0034829,2025_18_CLE_CIN,2025,18,0.0,0.19603050604094596,4,2024,0.2240618069073679,0.1888735053765934
00-0035249,2025_18_GB_MIN,2025,18,0.0,0.1251998690963632,4,2024,0.1565630127302229,0.1423457595953405
00-0035631,2025_18_CLE_CIN,2025,18,0.0,0.0714203324502155,4,2024,0.0997103729719433,0.1166169621543798
00-0035644,2025_18_CLE_CIN,2025,18,0.0,0.10525841993248872,4,2024,0.1353842919595881,0.1329730047970772
00-0035689,2025_18_NYJ_BUF,2025,18,1.0,0.19421231610362286,4,2024,0.2292702051218883,0.1757884008062517
00-0036040,2025_18_NO_ATL,2025,18,0.0,0.34516394894183794,4,2024,0.3503666548725471,0.3139274033491945
00-0036244,2025_18_ARI_LA,2025,18,2.0,0.27606245653217165,4,2024,0.2713742475785726,0.2910481266824957
00-0036290,2025_18_DET_CHI,2025,18,0.0,0.0868777571441012,4,2024,0.1187615897391086,0.1193685931268008
00-0036590,2025_18_TEN_JAX,2025,18,1.0,0.18368798127057848,4,2024,0.1905471128663445,0.218030587926506
00-0036628,2025_18_WAS_PHI,2025,18,1.0,0.03478580889878394,4,2024,0.0808730374368342,0.0650159222190982
00-0036637,2025_18_KC_LV,2025,18,0.0,0.14573042020102647,4,2024,0.144483859623932,0.2100414000580051
00-0036876,2025_18_WAS_PHI,2025,18,0.0,0.08883485901799312,4,2024,0.1044702619878508,0.1483317251444027
00-0036894,2025_18_BAL_PIT,2025,18,0.0,0.16233663509577634,4,2024,0.192947821661776,0.1650359931694428
00-0036970,2025_18_NO_ATL,2025,18,0.0,0.33183902491079004,4,2024,0.3355258085995937,0.3088451334720749
00-0037005,2025_18_CAR_TB,2025,18,1.0,0.1442704464770798,4,2024,0.1508499790877283,0.1957931016484864
00-0037015,2025_18_CLE_CIN,2025,18,0.0,0.18663920658464966,4,2024,0.1799944507719168,0.2428649510941975
00-0037086,2025_18_WAS_PHI,2025,18,1.0,0.09935700757506141,4,2024,0.1228479219885243,0.1409383707689033
00-0037252,2025_18_MIA_NE,2025,18,0.0,0.32164902787202587,4,2024,0.2972907018901108,0.3510167861238677
00-0037744,2025_18_ARI_LA,2025,18,0.0,0.307303138210078,4,2024,0.3073622425963847,0.3009196042361916
00-0037809,2025_18_TEN_JAX,2025,18,0.0,0.20154755058782514,4,2024,0.2255519963859044,0.1989514190343835
00-0037838,2025_18_BAL_PIT,2025,18,0.0,0.21370721799629888,4,2024,0.2246016842023454,0.2284178358130762
00-0038041,2025_18_DAL_NYG,2025,18,0.0,0.22176856715349091,4,2024,0.2488609269472466,0.2053149469672858
00-0038115,2025_18_DAL_NYG,2025,18,1.0,0.1375803987414762,4,2024,0.1735154952844821,0.141648473704025
00-0038129,2025_18_CAR_TB,2025,18,1.0,0.37957842734914243,4,2024,0.342463802745782,0.4062545733928169
00-0038547,2025_18_DAL_NYG,2025,18,0.0,0.10214188772688174,4,2024,0.1232056227275463,0.1467013176688074
00-0038589,2025_18_GB_MIN,2025,18,0.0,0.06127157215005831,4,2024,0.0942703079057739,0.1027017108940139
00-0038710,2025_18_CLE_CIN,2025,18,0.0,0.09639329057662799,4,2024,0.1187453207141998,0.1411813969262667
00-0038720,2025_18_MIA_NE,2025,18,0.0,0.1105991963594894,4,2024,0.1254797027537245,0.162167807969077
00-0038933,2025_18_NYJ_BUF,2025,18,0.0,0.26922692429269596,4,2024,0.2592249108890611,0.2962118834245733
00-0038935,2025_18_TEN_JAX,2025,18,1.0,0.3897977738826216,4,2024,0.335076104240058,0.4423067162726036
00-0039041,2025_18_ARI_LA,2025,18,0.0,0.07661883921661297,4,2024,0.1082097371542844,0.1139581689742351
00-0039050,2025_18_CAR_TB,2025,18,0.0,0.1182763635600192,4,2024,0.1367362150402961,0.1604603974980332
00-0039066,2025_18_KC_LV,2025,18,0.0,0.21812164056788452,4,2024,0.2435443904118278,0.2060734251471255
00-0039074,2025_18_ARI_LA,2025,18,0.0,0.13322155981796682,4,2024,0.1680493470050031,0.1410333949158129
00-0039305,2025_18_MIA_NE,2025,18,0.0,0.123337402410405,4,2024,0.1326019531458644,0.1791295975273593
00-0039359,2025_18_IND_HOU,2025,18,0.0,0.13279523990326308,4,2024,0.1509932054838475,0.169276316371581
00-0039458,2025_18_CLE_CIN,2025,18,0.0,0.10537488682334892,4,2024,0.1255791869617952,0.1500368079410514
00-0039530,2025_18_DAL_NYG,2025,18,0.0,0.08949681311543545,4,2024,0.1195569878920547,0.1240020797917026
00-0039793,2025_18_SEA_SF,2025,18,0.0,0.380632041186078,4,2024,0.3464169180490257,0.4018946277896216
00-0039912,2025_18_WAS_PHI,2025,18,0.0,0.054818576195589316,4,2024,0.0938278018968639,0.0886862325274214
00-0040126,2025_18_DET_CHI,2025,18,1.0,0.3768635611548715,4,2024,0.3608649151866781,0.3685161221707039
00-0040128,2025_18_IND_HOU,2025,18,0.0,0.3466878070605306,4,2024,0.3702721277216746,0.2833159936251328
00-0040187,2025_18_CAR_TB,2025,18,0.0,0.0717187356529034,4,2024,0.099924695213103,0.116932972420823
00-0040189,2025_18_LAC_DEN,2025,18,0.0,0.3677956092943841,4,2024,0.3306772492358469,0.3994704918034366
00-0040194,2025_18_NYJ_BUF,2025,18,0.0,0.1211903862149776,4,2024,0.1628507969319585,0.1223947923274561
00-0032392,2025_19_LAC_NE,2025,19,0.0,0.0782906184893615,4,2024,0.1212256410599869,0.0954879580231778
00-0033090,2025_19_LAC_NE,2025,19,1.0,0.3559729357429826,4,2024,0.3294245187926465,0.374549632049315
00-0033110,2025_19_LA_CAR,2025,19,0.0,0.17969179323978343,4,2024,0.203058795723812,0.1874478733327918
00-0033288,2025_19_SF_PHI,2025,19,0.0,0.4251177489307281,4,2024,0.3637010762838925,0.4741309814126944
00-0033858,2025_19_HOU_PIT,2025,19,0.0,0.06913887199565814,4,2024,0.1088192046811867,0.0957893950256174
00-0034351,2025_19_SF_PHI,2025,19,1.0,0.37021128434888423,4,2024,0.3495723924570663,0.3726316139895296
00-0034383,2025_19_HOU_PIT,2025,19,0.0,0.31533263577676235,4,2024,0.3253324551994954,0.2885175557758939
00-0034798,2025_19_GB_CHI,2025,19,0.0,0.09716783406970916,4,2024,0.1151051783357053,0.1491905844496966
00-0035689,2025_19_BUF_JAX,2025,19,0.0,0.19903027796748146,4,2024,0.2367788502719525,0.1739555898592393
00-0036244,2025_19_LA_CAR,2025,19,1.0,0.3375029342455156,4,2024,0.3215342061343356,0.3457811976236063
00-0036290,2025_19_GB_CHI,2025,19,0.0,0.13547293758070914,4,2024,0.1680250244354291,0.1462293830587852
00-0036887,2025_19_SF_PHI,2025,19,0.0,0.05695552458640446,4,2024,0.0934794550158159,0.0941753325027603
00-0036894,2025_19_HOU_PIT,2025,19,0.0,0.18992469555869376,4,2024,0.2209634582970183,0.1802026101674897
00-0037005,2025_19_LA_CAR,2025,19,0.0,0.11601643761079836,4,2024,0.1472514572701968,0.1372728043699619
00-0037112,2025_19_SF_PHI,2025,19,0.0,0.2639208735099485,4,2024,0.2661821250566261,0.2721457408831416
00-0037654,2025_19_LAC_NE,2025,19,0.0,0.10730703417172896,4,2024,0.1233271275756452,0.1583182920743696
00-0038589,2025_19_GB_CHI,2025,19,0.0,0.09750421978351659,4,2024,0.1192523314267881,0.1428562045490696
00-0038933,2025_19_BUF_JAX,2025,19,1.0,0.32176001490277484,4,2024,0.2995894397205719,0.3473329040674368
00-0038935,2025_19_BUF_JAX,2025,19,0.0,0.3290596856972466,4,2024,0.3031504330540276,0.3579444735376662
00-0039144,2025_19_GB_CHI,2025,19,0.0,0.15846145148556107,4,2024,0.1692584395355048,0.1967464902555085
00-0039305,2025_19_LAC_NE,2025,19,0.0,0.08141968520915349,4,2024,0.1066811918136405,0.1275678185112509
00-0039359,2025_19_HOU_PIT,2025,19,0.0,0.09684922539633911,4,2024,0.125668535496987,0.1303650317107304
00-0040126,2025_19_GB_CHI,2025,19,0.0,0.3567077502591439,4,2024,0.3469910235575137,0.3461386752068624
00-0040187,2025_19_LA_CAR,2025,19,0.0,0.05432714414638547,4,2024,0.1028743218386721,0.0720635163195624
00-0040189,2025_19_LAC_NE,2025,19,0.0,0.38787627686235576,4,2024,0.3587196988118664,0.3974036941161007
00-0040194,2025_19_BUF_JAX,2025,19,0.0,-0.011700868967942063,4,2024,0.0429797314844112,0.0235041426537939
00-0032392,2025_20_HOU_NE,2025,20,0.0,0.07937442349824997,4,2024,0.1183548302855659,0.1028872262480711
00-0033090,2025_20_HOU_NE,2025,20,0.0,0.3613871376782191,4,2024,0.3448619292214265,0.360499059366363
00-0033110,2025_20_LA_CHI,2025,20,0.0,0.17404378048122554,4,2024,0.1975144345908035,0.1840153370827257
00-0033881,2025_20_BUF_DEN,2025,20,0.0,0.2849725352173163,4,2024,0.299094424273167,0.2639593863314369
00-0034383,2025_20_HOU_NE,2025,20,0.0,0.396968011037697,4,2024,0.3745528337556578,0.3910945740108317
00-0034798,2025_20_LA_CHI,2025,20,0.0,0.08175147800983262,4,2024,0.1020486758130042,0.1362634083523992
00-0035689,2025_20_BUF_DEN,2025,20,0.0,0.14840439221692478,4,2024,0.1732200444570067,0.1669351431095946
00-0036232,2025_20_HOU_NE,2025,20,0.0,0.1125278534565852,4,2024,0.1315517135641431,0.1561813049181966
00-0036244,2025_20_LA_CHI,2025,20,0.0,0.27497290812108516,4,2024,0.2741136852207399,0.2838607652864223
00-0036290,2025_20_LA_CHI,2025,20,1.0,0.05679865512577548,4,2024,0.1032925427086162,0.0770053562285355
00-0036422,2025_20_BUF_DEN,2025,20,0.0,0.08553803587059378,4,2024,0.1278791973379999,0.1006820166986707
00-0036887,2025_20_SF_SEA,2025,20,0.0,0.0640116234536929,4,2024,0.0991834294759462,0.1005581173982013
00-0037112,2025_20_SF_SEA,2025,20,0.0,0.28336863892930175,4,2024,0.2785531751372401,0.2954767068683378
00-0038783,2025_20_BUF_DEN,2025,20,0.0,0.05558909032610537,4,2024,0.0886082775755568,0.0993918404613367
00-0038933,2025_20_BUF_DEN,2025,20,1.0,0.3304653023526603,4,2024,0.3014227720897349,0.3641221654245721
00-0039359,2025_20_HOU_NE,2025,20,0.0,0.10616234048201656,4,2024,0.1262268081149233,0.1507301679441923
00-0039793,2025_20_SF_SEA,2025,20,0.0,0.20076857014204796,4,2024,0.2066967466721598,0.2294690159821964
00-0040126,2025_20_LA_CHI,2025,20,0.0,0.3103727830669151,4,2024,0.3139923693481375,0.2965891765200365
00-0040737,2025_20_LA_CHI,2025,20,0.0,0.14109149946258262,4,2024,0.1651733598685423,0.1639777580774857
00-0033090,2025_21_NE_DEN,2025,21,0.0,0.3276695235406503,4,2024,0.3129316876402374,0.3380055211761836
00-0033110,2025_21_LA_SEA,2025,21,0.0,0.12309784896038373,4,2024,0.1554325991077849,0.1394698949169719
00-0033576,2025_21_LA_SEA,2025,21,0.0,-0.01405125927410946,4,2024,0.0282162520410675,0.043414514794901
00-0033881,2025_21_NE_DEN,2025,21,0.0,0.29485966907433353,4,2024,0.278862893918597,0.3212537766267047
00-0036244,2025_21_LA_SEA,2025,21,0.0,0.251535799119621,4,2024,0.2684418200986803,0.2399201668811907
00-0039793,2025_21_LA_SEA,2025,21,0.0,0.2859680061024085,4,2024,0.2718083590190944,0.3129822878364123
00-0040737,2025_21_LA_SEA,2025,21,0.0,0.10658204812858041,4,2024,0.1356614320918769,0.1355285592461572
00-0032392,2025_22_SEA_NE,2025,22,0.0,0.05305050774486231,4,2024,0.1053792263164708,0.0648496139449611
00-0033090,2025_22_SEA_NE,2025,22,0.0,0.30291390419515846,4,2024,0.2924874168238435,0.3163529801948034
00-0039793,2025_22_SEA_NE,2025,22,1.0,0.30913789254638085,4,2024,0.277056644135131,0.3570367414565636
