player_id,game_id,season,week,y_true,y_pred,fold_idx,lgbm_pred,catboost_pred
00-0019596,2021_01_DAL_TB,2021,1,379.0,255.32523544522135,0,243.85450476416136,253.7094468500512
00-0022924,2021_01_PIT_BUF,2021,1,188.0,256.33374049469194,0,241.6951025079728,254.35954973151823
00-0023459,2021_01_GB_NO,2021,1,133.0,248.1158916067445,0,198.19561333185936,243.62388838739872
00-0026143,2021_01_PHI_ATL,2021,1,164.0,304.4350365412728,0,275.3889442256575,297.53357470003743
00-0026498,2021_01_CHI_LA,2021,1,321.0,285.2423203761267,0,292.134186363562,282.9940986771725
00-0027973,2021_01_CHI_LA,2021,1,206.0,288.98818067003276,0,289.4951969505757,285.8877880646522
00-0028118,2021_01_JAX_HOU,2021,1,291.0,272.04186473391997,0,274.60740009603273,270.4087958044571
00-0029263,2021_01_SEA_IND,2021,1,254.0,273.51961332430176,0,274.29471301933626,271.6151981514665
00-0029604,2021_01_MIN_CIN,2021,1,351.0,227.72623216207745,0,229.73659175858543,229.4017166096737
00-0029701,2021_01_ARI_TEN,2021,1,212.0,246.27449565608563,0,245.8673139624226,246.3293130061809
00-0031237,2021_01_DEN_NYG,2021,1,264.0,230.53093955238484,0,219.3371809669944,230.81856698902095
00-0031280,2021_01_BAL_LV,2021,1,435.0,271.84618684965835,0,272.20678179185234,270.03167767365204
00-0031345,2021_01_SF_DET,2021,1,314.0,286.6446742414646,0,290.03101006236585,283.978154192416
00-0031503,2021_01_GB_NO,2021,1,148.0,256.1421374708424,0,245.09589350845255,254.5022336503143
00-0031800,2021_01_LAC_WAS,2021,1,122.0,227.83564288944586,0,184.65292665559943,225.4800825365063
00-0032950,2021_01_SEA_IND,2021,1,251.0,293.9740975280238,0,290.4165020912206,290.13410049239
00-0033077,2021_01_DAL_TB,2021,1,403.0,259.72452266726816,0,245.99889225131693,257.57466810744637
00-0033106,2021_01_SF_DET,2021,1,338.0,283.2879263714997,0,287.14230718532446,280.9174223192733
00-0033873,2021_01_CLE_KC,2021,1,337.0,258.3316279437479,0,260.38509619956994,257.6918575294534
00-0034796,2021_01_BAL_LV,2021,1,235.0,218.18487818980057,0,190.4149274276891,217.93252522292835
00-0034855,2021_01_CLE_KC,2021,1,321.0,247.57780851795602,0,258.30649220882566,248.52510130035225
00-0034857,2021_01_PIT_BUF,2021,1,270.0,246.09265551099335,0,200.8693630302875,242.1720519409822
00-0034869,2021_01_NYJ_CAR,2021,1,279.0,274.74058954101156,0,270.7114947355267,272.3160221995168
00-0035228,2021_01_ARI_TEN,2021,1,289.0,247.0114910316004,0,248.40480312899433,247.17073000143253
00-0035710,2021_01_DEN_NYG,2021,1,267.0,235.10687936410326,0,220.94759419383777,234.78380040819857
00-0036212,2021_01_MIA_NE,2021,1,202.0,246.4829106160586,0,235.1343761140463,245.54801700334312
00-0036355,2021_01_LAC_WAS,2021,1,337.0,270.7078627751955,0,269.67358149876145,268.8554473296832
00-0036389,2021_01_PHI_ATL,2021,1,264.0,299.5587589386919,0,280.8306957128459,293.94522682321656
00-0036442,2021_01_MIN_CIN,2021,1,261.0,246.63958460488905,0,235.2330598404749,245.6876573179136
00-0036971,2021_01_JAX_HOU,2021,1,332.0,283.49542793651483,0,294.783779413351,281.7709179124041
00-0036972,2021_01_MIA_NE,2021,1,281.0,235.42827395423203,0,231.1371762721432,235.95923493044785
00-0037013,2021_01_NYJ_CAR,2021,1,258.0,261.62294584326116,0,265.51187804779073,260.8971586980475
00-0019596,2021_02_ATL_TB,2021,2,276.0,300.9230365380015,0,275.9462151933632,294.6499093406451
00-0022924,2021_02_LV_PIT,2021,2,295.0,259.70665759658937,0,262.2620655916555,259.00737471237164
00-0023459,2021_02_DET_GB,2021,2,255.0,213.8605570283405,0,223.63065043380604,217.2774128839684
00-0026143,2021_02_ATL_TB,2021,2,300.0,232.19121089047928,0,245.3118810215198,234.51732411894645
00-0026498,2021_02_LA_IND,2021,2,278.0,288.63746190722384,0,280.93449320505005,284.83285233641953
00-0027973,2021_02_CIN_CHI,2021,2,56.0,138.11849738333834,0,144.5463350107828,146.9771261779007
00-0028118,2021_02_HOU_CLE,2021,2,125.0,218.29359865688863,0,184.2842541933354,217.4776226971061
00-0029263,2021_02_TEN_SEA,2021,2,343.0,272.4985736698744,0,262.271402283205,269.69218568522354
00-0029604,2021_02_MIN_ARI,2021,2,244.0,287.78587761300037,0,266.4196288202166,282.8295915291517
00-0029701,2021_02_TEN_SEA,2021,2,347.0,230.38430478329582,0,252.87724260203055,233.68158459536272
00-0031237,2021_02_DEN_JAX,2021,2,328.0,262.5448416105377,0,258.47216114787284,261.0405147275025
00-0031280,2021_02_LV_PIT,2021,2,382.0,293.95707411449655,0,266.346859339813,287.97738022238235
00-0031345,2021_02_SF_PHI,2021,2,189.0,253.2779139469437,0,236.703430517852,251.36296058184072
00-0031503,2021_02_NO_CAR,2021,2,111.0,270.6441626177642,0,242.35522461853344,266.37056544423825
00-0031800,2021_02_NYG_WAS,2021,2,336.0,242.8680250587838,0,253.1423512030343,244.13175323298356
00-0032950,2021_02_LA_IND,2021,2,247.0,271.3320387677119,0,281.8266959299919,270.4585481097965
00-0033077,2021_02_DAL_LAC,2021,2,237.0,304.8702214871064,0,297.5436056786863,299.86909157845935
00-0033106,2021_02_DET_GB,2021,2,246.0,263.1326369502732,0,268.92930625471195,262.46226721675475
00-0033119,2021_02_BUF_MIA,2021,2,169.0,194.13768116180182,0,228.54653146144295,201.24217788141507
00-0033873,2021_02_KC_BAL,2021,2,343.0,304.8164067264996,0,311.6908566375609,301.08342871444745
00-0034796,2021_02_KC_BAL,2021,2,239.0,154.3377476087861,0,159.8758729826423,161.8881839404853
00-0034855,2021_02_HOU_CLE,2021,2,213.0,269.6928365802155,0,243.7520296122757,265.7003384562724
00-0034857,2021_02_BUF_MIA,2021,2,179.0,215.032910907838,0,187.451688888055,215.03619422872865
00-0034869,2021_02_NO_CAR,2021,2,305.0,275.83117797807097,0,266.9585418013899,272.8928360982428
00-0035228,2021_02_MIN_ARI,2021,2,400.0,273.01853228666505,0,280.11854056783307,271.71508272581707
00-0035710,2021_02_NYG_WAS,2021,2,249.0,266.140976114943,0,231.95148925063503,261.6833798773469
00-0036355,2021_02_DAL_LAC,2021,2,338.0,285.94029102682805,0,285.7092140759931,283.00514947734837
00-0036389,2021_02_SF_PHI,2021,2,190.0,261.8292049432621,0,252.5120304595537,259.9122785052182
00-0036442,2021_02_CIN_CHI,2021,2,207.0,274.51442029509474,0,257.70485318992513,270.9693673037974
00-0036898,2021_02_HOU_CLE,2021,2,102.0,99.36568509794637,0,126.72140549472114,113.02361377574633
00-0036945,2021_02_CIN_CHI,2021,2,60.0,130.53924423573108,0,146.20754312302395,140.79470077923915
00-0036971,2021_02_DEN_JAX,2021,2,118.0,270.9508873408208,0,265.74814935877663,268.7090116872573
00-0036972,2021_02_NE_NYJ,2021,2,186.0,257.00580565871576,0,265.68528834725186,257.0562969896451
00-0037013,2021_02_NE_NYJ,2021,2,210.0,239.7202069747852,0,238.51644768258723,240.20076327889572
00-0019596,2021_03_TB_LA,2021,3,432.0,301.2794637778064,0,291.41235496017237,296.3242838531973
00-0022924,2021_03_CIN_PIT,2021,3,318.0,260.43385345337674,0,253.02398551327295,258.7924326875157
00-0023459,2021_03_GB_SF,2021,3,261.0,246.66905979214388,0,233.53610012748587,245.56122455092216
00-0026143,2021_03_ATL_NYG,2021,3,243.0,257.21123966998584,0,261.23421608655735,256.8316766049931
00-0026498,2021_03_TB_LA,2021,3,343.0,281.620848839799,0,277.04944091917196,278.6266642821654
00-0029263,2021_03_SEA_MIN,2021,3,298.0,293.17382223455104,0,284.5612367945099,288.94450729799115
00-0029604,2021_03_SEA_MIN,2021,3,323.0,296.0864321702476,0,298.301169525397,292.60018566589395
00-0029701,2021_03_IND_TEN,2021,3,197.0,263.0318150202954,0,265.6013187526873,262.0818264845795
00-0031237,2021_03_NYJ_DEN,2021,3,235.0,275.98813569245647,0,252.01116291265697,271.6934238533061
00-0031280,2021_03_MIA_LV,2021,3,386.0,275.03890762383105,0,275.8537032218666,273.02290294000795
00-0031345,2021_03_GB_SF,2021,3,257.0,263.8795814774404,0,231.90332514352383,259.7903455291624
00-0031503,2021_03_NO_NE,2021,3,128.0,231.05748110588098,0,218.6187042869901,231.19438806192775
00-0031800,2021_03_WAS_BUF,2021,3,212.0,224.06785550476795,0,208.93210318544996,224.4943292117678
00-0032950,2021_03_IND_TEN,2021,3,194.0,271.1394594969196,0,262.5995709190597,268.5862464491795
00-0033077,2021_03_PHI_DAL,2021,3,238.0,277.93623274984304,0,253.49438991955108,273.45252657604766
00-0033106,2021_03_BAL_DET,2021,3,217.0,300.23849246259203,0,298.7224927528223,296.1055452024244
00-0033119,2021_03_MIA_LV,2021,3,215.0,245.14124330902607,0,248.52764153884655,245.6196081862
00-0033873,2021_03_LAC_KC,2021,3,260.0,272.0642728618325,0,269.8908077478552,270.00767510699234
00-0034796,2021_03_BAL_DET,2021,3,287.0,203.34221949678457,0,195.1921249472443,205.96096848163012
00-0034855,2021_03_CHI_CLE,2021,3,246.0,241.48631826902513,0,220.52998163549012,240.07482056242284
00-0034857,2021_03_WAS_BUF,2021,3,358.0,166.19225630899768,0,170.72274925671812,172.75473754932395
00-0034869,2021_03_CAR_HOU,2021,3,304.0,289.541489520328,0,269.19156357885817,284.54263933263314
00-0035228,2021_03_ARI_JAX,2021,3,316.0,265.54740936054316,0,288.0429370983355,266.18047198119825
00-0035710,2021_03_ATL_NYG,2021,3,266.0,274.31165866084996,0,265.7397654833547,271.5152267028636
00-0036355,2021_03_LAC_KC,2021,3,281.0,267.5271936073194,0,279.389689959991,267.0637660965611
00-0036389,2021_03_PHI_DAL,2021,3,326.0,271.17443557970773,0,237.9094408349502,266.417725649663
00-0036442,2021_03_CIN_PIT,2021,3,172.0,244.5784088826109,0,224.2465932095572,242.98820147151497
00-0036898,2021_03_CAR_HOU,2021,3,168.0,234.93460797084273,0,239.87013805293392,236.32426233237263
00-0036945,2021_03_CHI_CLE,2021,3,68.0,178.56160321215202,0,221.40198460313633,187.5968737762941
00-0036971,2021_03_ARI_JAX,2021,3,219.0,241.60200183922674,0,249.58174164602033,242.75741445449225
00-0036972,2021_03_NO_NE,2021,3,270.0,232.27101404760035,0,241.1663130626716,234.21496889964203
00-0037013,2021_03_NYJ_DEN,2021,3,160.0,206.99663443163558,0,204.85979715569465,209.87372973584513
00-0019596,2021_04_TB_NE,2021,4,269.0,268.9773163387663,0,255.83684463761992,266.17842746228257
00-0022924,2021_04_PIT_GB,2021,4,232.0,255.87389907968335,0,261.92394241723196,255.77610615678475
00-0023459,2021_04_PIT_GB,2021,4,248.0,252.0309476196617,0,256.25525708891735,252.0618369877714
00-0026143,2021_04_WAS_ATL,2021,4,283.0,272.05961188226127,0,280.4792460966724,270.94628688754375
00-0026498,2021_04_ARI_LA,2021,4,280.0,312.50067988385956,0,307.60687326387523,307.13791064788074
00-0029263,2021_04_SEA_SF,2021,4,149.0,280.86948066038497,0,280.1720363284473,278.27706191472936
00-0029604,2021_04_CLE_MIN,2021,4,203.0,287.6245262196112,0,297.69428486534713,285.4786679149867
00-0029701,2021_04_TEN_NYJ,2021,4,298.0,222.95239517267683,0,217.882317223415,224.359363826908
00-0031237,2021_04_BAL_DEN,2021,4,65.0,191.4804168412575,0,193.759363365274,195.9262979252748
00-0031280,2021_04_LV_LAC,2021,4,196.0,264.868041548193,0,252.18401114257097,262.42115773875616
00-0031345,2021_04_SEA_SF,2021,4,165.0,200.52910679356242,0,170.2805149296279,201.39397121476355
00-0031503,2021_04_NYG_NO,2021,4,226.0,240.09738646429824,0,219.2486007579431,238.8007070129351
00-0031800,2021_04_WAS_ATL,2021,4,290.0,260.5664246059587,0,254.8144680552167,259.06253344366837
00-0032950,2021_04_IND_MIA,2021,4,228.0,227.40719790555033,0,231.5318120524969,229.295052190246
00-0033077,2021_04_CAR_DAL,2021,4,188.0,283.4175522214023,0,276.92857610726406,280.1165365524621
00-0033106,2021_04_DET_CHI,2021,4,299.0,272.91743497999346,0,246.9994720961827,268.68262967345817
00-0033119,2021_04_IND_MIA,2021,4,199.0,219.99207241772527,0,233.5512282856687,223.2815934597479
00-0033873,2021_04_KC_PHI,2021,4,278.0,303.15245735263,0,309.8933029691894,299.53367090712953
00-0034796,2021_04_BAL_DEN,2021,4,316.0,156.0066723704735,0,188.93192509158655,165.8684477611108
00-0034855,2021_04_CLE_MIN,2021,4,155.0,268.22633586612676,0,250.26678642990507,265.0553929951528
00-0034857,2021_04_HOU_BUF,2021,4,248.0,247.92028097177845,0,231.54550414008855,246.42907308910688
00-0034869,2021_04_CAR_DAL,2021,4,301.0,298.6251417555412,0,276.6273036806785,292.7913022695912
00-0035228,2021_04_ARI_LA,2021,4,268.0,279.40920381110027,0,286.0897236939928,277.5841679896771
00-0035704,2021_04_BAL_DEN,2021,4,113.0,100.39850234871287,0,125.76431443888328,113.8010434099871
00-0035710,2021_04_NYG_NO,2021,4,402.0,257.32181158101776,0,238.97630577336272,254.94279272188007
00-0036355,2021_04_LV_LAC,2021,4,222.0,294.26541647056627,0,277.9166611624743,289.26477032633807
00-0036389,2021_04_KC_PHI,2021,4,387.0,262.285045217026,0,248.32840737217015,259.92060714283724
00-0036442,2021_04_JAX_CIN,2021,4,348.0,261.6052264838647,0,260.98061243798134,260.4790194044149
00-0036898,2021_04_HOU_BUF,2021,4,87.0,211.876100748156,0,219.90563603265187,215.28839506974532
00-0036945,2021_04_DET_CHI,2021,4,209.0,214.01017790929603,0,205.39054900794,215.77877894055945
00-0036971,2021_04_JAX_CIN,2021,4,204.0,256.76204015579015,0,262.49011579120395,256.5682900749576
00-0036972,2021_04_TB_NE,2021,4,275.0,261.25096159876034,0,266.6678041236287,260.68936448185053
00-0037012,2021_04_SEA_SF,2021,4,157.0,111.60544690815257,0,125.17746715155816,123.1089970133728
00-0037013,2021_04_TEN_NYJ,2021,4,297.0,222.65697903166898,0,227.3204488996796,224.95274117996655
00-0019596,2021_05_MIA_TB,2021,5,411.0,248.86200563167327,0,227.2221622550001,246.83078214649703
00-0022924,2021_05_DEN_PIT,2021,5,253.0,227.47335955611402,0,221.57162963596107,228.4637293048212
00-0023459,2021_05_GB_CIN,2021,5,344.0,256.5530623003683,0,249.68388368191913,255.2538326292
00-0026143,2021_05_NYJ_ATL,2021,5,342.0,252.3457872919582,0,260.9157542485152,252.73963839166993
00-0026498,2021_05_LA_SEA,2021,5,365.0,283.70266879821634,0,277.18558152879336,280.3775464690799
00-0029263,2021_05_LA_SEA,2021,5,152.0,183.52093932065665,0,193.47283509376976,189.2529309015968
00-0029604,2021_05_DET_MIN,2021,5,275.0,286.86187871621144,0,245.6167030091759,280.20613222010473
00-0029701,2021_05_TEN_JAX,2021,5,197.0,250.98604480647694,0,244.8222162830406,250.17143516725812
00-0030520,2021_05_NYG_DAL,2021,5,196.0,112.27827247199966,0,116.83708351529955,122.92855050741692
00-0030565,2021_05_LA_SEA,2021,5,131.0,88.2459283142005,0,123.00951366470616,103.40583851863414
00-0031237,2021_05_DEN_PIT,2021,5,288.0,243.3888174262414,0,229.55633333928063,242.46727263809095
00-0031280,2021_05_CHI_LV,2021,5,206.0,273.7513501697015,0,263.10451196102997,270.81267870148577
00-0031503,2021_05_NO_WAS,2021,5,279.0,235.83978899858127,0,242.2540648320569,237.2924812491039
00-0031800,2021_05_NO_WAS,2021,5,248.0,251.53950711816523,0,239.5354381891805,250.16310431738367
00-0032950,2021_05_IND_BAL,2021,5,402.0,265.60031279654015,0,270.117672113987,264.62908274857426
00-0033077,2021_05_NYG_DAL,2021,5,302.0,302.0899353446415,0,293.0176939346912,297.1440960134279
00-0033106,2021_05_DET_MIN,2021,5,203.0,299.9910136949542,0,285.0688038000706,294.68349692004824
00-0033119,2021_05_MIA_TB,2021,5,275.0,259.48244747419017,0,254.75356751443948,258.15176028622767
00-0033873,2021_05_BUF_KC,2021,5,272.0,309.87887420908896,0,301.88272257031156,304.438621700847
00-0034796,2021_05_IND_BAL,2021,5,442.0,193.68999339899483,0,191.66857783559655,197.58565959603317
00-0034855,2021_05_CLE_LAC,2021,5,305.0,247.79289131895044,0,230.0509959071358,246.18964544125848
00-0034857,2021_05_BUF_KC,2021,5,315.0,273.49253096537234,0,212.8235823917456,266.12087189657416
00-0034869,2021_05_PHI_CAR,2021,5,177.0,275.7630095496045,0,276.4128529993412,273.67745397071303
00-0035228,2021_05_SF_ARI,2021,5,239.0,280.4698733481074,0,283.49908080802044,278.23945349033585
00-0035710,2021_05_NYG_DAL,2021,5,98.0,235.85098247034747,0,197.2120847354936,233.29252529846465
00-0036355,2021_05_CLE_LAC,2021,5,398.0,297.89015431565406,0,276.87985502711655,292.1999111593266
00-0036389,2021_05_PHI_CAR,2021,5,198.0,245.49687153397187,0,248.4601550920691,245.91062650412533
00-0036442,2021_05_GB_CIN,2021,5,281.0,247.6071843506987,0,239.95732824110257,246.91632913661135
00-0036898,2021_05_NE_HOU,2021,5,312.0,231.78355835028643,0,226.8337601542201,232.5320612038704
00-0036945,2021_05_CHI_LV,2021,5,111.0,242.35865019315813,0,229.50835480920392,241.6025924519081
00-0036971,2021_05_TEN_JAX,2021,5,273.0,235.51376071505436,0,246.38999867238627,237.38832838190092
00-0036972,2021_05_NE_HOU,2021,5,231.0,266.4106186800102,0,244.5234980147698,263.02765646751646
00-0037012,2021_05_SF_ARI,2021,5,192.0,240.85807126755904,0,247.37404593077912,241.93956087123408
00-0037013,2021_05_NYJ_ATL,2021,5,192.0,235.48987214541685,0,234.077442725779,236.27240340152744
00-0019596,2021_06_TB_PHI,2021,6,297.0,295.1486879979153,0,291.7466394491788,291.2335332262571
00-0022924,2021_06_SEA_PIT,2021,6,229.0,264.7532984677224,0,258.89539185692485,262.9227203943106
00-0023459,2021_06_GB_CHI,2021,6,195.0,250.6366618708407,0,245.18717422249284,249.9121117171931
00-0026498,2021_06_LA_NYG,2021,6,251.0,252.62866675721418,0,248.6230531620599,251.8816975221115
00-0029604,2021_06_MIN_CAR,2021,6,373.0,266.10507914503194,0,238.75093627941408,262.2586348758775
00-0029701,2021_06_BUF_TEN,2021,6,216.0,238.78431970064335,0,233.96885242025704,239.0143042817375
00-0030565,2021_06_SEA_PIT,2021,6,209.0,208.6783529794163,0,221.98863865202364,212.80300677139547
00-0031237,2021_06_LV_DEN,2021,6,334.0,253.44358773780297,0,236.93062189692017,251.5215564552927
00-0031280,2021_06_LV_DEN,2021,6,341.0,245.50806947446708,0,242.23645640773304,245.36599141646465
00-0031800,2021_06_KC_WAS,2021,6,182.0,235.2445924326308,0,265.38013200705086,238.85387704116457
00-0032950,2021_06_HOU_IND,2021,6,223.0,274.3353636746739,0,278.4097146392506,272.66281088271353
00-0033077,2021_06_DAL_NE,2021,6,445.0,267.9172843002648,0,262.50940746950545,265.88701681878825
00-0033106,2021_06_CIN_DET,2021,6,202.0,291.0920422455838,0,284.27716209511317,287.18049049242376
00-0033873,2021_06_KC_WAS,2021,6,397.0,279.0619345814073,0,299.1200399058312,278.4539867229112
00-0034796,2021_06_LAC_BAL,2021,6,167.0,208.51311564999827,0,218.2882454381129,212.33561662354865
00-0034855,2021_06_ARI_CLE,2021,6,234.0,223.37140528738107,0,218.1220444079968,224.73066544113163
00-0034857,2021_06_BUF_TEN,2021,6,353.0,245.26310733414348,0,243.739830045733,245.29521498508893
00-0034869,2021_06_MIN_CAR,2021,6,207.0,270.307396830283,0,262.09710871365803,267.8465710691698
00-0035228,2021_06_ARI_CLE,2021,6,229.0,232.90642427714596,0,252.39594910822777,235.7452514298748
00-0035710,2021_06_LA_NYG,2021,6,242.0,244.42423186978962,0,231.08916166346944,243.46850574290104
00-0036212,2021_06_MIA_JAX,2021,6,329.0,235.22176527558466,0,235.3958347674428,236.1658304841268
00-0036355,2021_06_LAC_BAL,2021,6,195.0,285.38568659105727,0,277.8743970768137,281.8445387850495
00-0036389,2021_06_TB_PHI,2021,6,115.0,267.64847238100083,0,273.5459554670439,266.6448936074745
00-0036442,2021_06_CIN_DET,2021,6,271.0,222.89029250845442,0,229.76875598288785,225.3655379658839
00-0036898,2021_06_HOU_IND,2021,6,243.0,253.4680532440976,0,249.6441125348723,252.67365155027397
00-0036945,2021_06_GB_CHI,2021,6,174.0,242.79960620589546,0,239.031258839492,242.81854351490824
00-0036971,2021_06_MIA_JAX,2021,6,319.0,250.39762605565497,0,253.05018464196715,250.41237299671025
00-0036972,2021_06_DAL_NE,2021,6,229.0,258.67270991984583,0,246.0780668826303,256.70322753403036
00-0019596,2021_07_CHI_TB,2021,7,211.0,259.86748530497835,0,246.47043635001015,257.73604579817686
00-0023459,2021_07_WAS_GB,2021,7,274.0,245.0480554876374,0,220.4062392845401,243.03861663145696
00-0026143,2021_07_ATL_MIA,2021,7,336.0,260.46113454183035,0,249.4667260712702,258.4985772174099
00-0026498,2021_07_DET_LA,2021,7,334.0,301.73330884391964,0,288.63948515980906,296.45652092007936
00-0028986,2021_07_DEN_CLE,2021,7,199.0,157.95507571686653,0,181.26856954137983,166.8136449763755
00-0029701,2021_07_KC_TEN,2021,7,270.0,255.65460478561752,0,259.57366615922217,255.38374436141416
00-0030565,2021_07_NO_SEA,2021,7,167.0,200.37715650074398,0,205.45387236975435,204.39793317157347
00-0031237,2021_07_DEN_CLE,2021,7,187.0,193.4318596115803,0,233.7424409698774,201.11516780025968
00-0031280,2021_07_PHI_LV,2021,7,323.0,287.0221359354971,0,275.42199735147557,282.993028690759
00-0031345,2021_07_IND_SF,2021,7,181.0,228.0029448668438,0,228.25409625676824,229.5008699560688
00-0031503,2021_07_NO_SEA,2021,7,222.0,237.4409205471567,0,230.63914518930443,237.5958933075282
00-0031800,2021_07_WAS_GB,2021,7,268.0,224.7728347395086,0,244.34541699403923,228.235369350731
00-0032950,2021_07_IND_SF,2021,7,150.0,252.3128441116689,0,245.6065896630484,251.3494148776631
00-0033106,2021_07_DET_LA,2021,7,268.0,278.0738290471468,0,273.67338506290565,275.3636341789377
00-0033275,2021_07_CAR_NYG,2021,7,33.0,89.3764908059826,0,144.05849170230556,106.22372426757003
00-0033873,2021_07_KC_TEN,2021,7,206.0,243.1126881771368,0,234.81678467669735,242.70489236815493
00-0034401,2021_07_NYJ_NE,2021,7,202.0,127.87149962648883,0,169.15715370765378,140.60936978098778
00-0034796,2021_07_CIN_BAL,2021,7,257.0,192.95341449942626,0,216.97820482104763,199.2233353574233
00-0034869,2021_07_CAR_NYG,2021,7,112.0,201.59855002680723,0,199.9196490753071,204.92544168440008
00-0035228,2021_07_HOU_ARI,2021,7,261.0,279.4356708965065,0,281.50427394560364,277.1981107350266
00-0035710,2021_07_CAR_NYG,2021,7,203.0,248.38558578788562,0,231.54464163776944,246.81762513931395
00-0036212,2021_07_ATL_MIA,2021,7,291.0,245.11767850525453,0,230.1518314003499,243.9642474471109
00-0036389,2021_07_PHI_LV,2021,7,236.0,284.9334666436944,0,260.69611369003843,279.9377545200515
00-0036442,2021_07_CIN_BAL,2021,7,416.0,236.4864482106851,0,238.62730268008332,237.50975207726432
00-0036898,2021_07_HOU_ARI,2021,7,135.0,241.03587723822594,0,242.5213574589412,241.6561162632408
00-0036945,2021_07_CHI_TB,2021,7,184.0,230.4082642759796,0,232.9519142843917,231.92799010536652
00-0036972,2021_07_NYJ_NE,2021,7,307.0,223.42003252971497,0,226.811289623266,225.5447320930006
00-0019596,2021_08_TB_NO,2021,8,375.0,280.7887069161666,0,265.83841696608664,276.9337255133703
00-0022924,2021_08_PIT_CLE,2021,8,266.0,254.02901929237598,0,244.96153754894277,252.72536962658583
00-0023459,2021_08_GB_ARI,2021,8,184.0,247.46408678390029,0,237.81137284670265,246.6057950063572
00-0026143,2021_08_CAR_ATL,2021,8,146.0,284.41074046735946,0,272.5726113974491,280.55832484397365
00-0026300,2021_08_CIN_NYJ,2021,8,17.0,91.88194273726837,0,145.77877041023342,108.46943785129534
00-0026498,2021_08_LA_HOU,2021,8,305.0,283.3494265920298,0,264.35346730399993,278.9402936674216
00-0029604,2021_08_DAL_MIN,2021,8,184.0,275.02824353277583,0,284.4654632268644,273.78055151294984
00-0029701,2021_08_TEN_IND,2021,8,265.0,255.44245755158252,0,242.8709214831049,253.7198009957908
00-0030565,2021_08_JAX_SEA,2021,8,195.0,231.43868687057594,0,238.00833594033728,233.238698243242
00-0031237,2021_08_WAS_DEN,2021,8,213.0,252.9028625688854,0,254.24273557932588,252.6109322261861
00-0031345,2021_08_SF_CHI,2021,8,322.0,242.73812724964156,0,232.04074611888487,242.14495157789028
00-0031800,2021_08_WAS_DEN,2021,8,270.0,238.79435001743687,0,252.3686849675284,240.6604991334235
00-0032156,2021_08_TB_NO,2021,8,159.0,142.03303697917295,0,164.7297602477453,152.0431818202071
00-0032950,2021_08_TEN_IND,2021,8,231.0,278.08268760349563,0,291.5364219618658,276.9610687707808
00-0033106,2021_08_PHI_DET,2021,8,222.0,284.1513892558693,0,283.11138769385826,281.27979537687287
00-0033275,2021_08_CAR_ATL,2021,8,0.0,105.67844376670664,0,133.02558050058192,118.85726565880998
00-0033662,2021_08_DAL_MIN,2021,8,325.0,237.01207859084312,0,256.5089651044427,239.5404593350078
00-0033873,2021_08_NYG_KC,2021,8,275.0,280.95857683532074,0,261.8711591863068,276.72246711895315
00-0034401,2021_08_CIN_NYJ,2021,8,405.0,192.49776863182316,0,231.57788079546896,200.14232930116376
00-0034855,2021_08_PIT_CLE,2021,8,225.0,236.25274232221201,0,221.22619210172823,235.76563925203288
00-0034857,2021_08_MIA_BUF,2021,8,249.0,213.76946261774924,0,224.3743889004867,217.26753172365517
00-0034869,2021_08_CAR_ATL,2021,8,129.0,215.30634953445647,0,211.85929991499367,217.4371593675565
00-0035228,2021_08_GB_ARI,2021,8,274.0,273.6727031502468,0,280.77180037089096,272.3196033757818
00-0035710,2021_08_NYG_KC,2021,8,222.0,271.06259295242853,0,244.85347742226304,266.9424201126269
00-0036212,2021_08_MIA_BUF,2021,8,205.0,225.40461643326657,0,220.9762710781223,226.68289287131444
00-0036355,2021_08_NE_LAC,2021,8,223.0,287.8018183545797,0,268.7749721946479,283.0525607471267
00-0036389,2021_08_PHI_DET,2021,8,103.0,225.34762416266634,0,183.96375337485745,223.34071079986148
00-0036442,2021_08_CIN_NYJ,2021,8,259.0,261.10500118202594,0,244.62908341654867,258.605731999814
00-0036898,2021_08_LA_HOU,2021,8,310.0,259.5046061894134,0,252.76236533820756,257.99302540958445
00-0036945,2021_08_SF_CHI,2021,8,175.0,216.25082646012194,0,207.57179599213637,217.8443571853326
00-0036971,2021_08_JAX_SEA,2021,8,238.0,236.34619976651246,0,234.7560657279257,237.04802573193973
00-0036972,2021_08_NE_LAC,2021,8,217.0,274.3137001438448,0,272.1859753401286,272.09072583818505
00-0022924,2021_09_CHI_PIT,2021,9,205.0,257.96473170729723,0,255.9137340243305,256.98741318636706
00-0026143,2021_09_ATL_NO,2021,9,343.0,284.0751821494697,0,277.4424332229495,280.7115376603336
00-0026300,2021_09_NYJ_IND,2021,9,317.0,83.95800612971289,0,134.4639505872731,100.8440978934846
00-0026498,2021_09_TEN_LA,2021,9,294.0,305.82955213407433,0,291.9005723032953,300.16803618852884
00-0027688,2021_09_ARI_SF,2021,9,249.0,222.58023036786238,0,209.87650709220551,223.33590861398991
00-0028118,2021_09_HOU_MIA,2021,9,240.0,230.736003875187,0,237.34477677071507,232.59274283641716
00-0029604,2021_09_MIN_BAL,2021,9,187.0,270.16536438887135,0,254.369921036288,267.04012640908786
00-0029701,2021_09_TEN_LA,2021,9,143.0,257.264504257416,0,249.6160372529875,255.84199930594585
00-0031237,2021_09_DEN_DAL,2021,9,249.0,269.22497976066734,0,249.71316161740236,265.8401941733489
00-0031280,2021_09_LV_NYG,2021,9,296.0,268.4584818640311,0,256.86077347979096,265.8362325437352
00-0031345,2021_09_ARI_SF,2021,9,326.0,228.59503159612086,0,214.93319981187335,228.80966077301088
00-0032156,2021_09_ATL_NO,2021,9,249.0,227.3619100369297,0,234.1320384113184,229.48868012897344
00-0032950,2021_09_NYJ_IND,2021,9,272.0,285.0507118688429,0,292.1519526123277,282.8356461021795
00-0033077,2021_09_DEN_DAL,2021,9,232.0,311.2910560519821,0,287.0001695602173,304.2933598066853
00-0033119,2021_09_HOU_MIA,2021,9,244.0,258.1298382325348,0,257.8128411938629,257.29435688542947
00-0033873,2021_09_GB_KC,2021,9,166.0,268.17817533758034,0,250.3196264243819,265.01987210232613
00-0034796,2021_09_MIN_BAL,2021,9,266.0,174.47320153788445,0,197.46273719169704,182.05129060278816
00-0034855,2021_09_CLE_CIN,2021,9,218.0,250.3576368714225,0,237.55905390408896,249.00006728079143
00-0034857,2021_09_BUF_JAX,2021,9,264.0,246.17535748623672,0,235.98166815835503,245.36656419303227
00-0034869,2021_09_NE_CAR,2021,9,172.0,221.39055609198675,0,222.2918660833215,223.44740039646427
00-0035710,2021_09_LV_NYG,2021,9,110.0,251.78566604403412,0,259.7932868328894,252.1719038409271
00-0036264,2021_09_GB_KC,2021,9,190.0,205.8587203155882,0,235.19391633711183,211.6234481812932
00-0036355,2021_09_LAC_PHI,2021,9,356.0,264.07293293611133,0,257.0916046205692,262.19391013914907
00-0036389,2021_09_LAC_PHI,2021,9,162.0,213.41727328889286,0,205.428666897912,215.28697002209225
00-0036442,2021_09_CLE_CIN,2021,9,282.0,268.8405882610284,0,248.41126498820344,265.40326000021275
00-0036945,2021_09_CHI_PIT,2021,9,291.0,215.242422582895,0,205.26477466282225,216.79677071609615
00-0036971,2021_09_BUF_JAX,2021,9,118.0,196.8845003297586,0,218.83213994852892,202.67165460521224
00-0036972,2021_09_NE_CAR,2021,9,139.0,221.03272014452153,0,215.2806299302581,222.5244424780628
00-0019596,2021_10_TB_WAS,2021,10,220.0,282.92250237583914,0,263.0360851541689,278.46645719206407
00-0023459,2021_10_SEA_GB,2021,10,292.0,241.54084659478846,0,253.3506416927798,243.04181646095557
00-0026143,2021_10_ATL_DAL,2021,10,117.0,211.66621255489136,0,230.541143498501,216.0597880742627
00-0026498,2021_10_LA_SF,2021,10,243.0,291.01648845296984,0,276.3195285555724,286.40905710039567
00-0027688,2021_10_CAR_ARI,2021,10,107.0,164.60526605377828,0,153.74969670714867,169.91844603747728
00-0028986,2021_10_CLE_NE,2021,10,81.0,104.51285306473731,0,118.1226684160766,116.55720134343736
00-0029263,2021_10_SEA_GB,2021,10,161.0,231.2008934221936,0,224.8381153250894,231.8677740552998
00-0029604,2021_10_MIN_LAC,2021,10,294.0,280.1181188509032,0,270.21771032407264,276.76345376420204
00-0029701,2021_10_NO_TEN,2021,10,213.0,232.98548893645946,0,232.3066862007044,234.0230892660123
00-0031237,2021_10_PHI_DEN,2021,10,226.0,243.1796222401169,0,240.8142348295071,243.2946453774281
00-0031280,2021_10_KC_LV,2021,10,261.0,286.6503966786254,0,275.8955270847694,282.7246972017028
00-0031345,2021_10_LA_SF,2021,10,182.0,264.98225040038244,0,253.36117314777513,262.6213287843102
00-0031800,2021_10_TB_WAS,2021,10,256.0,232.3685623449311,0,242.1975585291877,234.3882364121458
00-0032156,2021_10_NO_TEN,2021,10,298.0,207.72202294149324,0,236.05723641394533,213.2565499143004
00-0032950,2021_10_JAX_IND,2021,10,180.0,276.7177320643667,0,275.02305847218,274.35114176204
00-0033077,2021_10_ATL_DAL,2021,10,296.0,282.0277404839834,0,270.22243435152706,278.35881586504274
00-0033106,2021_10_DET_PIT,2021,10,114.0,231.03076409068788,0,226.1469752120922,231.84218481002685
00-0033119,2021_10_BAL_MIA,2021,10,156.0,162.62124785061448,0,147.4460360833851,167.70026204156193
00-0033275,2021_10_CAR_ARI,2021,10,167.0,95.23285105973868,0,137.10863172438977,110.49640962533564
00-0033873,2021_10_KC_LV,2021,10,406.0,303.2183777977061,0,289.9201183711748,297.8108629542727
00-0034401,2021_10_BUF_NYJ,2021,10,251.0,224.7821790124827,0,244.6744866112552,228.2724651633301
00-0034771,2021_10_DET_PIT,2021,10,242.0,217.56354776016212,0,215.23357764587564,219.6227549213747
00-0034796,2021_10_BAL_MIA,2021,10,238.0,186.85319945091402,0,199.6337959107607,192.58448255532963
00-0034855,2021_10_CLE_NE,2021,10,73.0,134.69840103638217,0,164.5866626758622,145.90445800675468
00-0034857,2021_10_BUF_NYJ,2021,10,366.0,224.53384789089526,0,220.87835290051655,225.94689935059324
00-0035752,2021_10_CAR_ARI,2021,10,36.0,98.82866741420776,0,116.04891855603664,111.62510332414354
00-0036212,2021_10_BAL_MIA,2021,10,158.0,159.03401494926155,0,148.4973812376635,164.7977399968958
00-0036355,2021_10_MIN_LAC,2021,10,195.0,312.93116180209245,0,295.4817386264729,306.41816485643164
00-0036389,2021_10_PHI_DEN,2021,10,178.0,214.94263414441602,0,203.33908815475272,216.374972979835
00-0036971,2021_10_JAX_IND,2021,10,162.0,257.35930818475936,0,239.7436579456722,255.04241441952632
00-0036972,2021_10_CLE_NE,2021,10,198.0,219.53250283959062,0,232.12759023250672,222.771033023316
00-0019596,2021_11_NYG_TB,2021,11,307.0,255.46510539950506,0,251.66211525880067,254.52124401796084
00-0022924,2021_11_PIT_LAC,2021,11,273.0,279.10625703656706,0,278.185167490781,276.62753748204295
00-0023459,2021_11_GB_MIN,2021,11,385.0,273.19830200173476,0,270.86960407796454,271.0419566867845
00-0026143,2021_11_NE_ATL,2021,11,153.0,247.862707698509,0,277.4480160547582,250.4668902035304
00-0026158,2021_11_MIA_NYJ,2021,11,291.0,235.74339971624576,0,248.23917095240157,237.7447256348893
00-0027688,2021_11_ARI_SEA,2021,11,328.0,219.04252022338784,0,238.1192612951812,222.89512733992157
00-0027939,2021_11_WAS_CAR,2021,11,189.0,251.06368428285904,0,248.21575594237072,250.53834857283448
00-0027973,2021_11_BAL_CHI,2021,11,201.0,124.50096056266196,0,144.00747270186017,135.5556112170578
00-0028118,2021_11_HOU_TEN,2021,11,107.0,198.40221186149918,0,206.96758069587895,202.88317206960977
00-0029263,2021_11_ARI_SEA,2021,11,207.0,228.1629672328048,0,236.6038998760199,230.37776072186332
00-0029604,2021_11_GB_MIN,2021,11,341.0,280.2497371094944,0,266.1329023077651,276.50978361465684
00-0029701,2021_11_HOU_TEN,2021,11,323.0,244.70224606322287,0,259.55772682016766,246.23476864403528
00-0031280,2021_11_CIN_LV,2021,11,215.0,292.5494215613222,0,273.0328494064528,287.39682745562124
00-0031345,2021_11_SF_JAX,2021,11,176.0,236.25142069531674,0,231.53788920047052,236.6824066395873
00-0031800,2021_11_WAS_CAR,2021,11,206.0,241.42778635002068,0,250.08930866150737,242.6570872135251
00-0032156,2021_11_NO_PHI,2021,11,214.0,236.61049587740908,0,244.82378414962997,238.16492343446177
00-0032950,2021_11_IND_BUF,2021,11,106.0,196.81469745546306,0,226.53041794058484,203.29859824117085
00-0033077,2021_11_DAL_KC,2021,11,216.0,307.10302000257843,0,284.3212083879411,300.55699455528446
00-0033873,2021_11_DAL_KC,2021,11,260.0,289.09782516082146,0,283.2186666712407,285.4206741773551
00-0034177,2021_11_DET_CLE,2021,11,77.0,222.0160791306954,0,212.52207994318164,223.10021131781323
00-0034855,2021_11_DET_CLE,2021,11,176.0,231.3781185381927,0,226.0498423977025,232.12365385704663
00-0034857,2021_11_IND_BUF,2021,11,209.0,215.51251768688397,0,230.8123702854311,219.2964163214172
00-0035710,2021_11_NYG_TB,2021,11,167.0,236.8626109292242,0,254.97602630135657,239.2791710321408
00-0035993,2021_11_BAL_CHI,2021,11,219.0,188.6302738966733,0,197.02263102965128,193.8362923286524
00-0036212,2021_11_MIA_NYJ,2021,11,273.0,259.99406351861853,0,241.27465187233847,257.37927520422585
00-0036355,2021_11_PIT_LAC,2021,11,382.0,293.87460755910854,0,262.0260320681116,287.5238948710658
00-0036389,2021_11_NO_PHI,2021,11,147.0,233.69954441137796,0,236.18640880555216,234.96482227042745
00-0036442,2021_11_CIN_LV,2021,11,148.0,276.32516459367866,0,265.1789914459054,273.1470178970617
00-0036945,2021_11_BAL_CHI,2021,11,79.0,123.04548942833682,0,136.53175929149126,133.6745493274301
00-0036971,2021_11_SF_JAX,2021,11,158.0,243.56004572178554,0,243.1036043734897,243.81616296509696
00-0036972,2021_11_NE_ATL,2021,11,207.0,269.37392796167717,0,271.0490439332142,267.8637606026564
00-0019596,2021_12_TB_IND,2021,12,226.0,302.2087931039923,0,281.14115142834646,296.18620538266026
00-0022924,2021_12_PIT_CIN,2021,12,263.0,276.66726718439884,0,262.18298226117884,273.1660639272652
00-0023459,2021_12_LA_GB,2021,12,307.0,258.2100912424204,0,269.70384428892095,258.41983467640785
00-0026143,2021_12_ATL_JAX,2021,12,190.0,257.27905353063977,0,272.6536235652794,257.904787087881
00-0026300,2021_12_NYJ_HOU,2021,12,0.0,116.15659921666523,0,149.56860958366417,129.08130008579172
00-0026498,2021_12_LA_GB,2021,12,302.0,253.73209273029946,0,259.7176100759639,253.7908493309962
00-0027939,2021_12_CAR_MIA,2021,12,92.0,203.0998846990015,0,192.92638443481388,205.5568876971293
00-0027973,2021_12_CHI_DET,2021,12,317.0,243.67319525687586,0,245.14758210398185,244.09260679799235
00-0028118,2021_12_NYJ_HOU,2021,12,158.0,247.14461043925078,0,248.46259485919444,247.2870573099207
00-0029263,2021_12_SEA_WAS,2021,12,247.0,247.72409372834468,0,231.0436699845971,246.22054529627488
00-0029604,2021_12_MIN_SF,2021,12,238.0,284.0515124730849,0,264.76778023677286,279.56356429450545
00-0029701,2021_12_TEN_NE,2021,12,93.0,198.30692428166628,0,233.23299841367313,205.1415403853756
00-0031237,2021_12_LAC_DEN,2021,12,129.0,164.87649329818333,0,183.5169063351191,172.79463614121445
00-0031280,2021_12_LV_DAL,2021,12,373.0,284.9223020731441,0,279.91942782076677,281.63954737499984
00-0031345,2021_12_MIN_SF,2021,12,230.0,258.0440332372722,0,234.0543161045968,255.10788271557556
00-0031800,2021_12_SEA_WAS,2021,12,223.0,231.0242851705876,0,243.92679289620497,233.41940177503665
00-0032156,2021_12_BUF_NO,2021,12,163.0,232.34449398576345,0,233.59532181792645,233.6024265242675
00-0032950,2021_12_TB_IND,2021,12,306.0,272.0441692370563,0,272.525037559501,270.2253640005874
00-0033077,2021_12_LV_DAL,2021,12,375.0,316.6899216561054,0,288.36227051065254,308.92380895846736
00-0033106,2021_12_CHI_DET,2021,12,171.0,259.8377210951892,0,235.85928509968085,256.7666599027203
00-0033275,2021_12_CAR_MIA,2021,12,87.0,95.99257961683045,0,127.42394791037424,110.2688859772618
00-0034796,2021_12_CLE_BAL,2021,12,165.0,177.59851568269173,0,195.48321188783905,184.4853921543304
00-0034855,2021_12_CLE_BAL,2021,12,247.0,256.5029637119309,0,259.3388614434507,256.07140453203857
00-0034857,2021_12_BUF_NO,2021,12,260.0,252.6526525980312,0,229.73123031153165,250.22012007311932
00-0035710,2021_12_PHI_NYG,2021,12,202.0,231.3234565116465,0,255.8480116241816,234.73041266548847
00-0036212,2021_12_CAR_MIA,2021,12,230.0,231.01353945436117,0,215.57488176478876,230.8867487721045
00-0036355,2021_12_LAC_DEN,2021,12,303.0,291.2892527735529,0,296.5268682569833,288.4355818729319
00-0036389,2021_12_PHI_NYG,2021,12,129.0,225.55775347090744,0,239.80852503711924,228.4871033408315
00-0036442,2021_12_PIT_CIN,2021,12,190.0,215.94323814190827,0,210.4010340021601,217.83929319843304
00-0036971,2021_12_ATL_JAX,2021,12,228.0,245.6576751577285,0,229.9483897904734,244.3971510227788
00-0036972,2021_12_TEN_NE,2021,12,310.0,239.7073506586993,0,228.4944085270091,239.29793749709097
00-0037013,2021_12_NYJ_HOU,2021,12,145.0,246.71590046559353,0,236.18486145877705,245.83611970906665
00-0019596,2021_13_TB_ATL,2021,13,368.0,295.977415021145,0,284.62742800506896,291.2919974529004
00-0022924,2021_13_BAL_PIT,2021,13,236.0,284.34276483909696,0,266.60908795329516,279.9707218108042
00-0026143,2021_13_TB_ATL,2021,13,297.0,263.02513125854625,0,292.8284675732546,264.49980410780535
00-0026498,2021_13_JAX_LA,2021,13,295.0,293.48806193879875,0,285.36617925043953,289.2786145551114
00-0027973,2021_13_ARI_CHI,2021,13,229.0,206.01870032045088,0,233.92071099995368,211.64373427789408
00-0028118,2021_13_IND_HOU,2021,13,45.0,158.3042733114321,0,141.49694227177395,163.56512254330028
00-0029263,2021_13_SF_SEA,2021,13,231.0,244.90461963214247,0,271.37788072351054,247.4559366914479
00-0029604,2021_13_MIN_DET,2021,13,340.0,281.4022233938456,0,256.58148759154506,276.62215912090636
00-0030520,2021_13_NYG_MIA,2021,13,187.0,203.61317931770674,0,223.35744949319013,208.6943472334169
00-0031237,2021_13_DEN_KC,2021,13,257.0,238.9632002307948,0,218.8706160596651,237.81977404700416
00-0031280,2021_13_WAS_LV,2021,13,249.0,281.2936839825675,0,272.8738811612819,277.9817342696231
00-0031345,2021_13_SF_SEA,2021,13,299.0,241.215420285538,0,246.1933195039673,242.13292400558592
00-0031800,2021_13_WAS_LV,2021,13,196.0,257.2739231900123,0,258.82894059394584,256.66993083602534
00-0032950,2021_13_IND_HOU,2021,13,158.0,244.16339669750303,0,231.72632918711128,243.3073686621935
00-0033077,2021_13_DAL_NO,2021,13,238.0,307.9363263722378,0,298.9081600701164,302.5514060743577
00-0033106,2021_13_MIN_DET,2021,13,296.0,271.39117406298465,0,278.60623566806174,270.2212770796561
00-0033873,2021_13_DEN_KC,2021,13,184.0,247.84516742973207,0,267.7968261647654,249.59316258825825
00-0034796,2021_13_BAL_PIT,2021,13,253.0,160.73547257624108,0,183.55254270113733,169.33917217494388
00-0034857,2021_13_NE_BUF,2021,13,145.0,135.45612770625343,0,225.22742599212268,151.93511501649604
00-0035228,2021_13_ARI_CHI,2021,13,123.0,243.04790989923438,0,250.2654133288705,244.02591167217392
00-0035289,2021_13_PHI_NYJ,2021,13,242.0,228.25725565803992,0,249.68036780005343,231.6204824164052
00-0036212,2021_13_NYG_MIA,2021,13,244.0,245.33349700913848,0,236.03615292915748,244.6682808626988
00-0036355,2021_13_LAC_CIN,2021,13,317.0,259.3645561061188,0,265.70160163861317,259.02780909142393
00-0036442,2021_13_LAC_CIN,2021,13,300.0,252.9785158172808,0,234.1038832744118,250.88150672372643
00-0036898,2021_13_IND_HOU,2021,13,49.0,137.2238200478661,0,131.97773018335624,145.1111151568951
00-0036971,2021_13_JAX_LA,2021,13,145.0,238.21345192663702,0,233.05532855005097,238.45619270173864
00-0036972,2021_13_NE_BUF,2021,13,19.0,193.38768056413875,0,208.14109591860827,198.79942593796056
00-0037013,2021_13_PHI_NYJ,2021,13,226.0,244.05342576514764,0,238.1935368263691,243.79118259347055
00-0019596,2021_14_BUF_TB,2021,14,363.0,277.6274913416048,0,266.207807805876,274.32631631070973
00-0022924,2021_14_PIT_MIN,2021,14,308.0,279.1284121062637,0,279.4598313918062,276.75950287339083
00-0023459,2021_14_CHI_GB,2021,14,341.0,240.87768414883791,0,234.15590156030856,240.7793600833005
00-0026143,2021_14_ATL_CAR,2021,14,190.0,239.6367314537002,0,219.9787115164932,238.4809508443014
00-0026498,2021_14_LA_ARI,2021,14,287.0,263.8365843498034,0,265.0236347858956,262.70255945703275
00-0027939,2021_14_ATL_CAR,2021,14,178.0,152.2284169210839,0,151.92155142530672,159.4184076137396
00-0029263,2021_14_SEA_HOU,2021,14,260.0,228.3863043135393,0,253.09893187424765,232.0325609468188
00-0029604,2021_14_PIT_MIN,2021,14,216.0,275.8252537120933,0,263.61918741082536,272.5906433713668
00-0029701,2021_14_JAX_TEN,2021,14,191.0,229.56688420885828,0,256.86421034760014,233.35375443232908
00-0030520,2021_14_NYG_LAC,2021,14,191.0,249.37181832200847,0,233.92836733168917,247.8535214622441
00-0031237,2021_14_DET_DEN,2021,14,179.0,234.05009779306025,0,238.66989545861193,235.47867082338067
00-0031280,2021_14_LV_KC,2021,14,263.0,265.17701628156885,0,258.5105042196556,263.24235533703126
00-0031345,2021_14_SF_CIN,2021,14,296.0,242.95516163737412,0,218.40805515953016,241.11274000016468
00-0031800,2021_14_DAL_WAS,2021,14,122.0,154.92567828067996,0,195.43028648756567,165.5440232040945
00-0033077,2021_14_DAL_WAS,2021,14,211.0,263.73469674876765,0,257.4763172823405,261.9456550224674
00-0033106,2021_14_DET_DEN,2021,14,215.0,259.68455277205624,0,249.42917127101137,257.8466228552189
00-0033275,2021_14_ATL_CAR,2021,14,75.0,70.25227440010809,0,127.40432385962085,88.76849100308374
00-0033873,2021_14_LV_KC,2021,14,258.0,251.0374926756808,0,259.785415266361,251.5463187392163
00-0034796,2021_14_BAL_CLE,2021,14,17.0,156.96959008810418,0,185.6025097255101,166.3763295532166
00-0034855,2021_14_BAL_CLE,2021,14,190.0,218.43632765703794,0,214.02255149518777,220.2439157815774
00-0034857,2021_14_BUF_TB,2021,14,308.0,242.44941975699007,0,226.8442346458054,241.4412640798187
00-0035228,2021_14_LA_ARI,2021,14,383.0,258.410237199107,0,258.79961802078464,257.6163854592153
00-0035993,2021_14_BAL_CLE,2021,14,270.0,164.87144365314606,0,171.4559938083115,171.71684512475122
00-0036355,2021_14_NYG_LAC,2021,14,275.0,290.5571072860123,0,294.65437521043776,287.65740861949985
00-0036442,2021_14_SF_CIN,2021,14,348.0,281.3304480872737,0,280.27765194812025,278.6714692164363
00-0036898,2021_14_SEA_HOU,2021,14,331.0,235.71389548108468,0,232.23386382642624,236.2954088990028
00-0036945,2021_14_CHI_GB,2021,14,224.0,202.6940721260681,0,194.9660985965288,205.39950790482936
00-0036971,2021_14_JAX_TEN,2021,14,221.0,232.66152682763473,0,220.10557598757967,232.66645891795216
00-0037013,2021_14_NO_NYJ,2021,14,202.0,228.03834274760288,0,225.52041056418255,229.28710220117617
00-0019596,2021_15_NO_TB,2021,15,214.0,298.0855944899156,0,265.2875386098544,291.33128289904766
00-0022924,2021_15_TEN_PIT,2021,15,148.0,268.9464977103104,0,266.9343563367276,267.14050597889974
00-0023459,2021_15_GB_BAL,2021,15,268.0,264.21489682003767,0,266.8410261342291,263.1803018814476
00-0026143,2021_15_ATL_SF,2021,15,236.0,256.20586739637724,0,269.35077309512525,256.71445224262436
00-0026498,2021_15_SEA_LA,2021,15,244.0,305.5048108773494,0,287.73602175976094,299.5261103587089
00-0027939,2021_15_CAR_BUF,2021,15,156.0,228.93517346316605,0,194.83886414756387,227.30510225562028
00-0029263,2021_15_SEA_LA,2021,15,156.0,262.55368578467153,0,263.76114197370134,261.5186875678174
00-0029604,2021_15_MIN_CHI,2021,15,87.0,261.2484366929939,0,253.2923394266632,259.4966704219864
00-0029701,2021_15_TEN_PIT,2021,15,153.0,223.604063153165,0,229.2589059450563,225.91630569226697
00-0030520,2021_15_DAL_NYG,2021,15,99.0,160.38691024959132,0,156.56976969559645,166.64624078638377
00-0031237,2021_15_CIN_DEN,2021,15,98.0,153.88538879876572,0,167.0606403252433,162.1499027965647
00-0031280,2021_15_LV_CLE,2021,15,236.0,249.45224377539031,0,256.8033303602677,249.95685438809392
00-0031345,2021_15_ATL_SF,2021,15,235.0,255.11598453682754,0,248.55887084278243,253.95342565868432
00-0031395,2021_15_WAS_PHI,2021,15,194.0,212.51081577184323,0,205.61781961098603,214.546721524575
00-0032950,2021_15_NE_IND,2021,15,57.0,241.96671944826798,0,234.7550459944257,241.742268392114
00-0033077,2021_15_DAL_NYG,2021,15,217.0,275.00774370658405,0,273.83588881065117,272.8172634605839
00-0033106,2021_15_ARI_DET,2021,15,216.0,272.2957135291804,0,275.1271996795289,270.6670824487288
00-0033319,2021_15_LV_CLE,2021,15,147.0,182.60103004666766,0,192.6679576933853,188.41296608641383
00-0033873,2021_15_KC_LAC,2021,15,410.0,306.35465734973,0,303.383448520965,301.62873206408113
00-0034857,2021_15_CAR_BUF,2021,15,210.0,213.02447210180065,0,235.18558126678923,217.6076382648256
00-0035228,2021_15_ARI_DET,2021,15,257.0,242.76959580421047,0,247.72736031193776,243.56754124513225
00-0035704,2021_15_CIN_DEN,2021,15,88.0,88.97951406550214,0,114.02792633742976,103.21906451248452
00-0035993,2021_15_GB_BAL,2021,15,215.0,222.7714347558884,0,215.85638529984448,224.02788974067988
00-0036212,2021_15_NYJ_MIA,2021,15,196.0,238.75846391580725,0,236.9318590514205,239.2564541818732
00-0036355,2021_15_KC_LAC,2021,15,236.0,311.7847878641451,0,317.49656417758337,307.42029538008484
00-0036389,2021_15_WAS_PHI,2021,15,296.0,193.18828803718017,0,197.328837025093,197.67046307743695
00-0036442,2021_15_CIN_DEN,2021,15,157.0,261.4581752309374,0,260.22187733224774,260.2886632219684
00-0036898,2021_15_HOU_JAX,2021,15,209.0,220.5406832490622,0,216.92905302554504,222.26021713001128
00-0036945,2021_15_MIN_CHI,2021,15,285.0,215.86102329885705,0,215.36183947553027,218.21220057655245
00-0036971,2021_15_HOU_JAX,2021,15,210.0,215.1241305757493,0,226.63335882549856,218.60004541614725
00-0036972,2021_15_NE_IND,2021,15,299.0,256.2256583376585,0,253.11860024850253,255.28611358598425
00-0037013,2021_15_NYJ_MIA,2021,15,170.0,220.7611520554978,0,217.13291688782783,222.46250209196208
00-0019596,2021_16_TB_CAR,2021,16,232.0,277.06785876661513,0,274.9038551135083,274.63296167632336
00-0022924,2021_16_PIT_KC,2021,16,159.0,221.12753982448706,0,225.20628748885315,223.48714598184017
00-0023459,2021_16_CLE_GB,2021,16,202.0,266.24274550293705,0,265.37334828363225,264.7433464437643
00-0026143,2021_16_DET_ATL,2021,16,215.0,249.97037176596078,0,257.40198405853744,250.44288957296752
00-0026300,2021_16_BAL_CIN,2021,16,304.0,109.73603978986256,0,150.35357388803604,123.7886344633716
00-0026498,2021_16_LA_MIN,2021,16,197.0,298.9015156547656,0,289.72363987537665,294.18787272134995
00-0027939,2021_16_TB_CAR,2021,16,61.0,162.18632594988136,0,123.29059971316342,165.18687063430917
00-0029263,2021_16_CHI_SEA,2021,16,181.0,221.16002892465602,0,220.56490922187777,223.10114005043843
00-0029567,2021_16_CHI_SEA,2021,16,250.0,221.52705881567593,0,209.4946844179712,222.4222985682745
00-0029604,2021_16_LA_MIN,2021,16,315.0,283.4297702740183,0,279.9613305913111,280.39669467182387
00-0029701,2021_16_SF_TEN,2021,16,209.0,244.8805178962181,0,242.65921193500617,244.87948249987693
00-0030520,2021_16_NYG_PHI,2021,16,93.0,91.86475715276879,0,126.01892523264836,106.6962085296411
00-0031280,2021_16_DEN_LV,2021,16,201.0,276.89045498947985,0,267.4669164778821,273.8228102313302
00-0031345,2021_16_SF_TEN,2021,16,322.0,251.8991097011507,0,236.5626512891615,250.198833652387
00-0031800,2021_16_WAS_DAL,2021,16,121.0,183.59127124165016,0,195.90595444250857,189.52825140584076
00-0032950,2021_16_IND_ARI,2021,16,225.0,256.6899450810022,0,250.88829828330097,255.4753670690555
00-0033077,2021_16_WAS_DAL,2021,16,330.0,256.3901256150855,0,265.89423262866035,256.56067143773856
00-0033873,2021_16_PIT_KC,2021,16,258.0,249.11930259689117,0,262.99993507382385,250.23035350219064
00-0034177,2021_16_DET_ATL,2021,16,187.0,273.9934401037325,0,243.6191050695375,269.2804282429886
00-0034855,2021_16_CLE_GB,2021,16,222.0,224.2913495582285,0,227.45612463967217,226.32986622024163
00-0034857,2021_16_BUF_NE,2021,16,314.0,175.08412054167266,0,213.97557435302107,184.03138933303563
00-0034869,2021_16_TB_CAR,2021,16,190.0,147.30474940634497,0,137.696115359211,154.03985105403206
00-0035228,2021_16_IND_ARI,2021,16,245.0,272.1312833448386,0,253.09322835749825,268.56844652427236
00-0035704,2021_16_DEN_LV,2021,16,153.0,243.6501711877461,0,229.59279022223728,242.6888039282369
00-0036197,2021_16_NYG_PHI,2021,16,25.0,103.99293658630987,0,124.30599558535816,116.67335430996036
00-0036212,2021_16_MIA_NO,2021,16,198.0,251.5565909125298,0,253.86296398359468,251.45270361383723
00-0036355,2021_16_LAC_HOU,2021,16,336.0,291.65467126554904,0,284.95162027350005,287.7104410897348
00-0036389,2021_16_NYG_PHI,2021,16,199.0,209.5610206145181,0,200.87471671287437,211.6608170018365
00-0036442,2021_16_BAL_CIN,2021,16,525.0,260.3100078798974,0,253.9159372537724,258.7683901692273
00-0036898,2021_16_LAC_HOU,2021,16,254.0,253.52050241239724,0,255.70242040464265,253.25672368636077
00-0036929,2021_16_MIA_NO,2021,16,135.0,211.98161426329358,0,216.2684438991811,215.05276535308116
00-0036971,2021_16_JAX_NYJ,2021,16,280.0,237.47576944497453,0,219.70471103687464,236.65169688646805
00-0036972,2021_16_BUF_NE,2021,16,145.0,218.83035760973732,0,209.22013105762704,220.1455388333991
00-0037013,2021_16_JAX_NYJ,2021,16,102.0,254.24138810740553,0,223.4292825883618,250.9861003710086
00-0019596,2021_17_TB_NYJ,2021,17,410.0,283.08502887156715,0,258.60443658635654,278.2077288287819
00-0022924,2021_17_CLE_PIT,2021,17,123.0,247.84841280341809,0,255.25757430347295,248.47972144284404
00-0023459,2021_17_MIN_GB,2021,17,288.0,231.6170809457807,0,215.7754417027025,231.4086870879377
00-0026143,2021_17_ATL_BUF,2021,17,197.0,212.41946930570788,0,232.23663948646745,216.8398387651395
00-0026498,2021_17_LA_BAL,2021,17,309.0,287.96716064674285,0,272.5833063883186,283.52964667123115
00-0027973,2021_17_NYG_CHI,2021,17,173.0,192.42181397883581,0,204.99819161078145,197.7129630473157
00-0029263,2021_17_DET_SEA,2021,17,236.0,228.8318863070482,0,253.2630529394032,232.41932585147904
00-0029701,2021_17_MIA_TEN,2021,17,120.0,196.27225520341605,0,217.95592733048235,202.08230527802564
00-0030520,2021_17_NYG_CHI,2021,17,24.0,198.9684398495358,0,198.60708176249395,202.6119033230829
00-0031280,2021_17_LV_IND,2021,17,255.0,288.8865371205319,0,278.6986644285416,284.84186630687117
00-0031800,2021_17_PHI_WAS,2021,17,247.0,240.04177900592342,0,266.3968540522608,242.95105271273377
00-0032245,2021_17_MIN_GB,2021,17,189.0,223.3898307583725,0,211.95455164915435,224.19706992086304
00-0032950,2021_17_LV_IND,2021,17,148.0,252.17287337067992,0,244.221665853816,251.10923373345176
00-0033077,2021_17_ARI_DAL,2021,17,226.0,321.67377599725637,0,305.2137181179542,314.5863825437567
00-0033873,2021_17_KC_CIN,2021,17,259.0,283.3447408836638,0,284.8719514498429,280.7627842379758
00-0034177,2021_17_DET_SEA,2021,17,262.0,233.79026292923098,0,233.7566888889145,234.8243158453416
00-0034855,2021_17_CLE_PIT,2021,17,185.0,228.16527932816425,0,227.79181496996657,229.59530500476927
00-0034857,2021_17_ATL_BUF,2021,17,120.0,222.35338510764552,0,221.90757091456337,224.21736098351164
00-0034869,2021_17_CAR_NO,2021,17,132.0,225.4455513519474,0,200.8971487690945,224.92978687791253
00-0035228,2021_17_ARI_DAL,2021,17,263.0,271.7318868977733,0,264.0944569176825,269.2141134879004
00-0035704,2021_17_DEN_LAC,2021,17,245.0,230.28523566920444,0,232.7677501494939,231.80884202963964
00-0035993,2021_17_LA_BAL,2021,17,197.0,233.98397655789424,0,220.88275765987729,233.840165652248
00-0036212,2021_17_MIA_TEN,2021,17,205.0,231.5146599117736,0,236.40718826900763,233.1596295889099
00-0036355,2021_17_DEN_LAC,2021,17,237.0,288.60578712544066,0,304.0029148783735,286.85977790401563
00-0036389,2021_17_PHI_WAS,2021,17,214.0,249.40095722020587,0,262.78279387029306,250.44626691302665
00-0036442,2021_17_KC_CIN,2021,17,446.0,257.99843786920906,0,251.20306649986023,256.59625614255685
00-0036898,2021_17_HOU_SF,2021,17,163.0,226.7800663119173,0,230.62301204872463,228.6903687971492
00-0036971,2021_17_JAX_NE,2021,17,193.0,213.3421767750049,0,205.76695246845148,215.25436009305156
00-0036972,2021_17_JAX_NE,2021,17,227.0,196.58469938366247,0,196.2481971808903,200.41100080262856
00-0037012,2021_17_HOU_SF,2021,17,249.0,233.9302593053437,0,220.58125183230229,233.76846245718124
00-0037013,2021_17_TB_NYJ,2021,17,234.0,242.698161071854,0,221.5146422964955,241.1746151567363
00-0019596,2021_18_CAR_TB,2021,18,326.0,243.27827214920504,0,246.81472252000216,243.911158265996
00-0022924,2021_18_PIT_BAL,2021,18,244.0,254.35157869980046,0,254.36773412049337,253.832045819438
00-0023459,2021_18_GB_DET,2021,18,138.0,216.87508083068732,0,187.6708810734544,216.59431013015805
00-0026143,2021_18_NO_ATL,2021,18,216.0,255.37166570915227,0,240.3297474651142,253.43447812922852
00-0026498,2021_18_SF_LA,2021,18,238.0,302.4605161902972,0,283.20582584028165,296.5802299702397
00-0027973,2021_18_CHI_MIN,2021,18,325.0,241.6530259370372,0,248.76237752660043,242.72709671421
00-0028986,2021_18_CIN_CLE,2021,18,176.0,187.42121123813894,0,209.99418131387264,193.981098720924
00-0029263,2021_18_SEA_ARI,2021,18,238.0,242.96733021753872,0,256.5422335347965,244.5173266850148
00-0029604,2021_18_CHI_MIN,2021,18,250.0,277.0001957572115,0,276.05431118323236,274.6788537381044
00-0029701,2021_18_TEN_HOU,2021,18,287.0,249.87097513123823,0,258.6774481104431,250.4734045738749
00-0031280,2021_18_LAC_LV,2021,18,186.0,284.91339267665023,0,284.85465387599936,282.0714035542132
00-0031345,2021_18_SF_LA,2021,18,316.0,261.1970926144586,0,259.7517219712675,260.0287537557515
00-0031800,2021_18_WAS_NYG,2021,18,120.0,231.43512391155463,0,228.83322020964192,232.41902127522772
00-0032156,2021_18_NO_ATL,2021,18,71.0,134.5494716336559,0,138.77824763162124,143.48279539899227
00-0032434,2021_18_CIN_CLE,2021,18,136.0,181.8996867810501,0,183.48644786386345,187.00992449109685
00-0032950,2021_18_IND_JAX,2021,18,185.0,246.80184429640323,0,238.7449270280798,246.13577930614
00-0033077,2021_18_DAL_PHI,2021,18,295.0,251.8281606463378,0,247.52375186292687,251.1152523862588
00-0033106,2021_18_GB_DET,2021,18,238.0,269.06194073217057,0,275.80998331134214,268.0269683957373
00-0033873,2021_18_KC_DEN,2021,18,270.0,280.82827655952667,0,288.5412401753397,278.98761250146487
00-0034857,2021_18_NYJ_BUF,2021,18,239.0,209.21406041360635,0,229.44391969614145,213.9140509428158
00-0034869,2021_18_CAR_TB,2021,18,219.0,237.6773978805035,0,209.1514298267153,235.8807243963688
00-0035228,2021_18_SEA_ARI,2021,18,240.0,250.2865182352085,0,237.76449697715435,248.95895506911555
00-0035289,2021_18_DAL_PHI,2021,18,186.0,244.33720985327514,0,226.38248474246095,242.9768701191654
00-0035704,2021_18_KC_DEN,2021,18,162.0,237.48579737385748,0,239.881503409888,238.4560616025377
00-0035993,2021_18_PIT_BAL,2021,18,141.0,206.32497441856694,0,221.55356904335247,210.79870674223855
00-0036197,2021_18_WAS_NYG,2021,18,103.0,198.5733003272758,0,209.4435017995652,203.24645568812667
00-0036212,2021_18_NE_MIA,2021,18,109.0,235.4627227668722,0,227.88848846373065,235.69883281086663
00-0036264,2021_18_GB_DET,2021,18,134.0,142.5984775089524,0,113.97216471641566,147.99737851289234
00-0036355,2021_18_LAC_LV,2021,18,383.0,304.8997487291713,0,290.10848420055606,299.2319334463409
00-0036898,2021_18_TEN_HOU,2021,18,301.0,255.99943692991357,0,262.2705190844107,255.91180675215173
00-0036971,2021_18_IND_JAX,2021,18,223.0,237.12343079594964,0,230.7461373184673,237.3402452589376
00-0036972,2021_18_NE_MIA,2021,18,261.0,246.2755234563243,0,226.9901288795076,244.64986363986984
00-0037013,2021_18_NYJ_BUF,2021,18,87.0,175.37752732796991,0,203.6994593258183,183.36174264210743
00-0019596,2021_19_PHI_TB,2021,19,271.0,268.03123827896206,0,254.72086790995448,265.2889143583801
00-0022924,2021_19_PIT_KC,2021,19,215.0,264.5653926750464,0,253.4926913613252,262.28487040200463
00-0026498,2021_19_ARI_LA,2021,19,202.0,285.18896207324815,0,290.52030337483023,282.8058771454418
00-0031280,2021_19_LV_CIN,2021,19,310.0,257.8229786076439,0,257.71972935767013,257.02977548167536
00-0031345,2021_19_SF_DAL,2021,19,172.0,273.358469235969,0,271.62295605952227,271.24278834673606
00-0033077,2021_19_SF_DAL,2021,19,254.0,313.4654562972504,0,293.33877029493647,306.6736635488633
00-0033873,2021_19_PIT_KC,2021,19,404.0,273.7528077147242,0,274.293159649365,271.80982696477326
00-0034857,2021_19_NE_BUF,2021,19,308.0,175.17592994799023,0,218.26072911233663,184.48950265479775
00-0035228,2021_19_ARI_LA,2021,19,137.0,258.17675819883607,0,253.47165929987077,256.94712507419746
00-0036389,2021_19_PHI_TB,2021,19,258.0,215.08586632332498,0,234.49833351455095,219.2681686427339
00-0036442,2021_19_LV_CIN,2021,19,244.0,251.66749498010168,0,261.56710274415514,252.2310977939551
00-0036972,2021_19_NE_BUF,2021,19,232.0,234.4196751017989,0,218.180463570185,233.9635286296478
00-0019596,2021_20_LA_TB,2021,20,329.0,264.951942029408,0,267.8587811171089,263.88648496944893
00-0023459,2021_20_SF_GB,2021,20,225.0,240.98328835415217,0,254.84819734274,242.70943769918665
00-0026498,2021_20_LA_TB,2021,20,366.0,269.6880236108385,0,257.4251096706009,266.91339534897645
00-0029701,2021_20_CIN_TEN,2021,20,220.0,236.17695789287555,0,255.51823552719827,238.7547678856897
00-0031345,2021_20_SF_GB,2021,20,131.0,228.42317438411527,0,218.23848407661308,228.96033535345697
00-0033873,2021_20_BUF_KC,2021,20,378.0,272.48551485582914,0,288.071973717408,271.97785538118137
00-0034857,2021_20_BUF_KC,2021,20,329.0,219.18449745212666,0,217.69250595706825,221.19546951072363
00-0036442,2021_20_CIN_TEN,2021,20,348.0,273.3897601716592,0,269.4053184953986,271.0715252148291
00-0026498,2021_21_SF_LA,2021,21,337.0,285.6463740546154,0,275.387854541868,281.8409347728827
00-0031345,2021_21_SF_LA,2021,21,232.0,246.4696689185789,0,245.2794220520888,246.43999453076395
00-0033873,2021_21_CIN_KC,2021,21,275.0,291.9857201605207,0,294.09473193537383,288.80078993802425
00-0036442,2021_21_CIN_KC,2021,21,250.0,265.26051681479373,0,268.87618221972826,264.2347723122174
00-0026498,2021_22_LA_CIN,2021,22,283.0,280.94066116039573,0,266.10862979152665,277.08469208932644
00-0036442,2021_22_LA_CIN,2021,22,263.0,274.94063970844934,0,283.9902704652891,273.66508546865435
00-0019596,2022_01_TB_DAL,2022,1,212.0,282.51263319438397,1,290.28011340915407,280.8716642478108
00-0023459,2022_01_GB_MIN,2022,1,195.0,266.32687736383684,1,254.7450634512361,270.4444306831164
00-0026143,2022_01_IND_HOU,2022,1,352.0,280.5642133235044,1,293.5834498196238,278.1709112418379
00-0026158,2022_01_BAL_NYJ,2022,1,309.0,265.1164347179573,1,254.757983144512,269.15544918396785
00-0026498,2022_01_BUF_LA,2022,1,240.0,281.4529794620454,1,292.340718116806,279.35249831567927
00-0029263,2022_01_DEN_SEA,2022,1,340.0,259.57712005191763,1,256.76175018146284,262.88591699859586
00-0029604,2022_01_GB_MIN,2022,1,277.0,268.75194749055686,1,267.5018411902729,270.58946627213544
00-0029701,2022_01_NYG_TEN,2022,1,266.0,240.47662497350095,1,245.67592350028093,244.6988044031862
00-0030565,2022_01_DEN_SEA,2022,1,195.0,259.52558691735135,1,255.03910844533945,263.15961646409005
00-0031280,2022_01_LV_LAC,2022,1,295.0,278.08237641094524,1,282.0603578222173,277.7303032913699
00-0031503,2022_01_NO_ATL,2022,1,269.0,277.23021996446494,1,281.1472105674878,276.9987074078806
00-0032268,2022_01_NO_ATL,2022,1,215.0,271.93012772842417,1,280.2416767645471,271.5381748463597
00-0032950,2022_01_JAX_WAS,2022,1,313.0,249.63401914596338,1,252.6403111179,253.10377167930125
00-0033077,2022_01_TB_DAL,2022,1,134.0,219.42101858081813,1,189.57678165995213,233.01679234528967
00-0033106,2022_01_PHI_DET,2022,1,215.0,280.4618576403009,1,284.9065822586202,279.7166180707822
00-0033119,2022_01_CLE_CAR,2022,1,147.0,245.41001803869628,1,242.187573120457,250.60741201100564
00-0033869,2022_01_PIT_CIN,2022,1,194.0,250.56320447472476,1,260.85856625513276,252.5243077782173
00-0033873,2022_01_KC_ARI,2022,1,360.0,280.438136600721,1,269.01284579464243,282.722006226043
00-0034796,2022_01_BAL_NYJ,2022,1,213.0,257.18104910649936,1,253.60757454090933,260.9406896469882
00-0034855,2022_01_CLE_CAR,2022,1,235.0,236.6318868190439,1,242.51835657924536,241.2145089266979
00-0034857,2022_01_BUF_LA,2022,1,297.0,287.9150150938942,1,286.6732295275979,287.30133809521016
00-0035228,2022_01_KC_ARI,2022,1,193.0,254.6725052891065,1,244.14176097506785,260.0794167145038
00-0035710,2022_01_NYG_TEN,2022,1,188.0,248.49890615632947,1,258.7524860425962,250.73185502079457
00-0036212,2022_01_NE_MIA,2022,1,270.0,251.5730970915226,1,259.9697561106943,253.7671486611697
00-0036355,2022_01_LV_LAC,2022,1,279.0,287.34265206672785,1,285.3275273296272,286.9495995178345
00-0036389,2022_01_PHI_DET,2022,1,243.0,281.6680804764052,1,289.213868597551,280.17734245336567
00-0036442,2022_01_PIT_CIN,2022,1,338.0,252.2186290365144,1,264.0723870828739,253.67096664236524
00-0036898,2022_01_IND_HOU,2022,1,240.0,268.7985061033934,1,262.1851106922792,271.65273933126446
00-0036945,2022_01_SF_CHI,2022,1,121.0,238.85843040602796,1,223.12040555566472,247.27976876488324
00-0036971,2022_01_JAX_WAS,2022,1,275.0,246.41459501629143,1,254.1761836711925,249.38915087389276
00-0036972,2022_01_NE_MIA,2022,1,213.0,248.6402034152667,1,255.97183301090053,251.4122445344518
00-0037012,2022_01_SF_CHI,2022,1,164.0,242.23722535637776,1,226.1771315580645,250.2880651185847
00-0019596,2022_02_TB_NO,2022,2,190.0,261.66825822898534,1,289.0073559144994,258.9599251762275
00-0023459,2022_02_CHI_GB,2022,2,234.0,217.1924830394865,1,204.24285857689344,227.8516838670974
00-0026143,2022_02_IND_JAX,2022,2,195.0,261.9448709661882,1,272.2104943715428,262.45672973153637
00-0026158,2022_02_NYJ_CLE,2022,2,307.0,238.56633294388715,1,254.9447160913363,240.90108897354887
00-0026498,2022_02_ATL_LA,2022,2,272.0,247.9904028776921,1,251.93991138219383,251.49040690388733
00-0029263,2022_02_HOU_DEN,2022,2,219.0,274.132572133659,1,271.59375045331814,275.5280180982351
00-0029604,2022_02_MIN_PHI,2022,2,221.0,267.6074185850249,1,258.3636186514831,271.1154707908572
00-0029701,2022_02_TEN_BUF,2022,2,117.0,164.2134299658084,1,169.4711206194844,178.17317662465987
00-0030565,2022_02_SEA_SF,2022,2,197.0,229.18976674374804,1,247.5272573565728,232.349565983396
00-0031280,2022_02_ARI_LV,2022,2,252.0,269.75467305012353,1,279.00178937682847,269.46241495455047
00-0031345,2022_02_SEA_SF,2022,2,154.0,144.62657121635314,1,161.85564057001102,158.8074109480221
00-0031503,2022_02_TB_NO,2022,2,236.0,262.95015120533253,1,272.46315251319703,263.4770144457166
00-0032268,2022_02_ATL_LA,2022,2,196.0,260.0235041770695,1,239.8516831105965,266.5847488406806
00-0032950,2022_02_WAS_DET,2022,2,337.0,299.199230213305,1,279.15614176326847,300.72810695924005
00-0033106,2022_02_WAS_DET,2022,2,256.0,241.85116989676592,1,232.50534470801864,248.6710897203182
00-0033119,2022_02_NYJ_CLE,2022,2,229.0,207.7181195867292,1,233.90708745069648,212.12552207613436
00-0033662,2022_02_CIN_DAL,2022,2,235.0,217.06577901366595,1,217.59804562788295,225.1704643396855
00-0033869,2022_02_NE_PIT,2022,2,168.0,218.11624005666704,1,238.27500863104507,222.3442856340039
00-0033873,2022_02_LAC_KC,2022,2,235.0,283.9219835384446,1,268.6465631895695,286.49465248468385
00-0034796,2022_02_MIA_BAL,2022,2,318.0,221.18415346372956,1,219.07045604221125,229.26691770533975
00-0034855,2022_02_CAR_NYG,2022,2,145.0,246.9400586754024,1,252.6935693620872,250.23034275089228
00-0034857,2022_02_TEN_BUF,2022,2,317.0,240.44368540821173,1,219.8208326090933,249.59381467100957
00-0035228,2022_02_ARI_LV,2022,2,277.0,251.449219151157,1,268.0113973888424,252.10211385169907
00-0035710,2022_02_CAR_NYG,2022,2,176.0,235.19178457142758,1,227.03028598631664,242.6371455430948
00-0036212,2022_02_MIA_BAL,2022,2,469.0,262.5948947273754,1,263.30785508174114,264.84515234679577
00-0036355,2022_02_LAC_KC,2022,2,334.0,284.6763747283875,1,276.54105034366995,285.791144494615
00-0036389,2022_02_MIN_PHI,2022,2,333.0,232.0105503882838,1,218.01814391506065,240.97439862242007
00-0036442,2022_02_CIN_DAL,2022,2,199.0,241.36305217287625,1,231.630788323223,248.31905363417576
00-0036898,2022_02_HOU_DEN,2022,2,177.0,242.48318474927507,1,258.7629879283797,244.33604790488556
00-0036945,2022_02_CHI_GB,2022,2,70.0,226.01761268412272,1,227.2883261153699,232.83718157319583
00-0036971,2022_02_IND_JAX,2022,2,235.0,258.6288362648594,1,256.0037214137345,262.02257442790824
00-0036972,2022_02_NE_PIT,2022,2,252.0,237.35575276537432,1,244.40844463329023,241.62346936775236
00-0019596,2022_03_GB_TB,2022,3,271.0,233.98944115607148,1,240.1121635907111,238.8647979033867
00-0023459,2022_03_GB_TB,2022,3,255.0,226.88762236795353,1,230.14385658705183,233.21738127782413
00-0026143,2022_03_KC_IND,2022,3,222.0,255.71018453703064,1,263.9764595766062,257.40025493031095
00-0026158,2022_03_CIN_NYJ,2022,3,285.0,262.1656304227779,1,270.60630129506285,262.99724949806694
00-0026498,2022_03_LA_ARI,2022,3,249.0,266.02186245625705,1,253.4048765267183,270.3757911920089
00-0029263,2022_03_SF_DEN,2022,3,184.0,242.7953074691773,1,240.99638271815692,248.0555038636019
00-0029604,2022_03_DET_MIN,2022,3,260.0,256.2839565313062,1,273.32401901329126,256.2277057629295
00-0029701,2022_03_LV_TEN,2022,3,264.0,233.2486953858253,1,234.525201168779,239.14281265982373
00-0030565,2022_03_ATL_SEA,2022,3,325.0,252.55899551908047,1,239.16373415696108,258.782279199344
00-0031280,2022_03_LV_TEN,2022,3,303.0,249.91684394570214,1,250.2479900847515,253.86053691031063
00-0031345,2022_03_SF_DEN,2022,3,211.0,213.22520652635092,1,215.67298373993376,221.45558364627243
00-0031503,2022_03_NO_CAR,2022,3,353.0,233.92013564816548,1,231.3621724812475,240.45957520152027
00-0032268,2022_03_ATL_SEA,2022,3,229.0,238.76964120660958,1,263.3153607113549,239.52106976281783
00-0032950,2022_03_PHI_WAS,2022,3,211.0,284.22106572692167,1,294.48779225014334,281.88515484697143
00-0033106,2022_03_DET_MIN,2022,3,277.0,263.87596066254764,1,264.24927663379344,266.0272230214967
00-0033119,2022_03_PIT_CLE,2022,3,220.0,228.69725685212032,1,230.28390137324288,235.11404623996293
00-0033662,2022_03_DAL_NYG,2022,3,215.0,235.64236880534068,1,242.10618551980343,240.24139282733455
00-0033869,2022_03_PIT_CLE,2022,3,207.0,224.91842073032544,1,240.64016539449815,229.12299238815427
00-0033873,2022_03_KC_IND,2022,3,262.0,288.35404500058337,1,275.16561604866826,289.9622196525043
00-0034796,2022_03_BAL_NE,2022,3,218.0,237.50766501100864,1,236.69815091736197,243.25511943018168
00-0034855,2022_03_NO_CAR,2022,3,170.0,215.41205170268987,1,219.6082135222055,223.02950502101237
00-0034857,2022_03_BUF_MIA,2022,3,400.0,291.66710439889357,1,295.6602176358481,289.57561424983254
00-0035228,2022_03_LA_ARI,2022,3,314.0,250.60141837347405,1,251.95865966354583,254.26194770855804
00-0035710,2022_03_DAL_NYG,2022,3,196.0,227.18411680352742,1,244.56977897843296,230.7817912652687
00-0036212,2022_03_BUF_MIA,2022,3,186.0,263.57828686304845,1,272.3595112599699,264.16439012029474
00-0036355,2022_03_JAX_LAC,2022,3,297.0,277.18955005817463,1,270.11177227426714,279.0597065664756
00-0036389,2022_03_PHI_WAS,2022,3,340.0,253.5904924841827,1,230.95434687032423,261.4439617774407
00-0036442,2022_03_CIN_NYJ,2022,3,275.0,250.05519140723848,1,242.21845568831017,255.53864211186757
00-0036898,2022_03_HOU_CHI,2022,3,245.0,210.29979561799877,1,211.88738051707512,219.0681476546903
00-0036945,2022_03_HOU_CHI,2022,3,106.0,207.09701937262005,1,220.6681551346279,213.9897711485285
00-0036971,2022_03_JAX_LAC,2022,3,262.0,271.0811970922339,1,279.5901793836708,270.7601164049463
00-0036972,2022_03_BAL_NE,2022,3,321.0,251.9207838283737,1,274.10066793041716,251.4422206332288
00-0019596,2022_04_KC_TB,2022,4,385.0,258.29410213905976,1,260.89098198568206,260.7349051073154
00-0023459,2022_04_NE_GB,2022,4,251.0,250.48561558329632,1,249.61624031345613,254.58551673071435
00-0026143,2022_04_TEN_IND,2022,4,356.0,247.92552987434138,1,257.7519693370214,250.3132199194686
00-0026498,2022_04_LA_SF,2022,4,254.0,235.94418391521313,1,232.59028550426396,242.37665803449116
00-0027973,2022_04_MIN_NO,2022,4,236.0,210.58197044225204,1,210.16581926432735,219.6963223287193
00-0029263,2022_04_DEN_LV,2022,4,237.0,239.523187541294,1,250.5407167553116,242.75783081727047
00-0029604,2022_04_MIN_NO,2022,4,273.0,226.38879313507314,1,227.8608148544938,233.12252889713844
00-0029701,2022_04_TEN_IND,2022,4,137.0,233.51533579274397,1,236.31315719768153,239.0852857277132
00-0030565,2022_04_SEA_DET,2022,4,320.0,266.8154636875005,1,266.8042718693743,268.66428777408447
00-0031237,2022_04_MIA_CIN,2022,4,193.0,93.10126982300959,1,124.60796407485954,111.14613171685647
00-0031280,2022_04_DEN_LV,2022,4,188.0,257.8964141467727,1,262.6820718105852,259.9706997251134
00-0031345,2022_04_LA_SF,2022,4,239.0,242.32598658074463,1,243.924613511234,246.99833473698084
00-0032268,2022_04_CLE_ATL,2022,4,139.0,247.69579826281452,1,262.73810338071127,249.11829935223247
00-0032950,2022_04_WAS_DAL,2022,4,170.0,258.19623632047717,1,256.3167332357783,261.5031011800952
00-0033106,2022_04_SEA_DET,2022,4,378.0,264.47772031498516,1,265.77886630736805,266.3751423183272
00-0033119,2022_04_CLE_ATL,2022,4,234.0,243.12780704925606,1,245.25295207039036,247.5972628495455
00-0033662,2022_04_WAS_DAL,2022,4,223.0,249.76611312705128,1,263.19868459280485,251.23090871509729
00-0033869,2022_04_NYJ_PIT,2022,4,84.0,109.5239245263455,1,132.61801070565014,127.07359016623174
00-0033873,2022_04_KC_TB,2022,4,249.0,271.5248849161336,1,266.8064724065623,273.6692727188368
00-0034796,2022_04_BUF_BAL,2022,4,144.0,223.14900366590862,1,229.1360985976355,229.43595159246485
00-0034855,2022_04_ARI_CAR,2022,4,197.0,230.6622553315258,1,245.22704675866356,234.35320089288996
00-0034857,2022_04_BUF_BAL,2022,4,213.0,277.6664426469239,1,249.23322565857876,283.54766958300695
00-0035228,2022_04_ARI_CAR,2022,4,207.0,224.52019630590874,1,218.77799676235463,232.86839395089035
00-0035710,2022_04_CHI_NYG,2022,4,71.0,177.83457505532314,1,196.1131482300763,187.5703273781363
00-0036212,2022_04_MIA_CIN,2022,4,110.0,163.26201294081977,1,157.9462753333664,179.3595085280227
00-0036355,2022_04_LAC_HOU,2022,4,340.0,272.48540041256615,1,261.3172459071167,275.73683545814094
00-0036389,2022_04_JAX_PHI,2022,4,204.0,239.85446087634975,1,229.11244954774403,247.19584264071287
00-0036442,2022_04_MIA_CIN,2022,4,287.0,268.9538833423587,1,258.9100370633426,272.4423693114724
00-0036898,2022_04_LAC_HOU,2022,4,246.0,241.48613010233552,1,246.7785988472031,245.56149919991276
00-0036945,2022_04_CHI_NYG,2022,4,174.0,199.63574979142132,1,220.88062659198087,206.01905299192535
00-0036971,2022_04_JAX_PHI,2022,4,174.0,251.7978504121248,1,259.9625741904937,254.00739698662107
00-0037013,2022_04_NYJ_PIT,2022,4,252.0,197.5043315533855,1,194.6763654866342,208.7502762902742
00-0038102,2022_04_NYJ_PIT,2022,4,120.0,96.99372206064311,1,128.15475704427456,114.60692287676834
00-0038108,2022_04_NE_GB,2022,4,99.0,123.56244578041577,1,158.50854379691634,137.0576429799009
00-0019596,2022_05_ATL_TB,2022,5,351.0,280.66297771704615,1,283.61838649552055,280.1760101210646
00-0023459,2022_05_NYG_GB,2022,5,222.0,241.45523422526676,1,238.35812702163477,247.1342677714705
00-0026143,2022_05_IND_DEN,2022,5,251.0,242.69072429581675,1,247.86107815850988,246.6353952087553
00-0026498,2022_05_DAL_LA,2022,5,308.0,232.47544268555615,1,229.30250403219017,239.31681975135592
00-0027973,2022_05_SEA_NO,2022,5,187.0,228.36732015513965,1,249.78224435922328,231.0454508715247
00-0029263,2022_05_IND_DEN,2022,5,274.0,230.37659518354437,1,251.9411430701745,232.7693507970178
00-0029604,2022_05_CHI_MIN,2022,5,296.0,253.45014403634886,1,265.34202198080004,254.73778878874572
00-0029701,2022_05_TEN_WAS,2022,5,181.0,241.22943106896693,1,243.78533992221867,245.8594181324114
00-0030565,2022_05_SEA_NO,2022,5,268.0,256.54626958664187,1,252.5453206258512,260.4685641466349
00-0031280,2022_05_LV_KC,2022,5,241.0,247.82730907119102,1,256.6817186579316,250.4129002309394
00-0031345,2022_05_SF_CAR,2022,5,253.0,238.23293116773672,1,252.50398684614132,241.0121287113769
00-0032268,2022_05_ATL_TB,2022,5,147.0,210.395554309067,1,206.0777007072198,220.27770800525275
00-0032950,2022_05_TEN_WAS,2022,5,359.0,246.63610839914148,1,248.37374422446732,250.7309889124094
00-0033106,2022_05_DET_NE,2022,5,229.0,271.9933367718678,1,266.14393938444096,274.29349745642526
00-0033119,2022_05_LAC_CLE,2022,5,230.0,246.01861420940557,1,227.2908036075308,254.09475744878247
00-0033275,2022_05_SF_CAR,2022,5,60.0,87.9445868643782,1,120.63261947153003,106.42336970877793
00-0033662,2022_05_DAL_LA,2022,5,102.0,251.17083596868375,1,263.69004848255844,252.63022452867176
00-0033873,2022_05_LV_KC,2022,5,292.0,277.2026008496541,1,269.1669494149768,279.25373536464696
00-0034796,2022_05_CIN_BAL,2022,5,174.0,207.89181514056932,1,205.200797722192,217.7838177454128
00-0034855,2022_05_SF_CAR,2022,5,215.0,183.89551924192796,1,197.90164862452664,193.6711677289625
00-0034857,2022_05_PIT_BUF,2022,5,424.0,256.8528033589688,1,244.00154313043603,262.4234813362972
00-0035228,2022_05_PHI_ARI,2022,5,250.0,246.08761873270706,1,251.3679667906983,249.57709207605265
00-0035710,2022_05_NYG_GB,2022,5,217.0,221.1749623821615,1,222.52757256640407,228.59794982680512
00-0036355,2022_05_LAC_CLE,2022,5,228.0,279.81661933080704,1,279.5917828303622,280.0442471167619
00-0036389,2022_05_PHI_ARI,2022,5,239.0,265.8224662213528,1,233.93242499980823,273.87684852756735
00-0036442,2022_05_CIN_BAL,2022,5,217.0,265.7636580640915,1,249.38192777199103,270.8684502699497
00-0036898,2022_05_HOU_JAX,2022,5,140.0,241.62240129504406,1,250.95657771658955,244.9096825492931
00-0036945,2022_05_CHI_MIN,2022,5,208.0,205.37444990729912,1,211.95718276187765,213.8199381383371
00-0036971,2022_05_HOU_JAX,2022,5,286.0,231.1854929841147,1,233.2316520382467,237.1965921709334
00-0037013,2022_05_MIA_NYJ,2022,5,210.0,210.37552722333763,1,231.84998704453244,215.3421912557725
00-0037327,2022_05_MIA_NYJ,2022,5,166.0,237.6282240330232,1,253.3567729990769,240.20680790482413
00-0038102,2022_05_PIT_BUF,2022,5,327.0,202.11956959432982,1,196.1349792581201,213.37745144985936
00-0038108,2022_05_DET_NE,2022,5,188.0,246.55964959621363,1,251.47559207121057,250.05826782810547
00-0019596,2022_06_TB_PIT,2022,6,243.0,275.7047585265027,1,270.82469803462305,277.34565719556616
00-0023459,2022_06_NYJ_GB,2022,6,246.0,250.21499437135023,1,272.3814178822266,249.95704838216764
00-0026143,2022_06_JAX_IND,2022,6,389.0,232.82470405721577,1,225.9607942258612,240.325225437462
00-0026498,2022_06_CAR_LA,2022,6,253.0,247.89529947742628,1,242.1180827007626,253.26214173257577
00-0027973,2022_06_CIN_NO,2022,6,162.0,197.77387203615183,1,222.82661054130256,203.66909966547888
00-0029263,2022_06_DEN_LAC,2022,6,188.0,214.2377113698451,1,229.73766838208644,219.84988512960427
00-0029604,2022_06_MIN_MIA,2022,6,175.0,255.05376148883832,1,258.2741524860509,257.78988581712383
00-0030565,2022_06_ARI_SEA,2022,6,197.0,270.5723043539514,1,270.14592003967647,272.0200610681293
00-0031237,2022_06_MIN_MIA,2022,6,329.0,113.44571420456103,1,143.78308646990348,129.11291688638846
00-0031345,2022_06_SF_ATL,2022,6,296.0,254.2704105484431,1,269.2095053899266,254.87216093969155
00-0032268,2022_06_SF_ATL,2022,6,129.0,204.78616644363706,1,212.1759706019873,213.15296331245963
00-0032950,2022_06_WAS_CHI,2022,6,99.0,251.72238128438747,1,252.48857001191632,255.35231951347984
00-0033119,2022_06_NE_CLE,2022,6,266.0,228.4387392173916,1,214.1479223479531,237.916071567076
00-0033275,2022_06_CAR_LA,2022,6,60.0,123.45966222199104,1,158.47325785422888,136.95512784244875
00-0033662,2022_06_DAL_PHI,2022,6,181.0,220.00441891111268,1,215.92472376761623,228.61286253258243
00-0033869,2022_06_TB_PIT,2022,6,144.0,109.57259027595322,1,131.2400830333779,127.38805623925174
00-0033873,2022_06_BUF_KC,2022,6,338.0,280.19529544492696,1,284.35975763265986,279.53757057045755
00-0034796,2022_06_BAL_NYG,2022,6,210.0,220.97643229591569,1,215.53150945662304,229.72094384055984
00-0034857,2022_06_BUF_KC,2022,6,329.0,284.5937031977037,1,277.2104411417294,285.57563843012025
00-0035228,2022_06_ARI_SEA,2022,6,222.0,240.81941444570018,1,246.15527230228307,244.97173621826383
00-0035710,2022_06_BAL_NYG,2022,6,173.0,230.61810042356362,1,217.0834245241527,239.6726655614212
00-0036355,2022_06_DEN_LAC,2022,6,238.0,266.75586462316744,1,262.002595167308,269.5165213453462
00-0036389,2022_06_DAL_PHI,2022,6,155.0,236.13430120079303,1,231.66781648404975,242.75461940734328
00-0036442,2022_06_CIN_NO,2022,6,300.0,271.93788880172553,1,277.901051275228,271.99273156941183
00-0036945,2022_06_WAS_CHI,2022,6,190.0,218.42626862961285,1,229.67709940970556,224.31323904714293
00-0036971,2022_06_JAX_IND,2022,6,165.0,224.14865233906212,1,226.59667502561967,230.98264184606572
00-0037013,2022_06_NYJ_GB,2022,6,110.0,180.25540093426096,1,185.69698803423375,192.1294420787317
00-0038102,2022_06_TB_PIT,2022,6,67.0,112.22810861213182,1,124.4382282565359,131.50744187897914
00-0038108,2022_06_NE_CLE,2022,6,309.0,233.32164149671107,1,237.3985050000202,238.67246498665185
00-0019596,2022_07_TB_CAR,2022,7,290.0,256.29984052536054,1,257.06343327805894,259.3451385083406
00-0023459,2022_07_GB_WAS,2022,7,194.0,236.15033228330716,1,246.12546791518557,240.0148890889001
00-0026143,2022_07_IND_TEN,2022,7,243.0,252.98474798264166,1,261.7232604627757,254.9331644028758
00-0027973,2022_07_NO_ARI,2022,7,361.0,237.5824167730428,1,252.8831942001262,240.24842317582372
00-0029701,2022_07_IND_TEN,2022,7,132.0,225.35971270428516,1,238.6544886971549,229.9706458360235
00-0030565,2022_07_SEA_LAC,2022,7,210.0,269.9864734160127,1,288.2588420666651,267.94365924487045
00-0031280,2022_07_HOU_LV,2022,7,241.0,225.08918555235297,1,233.46785080283175,230.67209863334116
00-0031345,2022_07_KC_SF,2022,7,303.0,227.4414810992162,1,236.31153354416048,232.6300037797203
00-0031800,2022_07_GB_WAS,2022,7,201.0,186.56829396556887,1,181.39899115792392,199.65863260493865
00-0032268,2022_07_ATL_CIN,2022,7,124.0,215.9285046175014,1,231.46217790584012,221.31811580071076
00-0033077,2022_07_DET_DAL,2022,7,207.0,226.2257314013618,1,222.24703663815475,234.01964787013085
00-0033106,2022_07_DET_DAL,2022,7,228.0,246.46090489201137,1,249.65537399788244,250.30039426279535
00-0033119,2022_07_CLE_BAL,2022,7,258.0,233.60490004359636,1,218.8722825602325,242.5060856533682
00-0033275,2022_07_TB_CAR,2022,7,177.0,100.62349068117308,1,132.45743387933624,117.64438986963994
00-0033873,2022_07_KC_SF,2022,7,423.0,262.99940881782845,1,281.60901787056497,261.7854443956041
00-0034796,2022_07_CLE_BAL,2022,7,120.0,221.4717346826957,1,239.8766568935128,225.60526986664692
00-0034955,2022_07_NYJ_DEN,2022,7,225.0,193.581149002424,1,181.51907330841715,207.089342772916
00-0035228,2022_07_NO_ARI,2022,7,204.0,227.51513383976126,1,209.21344531897535,237.87531894669357
00-0035710,2022_07_NYG_JAX,2022,7,202.0,229.3968571225739,1,243.39480089537545,233.35764404007227
00-0036212,2022_07_PIT_MIA,2022,7,261.0,240.53212327561337,1,245.2381617064832,244.8412626620309
00-0036355,2022_07_SEA_LAC,2022,7,293.0,279.7636536239545,1,276.7561520888368,280.5286474832191
00-0036442,2022_07_ATL_CIN,2022,7,481.0,274.32816671314094,1,274.3584553286768,275.2087347791038
00-0036898,2022_07_HOU_LV,2022,7,302.0,222.87228196374392,1,231.1992338289054,228.74844181741065
00-0036945,2022_07_CHI_NE,2022,7,179.0,208.6536559507746,1,218.8681340502906,215.98746709973625
00-0036971,2022_07_NYG_JAX,2022,7,310.0,244.98451247227055,1,240.8270761516241,250.41458181740305
00-0036972,2022_07_CHI_NE,2022,7,13.0,147.1618902480527,1,159.07245148581612,162.032768136662
00-0037013,2022_07_NYJ_DEN,2022,7,121.0,175.03049628614517,1,201.4173275761742,183.57861949267908
00-0038102,2022_07_PIT_MIA,2022,7,257.0,221.61221166290676,1,209.80857827907107,231.48792359639492
00-0038108,2022_07_CHI_NE,2022,7,185.0,135.59990747825333,1,145.15325841291826,152.3982204077085
00-0019596,2022_08_BAL_TB,2022,8,325.0,261.38343054710924,1,250.38954254608208,266.0207981314739
00-0023459,2022_08_GB_BUF,2022,8,203.0,240.94408773619054,1,254.9746822538968,243.42256981519532
00-0026498,2022_08_SF_LA,2022,8,187.0,226.9292531324255,1,227.54656880812232,233.75687645546796
00-0027973,2022_08_LV_NO,2022,8,229.0,220.92204550014085,1,212.08900383456657,230.3195520330086
00-0029263,2022_08_DEN_JAX,2022,8,252.0,201.28812919677057,1,204.58998033440184,210.88156546761047
00-0029604,2022_08_ARI_MIN,2022,8,232.0,245.09545656908094,1,241.2840885388104,250.44535604572553
00-0030565,2022_08_NYG_SEA,2022,8,212.0,252.27337292598182,1,262.3987765716356,254.04827333724015
00-0031280,2022_08_LV_NO,2022,8,101.0,190.61067436359338,1,179.9617684960152,204.22912136212423
00-0031345,2022_08_SF_LA,2022,8,235.0,235.18972573290094,1,239.52517560756536,240.2524456119452
00-0031800,2022_08_WAS_IND,2022,8,279.0,210.5373844627215,1,213.68291516999824,218.9782982095924
00-0032268,2022_08_CAR_ATL,2022,8,253.0,230.27213751664672,1,247.75531482494603,233.4564771380743
00-0033077,2022_08_CHI_DAL,2022,8,250.0,207.81987179428924,1,209.1041076274022,216.96307401405576
00-0033106,2022_08_MIA_DET,2022,8,321.0,279.2491326665164,1,289.2871880712254,277.59238525574824
00-0033119,2022_08_CIN_CLE,2022,8,278.0,221.049734718063,1,224.5214122262107,228.08466857019917
00-0033275,2022_08_CAR_ATL,2022,8,317.0,144.8432163879403,1,170.72632514875002,157.34621979529206
00-0034796,2022_08_BAL_TB,2022,8,238.0,206.6450697325151,1,206.24758221255448,216.2591156919085
00-0034857,2022_08_GB_BUF,2022,8,218.0,244.95090861949726,1,236.93654138827355,251.12070884380057
00-0035228,2022_08_ARI_MIN,2022,8,326.0,240.3142840081837,1,247.48147160065065,244.181980530162
00-0035710,2022_08_NYG_SEA,2022,8,176.0,228.42486146665883,1,224.8914407511249,235.8527594362671
00-0036212,2022_08_MIA_DET,2022,8,382.0,270.76852115600855,1,262.3613257213593,273.7129677489546
00-0036389,2022_08_PIT_PHI,2022,8,285.0,204.64275902192793,1,221.96796703387324,211.13341582996085
00-0036442,2022_08_CIN_CLE,2022,8,232.0,279.2839556358441,1,279.9672405852397,279.4065140714213
00-0036879,2022_08_WAS_IND,2022,8,201.0,219.78388860721492,1,225.7766023883314,226.4999267878204
00-0036898,2022_08_TEN_HOU,2022,8,152.0,243.20172899608966,1,252.63915211700055,246.26743829722523
00-0036945,2022_08_CHI_DAL,2022,8,151.0,198.56003208100873,1,204.5030408618964,207.99858717862344
00-0036971,2022_08_DEN_JAX,2022,8,133.0,216.17122070825803,1,218.225562089874,224.1000296258322
00-0036972,2022_08_NE_NYJ,2022,8,194.0,209.18994836066338,1,229.76822275547084,214.47904822724843
00-0037013,2022_08_NE_NYJ,2022,8,355.0,186.39164725856668,1,211.9315041896907,193.64897807070577
00-0038102,2022_08_PIT_PHI,2022,8,191.0,201.7260488989949,1,203.69842746450945,211.5170083811481
00-0038128,2022_08_TEN_HOU,2022,8,55.0,201.82253580786576,1,212.51824140940963,209.93780707219935
00-0019596,2022_09_LA_TB,2022,9,280.0,251.59206457910815,1,248.81846423824163,255.9136242075789
00-0023459,2022_09_GB_DET,2022,9,291.0,265.47181038784345,1,278.6034271505056,264.98633710830774
00-0026498,2022_09_LA_TB,2022,9,165.0,248.86921640544003,1,237.75820488729147,255.12860521758125
00-0027973,2022_09_BAL_NO,2022,9,210.0,235.43612334520006,1,222.9584203221321,243.67325964020893
00-0029604,2022_09_MIN_WAS,2022,9,265.0,236.6789224892249,1,247.1321346986994,240.38475065548644
00-0030565,2022_09_SEA_ARI,2022,9,275.0,250.79831220622967,1,244.44310591502685,255.90427361342705
00-0031280,2022_09_LV_JAX,2022,9,259.0,229.6934521192234,1,242.962336506318,233.7553416222854
00-0031800,2022_09_MIN_WAS,2022,9,149.0,216.77297456717136,1,223.7815882050247,223.68018632961312
00-0032268,2022_09_LAC_ATL,2022,9,129.0,236.9110016847475,1,239.9587775853621,241.9992236197868
00-0033106,2022_09_GB_DET,2022,9,137.0,242.9649622479338,1,266.6491296636006,243.3443839689234
00-0033275,2022_09_CAR_CIN,2022,9,9.0,115.86073067818899,1,147.81698421214594,130.9105360425699
00-0033873,2022_09_TEN_KC,2022,9,446.0,268.7050071426853,1,266.8589097799294,270.6621692097174
00-0034796,2022_09_BAL_NO,2022,9,133.0,229.81429864546007,1,234.99504694783133,235.40297719225308
00-0034855,2022_09_CAR_CIN,2022,9,155.0,108.80667103010467,1,140.2783730986803,124.85058846249596
00-0034857,2022_09_BUF_NYJ,2022,9,205.0,251.322022458119,1,236.73938538662264,257.92983551773966
00-0035228,2022_09_SEA_ARI,2022,9,175.0,235.0487825894904,1,229.61667495916643,241.99198622128105
00-0036212,2022_09_MIA_CHI,2022,9,302.0,265.0324691386494,1,280.2062184950162,264.2137651411393
00-0036355,2022_09_LAC_ATL,2022,9,245.0,256.40675882755136,1,254.94182952032764,259.86332159096713
00-0036389,2022_09_PHI_HOU,2022,9,243.0,241.5042659254776,1,224.70644127700092,249.7894693725715
00-0036442,2022_09_CAR_CIN,2022,9,206.0,200.24804199198167,1,210.2373322084774,208.6992788314151
00-0036879,2022_09_IND_NE,2022,9,103.0,217.4117888024953,1,214.21780964614308,226.1827602120147
00-0036898,2022_09_PHI_HOU,2022,9,154.0,236.6622588506509,1,243.4140842503367,241.0759934569345
00-0036945,2022_09_MIA_CHI,2022,9,123.0,213.2163663657282,1,225.60207229542604,219.55292029419624
00-0036971,2022_09_LV_JAX,2022,9,235.0,237.16217031933004,1,253.9905087813225,239.59062305632656
00-0036972,2022_09_IND_NE,2022,9,147.0,204.54727278338794,1,220.86517736488207,211.2422070697233
00-0037013,2022_09_BUF_NYJ,2022,9,154.0,185.80567503030915,1,214.45190247225807,192.5455912127993
00-0038128,2022_09_TEN_KC,2022,9,80.0,180.25852018269,1,184.7101492353908,192.32092669716985
00-0019596,2022_10_SEA_TB,2022,10,258.0,251.37706520661706,1,260.9049258052043,253.38047921072217
00-0023459,2022_10_DAL_GB,2022,10,224.0,225.30548833401443,1,228.64831941072353,231.82097877078184
00-0026143,2022_10_IND_LV,2022,10,222.0,248.6874552805463,1,252.883971351406,252.05125617804416
00-0027688,2022_10_ARI_LA,2022,10,238.0,192.14429310594053,1,198.52816841205376,202.3189062549556
00-0027973,2022_10_NO_PIT,2022,10,174.0,205.98919423197472,1,203.2252349612759,216.13831676919196
00-0029263,2022_10_DEN_TEN,2022,10,286.0,192.60921007077687,1,202.96656131181297,201.96673503869965
00-0029604,2022_10_MIN_BUF,2022,10,357.0,214.59181805006256,1,225.69772007205364,220.99657999153655
00-0029701,2022_10_DEN_TEN,2022,10,255.0,189.14299168699193,1,204.4926553312414,197.99167372007133
00-0030565,2022_10_SEA_TB,2022,10,275.0,250.0060681600116,1,260.9419345299082,251.91625932692688
00-0031280,2022_10_IND_LV,2022,10,248.0,226.70851720632928,1,226.0935591649087,233.7993257224912
00-0031345,2022_10_LAC_SF,2022,10,240.0,231.32511317254048,1,229.80394843847984,237.99857809630308
00-0031800,2022_10_WAS_PHI,2022,10,211.0,194.6198461948879,1,202.29747187956673,204.2313192466004
00-0032268,2022_10_ATL_CAR,2022,10,186.0,210.28281053632705,1,225.7106416017104,216.41429098060664
00-0033077,2022_10_DAL_GB,2022,10,265.0,193.61532322585782,1,202.15300198631604,203.1912101811221
00-0033106,2022_10_DET_CHI,2022,10,236.0,224.19122226642443,1,243.5368391748817,227.79775554537352
00-0033119,2022_10_CLE_MIA,2022,10,212.0,240.08297681935628,1,241.0905308065729,245.15475337488525
00-0033275,2022_10_ATL_CAR,2022,10,108.0,106.29257163083403,1,131.96183749391332,123.76426773722844
00-0033873,2022_10_JAX_KC,2022,10,331.0,288.32760600396614,1,277.39752649756144,289.5085407771197
00-0034857,2022_10_MIN_BUF,2022,10,330.0,249.81396209730022,1,248.9966209754469,253.98979869502384
00-0034899,2022_10_ARI_LA,2022,10,212.0,192.3617275008517,1,207.9495242090447,200.75355255038855
00-0035710,2022_10_HOU_NYG,2022,10,197.0,176.42614822872227,1,193.0857085740498,186.65065090176995
00-0036212,2022_10_CLE_MIA,2022,10,285.0,263.53253701542485,1,258.878052889879,266.6863944630046
00-0036355,2022_10_LAC_SF,2022,10,196.0,251.8359551179996,1,264.49679320526786,253.1833166890763
00-0036389,2022_10_WAS_PHI,2022,10,175.0,241.82830147130036,1,237.6119153596443,247.6730688041006
00-0036898,2022_10_HOU_NYG,2022,10,319.0,216.78269348909225,1,222.20845141198564,223.99048005701536
00-0036945,2022_10_DET_CHI,2022,10,167.0,219.32176071421978,1,230.3510942554353,225.1364954946672
00-0036971,2022_10_JAX_KC,2022,10,259.0,241.09445662582775,1,254.32071129672897,243.70708772469428
00-0038102,2022_10_NO_PIT,2022,10,199.0,189.89467828216587,1,197.88785924609272,200.04999840216007
00-0023459,2022_11_TEN_GB,2022,11,227.0,219.98768623429794,1,226.629360300558,226.55392999779417
00-0026143,2022_11_PHI_IND,2022,11,213.0,256.2631226275412,1,259.3224510665284,258.87536591368496
00-0026498,2022_11_LA_NO,2022,11,159.0,121.70022338528446,1,135.7380592576133,139.42023215438255
00-0027688,2022_11_SF_ARI,2022,11,218.0,151.52466974312284,1,152.11778687769907,167.99585252631294
00-0027973,2022_11_LA_NO,2022,11,260.0,128.8968700094389,1,157.68909156472165,142.88358369656223
00-0029263,2022_11_LV_DEN,2022,11,247.0,190.27862732572282,1,214.06192690461228,197.37402504804345
00-0029604,2022_11_DAL_MIN,2022,11,105.0,198.28810591693463,1,179.84008514090803,212.41227572119035
00-0029701,2022_11_TEN_GB,2022,11,333.0,197.54796500302717,1,222.11296015624785,203.5650726221781
00-0031280,2022_11_LV_DEN,2022,11,307.0,198.9057257404993,1,206.46119623881344,207.9926285090879
00-0031345,2022_11_SF_ARI,2022,11,228.0,222.79956577898056,1,225.04322863225093,229.84497572325384
00-0031800,2022_11_WAS_HOU,2022,11,191.0,199.6960875034631,1,217.52481494934645,206.723065322788
00-0032268,2022_11_CHI_ATL,2022,11,131.0,232.0364974531948,1,222.0570591525278,240.2318405609887
00-0033077,2022_11_DAL_MIN,2022,11,276.0,219.67066104611345,1,194.25142629194065,232.39076858315264
00-0033106,2022_11_DET_NYG,2022,11,165.0,210.4872555196596,1,233.99869337749536,215.0512286443999
00-0033119,2022_11_CLE_BUF,2022,11,324.0,240.2903858859831,1,238.47725211357627,245.8734950165433
00-0033873,2022_11_KC_LAC,2022,11,329.0,307.23949856653223,1,303.2680771941127,304.6760625620661
00-0034796,2022_11_CAR_BAL,2022,11,209.0,207.19362269824367,1,225.79098306870372,213.1156307656594
00-0034855,2022_11_CAR_BAL,2022,11,196.0,203.84846308980312,1,228.7404220539465,208.99783482880505
00-0034857,2022_11_CLE_BUF,2022,11,197.0,276.3621054882509,1,269.3479270633217,278.3259069328466
00-0035710,2022_11_DET_NYG,2022,11,341.0,195.64985312696663,1,192.925855523855,207.11303069429644
00-0035939,2022_11_LA_NO,2022,11,64.0,84.45903317817645,1,98.59936170831,106.92002895048724
00-0036355,2022_11_KC_LAC,2022,11,280.0,268.74763653489015,1,286.5127748598042,266.9599006271994
00-0036389,2022_11_PHI_IND,2022,11,190.0,240.59386898500074,1,231.8708779719946,247.4557478775978
00-0036442,2022_11_CIN_PIT,2022,11,355.0,219.99367521984757,1,231.03640216120283,225.7199655316097
00-0036898,2022_11_WAS_HOU,2022,11,169.0,238.05822604197223,1,251.69826510290105,240.98007763834045
00-0036945,2022_11_CHI_ATL,2022,11,153.0,254.98910080782693,1,261.60803023469134,257.08546115277346
00-0036972,2022_11_NYJ_NE,2022,11,246.0,207.54554443381167,1,234.27711753069215,211.87154378925507
00-0037013,2022_11_NYJ_NE,2022,11,77.0,198.6026760259288,1,228.20305185849736,203.52481944717587
00-0038102,2022_11_CIN_PIT,2022,11,265.0,184.71767677842487,1,191.4926869719175,195.7670509015742
00-0019596,2022_12_TB_CLE,2022,12,246.0,227.02604434010217,1,233.36261652575857,232.75075338333048
00-0023459,2022_12_GB_PHI,2022,12,140.0,170.1066114734067,1,212.9095211391607,176.15395378129313
00-0026143,2022_12_PIT_IND,2022,12,199.0,236.6575967028448,1,225.56672128316976,244.47415367496788
00-0027973,2022_12_NO_SF,2022,12,204.0,213.19023845892582,1,235.2557388946639,217.6843998282656
00-0029263,2022_12_DEN_CAR,2022,12,142.0,184.18513713939222,1,205.58356986333183,192.5142076541956
00-0029604,2022_12_NE_MIN,2022,12,299.0,231.33541825700163,1,224.22574315465604,239.07317684433383
00-0029701,2022_12_CIN_TEN,2022,12,291.0,205.8488700304454,1,202.870435299581,216.05682611120713
00-0030565,2022_12_LV_SEA,2022,12,328.0,239.4046986165853,1,236.39376241947176,245.3294205235016
00-0031280,2022_12_LV_SEA,2022,12,295.0,232.31410706165136,1,250.2500399857876,235.1510913890332
00-0031345,2022_12_NO_SF,2022,12,222.0,252.75300418985753,1,257.7392952170327,255.44651377518937
00-0031800,2022_12_ATL_WAS,2022,12,138.0,195.4385985227469,1,205.61889912003352,204.46820343272745
00-0032156,2022_12_CHI_NYJ,2022,12,179.0,184.59301612864465,1,196.6480838238918,194.65153007640615
00-0032268,2022_12_ATL_WAS,2022,12,174.0,210.08541540251196,1,231.7532292269947,215.05229581518793
00-0033077,2022_12_NYG_DAL,2022,12,261.0,232.92381792713113,1,217.07297991335653,242.12528711049492
00-0033106,2022_12_BUF_DET,2022,12,240.0,235.35053075881703,1,248.7449929044695,238.6653325660738
00-0033119,2022_12_TB_CLE,2022,12,210.0,229.85663930537075,1,226.097185667062,237.1446132497552
00-0033873,2022_12_LA_KC,2022,12,320.0,270.2821126279889,1,266.81275075919524,272.347196049045
00-0034401,2022_12_CHI_NYJ,2022,12,315.0,177.71812692671435,1,197.31215227383137,187.21793581752385
00-0034577,2022_12_HOU_MIA,2022,12,215.0,189.25292146042796,1,228.37810107071977,193.5540621858696
00-0034796,2022_12_BAL_JAX,2022,12,254.0,194.21524929473148,1,205.9614045648236,203.10265913761123
00-0034857,2022_12_BUF_DET,2022,12,253.0,305.184781560836,1,297.70815558375926,303.5523679425543
00-0034869,2022_12_DEN_CAR,2022,12,164.0,177.25664206133317,1,187.76733110650977,188.547442916995
00-0035228,2022_12_LAC_ARI,2022,12,191.0,254.61618166321185,1,263.6307280702227,256.3034185616541
00-0035710,2022_12_NYG_DAL,2022,12,228.0,217.44048574454808,1,219.1980625695402,225.2636316292573
00-0035939,2022_12_LA_KC,2022,12,100.0,171.62740425798614,1,193.9744348467947,181.3808484167868
00-0036212,2022_12_HOU_MIA,2022,12,299.0,164.19455462939874,1,178.25145303436005,176.47889094105687
00-0036355,2022_12_LAC_ARI,2022,12,274.0,263.2284975854084,1,269.54846921721446,264.3286232489957
00-0036389,2022_12_GB_PHI,2022,12,153.0,215.53930177422205,1,223.52680248183955,222.41756045938385
00-0036442,2022_12_CIN_TEN,2022,12,270.0,252.00036882712303,1,239.0580781105592,258.2086896497421
00-0036971,2022_12_BAL_JAX,2022,12,321.0,223.8756693512822,1,226.7296168312958,230.66715290239853
00-0036972,2022_12_NE_MIN,2022,12,382.0,231.59907529965741,1,252.4941964310555,233.96320719735135
00-0038102,2022_12_PIT_IND,2022,12,174.0,225.21040621375877,1,226.83891128295312,232.0649367514238
00-0019596,2022_13_NO_TB,2022,13,281.0,262.9454157861637,1,255.19921332420543,266.76385018832923
00-0023459,2022_13_GB_CHI,2022,13,182.0,225.2317445706062,1,231.35789799559865,231.22594083186445
00-0026143,2022_13_IND_DAL,2022,13,233.0,238.79423648216115,1,230.65742933395103,245.7743889692948
00-0027973,2022_13_NO_TB,2022,13,229.0,216.0494487769401,1,226.41606891508377,222.40884766894965
00-0029263,2022_13_DEN_BAL,2022,13,189.0,205.0697174224278,1,209.6482038296246,213.9363270056322
00-0029604,2022_13_NYJ_MIN,2022,13,173.0,239.8059488190169,1,242.20208938702055,244.64836363155504
00-0029701,2022_13_TEN_PHI,2022,13,141.0,172.2852724468796,1,187.31183531569351,183.35048017867385
00-0030565,2022_13_SEA_LA,2022,13,367.0,252.56355693984753,1,242.53529994395453,258.1442408764784
00-0031280,2022_13_LAC_LV,2022,13,250.0,255.735023943213,1,255.05112623744907,259.1285281360818
00-0031800,2022_13_WAS_NYG,2022,13,275.0,199.7114082109251,1,208.78955165537383,208.40497924189867
00-0032268,2022_13_PIT_ATL,2022,13,167.0,224.29813042045376,1,228.91937267923592,230.69862509112951
00-0033077,2022_13_IND_DAL,2022,13,170.0,240.56200302456008,1,231.39626405555845,247.5123780225824
00-0033106,2022_13_JAX_DET,2022,13,340.0,251.11399522027492,1,258.5275626320001,253.5541884620819
00-0033537,2022_13_CLE_HOU,2022,13,131.0,223.31822249904062,1,242.77039672449115,227.01603284573645
00-0033873,2022_13_KC_CIN,2022,13,223.0,287.4705647748633,1,280.5339968504023,287.9995765119428
00-0034401,2022_13_NYJ_MIN,2022,13,369.0,272.37345706392307,1,252.5060988722529,277.297956305795
00-0034577,2022_13_CLE_HOU,2022,13,201.0,246.39801154042019,1,254.5047817772114,249.30886841754267
00-0034857,2022_13_BUF_NE,2022,13,223.0,254.86077708892313,1,231.14906561434807,262.756953987169
00-0034899,2022_13_SEA_LA,2022,13,178.0,222.34564399787203,1,225.68207657384525,229.24071050860823
00-0035710,2022_13_WAS_NYG,2022,13,200.0,207.35899138232912,1,222.33368662646163,213.9506261891835
00-0035993,2022_13_DEN_BAL,2022,13,187.0,154.64243315747538,1,174.56482714109467,167.02938810362855
00-0036212,2022_13_MIA_SF,2022,13,295.0,248.60067172106184,1,254.83734935207423,251.58655039120103
00-0036355,2022_13_LAC_LV,2022,13,335.0,268.27863080729196,1,258.29747751199943,271.8414798770982
00-0036389,2022_13_TEN_PHI,2022,13,380.0,219.08911673775935,1,223.08438334405832,226.27483841048425
00-0036442,2022_13_KC_CIN,2022,13,286.0,282.4035413839605,1,277.3016133361343,283.2304421063215
00-0036945,2022_13_GB_CHI,2022,13,254.0,205.37332097193652,1,210.99952421054385,214.0013435208366
00-0036971,2022_13_JAX_DET,2022,13,179.0,260.7446522700477,1,258.75100628988815,263.7475185228675
00-0036972,2022_13_BUF_NE,2022,13,195.0,220.27167021029186,1,223.20327496487891,227.50904428912165
00-0037834,2022_13_MIA_SF,2022,13,210.0,190.72845769139593,1,224.70032273294817,195.8236093693912
00-0038102,2022_13_PIT_ATL,2022,13,197.0,234.54991760551198,1,238.88740137299607,239.69403614541508
00-0019596,2022_14_TB_SF,2022,14,253.0,230.17244126052825,1,229.95585862889084,236.7444956210271
00-0027688,2022_14_NE_ARI,2022,14,246.0,205.85999563860906,1,211.22279431211683,214.47603240099969
00-0029263,2022_14_KC_DEN,2022,14,247.0,182.10656112922143,1,198.53602869523027,191.6488121586092
00-0029604,2022_14_MIN_DET,2022,14,425.0,258.1744184310297,1,259.8751262579526,260.8014016187063
00-0029701,2022_14_JAX_TEN,2022,14,254.0,227.53023504681667,1,221.69465530728036,235.51146597333957
00-0030565,2022_14_CAR_SEA,2022,14,264.0,263.2210488967644,1,266.3644488815693,264.9278318828581
00-0031280,2022_14_LV_LA,2022,14,137.0,246.7142143080496,1,254.97270048585025,249.55572205271596
00-0032436,2022_14_HOU_DAL,2022,14,38.0,103.01551007094844,1,142.13473931393597,118.34148787356072
00-0033077,2022_14_HOU_DAL,2022,14,284.0,236.8618331076216,1,228.22636534313588,244.18408819262368
00-0033106,2022_14_MIN_DET,2022,14,330.0,264.4162649924482,1,270.2771518235393,265.45209648483905
00-0033537,2022_14_CLE_CIN,2022,14,276.0,192.410020123103,1,197.29621873059293,202.8362407990928
00-0033869,2022_14_BAL_PIT,2022,14,276.0,160.43147246082415,1,183.4873260409856,171.48093164588988
00-0033873,2022_14_KC_DEN,2022,14,352.0,276.76345784552075,1,262.6615875530735,280.02742776362936
00-0034401,2022_14_NYJ_BUF,2022,14,268.0,198.70156977691175,1,236.3502340010593,202.0764329345465
00-0034855,2022_14_LV_LA,2022,14,230.0,212.2536232799245,1,210.19171262668132,221.4680998764775
00-0034857,2022_14_NYJ_BUF,2022,14,147.0,224.063256908809,1,222.16294502354197,231.73729810198537
00-0034869,2022_14_CAR_SEA,2022,14,120.0,229.76332254036086,1,231.5844414201839,235.99912775990052
00-0035710,2022_14_PHI_NYG,2022,14,169.0,167.70039724426357,1,187.3521689222696,178.46975851349512
00-0035993,2022_14_BAL_PIT,2022,14,88.0,126.98590748668943,1,119.5269796809838,148.1292278987541
00-0036212,2022_14_MIA_LAC,2022,14,145.0,290.5706466996239,1,292.010100484735,289.1062453621429
00-0036355,2022_14_MIA_LAC,2022,14,367.0,293.217461672906,1,293.34446538854627,291.6649752939296
00-0036389,2022_14_PHI_NYG,2022,14,217.0,219.96164986964666,1,224.57369818037637,226.91822864207023
00-0036442,2022_14_CLE_CIN,2022,14,239.0,265.24276633250736,1,278.7916418855356,264.7070092425493
00-0036898,2022_14_HOU_DAL,2022,14,175.0,105.05157642980515,1,143.0736618175259,120.3264866532179
00-0036971,2022_14_JAX_TEN,2022,14,368.0,244.55246627772655,1,252.39196077865645,247.7502024939021
00-0036972,2022_14_NE_ARI,2022,14,235.0,247.2911508793293,1,258.67264278774127,249.46341772556053
00-0037175,2022_14_BAL_PIT,2022,14,16.0,86.9808849757026,1,130.03997811019076,103.60531522391636
00-0037834,2022_14_TB_SF,2022,14,185.0,173.4603724361369,1,206.51331310281049,180.9381177608289
00-0019596,2022_15_CIN_TB,2022,15,312.0,251.57759150549165,1,266.0021802051494,252.6216696089782
00-0023459,2022_15_LA_GB,2022,15,229.0,216.74018824967706,1,244.74433815862352,219.64818550490463
00-0026143,2022_15_IND_MIN,2022,15,182.0,260.74922870530236,1,255.8046247308833,264.3141953515405
00-0027688,2022_15_ARI_DEN,2022,15,78.0,90.14951320827473,1,119.5306852799252,108.97698947820118
00-0027973,2022_15_ATL_NO,2022,15,151.0,207.84461950624825,1,231.3248989189529,212.75234125881292
00-0029604,2022_15_IND_MIN,2022,15,460.0,261.5967870882006,1,252.0439012987722,265.93211266617055
00-0029701,2022_15_TEN_LAC,2022,15,165.0,214.8800946422907,1,206.04795143495343,225.0497706265871
00-0030565,2022_15_SF_SEA,2022,15,238.0,255.77338291335914,1,257.10892038159375,258.7769200311164
00-0031280,2022_15_NE_LV,2022,15,231.0,233.0136579375335,1,226.85197614691023,240.35612533581127
00-0031800,2022_15_NYG_WAS,2022,15,249.0,187.75840656818505,1,202.1894523150026,196.9592407442303
00-0033077,2022_15_DAL_JAX,2022,15,256.0,256.89936270752844,1,245.84373782474955,262.12169926088717
00-0033106,2022_15_DET_NYJ,2022,15,252.0,239.4332548381037,1,244.2513051151482,243.8615039531418
00-0033537,2022_15_BAL_CLE,2022,15,161.0,173.81260906572876,1,181.93217335144877,185.99959664505056
00-0033869,2022_15_PIT_CAR,2022,15,179.0,188.33018955980296,1,206.15912748765595,196.81002657443673
00-0033873,2022_15_KC_HOU,2022,15,336.0,292.21911245760816,1,288.6034625020837,291.50788981125066
00-0034855,2022_15_LA_GB,2022,15,111.0,184.8830625307259,1,196.758010313263,194.93884499898985
00-0034857,2022_15_MIA_BUF,2022,15,304.0,248.4751146655672,1,228.1413748903956,256.54346098122096
00-0034869,2022_15_PIT_CAR,2022,15,225.0,195.5050392519057,1,209.70347581964648,203.75997735259975
00-0034955,2022_15_ARI_DEN,2022,15,197.0,177.05161087467408,1,183.5054741680994,189.1421718408847
00-0035146,2022_15_ARI_DEN,2022,15,95.0,65.46612928881686,1,106.75292949486952,85.17872316243808
00-0035710,2022_15_NYG_WAS,2022,15,160.0,195.6884506620531,1,206.2546424265448,204.61253574808916
00-0035993,2022_15_BAL_CLE,2022,15,138.0,185.48199258574473,1,195.37102328580897,195.83988647139591
00-0036212,2022_15_MIA_BUF,2022,15,234.0,241.9786651525677,1,257.41756515481364,244.0563633823207
00-0036355,2022_15_TEN_LAC,2022,15,313.0,278.2115233457969,1,272.239703253802,279.7401585286474
00-0036389,2022_15_PHI_CHI,2022,15,315.0,222.4287623419696,1,230.43573174865813,228.42263107636757
00-0036442,2022_15_CIN_TB,2022,15,200.0,280.56188657279586,1,290.54963037597963,278.7469235837732
00-0036898,2022_15_KC_HOU,2022,15,121.0,201.68723720207234,1,220.63394274727423,208.24651212766844
00-0036945,2022_15_PHI_CHI,2022,15,152.0,170.82117200030652,1,192.2130060356429,180.8598124066342
00-0036971,2022_15_DAL_JAX,2022,15,318.0,244.92640510765776,1,238.9396697338158,250.71271101459544
00-0036972,2022_15_NE_LV,2022,15,112.0,233.1432475648115,1,229.48086194100208,239.9925865384527
00-0037013,2022_15_DET_NYJ,2022,15,317.0,174.96907181366473,1,194.97575047918676,184.74160731904144
00-0037834,2022_15_SF_SEA,2022,15,217.0,228.93299582377907,1,247.32675348138963,232.11488907551737
00-0038122,2022_15_ATL_NO,2022,15,97.0,220.43130645201396,1,240.61294627727955,224.3590567206966
00-0019596,2022_16_TB_ARI,2022,16,281.0,256.0353060886206,1,258.61855564177665,258.76744928868226
00-0023459,2022_16_GB_MIA,2022,16,238.0,229.6154610355205,1,239.18191462104983,234.39329551474052
00-0027973,2022_16_NO_CLE,2022,16,92.0,108.62328169913829,1,161.17935901965433,120.67029644407172
00-0029263,2022_16_DEN_LA,2022,16,214.0,122.67383572569426,1,158.7260811013733,136.07170473057107
00-0029567,2022_16_LAC_IND,2022,16,144.0,227.4078370411747,1,246.41047894235396,230.66858951095352
00-0029604,2022_16_NYG_MIN,2022,16,299.0,275.58783346534676,1,270.2818290848064,277.32489713827886
00-0030565,2022_16_SEA_KC,2022,16,215.0,262.7212375560806,1,253.10236009362575,266.92540818657017
00-0031280,2022_16_LV_PIT,2022,16,174.0,185.51464515882725,1,211.0252391580688,192.8896627100918
00-0031800,2022_16_WAS_SF,2022,16,166.0,136.57316815552423,1,157.7631568085222,151.02820828888707
00-0033077,2022_16_PHI_DAL,2022,16,347.0,257.35707481683187,1,224.8519724831259,266.61086474146845
00-0033106,2022_16_DET_CAR,2022,16,355.0,244.69283938978364,1,262.1313277221766,246.0423062544825
00-0033537,2022_16_NO_CLE,2022,16,135.0,146.33242031663883,1,194.0951954458734,154.47306871300944
00-0033873,2022_16_SEA_KC,2022,16,224.0,284.08461208510744,1,272.78319419485706,285.8787338912513
00-0034855,2022_16_DEN_LA,2022,16,230.0,166.23768373277684,1,201.47291622790124,174.22258620533785
00-0034857,2022_16_BUF_CHI,2022,16,172.0,229.70161550897078,1,215.16954709204936,239.06351633809328
00-0034869,2022_16_DET_CAR,2022,16,250.0,212.924951788223,1,224.5080330303484,219.45180074017244
00-0035146,2022_16_TB_ARI,2022,16,217.0,185.7100104218417,1,201.0315726564041,195.0028877674195
00-0035289,2022_16_PHI_DAL,2022,16,355.0,225.115947269813,1,260.74792496743146,225.49880801466944
00-0035710,2022_16_NYG_MIN,2022,16,334.0,251.38102959510493,1,237.94164253555965,257.7633061456513
00-0035752,2022_16_JAX_NYJ,2022,16,90.0,78.72594524301809,1,109.6057303063619,98.7279389209979
00-0035993,2022_16_ATL_BAL,2022,16,115.0,176.37632124296834,1,195.73034805625855,186.09341540670235
00-0036212,2022_16_GB_MIA,2022,16,310.0,255.23431537161494,1,270.6690135889112,255.6183489959487
00-0036355,2022_16_LAC_IND,2022,16,235.0,271.2153402411967,1,261.12870295751276,274.42290419360813
00-0036442,2022_16_CIN_NE,2022,16,375.0,256.0957114156321,1,250.93920286563085,260.29594151264035
00-0036898,2022_16_HOU_TEN,2022,16,178.0,153.69528332929755,1,156.7123291266926,169.42680519860133
00-0036945,2022_16_BUF_CHI,2022,16,119.0,176.99392372112763,1,184.56635573279084,188.8785713761839
00-0036971,2022_16_JAX_NYJ,2022,16,229.0,216.47538917046413,1,210.45930985359,225.9041751934029
00-0036972,2022_16_CIN_NE,2022,16,240.0,210.27858026436058,1,214.99575155640383,218.45289819061824
00-0037013,2022_16_JAX_NYJ,2022,16,92.0,105.60240032323833,1,118.13150255646885,125.66787264980609
00-0037834,2022_16_WAS_SF,2022,16,234.0,220.1396553969766,1,236.54951152826743,224.8238868645697
00-0038102,2022_16_LV_PIT,2022,16,244.0,184.2692724156394,1,191.4081551909187,195.30658311381117
00-0038122,2022_16_ATL_BAL,2022,16,218.0,175.2003035383691,1,191.52517868771076,185.64532297302304
00-0038128,2022_16_HOU_TEN,2022,16,99.0,137.0740306015551,1,170.71293909999343,149.0912994080453
00-0019596,2022_17_CAR_TB,2022,17,432.0,244.23701318977047,1,255.93119753273905,246.74006569542124
00-0023459,2022_17_MIN_GB,2022,17,159.0,218.92864475253722,1,219.9491304017317,226.70210744497
00-0027973,2022_17_NO_PHI,2022,17,205.0,159.88585873718154,1,190.1372595619392,169.63302459229712
00-0029263,2022_17_DEN_KC,2022,17,222.0,205.77934557027893,1,216.90424971470577,213.30697992566263
00-0029567,2022_17_IND_NYG,2022,17,81.0,106.54510807433246,1,123.44793035306937,125.6560982635706
00-0029604,2022_17_MIN_GB,2022,17,205.0,248.77601386389065,1,247.6706472500452,253.13945145479653
00-0030565,2022_17_NYJ_SEA,2022,17,183.0,254.37827383201707,1,269.17519608423703,254.99334540368693
00-0031237,2022_17_MIA_NE,2022,17,161.0,119.18783952914453,1,138.98550076052425,136.1307284621709
00-0032950,2022_17_CLE_WAS,2022,17,143.0,197.92629076505185,1,207.39958060879528,206.77270674724105
00-0033077,2022_17_DAL_TEN,2022,17,282.0,244.42275572800636,1,230.81413554680333,251.7267755267731
00-0033106,2022_17_CHI_DET,2022,17,255.0,262.2483501930652,1,264.9205920919093,264.169312864428
00-0033537,2022_17_CLE_WAS,2022,17,169.0,189.2323461395486,1,200.18087107598777,198.9088102677136
00-0033873,2022_17_DEN_KC,2022,17,328.0,271.82974276395817,1,278.88300567334164,271.6905506650552
00-0033949,2022_17_DAL_TEN,2022,17,232.0,183.6981660356453,1,191.6576013098166,194.6520190508063
00-0034401,2022_17_NYJ_SEA,2022,17,240.0,226.2476028122022,1,236.83925047096733,231.26046673039824
00-0034855,2022_17_LA_LAC,2022,17,132.0,222.8070937570295,1,228.14994819855988,229.2605909870427
00-0034869,2022_17_CAR_TB,2022,17,341.0,227.0839457814183,1,235.39424033399163,232.42490610865815
00-0035040,2022_17_ARI_ATL,2022,17,222.0,198.82400793677132,1,210.9712211178368,207.0458082651778
00-0035264,2022_17_SF_LV,2022,17,365.0,190.9010942038489,1,193.0339984830752,202.0451955372782
00-0035289,2022_17_NO_PHI,2022,17,274.0,227.41506693295568,1,238.92407851214497,232.10377232727927
00-0035710,2022_17_IND_NYG,2022,17,177.0,174.49377565535963,1,193.74092612241333,184.47189412086556
00-0035993,2022_17_PIT_BAL,2022,17,130.0,187.40891310957008,1,211.64975525423313,194.78390183156068
00-0036355,2022_17_LA_LAC,2022,17,212.0,223.56719673830267,1,246.4162654300924,226.5854647128435
00-0036879,2022_17_IND_NYG,2022,17,60.0,104.32237036135061,1,138.96862388568147,120.33419465403084
00-0036898,2022_17_JAX_HOU,2022,17,202.0,202.11222321923668,1,212.2759490588803,210.29190113958268
00-0036945,2022_17_CHI_DET,2022,17,75.0,252.0975695531819,1,261.47704710108985,254.03717521802247
00-0036971,2022_17_JAX_HOU,2022,17,152.0,158.78830842165786,1,169.45226636030995,172.41068569213348
00-0036972,2022_17_MIA_NE,2022,17,204.0,232.03054711234583,1,240.1954281621005,236.7669121585352
00-0037327,2022_17_MIA_NE,2022,17,104.0,99.68464231236663,1,129.09924939524328,117.28687053405665
00-0037834,2022_17_SF_LV,2022,17,284.0,217.66466508707043,1,234.91956738686545,222.5041413583958
00-0038102,2022_17_PIT_BAL,2022,17,168.0,200.73376051096236,1,222.68572391875557,206.8418788399519
00-0038122,2022_17_ARI_ATL,2022,17,169.0,211.31470712925952,1,207.6302117302429,220.95859775601988
00-0019596,2022_18_TB_ATL,2022,18,84.0,180.7325702812822,1,166.73544069361023,196.25216795172955
00-0023459,2022_18_DET_GB,2022,18,205.0,253.1911517686934,1,257.35381744008646,255.98570104970776
00-0026158,2022_18_NYJ_MIA,2022,18,149.0,225.2345469243032,1,224.2955354563842,232.57556276811997
00-0027973,2022_18_CAR_NO,2022,18,171.0,203.51889701183157,1,219.08495664866103,210.48864922528273
00-0029263,2022_18_LAC_DEN,2022,18,283.0,220.43158483922917,1,235.84067591936903,225.26932382377535
00-0029604,2022_18_MIN_CHI,2022,18,225.0,156.01981067344988,1,151.2825643740016,172.93276872620635
00-0030565,2022_18_LA_SEA,2022,18,213.0,244.7786766914052,1,248.31143509537657,248.76870016100196
00-0033077,2022_18_DAL_WAS,2022,18,128.0,231.75726665385437,1,222.252024525788,239.89788455077831
00-0033106,2022_18_DET_GB,2022,18,224.0,269.24087299430164,1,288.4688475087008,267.1111548353983
00-0033319,2022_18_MIN_CHI,2022,18,116.0,79.88308820980463,1,100.0765994828864,101.77481148430246
00-0033537,2022_18_CLE_PIT,2022,18,230.0,188.8208401848759,1,200.27305551017145,198.45386387121056
00-0033550,2022_18_NYG_PHI,2022,18,168.0,166.5099774716457,1,187.52867498129456,177.17086584217924
00-0033873,2022_18_KC_LV,2022,18,202.0,286.92246789803266,1,284.3077027589116,286.6974661324311
00-0033949,2022_18_TEN_JAX,2022,18,179.0,209.0313185675759,1,204.2430222347857,219.1775656081955
00-0033958,2022_18_MIN_CHI,2022,18,114.0,117.85473920977662,1,150.30605682153208,132.5552527914842
00-0034855,2022_18_LA_SEA,2022,18,147.0,204.26322402995098,1,209.64122309594427,213.08047723482267
00-0034857,2022_18_NE_BUF,2022,18,254.0,247.83306113628353,1,233.28330493475215,254.88059738882592
00-0034869,2022_18_CAR_NO,2022,18,43.0,229.9255462108422,1,232.1797128186836,236.05804136664065
00-0035040,2022_18_ARI_SF,2022,18,180.0,100.11331211085766,1,122.8137778598066,118.94098862424988
00-0035264,2022_18_KC_LV,2022,18,219.0,252.97601200872757,1,255.21981961076048,256.16394826949244
00-0036355,2022_18_LAC_DEN,2022,18,273.0,226.71934808039177,1,245.86900376184693,230.04007746322205
00-0036389,2022_18_NYG_PHI,2022,18,229.0,192.34075752661943,1,196.0451284913885,203.0011816038524
00-0036442,2022_18_BAL_CIN,2022,18,215.0,251.58884277760373,1,253.0915105170303,255.09542019277856
00-0036879,2022_18_HOU_IND,2022,18,209.0,200.7544453336015,1,221.75651580504572,207.04104405959117
00-0036898,2022_18_HOU_IND,2022,18,298.0,206.8808359288867,1,227.83981640350297,212.3925163328917
00-0036971,2022_18_TEN_JAX,2022,18,212.0,226.2173309531955,1,211.24840213226727,236.10792689081828
00-0036972,2022_18_NE_BUF,2022,18,243.0,216.68417775754745,1,226.3218329747972,223.1014376567848
00-0037077,2022_18_DAL_WAS,2022,18,169.0,181.9353618093494,1,182.6730871952576,194.49158119345464
00-0037175,2022_18_BAL_CIN,2022,18,286.0,97.16119618662759,1,149.37847379191533,110.73800784342882
00-0037327,2022_18_NYJ_MIA,2022,18,152.0,206.48777101747615,1,201.75332107748255,216.9488916091077
00-0037834,2022_18_ARI_SF,2022,18,178.0,179.26949077468433,1,225.7142458385509,183.4511219242452
00-0038102,2022_18_CLE_PIT,2022,18,195.0,202.51416567952822,1,221.60665935569335,208.93993586640147
00-0038122,2022_18_TB_ATL,2022,18,224.0,205.3441311624408,1,215.74319775133705,213.06580074536416
00-0019596,2022_19_DAL_TB,2022,19,351.0,262.5175948887686,1,259.09867634073754,265.56559581030695
00-0029604,2022_19_NYG_MIN,2022,19,273.0,269.4712702867805,1,261.3064084781375,272.5353361627204
00-0030565,2022_19_SEA_SF,2022,19,253.0,221.63199450349063,1,217.6950467659269,230.00516670742687
00-0033077,2022_19_DAL_TB,2022,19,305.0,254.17992471134502,1,247.20821175555605,258.9711704119924
00-0034857,2022_19_MIA_BUF,2022,19,352.0,250.79572866124968,1,224.77815657166028,259.65121842732253
00-0035710,2022_19_NYG_MIN,2022,19,301.0,254.84010111182315,1,250.34492014222752,259.07473428825483
00-0035993,2022_19_BAL_CIN,2022,19,226.0,184.76894000198732,1,206.7378665387323,192.91460204417365
00-0036355,2022_19_LAC_JAX,2022,19,273.0,277.2576872622525,1,278.68629296913684,277.49714604162403
00-0036442,2022_19_BAL_CIN,2022,19,209.0,247.8858335076583,1,239.06700436215863,253.83385706826377
00-0036971,2022_19_LAC_JAX,2022,19,288.0,241.62340875428086,1,239.5152995425113,247.0923635605123
00-0037327,2022_19_MIA_BUF,2022,19,220.0,205.53886478473993,1,194.9780548067803,217.23224764655367
00-0037834,2022_19_SEA_SF,2022,19,332.0,204.1209751849041,1,218.47057004747336,211.24571807993857
00-0033077,2022_20_DAL_SF,2022,20,206.0,245.7564328159157,1,223.8977991833016,254.46307248774673
00-0033873,2022_20_JAX_KC,2022,20,195.0,248.90397350926398,1,276.16482742126044,247.84221458497973
00-0034857,2022_20_CIN_BUF,2022,20,264.0,249.21558641830953,1,230.0325004106272,256.96987306727664
00-0035710,2022_20_NYG_PHI,2022,20,135.0,217.5619794747757,1,214.08728529381264,226.36727848522625
00-0036389,2022_20_NYG_PHI,2022,20,154.0,208.00326286713565,1,207.92529749352587,217.3827652764224
00-0036442,2022_20_CIN_BUF,2022,20,242.0,255.91675428111714,1,266.38337859007396,257.1608587673604
00-0036971,2022_20_JAX_KC,2022,20,217.0,260.25269936429913,1,266.25845542771873,261.7931346992859
00-0037834,2022_20_DAL_SF,2022,20,214.0,221.14852764383104,1,232.56388759415728,226.6561402672367
00-0026300,2022_21_SF_PHI,2022,21,74.0,90.02675589036865,1,116.85024839478744,109.3576196949162
00-0033873,2022_21_CIN_KC,2022,21,326.0,251.6499715379969,1,250.2262880568615,255.70672828748647
00-0036389,2022_21_SF_PHI,2022,21,121.0,192.39942269737523,1,185.0792998756598,205.15448587256975
00-0036442,2022_21_CIN_KC,2022,21,270.0,251.99880131827442,1,242.0788833201918,257.63101983689734
00-0037834,2022_21_SF_PHI,2022,21,23.0,102.28690071410932,1,120.64621517327294,121.66449396103856
00-0033873,2022_22_KC_PHI,2022,22,182.0,272.5236492967357,1,275.27335448019704,273.11635294817137
00-0036389,2022_22_KC_PHI,2022,22,304.0,249.20758534152182,1,249.1240681601431,253.3210101631449
00-0026498,2023_01_LA_SEA,2023,1,334.0,249.5006026402103,2,268.7567665743284,249.9517297243229
00-0029263,2023_01_LV_DEN,2023,1,177.0,237.1714497868148,2,231.57270820121235,243.21108492333872
00-0029604,2023_01_TB_MIN,2023,1,344.0,270.6627030425419,2,285.6514767186321,269.9866575948643
00-0029701,2023_01_TEN_NO,2023,1,198.0,247.04530015154003,2,239.76051503446857,252.5039932289148
00-0030565,2023_01_LA_SEA,2023,1,112.0,247.464735823052,2,258.14013809928355,249.6461585461271
00-0031280,2023_01_TEN_NO,2023,1,305.0,234.27326713884045,2,224.25449902929273,241.3699774215748
00-0031345,2023_01_LV_DEN,2023,1,200.0,233.08317515959791,2,228.150331547752,239.3691597408107
00-0033077,2023_01_DAL_NYG,2023,1,143.0,249.6892384015015,2,259.95815873197705,251.74458275934705
00-0033106,2023_01_DET_KC,2023,1,253.0,254.0795856302926,2,256.05782169597757,257.2368684270875
00-0033537,2023_01_CIN_CLE,2023,1,154.0,247.41875489572053,2,253.62001562733772,250.4113484921601
00-0033873,2023_01_DET_KC,2023,1,226.0,263.5523248707609,2,268.9817829044805,265.2379563304973
00-0033949,2023_01_ARI_WAS,2023,1,132.0,223.0166187533248,2,209.42724759716953,231.76642042924135
00-0034796,2023_01_HOU_BAL,2023,1,169.0,240.0649867266106,2,242.9045299923536,244.32314649254016
00-0034855,2023_01_TB_MIN,2023,1,173.0,269.67436448521426,2,291.11768950950704,267.9226345602862
00-0034857,2023_01_BUF_NYJ,2023,1,236.0,259.53536033824923,2,266.4444055923328,261.3141752320849
00-0035710,2023_01_DAL_NYG,2023,1,104.0,237.98098613156392,2,244.47851187944212,241.76612167795628
00-0036212,2023_01_MIA_LAC,2023,1,466.0,279.8680446024366,2,292.5529056111645,278.78243260019156
00-0036264,2023_01_GB_CHI,2023,1,245.0,216.0762897774524,2,214.7949284401321,223.2280798100725
00-0036355,2023_01_MIA_LAC,2023,1,229.0,282.8692644485807,2,282.7769378647914,283.81938851400673
00-0036389,2023_01_PHI_NE,2023,1,170.0,250.49419807404396,2,262.3165022965166,252.19718684680092
00-0036442,2023_01_CIN_CLE,2023,1,82.0,236.36782140347387,2,240.8456579041809,240.66187093223505
00-0036945,2023_01_GB_CHI,2023,1,216.0,224.03915259027056,2,207.5111864509479,233.2273625219818
00-0036971,2023_01_JAX_IND,2023,1,241.0,276.7518750541592,2,303.2482638205731,273.4542557350157
00-0036972,2023_01_PHI_NE,2023,1,316.0,244.6003601978321,2,257.96840831661495,246.55283813443165
00-0037013,2023_01_BUF_NYJ,2023,1,140.0,231.92537866332302,2,239.1938219371278,236.11426787346767
00-0037077,2023_01_ARI_WAS,2023,1,202.0,223.0999213286594,2,203.9633093179636,232.842871679911
00-0037834,2023_01_SF_PIT,2023,1,220.0,225.95026601208488,2,213.05565573287504,234.3117799677684
00-0038102,2023_01_SF_PIT,2023,1,232.0,227.83152778035623,2,219.37431082153407,235.2239886805309
00-0038122,2023_01_CAR_ATL,2023,1,115.0,245.6556854868284,2,235.21956223913188,251.80738170400488
00-0039150,2023_01_CAR_ATL,2023,1,146.0,245.69262047170506,2,237.66422988213512,251.40669716588295
00-0039163,2023_01_HOU_BAL,2023,1,242.0,243.2629034139824,2,247.7137324285221,246.9437633928705
00-0039164,2023_01_JAX_IND,2023,1,223.0,261.17395253616246,2,263.70073742447977,263.5963629807408
00-0026498,2023_02_SF_LA,2023,2,307.0,252.4215190828978,2,244.3968570169241,257.53175838436204
00-0029263,2023_02_WAS_DEN,2023,2,308.0,228.3498450645186,2,236.69438600648348,232.66513050288685
00-0029604,2023_02_MIN_PHI,2023,2,364.0,259.2314907775118,2,251.51910092863324,263.6749701007023
00-0029701,2023_02_LAC_TEN,2023,2,246.0,224.37054913666864,2,232.81147793622335,229.02514408091432
00-0030565,2023_02_SEA_DET,2023,2,328.0,239.39959219906493,2,242.14360772885288,243.73462795188456
00-0031280,2023_02_NO_CAR,2023,2,228.0,201.85381725498755,2,238.4968354666829,203.4396509440469
00-0031345,2023_02_LV_BUF,2023,2,185.0,206.37794272063746,2,216.07650503072625,212.4185055105181
00-0033077,2023_02_NYJ_DAL,2023,2,255.0,198.72544976400417,2,201.4116913029709,206.71685455692335
00-0033106,2023_02_SEA_DET,2023,2,323.0,274.3007371992552,2,275.36420114288774,275.8104442660464
00-0033537,2023_02_CLE_PIT,2023,2,235.0,196.7564626255426,2,187.5231028035057,207.07443067902577
00-0033873,2023_02_KC_JAX,2023,2,305.0,234.03960682153925,2,222.90947801000817,241.3577300754872
00-0033949,2023_02_NYG_ARI,2023,2,228.0,238.8337395790622,2,252.42264564213684,241.26328717172572
00-0034796,2023_02_BAL_CIN,2023,2,237.0,199.89338318915404,2,219.42585850794697,204.74135965083025
00-0034855,2023_02_CHI_TB,2023,2,317.0,224.1760218374963,2,241.27139135842793,227.28695886405055
00-0034857,2023_02_LV_BUF,2023,2,274.0,240.05201564385007,2,238.98003907165608,245.01690119337036
00-0035289,2023_02_IND_HOU,2023,2,171.0,116.98899421452182,2,141.3750060882195,128.3928673260349
00-0035710,2023_02_NYG_ARI,2023,2,321.0,192.7682598626681,2,198.88797298751916,200.67432273364483
00-0036212,2023_02_MIA_NE,2023,2,249.0,269.46931417251335,2,273.8548530450765,270.81286167377186
00-0036264,2023_02_GB_ATL,2023,2,151.0,208.60260389274546,2,218.9776173136269,214.32173376906945
00-0036355,2023_02_LAC_TEN,2023,2,305.0,257.8228536563479,2,280.444295661321,256.9209594659473
00-0036389,2023_02_MIN_PHI,2023,2,193.0,220.92110327860584,2,231.50143912992033,225.49899160298585
00-0036442,2023_02_BAL_CIN,2023,2,222.0,200.19495076533318,2,224.3682149437989,204.1787861080685
00-0036945,2023_02_CHI_TB,2023,2,211.0,192.55538065212727,2,198.8009937452776,200.45781564709552
00-0036971,2023_02_KC_JAX,2023,2,216.0,247.54457818001768,2,268.37621139721745,247.8868549223604
00-0036972,2023_02_MIA_NE,2023,2,231.0,257.89766071233487,2,251.07939389868983,262.29941923079843
00-0037013,2023_02_NYJ_DAL,2023,2,170.0,194.1948286647862,2,210.78326650593465,200.0846598474359
00-0037077,2023_02_WAS_DEN,2023,2,299.0,206.1299545933718,2,205.840820812452,213.99433515891377
00-0037834,2023_02_SF_LA,2023,2,206.0,230.71780940241177,2,241.3358176938646,234.41074545322004
00-0038102,2023_02_CLE_PIT,2023,2,222.0,208.9684709487216,2,228.44006080410367,213.013957498585
00-0038122,2023_02_GB_ATL,2023,2,237.0,227.13833744775732,2,229.36594531280153,232.66559726324363
00-0039150,2023_02_NO_CAR,2023,2,153.0,190.1703803782813,2,208.09417220477928,196.18008273005773
00-0039163,2023_02_IND_HOU,2023,2,384.0,207.4413160420837,2,203.7007929780744,215.81071318810748
00-0026498,2023_03_LA_CIN,2023,3,269.0,261.35350161089923,2,241.00160153091215,267.88669316362285
00-0027973,2023_03_CAR_SEA,2023,3,361.0,220.99067230923424,2,227.34008579967912,226.3255017716388
00-0029263,2023_03_DEN_MIA,2023,3,306.0,250.84748579232095,2,259.74957277811956,253.04555769441012
00-0029604,2023_03_LAC_MIN,2023,3,367.0,278.7896707852045,2,280.6943145660551,279.745266247076
00-0029701,2023_03_TEN_CLE,2023,3,104.0,198.0767965244512,2,197.64948745129652,206.6879700333613
00-0030565,2023_03_CAR_SEA,2023,3,296.0,241.16824978685767,2,236.74709437309232,246.6372059318866
00-0031280,2023_03_NO_GB,2023,3,103.0,137.89765789550106,2,137.67037282614243,151.8670869770661
00-0031345,2023_03_PIT_LV,2023,3,324.0,236.79543448572545,2,245.16517332685424,240.34912918205143
00-0031503,2023_03_NO_GB,2023,3,101.0,92.08011643596981,2,101.53986972831632,108.40918136653886
00-0033077,2023_03_DAL_ARI,2023,3,249.0,245.73937237397578,2,250.08236262744776,249.21769873477425
00-0033106,2023_03_ATL_DET,2023,3,243.0,279.6599744688492,2,267.6491265134286,283.0476452193072
00-0033537,2023_03_TEN_CLE,2023,3,289.0,205.35396773755204,2,200.28380533886352,214.150311964996
00-0033873,2023_03_CHI_KC,2023,3,272.0,217.885427182225,2,170.98412272073352,233.10401169157112
00-0033949,2023_03_DAL_ARI,2023,3,189.0,235.70190182679127,2,237.11652404797303,240.608188083022
00-0034796,2023_03_IND_BAL,2023,3,202.0,224.54629804933805,2,244.99431377750457,227.0192912576749
00-0034855,2023_03_PHI_TB,2023,3,146.0,262.68710584017003,2,276.90350920497724,262.8652975425328
00-0034857,2023_03_BUF_WAS,2023,3,218.0,240.71509247412135,2,251.65926356181757,243.4530588185671
00-0035289,2023_03_IND_BAL,2023,3,227.0,226.79100291584078,2,231.9082381781924,231.8281637901622
00-0035710,2023_03_NYG_SF,2023,3,137.0,190.3509013671715,2,180.27964743013,201.39419096580377
00-0036212,2023_03_DEN_MIA,2023,3,309.0,235.77309195444943,2,210.3323465261638,245.51718960318135
00-0036264,2023_03_NO_GB,2023,3,259.0,236.1239570374514,2,220.74358694358656,244.02190528848791
00-0036355,2023_03_LAC_MIN,2023,3,405.0,295.979531491629,2,278.7562362719234,298.844575627666
00-0036389,2023_03_PHI_TB,2023,3,277.0,216.85554913349145,2,235.738071310027,220.3003104740627
00-0036442,2023_03_LA_CIN,2023,3,259.0,225.20258366726807,2,220.35187300424943,232.18015329652744
00-0036945,2023_03_CHI_KC,2023,3,99.0,196.37912563667857,2,201.4628324667088,204.14839346078844
00-0036971,2023_03_HOU_JAX,2023,3,279.0,219.91365937187024,2,216.16206546917985,227.1670578977495
00-0036972,2023_03_NE_NYJ,2023,3,201.0,226.11211201383986,2,243.57301350391867,228.9835668901052
00-0037013,2023_03_NE_NYJ,2023,3,157.0,179.21082732652593,2,190.3096773730447,187.43401027556803
00-0037077,2023_03_BUF_WAS,2023,3,170.0,255.45680320274116,2,250.190314769353,259.79744421573406
00-0037834,2023_03_NYG_SF,2023,3,310.0,223.9300489449011,2,212.83879304186735,232.14736055839165
00-0038102,2023_03_PIT_LV,2023,3,235.0,259.50235879096977,2,269.26526586251475,260.7693499956874
00-0038122,2023_03_ATL_DET,2023,3,201.0,246.35355586440826,2,235.71099942778952,252.47993297883423
00-0039163,2023_03_HOU_JAX,2023,3,280.0,269.4397387145168,2,266.48791321668836,272.1094569632402
00-0026498,2023_04_LA_IND,2023,4,319.0,259.3843632365414,2,241.8153464795254,265.5920856403783
00-0029263,2023_04_DEN_CHI,2023,4,223.0,262.4739904583814,2,248.5769790205605,267.7424056764534
00-0029604,2023_04_MIN_CAR,2023,4,139.0,255.34848648995896,2,255.94840926416504,258.640648840237
00-0029701,2023_04_CIN_TEN,2023,4,240.0,223.1526352751529,2,225.7189198077,228.97607458967977
00-0030565,2023_04_SEA_NYG,2023,4,110.0,162.51618748156906,2,160.68711042869606,174.5677939698466
00-0031280,2023_04_TB_NO,2023,4,127.0,211.57395999675617,2,225.9930283388471,216.2972736654258
00-0033077,2023_04_NE_DAL,2023,4,261.0,219.63409171307728,2,211.98573364583893,227.6154515593063
00-0033106,2023_04_DET_GB,2023,4,210.0,269.14847374039095,2,271.569226272534,270.87519046209513
00-0033873,2023_04_KC_NYJ,2023,4,203.0,252.07825550475874,2,235.09389481465993,258.8354218736325
00-0033949,2023_04_ARI_SF,2023,4,265.0,214.23320693216846,2,232.55325400584988,218.01448942442465
00-0034796,2023_04_BAL_CLE,2023,4,186.0,188.4182178553421,2,209.41681340326272,194.0303449471681
00-0034855,2023_04_TB_NO,2023,4,246.0,216.94373542583384,2,236.35133620467417,220.28587782688535
00-0034857,2023_04_MIA_BUF,2023,4,320.0,241.14379589929362,2,223.117649309792,249.06902324893628
00-0035710,2023_04_SEA_NYG,2023,4,203.0,207.9446291658879,2,215.0870090404967,214.30584359250264
00-0036212,2023_04_MIA_BUF,2023,4,282.0,271.5312193089753,2,265.26107728373444,274.61202206821287
00-0036264,2023_04_DET_GB,2023,4,246.0,233.7908219482251,2,220.26847473345256,241.56275604623437
00-0036355,2023_04_LV_LAC,2023,4,167.0,288.2413772402374,2,273.7450388041801,291.3081631964449
00-0036389,2023_04_WAS_PHI,2023,4,319.0,206.9947507445947,2,208.4330546759851,214.4700161367807
00-0036442,2023_04_CIN_TEN,2023,4,165.0,224.67236586555327,2,219.40301773705303,231.77297730573528
00-0036945,2023_04_DEN_CHI,2023,4,335.0,208.25183587125917,2,216.51700638898436,214.38298303550152
00-0036971,2023_04_ATL_JAX,2023,4,207.0,228.70817211756892,2,221.00890511597484,235.88533277494977
00-0036972,2023_04_NE_DAL,2023,4,150.0,168.64459045882444,2,163.797623997906,180.69122862962485
00-0037013,2023_04_KC_NYJ,2023,4,245.0,211.2966441100233,2,212.2795496692125,218.4684416198559
00-0037077,2023_04_WAS_PHI,2023,4,290.0,214.07138431237948,2,213.54054961595344,221.26750941215937
00-0037834,2023_04_ARI_SF,2023,4,283.0,252.63977218193415,2,252.60249143461647,256.2896774765774
00-0038102,2023_04_PIT_HOU,2023,4,114.0,181.89996312286084,2,203.56552104321315,187.97606615574335
00-0038122,2023_04_ATL_JAX,2023,4,191.0,219.97928878468616,2,226.5549522464094,225.3639654660751
00-0038579,2023_04_LV_LAC,2023,4,238.0,234.32756899409318,2,259.77280659055083,235.0223860079313
00-0038583,2023_04_BAL_CLE,2023,4,121.0,196.3372377709828,2,191.15558787810565,205.96193360809443
00-0039150,2023_04_MIN_CAR,2023,4,204.0,232.60062205226168,2,234.5663905785266,237.68548453218185
00-0039163,2023_04_PIT_HOU,2023,4,306.0,264.51187397526405,2,266.73586199570485,266.6896986463368
00-0039164,2023_04_LA_IND,2023,4,200.0,203.74000204448652,2,223.2403557605691,208.24896950571875
00-0026498,2023_05_PHI_LA,2023,5,222.0,277.7957430168344,2,285.60922999934775,277.7745902796667
00-0029263,2023_05_NYJ_DEN,2023,5,196.0,241.36466220378296,2,244.56440646976048,245.4413483481132
00-0029604,2023_05_KC_MIN,2023,5,284.0,266.5853178270978,2,262.31938698393213,269.7479399560265
00-0029701,2023_05_TEN_IND,2023,5,264.0,223.33410980109045,2,225.19813925038787,229.2679554412986
00-0031280,2023_05_NO_NE,2023,5,183.0,175.41517474255502,2,212.6950814124393,179.2560323309539
00-0031345,2023_05_GB_LV,2023,5,208.0,244.6139357473812,2,251.196763246071,247.78912033053496
00-0033077,2023_05_DAL_SF,2023,5,153.0,190.60441107864597,2,177.57870641566797,202.15790276920697
00-0033106,2023_05_CAR_DET,2023,5,236.0,241.96641304322716,2,246.48418779154784,245.75141206714565
00-0033873,2023_05_KC_MIN,2023,5,281.0,276.13888189644183,2,270.5855965139296,278.677355941032
00-0033949,2023_05_CIN_ARI,2023,5,166.0,251.02093572746375,2,290.7880178259307,247.6360073834133
00-0034796,2023_05_BAL_PIT,2023,5,236.0,210.71208058734481,2,217.6100999161525,216.86930422646216
00-0034857,2023_05_JAX_BUF,2023,5,359.0,286.66280135952263,2,288.0535276366725,287.0053661988468
00-0035289,2023_05_TEN_IND,2023,5,155.0,166.32960392487922,2,149.6955868263782,180.70991043537256
00-0035710,2023_05_NYG_MIA,2023,5,119.0,154.73627238775296,2,165.29875216975216,165.25005575364528
00-0036212,2023_05_NYG_MIA,2023,5,308.0,278.4246059312611,2,279.1685912322336,279.6222855734536
00-0036264,2023_05_GB_LV,2023,5,182.0,247.7761553857603,2,259.1621149094835,249.80149220462292
00-0036389,2023_05_PHI_LA,2023,5,303.0,243.23792681587767,2,250.5332974095043,246.40792495752717
00-0036442,2023_05_CIN_ARI,2023,5,317.0,245.58641909893,2,259.8224011416227,247.29395009688315
00-0036945,2023_05_CHI_WAS,2023,5,282.0,224.17046900234027,2,220.0029842669155,231.11731445890757
00-0036971,2023_05_JAX_BUF,2023,5,315.0,224.91734462114508,2,225.81136631067704,230.88424307655612
00-0036972,2023_05_NO_NE,2023,5,110.0,139.2370788234975,2,156.42913730783835,149.94432978135313
00-0037013,2023_05_NYJ_DEN,2023,5,199.0,237.46437157206432,2,249.2008893275349,240.35080182544507
00-0037077,2023_05_CHI_WAS,2023,5,388.0,249.4166376834248,2,230.47584311451217,256.7652891917411
00-0037834,2023_05_DAL_SF,2023,5,252.0,209.0984680758902,2,221.0250926680227,214.4932688253506
00-0038102,2023_05_BAL_PIT,2023,5,224.0,197.44864907810475,2,202.64326132016384,205.10204178072684
00-0038122,2023_05_HOU_ATL,2023,5,329.0,206.53081284296871,2,229.91033851575625,210.0898895331766
00-0039150,2023_05_CAR_DET,2023,5,247.0,224.11768064299213,2,232.8891022760195,228.73532764462468
00-0039163,2023_05_HOU_ATL,2023,5,249.0,267.1602276263675,2,273.27742800415075,268.39839847777097
00-0026498,2023_06_ARI_LA,2023,6,226.0,281.3735456917851,2,274.4781394655189,283.68488791229436
00-0026625,2023_06_NE_LV,2023,6,102.0,79.41160409120029,2,92.65357156963056,96.194009976786
00-0028118,2023_06_NYG_BUF,2023,6,200.0,199.85366253504313,2,195.87646239342916,208.94589356958647
00-0029263,2023_06_DEN_KC,2023,6,95.0,236.81866653306733,2,232.7884497130578,242.60699269189868
00-0029604,2023_06_MIN_CHI,2023,6,181.0,245.40848878485852,2,233.72074957996549,251.8081107026437
00-0029701,2023_06_BAL_TEN,2023,6,76.0,118.90294638131067,2,139.2322649769093,130.86700628174486
00-0030565,2023_06_SEA_CIN,2023,6,326.0,224.96041703779403,2,233.84752401276407,229.48165544173645
00-0031280,2023_06_NO_HOU,2023,6,353.0,244.14191419948943,2,249.12184649084577,247.6485413595021
00-0031345,2023_06_NE_LV,2023,6,162.0,126.98367857856408,2,131.3763911434727,141.098055779687
00-0033077,2023_06_DAL_LAC,2023,6,272.0,260.03756369668406,2,263.3330131879157,262.4231853976138
00-0033106,2023_06_DET_TB,2023,6,353.0,237.5029934545237,2,240.6129083804695,241.9420352500488
00-0033275,2023_06_SF_CLE,2023,6,192.0,162.9504331512058,2,170.99107438653934,173.18280704567016
00-0033873,2023_06_DEN_KC,2023,6,306.0,265.17863779734466,2,265.0415477205286,267.72258826900037
00-0033949,2023_06_ARI_LA,2023,6,235.0,228.99199779036425,2,239.62419028666116,232.83707353931857
00-0034796,2023_06_BAL_TEN,2023,6,223.0,199.21047729993313,2,215.7619155836288,204.6573899105355
00-0034855,2023_06_DET_TB,2023,6,206.0,215.7928052626527,2,232.58342871936307,219.71016717763777
00-0034857,2023_06_NYG_BUF,2023,6,169.0,264.09082131175444,2,256.90337601978456,268.0040301712195
00-0035289,2023_06_IND_JAX,2023,6,329.0,247.79102196971175,2,261.3041296348389,249.43132949223548
00-0036212,2023_06_CAR_MIA,2023,6,262.0,229.82305524105644,2,246.13443622480975,232.56922011471931
00-0036355,2023_06_DAL_LAC,2023,6,227.0,271.80077995440774,2,273.1678085652882,273.47982088579613
00-0036389,2023_06_PHI_NYJ,2023,6,280.0,218.26532030940405,2,216.3194970944404,225.34074624596553
00-0036442,2023_06_SEA_CIN,2023,6,185.0,249.01276605145992,2,264.7096516016488,250.14964730536843
00-0036945,2023_06_MIN_CHI,2023,6,58.0,160.40046992098468,2,126.8237791776066,178.36838503644248
00-0036971,2023_06_IND_JAX,2023,6,181.0,233.22847798534943,2,234.13753339152316,238.4476714906438
00-0036972,2023_06_NE_LV,2023,6,200.0,203.97335710488156,2,203.08966570283405,212.13829748000563
00-0037013,2023_06_PHI_NYJ,2023,6,186.0,223.11448856002664,2,238.96330781445036,226.54543301461248
00-0037077,2023_06_WAS_ATL,2023,6,151.0,248.0508299025598,2,251.2160228541127,251.5344139144412
00-0037834,2023_06_SF_CLE,2023,6,125.0,230.56973994658256,2,216.1430506648622,238.79353125578393
00-0038122,2023_06_WAS_ATL,2023,6,307.0,235.14111925094338,2,228.9901857511082,241.46235392308543
00-0038416,2023_06_MIN_CHI,2023,6,83.0,65.33699192139994,2,78.89906601665264,83.3232764384845
00-0039150,2023_06_CAR_MIA,2023,6,217.0,229.33026828582882,2,239.18695489052345,233.28490852692167
00-0039163,2023_06_NO_HOU,2023,6,199.0,248.0297919852355,2,253.88132918313383,251.03069686612983
00-0026498,2023_07_PIT_LA,2023,7,231.0,274.79406162615385,2,286.03265091748835,274.42415082896235
00-0026625,2023_07_LV_CHI,2023,7,129.0,161.24567778172573,2,155.28477013008302,174.15647309897105
00-0028118,2023_07_WAS_NYG,2023,7,279.0,187.42679074488402,2,189.9506753497586,196.46027051483605
00-0029263,2023_07_GB_DEN,2023,7,194.0,220.01714705738803,2,226.8249072839623,225.35656439952945
00-0029604,2023_07_SF_MIN,2023,7,378.0,246.22433610347898,2,242.25756839147803,251.15811209713695
00-0030565,2023_07_ARI_SEA,2023,7,219.0,237.7135045815463,2,221.46632436819908,245.6253249149632
00-0031280,2023_07_JAX_NO,2023,7,301.0,229.3636065149864,2,236.03792413854703,233.8892966510768
00-0033106,2023_07_DET_BAL,2023,7,284.0,230.63652656333915,2,235.219518805096,235.42534967305156
00-0033275,2023_07_CLE_IND,2023,7,178.0,171.57669088620932,2,201.1077776329145,177.15936073622777
00-0033873,2023_07_LAC_KC,2023,7,424.0,246.7434442038962,2,223.7138887103721,255.0692493310001
00-0033949,2023_07_ARI_SEA,2023,7,146.0,210.81381353624008,2,227.2341720056509,215.24427087709623
00-0034796,2023_07_DET_BAL,2023,7,357.0,180.72894031627507,2,188.119367190912,189.4849710353211
00-0034855,2023_07_ATL_TB,2023,7,275.0,217.1997386803878,2,205.36600039873304,226.15427123654456
00-0034857,2023_07_BUF_NE,2023,7,265.0,235.62986009038352,2,257.6152035656395,236.83204084222993
00-0035289,2023_07_CLE_IND,2023,7,305.0,227.61831102528913,2,232.87424186008693,232.55629565834903
00-0036212,2023_07_MIA_PHI,2023,7,216.0,274.0228369133134,2,267.977861157424,276.8396804465056
00-0036264,2023_07_GB_DEN,2023,7,180.0,220.49806131681547,2,226.87892337877088,225.8713747120184
00-0036355,2023_07_LAC_KC,2023,7,259.0,240.91841155339162,2,253.88899803698732,243.27262635496052
00-0036389,2023_07_MIA_PHI,2023,7,279.0,233.71094891447885,2,219.06184354859872,241.6932882073881
00-0036971,2023_07_JAX_NO,2023,7,204.0,218.05184445997287,2,229.05516598858424,222.81062883634803
00-0036972,2023_07_BUF_NE,2023,7,272.0,196.6378116859408,2,212.91337865370195,202.3650947188933
00-0037077,2023_07_WAS_NYG,2023,7,249.0,212.04286790237123,2,202.9625404428091,220.96298945722316
00-0037834,2023_07_SF_MIN,2023,7,272.0,241.19836339294577,2,243.9556916910445,245.36975957247483
00-0038102,2023_07_PIT_LA,2023,7,230.0,224.0836929656407,2,233.59291819289072,228.57130095040728
00-0038122,2023_07_ATL_TB,2023,7,250.0,227.48714691635683,2,232.88196589120497,232.4118360804306
00-0038416,2023_07_LV_CHI,2023,7,162.0,201.22284332970244,2,199.86106651725297,209.72057161638224
00-0026498,2023_08_LA_DAL,2023,8,162.0,164.01573744405886,2,172.86009878992635,174.0076439426129
00-0029263,2023_08_KC_DEN,2023,8,114.0,213.67640968407812,2,212.75809870666868,220.97783279129692
00-0029604,2023_08_MIN_GB,2023,8,274.0,226.0673663439807,2,237.02908688522643,230.11515959769065
00-0030565,2023_08_CLE_SEA,2023,8,254.0,222.71562698576466,2,230.93553887837643,227.5584330054541
00-0031280,2023_08_NO_IND,2023,8,310.0,195.88963483258047,2,212.64922578062377,201.59667428951823
00-0031345,2023_08_LV_DET,2023,8,126.0,239.31704732563824,2,252.1742265405073,241.83526166617796
00-0031800,2023_08_ATL_TEN,2023,8,175.0,73.1146616307102,2,91.7458641419547,89.48939814802901
00-0033077,2023_08_LA_DAL,2023,8,304.0,210.13587926371247,2,214.2591185559493,216.84526946804863
00-0033106,2023_08_LV_DET,2023,8,272.0,269.0448609919239,2,276.59093362433254,269.85635600473427
00-0033275,2023_08_CLE_SEA,2023,8,248.0,192.10926676160088,2,195.58101135856273,200.5520431234593
00-0033869,2023_08_JAX_PIT,2023,8,138.0,90.60892000147841,2,116.6914692785728,104.07142674297864
00-0033873,2023_08_KC_DEN,2023,8,240.0,282.5431522716035,2,278.3259935584618,284.26654889589344
00-0033949,2023_08_BAL_ARI,2023,8,208.0,205.5198274859703,2,216.9192366205921,211.3305098741174
00-0034796,2023_08_BAL_ARI,2023,8,157.0,235.8420635526568,2,257.68079256475175,237.05166925039555
00-0034855,2023_08_TB_BUF,2023,8,237.0,217.25812539241028,2,232.43384251446236,221.33543707812743
00-0034857,2023_08_TB_BUF,2023,8,324.0,269.5266543592403,2,275.8267755992027,270.5197081010676
00-0035289,2023_08_NO_IND,2023,8,213.0,246.57192478275303,2,258.80463750758463,248.5524683722996
00-0036212,2023_08_NE_MIA,2023,8,324.0,255.15356529341435,2,245.8953464895018,260.24141946037304
00-0036264,2023_08_MIN_GB,2023,8,229.0,219.3546258681031,2,233.9348974736608,223.35141843802188
00-0036355,2023_08_CHI_LAC,2023,8,298.0,266.2268449137679,2,268.3599910154224,268.2673292025614
00-0036389,2023_08_PHI_WAS,2023,8,319.0,245.30270186625702,2,237.1810098833458,251.06855985432296
00-0036442,2023_08_CIN_SF,2023,8,283.0,217.77713545262,2,243.34385676342924,219.93358646792692
00-0036971,2023_08_JAX_PIT,2023,8,292.0,218.92504065789268,2,225.31577388389329,224.4375758695153
00-0036972,2023_08_NE_MIA,2023,8,161.0,226.28520975740255,2,234.33098135330087,230.8394571757105
00-0037013,2023_08_NYJ_NYG,2023,8,240.0,180.91533311668115,2,197.09288013757904,188.069628191106
00-0037077,2023_08_PHI_WAS,2023,8,397.0,248.05083100912006,2,240.59661657567955,253.44995213346647
00-0037834,2023_08_CIN_SF,2023,8,365.0,230.09496229368094,2,259.0417550533159,230.53756827126563
00-0038102,2023_08_JAX_PIT,2023,8,73.0,131.17412708076557,2,121.16128250481964,147.51136690589726
00-0038122,2023_08_ATL_TEN,2023,8,71.0,126.77071710223481,2,122.6226101494746,142.44478360555524
00-0038416,2023_08_CHI_LAC,2023,8,232.0,221.21639996792888,2,236.80847621826737,224.86379674711145
00-0038476,2023_08_NYJ_NYG,2023,8,-1.0,86.03646403445047,2,108.53409906342291,100.5554861690255
00-0039150,2023_08_HOU_CAR,2023,8,235.0,219.7070935849291,2,228.09542796998647,224.78919825921184
00-0039152,2023_08_ATL_TEN,2023,8,238.0,181.314994589956,2,191.62285173215304,189.4922441823556
00-0039163,2023_08_HOU_CAR,2023,8,140.0,231.1723164685554,2,249.23557890388804,233.48153051968765
00-0030565,2023_09_SEA_BAL,2023,9,157.0,230.91269056578483,2,239.99783735468333,234.86465664979656
00-0031280,2023_09_CHI_NO,2023,9,211.0,213.05774939220143,2,239.25370637762387,215.52373457731733
00-0031800,2023_09_MIN_ATL,2023,9,268.0,213.44484133352486,2,227.9163044002634,217.991001987198
00-0033077,2023_09_DAL_PHI,2023,9,374.0,267.89717819339785,2,280.1582473746555,267.9610543122255
00-0033537,2023_09_ARI_CLE,2023,9,219.0,199.53826470785918,2,206.67954285944808,206.6532073427303
00-0033873,2023_09_MIA_KC,2023,9,185.0,270.8029137233019,2,280.38180449674866,271.0901390862808
00-0033949,2023_09_MIN_ATL,2023,9,158.0,181.96052769235803,2,198.63649712677156,188.9312278083496
00-0034796,2023_09_SEA_BAL,2023,9,187.0,171.60245179617638,2,168.68096978494808,183.03663284177287
00-0034855,2023_09_TB_HOU,2023,9,265.0,231.07153770687904,2,236.85634515188053,235.6045829098506
00-0034857,2023_09_BUF_CIN,2023,9,258.0,298.1116242458247,2,297.124269411852,297.8568999731191
00-0034955,2023_09_LA_GB,2023,9,130.0,189.40748949556337,2,185.251394042916,199.46836359675828
00-0035289,2023_09_IND_CAR,2023,9,127.0,240.6224598616993,2,245.60183378611563,244.44466449675105
00-0036212,2023_09_MIA_KC,2023,9,193.0,264.88151215522726,2,265.17950196455763,267.3736163090409
00-0036264,2023_09_LA_GB,2023,9,228.0,215.40475077272282,2,215.0078063136368,222.45720437614625
00-0036355,2023_09_LAC_NYJ,2023,9,136.0,251.03562196503023,2,251.10492124463417,254.8100950444394
00-0036389,2023_09_DAL_PHI,2023,9,207.0,235.403099030738,2,229.0648587122542,241.7346369202003
00-0036442,2023_09_BUF_CIN,2023,9,348.0,240.2339631054618,2,262.5969350428172,240.95532446650645
00-0036972,2023_09_WAS_NE,2023,9,220.0,228.15415889730195,2,245.1335517802913,230.92942373645553
00-0037013,2023_09_LAC_NYJ,2023,9,263.0,213.67960389249833,2,223.74464648193631,218.9995545618392
00-0037077,2023_09_WAS_NE,2023,9,325.0,253.1768850558988,2,263.6518527366055,254.88243684757177
00-0038102,2023_09_TEN_PIT,2023,9,160.0,219.61476892288368,2,215.9417144747393,226.88079237332127
00-0038416,2023_09_CHI_NO,2023,9,220.0,215.65732300795102,2,249.19240544669677,216.56645035205247
00-0038476,2023_09_NYG_LV,2023,9,175.0,111.32707578024423,2,127.66277688934326,124.69059329414144
00-0038579,2023_09_NYG_LV,2023,9,209.0,202.82040490170422,2,188.32697474016723,213.543629157057
00-0038582,2023_09_ARI_CLE,2023,9,58.0,202.01938172947797,2,199.4813859915084,210.65787723989493
00-0039150,2023_09_IND_CAR,2023,9,173.0,237.34312372413038,2,244.25808435480783,241.11013872582475
00-0039152,2023_09_TEN_PIT,2023,9,262.0,203.41328600308506,2,204.5575110212371,211.26263282855544
00-0039163,2023_09_TB_HOU,2023,9,470.0,246.41094022954312,2,264.8011640876881,247.29521735707408
00-0029263,2023_10_DEN_BUF,2023,10,193.0,198.64063293892488,2,221.62235252359704,202.97872595095745
00-0030565,2023_10_WAS_SEA,2023,10,369.0,246.11933634555206,2,235.64630678306503,252.2361290297461
00-0031280,2023_10_NO_MIN,2023,10,110.0,137.43302902820244,2,136.27467586347964,151.61205330903633
00-0031503,2023_10_NO_MIN,2023,10,122.0,117.75937254473106,2,136.35497216957373,130.13866970385868
00-0031800,2023_10_ATL_ARI,2023,10,55.0,122.25437068824971,2,135.5305791518531,135.19026135993778
00-0033077,2023_10_NYG_DAL,2023,10,404.0,200.9806648058074,2,190.3950096581403,211.16391204836415
00-0033106,2023_10_DET_LAC,2023,10,333.0,258.86086540112683,2,239.46392253810663,265.44523586572615
00-0033537,2023_10_CLE_BAL,2023,10,213.0,210.70453124716812,2,222.1799976265376,216.036748027723
00-0033949,2023_10_NO_MIN,2023,10,268.0,202.9713610150658,2,221.38133930031148,207.74591069464435
00-0034796,2023_10_CLE_BAL,2023,10,223.0,192.16473395412282,2,213.67512272883644,197.34871326109865
00-0034855,2023_10_TEN_TB,2023,10,278.0,232.14123129174786,2,229.5476335242234,238.08969477343584
00-0034857,2023_10_DEN_BUF,2023,10,177.0,259.7341317558636,2,268.92731772593186,261.08311405029053
00-0035228,2023_10_ATL_ARI,2023,10,249.0,200.58232948198244,2,216.18482754085105,206.07744264036347
00-0035289,2023_10_IND_NE,2023,10,194.0,227.02487812619205,2,229.5283207088787,232.51255291804443
00-0036264,2023_10_GB_PIT,2023,10,289.0,218.02405821531107,2,226.40832741145297,223.25776005230043
00-0036355,2023_10_DET_LAC,2023,10,323.0,261.3342301059306,2,253.71246501976975,265.5728771686071
00-0036442,2023_10_HOU_CIN,2023,10,347.0,262.6091766768287,2,278.7396644496513,262.4490897125549
00-0036971,2023_10_SF_JAX,2023,10,185.0,194.45466655015045,2,195.7669169292436,203.07673732384416
00-0036972,2023_10_IND_NE,2023,10,170.0,201.09157567376533,2,220.36390699715463,205.8790735709807
00-0037013,2023_10_NYJ_LV,2023,10,263.0,202.97470021020422,2,206.27444777444484,210.47454609384383
00-0037077,2023_10_WAS_SEA,2023,10,312.0,261.958918266331,2,259.7678932814467,265.1619682977291
00-0037834,2023_10_SF_JAX,2023,10,296.0,168.51635508423965,2,165.43308127124374,180.2563517214274
00-0038102,2023_10_GB_PIT,2023,10,126.0,219.07093029968195,2,234.18081205700713,222.99762126211817
00-0038416,2023_10_CAR_CHI,2023,10,162.0,180.20044590596265,2,204.9868379041821,185.86595166774964
00-0038476,2023_10_NYG_DAL,2023,10,86.0,171.75923082520688,2,166.47436479240784,183.60566761947223
00-0038579,2023_10_NYJ_LV,2023,10,153.0,193.88907497002634,2,186.2263331023573,204.18076051869056
00-0039150,2023_10_CAR_CHI,2023,10,185.0,226.89680917128447,2,244.34219012194072,229.70072499150177
00-0039152,2023_10_TEN_TB,2023,10,199.0,217.12815453615897,2,210.38147615242127,225.17149581017964
00-0039163,2023_10_HOU_CIN,2023,10,356.0,261.2541688625564,2,284.80569219063597,259.8769297147961
00-0026498,2023_11_SEA_LA,2023,11,190.0,246.99633718511475,2,255.06533352076545,249.6898918047485
00-0029263,2023_11_MIN_DEN,2023,11,259.0,234.39137170486535,2,236.32420236787056,239.3216563721788
00-0030565,2023_11_SEA_LA,2023,11,233.0,226.80885912942918,2,224.56834844643345,233.17161551709083
00-0033077,2023_11_DAL_CAR,2023,11,189.0,246.97442766419786,2,273.35236774655834,246.36736426798075
00-0033106,2023_11_CHI_DET,2023,11,236.0,286.1029639897314,2,288.58137596409506,286.29951389919967
00-0033873,2023_11_PHI_KC,2023,11,177.0,232.24995926652642,2,225.4386064388488,238.94947862957005
00-0033949,2023_11_MIN_DEN,2023,11,221.0,216.5507484891426,2,227.4077925447405,221.47047371486588
00-0034796,2023_11_CIN_BAL,2023,11,264.0,211.52282904762748,2,213.05398797700016,218.57545741577076
00-0034855,2023_11_TB_SF,2023,11,246.0,211.40216170666594,2,226.16472213662828,216.07891564800005
00-0034857,2023_11_NYJ_BUF,2023,11,275.0,236.72067597988504,2,261.3789039945237,237.34294115086084
00-0035100,2023_11_CIN_BAL,2023,11,68.0,89.45243615520094,2,102.34229060310544,105.39831662800742
00-0035228,2023_11_ARI_HOU,2023,11,214.0,212.48259474534348,2,232.3657805775051,216.13883834572005
00-0036212,2023_11_LV_MIA,2023,11,325.0,254.46300541594323,2,259.2138828702872,257.0857879650289
00-0036264,2023_11_LAC_GB,2023,11,322.0,233.42758597525378,2,254.40244294891505,235.0094464816253
00-0036355,2023_11_LAC_GB,2023,11,260.0,247.5536868389622,2,262.07653627000616,249.0331305730884
00-0036389,2023_11_PHI_KC,2023,11,150.0,200.10296477559365,2,206.66277951021573,207.27217367746687
00-0036442,2023_11_CIN_BAL,2023,11,101.0,128.04363777364526,2,126.41073689124929,143.14990736095513
00-0036945,2023_11_CHI_DET,2023,11,169.0,201.64700649528643,2,202.0839841157424,209.78225288951765
00-0036971,2023_11_TEN_JAX,2023,11,262.0,189.6388664895794,2,193.1049669411663,198.30410262221187
00-0037013,2023_11_NYJ_BUF,2023,11,81.0,122.63970843290357,2,144.4351234399632,134.0043569085422
00-0037077,2023_11_NYG_WAS,2023,11,256.0,249.2999639335562,2,246.9161298001192,253.6725160527616
00-0037834,2023_11_TB_SF,2023,11,333.0,235.2334874094918,2,253.23402934266096,237.18997989990996
00-0038102,2023_11_PIT_CLE,2023,11,106.0,201.60969739389614,2,221.7877796671203,206.1873718278852
00-0038476,2023_11_NYG_WAS,2023,11,246.0,176.2902982991195,2,175.55081768205005,186.91067912230164
00-0038579,2023_11_LV_MIA,2023,11,271.0,205.69858423255337,2,202.47669411009227,214.13064490168807
00-0038583,2023_11_PIT_CLE,2023,11,165.0,167.3420078224087,2,177.8907410353008,176.72831822052862
00-0039150,2023_11_DAL_CAR,2023,11,123.0,202.66594173076612,2,222.6536577717389,207.18327497584977
00-0039152,2023_11_TEN_JAX,2023,11,158.0,216.16611738461972,2,218.05450970833837,222.7380927477556
00-0039163,2023_11_ARI_HOU,2023,11,336.0,277.2079910478394,2,304.5447913179075,273.71789231481154
00-0026498,2023_12_LA_ARI,2023,12,229.0,242.80389428788365,2,234.9382187075894,248.74755988083984
00-0029263,2023_12_CLE_DEN,2023,12,134.0,209.7765921730218,2,232.7833290527872,213.1119677212282
00-0030565,2023_12_SF_SEA,2023,12,180.0,225.75360957699328,2,227.7864406642477,231.4401275845515
00-0031280,2023_12_NO_ATL,2023,12,304.0,203.2957902144245,2,217.18940199374188,208.855924526418
00-0033077,2023_12_WAS_DAL,2023,12,331.0,285.15585233497234,2,292.43975710111613,284.5704807746918
00-0033106,2023_12_GB_DET,2023,12,332.0,272.47148770440276,2,270.81912942865114,274.63504717748623
00-0033873,2023_12_KC_LV,2023,12,298.0,266.8592754500596,2,281.61856664274165,266.56555578016383
00-0033949,2023_12_CHI_MIN,2023,12,185.0,224.9905535706898,2,236.29838096920815,229.07243910756372
00-0034177,2023_12_MIA_NYJ,2023,12,179.0,196.89091250550726,2,199.8331736500265,205.0005804799182
00-0034796,2023_12_BAL_LAC,2023,12,177.0,221.47390862649743,2,239.51825835856164,224.65587979601395
00-0034855,2023_12_TB_IND,2023,12,199.0,235.11456849376324,2,224.446734507444,242.25294525037327
00-0034857,2023_12_BUF_PHI,2023,12,339.0,276.72330807037974,2,278.71176305459204,277.8490101675146
00-0035100,2023_12_PIT_CIN,2023,12,227.0,156.69399143989244,2,177.37051840360604,165.2079089029972
00-0035228,2023_12_LA_ARI,2023,12,256.0,203.09780766705214,2,215.89047093684343,208.87427870762963
00-0035289,2023_12_TB_IND,2023,12,251.0,220.2431438624886,2,217.6512164116038,227.2578265025473
00-0036212,2023_12_MIA_NYJ,2023,12,243.0,254.48641329049465,2,265.0864746910643,256.0520171189402
00-0036264,2023_12_GB_DET,2023,12,268.0,248.71126764827486,2,255.34265942087129,251.51041563846533
00-0036355,2023_12_BAL_LAC,2023,12,217.0,257.6343122757853,2,277.31061285055756,257.2805655233776
00-0036389,2023_12_BUF_PHI,2023,12,200.0,220.5763177681295,2,218.3765843433206,227.4903911016799
00-0036945,2023_12_CHI_MIN,2023,12,217.0,203.5542387122927,2,205.89339199505795,211.17540870481585
00-0036971,2023_12_JAX_HOU,2023,12,364.0,256.3914184398071,2,268.48534136297775,257.5167975280149
00-0036972,2023_12_NE_NYG,2023,12,89.0,95.14505040241217,2,109.38991556909323,110.33623854843955
00-0037077,2023_12_WAS_DAL,2023,12,300.0,265.40466724422413,2,256.2968047414741,269.5465120111662
00-0037834,2023_12_SF_SEA,2023,12,209.0,259.01738778957986,2,273.1852803649779,259.53327599814133
00-0038102,2023_12_PIT_CIN,2023,12,278.0,210.3488527116173,2,219.4212069091114,216.14642709606537
00-0038108,2023_12_NE_NYG,2023,12,54.0,75.75162802275025,2,105.95577966838886,89.80245437890213
00-0038122,2023_12_NO_ATL,2023,12,168.0,207.71844741309522,2,213.64562867453353,214.3191348131606
00-0038476,2023_12_NE_NYG,2023,12,191.0,188.00351853726463,2,189.061574532216,197.24970893534885
00-0038579,2023_12_KC_LV,2023,12,248.0,211.1776874205339,2,206.910653260059,219.30713629953303
00-0038583,2023_12_CLE_DEN,2023,12,134.0,113.61658535075676,2,142.6512109820661,124.48423368650565
00-0039150,2023_12_CAR_TEN,2023,12,194.0,197.714673468438,2,193.72639324906487,207.00063778258516
00-0039152,2023_12_CAR_TEN,2023,12,185.0,184.88410930060633,2,191.6786741662157,193.37516115689505
00-0039163,2023_12_JAX_HOU,2023,12,304.0,275.6780142403734,2,285.158084036423,275.5460708771129
00-0026158,2023_13_CLE_LA,2023,13,254.0,205.80248419924425,2,212.3451179537744,212.4638988462613
00-0026498,2023_13_CLE_LA,2023,13,279.0,227.28229320669575,2,209.4828424821901,236.4091459923132
00-0029263,2023_13_DEN_HOU,2023,13,186.0,257.4273312976519,2,284.61092146342617,255.7379669900202
00-0030565,2023_13_SEA_DAL,2023,13,334.0,222.3241742916514,2,220.98828888722977,228.9257517096474
00-0031280,2023_13_DET_NO,2023,13,226.0,141.7456754782557,2,150.19337669735395,153.8053750833308
00-0032156,2023_13_ATL_NYJ,2023,13,66.0,71.86937659722018,2,93.064406103486,87.89327277464523
00-0033077,2023_13_SEA_DAL,2023,13,299.0,284.95163772748924,2,305.0961519948937,282.0647645059947
00-0033106,2023_13_DET_NO,2023,13,213.0,282.3674573445933,2,279.58748386044186,283.84736228319866
00-0033869,2023_13_ARI_PIT,2023,13,117.0,89.12748227861256,2,120.77645533592552,101.71870611525416
00-0033873,2023_13_KC_GB,2023,13,210.0,252.33754844885985,2,257.53470870946785,255.0703518041362
00-0034177,2023_13_ATL_NYJ,2023,13,148.0,128.17835720974216,2,132.02046714279257,142.2849639826463
00-0034855,2023_13_CAR_TB,2023,13,202.0,215.8619303320287,2,221.5356109068148,221.77837907902645
00-0035100,2023_13_CIN_JAX,2023,13,354.0,199.80223697808688,2,206.94630176175227,206.8930150185408
00-0035228,2023_13_ARI_PIT,2023,13,145.0,174.7543725715136,2,165.96277875529026,186.9648772947767
00-0035289,2023_13_IND_TEN,2023,13,312.0,214.70882853086476,2,206.6073384190777,223.21341531129187
00-0036212,2023_13_MIA_WAS,2023,13,280.0,218.67136621386356,2,200.54443221109537,228.6291567453193
00-0036264,2023_13_KC_GB,2023,13,267.0,223.318968098593,2,236.17659983939936,227.27113622166397
00-0036355,2023_13_LAC_NE,2023,13,212.0,244.65236101711704,2,255.8278859400676,246.99566679619576
00-0036389,2023_13_SF_PHI,2023,13,298.0,165.95101124859377,2,185.76056593737653,173.79153336444304
00-0036971,2023_13_CIN_JAX,2023,13,258.0,188.8634961984199,2,168.23797683635527,201.94390063559808
00-0037077,2023_13_MIA_WAS,2023,13,127.0,260.42742368547965,2,261.86926055160643,263.11245525718215
00-0037834,2023_13_SF_PHI,2023,13,314.0,192.93737511966427,2,233.1757029665941,194.67393578454323
00-0038102,2023_13_ARI_PIT,2023,13,70.0,114.50416185099536,2,124.78417356375472,128.67522191106252
00-0038108,2023_13_LAC_NE,2023,13,141.0,191.50340714548264,2,194.71966017944,200.04657730866495
00-0038122,2023_13_ATL_NYJ,2023,13,121.0,192.49552671100264,2,211.4116552751215,198.11780916057631
00-0039150,2023_13_CAR_TB,2023,13,178.0,211.86311525887882,2,206.7581473682481,220.0822709326788
00-0039152,2023_13_IND_TEN,2023,13,224.0,216.41282554287005,2,206.70438639385276,225.0545322381832
00-0039163,2023_13_DEN_HOU,2023,13,274.0,276.3584793751321,2,285.4803743441772,276.23014835806663
00-0026158,2023_14_JAX_CLE,2023,14,311.0,197.17906083759374,2,217.37778728052692,202.15016474407128
00-0026498,2023_14_LA_BAL,2023,14,294.0,226.7622545190454,2,208.5983605733142,236.00146107922816
00-0029263,2023_14_DEN_LAC,2023,14,224.0,236.54035905221,2,248.3494882065157,239.49651821351165
00-0031280,2023_14_CAR_NO,2023,14,119.0,201.6169153155734,2,208.57343731516863,208.57885838406244
00-0033077,2023_14_PHI_DAL,2023,14,271.0,290.7904423077596,2,289.2681127403134,291.28847312214816
00-0033106,2023_14_DET_CHI,2023,14,161.0,263.3495151080566,2,264.80156536074605,265.7707740259975
00-0033869,2023_14_NE_PIT,2023,14,190.0,185.17732347615075,2,199.734571105585,192.24185327192652
00-0033873,2023_14_BUF_KC,2023,14,271.0,266.0971231494907,2,281.6553802415214,265.72760315868214
00-0033949,2023_14_MIN_LV,2023,14,63.0,131.54338637788646,2,152.43952013209258,142.27214027437793
00-0034796,2023_14_LA_BAL,2023,14,316.0,203.80967813919267,2,223.4958170940347,208.27888788625444
00-0034855,2023_14_TB_ATL,2023,14,144.0,231.6531621597908,2,237.17861905138483,236.18085358578247
00-0034857,2023_14_BUF_KC,2023,14,233.0,264.6239253732949,2,279.8377776521904,264.448583862527
00-0035100,2023_14_IND_CIN,2023,14,275.0,187.59189487741705,2,185.0745870117862,197.51990938392433
00-0035282,2023_14_DEN_LAC,2023,14,179.0,97.05964572543641,2,105.70435694985424,113.08937368028108
00-0035289,2023_14_IND_CIN,2023,14,240.0,225.95775332607175,2,235.1830134868404,230.32859618319404
00-0035704,2023_14_SEA_SF,2023,14,269.0,204.55772527547236,2,213.16180995522964,210.95887142112556
00-0036212,2023_14_TEN_MIA,2023,14,240.0,270.35480647096813,2,268.53864459796995,272.73764798548285
00-0036264,2023_14_GB_NYG,2023,14,218.0,218.16243211467474,2,222.59651464217905,224.09626823158385
00-0036355,2023_14_DEN_LAC,2023,14,96.0,169.65927276508634,2,136.35548374208452,186.7480213211445
00-0036389,2023_14_PHI_DAL,2023,14,197.0,244.72801562109495,2,229.85840181375107,251.76258286452173
00-0036945,2023_14_DET_CHI,2023,14,223.0,205.50383182492118,2,208.95746162814245,212.74921407313536
00-0036971,2023_14_JAX_CLE,2023,14,257.0,213.84704573753964,2,225.38175695705064,218.8868872542396
00-0037013,2023_14_HOU_NYJ,2023,14,301.0,185.55561065284257,2,198.5781982142502,192.86305476505248
00-0037834,2023_14_SEA_SF,2023,14,368.0,267.2813436335572,2,281.7277114642606,267.00623599353696
00-0038108,2023_14_NE_PIT,2023,14,240.0,173.0600122120856,2,173.9257146315191,183.6804051334047
00-0038122,2023_14_TB_ATL,2023,14,347.0,231.2716980012296,2,236.44267843240425,235.89752384945456
00-0038476,2023_14_GB_NYG,2023,14,158.0,180.69813451766578,2,193.7153708220788,188.44195821332457
00-0038579,2023_14_MIN_LV,2023,14,171.0,211.4966399133783,2,202.82129340245444,220.3926734505374
00-0039150,2023_14_CAR_NO,2023,14,137.0,204.89575276790777,2,207.2967733419057,212.38551248686025
00-0039152,2023_14_TEN_MIA,2023,14,327.0,233.4968781687584,2,226.03095043356277,240.20269899390476
00-0039163,2023_14_HOU_NYJ,2023,14,91.0,212.3163851332385,2,241.36243455932404,214.33472275076304
00-0026158,2023_15_CHI_CLE,2023,15,374.0,222.25533465206132,2,250.5891262334129,223.51124261185103
00-0026498,2023_15_WAS_LA,2023,15,258.0,273.990280722566,2,269.9087992628001,276.45586585258405
00-0028986,2023_15_HOU_TEN,2023,15,229.0,175.51420525977568,2,185.5919577613302,184.25293231465471
00-0029263,2023_15_DEN_DET,2023,15,223.0,219.17693770272635,2,223.37040338720237,225.06323825304003
00-0031280,2023_15_NYG_NO,2023,15,218.0,218.68975121534407,2,229.64685027405224,223.3996925687295
00-0032156,2023_15_NYJ_MIA,2023,15,110.0,106.06669014544516,2,135.69398372141023,117.50418987251524
00-0033077,2023_15_DAL_BUF,2023,15,134.0,278.60192953953435,2,286.9632366407848,278.4096956439257
00-0033106,2023_15_DEN_DET,2023,15,278.0,282.8296902809668,2,310.69261574236947,278.74077093483413
00-0033319,2023_15_MIN_CIN,2023,15,303.0,200.38493315470592,2,209.19054969284275,207.12376745384617
00-0033869,2023_15_PIT_IND,2023,15,169.0,178.99654072737667,2,194.8535084189836,186.38065882031557
00-0033873,2023_15_KC_NE,2023,15,305.0,247.28793461669747,2,257.30083006206655,249.6047089546144
00-0034796,2023_15_BAL_JAX,2023,15,171.0,195.25717764517302,2,185.0474792183002,205.8856513064354
00-0034855,2023_15_TB_GB,2023,15,381.0,235.20224726860064,2,249.8854171384271,237.75993029239467
00-0034857,2023_15_DAL_BUF,2023,15,94.0,264.59556228596637,2,283.33764629231126,263.78633791930497
00-0035100,2023_15_MIN_CIN,2023,15,324.0,223.42326316137007,2,225.4548495410329,229.3188932216545
00-0035228,2023_15_SF_ARI,2023,15,211.0,181.3357492821191,2,188.9591557767234,189.99536182437535
00-0035282,2023_15_LAC_LV,2023,15,257.0,200.50393751446478,2,195.24608888200075,209.76888361806965
00-0035289,2023_15_PIT_IND,2023,15,215.0,236.33694473643826,2,246.60469140140728,239.58937335316247
00-0035704,2023_15_PHI_SEA,2023,15,208.0,245.84255600005596,2,245.24618356612424,250.20259938830105
00-0036212,2023_15_NYJ_MIA,2023,15,224.0,219.93489469576096,2,244.64925315432112,222.05167843831495
00-0036264,2023_15_TB_GB,2023,15,284.0,239.47126682325487,2,244.93037073585955,243.3101279903388
00-0036389,2023_15_PHI_SEA,2023,15,143.0,223.632727856083,2,217.71566794103788,230.9433651120688
00-0036945,2023_15_CHI_CLE,2023,15,166.0,187.62921231569143,2,185.81819167404612,197.4264811073456
00-0036971,2023_15_BAL_JAX,2023,15,264.0,225.92389064628225,2,220.93664773408125,232.8614315758113
00-0037013,2023_15_NYJ_MIA,2023,15,26.0,105.73027508885144,2,128.24996974797216,118.48000476675884
00-0037077,2023_15_WAS_LA,2023,15,102.0,183.85453476757053,2,190.87161320498944,192.39773842271865
00-0037834,2023_15_SF_ARI,2023,15,242.0,222.79792838724484,2,255.7478409542223,223.17253974240657
00-0038108,2023_15_KC_NE,2023,15,180.0,200.9979514730369,2,213.1434087785642,207.07939289883183
00-0038122,2023_15_ATL_CAR,2023,15,152.0,189.01281852457905,2,197.6556612195285,196.80038741529705
00-0038476,2023_15_NYG_NO,2023,15,177.0,179.1043098179161,2,201.11629479204657,185.36852075951668
00-0038579,2023_15_LAC_LV,2023,15,248.0,213.30017416626612,2,216.08363896380405,219.96759298314484
00-0039150,2023_15_ATL_CAR,2023,15,167.0,180.24912230061017,2,197.18838784385437,187.3257357655347
00-0039152,2023_15_HOU_TEN,2023,15,199.0,226.8977351583571,2,223.32928006869193,233.4920605547842
00-0026158,2023_16_CLE_HOU,2023,16,368.0,229.0336255278975,2,254.1553404657104,230.2613381847735
00-0026498,2023_16_NO_LA,2023,16,328.0,258.69770444105234,2,247.34154796957296,263.84629683250625
00-0028118,2023_16_NYG_PHI,2023,16,133.0,131.25804872799526,2,124.57243180636893,146.98759799686047
00-0028986,2023_16_CLE_HOU,2023,16,62.0,102.51277850696931,2,114.24932905237502,117.49599023372836
00-0029263,2023_16_NE_DEN,2023,16,238.0,203.9047903795562,2,215.1740960707885,209.88370958517737
00-0029701,2023_16_SEA_TEN,2023,16,152.0,209.47408609215955,2,210.82759067707545,216.74240506101944
00-0030565,2023_16_SEA_TEN,2023,16,227.0,248.08856185936818,2,248.33463756223665,252.09531636300352
00-0031280,2023_16_NO_LA,2023,16,319.0,249.96496531986085,2,254.23682389473203,253.0773488792877
00-0031800,2023_16_IND_ATL,2023,16,229.0,211.39840418921162,2,222.46156200045124,216.74279615487347
00-0032156,2023_16_WAS_NYJ,2023,16,217.0,182.46612384921647,2,181.45989662244207,192.58103214957703
00-0033077,2023_16_DAL_MIA,2023,16,253.0,268.4078499988997,2,271.5279588215237,270.0748042843206
00-0033106,2023_16_DET_MIN,2023,16,257.0,280.5123587774366,2,271.11984783070426,283.35132579815695
00-0033119,2023_16_WAS_NYJ,2023,16,100.0,101.5047510549899,2,106.0877788360619,117.86867848741132
00-0033319,2023_16_DET_MIN,2023,16,411.0,251.21646421764532,2,262.7157129566811,252.91298352352624
00-0033873,2023_16_LV_KC,2023,16,235.0,239.56826918904605,2,257.94326743706756,241.06865589302703
00-0034771,2023_16_CIN_PIT,2023,16,290.0,204.2959005595082,2,203.42008820824893,212.43050756334492
00-0034796,2023_16_BAL_SF,2023,16,252.0,192.43056828208987,2,199.12707293365463,200.26285902450564
00-0034855,2023_16_JAX_TB,2023,16,283.0,242.68220836133574,2,253.64905889925433,245.23975548566264
00-0034857,2023_16_BUF_LAC,2023,16,237.0,270.45247100273025,2,262.0345546615147,274.01738782634334
00-0035100,2023_16_CIN_PIT,2023,16,335.0,199.3799255970456,2,209.3776414786767,205.9938149028828
00-0035228,2023_16_ARI_CHI,2023,16,230.0,187.21766664642445,2,205.30190974316375,193.46310194620577
00-0035282,2023_16_BUF_LAC,2023,16,215.0,219.5690367425322,2,221.1740467540357,225.88709803730336
00-0035289,2023_16_IND_ATL,2023,16,201.0,241.4799568944002,2,251.7371563017793,244.2732788438917
00-0036212,2023_16_DAL_MIA,2023,16,293.0,262.2397651282563,2,270.0839732369514,263.6074772309834
00-0036264,2023_16_GB_CAR,2023,16,219.0,232.2942489892067,2,231.2439412405522,237.95061638452788
00-0036389,2023_16_NYG_PHI,2023,16,301.0,205.898837190984,2,209.24705881390972,213.12782557047973
00-0036898,2023_16_CLE_HOU,2023,16,149.0,91.08366008677966,2,111.56989452255644,105.51307984333042
00-0036945,2023_16_ARI_CHI,2023,16,170.0,203.31593131333264,2,212.889557124072,209.6535027479184
00-0036971,2023_16_JAX_TB,2023,16,211.0,169.77695049208543,2,164.9548738399617,181.71759656003525
00-0037077,2023_16_WAS_NYJ,2023,16,56.0,131.62417794079593,2,114.44388953966424,149.21394537790286
00-0037834,2023_16_BAL_SF,2023,16,255.0,185.27701209676073,2,191.20858119129815,193.88851281098985
00-0038108,2023_16_NE_DEN,2023,16,256.0,194.72555891823015,2,208.3540940047265,201.10172614638765
00-0038476,2023_16_NYG_PHI,2023,16,55.0,110.9298232410178,2,106.56506891243964,128.06291440334127
00-0038579,2023_16_LV_KC,2023,16,62.0,193.13846243947611,2,203.72373992206911,200.2058390251476
00-0039150,2023_16_GB_CAR,2023,16,312.0,210.82624850431995,2,217.56473463243077,217.00201508921475
00-0026158,2023_17_NYJ_CLE,2023,17,309.0,244.23891737167818,2,242.77731773709547,248.89877805318585
00-0026498,2023_17_LA_NYG,2023,17,317.0,248.52796645509974,2,257.93758149431386,250.84240705431827
00-0028118,2023_17_LA_NYG,2023,17,319.0,194.29778024542753,2,210.00371506430753,200.33756965912863
00-0029701,2023_17_TEN_HOU,2023,17,168.0,135.69523505040524,2,149.27353170326742,147.37182296250631
00-0030565,2023_17_PIT_SEA,2023,17,290.0,235.53742919734614,2,239.82146439558727,239.94087143527463
00-0031280,2023_17_NO_TB,2023,17,197.0,219.43418845425086,2,229.69708316724683,224.20262109781268
00-0031800,2023_17_ATL_CHI,2023,17,163.0,183.03809347117047,2,190.79885508710592,191.5203351024741
00-0032156,2023_17_NYJ_CLE,2023,17,261.0,173.791407620497,2,171.9216072530896,184.83967192341592
00-0033077,2023_17_DET_DAL,2023,17,345.0,287.2903838268037,2,301.0841031105014,285.33943163029505
00-0033106,2023_17_DET_DAL,2023,17,271.0,290.2971856145971,2,292.81766125403254,290.110186517575
00-0033319,2023_17_GB_MIN,2023,17,113.0,135.0789846741911,2,130.19403649167148,150.14122691638892
00-0033873,2023_17_CIN_KC,2023,17,245.0,246.80856140822047,2,252.8817357185142,249.8789558439093
00-0033936,2023_17_CAR_JAX,2023,17,178.0,176.94280322600304,2,192.9412584478572,184.48549255360055
00-0034771,2023_17_PIT_SEA,2023,17,274.0,236.31629227265066,2,258.45326796614086,237.42959109339975
00-0034796,2023_17_MIA_BAL,2023,17,321.0,193.99514236545622,2,189.1955506329468,203.76086293254653
00-0034855,2023_17_NO_TB,2023,17,309.0,255.9328200960662,2,275.532058896505,255.74549211998635
00-0034857,2023_17_NE_BUF,2023,17,169.0,221.3348591344768,2,220.55851919687177,227.9241854992177
00-0035100,2023_17_CIN_KC,2023,17,197.0,200.58170760177336,2,198.82102074674555,209.2088617092124
00-0035228,2023_17_ARI_PHI,2023,17,232.0,202.8668484992671,2,216.38376311289625,208.53338121409493
00-0035264,2023_17_LAC_DEN,2023,17,224.0,188.0317796185924,2,190.12365458903392,197.0889556555792
00-0035282,2023_17_LAC_DEN,2023,17,220.0,197.45761360617422,2,202.16199705490624,205.19863060914088
00-0035289,2023_17_LV_IND,2023,17,224.0,235.5970750017763,2,220.9447873835979,243.41091979076376
00-0036212,2023_17_MIA_BAL,2023,17,237.0,251.4109701010893,2,256.294390320621,254.2834227421524
00-0036264,2023_17_GB_MIN,2023,17,256.0,226.67651783331374,2,210.53705924486397,235.5582403847146
00-0036389,2023_17_ARI_PHI,2023,17,167.0,235.6384493664759,2,221.08995776030173,243.4298626334372
00-0036945,2023_17_ATL_CHI,2023,17,268.0,188.1790404594479,2,202.28239400330745,195.05637620515748
00-0037077,2023_17_SF_WAS,2023,17,169.0,228.1572543444085,2,215.0195860573568,236.36478133555585
00-0037834,2023_17_SF_WAS,2023,17,230.0,240.93945184413982,2,249.4773788924944,244.0913472967493
00-0038108,2023_17_NE_BUF,2023,17,209.0,202.46837627547433,2,215.40136960997947,208.27595542125775
00-0038579,2023_17_LV_IND,2023,17,299.0,234.79400253420798,2,237.92701813206497,239.4717058696609
00-0038598,2023_17_GB_MIN,2023,17,67.0,83.31609045199983,2,92.66148398964388,100.4513732198716
00-0039150,2023_17_CAR_JAX,2023,17,112.0,216.30819655237576,2,221.75607553126363,222.2253731722899
00-0039163,2023_17_TEN_HOU,2023,17,213.0,248.3512441008692,2,277.47823081651575,247.12489043466113
00-0027948,2023_18_KC_LAC,2023,18,154.0,199.54896966545158,2,203.9646118841135,207.15460512278872
00-0028118,2023_18_PHI_NYG,2023,18,297.0,180.97562770536248,2,194.09694972885603,188.67580240848804
00-0029701,2023_18_JAX_TEN,2023,18,168.0,191.20861261724247,2,218.3081278730508,195.47012559144827
00-0030565,2023_18_SEA_ARI,2023,18,189.0,269.91600259303243,2,293.55287907650523,267.74693814815083
00-0031280,2023_18_ATL_NO,2023,18,264.0,227.68762186742728,2,222.11834296633663,234.5720536216071
00-0032156,2023_18_NYJ_NE,2023,18,70.0,162.24029800800028,2,177.98193871012552,171.1472145246164
00-0032268,2023_18_PHI_NYG,2023,18,148.0,93.00607123772784,2,115.91726194526372,106.82575439853584
00-0032436,2023_18_CLE_CIN,2023,18,166.0,177.39101069472835,2,187.3677134070834,185.97973215478913
00-0032950,2023_18_LA_SF,2023,18,163.0,188.7259759388045,2,192.0204272517535,197.5040039400173
00-0033077,2023_18_DAL_WAS,2023,18,279.0,241.49423122685428,2,237.1800744161067,246.91466656231367
00-0033106,2023_18_MIN_DET,2023,18,320.0,279.5415102517579,2,281.85008753411466,280.3568504984818
00-0033319,2023_18_MIN_DET,2023,18,396.0,246.13713323041205,2,272.86529419849364,245.54195008692665
00-0034771,2023_18_PIT_BAL,2023,18,152.0,217.21400106444057,2,229.50638308264843,221.81536626148443
00-0034855,2023_18_TB_CAR,2023,18,137.0,195.43473123570817,2,198.0598001191685,203.7321437430578
00-0034857,2023_18_BUF_MIA,2023,18,359.0,258.57857319211723,2,249.74494716043205,263.2828282057531
00-0034869,2023_18_LA_SF,2023,18,189.0,198.16477963582665,2,200.85211383836935,206.2062446675769
00-0035100,2023_18_CLE_CIN,2023,18,156.0,154.2168481137092,2,158.40852583061363,165.92636199952085
00-0035228,2023_18_SEA_ARI,2023,18,262.0,215.07381851834552,2,230.5584923049551,219.29119719614164
00-0035264,2023_18_DEN_LV,2023,18,272.0,216.51287974337214,2,222.36478463356255,222.33883045917815
00-0035282,2023_18_KC_LAC,2023,18,258.0,199.72578574278384,2,201.6608285297438,207.76302427796003
00-0035289,2023_18_HOU_IND,2023,18,141.0,245.94210232138389,2,234.08598641722665,252.32426412677063
00-0035993,2023_18_PIT_BAL,2023,18,146.0,161.83674153314084,2,169.23271527103404,172.28523012754195
00-0036212,2023_18_BUF_MIA,2023,18,173.0,273.2163915642344,2,265.958162332625,276.32437085857254
00-0036264,2023_18_CHI_GB,2023,18,316.0,265.227640515095,2,268.27270425426815,267.19319902775777
00-0036389,2023_18_PHI_NYG,2023,18,55.0,152.4355673994256,2,158.6405530938206,163.94158957365386
00-0036945,2023_18_CHI_GB,2023,18,148.0,193.65784230295972,2,195.108553721352,202.32636307459728
00-0036971,2023_18_JAX_TEN,2023,18,280.0,224.50201884653922,2,227.31542103150537,230.15992687148457
00-0037077,2023_18_DAL_WAS,2023,18,153.0,214.3057472699922,2,217.1383019590776,220.8741736771969
00-0038108,2023_18_NYJ_NE,2023,18,88.0,166.25500594535382,2,190.7525836667358,173.22264924213744
00-0038122,2023_18_ATL_NO,2023,18,291.0,180.54874830628182,2,183.9865314795455,190.03391210947552
00-0038579,2023_18_DEN_LV,2023,18,244.0,220.06555946419923,2,213.6758940225588,227.78119943119435
00-0039150,2023_18_TB_CAR,2023,18,94.0,188.43276742572425,2,195.11041058125332,196.62681518905524
00-0039163,2023_18_HOU_IND,2023,18,264.0,277.95565692530886,2,303.66778927315573,274.6915978391929
00-0026158,2023_19_CLE_HOU,2023,19,307.0,288.71401310030626,2,272.08970962316397,292.1222769744781
00-0026498,2023_19_LA_DET,2023,19,367.0,271.5321304447342,2,264.9608249058156,274.66717564747734
00-0033077,2023_19_GB_DAL,2023,19,403.0,296.20611102473276,2,303.2651477807164,294.6707785353424
00-0033106,2023_19_LA_DET,2023,19,277.0,291.77489318466166,2,272.46963671834794,295.3923784174535
00-0033873,2023_19_MIA_KC,2023,19,262.0,237.5116016040673,2,238.51276281507583,242.33025046699856
00-0034771,2023_19_PIT_BUF,2023,19,229.0,184.05605198646896,2,218.25394836149792,187.67829433137655
00-0034855,2023_19_PHI_TB,2023,19,337.0,244.84129722074388,2,245.00787610538023,249.1534696473304
00-0034857,2023_19_PIT_BUF,2023,19,203.0,204.15032368503987,2,215.0479170114108,210.17428355677671
00-0036212,2023_19_MIA_KC,2023,19,199.0,231.63948503213126,2,251.9744785171088,233.49704637302435
00-0036264,2023_19_GB_DAL,2023,19,272.0,253.48500764557113,2,230.28284377099536,261.2376479223457
00-0036389,2023_19_PHI_TB,2023,19,250.0,209.7111289458836,2,202.01478266058913,218.59061922368457
00-0039163,2023_19_CLE_HOU,2023,19,274.0,230.18136698361843,2,225.44564475610085,236.6919068573861
00-0033106,2023_20_TB_DET,2023,20,287.0,297.53798767759724,2,312.69179251228206,294.42312771243377
00-0033873,2023_20_KC_BUF,2023,20,215.0,248.00627410591116,2,249.07733874130452,251.8715925524759
00-0034796,2023_20_HOU_BAL,2023,20,152.0,209.19273840572063,2,206.12463209061255,217.28385052761897
00-0034855,2023_20_TB_DET,2023,20,349.0,266.1427145156604,2,282.16515812153517,265.68537747191533
00-0034857,2023_20_KC_BUF,2023,20,186.0,223.6074568866408,2,214.67536669778917,231.46421295735516
00-0036264,2023_20_GB_SF,2023,20,194.0,255.48880930052488,2,252.6872529588927,259.3819549263098
00-0037834,2023_20_GB_SF,2023,20,252.0,240.9710627097609,2,252.90496855066155,243.5075552531926
00-0039163,2023_20_HOU_BAL,2023,20,175.0,223.54832196288052,2,224.00506765191187,229.71681303100064
00-0033106,2023_21_DET_SF,2023,21,273.0,277.9124891768921,2,258.8615353794671,282.72670090032176
00-0033873,2023_21_KC_BAL,2023,21,241.0,255.10131593707953,2,268.0733294989609,256.18394650698406
00-0034796,2023_21_KC_BAL,2023,21,272.0,228.991748754292,2,221.267194910209,236.14805143739449
00-0037834,2023_21_DET_SF,2023,21,267.0,262.99420383216625,2,264.8848819620362,265.3681920851263
00-0033873,2023_22_SF_KC,2023,22,333.0,267.75228294707915,2,274.35451453181867,268.8498928413636
00-0037834,2023_22_SF_KC,2023,22,255.0,241.2743297769525,2,259.3314655472612,242.67912495472203
00-0023459,2024_01_NYJ_SF,2024,1,167.0,181.00764264407104,3,181.33747152367044,188.0027903124127
00-0026498,2024_01_LA_DET,2024,1,317.0,267.3432038842617,3,289.28700570058476,263.33453368168466
00-0029604,2024_01_PIT_ATL,2024,1,155.0,249.07115353069608,3,253.3612114890297,250.13338427441468
00-0030565,2024_01_DEN_SEA,2024,1,171.0,238.7914304221242,3,234.3169791016437,242.46177956921449
00-0031280,2024_01_CAR_NO,2024,1,200.0,233.55781674218431,3,224.32666367053645,238.61775544984707
00-0033077,2024_01_DAL_CLE,2024,1,179.0,234.96597143469094,3,225.9032791530223,239.88502458710343
00-0033106,2024_01_LA_DET,2024,1,217.0,267.11310972618844,3,284.8591401960333,264.0017410694956
00-0033119,2024_01_NE_CIN,2024,1,121.0,237.3507580320363,3,217.17140596597213,244.4216037926178
00-0033537,2024_01_DAL_CLE,2024,1,169.0,229.86652283356088,3,222.6021545693232,234.7908636171823
00-0033873,2024_01_BAL_KC,2024,1,291.0,252.02770165549813,3,252.60792854680133,253.64603861382713
00-0034796,2024_01_BAL_KC,2024,1,273.0,248.89310644800562,3,252.89948932468212,250.0281569600257
00-0034855,2024_01_WAS_TB,2024,1,289.0,236.76447549827708,3,228.86370049901285,241.3051034178733
00-0034857,2024_01_ARI_BUF,2024,1,232.0,247.36661838354857,3,257.6263091245498,247.30511912160557
00-0034869,2024_01_MIN_NYG,2024,1,208.0,240.20811346221748,3,252.82810610887316,240.18845042429768
00-0035228,2024_01_ARI_BUF,2024,1,162.0,240.2567781686782,3,253.92087794702417,240.01457250003745
00-0035289,2024_01_LV_LAC,2024,1,257.0,240.47929120608111,3,237.21651372373955,243.76907862675031
00-0035710,2024_01_MIN_NYG,2024,1,186.0,239.70141968179465,3,254.0740008632598,239.35231754420985
00-0036212,2024_01_JAX_MIA,2024,1,338.0,249.1530569128727,3,265.7983885547606,247.61889722553337
00-0036264,2024_01_GB_PHI,2024,1,260.0,229.83473022659078,3,215.36480010963555,236.2720813159319
00-0036355,2024_01_LV_LAC,2024,1,144.0,243.10104043297716,3,238.05147113689503,246.56887361168432
00-0036389,2024_01_GB_PHI,2024,1,278.0,236.0135236238212,3,237.32583393987449,238.6789510039009
00-0036442,2024_01_NE_CIN,2024,1,164.0,234.0041766165021,3,213.11736315645007,241.47423023029225
00-0036945,2024_01_PIT_ATL,2024,1,156.0,250.53129704326093,3,260.31014075967425,250.33335272135704
00-0036971,2024_01_JAX_MIA,2024,1,162.0,248.4554246588726,3,264.46808110610993,247.1062045565737
00-0037834,2024_01_NYJ_SF,2024,1,231.0,236.8584694626153,3,244.87459183031535,238.0551156163955
00-0039150,2024_01_CAR_NO,2024,1,161.0,231.32353392152748,3,222.86968022114377,236.38801623357617
00-0039152,2024_01_TEN_CHI,2024,1,127.0,246.63545677092654,3,243.51863967662192,249.43312131418165
00-0039163,2024_01_HOU_IND,2024,1,234.0,259.31189551636453,3,278.58135092522065,256.46599549648187
00-0039164,2024_01_HOU_IND,2024,1,212.0,260.09197361823476,3,266.7484290845698,259.8318736096091
00-0039732,2024_01_DEN_SEA,2024,1,138.0,237.62949224406916,3,233.73411458119023,241.2655496919416
00-0039910,2024_01_WAS_TB,2024,1,184.0,237.87512701004525,3,229.56068649970268,242.41921417094724
00-0039918,2024_01_TEN_CHI,2024,1,93.0,243.47967264609693,3,241.26599134757976,246.32458371783295
00-0023459,2024_02_NYJ_TEN,2024,2,176.0,217.92790654907913,3,220.2141929392493,221.74500628359831
00-0026498,2024_02_LA_ARI,2024,2,216.0,273.87682844721064,3,268.3891074854081,275.12928343022395
00-0029604,2024_02_ATL_PHI,2024,2,241.0,234.21080550304757,3,246.8962591245491,234.6270319931454
00-0030565,2024_02_SEA_NE,2024,2,327.0,222.54786084343039,3,229.23665209028272,225.09563299200713
00-0031280,2024_02_NO_DAL,2024,2,243.0,233.74370845184185,3,223.961671228836,238.90520240512976
00-0033077,2024_02_NO_DAL,2024,2,293.0,235.14581566938062,3,219.54078901108736,241.4229690145842
00-0033106,2024_02_TB_DET,2024,2,307.0,246.49339211100093,3,251.36435904405977,247.62708949054857
00-0033119,2024_02_SEA_NE,2024,2,149.0,214.447511069878,3,209.61556135840385,220.01785242114505
00-0033537,2024_02_CLE_JAX,2024,2,186.0,208.92097230600766,3,213.6490361179795,212.90140236626027
00-0033873,2024_02_CIN_KC,2024,2,151.0,240.28869721248262,3,240.7092016793789,242.82058306317887
00-0034796,2024_02_LV_BAL,2024,2,247.0,225.62517492662272,3,223.03049865726445,229.8884975934254
00-0034855,2024_02_TB_DET,2024,2,185.0,279.94147347616433,3,285.09564960314714,278.5082216427056
00-0034857,2024_02_BUF_MIA,2024,2,139.0,237.6871603509693,3,211.73559418982083,245.9429156087728
00-0034869,2024_02_SF_MIN,2024,2,268.0,251.02789733443362,3,264.71313776942975,249.97375763520375
00-0035228,2024_02_LA_ARI,2024,2,266.0,226.03406955367336,3,217.41640187886227,231.52944182377396
00-0035289,2024_02_LV_BAL,2024,2,276.0,234.80762168239917,3,250.7027331242636,234.5062091456802
00-0035710,2024_02_NYG_WAS,2024,2,178.0,221.61884474160507,3,229.58475547290152,223.96851976705332
00-0036212,2024_02_BUF_MIA,2024,2,145.0,187.95896839070997,3,167.57200397190263,198.77620138917055
00-0036355,2024_02_LAC_CAR,2024,2,130.0,216.96797552026504,3,223.48116078131355,219.9708824109008
00-0036389,2024_02_ATL_PHI,2024,2,183.0,242.17068887704383,3,230.0415985799142,247.19247245845145
00-0036442,2024_02_CIN_KC,2024,2,258.0,237.65377312408052,3,253.0961059124527,237.23391079185572
00-0036945,2024_02_PIT_DEN,2024,2,117.0,214.79115649299442,3,221.88888039657311,217.8347107477559
00-0036971,2024_02_CLE_JAX,2024,2,220.0,215.4799547683093,3,220.06695421885183,218.99823707335108
00-0037834,2024_02_SF_MIN,2024,2,319.0,237.30564592946885,3,232.69592687900612,241.1157416375311
00-0038128,2024_02_IND_GB,2024,2,122.0,208.74349043383071,3,211.3383376705156,213.1844493342606
00-0039150,2024_02_LAC_CAR,2024,2,84.0,202.948037277809,3,194.67668200019656,210.10154693601697
00-0039152,2024_02_NYJ_TEN,2024,2,192.0,214.27490709088877,3,220.3735142300308,217.56662630597515
00-0039163,2024_02_CHI_HOU,2024,2,260.0,258.2505391512444,3,260.2607226376704,259.1025685092575
00-0039164,2024_02_IND_GB,2024,2,204.0,217.4983440729553,3,205.0658590452571,224.4333989564199
00-0039732,2024_02_PIT_DEN,2024,2,246.0,213.5846117096431,3,211.1619137052383,218.7145507166015
00-0039910,2024_02_NYG_WAS,2024,2,226.0,220.11031957608205,3,247.24279728190965,218.55486780426233
00-0039918,2024_02_CHI_HOU,2024,2,174.0,226.7088604401844,3,220.39017901249144,231.67166785223623
00-0023459,2024_03_NE_NYJ,2024,3,281.0,224.08589447159673,3,202.31718400988785,232.48440089956875
00-0026498,2024_03_SF_LA,2024,3,221.0,256.6603821497962,3,263.7961178724706,256.5570659037442
00-0027973,2024_03_CAR_LV,2024,3,319.0,215.51092671976593,3,216.27259471743895,219.82885762792952
00-0029604,2024_03_KC_ATL,2024,3,230.0,249.29283616488536,3,268.6597835922935,247.17761784542137
00-0030565,2024_03_MIA_SEA,2024,3,289.0,236.53821948152975,3,244.61489150322356,237.7461804394956
00-0031280,2024_03_PHI_NO,2024,3,142.0,251.7963985230766,3,249.94097740685856,253.9427032010234
00-0033077,2024_03_BAL_DAL,2024,3,379.0,237.28414429513964,3,234.49538664202072,240.71409225882888
00-0033106,2024_03_DET_ARI,2024,3,199.0,261.283920107036,3,263.4695739450292,261.87175249713135
00-0033119,2024_03_NE_NYJ,2024,3,98.0,146.61373617688716,3,159.49337317237044,153.5563329085877
00-0033537,2024_03_NYG_CLE,2024,3,196.0,213.81333650685144,3,220.4094932701049,217.03534933637695
00-0033873,2024_03_KC_ATL,2024,3,217.0,252.22337679436922,3,253.36610657582293,253.70911691652356
00-0034177,2024_03_MIA_SEA,2024,3,79.0,111.04308025093496,3,104.92094128729288,124.63605150404494
00-0034796,2024_03_BAL_DAL,2024,3,182.0,246.56507940025685,3,235.53368408168976,251.0272903100596
00-0034855,2024_03_DEN_TB,2024,3,163.0,232.36099771627903,3,232.84663438107953,235.47356188864103
00-0034857,2024_03_JAX_BUF,2024,3,263.0,242.41133514617636,3,244.00772289068,244.5375677806288
00-0034869,2024_03_HOU_MIN,2024,3,181.0,244.48025934902788,3,248.30357976293232,245.98451593745855
00-0035228,2024_03_DET_ARI,2024,3,207.0,253.29135777181833,3,257.81501192705923,253.98823045310365
00-0035289,2024_03_CAR_LV,2024,3,214.0,204.14753004814673,3,211.97426815400857,207.83619234196425
00-0035710,2024_03_NYG_CLE,2024,3,236.0,209.27783948951827,3,201.10999107760745,215.9351091414761
00-0036355,2024_03_LAC_PIT,2024,3,125.0,176.49284670504042,3,197.29254533502703,179.5350112706156
00-0036389,2024_03_PHI_NO,2024,3,311.0,237.20629628134833,3,241.6043716579963,239.13538005433475
00-0036442,2024_03_WAS_CIN,2024,3,324.0,249.07120733444341,3,252.11033717866343,250.39568779002903
00-0036945,2024_03_LAC_PIT,2024,3,245.0,208.40469915027631,3,211.5872922000385,212.74783761128225
00-0036971,2024_03_JAX_BUF,2024,3,178.0,177.92138388146293,3,169.06121580639518,187.07456420269472
00-0037327,2024_03_MIA_SEA,2024,3,107.0,115.22857971713032,3,136.60393647289197,122.74299081770675
00-0037834,2024_03_SF_LA,2024,3,292.0,258.4846577264051,3,247.5568385238104,262.0315531922204
00-0038128,2024_03_GB_TEN,2024,3,202.0,199.6255011571882,3,209.3325190111659,203.25898060074329
00-0039152,2024_03_GB_TEN,2024,3,260.0,208.0901033684823,3,206.35407355360647,213.48800299239312
00-0039163,2024_03_HOU_MIN,2024,3,215.0,219.05836745069564,3,220.1816546620588,223.03453713936872
00-0039164,2024_03_CHI_IND,2024,3,167.0,218.57608704198444,3,205.1012232132628,225.64887635890875
00-0039732,2024_03_DEN_TB,2024,3,216.0,222.95019435400138,3,216.80446731628444,228.1585264453577
00-0039910,2024_03_WAS_CIN,2024,3,254.0,225.6086127668122,3,235.9135203919902,227.16881369810068
00-0039918,2024_03_CHI_IND,2024,3,363.0,213.40265093164916,3,206.94124978067117,219.3929347403559
00-0023459,2024_04_DEN_NYJ,2024,4,225.0,235.44905178309867,3,230.83269430541057,239.39972655647156
00-0026158,2024_04_PIT_IND,2024,4,168.0,179.3874985685038,3,190.2377054211283,184.29853790018348
00-0026498,2024_04_LA_CHI,2024,4,224.0,224.7079023600744,3,207.53227490306247,232.0968497563419
00-0027973,2024_04_CIN_CAR,2024,4,220.0,275.9477763149806,3,278.23600663498206,275.4147665751255
00-0029604,2024_04_NO_ATL,2024,4,238.0,229.82753109768714,3,237.1441082815031,231.6979387036848
00-0030565,2024_04_SEA_DET,2024,4,395.0,262.7787441958475,3,272.18774519367724,261.7401553706362
00-0031280,2024_04_NO_ATL,2024,4,239.0,241.76444661508256,3,248.57030666293855,242.8470239653388
00-0033077,2024_04_DAL_NYG,2024,4,221.0,270.52807715027404,3,261.3234404761364,272.81082673858117
00-0033106,2024_04_SEA_DET,2024,4,292.0,242.3233433592973,3,240.82178433104795,245.10564895076905
00-0033119,2024_04_NE_SF,2024,4,168.0,223.97589543978475,3,223.15381984672615,227.99124222581028
00-0033537,2024_04_CLE_LV,2024,4,176.0,221.49146250095035,3,222.7219214122278,225.26275679282
00-0033873,2024_04_KC_LAC,2024,4,245.0,239.36838322016345,3,230.62987931609135,243.88942595108685
00-0034771,2024_04_TEN_MIA,2024,4,85.0,184.00350573886513,3,184.3016485510894,190.7806989136565
00-0034796,2024_04_BUF_BAL,2024,4,156.0,225.03477220089167,3,219.7928051679961,229.8973543283707
00-0034855,2024_04_PHI_TB,2024,4,347.0,236.89200621294287,3,244.1262216884458,238.2500628403467
00-0034857,2024_04_BUF_BAL,2024,4,180.0,228.58724833382405,3,244.6946910343667,228.7076573903641
00-0034869,2024_04_MIN_GB,2024,4,275.0,232.19873394407995,3,236.0406739075989,234.6198228557693
00-0035228,2024_04_WAS_ARI,2024,4,142.0,240.54563750439016,3,236.30795727367865,244.0348367607719
00-0035289,2024_04_CLE_LV,2024,4,130.0,230.02481333913911,3,216.92779185497065,236.16008741765128
00-0035710,2024_04_DAL_NYG,2024,4,281.0,235.79514749339842,3,242.59916996794013,237.3256235334297
00-0035993,2024_04_TEN_MIA,2024,4,96.0,193.45601193031672,3,194.6261866737749,199.3417393169382
00-0036264,2024_04_MIN_GB,2024,4,389.0,240.81755101347304,3,229.5324566867392,245.7638367220107
00-0036355,2024_04_KC_LAC,2024,4,179.0,236.96780317879345,3,247.3908701404383,237.6516431539769
00-0036389,2024_04_PHI_TB,2024,4,158.0,240.03325316161178,3,237.6010447346088,243.1823530987152
00-0036442,2024_04_CIN_CAR,2024,4,232.0,262.6487737532416,3,272.81880261836733,261.46038124096225
00-0036945,2024_04_PIT_IND,2024,4,312.0,227.91737350656922,3,231.70487953854249,230.6708444189765
00-0036971,2024_04_JAX_HOU,2024,4,169.0,223.85809165982454,3,228.9764338109648,226.6368773490983
00-0037834,2024_04_NE_SF,2024,4,288.0,258.50592213126424,3,253.71122250458865,260.76543124736475
00-0039163,2024_04_JAX_HOU,2024,4,345.0,247.0574886965246,3,255.40790866502863,247.41943816244697
00-0039732,2024_04_DEN_NYJ,2024,4,60.0,210.5713037794341,3,216.8527785932373,214.10234136915795
00-0039910,2024_04_WAS_ARI,2024,4,233.0,243.7360837980323,3,257.3107362304469,243.25178984461257
00-0039918,2024_04_LA_CHI,2024,4,157.0,215.43611213450686,3,205.435695854138,222.01589411932207
00-0023459,2024_05_NYJ_MIN,2024,5,244.0,236.42615435265947,3,241.2349264399526,238.32762325372795
00-0026158,2024_05_IND_JAX,2024,5,359.0,240.81992704159617,3,251.7740034920416,241.10365173362737
00-0026498,2024_05_GB_LA,2024,5,260.0,255.21087740641983,3,264.7823282330831,254.705588158708
00-0027973,2024_05_CAR_CHI,2024,5,136.0,232.76563785078173,3,235.74181296686436,235.3257317357355
00-0029604,2024_05_TB_ATL,2024,5,509.0,242.35758634230572,3,259.11912285262025,241.3085154556818
00-0030565,2024_05_NYG_SEA,2024,5,284.0,264.1954449938369,3,260.2560879383318,265.84909496801623
00-0031280,2024_05_NO_KC,2024,5,165.0,219.7120729458662,3,238.48042586557605,219.9399938681044
00-0033077,2024_05_DAL_PIT,2024,5,352.0,258.1947729776974,3,244.4625138567092,262.3513442200501
00-0033119,2024_05_MIA_NE,2024,5,160.0,210.8797673988331,3,203.81996785687193,217.1846423397588
00-0033537,2024_05_CLE_WAS,2024,5,125.0,227.38623404481385,3,234.99281461252684,229.3788652471301
00-0033873,2024_05_NO_KC,2024,5,331.0,234.36780243493104,3,225.50724332026456,239.28932314567265
00-0034796,2024_05_BAL_CIN,2024,5,348.0,232.8398101004611,3,247.74857062233423,232.89270862200308
00-0034855,2024_05_TB_ATL,2024,5,180.0,251.11208303220937,3,250.45341608886332,253.05879395681075
00-0034857,2024_05_BUF_HOU,2024,5,131.0,241.68996257394312,3,241.89824952342252,244.16128754953857
00-0034869,2024_05_NYJ_MIN,2024,5,179.0,233.05610472034672,3,231.79277522978143,236.4832233857061
00-0035228,2024_05_ARI_SF,2024,5,195.0,234.58050177964486,3,233.30583190856407,237.89571513132253
00-0035289,2024_05_LV_DEN,2024,5,137.0,122.04988870943674,3,142.98235736877425,129.1457621922255
00-0035710,2024_05_NYG_SEA,2024,5,257.0,227.34137664445805,3,223.64751395987832,231.7064785821668
00-0035993,2024_05_MIA_NE,2024,5,194.0,201.01684646008852,3,217.8316023904327,203.05589954410004
00-0036264,2024_05_GB_LA,2024,5,224.0,272.2882123230985,3,279.20477490878307,271.0592395616384
00-0036442,2024_05_BAL_CIN,2024,5,392.0,243.69054545843008,3,248.41662433770296,245.0647453414892
00-0036945,2024_05_DAL_PIT,2024,5,131.0,244.3125884821907,3,256.4984187318335,244.07623731608544
00-0036971,2024_05_IND_JAX,2024,5,371.0,238.2763658312846,3,235.08585966366073,241.7161532676099
00-0037834,2024_05_ARI_SF,2024,5,244.0,263.21267998666815,3,253.4230482371884,266.1665015444706
00-0038579,2024_05_LV_DEN,2024,5,94.0,95.46451063619037,3,117.340654404261,104.3556290839458
00-0039163,2024_05_BUF_HOU,2024,5,331.0,266.15590258863506,3,261.17252784050027,267.88145419577154
00-0039732,2024_05_LV_DEN,2024,5,206.0,203.9499264301929,3,205.4794105819458,208.97360541453267
00-0039910,2024_05_CLE_WAS,2024,5,238.0,221.9433981632789,3,228.58078988909665,224.54726215462972
00-0039918,2024_05_CAR_CHI,2024,5,304.0,219.57642366013496,3,225.9922354746037,222.4041914218716
00-0023459,2024_06_BUF_NYJ,2024,6,294.0,218.2850037195348,3,217.96655921509085,222.62140706341015
00-0026158,2024_06_IND_TEN,2024,6,189.0,246.93534541973636,3,257.2039036783931,246.90431928586932
00-0027973,2024_06_ATL_CAR,2024,6,221.0,251.97788947821712,3,265.58077590189,250.86979494802085
00-0029604,2024_06_ATL_CAR,2024,6,225.0,263.6464137900365,3,264.67946849326995,264.29877130807574
00-0030565,2024_06_SF_SEA,2024,6,312.0,259.30442590370774,3,254.44591976696165,261.51744871328344
00-0033077,2024_06_DET_DAL,2024,6,178.0,210.41594340375775,3,194.83174784258125,218.5427077567772
00-0033106,2024_06_DET_DAL,2024,6,315.0,236.17532910728193,3,238.32425377675153,238.65323209362063
00-0033537,2024_06_CLE_PHI,2024,6,168.0,217.89198303773148,3,221.93337650487896,221.34382240690837
00-0034796,2024_06_WAS_BAL,2024,6,323.0,250.27187769589776,3,268.06018828839217,248.4142184432688
00-0034855,2024_06_TB_NO,2024,6,325.0,242.26439513708286,3,245.5746189847298,244.04234257143565
00-0034857,2024_06_BUF_NYJ,2024,6,215.0,208.3563391640456,3,202.0354984435963,214.6954726974112
00-0035228,2024_06_ARI_GB,2024,6,214.0,224.7411568390727,3,214.12716246526355,230.75198228478095
00-0035710,2024_06_CIN_NYG,2024,6,205.0,247.35834922658896,3,265.79242395039483,245.58373207869997
00-0036264,2024_06_ARI_GB,2024,6,258.0,265.3776126331421,3,277.36030199974556,263.6046218700581
00-0036355,2024_06_LAC_DEN,2024,6,237.0,214.01124613370018,3,213.68348775383433,218.6700021992294
00-0036389,2024_06_CLE_PHI,2024,6,264.0,216.7517592293381,3,225.66475267944767,219.267762286021
00-0036442,2024_06_CIN_NYG,2024,6,208.0,280.7268951798144,3,292.7550540385823,277.79364876593115
00-0036945,2024_06_PIT_LV,2024,6,145.0,229.22105263955058,3,231.7549163694544,232.1396105669541
00-0036971,2024_06_JAX_CHI,2024,6,234.0,219.3978370639788,3,210.2130485105204,225.50961760865087
00-0037834,2024_06_SF_SEA,2024,6,255.0,251.4167188720651,3,263.700996269879,250.62713770911165
00-0038579,2024_06_PIT_LV,2024,6,227.0,197.07826494700802,3,195.57628032297916,203.25264609332348
00-0039152,2024_06_IND_TEN,2024,6,95.0,224.88238720488914,3,222.19262974400888,229.22132957491695
00-0039163,2024_06_HOU_NE,2024,6,192.0,243.81790050503528,3,236.26648937882024,247.75649574597207
00-0039376,2024_06_TB_NO,2024,6,243.0,228.0321939385117,3,247.53747438299777,227.48186733870168
00-0039732,2024_06_LAC_DEN,2024,6,216.0,211.28579993325238,3,216.74342854288955,214.93598949496752
00-0039851,2024_06_HOU_NE,2024,6,243.0,212.9146331796319,3,219.5871369536403,216.18801511137465
00-0039910,2024_06_WAS_BAL,2024,6,269.0,233.06593870719416,3,241.0350010710006,234.55677377804153
00-0039918,2024_06_JAX_CHI,2024,6,226.0,226.69530085734092,3,235.42698754025503,228.50385525393924
00-0023459,2024_07_NYJ_PIT,2024,7,276.0,231.57816430539245,3,227.83256348513177,235.63648451775032
00-0026498,2024_07_LV_LA,2024,7,154.0,241.28905451451843,3,232.035320920622,245.77412262902672
00-0027973,2024_07_CAR_WAS,2024,7,93.0,246.15656201183643,3,251.13629698926465,247.2927083363469
00-0029263,2024_07_NYJ_PIT,2024,7,264.0,207.13332335424454,3,204.8696118427651,212.71357905065423
00-0029604,2024_07_SEA_ATL,2024,7,232.0,261.5142553273985,3,270.14844636025884,260.7329010373837
00-0030565,2024_07_SEA_ATL,2024,7,207.0,273.9006287797057,3,260.0846382572788,276.8972989905
00-0032268,2024_07_CAR_WAS,2024,7,205.0,213.85657367739304,3,238.7833849233887,213.23237218937095
00-0033106,2024_07_DET_MIN,2024,7,280.0,256.6484450914901,3,269.5166116458495,255.3442349095417
00-0033537,2024_07_CIN_CLE,2024,7,128.0,122.14620583090397,3,108.6720069779728,136.44812465091658
00-0033873,2024_07_KC_SF,2024,7,154.0,248.14917562882235,3,246.0727601117977,250.6152404957411
00-0034771,2024_07_TEN_BUF,2024,7,215.0,200.40886082940634,3,192.1619196504842,207.7476121076102
00-0034796,2024_07_BAL_TB,2024,7,281.0,244.36598493952064,3,237.88383613650936,248.03932274446595
00-0034855,2024_07_BAL_TB,2024,7,370.0,254.70653543669678,3,250.52380937290127,257.12258282298893
00-0034857,2024_07_TEN_BUF,2024,7,323.0,226.7322918753971,3,223.3037048181974,231.0874420691369
00-0034869,2024_07_DET_MIN,2024,7,259.0,238.00904338183213,3,233.66601295810273,241.7104954013083
00-0035228,2024_07_LAC_ARI,2024,7,145.0,224.06244996413616,3,218.20615790198312,229.12671789555063
00-0035289,2024_07_LV_LA,2024,7,154.0,207.07210432950407,3,234.69799705745416,206.39067369073385
00-0035710,2024_07_PHI_NYG,2024,7,99.0,180.9006377091578,3,178.34197106281022,188.5093728388748
00-0035993,2024_07_MIA_IND,2024,7,87.0,118.02182798377979,3,123.03893999864178,128.7562939746798
00-0036264,2024_07_HOU_GB,2024,7,220.0,267.7645825021085,3,276.46445154936333,266.5008771018915
00-0036355,2024_07_LAC_ARI,2024,7,349.0,246.11931770260722,3,261.11480997442004,245.1584793768709
00-0036389,2024_07_PHI_NYG,2024,7,114.0,221.63109420180004,3,234.40178777390753,222.97254097711607
00-0036442,2024_07_CIN_CLE,2024,7,181.0,261.3495744326358,3,268.0827174766754,260.9791157786061
00-0036971,2024_07_NE_JAX,2024,7,193.0,223.52501634511145,3,222.47033641139657,227.62293004631397
00-0037834,2024_07_KC_SF,2024,7,212.0,262.25382807957385,3,265.77093060822466,262.48981259660815
00-0038583,2024_07_CIN_CLE,2024,7,82.0,98.3782856621702,3,119.08940910849786,107.29520419757796
00-0039163,2024_07_HOU_GB,2024,7,86.0,263.1685988124244,3,257.67779648051334,265.2244869682987
00-0039164,2024_07_MIA_IND,2024,7,129.0,203.57852717400098,3,211.16868842175023,207.359444853324
00-0039376,2024_07_DEN_NO,2024,7,172.0,201.5192492194353,3,201.85525444487232,206.97536375222305
00-0039732,2024_07_DEN_NO,2024,7,164.0,212.70119895656103,3,208.94920355449693,218.17605034824683
00-0039851,2024_07_NE_JAX,2024,7,276.0,213.4180032276581,3,213.53006870060096,218.02902632746984
00-0023459,2024_08_NYJ_NE,2024,8,233.0,231.8691734707607,3,231.5631588310904,235.18457688873843
00-0026498,2024_08_MIN_LA,2024,8,279.0,248.45625789076533,3,259.90689026217996,248.06339151178392
00-0029263,2024_08_NYG_PIT,2024,8,278.0,248.1711077863204,3,260.1451767181535,247.68988179625924
00-0029604,2024_08_ATL_TB,2024,8,276.0,267.3696323607421,3,280.86154682763276,265.1308964961433
00-0030565,2024_08_BUF_SEA,2024,8,212.0,253.61889860678534,3,246.84274740734764,256.66018990039754
00-0031503,2024_08_BAL_CLE,2024,8,334.0,219.30515910580806,3,224.8716435018151,222.3313225780429
00-0033077,2024_08_DAL_SF,2024,8,243.0,261.4199689401722,3,270.531907655249,260.5455246946761
00-0033106,2024_08_TEN_DET,2024,8,85.0,251.2141134432213,3,255.65521371531156,252.08402262559423
00-0033119,2024_08_NYJ_NE,2024,8,132.0,135.37401405855599,3,156.74768811431028,141.3784912829219
00-0033873,2024_08_KC_LV,2024,8,262.0,236.05107302924952,3,238.466992397644,238.482316664492
00-0034771,2024_08_TEN_DET,2024,8,266.0,219.16520482098707,3,215.7623264917832,224.08226354351845
00-0034796,2024_08_BAL_CLE,2024,8,289.0,242.1142178101077,3,245.71497664224535,243.8425140299504
00-0034855,2024_08_ATL_TB,2024,8,330.0,271.71803174959916,3,283.03494893036236,269.6092823427269
00-0034857,2024_08_BUF_SEA,2024,8,283.0,227.01475012086144,3,212.74420857897368,233.62171151684436
00-0034869,2024_08_MIN_LA,2024,8,240.0,244.42050053773974,3,243.9630023280818,246.8266994114748
00-0035228,2024_08_ARI_MIA,2024,8,307.0,214.17793512937254,3,215.25988312978316,218.5286534720834
00-0035289,2024_08_KC_LV,2024,8,209.0,233.00136843213136,3,250.9362920141121,232.40772803733216
00-0035710,2024_08_NYG_PIT,2024,8,264.0,201.14961942379765,3,207.62119786905868,205.34713822379803
00-0036212,2024_08_ARI_MIA,2024,8,234.0,210.79488355501604,3,220.68772262333724,213.55204666085163
00-0036264,2024_08_GB_JAX,2024,8,196.0,183.17363688981084,3,179.9144914764619,190.75882064650185
00-0036355,2024_08_NO_LAC,2024,8,279.0,239.41762300974503,3,237.1836628214363,242.5713140182619
00-0036389,2024_08_PHI_CIN,2024,8,236.0,233.82144553615404,3,233.68201059921813,236.9555657317163
00-0036442,2024_08_PHI_CIN,2024,8,234.0,247.5394182491344,3,240.9258137320406,251.0024057080689
00-0036971,2024_08_GB_JAX,2024,8,308.0,239.2968772332163,3,236.6464469726546,242.54693229411183
00-0037834,2024_08_DAL_SF,2024,8,260.0,264.1151325924635,3,285.0111527265112,260.56813287806324
00-0038128,2024_08_GB_JAX,2024,8,56.0,144.08965845167415,3,142.9084612289602,154.1692996379599
00-0038998,2024_08_NO_LAC,2024,8,122.0,105.5165621264595,3,126.20397906500985,113.9032999503326
00-0039150,2024_08_CAR_DEN,2024,8,224.0,198.30980113699388,3,185.06650182660312,206.85339036189683
00-0039163,2024_08_IND_HOU,2024,8,285.0,247.01948334599066,3,251.05077387145425,248.2897760193575
00-0039164,2024_08_IND_HOU,2024,8,175.0,204.05167391892383,3,205.07728844778063,209.17335990134984
00-0039376,2024_08_NO_LAC,2024,8,156.0,118.0819357174191,3,145.65911261215635,124.08223799984452
00-0039732,2024_08_CAR_DEN,2024,8,284.0,214.46840740291972,3,219.2032132076404,218.0315373740297
00-0039910,2024_08_CHI_WAS,2024,8,326.0,223.90139277246112,3,208.07963820256427,231.06696768662212
00-0039918,2024_08_CHI_WAS,2024,8,131.0,229.89519106578155,3,222.8255628735605,234.7765558784734
00-0023459,2024_09_HOU_NYJ,2024,9,211.0,241.50268231155897,3,242.35245146518017,243.85356249985676
00-0026158,2024_09_IND_MIN,2024,9,179.0,249.1930614880214,3,253.31605275211967,250.28117797963293
00-0026498,2024_09_LA_SEA,2024,9,298.0,243.7076212634406,3,247.00338124794015,245.38040353202848
00-0029604,2024_09_DAL_ATL,2024,9,222.0,275.3201877058217,3,277.355860803771,274.8871757165725
00-0030565,2024_09_LA_SEA,2024,9,363.0,263.48296987097797,3,253.21705307218895,266.5163799096976
00-0031280,2024_09_NO_CAR,2024,9,236.0,241.501724643684,3,249.27968600137504,242.4001995951099
00-0031503,2024_09_LAC_CLE,2024,9,235.0,265.2867738236339,3,266.93781574357695,265.6865955255033
00-0033077,2024_09_DAL_ATL,2024,9,133.0,164.95755979681158,3,168.44393933662738,172.4942065465254
00-0033106,2024_09_DET_GB,2024,9,145.0,247.54556861980458,3,254.30347572642535,248.2047932127196
00-0033662,2024_09_DAL_ATL,2024,9,115.0,113.74685265710278,3,108.61967446328411,126.92853344196504
00-0033873,2024_09_TB_KC,2024,9,291.0,254.2756295722543,3,275.47999258570303,251.40164604666717
00-0034771,2024_09_NE_TEN,2024,9,240.0,204.46790787201306,3,207.41485958026416,209.1555859177539
00-0034796,2024_09_DEN_BAL,2024,9,280.0,233.12847814091035,3,232.03549167364184,236.51445906955053
00-0034855,2024_09_TB_KC,2024,9,200.0,267.8214620984271,3,267.3596439721417,268.47421578232814
00-0034857,2024_09_MIA_BUF,2024,9,235.0,225.52630855138895,3,205.29890636590503,233.49369714741752
00-0034869,2024_09_IND_MIN,2024,9,290.0,249.72106678400846,3,248.04394422332237,251.98557755916167
00-0035228,2024_09_CHI_ARI,2024,9,154.0,226.25882382484997,3,214.55434104847905,232.38448901192464
00-0035289,2024_09_LV_CIN,2024,9,124.0,126.52106488382191,3,141.94402032289213,134.4367927290137
00-0035710,2024_09_WAS_NYG,2024,9,174.0,222.73512061646431,3,230.5803394248212,225.02641209734196
00-0036212,2024_09_MIA_BUF,2024,9,231.0,239.7093404473786,3,250.1891481261424,240.17575408738767
00-0036264,2024_09_DET_GB,2024,9,273.0,255.86137104529232,3,277.73551885795194,252.7280871869808
00-0036355,2024_09_LAC_CLE,2024,9,282.0,241.2131566277441,3,256.46602607966906,240.56617072421645
00-0036389,2024_09_JAX_PHI,2024,9,230.0,238.67809438166202,3,237.4518617606858,241.67595984444537
00-0036442,2024_09_LV_CIN,2024,9,251.0,257.78802259359315,3,257.8885253952239,259.0750859040747
00-0036971,2024_09_JAX_PHI,2024,9,169.0,240.9293363524948,3,251.29917966370368,241.32734163914125
00-0038122,2024_09_LV_CIN,2024,9,74.0,98.6172747942936,3,111.1648163987916,109.22774968872986
00-0039150,2024_09_NO_CAR,2024,9,171.0,214.4255888800476,3,223.7517767050407,217.02935791576908
00-0039163,2024_09_HOU_NYJ,2024,9,191.0,239.84121930151687,3,229.8568278498211,244.58801090432652
00-0039732,2024_09_DEN_BAL,2024,9,223.0,224.84891128089404,3,225.30753324528573,228.53031395711952
00-0039851,2024_09_NE_TEN,2024,9,206.0,227.2133824282141,3,240.1549774231142,228.10050061688813
00-0039910,2024_09_WAS_NYG,2024,9,209.0,235.88462895326631,3,228.60654781032684,240.36067213742257
00-0039918,2024_09_CHI_ARI,2024,9,217.0,226.76422681455577,3,224.28151590888103,230.9186824576878
00-0023459,2024_10_NYJ_ARI,2024,10,151.0,249.00395634859225,3,245.2351524004576,251.7607437322051
00-0026158,2024_10_BUF_IND,2024,10,272.0,251.10425438993408,3,246.72258889758425,253.83206894568343
00-0026498,2024_10_MIA_LA,2024,10,293.0,252.60227575526787,3,253.65364938401595,254.07876270779676
00-0029263,2024_10_PIT_WAS,2024,10,195.0,249.26021645615188,3,256.3314783029332,249.72520132428625
00-0029604,2024_10_ATL_NO,2024,10,306.0,265.4784054147233,3,268.0682159666707,265.66705031181255
00-0031280,2024_10_ATL_NO,2024,10,269.0,248.12437440471408,3,255.9017251117965,248.5264827697138
00-0033106,2024_10_DET_HOU,2024,10,240.0,256.1755222185051,3,262.5940888572316,256.2589081101142
00-0033662,2024_10_PHI_DAL,2024,10,45.0,153.26344270577053,3,167.48545865459047,159.42609023590836
00-0033873,2024_10_DEN_KC,2024,10,266.0,234.05885401272812,3,236.7946400534063,236.5723934742917
00-0034796,2024_10_CIN_BAL,2024,10,290.0,256.23652218292466,3,253.16953515464908,258.303956005316
00-0034855,2024_10_SF_TB,2024,10,116.0,265.1116573638402,3,260.02833725535123,266.93644845539274
00-0034857,2024_10_BUF_IND,2024,10,280.0,247.43714124469435,3,248.7326294787364,249.24967610845604
00-0034869,2024_10_MIN_JAX,2024,10,241.0,245.72626682492998,3,257.72338778423864,245.42349575556275
00-0035228,2024_10_NYJ_ARI,2024,10,266.0,217.479485408825,3,206.4947398932745,224.1124393802354
00-0035710,2024_10_NYG_CAR,2024,10,190.0,214.59410591436287,3,221.42691933260343,217.7079706662806
00-0036212,2024_10_MIA_LA,2024,10,207.0,254.18221967229945,3,259.8060816166328,254.58164953832983
00-0036355,2024_10_TEN_LAC,2024,10,164.0,246.36207472631705,3,251.09839891664015,247.53384435443164
00-0036389,2024_10_PHI_DAL,2024,10,202.0,206.98145595987373,3,209.7738304701537,211.5131020696267
00-0036442,2024_10_CIN_BAL,2024,10,428.0,264.8915649344723,3,274.943915340661,263.5597031865833
00-0036972,2024_10_MIN_JAX,2024,10,111.0,217.99627812145303,3,222.69034142676085,221.30346808169895
00-0037834,2024_10_SF_TB,2024,10,353.0,249.3366901331935,3,244.2213543588861,252.35082954748145
00-0039150,2024_10_NYG_CAR,2024,10,126.0,211.9297889118427,3,222.66252858425975,214.42578617277863
00-0039152,2024_10_TEN_LAC,2024,10,175.0,212.42674202973603,3,225.24592721484825,214.448065382491
00-0039163,2024_10_DET_HOU,2024,10,232.0,244.85276208425975,3,245.0757630820735,247.08388981987628
00-0039732,2024_10_DEN_KC,2024,10,215.0,213.88393810378238,3,213.47462436094412,218.56933621215475
00-0039851,2024_10_NE_CHI,2024,10,184.0,207.82862585643034,3,218.86588493897895,210.5682422570019
00-0039910,2024_10_PIT_WAS,2024,10,202.0,222.44312885328014,3,212.6580575761179,228.4524540495428
00-0039918,2024_10_NE_CHI,2024,10,120.0,215.0366067697282,3,225.51079203093823,217.35389369344392
00-0023459,2024_11_IND_NYJ,2024,11,184.0,239.86537382465352,3,226.51941911652915,245.3150973611065
00-0026498,2024_11_LA_NE,2024,11,295.0,244.08735228040908,3,242.06325950948184,246.846959380002
00-0029263,2024_11_BAL_PIT,2024,11,205.0,237.97276420635208,3,235.78856473384985,241.2243428899924
00-0029604,2024_11_ATL_DEN,2024,11,173.0,205.11995516231954,3,217.98124925837325,207.68023429820664
00-0030565,2024_11_SEA_SF,2024,11,221.0,259.712113174333,3,251.76367599163152,262.54236781375334
00-0031280,2024_11_CLE_NO,2024,11,248.0,243.82560462687505,3,258.5861006795266,243.08599041572353
00-0031503,2024_11_CLE_NO,2024,11,395.0,234.28526364567523,3,228.89831939056975,238.4847381232161
00-0033106,2024_11_JAX_DET,2024,11,412.0,204.91071828584552,3,205.7264333367712,210.01200728453745
00-0033662,2024_11_HOU_DAL,2024,11,354.0,218.62127216103002,3,230.23768596997863,220.43035449645677
00-0033873,2024_11_KC_BUF,2024,11,196.0,251.83985499021358,3,254.1858546038626,253.1020851130173
00-0034796,2024_11_BAL_PIT,2024,11,207.0,235.60724735555198,3,220.53394967639645,241.73833198315808
00-0034857,2024_11_KC_BUF,2024,11,262.0,234.8262565058748,3,219.2005304530556,241.1317065117372
00-0034869,2024_11_MIN_TEN,2024,11,246.0,228.92679387954232,3,229.5860707169742,232.26041429062192
00-0035289,2024_11_LV_MIA,2024,11,282.0,211.15737717081515,3,209.19887073611676,216.37196743001996
00-0036212,2024_11_LV_MIA,2024,11,288.0,235.5711914646678,3,234.5001827004415,238.76943661685615
00-0036264,2024_11_GB_CHI,2024,11,261.0,239.370688325183,3,243.5452450797408,241.18436948958225
00-0036355,2024_11_CIN_LAC,2024,11,297.0,250.76547751271127,3,256.7821908722886,251.33869747704836
00-0036389,2024_11_WAS_PHI,2024,11,221.0,224.15203134647172,3,230.78430495050344,226.591388924524
00-0036442,2024_11_CIN_LAC,2024,11,356.0,266.48947151299046,3,253.3761812549655,269.89443085311893
00-0036972,2024_11_JAX_DET,2024,11,138.0,213.12679331736308,3,207.9664485620694,218.86499493848072
00-0037834,2024_11_SEA_SF,2024,11,159.0,253.26854011293457,3,265.60482475996804,252.32922625284536
00-0039152,2024_11_MIN_TEN,2024,11,295.0,221.54691495825867,3,224.4237259621917,224.96889869618045
00-0039163,2024_11_HOU_DAL,2024,11,257.0,230.8211608581078,3,224.07418985983335,235.56546225591285
00-0039164,2024_11_IND_NYJ,2024,11,272.0,199.6657776474174,3,198.69277025835515,205.5352764263115
00-0039732,2024_11_ATL_DEN,2024,11,307.0,215.47856296349627,3,216.74541692043456,219.69300926578376
00-0039851,2024_11_LA_NE,2024,11,282.0,215.57734653976004,3,221.7626466480217,218.7532479902343
00-0039910,2024_11_WAS_PHI,2024,11,191.0,218.1015051390446,3,212.8618552244467,223.4833828202112
00-0039918,2024_11_GB_CHI,2024,11,231.0,217.11166159652197,3,222.73848135350573,220.28962062598015
00-0026498,2024_12_PHI_LA,2024,12,243.0,268.1825689744594,3,271.96480849102016,267.91849539804053
00-0029263,2024_12_PIT_CLE,2024,12,270.0,189.17883415922503,3,204.13826990832067,192.49433622438104
00-0030565,2024_12_ARI_SEA,2024,12,254.0,252.25915038309867,3,241.55499157089596,256.2258772112645
00-0031503,2024_12_PIT_CLE,2024,12,219.0,227.78317991497934,3,231.34325030542337,230.59439248676617
00-0032434,2024_12_SF_GB,2024,12,199.0,198.47474458772643,3,212.73867165942872,201.2391514315288
00-0033106,2024_12_DET_IND,2024,12,269.0,258.3948660782022,3,259.76580345514776,259.3700916084686
00-0033662,2024_12_DAL_WAS,2024,12,247.0,214.8167756503296,3,219.28465509521925,218.40974914034496
00-0033873,2024_12_KC_CAR,2024,12,269.0,253.41845420762056,3,273.1115612672191,250.9255631977191
00-0034796,2024_12_BAL_LAC,2024,12,177.0,247.4678548429538,3,237.00968250122625,251.74221075054845
00-0034855,2024_12_TB_NYG,2024,12,294.0,230.29933932976465,3,217.3408812823945,236.38498296520115
00-0034869,2024_12_MIN_CHI,2024,12,330.0,218.82974403706754,3,229.1228296408977,220.90062963897304
00-0035228,2024_12_ARI_SEA,2024,12,285.0,223.05267800892418,3,214.59209493389957,228.7386303842243
00-0035289,2024_12_DEN_LV,2024,12,230.0,201.46128834308115,3,214.6101784014475,204.23556099531663
00-0036212,2024_12_NE_MIA,2024,12,317.0,249.53377807193849,3,254.1955847912998,250.48339009708656
00-0036264,2024_12_SF_GB,2024,12,163.0,237.20839036142704,3,243.5256772255712,238.73495956915977
00-0036355,2024_12_BAL_LAC,2024,12,218.0,242.5978702980298,3,230.37116968415003,247.60809218230017
00-0036389,2024_12_PHI_LA,2024,12,179.0,228.79379743461436,3,238.7743333544723,230.18321135368575
00-0038476,2024_12_TB_NYG,2024,12,189.0,192.02345213388236,3,203.80663875088473,195.7915876942787
00-0039150,2024_12_KC_CAR,2024,12,263.0,209.53132079218858,3,213.75255333196225,213.57224935378417
00-0039152,2024_12_TEN_HOU,2024,12,278.0,218.9159395149636,3,219.01264508721428,223.11800701375287
00-0039163,2024_12_TEN_HOU,2024,12,247.0,228.91393933300162,3,222.24757362142543,233.78432487695147
00-0039164,2024_12_DET_IND,2024,12,172.0,215.42810544432896,3,218.0552236055304,219.36115873992753
00-0039732,2024_12_DEN_LV,2024,12,273.0,233.0360056637618,3,243.33993835765943,234.0395854478248
00-0039851,2024_12_NE_MIA,2024,12,222.0,242.7175154859605,3,261.18174046916,241.28449690655953
00-0039910,2024_12_DAL_WAS,2024,12,275.0,229.81985845055047,3,223.6021213286788,234.52827419480087
00-0039918,2024_12_MIN_CHI,2024,12,340.0,211.57426084264569,3,217.85940860010103,215.0293375430844
00-0023459,2024_13_SEA_NYJ,2024,13,185.0,211.2202361739464,3,208.78579305459493,216.52989280296688
00-0026498,2024_13_LA_NO,2024,13,183.0,273.61164424946844,3,291.5226735882483,269.978494229246
00-0029263,2024_13_PIT_CIN,2024,13,414.0,229.51204329770565,3,236.9291414527917,231.38502881094055
00-0029604,2024_13_LAC_ATL,2024,13,245.0,256.0632330453909,3,248.76742877224632,259.030218477842
00-0030565,2024_13_SEA_NYJ,2024,13,206.0,234.89185864756908,3,231.16272618514697,238.69830137215092
00-0031280,2024_13_LA_NO,2024,13,184.0,243.84658452410915,3,249.4200209745163,245.03144003006275
00-0031503,2024_13_CLE_DEN,2024,13,497.0,238.56766079929028,3,239.61188811759283,241.09780950129385
00-0033106,2024_13_CHI_DET,2024,13,221.0,243.82928776912874,3,223.78571782323516,250.3859771220719
00-0033662,2024_13_NYG_DAL,2024,13,195.0,222.24171240922544,3,225.05050685403015,225.6258672438457
00-0033873,2024_13_LV_KC,2024,13,306.0,246.1996751311908,3,239.81246157999664,249.71563976750767
00-0034796,2024_13_PHI_BAL,2024,13,237.0,228.01591997042448,3,212.45234823134237,234.8189048209172
00-0034855,2024_13_TB_CAR,2024,13,235.0,256.3488519462069,3,247.2957952451713,259.66282805304354
00-0034857,2024_13_SF_BUF,2024,13,148.0,173.11148196273794,3,187.72899393286573,177.70322362116963
00-0034869,2024_13_ARI_MIN,2024,13,235.0,253.8768307581898,3,247.5401305379824,256.8066553637829
00-0035228,2024_13_ARI_MIN,2024,13,260.0,230.53772256430355,3,226.79851909634775,234.67270265071784
00-0035704,2024_13_NYG_DAL,2024,13,178.0,219.2274455800382,3,220.38614437302135,223.18351567664664
00-0036212,2024_13_MIA_GB,2024,13,365.0,244.04051551803147,3,252.23080887094983,244.66221510093877
00-0036264,2024_13_MIA_GB,2024,13,274.0,233.28906498974044,3,233.97698217937324,236.289645148664
00-0036355,2024_13_LAC_ATL,2024,13,147.0,249.81169154393947,3,251.43322296561809,251.37785423862363
00-0036389,2024_13_PHI_BAL,2024,13,118.0,216.5099563574648,3,211.74356943869833,221.9119328164129
00-0036442,2024_13_PIT_CIN,2024,13,309.0,255.29885274926656,3,239.73441516937692,260.05664008151535
00-0036972,2024_13_HOU_JAX,2024,13,235.0,123.13236859206268,3,145.8112167451675,129.78096564113235
00-0037834,2024_13_SF_BUF,2024,13,94.0,229.10662479951446,3,227.65450318431687,232.86941249324124
00-0038579,2024_13_LV_KC,2024,13,340.0,209.53795904803513,3,197.00423095674532,217.09102279057495
00-0039150,2024_13_TB_CAR,2024,13,298.0,228.75703758098643,3,236.40985556951563,230.63720721716257
00-0039152,2024_13_TEN_WAS,2024,13,212.0,219.76357682524798,3,221.8958725632432,223.475341598234
00-0039163,2024_13_HOU_JAX,2024,13,242.0,237.26199433956725,3,251.25567980078893,237.1752083923074
00-0039164,2024_13_IND_NE,2024,13,109.0,200.7304415396732,3,202.777795232994,205.88691269001544
00-0039732,2024_13_CLE_DEN,2024,13,294.0,230.37515202121676,3,241.98501485296455,231.3044290420212
00-0039851,2024_13_IND_NE,2024,13,238.0,222.630604322947,3,227.3294699311111,225.58935586803392
00-0039910,2024_13_TEN_WAS,2024,13,206.0,227.9492072170289,3,219.61992182470647,233.24054461405404
00-0039918,2024_13_CHI_DET,2024,13,256.0,232.97571967069928,3,231.3872204628437,236.47703570181707
00-0023459,2024_14_NYJ_MIA,2024,14,339.0,225.04235898769954,3,207.31715802548257,232.5214490663633
00-0026498,2024_14_BUF_LA,2024,14,320.0,259.77176966350396,3,267.891977570679,259.22880328367893
00-0029263,2024_14_CLE_PIT,2024,14,158.0,252.2370643909418,3,255.27338269763828,253.32479257719575
00-0029604,2024_14_ATL_MIN,2024,14,344.0,259.80584409649373,3,265.1555817474468,259.84114489055344
00-0030565,2024_14_SEA_ARI,2024,14,233.0,261.74084368351487,3,255.74684647627657,264.0092629321925
00-0031280,2024_14_NO_NYG,2024,14,219.0,222.74502269583954,3,232.93283048700224,224.54445428855487
00-0031503,2024_14_CLE_PIT,2024,14,212.0,244.96157724830388,3,240.30259351730064,248.20804228879103
00-0033106,2024_14_GB_DET,2024,14,283.0,256.32205094388996,3,247.31677670282272,259.62801883444
00-0033662,2024_14_CIN_DAL,2024,14,183.0,246.79921054490885,3,270.2895125822317,244.0064869824897
00-0033873,2024_14_LAC_KC,2024,14,210.0,251.75002253631394,3,248.74850583277055,254.1400798694795
00-0034855,2024_14_LV_TB,2024,14,295.0,262.5626373797993,3,266.9599316701714,262.5909408602901
00-0034857,2024_14_BUF_LA,2024,14,342.0,239.2286918192755,3,245.33014547440075,240.64904954481744
00-0034869,2024_14_ATL_MIN,2024,14,347.0,254.87771129411394,3,244.82299871797,258.51197209099826
00-0035228,2024_14_SEA_ARI,2024,14,259.0,228.66397824794026,3,217.3403605471623,234.52948363722064
00-0035704,2024_14_NO_NYG,2024,14,227.0,202.9215937153852,3,215.0856537731234,205.7928554595954
00-0036212,2024_14_NYJ_MIA,2024,14,331.0,260.7374713460679,3,257.03983987366144,262.59968563729365
00-0036264,2024_14_GB_DET,2024,14,206.0,265.13106542802166,3,272.1548787880851,264.41617324592426
00-0036355,2024_14_LAC_KC,2024,14,213.0,227.82143454791412,3,237.99800396205688,229.2426478135009
00-0036389,2024_14_CAR_PHI,2024,14,108.0,219.51066757765335,3,224.18488535576148,222.70848556733063
00-0036442,2024_14_CIN_DAL,2024,14,369.0,279.6055317769301,3,267.54804517896594,281.80584443889626
00-0036972,2024_14_JAX_TEN,2024,14,220.0,214.0891374687273,3,230.7973645658245,215.17050512934975
00-0037834,2024_14_CHI_SF,2024,14,325.0,218.7232464004281,3,206.8305245478838,225.45331145222855
00-0038122,2024_14_LV_TB,2024,14,101.0,127.94836506953135,3,139.98108995707915,136.46784219367532
00-0038579,2024_14_LV_TB,2024,14,104.0,137.85465643149442,3,153.2591480809644,144.9245851206811
00-0039150,2024_14_CAR_PHI,2024,14,191.0,202.77652028076005,3,198.63015180889468,209.07809593619297
00-0039152,2024_14_JAX_TEN,2024,14,168.0,225.93563219234247,3,232.10563181912917,228.33818918878944
00-0039918,2024_14_CHI_SF,2024,14,134.0,225.33177051912344,3,223.2334530770773,229.51302916774551
00-0023459,2024_15_NYJ_JAX,2024,15,289.0,238.1227574362815,3,246.67805965833037,239.1115833405361
00-0026498,2024_15_LA_SF,2024,15,160.0,270.0602625950992,3,276.7141697146849,269.0533824115229
00-0029263,2024_15_PIT_PHI,2024,15,128.0,246.14671855385413,3,246.8758524011283,248.1747300337045
00-0029604,2024_15_ATL_LV,2024,15,112.0,260.38382117865535,3,275.57791704492496,258.31194804072715
00-0030565,2024_15_GB_SEA,2024,15,149.0,163.74822320459302,3,155.28199058598676,173.88136621051012
00-0031503,2024_15_KC_CLE,2024,15,146.0,202.62061832786785,3,204.9598478663079,207.57419348532815
00-0033106,2024_15_BUF_DET,2024,15,494.0,260.73009307117616,3,250.39808116187024,263.9837406840496
00-0033662,2024_15_DAL_CAR,2024,15,214.0,214.3750802469456,3,228.4480783513464,215.98747974819756
00-0033873,2024_15_KC_CLE,2024,15,159.0,221.53392314314016,3,222.59256174538453,225.33805586547425
00-0034177,2024_15_BAL_NYG,2024,15,123.0,117.29674044595504,3,125.80712868220884,127.35320960294418
00-0034771,2024_15_CIN_TEN,2024,15,209.0,117.19646456951895,3,131.10006899186502,126.12977792564384
00-0034796,2024_15_BAL_NYG,2024,15,290.0,217.04071331464775,3,220.81621740907167,220.6121146734986
00-0034855,2024_15_TB_LAC,2024,15,288.0,258.1564543609014,3,248.86172749535257,261.3855815068054
00-0034857,2024_15_BUF_DET,2024,15,362.0,248.8647140922187,3,259.77491304489115,248.5545265136539
00-0034869,2024_15_CHI_MIN,2024,15,231.0,256.25622418675596,3,239.6432013704519,261.16207126985915
00-0035228,2024_15_NE_ARI,2024,15,224.0,236.4392899367815,3,234.6718493978537,239.71845952585753
00-0036212,2024_15_MIA_HOU,2024,15,196.0,275.37395266769795,3,261.54562338033537,278.262755787106
00-0036264,2024_15_GB_SEA,2024,15,229.0,241.54046908352458,3,237.25222930325225,244.9656863091584
00-0036355,2024_15_TB_LAC,2024,15,195.0,243.71940074868488,3,248.43295902431052,245.0940622855454
00-0036389,2024_15_PIT_PHI,2024,15,290.0,211.03266658609132,3,210.84335860132768,215.88569855505955
00-0036442,2024_15_CIN_TEN,2024,15,271.0,264.86005653799907,3,266.8624890018089,265.21820079285135
00-0036972,2024_15_NYJ_JAX,2024,15,294.0,215.98958117298253,3,222.70834748897073,219.02273796312693
00-0037077,2024_15_GB_SEA,2024,15,24.0,108.27184495274035,3,127.04793642428164,116.8527257790261
00-0037834,2024_15_LA_SF,2024,15,142.0,254.0075700872338,3,256.86354698649626,255.00037301254932
00-0038122,2024_15_ATL_LV,2024,15,208.0,227.48202922009455,3,247.27006834368697,226.91366841335724
00-0038476,2024_15_BAL_NYG,2024,15,68.0,118.55733824213897,3,133.32411599145303,127.20766603018151
00-0038998,2024_15_WAS_NO,2024,15,49.0,113.1318926483869,3,120.86328573925736,123.66391127684668
00-0039150,2024_15_DAL_CAR,2024,15,219.0,217.30740136529104,3,229.07064880684487,219.1842002342863
00-0039152,2024_15_CIN_TEN,2024,15,89.0,127.89328677477627,3,113.866183115482,141.88026668065572
00-0039163,2024_15_MIA_HOU,2024,15,131.0,227.4767193680902,3,206.2417048509443,235.50913050886064
00-0039164,2024_15_IND_DEN,2024,15,172.0,197.31519193068584,3,194.9876664255681,203.64488330153983
00-0039376,2024_15_WAS_NO,2024,15,135.0,118.51268866364913,3,143.89722939254335,124.94037808079403
00-0039732,2024_15_IND_DEN,2024,15,130.0,228.54182424987368,3,226.42418655374252,232.48647824926476
00-0039851,2024_15_NE_ARI,2024,15,202.0,240.83958289117365,3,251.6134406587641,241.15961636691287
00-0039910,2024_15_WAS_NO,2024,15,226.0,233.5234115689122,3,228.2387947644144,237.75854879295824
00-0039918,2024_15_CHI_MIN,2024,15,191.0,226.07896468446182,3,223.9908770544596,230.2020621479892
00-0023459,2024_16_LA_NYJ,2024,16,256.0,244.18768433790663,3,258.18995034330163,243.5798862172853
00-0026498,2024_16_LA_NYJ,2024,16,110.0,240.5295060487044,3,240.2197569820283,243.19643436617267
00-0029263,2024_16_PIT_BAL,2024,16,217.0,220.70472985127006,3,231.66290852793512,222.4956143179311
00-0030565,2024_16_MIN_SEA,2024,16,314.0,243.64652072923897,3,246.54908050650153,245.40631703023823
00-0033106,2024_16_DET_CHI,2024,16,336.0,254.34038309529504,3,250.3772957297867,256.7378339538114
00-0033662,2024_16_TB_DAL,2024,16,292.0,241.21045026468929,3,271.11163950972576,237.49268604707652
00-0033873,2024_16_HOU_KC,2024,16,260.0,248.69849834505496,3,261.1097895970651,248.0860718241467
00-0034771,2024_16_TEN_IND,2024,16,252.0,228.19441957257527,3,235.12917334010663,230.26730846862156
00-0034796,2024_16_PIT_BAL,2024,16,207.0,221.6041275384139,3,208.99836427584407,228.2677025312555
00-0034855,2024_16_TB_DAL,2024,16,303.0,275.4597526153947,3,277.8877885521589,274.93401973608115
00-0034857,2024_16_NE_BUF,2024,16,154.0,237.14531905424118,3,225.83085914941103,242.37306538878667
00-0034869,2024_16_MIN_SEA,2024,16,246.0,252.3558771224542,3,250.06622828088717,254.55127283522071
00-0035228,2024_16_ARI_CAR,2024,16,202.0,222.4590878750973,3,231.76899868402523,224.46400452903185
00-0035704,2024_16_NYG_ATL,2024,16,210.0,217.23934514274217,3,210.33379504529245,223.0351097838268
00-0036212,2024_16_SF_MIA,2024,16,215.0,256.7637354415665,3,250.59484681759724,259.44194992260236
00-0036264,2024_16_NO_GB,2024,16,182.0,220.51743083784328,3,232.5818604694533,222.09043439292665
00-0036355,2024_16_DEN_LAC,2024,16,284.0,231.94230342526689,3,229.06388487353908,235.7915219755698
00-0036442,2024_16_CLE_CIN,2024,16,252.0,267.5507858738754,3,274.0512198728899,266.7642143276278
00-0036972,2024_16_JAX_LV,2024,16,247.0,225.19265720552602,3,238.59601588694127,226.13445997647256
00-0037834,2024_16_SF_MIA,2024,16,313.0,223.27162121758963,3,217.08363268054796,228.46471621195695
00-0038102,2024_16_PHI_WAS,2024,16,143.0,189.27580875009522,3,199.02997315043115,193.675311976493
00-0038579,2024_16_JAX_LV,2024,16,257.0,222.62928204123085,3,231.7795478608284,224.654908525028
00-0038583,2024_16_CLE_CIN,2024,16,157.0,204.9409027570581,3,199.19093878700437,211.41640596044172
00-0039150,2024_16_ARI_CAR,2024,16,158.0,214.10296248012162,3,228.9095188856706,215.58197388367253
00-0039163,2024_16_HOU_KC,2024,16,244.0,230.579708547485,3,238.5374149942965,232.25931498705916
00-0039164,2024_16_TEN_IND,2024,16,131.0,231.1192994754951,3,216.38989744273096,237.514745060044
00-0039376,2024_16_NO_GB,2024,16,153.0,193.4748512783586,3,200.62545483657416,198.1053853309488
00-0039732,2024_16_DEN_LAC,2024,16,263.0,231.8721199326517,3,239.25799805207467,233.57471763820567
00-0039851,2024_16_NE_BUF,2024,16,261.0,229.48587026081435,3,222.32543209339772,234.4169595870246
00-0039910,2024_16_PHI_WAS,2024,16,258.0,220.87203801721571,3,217.6189332730692,225.62973722534645
00-0039917,2024_16_NYG_ATL,2024,16,202.0,224.15825659137732,3,239.1523425733234,224.84411578654107
00-0039918,2024_16_DET_CHI,2024,16,334.0,225.79551018230634,3,234.0523474260449,227.7710720655223
00-0023459,2024_17_NYJ_BUF,2024,17,112.0,141.58459981830865,3,154.0124989660013,148.99893240399135
00-0026158,2024_17_IND_NYG,2024,17,330.0,226.94148158307414,3,231.42831116368205,229.6215029923215
00-0026498,2024_17_ARI_LA,2024,17,189.0,250.52289975890565,3,265.3751245651808,249.2619641492152
00-0028118,2024_17_NYJ_BUF,2024,17,83.0,98.18923523269643,3,124.46837844304063,105.95300621822142
00-0029263,2024_17_KC_PIT,2024,17,205.0,237.1495426039424,3,252.1771135966681,236.85443572440028
00-0030565,2024_17_SEA_CHI,2024,17,160.0,247.87770083938105,3,248.71076484173497,249.7541533203859
00-0033106,2024_17_DET_SF,2024,17,303.0,266.1708439123918,3,268.61207079337976,266.33872743525865
00-0033662,2024_17_DAL_PHI,2024,17,147.0,205.69181709867553,3,215.71544590042723,208.8041331821315
00-0033873,2024_17_KC_PIT,2024,17,320.0,249.492487671034,3,265.6983713370306,248.02501023587024
00-0034771,2024_17_TEN_JAX,2024,17,193.0,212.78271087459848,3,209.423217722482,218.16916433409395
00-0034796,2024_17_BAL_HOU,2024,17,168.0,232.9741446394525,3,231.66888674535016,236.41619796275748
00-0034855,2024_17_CAR_TB,2024,17,359.0,253.39249517762707,3,253.5665344819918,254.99367083282297
00-0034857,2024_17_NYJ_BUF,2024,17,182.0,205.922602458607,3,206.5391351435692,210.9897893850163
00-0034869,2024_17_GB_MIN,2024,17,377.0,261.7540334925868,3,250.5806331349999,265.10731197985314
00-0035228,2024_17_ARI_LA,2024,17,321.0,239.46704753210062,3,245.81767343354733,240.81729762840385
00-0035704,2024_17_IND_NYG,2024,17,309.0,212.58715956509963,3,218.31242401831713,216.08367812376636
00-0035993,2024_17_MIA_CLE,2024,17,225.0,180.58103339500497,3,192.08598461515888,185.26532899021436
00-0036264,2024_17_GB_MIN,2024,17,185.0,252.11701086782742,3,259.1826122668278,252.3690109054565
00-0036355,2024_17_LAC_NE,2024,17,281.0,209.3323642233249,3,219.2498875959221,212.1939962024212
00-0036442,2024_17_DEN_CIN,2024,17,412.0,271.91590609957495,3,268.0290012962028,272.9797629772422
00-0036972,2024_17_TEN_JAX,2024,17,174.0,206.53411785042988,3,211.78592014011772,210.58368805071063
00-0037834,2024_17_DET_SF,2024,17,377.0,234.598167121609,3,226.90375567967135,239.2579378293001
00-0038102,2024_17_DAL_PHI,2024,17,143.0,115.86442223644426,3,158.25897352206906,118.9245466275813
00-0038579,2024_17_LV_NO,2024,17,242.0,217.07789772514684,3,219.4364020957607,220.94358161520773
00-0038583,2024_17_MIA_CLE,2024,17,170.0,174.19643386314095,3,177.03561606722232,181.17613301664755
00-0039150,2024_17_CAR_TB,2024,17,203.0,236.69905321896223,3,247.272224570428,237.37157217237
00-0039163,2024_17_BAL_HOU,2024,17,185.0,219.0850680418989,3,218.00588298359216,223.52097845110643
00-0039376,2024_17_LV_NO,2024,17,218.0,211.07040881923464,3,218.21987358094208,214.38205713502265
00-0039732,2024_17_DEN_CIN,2024,17,219.0,243.1963490428308,3,263.19558697729605,241.4056213308168
00-0039851,2024_17_LAC_NE,2024,17,117.0,199.5136510593892,3,220.438083305363,200.8038147791448
00-0039910,2024_17_ATL_WAS,2024,17,227.0,234.8127420330488,3,235.024532272817,237.7989121229384
00-0039917,2024_17_ATL_WAS,2024,17,223.0,224.94034008999503,3,240.48783447995677,225.45154653031955
00-0039918,2024_17_SEA_CHI,2024,17,122.0,225.0879555273963,3,227.4716222585819,228.3478567477431
00-0023459,2024_18_MIA_NYJ,2024,18,274.0,206.81783122455505,3,205.30908261348696,212.26346314639324
00-0026158,2024_18_JAX_IND,2024,18,264.0,253.84690746422754,3,262.77293393370843,253.5791854181522
00-0029263,2024_18_CIN_PIT,2024,18,148.0,228.09066343649383,3,245.1895331342841,228.04045102662317
00-0030565,2024_18_SEA_LA,2024,18,223.0,241.35505679613928,3,231.7964814172177,245.89908604170785
00-0031345,2024_18_SEA_LA,2024,18,334.0,207.10743343802392,3,206.59198480981237,212.3231114256858
00-0032268,2024_18_WAS_DAL,2024,18,161.0,151.4402349187705,3,150.1093031296979,161.00020088348174
00-0032950,2024_18_KC_DEN,2024,18,98.0,190.3210616170907,3,199.7813929494419,194.70380441507496
00-0033106,2024_18_MIN_DET,2024,18,231.0,276.74080156401453,3,273.54799589030824,277.29742396274474
00-0033869,2024_18_BUF_NE,2024,18,101.0,102.90478456745807,3,153.10285404654255,105.30049554628876
00-0033949,2024_18_SF_ARI,2024,18,326.0,225.30694881821745,3,234.36360823995113,227.15145715707536
00-0034771,2024_18_HOU_TEN,2024,18,70.0,113.91250095660999,3,109.39013888799816,126.95496513579002
00-0034796,2024_18_CLE_BAL,2024,18,217.0,221.05497530676686,3,212.04333792311127,227.00622087849817
00-0034855,2024_18_NO_TB,2024,18,221.0,265.69393481190707,3,263.44772366809576,266.8802807081523
00-0034869,2024_18_MIN_DET,2024,18,166.0,283.4549300538172,3,286.16115246648167,282.2714842419441
00-0035228,2024_18_SF_ARI,2024,18,242.0,230.169845924163,3,228.99401346935863,233.7950015181285
00-0035704,2024_18_NYG_PHI,2024,18,138.0,187.02698549865934,3,192.57273826518815,192.4773634392329
00-0035993,2024_18_MIA_NYJ,2024,18,227.0,185.4095674450721,3,211.0211755993121,186.77444877938467
00-0036264,2024_18_CHI_GB,2024,18,69.0,119.8604117103024,3,127.41966892121184,129.92408662512148
00-0036355,2024_18_LAC_LV,2024,18,346.0,249.0297554114811,3,247.9541156096936,251.2199939743689
00-0036442,2024_18_CIN_PIT,2024,18,277.0,256.5258060763298,3,266.6271858323537,255.81083951950052
00-0036898,2024_18_HOU_TEN,2024,18,128.0,164.1878831356797,3,186.53705355423656,167.82769807214464
00-0036972,2024_18_JAX_IND,2024,18,225.0,235.33198655875472,3,250.7260190278844,235.09631268966191
00-0037012,2024_18_WAS_DAL,2024,18,244.0,229.12156485622194,3,244.02967614056985,229.45335327764465
00-0038108,2024_18_CLE_BAL,2024,18,170.0,181.93506607455348,3,199.81509879307552,185.18133210601485
00-0038128,2024_18_CHI_GB,2024,18,136.0,126.80747449622748,3,152.29664562577233,132.59137515449098
00-0038400,2024_18_NYG_PHI,2024,18,269.0,189.58046791067753,3,190.77873966890516,195.75085118185967
00-0038579,2024_18_LAC_LV,2024,18,214.0,228.67075122874706,3,258.46947033708204,225.91456052928908
00-0039150,2024_18_CAR_ATL,2024,18,251.0,239.18772904931492,3,238.0462444102737,242.12962043150085
00-0039152,2024_18_HOU_TEN,2024,18,175.0,120.17815863443147,3,127.59964593130314,130.2468954189188
00-0039376,2024_18_NO_TB,2024,18,240.0,209.61173096750102,3,207.99776067325368,214.86996596811667
00-0039398,2024_18_BUF_NE,2024,18,241.0,182.75828756315812,3,188.01163783053804,188.5899876831133
00-0039732,2024_18_KC_DEN,2024,18,321.0,217.56178281309593,3,224.40463260530217,220.4510591687687
00-0039910,2024_18_WAS_DAL,2024,18,38.0,171.18373980045632,3,147.286242999356,183.99457165301595
00-0039917,2024_18_CAR_ATL,2024,18,312.0,238.27819433609787,3,265.8066697512501,235.2776920659867
00-0039918,2024_18_CHI_GB,2024,18,148.0,198.97011810418635,3,202.29571119160457,203.99057977266176
00-0026498,2024_19_MIN_LA,2024,19,209.0,245.64818381230256,3,259.23311391106625,245.01838660750653
00-0029263,2024_19_PIT_BAL,2024,19,270.0,214.78815799272758,3,218.22317533541957,218.59981371222696
00-0034796,2024_19_PIT_BAL,2024,19,175.0,218.5495728470831,3,207.5727595969301,225.10064026472995
00-0034855,2024_19_WAS_TB,2024,19,185.0,273.01202724284235,3,276.0571468725045,272.5404283705522
00-0034857,2024_19_DEN_BUF,2024,19,272.0,213.04240548252005,3,206.16143054743895,219.1476591220712
00-0034869,2024_19_MIN_LA,2024,19,245.0,270.27365131012357,3,271.58123797475486,270.37161538584036
00-0036264,2024_19_GB_PHI,2024,19,212.0,231.09497257176864,3,233.7426846275461,233.84917626439625
00-0036355,2024_19_LAC_HOU,2024,19,242.0,252.98539237212478,3,256.2412192727172,253.97099963314008
00-0036389,2024_19_GB_PHI,2024,19,131.0,217.1431762358345,3,216.1875069704966,221.69877392035949
00-0039163,2024_19_LAC_HOU,2024,19,282.0,226.04528097999446,3,218.07149671756855,231.4048242971782
00-0039732,2024_19_DEN_BUF,2024,19,144.0,225.56299647661498,3,242.71888653515705,225.6903270139004
00-0039910,2024_19_WAS_TB,2024,19,268.0,240.67298814587897,3,239.97880063899456,243.40975622297609
00-0026498,2024_20_LA_PHI,2024,20,324.0,231.94356647676904,3,226.49826682089972,236.33083012006745
00-0033106,2024_20_WAS_DET,2024,20,313.0,263.0750757795082,3,254.819513786812,265.7175997752655
00-0033873,2024_20_HOU_KC,2024,20,177.0,229.9711684495451,3,223.31083475780085,234.76102979895757
00-0034796,2024_20_BAL_BUF,2024,20,254.0,230.21847960717935,3,222.57466733890135,235.19598390510365
00-0034857,2024_20_BAL_BUF,2024,20,127.0,229.91296817607025,3,222.3061517143629,234.9056203425488
00-0036389,2024_20_LA_PHI,2024,20,128.0,220.65017656585937,3,224.73423712755672,223.8862913912445
00-0039163,2024_20_HOU_KC,2024,20,245.0,212.62674198622736,3,205.1384365282679,218.8904828019821
00-0039910,2024_20_WAS_DET,2024,20,299.0,247.92457591460365,3,264.0712605332233,246.5870544572646
00-0033873,2024_21_BUF_KC,2024,21,245.0,246.4605628942211,3,247.65554541977548,248.36738178795684
00-0034857,2024_21_BUF_KC,2024,21,237.0,228.49170586702198,3,221.81475775145205,233.3959644795683
00-0036389,2024_21_WAS_PHI,2024,21,246.0,208.72430122538643,3,212.09950385918708,213.00309929558293
00-0039910,2024_21_WAS_PHI,2024,21,255.0,211.0414459410768,3,216.26377658958847,214.75928411118468
00-0033873,2024_22_KC_PHI,2024,22,257.0,254.15809884064478,3,258.0324358658763,254.92612026252368
00-0036389,2024_22_KC_PHI,2024,22,221.0,235.46473368953005,3,242.7462551945231,236.91987418155068
00-0023459,2025_01_PIT_NYJ,2025,1,244.0,201.68428821658603,4,177.8555812742896,213.5367039622955
00-0026158,2025_01_CIN_CLE,2025,1,290.0,232.71484615437825,4,228.49580278151797,237.44126502114503
00-0026498,2025_01_HOU_LA,2025,1,245.0,234.9719374636727,4,234.1796322954693,238.71554848160577
00-0029263,2025_01_NYG_WAS,2025,1,168.0,239.5117392216247,4,246.63210197201943,241.04167053694545
00-0030565,2025_01_LV_NE,2025,1,362.0,234.80098662369437,4,243.28529311524397,236.40477962529505
00-0033077,2025_01_DAL_PHI,2025,1,188.0,240.58600139005316,4,253.64468417225223,240.64801300181287
00-0033106,2025_01_DET_GB,2025,1,225.0,234.8535137938662,4,229.0262033339463,239.77605088933947
00-0033873,2025_01_KC_LAC,2025,1,258.0,254.5692258468254,4,253.4940859620059,256.75371805238143
00-0034796,2025_01_BAL_BUF,2025,1,209.0,238.10522330703967,4,237.72202973285272,241.49406263837463
00-0034855,2025_01_TB_ATL,2025,1,167.0,251.69763612159025,4,259.24571833726424,252.11793201116396
00-0034857,2025_01_BAL_BUF,2025,1,394.0,240.79352854427603,4,226.35565252130388,247.2229230624335
00-0034869,2025_01_SF_SEA,2025,1,150.0,224.74089804706207,4,210.6076893793191,232.43045783356752
00-0035228,2025_01_ARI_NO,2025,1,163.0,241.62908570566466,4,258.52044270861376,240.7146849059756
00-0035710,2025_01_MIA_IND,2025,1,272.0,253.68462594365465,4,271.9920432164163,251.44190875794945
00-0036212,2025_01_MIA_IND,2025,1,114.0,202.67554129663972,4,209.48759160428276,207.33111439566775
00-0036264,2025_01_DET_GB,2025,1,188.0,239.84152757972194,4,245.95177079572775,241.57866210201712
00-0036355,2025_01_KC_LAC,2025,1,318.0,251.03105459461872,4,247.68992945077937,254.0350456269028
00-0036389,2025_01_DAL_PHI,2025,1,152.0,242.97565849244327,4,260.2786419051807,241.85403669609389
00-0036442,2025_01_CIN_CLE,2025,1,113.0,227.2923515844312,4,235.1087620761695,229.67376084873257
00-0036945,2025_01_PIT_NYJ,2025,1,218.0,199.85675758122193,4,177.1968018726761,211.58931282370216
00-0036971,2025_01_CAR_JAX,2025,1,178.0,249.96701218245087,4,272.9421072546355,246.9487029498834
00-0037834,2025_01_SF_SEA,2025,1,277.0,229.40534671610993,4,223.7332002129894,234.7435575406878
00-0039150,2025_01_CAR_JAX,2025,1,154.0,231.43154274382823,4,248.59691982519257,231.2989838438827
00-0039163,2025_01_HOU_LA,2025,1,188.0,234.42639830017714,4,234.58996933973623,237.9932888770811
00-0039376,2025_01_ARI_NO,2025,1,214.0,245.56737810919194,4,267.5615573734426,243.14160285352983
00-0039732,2025_01_TEN_DEN,2025,1,176.0,223.86838527577765,4,210.77452384874547,231.3889520477416
00-0039851,2025_01_LV_NE,2025,1,287.0,234.82841683360917,4,242.60832986133033,236.59349291214608
00-0039910,2025_01_NYG_WAS,2025,1,233.0,243.22860368601582,4,254.0675790629219,243.58692674784183
00-0039917,2025_01_TB_ATL,2025,1,298.0,250.02445663517855,4,260.3113510642586,249.9475331655889
00-0039918,2025_01_MIN_CHI,2025,1,210.0,223.90762332589443,4,216.0316005490087,230.2133760621294
00-0039923,2025_01_MIN_CHI,2025,1,143.0,220.3765421444636,4,214.5078169809113,226.508967027156
00-0040676,2025_01_TEN_DEN,2025,1,112.0,220.11225371136447,4,210.87506954407397,227.04873292631655
00-0023459,2025_02_SEA_PIT,2025,2,203.0,240.46591463693986,4,255.72810363991636,240.02623736819197
00-0026158,2025_02_CLE_BAL,2025,2,199.0,245.70516596855728,4,272.58269637573505,242.1340726441231
00-0026498,2025_02_LA_TEN,2025,2,298.0,240.74220581077932,4,239.5846574111011,244.0922175511141
00-0028118,2025_02_BUF_NYJ,2025,2,56.0,74.8547297062042,4,73.8428573563224,91.92448333376925
00-0029263,2025_02_NYG_DAL,2025,2,450.0,207.6424125491037,4,206.37462679097024,213.7622922157631
00-0030565,2025_02_LAC_LV,2025,2,180.0,269.3570796462294,4,275.0902620290593,268.734660801891
00-0033077,2025_02_NYG_DAL,2025,2,361.0,253.63242166303283,4,257.38818074584833,254.77286834893343
00-0033106,2025_02_CHI_DET,2025,2,334.0,256.9924222750543,4,277.4373313967848,253.97914206602985
00-0033873,2025_02_PHI_KC,2025,2,187.0,261.03253171427855,4,242.86733406722303,266.6493992866974
00-0034796,2025_02_CLE_BAL,2025,2,225.0,207.93729985856731,4,200.60447171621055,215.44100880721447
00-0034855,2025_02_TB_HOU,2025,2,215.0,219.33569987573864,4,228.1869997260253,222.1364902101276
00-0034857,2025_02_BUF_NYJ,2025,2,148.0,264.4379171014027,4,265.9715597736314,265.1984571672542
00-0034869,2025_02_SEA_PIT,2025,2,295.0,226.77344916921237,4,235.17931709910883,229.0610105093617
00-0035100,2025_02_JAX_CIN,2025,2,241.0,103.17873403084764,4,123.76021541101582,112.88628371147796
00-0035228,2025_02_CAR_ARI,2025,2,220.0,221.6850111649133,4,234.0485004331673,223.47550635963825
00-0035710,2025_02_DEN_IND,2025,2,316.0,244.57911716833675,4,273.0837222199358,240.72358334640583
00-0036212,2025_02_NE_MIA,2025,2,315.0,224.84548972045633,4,226.3375535670902,228.89825338204628
00-0036264,2025_02_WAS_GB,2025,2,292.0,247.65181401282146,4,253.80415698888223,248.7316299862756
00-0036355,2025_02_LAC_LV,2025,2,242.0,273.1116280438447,4,264.6964201793764,275.46312178449773
00-0036389,2025_02_PHI_KC,2025,2,101.0,237.73336299651433,4,248.17091695958857,238.640499466625
00-0036945,2025_02_BUF_NYJ,2025,2,27.0,123.6522590131681,4,160.69057892491176,127.8411581316217
00-0036971,2025_02_JAX_CIN,2025,2,271.0,244.64408088565645,4,264.86185392720915,242.70732957130477
00-0036972,2025_02_SF_NO,2025,2,279.0,215.59724943909154,4,226.13911711186597,218.31544806595232
00-0039150,2025_02_CAR_ARI,2025,2,328.0,204.48525002132308,4,211.951500227057,208.83887940482228
00-0039163,2025_02_TB_HOU,2025,2,207.0,226.43220751348235,4,255.75705635117697,223.89075883845695
00-0039376,2025_02_SF_NO,2025,2,207.0,208.45281370795433,4,218.600782551549,211.85481216634656
00-0039732,2025_02_DEN_IND,2025,2,206.0,221.80024403650688,4,243.04207899415235,221.51966973875167
00-0039851,2025_02_NE_MIA,2025,2,230.0,243.08524250911202,4,236.6032738959641,247.4773040361232
00-0039910,2025_02_WAS_GB,2025,2,200.0,231.8217969966057,4,254.63658496803785,230.345112339814
00-0039917,2025_02_ATL_MIN,2025,2,135.0,276.9600008108424,4,271.13762833305503,278.39038395646355
00-0039918,2025_02_CHI_DET,2025,2,207.0,213.07513229219632,4,200.34182855262443,221.40683701535175
00-0039923,2025_02_ATL_MIN,2025,2,158.0,227.2736068997077,4,221.0240391918743,232.922633021108
00-0040676,2025_02_LA_TEN,2025,2,175.0,221.0630183041543,4,229.1427655410692,223.8997497379351
00-0023459,2025_03_PIT_NE,2025,3,139.0,249.27897211863987,4,248.77340239176064,251.7698221837316
00-0026158,2025_03_GB_CLE,2025,3,142.0,220.3453385875884,4,224.22706809072184,224.2163347312359
00-0026498,2025_03_LA_PHI,2025,3,196.0,264.60027961539527,4,265.81192010593213,265.4221259580466
00-0028118,2025_03_NYJ_TB,2025,3,197.0,218.54721657811277,4,227.65700649939785,221.35335894624205
00-0029263,2025_03_KC_NYG,2025,3,160.0,254.71550363306434,4,238.87316096474345,260.31675233281345
00-0030565,2025_03_LV_WAS,2025,3,289.0,231.31197214829825,4,223.91311373135295,236.89304199802808
00-0032268,2025_03_LV_WAS,2025,3,207.0,203.3640003858682,4,198.3573784947143,210.70674148840715
00-0032950,2025_03_CIN_MIN,2025,3,173.0,167.71953633186686,4,190.3171255953414,171.60793963039723
00-0033077,2025_03_DAL_CHI,2025,3,251.0,250.50525560888852,4,256.3796334229883,251.4130379263962
00-0033106,2025_03_DET_BAL,2025,3,202.0,278.9587054024606,4,303.4219538252835,273.1911803002363
00-0033873,2025_03_KC_NYG,2025,3,224.0,243.71166397000152,4,239.94568276988895,247.42114831356997
00-0034796,2025_03_DET_BAL,2025,3,288.0,260.5813790012562,4,253.9704280073705,263.5528022651534
00-0034855,2025_03_NYJ_TB,2025,3,233.0,243.6299878986226,4,242.96114120435345,246.62710192778255
00-0034857,2025_03_MIA_BUF,2025,3,213.0,273.5571196635191,4,258.02657134129475,277.52383115895253
00-0034869,2025_03_NO_SEA,2025,3,218.0,140.1262703473865,4,181.6249456454437,141.91364908630052
00-0035100,2025_03_CIN_MIN,2025,3,140.0,227.17160907244605,4,245.71923959354316,227.0712834682508
00-0035228,2025_03_ARI_SF,2025,3,159.0,215.68530890336444,4,236.942080302176,215.9082496745796
00-0035710,2025_03_IND_TEN,2025,3,228.0,229.42089340690814,4,229.65568961498053,233.3862472713506
00-0036212,2025_03_MIA_BUF,2025,3,146.0,236.97629043511242,4,248.06897179666743,237.79407713645548
00-0036264,2025_03_GB_CLE,2025,3,183.0,238.49923367258734,4,239.95676281271437,241.42799768778153
00-0036355,2025_03_DEN_LAC,2025,3,300.0,250.34112008999264,4,254.6760800398797,251.61995726951776
00-0036389,2025_03_LA_PHI,2025,3,226.0,219.19228142562858,4,221.10836285186664,223.61529186731025
00-0036971,2025_03_HOU_JAX,2025,3,222.0,235.15826407693183,4,233.08329836669063,239.184255483923
00-0036972,2025_03_ARI_SF,2025,3,284.0,266.0868505098439,4,256.7635973476447,269.23160605121035
00-0039150,2025_03_ATL_CAR,2025,3,121.0,216.75996871604085,4,224.0668633957786,220.132914964182
00-0039163,2025_03_HOU_JAX,2025,3,204.0,203.1441792680651,4,211.43106535009085,207.4184472044084
00-0039376,2025_03_NO_SEA,2025,3,218.0,232.57682920871636,4,251.10282525892032,232.0333855621648
00-0039732,2025_03_DEN_LAC,2025,3,153.0,245.58571175103205,4,260.6616391137318,244.764806338712
00-0039851,2025_03_PIT_NE,2025,3,268.0,251.89813354671705,4,233.49696919910372,258.3271155805233
00-0039917,2025_03_ATL_CAR,2025,3,172.0,160.04688553074493,4,165.2877526173953,168.6015808310862
00-0039918,2025_03_DAL_CHI,2025,3,298.0,238.69018763099885,4,259.59906485476614,237.08659617112497
00-0040676,2025_03_IND_TEN,2025,3,219.0,221.53073871267426,4,232.45371120938856,223.6685066020362
00-0023459,2025_04_MIN_PIT,2025,4,200.0,243.40467093807231,4,254.45899433314472,243.69839350615308
00-0026158,2025_04_CLE_DET,2025,4,184.0,235.07429301682606,4,240.5018156053583,237.36519920622325
00-0026498,2025_04_IND_LA,2025,4,375.0,268.6355048525744,4,269.95895108371934,269.09683380800925
00-0030565,2025_04_CHI_LV,2025,4,117.0,262.36814863779034,4,262.5682790023512,263.6099272861593
00-0032268,2025_04_WAS_ATL,2025,4,156.0,213.25355372047417,4,222.9555313045008,216.3610849033612
00-0032950,2025_04_MIN_PIT,2025,4,350.0,251.70863350303475,4,253.1868661996742,253.53741190603472
00-0033077,2025_04_GB_DAL,2025,4,319.0,267.8038142857656,4,274.6526057564604,267.05113526383616
00-0033106,2025_04_CLE_DET,2025,4,168.0,249.0297224027614,4,252.57387458799565,250.60090860975944
00-0033873,2025_04_BAL_KC,2025,4,270.0,238.23583874928883,4,234.5458985673799,242.38166195490408
00-0034796,2025_04_BAL_KC,2025,4,147.0,138.39367607650246,4,178.1098663380024,140.73858825367552
00-0034855,2025_04_PHI_TB,2025,4,289.0,234.92169821836256,4,243.07773582824584,236.5917058356331
00-0034857,2025_04_NO_BUF,2025,4,209.0,259.0940073349824,4,256.52149235949327,261.25103875082334
00-0034869,2025_04_SEA_ARI,2025,4,242.0,237.74482272562759,4,229.20400033884863,243.05771064428936
00-0035100,2025_04_CIN_DEN,2025,4,125.0,206.97612545883598,4,218.80332434416752,210.1106443206356
00-0035228,2025_04_SEA_ARI,2025,4,200.0,226.37761804556342,4,241.812107142177,227.06598019370975
00-0035710,2025_04_IND_LA,2025,4,262.0,264.68560990340734,4,274.2560205914449,263.55950925686784
00-0036212,2025_04_NYJ_MIA,2025,4,177.0,220.1246933034736,4,212.55674928546105,226.67255041133907
00-0036264,2025_04_GB_DAL,2025,4,337.0,249.64422713349435,4,252.85481917424568,251.24191666319655
00-0036355,2025_04_LAC_NYG,2025,4,203.0,269.3677693810513,4,257.50273302125095,272.83069885888756
00-0036389,2025_04_PHI_TB,2025,4,130.0,224.88166916686419,4,230.48723246145045,227.97629543598447
00-0036945,2025_04_NYJ_MIA,2025,4,226.0,197.95526297222065,4,197.02345170578465,204.80028276371928
00-0036971,2025_04_JAX_SF,2025,4,174.0,223.9279620561231,4,227.12720710327457,227.66039652267995
00-0037834,2025_04_JAX_SF,2025,4,309.0,252.4078304279228,4,267.78815739380013,250.95062952876177
00-0039150,2025_04_CAR_NE,2025,4,150.0,169.10717014589787,4,174.27787928382384,176.92697656117574
00-0039163,2025_04_TEN_HOU,2025,4,233.0,216.1730852693487,4,234.27788531284247,217.08745987222233
00-0039376,2025_04_NO_BUF,2025,4,126.0,241.8325094574436,4,244.79967665935948,244.1343830608884
00-0039732,2025_04_CIN_DEN,2025,4,326.0,225.00806935729355,4,240.20499426703373,225.86514087341652
00-0039851,2025_04_CAR_NE,2025,4,203.0,230.61194854344453,4,226.58911520005157,235.46715741174705
00-0039917,2025_04_WAS_ATL,2025,4,313.0,225.79498990689584,4,227.25315979517035,229.77690148198684
00-0039918,2025_04_CHI_LV,2025,4,212.0,244.7509059719604,4,257.70877763416985,244.49101737737487
00-0040676,2025_04_TEN_HOU,2025,4,108.0,209.01558222656868,4,208.4597935323304,214.8562909340764
00-0040691,2025_04_LAC_NYG,2025,4,111.0,208.3416443416786,4,227.9567688899076,209.5546248107593
00-0026498,2025_05_SF_LA,2025,5,389.0,282.0318283041528,4,282.6613298803911,281.54361239323566
00-0030565,2025_05_LV_IND,2025,5,228.0,237.85971297991634,4,242.64830266705343,240.0680403564435
00-0032950,2025_05_MIN_CLE,2025,5,236.0,219.34656172580634,4,226.67892994487391,222.49914124297123
00-0033077,2025_05_DAL_NYJ,2025,5,237.0,271.7086577044365,4,267.82646934821463,273.12392169752627
00-0033106,2025_05_DET_CIN,2025,5,258.0,260.73597521826537,4,275.8388806342853,258.65271218849875
00-0033662,2025_05_HOU_BAL,2025,5,179.0,206.6204391305392,4,217.34381213364344,210.04075146216076
00-0033873,2025_05_KC_JAX,2025,5,318.0,250.41129104855244,4,244.34571261242996,254.09927300574176
00-0034855,2025_05_TB_SEA,2025,5,379.0,220.08378503273852,4,224.25522652961257,223.90919638100635
00-0034857,2025_05_NE_BUF,2025,5,253.0,246.29081204552003,4,262.10924510215773,245.23904066921983
00-0034869,2025_05_TB_SEA,2025,5,341.0,232.1329369594894,4,241.5948107793939,233.7309481856382
00-0035100,2025_05_DET_CIN,2025,5,251.0,238.53647764124375,4,249.68931594861257,239.21094256045768
00-0035228,2025_05_TEN_ARI,2025,5,220.0,210.88728343631934,4,231.49012608179572,211.65986336246115
00-0035710,2025_05_LV_IND,2025,5,212.0,252.37693273319096,4,266.3914905908748,251.23941954654097
00-0036212,2025_05_MIA_CAR,2025,5,256.0,238.85390515719214,4,248.52196413113552,239.84681217752268
00-0036355,2025_05_WAS_LAC,2025,5,166.0,265.7189476672173,4,279.9717316408149,263.4199460298614
00-0036389,2025_05_DEN_PHI,2025,5,280.0,215.05022641569516,4,227.86297281767872,217.2864894061529
00-0036945,2025_05_DAL_NYJ,2025,5,283.0,229.94943745839834,4,223.5166336576215,235.4191597766782
00-0036971,2025_05_KC_JAX,2025,5,221.0,232.8047238250412,4,239.20938656558684,235.0569098040603
00-0036972,2025_05_SF_LA,2025,5,342.0,260.09917576081625,4,257.9863038157452,262.06614241591564
00-0039150,2025_05_MIA_CAR,2025,5,198.0,233.46651082989808,4,241.5628353539037,235.2710317353563
00-0039163,2025_05_HOU_BAL,2025,5,244.0,175.99133265243177,4,187.1010416272446,181.86136840095497
00-0039376,2025_05_NYG_NO,2025,5,225.0,233.85788958691768,4,232.37188780885228,237.85493873993116
00-0039732,2025_05_DEN_PHI,2025,5,242.0,244.4787263969193,4,260.18836345272666,243.6024552446792
00-0039851,2025_05_NE_BUF,2025,5,273.0,262.5566101047998,4,278.2751242275264,260.17945819938683
00-0039910,2025_05_WAS_LAC,2025,5,231.0,232.66990527011993,4,229.9476744061795,237.05249638323295
00-0040676,2025_05_TEN_ARI,2025,5,265.0,210.65011413131884,4,221.1998935134684,213.77663780778465
00-0040691,2025_05_NYG_NO,2025,5,202.0,205.11441252470232,4,217.9056338875985,208.17944208596555
00-0040704,2025_05_MIN_CLE,2025,5,190.0,163.39652810948135,4,161.00130411269845,173.44657703950764
00-0023459,2025_06_CLE_PIT,2025,6,235.0,209.96241394162456,4,209.90469220638545,215.6089726481686
00-0026158,2025_06_CIN_GB,2025,6,219.0,195.2997583880146,4,204.24858378395624,200.07069992583192
00-0026498,2025_06_LA_BAL,2025,6,181.0,266.40005220971796,4,274.5494086166005,265.46177184669654
00-0030565,2025_06_TEN_LV,2025,6,174.0,231.65809467255426,4,239.8681831746204,233.58613404903343
00-0033077,2025_06_DAL_CAR,2025,6,261.0,274.5566379052318,4,260.4196700933059,278.11689661842934
00-0033106,2025_06_DET_KC,2025,6,203.0,249.08074553583597,4,250.59986808324496,251.11790508562217
00-0033119,2025_06_ARI_IND,2025,6,320.0,230.16093547691403,4,238.97480821434272,232.0729066116197
00-0033662,2025_06_LA_BAL,2025,6,72.0,110.18701172151401,4,131.8605068580337,119.05995086162636
00-0033873,2025_06_DET_KC,2025,6,257.0,253.74943733052626,4,236.26240842640163,259.8126710702192
00-0034855,2025_06_SF_TB,2025,6,256.0,258.9366961324913,4,245.7030179987988,263.58224865678335
00-0034857,2025_06_BUF_ATL,2025,6,180.0,239.27424838181892,4,242.28601829863825,241.77786832313592
00-0034869,2025_06_SEA_JAX,2025,6,295.0,250.63402590409996,4,258.1654139701461,251.14638098276035
00-0035710,2025_06_ARI_IND,2025,6,212.0,263.3508805333705,4,272.4434203610267,262.446400648647
00-0036212,2025_06_LAC_MIA,2025,6,205.0,258.26080554563885,4,273.6822652801377,256.3087893826282
00-0036264,2025_06_CIN_GB,2025,6,259.0,246.65899453776214,4,241.6210248511402,250.41946914390465
00-0036355,2025_06_LAC_MIA,2025,6,264.0,260.03981605561626,4,259.36972169832,261.6766970955526
00-0036389,2025_06_PHI_NYG,2025,6,283.0,217.0839758157051,4,223.91277996197311,220.5410696257395
00-0036945,2025_06_DEN_NYJ,2025,6,45.0,213.32915402173737,4,226.76006793835975,215.56457345440677
00-0036971,2025_06_SEA_JAX,2025,6,258.0,249.96375631021957,4,252.4208673549712,251.7099092039001
00-0036972,2025_06_SF_TB,2025,6,347.0,266.6032853530935,4,262.365286638222,268.5244484535715
00-0039150,2025_06_DAL_CAR,2025,6,199.0,231.41503455130947,4,240.50510404298268,233.15889780728932
00-0039376,2025_06_NE_NO,2025,6,227.0,244.231705256362,4,227.7323506445816,250.85471084758584
00-0039732,2025_06_DEN_NYJ,2025,6,174.0,245.10808497971826,4,252.9596598371828,246.0042443115484
00-0039851,2025_06_NE_NO,2025,6,261.0,265.4523768377386,4,276.147481202729,264.0015550163762
00-0039910,2025_06_CHI_WAS,2025,6,211.0,229.07697528007466,4,231.26625450741804,232.6170200742309
00-0039917,2025_06_BUF_ATL,2025,6,250.0,237.6815106435469,4,241.00430628697157,240.24496399731345
00-0039918,2025_06_CHI_WAS,2025,6,252.0,222.53433771714376,4,227.14585494702777,226.05439236589044
00-0040676,2025_06_TEN_LV,2025,6,222.0,210.4178634798426,4,222.4729086601629,213.21412625170743
00-0040691,2025_06_PHI_NYG,2025,6,195.0,198.97383304055964,4,220.23562415406576,200.5811402602048
00-0040704,2025_06_CLE_PIT,2025,6,221.0,211.52089881409722,4,200.64867966343232,219.5493272552745
00-0023459,2025_07_PIT_CIN,2025,7,249.0,260.65106169492344,4,282.0509860640305,257.11269665044347
00-0026158,2025_07_PIT_CIN,2025,7,342.0,245.91838020262676,4,246.69027098148965,248.39123251599096
00-0026498,2025_07_LA_JAX,2025,7,182.0,256.40241720863173,4,254.6830176583705,258.58451578974035
00-0028118,2025_07_CAR_NYJ,2025,7,126.0,91.19062525633468,4,111.81517840738329,101.88209613964446
00-0030565,2025_07_LV_KC,2025,7,67.0,191.0882991697151,4,192.99825301646047,197.84280590134955
00-0032950,2025_07_PHI_MIN,2025,7,313.0,246.46305152419504,4,233.13915393374833,252.16373022824777
00-0033077,2025_07_WAS_DAL,2025,7,264.0,297.4100055542789,4,281.03598760582616,299.59494797787073
00-0033106,2025_07_TB_DET,2025,7,241.0,278.528364861726,4,271.3547197537139,280.1424764804976
00-0033119,2025_07_GB_ARI,2025,7,279.0,272.4944411188169,4,273.78976459853675,272.64235945699136
00-0033873,2025_07_LV_KC,2025,7,286.0,239.27902640406037,4,227.2107523596088,245.2837748908466
00-0034855,2025_07_TB_DET,2025,7,228.0,271.7573596493206,4,281.8939601532695,269.91348023046766
00-0034869,2025_07_HOU_SEA,2025,7,213.0,234.44576750057712,4,246.6235010839778,235.2214126669844
00-0035710,2025_07_IND_LAC,2025,7,288.0,255.13117891639249,4,264.78702597092104,254.77738875767892
00-0036212,2025_07_MIA_CLE,2025,7,100.0,152.75394169184761,4,183.84481064789065,155.91102280825686
00-0036264,2025_07_GB_ARI,2025,7,179.0,241.87221952250084,4,244.52724983359755,244.2432777162003
00-0036355,2025_07_IND_LAC,2025,7,420.0,267.8073995531031,4,276.88677767619964,266.53649015950265
00-0036389,2025_07_PHI_MIN,2025,7,326.0,216.87814236627983,4,227.7852696734459,219.4053316250421
00-0036945,2025_07_CAR_NYJ,2025,7,46.0,92.58127796293786,4,83.54473459491912,110.04463680490566
00-0036971,2025_07_LA_JAX,2025,7,296.0,232.07989283084237,4,245.79453108781368,232.69482734093788
00-0036972,2025_07_ATL_SF,2025,7,152.0,258.44890783738265,4,251.032797138387,261.78408698410095
00-0039150,2025_07_CAR_NYJ,2025,7,138.0,109.40992279686861,4,142.6598831537457,115.65928161811377
00-0039163,2025_07_HOU_SEA,2025,7,229.0,236.9493198561449,4,246.5429377769689,238.1174190769202
00-0039376,2025_07_NO_CHI,2025,7,233.0,244.23396176743117,4,239.0166277155607,248.23714112616736
00-0039732,2025_07_NYG_DEN,2025,7,279.0,243.08666588074325,4,251.5031336969944,244.0192532388331
00-0039851,2025_07_NE_TEN,2025,7,222.0,203.91272968515574,4,219.9325275068801,206.3277273048884
00-0039910,2025_07_WAS_DAL,2025,7,156.0,163.10057017092336,4,158.21966105260162,173.75232262667464
00-0039917,2025_07_ATL_SF,2025,7,241.0,240.22088792464896,4,235.6979717045196,244.3955462959138
00-0039918,2025_07_NO_CHI,2025,7,172.0,242.15604333376658,4,260.92285649905546,240.76247972639823
00-0040676,2025_07_NE_TEN,2025,7,255.0,192.5101447079789,4,189.2849742824695,200.33912253285783
00-0040691,2025_07_NYG_DEN,2025,7,283.0,205.25108793805782,4,222.34134854182935,207.3065665022236
00-0040704,2025_07_MIA_CLE,2025,7,116.0,188.0017858099843,4,189.41157042356596,195.12832957998904
00-0023459,2025_08_GB_PIT,2025,8,219.0,239.53911693496295,4,246.3727707965078,241.133351025354
00-0026158,2025_08_NYJ_CIN,2025,8,223.0,230.52642526897006,4,227.04012075623655,235.2641449821006
00-0027973,2025_08_BUF_CAR,2025,8,175.0,213.67403793613812,4,215.85145506909367,218.49387942601945
00-0029604,2025_08_MIA_ATL,2025,8,173.0,231.3269780203264,4,241.26175970282048,232.8820032319856
00-0032268,2025_08_WAS_KC,2025,8,213.0,197.96655418055929,4,200.26239110247107,204.06119108741763
00-0032950,2025_08_MIN_LAC,2025,8,144.0,249.24546660758736,4,250.4555012623246,251.34073824324776
00-0033077,2025_08_DAL_DEN,2025,8,188.0,248.08632348553598,4,242.05797999421807,251.95842041138235
00-0033873,2025_08_WAS_KC,2025,8,299.0,267.78437523675836,4,236.64893164192105,275.85309230727603
00-0034855,2025_08_TB_NO,2025,8,152.0,250.87924646348839,4,252.25590185359633,252.80037436530336
00-0034857,2025_08_BUF_CAR,2025,8,163.0,196.13992312505906,4,199.04890167193597,202.24363522987787
00-0035710,2025_08_TEN_IND,2025,8,272.0,247.5573344544653,4,259.8040241531991,247.2299011888196
00-0035993,2025_08_CHI_BAL,2025,8,186.0,210.70825351935113,4,207.0022106659947,217.14010068080975
00-0036212,2025_08_MIA_ATL,2025,8,205.0,219.53707027061716,4,239.15846843001893,219.82039229468035
00-0036264,2025_08_GB_PIT,2025,8,360.0,237.60986449113298,4,242.1305346734352,239.90111637581137
00-0036355,2025_08_MIN_LAC,2025,8,227.0,275.21392540396937,4,276.50896175631,275.136440648117
00-0036389,2025_08_NYG_PHI,2025,8,179.0,224.9350819504866,4,227.0307510071385,228.84026294124703
00-0036945,2025_08_NYJ_CIN,2025,8,244.0,200.89565766357228,4,200.15886763960347,207.45160909013725
00-0036972,2025_08_SF_HOU,2025,8,193.0,236.6221123727215,4,240.6805258472431,239.102591934466
00-0039163,2025_08_SF_HOU,2025,8,318.0,237.5450402206054,4,243.6971692340896,239.46284853688357
00-0039376,2025_08_TB_NO,2025,8,136.0,101.56121422371689,4,107.1829777290312,114.87645633877216
00-0039732,2025_08_DAL_DEN,2025,8,247.0,258.41704569743194,4,266.1841130940978,258.229394490952
00-0039851,2025_08_CLE_NE,2025,8,282.0,232.40718475745163,4,239.25080930479817,234.59040516832232
00-0039918,2025_08_CHI_BAL,2025,8,285.0,240.4832503165018,4,243.3344321272471,242.9239210011722
00-0040676,2025_08_TEN_IND,2025,8,259.0,224.016485948037,4,222.06314832233647,228.9379896618272
00-0040691,2025_08_NYG_PHI,2025,8,193.0,222.2848526322614,4,224.18942672502635,226.45413299676667
00-0040704,2025_08_CLE_NE,2025,8,156.0,205.54935784066774,4,201.1390779393732,212.5724449316684
00-0040743,2025_08_TB_NO,2025,8,128.0,100.75569313628642,4,123.06041026139944,110.26400644139736
00-0023459,2025_09_IND_PIT,2025,9,203.0,250.8782145310589,4,249.94369474445,253.33607343663567
00-0026158,2025_09_CHI_CIN,2025,9,470.0,270.16974627532636,4,272.4278631685458,270.2868460707692
00-0026498,2025_09_NO_LA,2025,9,281.0,267.90168201199685,4,261.56756051723386,270.20190748224934
00-0030565,2025_09_JAX_LV,2025,9,284.0,218.55143845933512,4,218.00150180587497,223.6001798978549
00-0033077,2025_09_ARI_DAL,2025,9,250.0,287.7611747833615,4,289.27333631841344,286.59299435682874
00-0033106,2025_09_MIN_DET,2025,9,284.0,242.8977887123294,4,229.7223452425062,248.859589403742
00-0033119,2025_09_ARI_DAL,2025,9,261.0,291.0753897039424,4,306.38565865738775,286.4285667311291
00-0033873,2025_09_KC_BUF,2025,9,250.0,270.44787731770145,4,280.6697546671433,268.692764853712
00-0034796,2025_09_BAL_MIA,2025,9,204.0,223.10428016342868,4,232.6266308244655,225.4368059569956
00-0034857,2025_09_KC_BUF,2025,9,273.0,255.8397711069235,4,248.9230603864712,259.2753125727461
00-0034869,2025_09_SEA_WAS,2025,9,330.0,223.95527128031347,4,213.59447306607356,230.83402829112603
00-0035710,2025_09_IND_PIT,2025,9,342.0,276.82447164636335,4,283.58238364847074,275.345000648395
00-0036212,2025_09_BAL_MIA,2025,9,261.0,253.72638044685183,4,258.8625756727415,254.5385054617871
00-0036264,2025_09_CAR_GB,2025,9,273.0,243.0424337078447,4,239.4328985489414,246.7710771408412
00-0036355,2025_09_LAC_TEN,2025,9,250.0,248.256917864357,4,241.80758401587428,252.21262322170563
00-0036898,2025_09_DEN_HOU,2025,9,137.0,112.98036316233771,4,149.30857539917105,118.21894276083177
00-0036971,2025_09_JAX_LV,2025,9,220.0,224.06859729027062,4,228.7768609939223,227.4389838522875
00-0036972,2025_09_SF_NYG,2025,9,235.0,265.9283182285096,4,280.67974428276955,263.49617522726555
00-0039150,2025_09_CAR_GB,2025,9,102.0,186.87168369079862,4,190.99226231845793,193.46248780354577
00-0039732,2025_09_DEN_HOU,2025,9,173.0,232.3185955840438,4,254.34839064548865,230.9829939968403
00-0039851,2025_09_ATL_NE,2025,9,259.0,242.341045786259,4,231.2085478325337,247.8746418710247
00-0039910,2025_09_SEA_WAS,2025,9,153.0,206.23907920848674,4,214.61512865807853,210.23604866854805
00-0039917,2025_09_ATL_NE,2025,9,221.0,237.0783046495226,4,238.1586737174649,240.21245152071768
00-0039918,2025_09_CHI_CIN,2025,9,280.0,246.50627523254744,4,253.8619500848831,247.4016579456003
00-0039923,2025_09_MIN_DET,2025,9,143.0,196.9974953911634,4,200.9903144465236,202.77844367958272
00-0040676,2025_09_LAC_TEN,2025,9,145.0,221.43848239617125,4,219.60798817288403,226.5452021086501
00-0040691,2025_09_SF_NYG,2025,9,191.0,221.75251345969642,4,221.46797819981504,226.4742318016281
00-0040743,2025_09_NO_LA,2025,9,176.0,181.99328995816344,4,191.6593857921752,187.70091041928427
00-0023459,2025_10_PIT_LAC,2025,10,161.0,256.67636837655766,4,268.9087950625751,255.59619680255915
00-0026498,2025_10_LA_SF,2025,10,280.0,277.63895701598585,4,264.7733438427364,280.6484603268674
00-0030565,2025_10_LV_DEN,2025,10,143.0,201.01283408800816,4,216.04287076572967,203.8980776955393
00-0032268,2025_10_DET_WAS,2025,10,213.0,212.99788419982502,4,223.6311774930124,215.9103649826462
00-0033106,2025_10_DET_WAS,2025,10,320.0,234.15498681683022,4,241.5661427139831,236.06152021615932
00-0033119,2025_10_ARI_SEA,2025,10,258.0,258.8819070395176,4,256.4085443202698,261.0335007325781
00-0034796,2025_10_BAL_MIN,2025,10,176.0,230.58111245653416,4,227.98453762878736,235.1077065057287
00-0034855,2025_10_NE_TB,2025,10,273.0,235.6240129403987,4,231.5155918025756,240.08354962231573
00-0034857,2025_10_BUF_MIA,2025,10,306.0,249.13132414763132,4,253.70245400787812,250.4556266275894
00-0034869,2025_10_ARI_SEA,2025,10,178.0,242.86075029474623,4,267.4240181624391,240.06284699284137
00-0035710,2025_10_ATL_IND,2025,10,255.0,258.34030012641995,4,254.01953620635385,260.9657569373405
00-0036212,2025_10_BUF_MIA,2025,10,173.0,238.79767919115463,4,238.37026708249311,242.139375050403
00-0036264,2025_10_PHI_GB,2025,10,176.0,249.8685804484957,4,256.47623523407435,250.65888495526224
00-0036355,2025_10_PIT_LAC,2025,10,220.0,272.25983129176905,4,262.89876147623096,274.90157194851344
00-0036389,2025_10_PHI_GB,2025,10,183.0,217.10127731269094,4,214.74726416258488,222.68914938623675
00-0036898,2025_10_JAX_HOU,2025,10,292.0,205.8523829906273,4,210.45473262348867,210.75765075536935
00-0036945,2025_10_CLE_NYJ,2025,10,54.0,196.98106033672767,4,212.99581914903115,199.9719258730034
00-0036971,2025_10_JAX_HOU,2025,10,158.0,216.0321992508141,4,218.49469812217689,220.5903330918744
00-0036972,2025_10_LA_SF,2025,10,319.0,252.41618404576118,4,230.75102859571837,259.5601004409476
00-0039150,2025_10_NO_CAR,2025,10,124.0,187.59519079413155,4,178.62797924078765,197.1649411319748
00-0039732,2025_10_LV_DEN,2025,10,150.0,232.09264214417544,4,232.77153782407055,235.7333658664592
00-0039851,2025_10_NE_TB,2025,10,270.0,237.09211122540947,4,229.84908971480505,242.15777074285836
00-0039917,2025_10_ATL_IND,2025,10,177.0,236.28497453080345,4,233.02758029660205,240.49210656306587
00-0039918,2025_10_NYG_CHI,2025,10,220.0,236.49653313338294,4,238.77927433458507,239.399728203939
00-0039923,2025_10_BAL_MIN,2025,10,248.0,208.92147587185002,4,206.53237593417785,215.19567423601512
00-0040691,2025_10_NYG_CHI,2025,10,242.0,143.58992508972992,4,154.57430403151983,152.17543075153384
00-0040704,2025_10_CLE_NYJ,2025,10,167.0,185.77652395059604,4,178.67542955928573,195.06375337341677
00-0040743,2025_10_NO_CAR,2025,10,282.0,143.37276759463234,4,152.68228583026195,152.36517339362405
00-0023459,2025_11_CIN_PIT,2025,11,116.0,119.16887855909968,4,141.4237407271602,127.16214891243072
00-0026158,2025_11_CIN_PIT,2025,11,199.0,235.0697137674821,4,242.15642698911307,236.9757423218351
00-0026498,2025_11_SEA_LA,2025,11,130.0,282.52339533975965,4,269.51515623082497,285.1610518399963
00-0029604,2025_11_CAR_ATL,2025,11,48.0,98.55082569320727,4,103.42733977459817,112.28870003246698
00-0030565,2025_11_DAL_LV,2025,11,238.0,235.27804125672031,4,228.70473325560255,240.33859878400008
00-0031503,2025_11_GB_NYG,2025,11,201.0,195.22069933889836,4,200.831915453079,200.77317484358292
00-0032268,2025_11_WAS_MIA,2025,11,213.0,212.61558535425465,4,227.7070560066082,214.5245915628406
00-0033077,2025_11_DAL_LV,2025,11,268.0,266.3877158970074,4,278.3677534737104,264.56098978570884
00-0033106,2025_11_DET_PHI,2025,11,255.0,247.98124418387945,4,245.63846864076535,251.00627928937453
00-0033119,2025_11_SF_ARI,2025,11,452.0,272.11831158579844,4,275.92575407989654,271.7141106665432
00-0033873,2025_11_KC_DEN,2025,11,276.0,243.92144299380462,4,244.2387395302053,246.6654143330112
00-0034771,2025_11_CIN_PIT,2025,11,127.0,77.78218610682663,4,86.45490418373508,92.36050481986985
00-0034796,2025_11_BAL_CLE,2025,11,193.0,187.08967485702684,4,192.1577276454977,193.44240590208517
00-0034855,2025_11_TB_BUF,2025,11,173.0,211.14157431775095,4,213.6451499779532,216.09564719275275
00-0034857,2025_11_TB_BUF,2025,11,317.0,205.51952634947872,4,207.95082310475956,210.95650055157896
00-0034869,2025_11_SEA_LA,2025,11,279.0,244.32910208123607,4,237.84808383084624,248.61781576576624
00-0036212,2025_11_WAS_MIA,2025,11,171.0,245.58556413267908,4,242.11719590611563,249.07058074094337
00-0036264,2025_11_GB_NYG,2025,11,174.0,212.29534012692963,4,204.1802647227174,219.61936287179873
00-0036355,2025_11_LAC_JAX,2025,11,81.0,191.22483994132617,4,175.2875730170518,202.11207806477023
00-0036389,2025_11_DET_PHI,2025,11,135.0,213.43184251248607,4,204.8254308066791,220.77572524859124
00-0036898,2025_11_HOU_TEN,2025,11,274.0,208.48319629173497,4,216.61913537790193,212.34986086133625
00-0036945,2025_11_NYJ_NE,2025,11,116.0,177.59986658452127,4,181.25517452245265,185.067421878336
00-0036971,2025_11_LAC_JAX,2025,11,153.0,197.18309868267747,4,193.09116930550744,204.82590438811985
00-0037834,2025_11_SF_ARI,2025,11,200.0,243.76896418667795,4,241.4023210366293,247.14877723929013
00-0039150,2025_11_CAR_ATL,2025,11,448.0,213.60168281130314,4,222.9909423718165,216.75296280340137
00-0039732,2025_11_KC_DEN,2025,11,295.0,234.80672332144803,4,246.0906630790225,235.75997727622533
00-0039851,2025_11_NYJ_NE,2025,11,281.0,233.41472873838862,4,226.34604182721557,238.74479663344889
00-0039917,2025_11_CAR_ATL,2025,11,175.0,122.20326069897845,4,136.33047794383884,131.8321594107289
00-0039918,2025_11_CHI_MIN,2025,11,193.0,236.72440746757817,4,232.47100289311624,241.1263760854628
00-0039923,2025_11_CHI_MIN,2025,11,150.0,210.67273868400676,4,204.71046517407183,217.6314178993258
00-0040668,2025_11_BAL_CLE,2025,11,47.0,49.565663789861375,4,79.70043498506857,61.499985403005155
00-0040676,2025_11_HOU_TEN,2025,11,194.0,207.42804499127425,4,203.6345876741597,214.15214829318927
00-0040704,2025_11_BAL_CLE,2025,11,68.0,57.08270996940449,4,83.26077327299052,69.31253211734102
00-0026158,2025_12_NE_CIN,2025,12,183.0,249.00068154733268,4,246.0845601522664,252.0743246727796
00-0026498,2025_12_TB_LA,2025,12,273.0,292.6413160171053,4,303.4416642217331,288.91184883485175
00-0028118,2025_12_NYJ_BAL,2025,12,222.0,183.0008607398383,4,191.5164465042187,188.89208824423977
00-0029604,2025_12_ATL_NO,2025,12,199.0,230.02177121016095,4,245.74944798306487,230.3399232259947
00-0030565,2025_12_CLE_LV,2025,12,285.0,206.29552674116925,4,199.45650192165664,213.8206943650784
00-0031237,2025_12_TB_LA,2025,12,62.0,86.0662500522211,4,88.0149878699614,101.5190259667346
00-0031503,2025_12_NYG_DET,2025,12,366.0,244.56209522468774,4,250.1560076247009,246.0277420415563
00-0033077,2025_12_PHI_DAL,2025,12,354.0,278.8281646757073,4,277.5006004650573,279.05998405272044
00-0033106,2025_12_NYG_DET,2025,12,279.0,266.1191233087608,4,253.51370795117785,270.0233078158654
00-0033119,2025_12_JAX_ARI,2025,12,317.0,275.0871586549599,4,275.437810349448,275.23946627022303
00-0033873,2025_12_IND_KC,2025,12,352.0,262.81726925172313,4,271.25721719927316,262.10855972505857
00-0034771,2025_12_PIT_CHI,2025,12,171.0,244.12092287188224,4,247.58223682426848,246.1183275133343
00-0034796,2025_12_NYJ_BAL,2025,12,153.0,220.66798246504646,4,217.071854983083,226.2485564075064
00-0034855,2025_12_TB_LA,2025,12,41.0,123.72471944072564,4,132.9882484336291,134.3568040765719
00-0034857,2025_12_BUF_HOU,2025,12,253.0,234.77364278045042,4,250.18606015643385,234.77102375002963
00-0034869,2025_12_SEA_TEN,2025,12,244.0,236.39825673601567,4,228.9545877793144,241.56803256426
00-0035710,2025_12_IND_KC,2025,12,181.0,247.18687482325603,4,255.1240686973523,247.89080335006113
00-0036264,2025_12_MIN_GB,2025,12,139.0,210.02175073167683,4,215.77908698400955,214.31315714205024
00-0036389,2025_12_PHI_DAL,2025,12,289.0,230.5336649722009,4,224.93414505549228,235.76146444430177
00-0036898,2025_12_BUF_HOU,2025,12,153.0,218.47803861377687,4,217.93438577147705,223.53140648588928
00-0036971,2025_12_JAX_ARI,2025,12,256.0,231.59267317281348,4,235.84315764128084,234.44554048423117
00-0037834,2025_12_CAR_SF,2025,12,193.0,262.90690251986973,4,266.02179755892837,263.42721714824586
00-0039150,2025_12_CAR_SF,2025,12,169.0,221.82943046861712,4,224.8839215326901,225.7694634067083
00-0039851,2025_12_NE_CIN,2025,12,294.0,240.1820940118017,4,252.5925519164247,240.4281083585553
00-0039918,2025_12_PIT_CHI,2025,12,239.0,212.71409309103257,4,216.95649581824696,217.13404143205264
00-0039923,2025_12_MIN_GB,2025,12,87.0,169.05529191919197,4,180.88117415674068,175.3340954641628
00-0040668,2025_12_CLE_LV,2025,12,209.0,173.20751417361492,4,185.31830175348716,179.07590720255916
00-0040676,2025_12_SEA_TEN,2025,12,256.0,227.07875222944278,4,230.0927627736532,230.5929684816368
00-0040743,2025_12_ATL_NO,2025,12,243.0,213.50383732672694,4,229.47496830375997,215.13494590036964
00-0023459,2025_13_BUF_PIT,2025,13,117.0,184.98946563282445,4,184.03769834743852,192.91410061872065
00-0026498,2025_13_LA_CAR,2025,13,243.0,264.8365580117072,4,271.777923788219,264.3083959090553
00-0028118,2025_13_ATL_NYJ,2025,13,172.0,195.85337840809234,4,213.6469723457256,198.5247006834017
00-0029604,2025_13_ATL_NYJ,2025,13,234.0,203.65805212905772,4,207.1231891963044,209.00930582278673
00-0030565,2025_13_LV_LAC,2025,13,165.0,220.92220264332468,4,217.34043223366217,226.47836578755252
00-0032268,2025_13_DEN_WAS,2025,13,294.0,195.45604599490449,4,207.3560395643347,199.52878067098555
00-0033077,2025_13_KC_DAL,2025,13,320.0,283.3709629816567,4,285.4443704226275,282.43645168228915
00-0033106,2025_13_GB_DET,2025,13,256.0,267.210355924183,4,255.2873704634621,270.8656099718493
00-0033119,2025_13_ARI_TB,2025,13,301.0,263.82457304633135,4,259.39820787452584,266.0198543704159
00-0033873,2025_13_KC_DAL,2025,13,261.0,292.178162089285,4,320.5688908488262,284.4026799407056
00-0034796,2025_13_CIN_BAL,2025,13,246.0,204.17513206082776,4,206.83227920285012,209.6711271309786
00-0034855,2025_13_ARI_TB,2025,13,194.0,235.60309677083447,4,247.68622752679408,236.30475529781145
00-0034857,2025_13_BUF_PIT,2025,13,123.0,209.21497815998038,4,210.3628789031904,214.64356541009332
00-0034869,2025_13_MIN_SEA,2025,13,128.0,221.1137693500252,4,222.1291073193987,225.58662007621857
00-0035710,2025_13_HOU_IND,2025,13,201.0,240.1190099428242,4,239.49074380287144,243.39779305739995
00-0036212,2025_13_NO_MIA,2025,13,157.0,211.71698791716568,4,206.576168143686,218.3983512506133
00-0036264,2025_13_GB_DET,2025,13,234.0,244.58408638895284,4,243.81704016854005,247.52489858126253
00-0036355,2025_13_LV_LAC,2025,13,151.0,210.39819148220852,4,211.83262174239596,215.66214869614436
00-0036389,2025_13_CHI_PHI,2025,13,230.0,219.5513710839714,4,221.1922090588299,224.00852016223956
00-0036442,2025_13_CIN_BAL,2025,13,261.0,231.2523312997262,4,231.08138111562272,235.16005510910531
00-0036971,2025_13_JAX_TEN,2025,13,229.0,210.38197241523392,4,224.4837024999351,212.70597899486833
00-0037834,2025_13_SF_CLE,2025,13,168.0,165.8804196772872,4,180.4117646035233,171.79425135411526
00-0039150,2025_13_LA_CAR,2025,13,206.0,210.21046791231353,4,222.46575895378325,212.9774293744044
00-0039163,2025_13_HOU_IND,2025,13,276.0,230.34008228844883,4,228.79986935374583,234.64137698952015
00-0039732,2025_13_DEN_WAS,2025,13,321.0,231.5845857754642,4,218.26863897544536,238.51697728077792
00-0039851,2025_13_NYG_NE,2025,13,282.0,245.66690132141574,4,253.63249418851393,246.49025522401485
00-0039918,2025_13_CHI_PHI,2025,13,154.0,196.29666989382676,4,200.02906520623512,202.1961922647084
00-0040494,2025_13_MIN_SEA,2025,13,126.0,196.1209824213076,4,202.09707726479755,201.5140929898917
00-0040668,2025_13_SF_CLE,2025,13,149.0,139.04720660827357,4,156.16288674408867,146.5856814618142
00-0040676,2025_13_JAX_TEN,2025,13,141.0,235.7688594805078,4,231.7787195871128,240.1889226560239
00-0040691,2025_13_NYG_NE,2025,13,139.0,209.908587184586,4,205.20918317615448,216.6373883019669
00-0040743,2025_13_NO_MIA,2025,13,239.0,208.98300851780448,4,216.5497183471689,212.9404068591525
00-0023459,2025_14_PIT_BAL,2025,14,284.0,234.92503340410002,4,241.07437052598408,237.06071217109437
00-0026498,2025_14_LA_ARI,2025,14,281.0,234.58690067038287,4,250.709380693735,234.43489059448143
00-0029604,2025_14_SEA_ATL,2025,14,162.0,232.30350932429272,4,248.5594787096464,232.30981729085943
00-0030565,2025_14_DEN_LV,2025,14,116.0,133.28340868585158,4,166.01522860641083,137.6737503990204
00-0033077,2025_14_DAL_DET,2025,14,376.0,279.50319296413556,4,284.0801706573109,278.30803586891216
00-0033106,2025_14_DAL_DET,2025,14,309.0,282.84014693765994,4,288.8919521575614,281.025877339914
00-0033119,2025_14_LA_ARI,2025,14,271.0,272.14669104777465,4,269.98413815426755,273.1263457888188
00-0033873,2025_14_HOU_KC,2025,14,160.0,230.98815877348176,4,231.56891584164345,234.74324150956733
00-0034796,2025_14_PIT_BAL,2025,14,219.0,209.6031315319038,4,223.31307430270053,212.08268245807935
00-0034855,2025_14_NO_TB,2025,14,122.0,231.08799406148526,4,241.68490847273696,232.5090886794604
00-0034857,2025_14_CIN_BUF,2025,14,251.0,216.8538955420554,4,223.07787723823472,220.4705023864365
00-0034869,2025_14_SEA_ATL,2025,14,249.0,222.01829572752894,4,220.38266641629227,227.03169685012804
00-0036212,2025_14_MIA_NYJ,2025,14,127.0,200.3505170005788,4,207.65399033644965,205.0847491518998
00-0036264,2025_14_CHI_GB,2025,14,234.0,241.92532393741575,4,248.73862496583052,243.3264458000791
00-0036355,2025_14_PHI_LAC,2025,14,139.0,234.44749964543445,4,241.39105152278043,236.43835683996244
00-0036389,2025_14_PHI_LAC,2025,14,240.0,219.26050786258037,4,235.2552836534801,220.40884632216088
00-0036442,2025_14_CIN_BUF,2025,14,284.0,226.5551245143171,4,226.4254797328108,230.8426981663192
00-0036971,2025_14_IND_JAX,2025,14,244.0,204.84231510533084,4,208.8480380053256,209.9698608970371
00-0039163,2025_14_HOU_KC,2025,14,203.0,224.88495000975195,4,236.690405115244,226.53971468228212
00-0039732,2025_14_DEN_LV,2025,14,212.0,234.00417288318536,4,246.8998138010461,234.64973507016697
00-0039910,2025_14_WAS_MIN,2025,14,78.0,137.00028825554463,4,131.31818896897514,150.00202246886954
00-0039918,2025_14_CHI_GB,2025,14,186.0,202.52786179756168,4,211.3297444236366,206.73364791188675
00-0039923,2025_14_WAS_MIN,2025,14,163.0,205.42397991978748,4,219.74727500679455,208.10760228477537
00-0040206,2025_14_IND_JAX,2025,14,145.0,133.4960008256284,4,144.7522515904157,142.8552562791381
00-0040398,2025_14_MIA_NYJ,2025,14,163.0,177.2434634765897,4,201.26240254956295,180.0122157279045
00-0040668,2025_14_TEN_CLE,2025,14,364.0,188.26664885637967,4,200.48063204992053,192.86254225907825
00-0040676,2025_14_TEN_CLE,2025,14,117.0,201.04402468287444,4,200.1806126294378,207.617076264656
00-0040743,2025_14_NO_TB,2025,14,144.0,217.3073327394811,4,206.5604542034258,224.8269100632325
00-0022942,2025_15_IND_SEA,2025,15,120.0,182.56832716129068,4,191.58551500105904,188.37894564316753
00-0023459,2025_15_MIA_PIT,2025,15,224.0,257.26693938540143,4,241.26028032544735,262.6948046554577
00-0026498,2025_15_DET_LA,2025,15,368.0,281.5761595220388,4,288.9029323518213,279.5706435985005
00-0029604,2025_15_ATL_TB,2025,15,373.0,236.92158272439022,4,234.07446357661004,240.98066999698725
00-0032268,2025_15_WAS_NYG,2025,15,211.0,215.98362691891725,4,221.3351156270458,219.874976190134
00-0033077,2025_15_MIN_DAL,2025,15,294.0,272.85164760889745,4,263.36423042833246,275.4736587003383
00-0033106,2025_15_DET_LA,2025,15,338.0,268.49572616504827,4,271.9231721376459,268.48010387741255
00-0033119,2025_15_ARI_HOU,2025,15,249.0,251.91785039332692,4,254.5235784660986,253.4674830034398
00-0033873,2025_15_LAC_KC,2025,15,189.0,232.19972872056192,4,242.510203542979,233.59516061678625
00-0034796,2025_15_BAL_CIN,2025,15,150.0,192.90501963522922,4,206.11314788463207,196.8855138584804
00-0034855,2025_15_ATL_TB,2025,15,277.0,229.12917372957705,4,235.20016692004475,231.76357265546784
00-0034857,2025_15_BUF_NE,2025,15,193.0,222.87341668535038,4,214.25860340568772,229.4364586163699
00-0034869,2025_15_IND_SEA,2025,15,271.0,232.9100416340408,4,229.6923211468401,237.38777394681583
00-0036212,2025_15_MIA_PIT,2025,15,253.0,223.0362623559205,4,228.26873888322808,226.3705187116117
00-0036264,2025_15_GB_DEN,2025,15,276.0,244.3383675386476,4,261.8398102711428,243.0576834329195
00-0036355,2025_15_LAC_KC,2025,15,210.0,222.50308709303988,4,231.89903721156256,224.914806902298
00-0036389,2025_15_LV_PHI,2025,15,175.0,140.86259781872786,4,165.6222006565243,146.47567270796205
00-0036442,2025_15_BAL_CIN,2025,15,225.0,237.39427601003328,4,244.25606721367825,239.159803373146
00-0036971,2025_15_NYJ_JAX,2025,15,330.0,196.48917565825252,4,202.3701340503023,201.8738499840734
00-0037834,2025_15_TEN_SF,2025,15,295.0,230.85654098183497,4,230.67906694157423,234.79859418946617
00-0038102,2025_15_LV_PHI,2025,15,64.0,145.60493109222207,4,170.3480205216005,150.82865814624253
00-0039150,2025_15_CAR_NO,2025,15,163.0,210.12591195484222,4,215.3452910517419,214.5335939176024
00-0039163,2025_15_ARI_HOU,2025,15,260.0,241.1498484303264,4,246.6282498813689,242.9252224395155
00-0039732,2025_15_GB_DEN,2025,15,302.0,241.87401909968335,4,251.41709747400995,242.64555143271684
00-0039851,2025_15_BUF_NE,2025,15,155.0,230.7107560224688,4,228.15205527491952,235.21780724438037
00-0039918,2025_15_CLE_CHI,2025,15,242.0,195.71999946595128,4,201.05313959408787,201.29564659833943
00-0039923,2025_15_MIN_DAL,2025,15,250.0,220.32745111462597,4,214.9027412543834,226.3608475442516
00-0040398,2025_15_NYJ_JAX,2025,15,176.0,184.36766321560566,4,178.9335950370207,193.3846232087457
00-0040668,2025_15_CLE_CHI,2025,15,177.0,197.8394067015422,4,216.01343410293143,200.2577342287052
00-0040676,2025_15_TEN_SF,2025,15,170.0,209.53830926012878,4,213.09050742655967,214.38182139416392
00-0040691,2025_15_WAS_NYG,2025,15,246.0,200.39401362372374,4,200.73944952017385,206.7402674199707
00-0040743,2025_15_CAR_NO,2025,15,272.0,230.3377637563452,4,246.1662150454324,230.60631770984244
00-0022942,2025_16_SF_IND,2025,16,277.0,236.3724806541978,4,243.767006996335,238.09902513817295
00-0023459,2025_16_PIT_DET,2025,16,266.0,255.4067578953957,4,250.62205253937813,258.383157112341
00-0026300,2025_16_PHI_WAS,2025,16,43.0,59.39379212849339,4,71.46235056502566,74.70817419902431
00-0026498,2025_16_LA_SEA,2025,16,457.0,241.01289684150683,4,248.37598807024685,242.36200809453305
00-0029604,2025_16_ATL_ARI,2025,16,197.0,228.2995734492829,4,232.05760258446543,231.53981453495769
00-0030565,2025_16_LV_HOU,2025,16,201.0,201.25967940587313,4,206.76228585040175,206.33668774282089
00-0032268,2025_16_PHI_WAS,2025,16,95.0,117.59521815942281,4,129.5417972684924,128.1125004188586
00-0033077,2025_16_LAC_DAL,2025,16,244.0,253.39585506306562,4,251.47203565491145,255.87469020773156
00-0033106,2025_16_PIT_DET,2025,16,364.0,273.5395710095196,4,256.35656894752975,277.8914304635232
00-0033119,2025_16_ATL_ARI,2025,16,203.0,287.33149315646506,4,296.3175622614112,284.4635263636088
00-0034796,2025_16_NE_BAL,2025,16,101.0,102.69427180454102,4,102.58781296573964,117.2456430906398
00-0034855,2025_16_TB_CAR,2025,16,145.0,223.6379528525709,4,229.3427067397724,226.81266276550832
00-0034857,2025_16_BUF_CLE,2025,16,130.0,184.7190541728585,4,178.93626295230086,193.78785275547557
00-0034869,2025_16_LA_SEA,2025,16,270.0,226.1567593346883,4,212.99128653045943,233.5042271367398
00-0035993,2025_16_NE_BAL,2025,16,65.0,81.74762213253983,4,99.064866171417,93.98994678822402
00-0036264,2025_16_GB_CHI,2025,16,77.0,93.7075227528772,4,97.99520362099445,107.98367523894709
00-0036355,2025_16_LAC_DAL,2025,16,300.0,248.85982982261933,4,256.7243111107695,249.4419388638306
00-0036389,2025_16_PHI_WAS,2025,16,185.0,210.85059917404408,4,227.30080973263176,212.59044478555575
00-0036442,2025_16_CIN_MIA,2025,16,309.0,214.1580663489078,4,218.6958778743445,218.38970357141156
00-0036971,2025_16_JAX_DEN,2025,16,279.0,238.8817865092059,4,241.96391427569617,241.4016082722117
00-0037324,2025_16_KC_TEN,2025,16,111.0,86.71673202378071,4,134.6277742203093,91.44331755176182
00-0037834,2025_16_SF_IND,2025,16,295.0,227.62996715109128,4,221.30235592069403,233.2675691825557
00-0038128,2025_16_GB_CHI,2025,16,121.0,94.75735491080897,4,122.57694592898746,103.48245331156365
00-0039150,2025_16_TB_CAR,2025,16,191.0,236.0817688286606,4,240.8613437944374,238.43959698530597
00-0039163,2025_16_LV_HOU,2025,16,187.0,237.94811340294595,4,234.02020607290024,242.17304663463983
00-0039732,2025_16_JAX_DEN,2025,16,352.0,262.5746981761706,4,259.2916364729704,264.6081349936787
00-0039851,2025_16_NE_BAL,2025,16,380.0,229.2141090966434,4,234.3807273704466,232.05145828101948
00-0039918,2025_16_GB_CHI,2025,16,250.0,221.1376603596248,4,228.5471462830627,224.12383523665824
00-0039923,2025_16_MIN_NYG,2025,16,108.0,71.05706102125542,4,114.0031477001382,78.2348168657742
00-0040234,2025_16_CIN_MIA,2025,16,260.0,219.17293908768445,4,221.7109200946171,223.453150638048
00-0040398,2025_16_NYJ_NO,2025,16,188.0,202.12900184889062,4,220.84272186182636,204.0663688442924
00-0040494,2025_16_MIN_NYG,2025,16,52.0,71.7595623323648,4,101.74233901125562,81.88910218132975
00-0040668,2025_16_BUF_CLE,2025,16,157.0,172.19226835048633,4,174.95547506079183,180.31530455388025
00-0040676,2025_16_KC_TEN,2025,16,228.0,202.86338798819926,4,203.61636966911945,208.9102779193071
00-0040691,2025_16_MIN_NYG,2025,16,33.0,180.92220346874592,4,188.32593020660613,187.2439395303232
00-0040743,2025_16_NYJ_NO,2025,16,308.0,217.72897700007246,4,226.09495107302,220.77566981126407
00-0022942,2025_17_JAX_IND,2025,17,147.0,250.6263457406936,4,252.6582001112322,252.41630686209243
00-0023459,2025_17_PIT_CLE,2025,17,168.0,207.50864149244407,4,196.7107684555848,215.8524593724197
00-0026300,2025_17_DAL_WAS,2025,17,198.0,207.8071065673739,4,206.22277614913767,213.98683199386144
00-0026498,2025_17_LA_ATL,2025,17,269.0,271.20363038998084,4,273.2840690778281,271.27626802610865
00-0029604,2025_17_LA_ATL,2025,17,126.0,243.14760213839853,4,261.893045962362,241.6767912409385
00-0030565,2025_17_NYG_LV,2025,17,176.0,211.27001861477277,4,216.1081368418552,215.6713710396795
00-0033077,2025_17_DAL_WAS,2025,17,307.0,268.3602761544348,4,247.91741081763905,273.8984727974381
00-0033106,2025_17_DET_MIN,2025,17,197.0,275.90646872646494,4,274.5369849470228,276.3902565900917
00-0033119,2025_17_ARI_CIN,2025,17,212.0,279.76721396918254,4,278.5920723964188,279.8857857793972
00-0034855,2025_17_TB_MIA,2025,17,346.0,238.34516328831077,4,256.65489961676917,237.37368736921607
00-0034857,2025_17_PHI_BUF,2025,17,262.0,215.7419152132196,4,210.69241292113725,222.0683722418116
00-0034869,2025_17_SEA_CAR,2025,17,147.0,223.10346951713794,4,231.1078722486367,225.7885238371412
00-0035993,2025_17_BAL_GB,2025,17,107.0,195.31739199373368,4,208.795674758385,199.0351500242288
00-0036355,2025_17_HOU_LAC,2025,17,236.0,219.32501019757325,4,229.7201416883371,221.7682153940169
00-0036389,2025_17_PHI_BUF,2025,17,110.0,205.389443445641,4,207.7633044073003,210.85053905014928
00-0036442,2025_17_ARI_CIN,2025,17,305.0,209.49197271051972,4,214.4791938097817,214.00612009162913
00-0036971,2025_17_JAX_IND,2025,17,263.0,255.1367432620818,4,259.82493044654143,255.9359621244905
00-0037324,2025_17_DEN_KC,2025,17,66.0,203.3061117210263,4,201.0602166412669,210.01262281293472
00-0037834,2025_17_CHI_SF,2025,17,303.0,257.06771123736166,4,251.57508421839137,260.07077897056195
00-0038128,2025_17_BAL_GB,2025,17,288.0,144.6078263016677,4,182.9780611117274,146.75005476840266
00-0039150,2025_17_SEA_CAR,2025,17,54.0,219.84387457923606,4,237.86876316124284,220.4724627709034
00-0039163,2025_17_HOU_LAC,2025,17,244.0,230.9440223931012,4,234.41753332085193,234.03107878822797
00-0039732,2025_17_DEN_KC,2025,17,182.0,230.5145595748491,4,233.3875361598132,233.77666393371464
00-0039851,2025_17_NE_NYJ,2025,17,256.0,209.35823809684805,4,240.31909201594976,207.85250170549347
00-0039918,2025_17_CHI_SF,2025,17,330.0,237.0156388567606,4,234.9762150779083,240.87938445849775
00-0040234,2025_17_TB_MIA,2025,17,172.0,247.74023337541055,4,252.22308910756573,249.20036671371145
00-0040398,2025_17_NE_NYJ,2025,17,152.0,209.7614773343885,4,218.18733210534265,213.45484364238737
00-0040494,2025_17_DET_MIN,2025,17,51.0,229.65933595542327,4,249.2140959910384,229.11890400082555
00-0040668,2025_17_PIT_CLE,2025,17,186.0,181.08503886263279,4,185.30525366910123,188.13247288494125
00-0040676,2025_17_NO_TEN,2025,17,251.0,215.4734313642276,4,216.92723539580393,220.31210692715143
00-0040691,2025_17_NYG_LV,2025,17,207.0,205.40429083911584,4,220.64348514570167,207.87687754414875
00-0040743,2025_17_NO_TEN,2025,17,333.0,217.08514507127478,4,222.90792227567675,220.7757372911504
00-0023459,2025_18_BAL_PIT,2025,18,294.0,236.55908751637568,4,240.664145349466,239.0339617771234
00-0026300,2025_18_WAS_PHI,2025,18,131.0,197.66262597052932,4,192.8219819522645,205.43952302596475
00-0026498,2025_18_ARI_LA,2025,18,259.0,272.39531045047454,4,271.76237070287726,272.9991824694881
00-0029604,2025_18_NO_ATL,2025,18,180.0,234.22230467301088,4,244.94741036853395,235.3537711917369
00-0032434,2025_18_TEN_JAX,2025,18,72.0,175.9828247789677,4,178.74359325712507,183.79215582951457
00-0033077,2025_18_DAL_NYG,2025,18,70.0,161.6331951164127,4,180.3466874235904,166.9280824385787
00-0033106,2025_18_DET_CHI,2025,18,331.0,255.72704004547043,4,244.10456087271712,260.26458816933797
00-0033119,2025_18_ARI_LA,2025,18,243.0,272.3881166236257,4,271.65651416681885,273.01549415430827
00-0033869,2025_18_NYJ_BUF,2025,18,259.0,181.53197722847634,4,185.3721086183266,188.6306098497677
00-0034796,2025_18_BAL_PIT,2025,18,238.0,205.21556489733285,4,217.1932890496346,208.46109874852044
00-0034855,2025_18_CAR_TB,2025,18,203.0,233.7280929081584,4,241.8583447117429,235.50304852521683
00-0034869,2025_18_SEA_SF,2025,18,198.0,245.2223834625843,4,237.25784295451777,249.78150388351253
00-0036442,2025_18_CLE_CIN,2025,18,236.0,247.0270510847806,4,259.13347952158483,246.7761511838767
00-0036679,2025_18_KC_LV,2025,18,88.0,53.51592653175442,4,73.53538678677064,67.47146968477222
00-0036898,2025_18_IND_HOU,2025,18,36.0,90.18870700526786,4,93.22683148258584,105.04674293570932
00-0036971,2025_18_TEN_JAX,2025,18,255.0,211.47480555996455,4,209.0449998790209,217.5467615818246
00-0037012,2025_18_LAC_DEN,2025,18,136.0,172.05790474291481,4,168.39285309003685,181.6846962676081
00-0037324,2025_18_KC_LV,2025,18,58.0,86.89412304916512,4,113.37696384761928,96.5815422071203
00-0037834,2025_18_SEA_SF,2025,18,127.0,255.12126040295695,4,259.11314733466475,256.083441011999
00-0038400,2025_18_WAS_PHI,2025,18,241.0,197.25787447077664,4,194.11927639786217,204.6731209496744
00-0038579,2025_18_KC_LV,2025,18,102.0,154.57403757435722,4,179.51118897277746,159.00908444554517
00-0038582,2025_18_GB_MIN,2025,18,34.0,188.49976633542147,4,188.96534990210728,195.80426266157644
00-0039150,2025_18_CAR_TB,2025,18,266.0,209.9596244157019,4,222.08379860462628,212.77782786330775
00-0039163,2025_18_IND_HOU,2025,18,169.0,128.14635771846372,4,146.22583497751972,136.36482145783106
00-0039398,2025_18_DAL_NYG,2025,18,73.0,84.23167948122418,4,97.21746587254847,97.27380018347492
00-0039732,2025_18_LAC_DEN,2025,18,141.0,226.08967524225784,4,238.27968823654953,227.5552645592993
00-0039851,2025_18_MIA_NE,2025,18,191.0,219.04623908025806,4,250.01040877939244,216.73651015787553
00-0039918,2025_18_DET_CHI,2025,18,212.0,229.7842646104286,4,239.33018541268376,231.55748658155832
00-0039923,2025_18_GB_MIN,2025,18,182.0,105.74949740472195,4,140.7550488991501,111.8946973903557
00-0040206,2025_18_IND_HOU,2025,18,270.0,197.12994437818938,4,215.57417467657476,199.544352717526
00-0040234,2025_18_MIA_NE,2025,18,137.0,235.8630830852906,4,225.4669036769938,241.7627905155249
00-0040398,2025_18_NYJ_BUF,2025,18,60.0,157.2530087054323,4,160.8936862578936,166.41089906348083
00-0040494,2025_18_GB_MIN,2025,18,57.0,82.0058080281686,4,101.72126120993228,93.66987236637992
00-0040668,2025_18_CLE_CIN,2025,18,111.0,211.06853016635768,4,222.01600777603957,214.06801947546447
00-0040691,2025_18_DAL_NYG,2025,18,230.0,220.3554427510588,4,220.99988342332335,224.97728642800385
00-0040743,2025_18_NO_ATL,2025,18,259.0,246.33252117105283,4,254.3678750360306,247.08449096833812
00-0023459,2025_19_HOU_PIT,2025,19,146.0,193.90356382376524,4,207.2975666283523,197.75811041833663
00-0026498,2025_19_LA_CAR,2025,19,304.0,260.36855830626496,4,259.96497041038646,261.916301936868
00-0034857,2025_19_BUF_JAX,2025,19,273.0,251.93412249804456,4,263.6602382867774,251.3646891842747
00-0036264,2025_19_GB_CHI,2025,19,323.0,233.11541746561167,4,232.52136708264257,236.9669167758918
00-0036355,2025_19_LAC_NE,2025,19,159.0,207.72337722182377,4,208.4839736332167,213.3655621225192
00-0036389,2025_19_SF_PHI,2025,19,168.0,203.45479820463234,4,201.29972237312924,210.12789398768209
00-0036971,2025_19_BUF_JAX,2025,19,207.0,241.7335592117017,4,256.58326820720333,241.28455895464757
00-0037834,2025_19_SF_PHI,2025,19,262.0,190.81181493982479,4,193.18450002131777,197.48180040173807
00-0039150,2025_19_LA_CAR,2025,19,264.0,215.46227394427174,4,230.16066028099652,217.2265365798287
00-0039163,2025_19_HOU_PIT,2025,19,250.0,234.6365425784212,4,263.5734611581917,231.5049563863678
00-0039851,2025_19_LAC_NE,2025,19,268.0,221.50770081069,4,222.30558885167804,225.99838205369068
00-0039918,2025_19_GB_CHI,2025,19,361.0,219.05673914382845,4,232.8403751812878,220.73538949728623
00-0026498,2025_20_LA_CHI,2025,20,258.0,272.5182346868942,4,276.5990596025201,272.01739825421055
00-0034857,2025_20_BUF_DEN,2025,20,283.0,229.48227234371663,4,233.58602547895669,232.54418132643735
00-0034869,2025_20_SF_SEA,2025,20,124.0,209.1766511660768,4,214.021497876987,213.750000298034
00-0037834,2025_20_SF_SEA,2025,20,140.0,201.6002908125869,4,213.19688821758572,205.23405955354673
00-0039163,2025_20_HOU_NE,2025,20,212.0,228.61104837520654,4,246.4137709136649,228.5643448706416
00-0039732,2025_20_BUF_DEN,2025,20,279.0,224.09353544359976,4,222.9486096748427,228.8209411244448
00-0039851,2025_20_HOU_NE,2025,20,179.0,201.10936361139804,4,212.45671480750403,204.8417085959941
00-0039918,2025_20_LA_CHI,2025,20,257.0,231.03398708190213,4,228.07264867137508,235.60773035773093
00-0026498,2025_21_LA_SEA,2025,21,374.0,252.10153902881737,4,263.4442280873037,251.60725549787765
00-0034869,2025_21_LA_SEA,2025,21,346.0,239.63074485306672,4,255.6617677013976,239.0817906062711
00-0035264,2025_21_NE_DEN,2025,21,133.0,185.92141145510553,4,184.02086721672433,193.989081868504
00-0039851,2025_21_NE_DEN,2025,21,86.0,220.66564421941936,4,207.70760428487003,228.4202099017366
00-0034869,2025_22_SEA_NE,2025,22,202.0,238.57609488503707,4,238.1627321061161,241.93289988383168
00-0039851,2025_22_SEA_NE,2025,22,295.0,225.8230916788101,4,219.4651897229115,231.6175333590893
