player_id,game_id,season,week,y_true,y_pred,fold_idx,lgbm_pred,catboost_pred
00-0027685,2021_01_PIT_BUF,2021,1,9.2,13.96928449262226,0,14.126784062718002,12.94060236985676
00-0027793,2021_01_DAL_TB,2021,1,23.700000000000003,8.082596535468594,0,7.473128675942044,7.687163609778957
00-0027942,2021_01_ARI_TEN,2021,1,4.5,7.936518766048575,0,7.481374239788414,7.533532787453444
00-0027944,2021_01_ARI_TEN,2021,1,5.9,13.16055619171432,0,13.183412246363645,12.222800717270188
00-0029000,2021_01_PIT_BUF,2021,1,14.0,14.002055944423697,0,14.126784062718002,12.97482001561392
00-0029293,2021_01_JAX_HOU,2021,1,18.7,14.851949779788965,0,14.325472458783532,13.835552242583049
00-0029632,2021_01_SF_DET,2021,1,1.7000000000000002,7.274245098215453,0,7.104503641614092,6.892615247057626
00-0030035,2021_01_MIN_CIN,2021,1,30.200000000000003,13.886900053156657,0,13.806119255825948,12.897620673210174
00-0030068,2021_01_CHI_LA,2021,1,8.3,8.263130652543724,0,7.709865268836933,7.843890806515102
00-0030279,2021_01_LAC_WAS,2021,1,19.0,14.703338103114143,0,14.321180498304516,13.68095842862432
00-0030431,2021_01_CHI_LA,2021,1,12.4,14.789223082292915,0,14.323514201439284,13.77032026490904
00-0030564,2021_01_ARI_TEN,2021,1,26.3,14.540636434961025,0,13.79051420992813,13.58230068440968
00-0030669,2021_01_MIA_NE,2021,1,0.0,6.185378640425383,0,6.138221287013383,5.8853879884479925
00-0031236,2021_01_JAX_HOU,2021,1,18.200000000000003,14.940005709155844,0,15.136815012240682,13.81859891383165
00-0031325,2021_01_BAL_LV,2021,1,13.6,14.51343552577523,0,14.224051461584564,13.495711778923663
00-0031381,2021_01_GB_NO,2021,1,10.6,11.44211048205596,0,10.556695834465902,10.78106786078492
00-0031382,2021_01_CLE_KC,2021,1,19.4,14.019410195802122,0,13.97255792475394,13.013639717499949
00-0031408,2021_01_DAL_TB,2021,1,5.4,14.812530235011732,0,14.895137225204056,13.71793500863672
00-0031428,2021_01_CHI_LA,2021,1,9.5,14.924431170735573,0,14.557405672437728,13.880103070327475
00-0031544,2021_01_DAL_TB,2021,1,38.9,14.5622874781096,0,13.995209315078458,13.57743382647155
00-0031547,2021_01_MIA_NE,2021,1,12.1,13.374709811572306,0,13.070961139970889,12.461497605488075
00-0031549,2021_01_MIA_NE,2021,1,18.2,13.462747031044243,0,13.121724605857391,12.546606611516632
00-0031588,2021_01_PIT_BUF,2021,1,15.9,15.009830106251478,0,14.655113846717883,13.956156635539736
00-0031868,2021_01_CHI_LA,2021,1,4.9,7.313036528254488,0,7.013837414230118,6.945287387702844
00-0032009,2021_01_LAC_WAS,2021,1,3.0,8.9170916290357,0,8.268103284604202,8.451786412747776
00-0032128,2021_01_JAX_HOU,2021,1,4.7,8.849925965683772,0,8.353204605790147,8.370234792074534
00-0032160,2021_01_SF_DET,2021,1,3.4000000000000004,8.629288920423738,0,8.333968835394066,8.142442850606162
00-0032211,2021_01_SEA_IND,2021,1,26.0,15.738700814449748,0,15.235387643042262,14.639310162633793
00-0032355,2021_01_ARI_TEN,2021,1,10.2,9.15293202876266,0,9.06327955554897,8.591309010489095
00-0032385,2021_01_DEN_NYG,2021,1,24.3,14.339476906145963,0,13.659862369296915,13.3897996135718
00-0032464,2021_01_SF_DET,2021,1,8.9,13.018387401118103,0,12.403761089289116,12.17899970915205
00-0032688,2021_01_NYJ_CAR,2021,1,12.7,8.329995356353596,0,8.13885808235067,7.856128536448609
00-0032775,2021_01_CLE_KC,2021,1,1.9,10.773478483891834,0,9.591139432550564,10.2125224430969
00-0033009,2021_01_MIN_CIN,2021,1,6.2,11.239959437532589,0,10.28872918342984,10.605961361299542
00-0033040,2021_01_CLE_KC,2021,1,37.1,14.659197286983837,0,14.643115388858984,13.591660884045496
00-0033251,2021_01_SEA_IND,2021,1,20.3,15.144895743369075,0,14.849736255502384,14.07106123911025
00-0033307,2021_01_MIA_NE,2021,1,2.7,6.270887048690747,0,6.430721939513105,5.9354115933477445
00-0033375,2021_01_DEN_NYG,2021,1,13.9,10.448698884572957,0,10.354656223438298,9.770934264191323
00-0033536,2021_01_LAC_WAS,2021,1,22.200000000000003,12.617720424153418,0,11.648494574884843,11.862020261454
00-0033857,2021_01_PIT_BUF,2021,1,9.2,14.774965451609807,0,14.429023865381776,13.74127236610251
00-0033871,2021_01_NYJ_CAR,2021,1,26.700000000000003,14.170018893685153,0,13.350934859493428,13.254326481414251
00-0033908,2021_01_CHI_LA,2021,1,23.8,16.165937056419395,0,14.92893389159718,15.126531198500969
00-0033921,2021_01_DAL_TB,2021,1,23.5,15.235428810882329,0,14.244198571863883,14.246862338491562
00-0033932,2021_01_DEN_NYG,2021,1,10.4,12.97300510086958,0,12.88473834041298,12.067059867291354
00-0034272,2021_01_GB_NO,2021,1,4.7,8.927961849116429,0,8.335890610579437,8.454038189622535
00-0034348,2021_01_DEN_NYG,2021,1,2.4000000000000004,13.566583859858952,0,12.937348047187442,12.679772008402123
00-0034411,2021_01_PHI_ATL,2021,1,0.0,11.194334025240588,0,11.163026072278903,10.440977896893866
00-0034418,2021_01_DAL_TB,2021,1,5.4,6.839051116800972,0,6.3254825105984205,6.542773378196068
00-0034419,2021_01_NYJ_CAR,2021,1,10.1,8.880314336651644,0,8.69685347976035,8.35584102075385
00-0034487,2021_01_SF_DET,2021,1,10.3,7.389742685465765,0,7.30838136005593,6.985846058328934
00-0034521,2021_01_GB_NO,2021,1,3.6,9.025510187274996,0,8.65707390035621,8.51278337439567
00-0034764,2021_01_DAL_TB,2021,1,7.6,8.59384860472341,0,7.558466653910657,8.209523352882373
00-0034775,2021_01_ARI_TEN,2021,1,24.0,8.640661743425257,0,8.393783280256578,8.14628949819258
00-0034777,2021_01_JAX_HOU,2021,1,17.6,8.47716457500963,0,8.183387514313543,8.003815725353276
00-0034827,2021_01_NYJ_CAR,2021,1,15.4,14.733596561690392,0,14.399117955527489,13.702091731068634
00-0034837,2021_01_PHI_ATL,2021,1,10.1,14.29745846992814,0,14.205428246578425,13.272703256024712
00-0034930,2021_01_SF_DET,2021,1,4.9,7.699143154660102,0,7.75697758209144,7.248691490637588
00-0034960,2021_01_MIA_NE,2021,1,10.4,13.90200961462424,0,13.402314314773546,12.96759409225895
00-0034983,2021_01_BAL_LV,2021,1,13.0,9.593792058496428,0,9.803791177008565,8.95223556031927
00-0035140,2021_01_CLE_KC,2021,1,4.9,11.32976846572951,0,10.639877965283718,10.652603854781251
00-0035215,2021_01_GB_NO,2021,1,15.2,8.019952690683485,0,7.975347539320213,7.554349512918574
00-0035216,2021_01_PIT_BUF,2021,1,14.6,13.173762116783927,0,12.836521749709664,12.283147664904511
00-0035414,2021_01_LAC_WAS,2021,1,7.9,7.991464460166684,0,7.70207937469228,7.561281061166132
00-0035535,2021_01_DEN_NYG,2021,1,9.5,10.119057859550892,0,9.21319184242257,9.579949048089778
00-0035639,2021_01_SEA_IND,2021,1,3.4000000000000004,10.198752417497657,0,9.09117457973606,9.67953716897073
00-0035640,2021_01_SEA_IND,2021,1,16.0,15.92173315619506,0,15.115736355271157,14.846478779859668
00-0035659,2021_01_LAC_WAS,2021,1,10.2,15.412653711833949,0,14.68625895204955,14.37257655036211
00-0035662,2021_01_BAL_LV,2021,1,19.4,11.977171414218692,0,11.425535667956474,11.223128672313104
00-0035676,2021_01_ARI_TEN,2021,1,14.9,14.334276386524756,0,14.077158542600944,13.328361780291711
00-0035719,2021_01_SF_DET,2021,1,31.9,15.668604297487192,0,14.621124569502683,14.648564230819726
00-0036182,2021_01_ARI_TEN,2021,1,2.0,7.154881736525502,0,6.848823448111253,6.802300786068054
00-0036196,2021_01_PIT_BUF,2021,1,12.0,7.32894612080097,0,7.188753681281369,6.93842250678236
00-0036219,2021_01_GB_NO,2021,1,2.4000000000000004,13.611252026535002,0,13.102668877230371,12.70422266954182
00-0036233,2021_01_CLE_KC,2021,1,1.4,13.556763526575102,0,13.371495015176084,12.611248844539212
00-0036247,2021_01_SEA_IND,2021,1,0.5,8.515691515548841,0,8.090887604282274,8.056457814179563
00-0036252,2021_01_SEA_IND,2021,1,5.9,16.467536989924845,0,15.390941161214384,15.379431882969438
00-0036261,2021_01_SF_DET,2021,1,0.0,9.007490587372324,0,8.23316633384611,8.550863746155226
00-0036268,2021_01_JAX_HOU,2021,1,12.9,13.044315342866735,0,12.044446953675983,12.254297543019677
00-0036271,2021_01_PHI_ATL,2021,1,5.300000000000001,8.657284978297588,0,8.244304112694845,8.183708804740277
00-0036277,2021_01_SF_DET,2021,1,12.2,8.196652313001417,0,7.572480754044278,7.792917996347857
00-0036309,2021_01_CHI_LA,2021,1,7.6,16.05725314499109,0,15.822191830811416,14.893161607017788
00-0036322,2021_01_MIN_CIN,2021,1,12.54,14.386266486292104,0,14.239309062468228,13.360882995446868
00-0036326,2021_01_PIT_BUF,2021,1,10.0,9.524224448840963,0,9.851456860026277,8.873200457198704
00-0036331,2021_01_BAL_LV,2021,1,1.6,9.50613205931571,0,9.079465205952276,8.957923275336942
00-0036345,2021_01_MIN_CIN,2021,1,14.6,14.197481103950263,0,13.695438195849212,13.236762736321324
00-0036357,2021_01_BAL_LV,2021,1,6.6000000000000005,10.086436523848166,0,9.623650303858849,9.490798056883236
00-0036358,2021_01_DAL_TB,2021,1,23.4,11.848455745573602,0,11.295516059535846,11.10618353095146
00-0036365,2021_01_BAL_LV,2021,1,12.1,10.524064817989581,0,10.567601721495484,9.821045383291075
00-0036387,2021_01_PHI_ATL,2021,1,16.9,11.544688220103849,0,11.217837205207298,10.79943658308099
00-0036407,2021_01_DEN_NYG,2021,1,13.2,7.553409684907479,0,7.341572845715108,7.152280803559345
00-0036410,2021_01_MIN_CIN,2021,1,15.8,12.04431988551068,0,10.497202079940552,11.417837590334068
00-0036412,2021_01_DEN_NYG,2021,1,7.1000000000000005,6.787273693749198,0,6.547829610051676,6.458868498948322
00-0036415,2021_01_CHI_LA,2021,1,16.0,12.37245520391976,0,10.939500882221898,11.701089849301525
00-0036554,2021_01_JAX_HOU,2021,1,1.7000000000000002,8.563575734074862,0,8.510443605269357,8.050144027003588
00-0036613,2021_01_MIA_NE,2021,1,16.1,13.88655165230217,0,13.63801048739296,12.919819781239983
00-0036626,2021_01_LAC_WAS,2021,1,0.8,13.114272819485855,0,12.710213549485047,12.2379857027835
00-0036900,2021_01_MIN_CIN,2021,1,20.9,14.328981560351664,0,14.22605377919792,13.302849174457762
00-0036912,2021_01_PHI_ATL,2021,1,19.1,14.167210117224869,0,14.20521154914426,13.136736168364047
00-0036955,2021_01_NYJ_CAR,2021,1,5.6,7.735911293487226,0,7.1985171171042035,7.362036516578147
00-0036963,2021_01_SF_DET,2021,1,4.300000000000001,8.996972164408868,0,7.982613811553195,8.573509301684803
00-0036980,2021_01_NYJ_CAR,2021,1,0.7,14.893765877116879,0,14.65759405332201,13.834637644772608
00-0036999,2021_01_CLE_KC,2021,1,11.6,7.14564500943908,0,6.828010638396273,6.795449856820847
00-0026293,2021_02_NE_NYJ,2021,2,0.0,5.186262154043007,0,5.358683924241477,4.946807176757371
00-0027685,2021_02_BUF_MIA,2021,2,6.800000000000001,11.84964556558288,0,10.63191514535325,11.196491706755609
00-0027691,2021_02_HOU_CLE,2021,2,4.5,5.0628745501314105,0,4.441042701903786,4.941136635574661
00-0027793,2021_02_ATL_TB,2021,2,2.7,9.882607300956995,0,9.979739440248794,9.23018106021686
00-0027942,2021_02_MIN_ARI,2021,2,13.4,7.309883188833774,0,7.673181652036456,6.853500356994175
00-0027944,2021_02_TEN_SEA,2021,2,18.8,11.264551861227472,0,10.182235687820112,10.645932170247823
00-0028237,2021_02_NO_CAR,2021,2,2.6,5.553872934570556,0,5.396526368365523,5.325561445614751
00-0029000,2021_02_BUF_MIA,2021,2,7.6,10.519101353549802,0,10.060069895997868,9.88398176587498
00-0029293,2021_02_DEN_JAX,2021,2,17.5,13.331929539789028,0,11.921796880642912,12.571065665015094
00-0030035,2021_02_MIN_ARI,2021,2,15.9,16.27525368361866,0,15.49070696797366,15.165273008392589
00-0030068,2021_02_CIN_CHI,2021,2,2.0,8.143760816730842,0,9.413151105051089,7.490645033202548
00-0030279,2021_02_DAL_LAC,2021,2,14.8,20.73925465797158,0,20.080542289374673,19.210239692486205
00-0030431,2021_02_LA_IND,2021,2,12.0,13.467581844652745,0,14.654126906572111,12.345981901896137
00-0030564,2021_02_MIN_ARI,2021,2,15.4,16.91462035759748,0,16.92621758252771,15.640186265366856
00-0030669,2021_02_BUF_MIA,2021,2,6.0,5.215423999363246,0,5.449994987706452,4.965000521028492
00-0031236,2021_02_HOU_CLE,2021,2,22.8,15.147830451212215,0,13.156601540733444,14.30137119579008
00-0031325,2021_02_KC_BAL,2021,2,8.4,15.30091866851727,0,13.310979800579934,14.44049511842899
00-0031381,2021_02_DET_GB,2021,2,20.1,14.74037072410828,0,14.522372369289371,13.69262212278812
00-0031408,2021_02_ATL_TB,2021,2,24.5,11.243941594101834,0,9.784193442097164,10.677836009976838
00-0031428,2021_02_CIN_CHI,2021,2,10.4,15.900638072987931,0,13.72531577598114,15.01106944285829
00-0031544,2021_02_DAL_LAC,2021,2,5.4,18.440286291037705,0,17.24594583414345,17.190266719247816
00-0031547,2021_02_BUF_MIA,2021,2,9.2,13.387720207276741,0,13.18228927104731,12.460140131286911
00-0031549,2021_02_NE_NYJ,2021,2,5.1,14.074238107664797,0,12.44691832110018,13.27565238803674
00-0031588,2021_02_BUF_MIA,2021,2,16.0,17.08339122062634,0,16.381469364371462,15.88951885189768
00-0032009,2021_02_NYG_WAS,2021,2,11.4,9.142749334877987,0,8.725130639875504,8.626061946813639
00-0032128,2021_02_HOU_CLE,2021,2,2.3,10.392530189200926,0,9.49636787564446,9.827482876599367
00-0032211,2021_02_TEN_SEA,2021,2,31.8,15.19630503800874,0,14.958786319146316,14.110102948349557
00-0032355,2021_02_TEN_SEA,2021,2,4.2,7.7746698643589465,0,7.0285105068717835,7.425323095513695
00-0032385,2021_02_NYG_WAS,2021,2,17.5,16.08455103835886,0,13.25100182541946,15.266758943485256
00-0032464,2021_02_DET_GB,2021,2,3.8,8.505283597001762,0,8.928837280599359,7.933124357424014
00-0032688,2021_02_NO_CAR,2021,2,6.800000000000001,7.287236360617455,0,8.231804689165559,6.754877990921253
00-0032775,2021_02_KC_BAL,2021,2,13.6,6.583675359999746,0,6.844838869926212,6.206422044226465
00-0032977,2021_02_HOU_CLE,2021,2,4.7,7.771066433630084,0,7.727128674020973,7.327794922051489
00-0033009,2021_02_CIN_CHI,2021,2,14.3,10.65415666907707,0,10.770566291905014,9.929637057776134
00-0033040,2021_02_KC_BAL,2021,2,5.9,17.662758088336147,0,17.0797063470483,16.40073843552729
00-0033251,2021_02_LA_IND,2021,2,14.8,13.994054881668276,0,13.72829057861784,13.019950063375347
00-0033307,2021_02_NE_NYJ,2021,2,4.6,5.268926210125481,0,5.215759047052825,5.052301974846342
00-0033375,2021_02_DEN_JAX,2021,2,12.7,11.224985612587853,0,11.204251691768976,10.467448992170093
00-0033536,2021_02_DAL_LAC,2021,2,22.1,18.7687715380887,0,17.72418647877964,17.4690603793754
00-0033733,2021_02_SF_PHI,2021,2,0.0,5.341363057379505,0,5.668714785241709,5.067141537672813
00-0033857,2021_02_LV_PIT,2021,2,16.4,15.257306662070032,0,13.943219520043904,14.31010185191476
00-0033871,2021_02_NE_NYJ,2021,2,2.8,12.41003683090808,0,10.564154946103072,11.790707365780532
00-0033908,2021_02_LA_IND,2021,2,36.8,17.676373226510293,0,17.625704130561335,16.341672775953814
00-0033921,2021_02_ATL_TB,2021,2,16.2,17.818087171613822,0,18.423616983231337,16.382547854953028
00-0033932,2021_02_NYG_WAS,2021,2,6.800000000000001,11.350931154974274,0,10.603339708401014,10.679604464993846
00-0034272,2021_02_DET_GB,2021,2,0.0,10.962310793563631,0,9.763209353610538,10.386593330048964
00-0034348,2021_02_DEN_JAX,2021,2,24.9,10.67979169297236,0,9.53717594462734,10.121944045898523
00-0034411,2021_02_ATL_TB,2021,2,7.800000000000001,6.4966193809869335,0,6.256096751309923,6.19454291451959
00-0034418,2021_02_DAL_LAC,2021,2,4.5,7.195816930444124,0,6.849324330048426,6.844975210976175
00-0034419,2021_02_NE_NYJ,2021,2,14.3,9.813754276825199,0,8.551678212830689,9.34995821585169
00-0034487,2021_02_SF_PHI,2021,2,1.9,6.681579132313455,0,6.722080867223038,6.325122365579921
00-0034775,2021_02_MIN_ARI,2021,2,9.5,11.10964015809463,0,10.05408956011601,10.501383520502614
00-0034777,2021_02_DEN_JAX,2021,2,2.9000000000000004,9.268828092744434,0,9.337477503002855,8.675517784442683
00-0034827,2021_02_NO_CAR,2021,2,21.9,15.45370100798618,0,14.765446988559871,14.404806950693496
00-0034837,2021_02_ATL_TB,2021,2,19.3,15.96690459556357,0,15.755293816555728,14.807804787042128
00-0034930,2021_02_DET_GB,2021,2,3.4000000000000004,6.012218154852578,0,5.331962421592861,5.812798811258367
00-0034960,2021_02_NE_NYJ,2021,2,7.800000000000001,14.266915906659747,0,12.354408864836206,13.489249245922773
00-0034983,2021_02_LV_PIT,2021,2,10.7,9.931271281496377,0,9.3190027348819,9.369673993857948
00-0035021,2021_02_LA_IND,2021,2,2.0,6.214379362174653,0,6.7398041956884365,5.83492646121171
00-0035140,2021_02_KC_BAL,2021,2,10.5,12.843469527433031,0,12.386475324522957,11.99868279012956
00-0035208,2021_02_ATL_TB,2021,2,4.2,5.643050556814177,0,6.135767075012877,5.319456529985477
00-0035215,2021_02_NO_CAR,2021,2,2.0,9.272942320309635,0,8.49152614187481,8.793353765591856
00-0035216,2021_02_LV_PIT,2021,2,19.5,17.460509418377992,0,16.932936942345652,16.209263394802004
00-0035406,2021_02_NO_CAR,2021,2,3.7,5.512160361973671,0,5.851573742433098,5.220933479296887
00-0035414,2021_02_DAL_LAC,2021,2,4.2,9.274221391156004,0,9.76682947336228,8.623523190424143
00-0035535,2021_02_NYG_WAS,2021,2,14.4,8.234121701773455,0,7.642721871778405,7.822613416864966
00-0035640,2021_02_TEN_SEA,2021,2,11.3,16.014438785679978,0,15.554714633596673,14.884357578484366
00-0035659,2021_02_NYG_WAS,2021,2,27.700000000000003,13.901487069800147,0,13.054359084848803,13.013749641124448
00-0035662,2021_02_KC_BAL,2021,2,23.3,13.991734901013478,0,13.119156390974188,13.099283246830456
00-0035676,2021_02_TEN_SEA,2021,2,7.3,16.620321743402876,0,14.709980628060578,15.630354767751117
00-0035719,2021_02_SF_PHI,2021,2,16.1,14.571674876853372,0,14.8053957397408,13.478495520318772
00-0036219,2021_02_NO_CAR,2021,2,2.8,9.584042526969217,0,9.733643091876182,8.951470779246963
00-0036233,2021_02_HOU_CLE,2021,2,0.4000000000000001,9.130040898436754,0,8.904188620606808,8.588760248028874
00-0036247,2021_02_TEN_SEA,2021,2,21.0,10.164090450011924,0,10.542560169840934,9.448546435116116
00-0036252,2021_02_LA_IND,2021,2,20.3,13.40052005807526,0,13.689649779284895,12.405408945864334
00-0036261,2021_02_SF_PHI,2021,2,1.6,6.393192138634744,0,5.634700239658638,6.169952804203547
00-0036268,2021_02_DEN_JAX,2021,2,1.7,15.085110306945545,0,13.840437315207208,14.144101540016411
00-0036271,2021_02_SF_PHI,2021,2,13.7,7.0389139706194745,0,6.630052085520474,6.71057801240217
00-0036277,2021_02_DET_GB,2021,2,16.3,12.416420131067985,0,12.40725280184938,11.549999167424623
00-0036309,2021_02_CIN_CHI,2021,2,12.6,14.24358175982464,0,13.788290449149557,13.272435543268193
00-0036322,2021_02_MIN_ARI,2021,2,18.5,14.058912987987732,0,13.266487672741064,13.149651668952773
00-0036326,2021_02_LV_PIT,2021,2,9.7,11.616964629398522,0,10.884018773675407,10.919706296923705
00-0036331,2021_02_KC_BAL,2021,2,0.0,7.199331145674257,0,6.05722876763875,6.954956392435867
00-0036345,2021_02_MIN_ARI,2021,2,20.1,11.131125739433822,0,9.64503081401844,10.578719475804762
00-0036357,2021_02_LV_PIT,2021,2,22.5,9.267787869238372,0,9.81308764681126,8.610597172940547
00-0036358,2021_02_DAL_LAC,2021,2,17.4,16.843849417642577,0,15.227135781203769,15.794336161051024
00-0036365,2021_02_LV_PIT,2021,2,7.0,10.722845907389049,0,10.597365608770389,10.02460383081528
00-0036387,2021_02_SF_PHI,2021,2,2.5,13.114109741461702,0,12.796852013550655,12.226187161505615
00-0036410,2021_02_CIN_CHI,2021,2,16.0,14.34303269454213,0,13.397116983781276,13.428776948152702
00-0036412,2021_02_DEN_JAX,2021,2,1.5,9.723452643579904,0,9.97414343500976,9.064754030753
00-0036415,2021_02_LA_IND,2021,2,2.4000000000000004,14.93405627598844,0,13.945525146556072,13.9722770750969
00-0036482,2021_02_LA_IND,2021,2,0.0,6.295739175485673,0,6.536340663914546,5.947184715772561
00-0036613,2021_02_BUF_MIA,2021,2,10.8,10.45009490554781,0,9.462048988350467,9.892194049154156
00-0036626,2021_02_NYG_WAS,2021,2,6.4,12.087953645433172,0,11.000910920456054,11.395791117011676
00-0036900,2021_02_CIN_CHI,2021,2,13.4,16.85959461204341,0,16.465067514538752,15.64462596076667
00-0036912,2021_02_SF_PHI,2021,2,3.6,15.983640092064562,0,14.997860797829157,14.926938433400952
00-0036936,2021_02_MIN_ARI,2021,2,24.4,6.299123485134388,0,6.470277894499865,5.959585053527161
00-0036955,2021_02_NO_CAR,2021,2,4.7,7.262160933113747,0,7.150113703076801,6.873876212254817
00-0036963,2021_02_DET_GB,2021,2,4.8,6.208038365551189,0,5.90196367274941,5.940757228261558
00-0036980,2021_02_NE_NYJ,2021,2,8.7,11.52366313138479,0,10.535291143786656,10.869092254728075
00-0036999,2021_02_HOU_CLE,2021,2,0.0,8.706772564801339,0,8.068677298320642,8.258952188651179
00-0027685,2021_03_WAS_BUF,2021,3,26.4,11.96466067325734,0,11.440193626174755,11.208098503972042
00-0027942,2021_03_ARI_JAX,2021,3,16.200000000000003,7.478554693377852,0,7.066573703951158,7.111031764878325
00-0027944,2021_03_IND_TEN,2021,3,7.7,10.465210405354851,0,9.670372574199316,9.880016236277552
00-0029000,2021_03_WAS_BUF,2021,3,20.8,9.772110349336792,0,9.313643785720313,9.204208595992796
00-0029293,2021_03_ARI_JAX,2021,3,12.2,16.883011154913152,0,16.329201442116343,15.68731126692293
00-0029632,2021_03_GB_SF,2021,3,6.6,6.730204854014538,0,7.097587107834972,6.325494985798737
00-0030035,2021_03_SEA_MIN,2021,3,17.0,15.699094490935291,0,13.95347261851787,14.770009510300907
00-0030085,2021_03_NO_NE,2021,3,2.7,5.899819234972882,0,5.332610835446806,5.695352734567073
00-0030279,2021_03_LAC_KC,2021,3,19.0,16.82164942027608,0,15.778383465569004,15.697170234559614
00-0030431,2021_03_TB_LA,2021,3,6.800000000000001,18.319491171736562,0,16.91339751139017,17.108774249203954
00-0030564,2021_03_ARI_JAX,2021,3,5.1,15.406204378791694,0,14.66768901669402,14.368334992401405
00-0031235,2021_03_CHI_CLE,2021,3,13.7,7.00034729176994,0,6.299579383624929,6.714664116767946
00-0031236,2021_03_CAR_HOU,2021,3,20.700000000000003,17.179537046258194,0,17.003266966971914,15.906452386026311
00-0031319,2021_03_NYJ_DEN,2021,3,0.7,6.148964371970783,0,5.670669367556723,5.91011971042349
00-0031325,2021_03_BAL_DET,2021,3,10.8,14.416211960046075,0,14.016458864108651,13.42206001219215
00-0031381,2021_03_GB_SF,2021,3,31.200000000000003,15.44725932874662,0,13.784150638723078,14.52978665694366
00-0031408,2021_03_TB_LA,2021,3,18.6,16.578823153603455,0,14.572751293423227,15.605443228241516
00-0031428,2021_03_CHI_CLE,2021,3,4.7,12.479730068514272,0,11.591208517488178,11.725629138960722
00-0031544,2021_03_PHI_DAL,2021,3,5.6,19.421425096763,0,17.696376176107602,18.154247923340463
00-0031547,2021_03_MIA_LV,2021,3,8.2,14.827700225460887,0,14.36767418919178,13.804568416223177
00-0031549,2021_03_NO_NE,2021,3,3.7,12.542214160532664,0,11.923704859398503,11.746244310918758
00-0031588,2021_03_WAS_BUF,2021,3,12.2,16.03513609477662,0,14.026844234600228,15.11103288178198
00-0032009,2021_03_WAS_BUF,2021,3,1.7000000000000002,7.276473212892024,0,7.8761303019876365,6.791377056553788
00-0032128,2021_03_CAR_HOU,2021,3,0.0,10.145119479185029,0,9.505720814782949,9.567898695122926
00-0032211,2021_03_SEA_MIN,2021,3,7.1,18.49884803976418,0,16.875987239217288,17.301067136402324
00-0032355,2021_03_IND_TEN,2021,3,7.6,7.3390159694759065,0,6.447926221543268,7.048367620921013
00-0032385,2021_03_ATL_NYG,2021,3,3.6,10.348902188009074,0,9.833671559689591,9.736658039587477
00-0032464,2021_03_BAL_DET,2021,3,12.8,10.580091254352007,0,9.623938541943486,10.006198930652952
00-0032688,2021_03_CAR_HOU,2021,3,1.8,7.581735237510487,0,8.575468570550179,7.0162478256149186
00-0032775,2021_03_LAC_KC,2021,3,3.7,8.587269760960808,0,10.29463610918956,7.835416512083844
00-0032977,2021_03_CHI_CLE,2021,3,4.4,5.187049508735045,0,4.805985864172016,5.0218101909274475
00-0033009,2021_03_CIN_PIT,2021,3,13.6,13.352932531946914,0,13.763663732911096,12.345787541451852
00-0033040,2021_03_LAC_KC,2021,3,9.7,14.720493583496118,0,13.418181347376642,13.820067894232796
00-0033127,2021_03_MIA_LV,2021,3,7.0,6.832368691080589,0,7.208215976185485,6.417319118778929
00-0033251,2021_03_IND_TEN,2021,3,5.1,13.222719210140301,0,13.58871542254414,12.233308805884542
00-0033307,2021_03_NO_NE,2021,3,21.6,10.75986960298008,0,9.042827585426236,10.27190522038749
00-0033375,2021_03_NYJ_DEN,2021,3,14.8,12.540897092867281,0,12.78265437360543,11.629584367563783
00-0033536,2021_03_LAC_KC,2021,3,33.2,15.281047060700832,0,14.632524954384508,14.242374100074764
00-0033681,2021_03_NYJ_DEN,2021,3,5.0,5.98228081240746,0,5.736654588511454,5.727224185985866
00-0033857,2021_03_CIN_PIT,2021,3,5.5,11.194480345404314,0,9.956138412624997,10.603114288444615
00-0033871,2021_03_NYJ_DEN,2021,3,9.1,12.719408930465143,0,11.675019818088924,11.964636138254363
00-0033908,2021_03_TB_LA,2021,3,30.6,20.03516488574982,0,19.069378461203584,18.61079300579473
00-0033921,2021_03_TB_LA,2021,3,19.6,16.736229582235477,0,14.58298330194755,15.76842265442971
00-0033932,2021_03_ATL_NYG,2021,3,10.4,11.409949263421815,0,9.785612575518895,10.850979075624377
00-0034104,2021_03_WAS_BUF,2021,3,3.2,5.6125202718513725,0,5.593052631545217,5.360419905899977
00-0034272,2021_03_GB_SF,2021,3,14.9,8.738371726681214,0,8.668291119355331,8.211468052933164
00-0034297,2021_03_LAC_KC,2021,3,3.2,6.439090536568606,0,5.653694343785693,6.215327371767486
00-0034348,2021_03_NYJ_DEN,2021,3,8.7,15.23121025274765,0,13.531631960602573,14.33809544530524
00-0034353,2021_03_CAR_HOU,2021,3,12.0,7.553396637179542,0,6.453080142080462,7.271517102170627
00-0034407,2021_03_CIN_PIT,2021,3,6.300000000000001,7.176670059244191,0,7.254093508420089,6.7706569009144495
00-0034418,2021_03_PHI_DAL,2021,3,9.7,7.405903214465581,0,6.055104821415208,7.170929489782226
00-0034419,2021_03_NYJ_DEN,2021,3,4.6,15.530630370455183,0,14.936230431736666,14.462209314148485
00-0034521,2021_03_GB_SF,2021,3,5.2,6.933349754659592,0,7.516617530604275,6.48136402725866
00-0034652,2021_03_IND_TEN,2021,3,2.3,5.3249500235245755,0,5.192817391455058,5.113877238543788
00-0034676,2021_03_CIN_PIT,2021,3,5.0,9.304373886730845,0,8.75970026932637,8.790179142955036
00-0034686,2021_03_CIN_PIT,2021,3,2.4000000000000004,5.883766788808806,0,6.787454273800242,5.483328655907133
00-0034775,2021_03_ARI_JAX,2021,3,17.4,10.351194072351689,0,8.95507275969908,9.85697306619417
00-0034777,2021_03_ARI_JAX,2021,3,13.9,7.725182166692231,0,7.316253728662005,7.335031781636257
00-0034827,2021_03_CAR_HOU,2021,3,20.5,15.536923693557432,0,14.75603075153628,14.492966036958908
00-0034837,2021_03_ATL_NYG,2021,3,14.1,16.84318014762398,0,15.391208540072432,15.771616169643082
00-0034930,2021_03_BAL_DET,2021,3,0.0,5.4696234383638656,0,4.87835161654054,5.3071413793823785
00-0034960,2021_03_NO_NE,2021,3,18.4,13.167999813737937,0,11.526034907042789,12.453019353791822
00-0034983,2021_03_MIA_LV,2021,3,18.7,10.823218702330943,0,10.291614276589526,10.17044276170247
00-0035140,2021_03_LAC_KC,2021,3,12.5,9.398353463206561,0,9.743850417552022,8.756217328709676
00-0035208,2021_03_ATL_NYG,2021,3,12.2,7.535402443184867,0,7.694919316698542,7.086054163719643
00-0035215,2021_03_NO_NE,2021,3,6.1,6.978339897543422,0,8.287967827511793,6.42481203233574
00-0035298,2021_03_TB_LA,2021,3,3.1,6.932612088134092,0,6.8635411914195705,6.56824709096268
00-0035414,2021_03_LAC_KC,2021,3,0.3,8.747805892773595,0,8.41565849415372,8.255225882113825
00-0035639,2021_03_IND_TEN,2021,3,2.9,10.700347496013153,0,10.233760702981154,10.049914161625214
00-0035640,2021_03_SEA_MIN,2021,3,22.700000000000003,20.151929904420324,0,18.520548328954497,18.806372604376687
00-0035659,2021_03_WAS_BUF,2021,3,10.2,16.181976725873138,0,14.185131225836049,15.24310889995184
00-0035662,2021_03_BAL_DET,2021,3,8.3,14.422696389700477,0,12.84272966346958,13.586363816839285
00-0035719,2021_03_GB_SF,2021,3,10.2,15.604878236934272,0,16.43899325703576,14.338038925137202
00-0036182,2021_03_IND_TEN,2021,3,13.3,8.981049260240276,0,8.077937966752767,8.544089699467111
00-0036219,2021_03_NO_NE,2021,3,14.1,6.8767816239901,0,7.261978260266124,6.456476222739771
00-0036233,2021_03_CHI_CLE,2021,3,5.9,6.166694689690536,0,5.893898255995031,5.898671576711493
00-0036247,2021_03_SEA_MIN,2021,3,3.1,10.85397722409639,0,12.009421726182357,9.972001430982075
00-0036252,2021_03_IND_TEN,2021,3,13.3,18.453667374053722,0,18.424436999298717,17.046065954403367
00-0036254,2021_03_ATL_NYG,2021,3,10.1,6.06805528566298,0,5.991576913065931,5.782569209487739
00-0036261,2021_03_GB_SF,2021,3,14.5,10.069183917866152,0,10.018025058742674,9.41985270314548
00-0036268,2021_03_ARI_JAX,2021,3,8.8,11.32730380352842,0,10.39802779118186,10.682490586803905
00-0036271,2021_03_PHI_DAL,2021,3,6.6000000000000005,9.881291145386909,0,8.578434058541298,9.416884403228268
00-0036277,2021_03_BAL_DET,2021,3,1.8,12.772360010805418,0,10.986837224772344,12.11228903692129
00-0036309,2021_03_CHI_CLE,2021,3,1.9,15.71352123541207,0,15.716499727339585,14.548446485008386
00-0036322,2021_03_SEA_MIN,2021,3,26.8,15.814922156911116,0,16.12442764667839,14.599571750646398
00-0036326,2021_03_CIN_PIT,2021,3,18.6,13.469729425284198,0,12.207166376817282,12.676645468900022
00-0036331,2021_03_BAL_DET,2021,3,10.2,6.544743052791962,0,5.653446694073424,6.325675539157946
00-0036345,2021_03_SEA_MIN,2021,3,4.6,11.299600305593026,0,10.349058103012094,10.660137057001446
00-0036357,2021_03_MIA_LV,2021,3,12.5,9.50820069871225,0,10.2827424943708,8.798584158348108
00-0036358,2021_03_PHI_DAL,2021,3,9.5,17.20121810538454,0,16.910150391426633,15.941587956311023
00-0036365,2021_03_MIA_LV,2021,3,11.9,10.225204718663258,0,10.02924032470773,9.581253385309662
00-0036387,2021_03_PHI_DAL,2021,3,10.3,13.954429017610295,0,12.3887324520232,13.158365633822411
00-0036415,2021_03_TB_LA,2021,3,8.2,12.071400612818023,0,11.938646296032903,11.252648528444755
00-0036427,2021_03_TB_LA,2021,3,9.3,6.446441233309292,0,6.778664585285737,6.072013464991634
00-0036613,2021_03_MIA_LV,2021,3,17.8,15.95056685886026,0,16.21070098193643,14.729623150473511
00-0036626,2021_03_WAS_BUF,2021,3,-0.4,7.1900057080456765,0,8.233372435073369,6.6531461633915665
00-0036900,2021_03_CIN_PIT,2021,3,22.5,14.130476491039362,0,12.095632721920367,13.381520695959686
00-0036912,2021_03_PHI_DAL,2021,3,5.800000000000001,17.54489618436268,0,16.32205906474778,16.379363697668435
00-0036913,2021_03_ATL_NYG,2021,3,3.6,6.444988192060484,0,6.5969657333862814,6.094883191610282
00-0036936,2021_03_ARI_JAX,2021,3,2.4,9.995473712226529,0,9.67730281529669,9.388620060135931
00-0036955,2021_03_CAR_HOU,2021,3,8.8,6.664240968644972,0,6.2359032955398135,6.372271875134834
00-0036963,2021_03_BAL_DET,2021,3,1.2,5.7140657216269,0,5.471607078218147,5.482746459122891
00-0036980,2021_03_NYJ_DEN,2021,3,5.2,7.517724292606348,0,7.854431932953982,7.046186739179147
00-0036999,2021_03_CHI_CLE,2021,3,0.0,6.8689371218329525,0,5.968241287107339,6.621925725506961
00-0026293,2021_04_TB_NE,2021,4,0.0,4.473288128069355,0,4.787381498390642,4.2790477462085015
00-0027685,2021_04_HOU_BUF,2021,4,13.1,10.579350779645877,0,8.757135369827068,10.121764619353836
00-0027793,2021_04_TB_NE,2021,4,13.3,9.295829913476604,0,8.433331052463801,8.825062092278468
00-0027942,2021_04_ARI_LA,2021,4,17.7,9.425528704640687,0,8.426504884908013,8.961400631472399
00-0028002,2021_04_PIT_GB,2021,4,23.9,5.430903210457424,0,5.84106052984106,5.137501516174407
00-0029000,2021_04_HOU_BUF,2021,4,3.6,9.024862970025868,0,9.080900196312683,8.45522333246767
00-0029293,2021_04_JAX_CIN,2021,4,5.4,16.261126555642928,0,14.940900839318193,15.224315225003227
00-0029632,2021_04_SEA_SF,2021,4,7.5,5.95790794496131,0,6.095527576433252,5.653609260436399
00-0030035,2021_04_CLE_MIN,2021,4,7.6,15.489895806494708,0,14.098867363099624,14.53206465445374
00-0030068,2021_04_DET_CHI,2021,4,0.1,6.570885092837752,0,7.569952935727562,6.095745449003429
00-0030279,2021_04_LV_LAC,2021,4,10.6,19.129544300517928,0,16.49333589178986,18.010953753572117
00-0030431,2021_04_ARI_LA,2021,4,14.8,15.005954372769125,0,14.593571345327348,13.960369854503323
00-0030525,2021_04_JAX_CIN,2021,4,1.8,10.793987505516204,0,10.178354665175045,10.155122851428438
00-0030564,2021_04_ARI_LA,2021,4,10.7,16.219993674220287,0,15.456986746378604,15.112100184707923
00-0030669,2021_04_IND_MIA,2021,4,2.1,4.262328070429928,0,4.358805668928047,4.1162998134595234
00-0031235,2021_04_CLE_MIN,2021,4,5.1,18.21274105609018,0,16.595174675600543,17.040023875126177
00-0031236,2021_04_HOU_BUF,2021,4,9.7,16.598939167479145,0,16.661649020997103,15.34608349241449
00-0031325,2021_04_BAL_DEN,2021,4,8.9,11.276513971479556,0,10.58941697876296,10.603771927234105
00-0031381,2021_04_PIT_GB,2021,4,12.4,21.248825497495503,0,19.884887672580064,19.768557711202433
00-0031408,2021_04_TB_NE,2021,4,14.5,16.13871428448167,0,14.867844467450665,15.106306271269627
00-0031428,2021_04_DET_CHI,2021,4,9.3,11.587797549555496,0,10.824374873414444,10.897257247674988
00-0031544,2021_04_CAR_DAL,2021,4,15.9,11.1883325684849,0,10.45831705560853,10.529294811539303
00-0031547,2021_04_IND_MIA,2021,4,17.7,13.405344046262435,0,12.952453664659156,12.509389316770609
00-0031549,2021_04_TB_NE,2021,4,8.9,9.98635349966434,0,8.932976255201442,9.478997896811208
00-0031588,2021_04_HOU_BUF,2021,4,18.4,14.55487153673608,0,13.18084564083868,13.67899124345472
00-0031941,2021_04_TEN_NYJ,2021,4,19.1,6.680833749814474,0,7.450732438850563,6.226547402202719
00-0032009,2021_04_WAS_ATL,2021,4,2.9000000000000004,8.40023468380101,0,7.928062656802308,7.957759618904593
00-0032128,2021_04_HOU_BUF,2021,4,0.0,9.191901371340348,0,8.886197340963813,8.655765321618015
00-0032200,2021_04_NYG_NO,2021,4,7.9,5.513576429879176,0,5.473488267548866,5.273157151730689
00-0032211,2021_04_SEA_SF,2021,4,6.4,17.251852265270465,0,16.389597990811755,16.064323038353013
00-0032355,2021_04_TEN_NYJ,2021,4,11.3,8.220223743009372,0,8.415288758853201,7.704411320873255
00-0032464,2021_04_DET_CHI,2021,4,19.6,12.795040209465474,0,11.465053237464897,12.071785873168285
00-0032688,2021_04_CAR_DAL,2021,4,9.9,6.442705679853104,0,6.15222545545181,6.152191206695796
00-0032977,2021_04_CLE_MIN,2021,4,10.3,6.162616631724003,0,5.51769881218866,5.944905533694411
00-0033009,2021_04_JAX_CIN,2021,4,20.8,11.65113348386557,0,11.418988613543137,10.8835815090415
00-0033040,2021_04_KC_PHI,2021,4,47.6,17.25126595965389,0,14.16162466476908,16.362740490620702
00-0033251,2021_04_IND_MIA,2021,4,8.4,12.230008840511372,0,11.718707940375117,11.447775330534451
00-0033282,2021_04_WAS_ATL,2021,4,5.9,6.7413569060164855,0,6.086603500636568,6.472829333614414
00-0033307,2021_04_TB_NE,2021,4,10.8,8.394695386805282,0,7.163040794057722,8.054654036235176
00-0033375,2021_04_BAL_DEN,2021,4,6.9,12.091759841118577,0,10.185232436307746,11.509242368970234
00-0033460,2021_04_NYG_NO,2021,4,16.7,5.826551415114039,0,5.752324989572294,5.562519280626812
00-0033536,2021_04_LV_LAC,2021,4,2.1,18.509259447215832,0,16.41160634709069,17.37426533421785
00-0033681,2021_04_TEN_NYJ,2021,4,12.2,5.87567129609814,0,6.44239538459598,5.5211883298370985
00-0033857,2021_04_PIT_GB,2021,4,3.1,13.64421525847342,0,14.056156832848782,12.610667234828536
00-0033871,2021_04_TEN_NYJ,2021,4,21.1,15.540452092656864,0,15.291186338022722,14.424823709796796
00-0033908,2021_04_ARI_LA,2021,4,11.4,20.33006887374224,0,19.060284168384797,18.919931614334686
00-0033921,2021_04_TB_NE,2021,4,8.5,14.792658053491646,0,14.657057030442823,13.729140041452062
00-0033932,2021_04_NYG_NO,2021,4,17.6,12.0506317662985,0,9.78728929827644,11.51970965470872
00-0033943,2021_04_TEN_NYJ,2021,4,11.9,10.379240997198496,0,9.247831813432512,9.84696474874257
00-0034348,2021_04_BAL_DEN,2021,4,7.7,15.219085473726254,0,13.558144403050926,14.321877210023374
00-0034353,2021_04_HOU_BUF,2021,4,1.3,11.500784124932114,0,10.260312736903208,10.88211010219626
00-0034418,2021_04_CAR_DAL,2021,4,11.0,7.353129379115212,0,5.970869482456615,7.1271324903947
00-0034521,2021_04_PIT_GB,2021,4,5.300000000000001,9.6539715370887,0,9.151393122675133,9.102632987103574
00-0034676,2021_04_PIT_GB,2021,4,10.9,9.357825017848805,0,8.923554592292334,8.823997186710285
00-0034686,2021_04_JAX_CIN,2021,4,2.8,5.989847843502388,0,5.813104128977968,5.724864397536206
00-0034775,2021_04_ARI_LA,2021,4,1.5,13.958609067005534,0,12.778551537808784,13.110410195473774
00-0034827,2021_04_CAR_DAL,2021,4,31.9,19.236760932685193,0,19.888478910499344,17.66721936261914
00-0034837,2021_04_WAS_ATL,2021,4,15.0,19.500313370049007,0,17.21323744906072,18.30146245100464
00-0034960,2021_04_TB_NE,2021,4,16.8,16.513591444092786,0,16.2172934023556,15.316609027011213
00-0034983,2021_04_LV_LAC,2021,4,16.5,13.51130797447831,0,12.45227977817605,12.687160730258714
00-0035140,2021_04_KC_PHI,2021,4,6.1000000000000005,8.70082675213156,0,9.232091847366156,8.096595161097376
00-0035208,2021_04_WAS_ATL,2021,4,2.5,9.872547936719958,0,9.606691017628608,9.26974684033964
00-0035215,2021_04_NYG_NO,2021,4,10.2,6.889537809201007,0,6.735711374478278,6.540428762136113
00-0035216,2021_04_PIT_GB,2021,4,24.200000000000003,17.838770223403557,0,17.516964271671704,16.525830928830022
00-0035414,2021_04_LV_LAC,2021,4,3.9,7.040272561340991,0,8.385718461909011,6.476358067744945
00-0035639,2021_04_IND_MIA,2021,4,4.2,5.560807580300316,0,4.720061482905606,5.423594515066083
00-0035640,2021_04_SEA_SF,2021,4,16.5,17.950619120012643,0,17.241038523120306,16.679649328131788
00-0035659,2021_04_WAS_ATL,2021,4,30.3,18.41593637073063,0,16.950341148638785,17.204517118164535
00-0035662,2021_04_BAL_DEN,2021,4,19.1,10.67250948171783,0,9.421755591543132,10.129831729146192
00-0035719,2021_04_SEA_SF,2021,4,35.7,16.205723561446142,0,16.740762818975043,14.924897068010324
00-0035864,2021_04_BAL_DEN,2021,4,2.3,5.0562670642255565,0,4.657234425925508,4.905221178491092
00-0036182,2021_04_TEN_NYJ,2021,4,5.9,9.041786740164648,0,8.793234453209516,8.51150328396478
00-0036196,2021_04_HOU_BUF,2021,4,0.0,6.538827952465908,0,5.282259033069858,6.3693187243160585
00-0036219,2021_04_NYG_NO,2021,4,9.4,11.064626262404563,0,9.256251727201198,10.56146576511347
00-0036247,2021_04_SEA_SF,2021,4,11.0,7.474973401698112,0,6.68075042052604,7.1590760833898175
00-0036252,2021_04_IND_MIA,2021,4,11.9,16.610390736498392,0,15.119295933741896,15.565048852255948
00-0036261,2021_04_SEA_SF,2021,4,2.5,8.683063213686305,0,7.696506387329816,8.284147836142212
00-0036268,2021_04_JAX_CIN,2021,4,17.0,12.235204765905744,0,10.988949320753765,11.551145821413508
00-0036271,2021_04_KC_PHI,2021,4,6.300000000000001,8.819511328907335,0,7.381000339932823,8.468963318648004
00-0036277,2021_04_DET_CHI,2021,4,12.3,11.040169095863236,0,10.424012142266864,10.379197198727848
00-0036309,2021_04_DET_CHI,2021,4,18.5,11.95751223482015,0,10.549022759908729,11.320243981537397
00-0036322,2021_04_CLE_MIN,2021,4,20.4,17.02609851391034,0,16.738679209244168,15.781754565210086
00-0036331,2021_04_BAL_DEN,2021,4,6.1,5.8278396541330855,0,5.822845921648054,5.5543993329700525
00-0036345,2021_04_CLE_MIN,2021,4,6.6,9.437079188816918,0,8.625284860361102,8.946781384992402
00-0036357,2021_04_LV_LAC,2021,4,9.0,13.012677471631358,0,12.628525813799728,12.142870783679731
00-0036358,2021_04_CAR_DAL,2021,4,3.3,15.86367640850844,0,14.87822009816303,14.817738484055868
00-0036365,2021_04_LV_LAC,2021,4,1.4,11.397524766653193,0,10.06862884696654,10.800020982440603
00-0036387,2021_04_KC_PHI,2021,4,3.1,11.792866871255416,0,12.068886766974412,10.94434282675326
00-0036415,2021_04_ARI_LA,2021,4,21.0,10.171570985952417,0,9.84861617412362,9.549495460718555
00-0036613,2021_04_IND_MIA,2021,4,6.300000000000001,14.689842940939448,0,16.065207442661848,13.43279143740282
00-0036626,2021_04_WAS_ATL,2021,4,2.9000000000000004,7.261583472777205,0,7.175161970795956,6.869911390884406
00-0036900,2021_04_JAX_CIN,2021,4,13.7,14.81553452655204,0,14.235765379723793,13.80957011941958
00-0036912,2021_04_KC_PHI,2021,4,19.200000000000003,15.059411894712465,0,12.757633229708016,14.262598680230838
00-0036913,2021_04_NYG_NO,2021,4,13.9,9.420179942938374,0,9.607275988291208,8.797337475547026
00-0036936,2021_04_ARI_LA,2021,4,6.7,9.84137547328302,0,8.753922138217265,9.351653959730866
00-0036955,2021_04_CAR_DAL,2021,4,1.2,9.572917840883418,0,8.736440445776433,9.073695698216303
00-0036963,2021_04_DET_CHI,2021,4,13.0,8.375293383656098,0,8.084452230703643,7.9107276864720415
00-0026293,2021_05_NE_HOU,2021,5,0.0,4.122959125649277,0,4.153308486452575,3.998361567047045
00-0027685,2021_05_BUF_KC,2021,5,20.4,15.465468063706577,0,12.52865273084305,14.717306824305222
00-0027793,2021_05_MIA_TB,2021,5,31.4,9.43760478915289,0,8.599105045758932,8.95084392947446
00-0027942,2021_05_SF_ARI,2021,5,2.3,9.051768117630754,0,7.6406404684091696,8.676621671858635
00-0028002,2021_05_GB_CIN,2021,5,5.0,8.630977925785189,0,8.843569384762766,8.075809852276059
00-0029000,2021_05_BUF_KC,2021,5,1.5,10.437416118100694,0,9.156728747939107,9.919934607144905
00-0029293,2021_05_TEN_JAX,2021,5,3.5,15.564455845261065,0,15.226883697912644,14.458517182613193
00-0029632,2021_05_SF_ARI,2021,5,3.9,5.553125190373471,0,4.4593664816165015,5.450562539680929
00-0030035,2021_05_DET_MIN,2021,5,6.0,16.578247734127828,0,15.19117502661831,15.5218400660572
00-0030068,2021_05_CHI_LV,2021,5,1.8,6.01624130707094,0,6.006760538526587,5.726430810941088
00-0030085,2021_05_NO_WAS,2021,5,3.8,9.829348718798624,0,8.02020959140662,9.437572419461812
00-0030279,2021_05_CLE_LAC,2021,5,13.5,18.806276383689603,0,17.216283181188228,17.576389042780505
00-0030431,2021_05_LA_SEA,2021,5,27.0,14.236171696485211,0,14.566400363305352,13.160263688672718
00-0030525,2021_05_TEN_JAX,2021,5,10.4,4.59073336528341,0,4.930609959338434,4.3824522563781265
00-0030564,2021_05_SF_ARI,2021,5,20.700000000000003,15.27113213089731,0,13.148085153767257,14.43125717542958
00-0031235,2021_05_CLE_LAC,2021,5,4.0,14.00027700999536,0,12.569259984135114,13.182007203536646
00-0031236,2021_05_NE_HOU,2021,5,5.300000000000001,17.118265117942585,0,15.167864333886348,16.0888169162921
00-0031381,2021_05_GB_CIN,2021,5,37.6,19.548549084553702,0,20.3585623928526,17.92967391151611
00-0031408,2021_05_MIA_TB,2021,5,29.3,16.623316658757016,0,15.358738699426326,15.546408145125866
00-0031428,2021_05_CHI_LV,2021,5,7.2,11.894262117995654,0,10.749514965148752,11.227293398238968
00-0031544,2021_05_NYG_DAL,2021,5,15.0,15.469450798631883,0,13.830949401266263,14.546676287534073
00-0031549,2021_05_NE_HOU,2021,5,6.2,9.242436893639747,0,8.764263720114275,8.724896401623635
00-0031588,2021_05_BUF_KC,2021,5,8.9,19.334070678151715,0,17.236228521640474,18.12479775149855
00-0031763,2021_05_NO_WAS,2021,5,11.3,8.793783993527718,0,9.042038483024868,8.219162775818676
00-0031941,2021_05_NYJ_ATL,2021,5,8.4,9.476725269201015,0,8.961641243670382,8.943032631726467
00-0032009,2021_05_NO_WAS,2021,5,10.3,6.811981102058631,0,7.00647803974575,6.423108287373431
00-0032128,2021_05_NE_HOU,2021,5,15.4,9.863608499908393,0,9.401750325775192,9.28791922550214
00-0032200,2021_05_NO_WAS,2021,5,0.0,7.551495081843746,0,7.19111633545072,7.170475378171782
00-0032211,2021_05_LA_SEA,2021,5,10.7,16.281979158462196,0,14.715450750373916,15.276347052125043
00-0032355,2021_05_TEN_JAX,2021,5,4.5,6.990794606406413,0,6.63281475894012,6.6599643607110375
00-0032398,2021_05_NE_HOU,2021,5,21.9,8.029361117080883,0,7.148904094567576,7.675095050060496
00-0032464,2021_05_DET_MIN,2021,5,0.0,10.929436801066748,0,11.042736166344984,10.180535668805735
00-0032688,2021_05_PHI_CAR,2021,5,5.0,8.588139133112454,0,8.806865559561349,8.036006837033092
00-0032775,2021_05_BUF_KC,2021,5,1.8,10.24512930576368,0,10.742298394269886,9.506353448066411
00-0032778,2021_05_NYJ_ATL,2021,5,9.3,9.787806194010395,0,8.420086587512404,9.340526751652616
00-0032977,2021_05_CLE_LAC,2021,5,11.9,6.215235764241352,0,6.2492187625580495,5.901665062477551
00-0032980,2021_05_TEN_JAX,2021,5,8.2,9.102750236973867,0,7.955915488226051,8.68753866935499
00-0033009,2021_05_GB_CIN,2021,5,6.4,15.297631522238804,0,14.559773152006226,14.26945488344653
00-0033040,2021_05_BUF_KC,2021,5,14.8,19.873070479078198,0,17.580426570447383,18.641386566005636
00-0033251,2021_05_IND_BAL,2021,5,7.800000000000001,12.392699851563105,0,12.218792438322268,11.550526512435564
00-0033307,2021_05_NE_HOU,2021,5,6.800000000000001,7.617611450026656,0,7.076489762860497,7.254894159265164
00-0033375,2021_05_DEN_PIT,2021,5,15.9,11.779341586222783,0,11.748649220538608,10.97320167238442
00-0033460,2021_05_NYG_DAL,2021,5,2.3,9.573970873030255,0,8.091773665778332,9.161319786309257
00-0033536,2021_05_CLE_LAC,2021,5,36.5,16.97481909152339,0,15.201395470549413,15.934540246939685
00-0033572,2021_05_TEN_JAX,2021,5,10.9,7.928143252633671,0,7.520170735575044,7.519580555399657
00-0033589,2021_05_DEN_PIT,2021,5,0.0,5.806191036492909,0,5.882989564111343,5.52372313044965
00-0033681,2021_05_NYJ_ATL,2021,5,5.800000000000001,6.015011493233209,0,6.752800990861712,5.625016172693406
00-0033857,2021_05_DEN_PIT,2021,5,0.6000000000000001,8.962708144540805,0,7.893636015338471,8.549675463734037
00-0033871,2021_05_NYJ_ATL,2021,5,8.5,14.590983733898614,0,12.829259184384467,13.763885582694847
00-0033908,2021_05_LA_SEA,2021,5,16.200000000000003,19.504205843367842,0,18.346025005306775,18.15348850189731
00-0033921,2021_05_MIA_TB,2021,5,14.0,12.353273022862119,0,10.135001964579756,11.789037778100289
00-0033932,2021_05_NYG_DAL,2021,5,0.0,10.346826120915868,0,9.569173967939037,9.769990160734537
00-0034348,2021_05_DEN_PIT,2021,5,25.0,15.523693235364899,0,14.3644051840802,14.531714133504568
00-0034407,2021_05_DEN_PIT,2021,5,1.1,7.076307005293376,0,6.938490592487697,6.708223812453953
00-0034418,2021_05_NYG_DAL,2021,5,5.98,8.428357658983268,0,8.347572517514356,7.930818723636513
00-0034521,2021_05_GB_CIN,2021,5,2.6,9.352245633795542,0,8.497473784439169,8.87535844089249
00-0034775,2021_05_SF_ARI,2021,5,10.0,8.940263533059245,0,7.901899000899304,8.525131353807566
00-0034827,2021_05_PHI_CAR,2021,5,8.8,17.015870445502628,0,18.63938885758213,15.515969520359016
00-0034854,2021_05_DET_MIN,2021,5,4.7,5.939490167890038,0,6.022392956101943,5.644194547604631
00-0034960,2021_05_NE_HOU,2021,5,9.6,14.269735156356976,0,14.900517643635627,13.1504644141554
00-0034983,2021_05_CHI_LV,2021,5,11.6,16.023832507710452,0,15.214650547858264,14.939807878291978
00-0035140,2021_05_BUF_KC,2021,5,16.6,11.4720536906117,0,11.641150674649868,10.666781280768422
00-0035208,2021_05_NYJ_ATL,2021,5,4.0,10.34181608128236,0,9.028697193644602,9.837299651483033
00-0035215,2021_05_NO_WAS,2021,5,14.2,8.167703119971641,0,7.655015309387832,7.751613827925208
00-0035216,2021_05_DEN_PIT,2021,5,15.2,17.751621866760665,0,18.038773446067765,16.364801610777583
00-0035350,2021_05_MIA_TB,2021,5,9.7,7.704904078429905,0,7.429923484265768,7.298602529605134
00-0035414,2021_05_CLE_LAC,2021,5,5.5,7.39874931625503,0,7.412180928453599,6.981318587759501
00-0035639,2021_05_IND_BAL,2021,5,9.6,6.37973924176276,0,5.353837433788043,6.193602512928743
00-0035640,2021_05_LA_SEA,2021,5,26.8,16.89588619823311,0,15.11211818638765,15.86410650817173
00-0035659,2021_05_NO_WAS,2021,5,8.600000000000001,17.806481495989967,0,17.034282252144067,16.556900951949913
00-0035662,2021_05_IND_BAL,2021,5,33.5,15.572178132254361,0,13.5825534380955,14.687275654894204
00-0035676,2021_05_TEN_JAX,2021,5,6.800000000000001,11.514401853673794,0,10.376744472714586,10.880701777120654
00-0035719,2021_05_SF_ARI,2021,5,16.1,17.163566204486322,0,17.049890028102524,15.883519195976248
00-0035864,2021_05_DEN_PIT,2021,5,10.5,5.7147353287103755,0,6.15943052939305,5.391128714722183
00-0036133,2021_05_IND_BAL,2021,5,3.5,8.181049840792037,0,7.492039084541063,7.78742354969598
00-0036219,2021_05_NO_WAS,2021,5,24.5,10.825874923287538,0,9.825482527521082,10.235778532046169
00-0036233,2021_05_CLE_LAC,2021,5,12.0,8.69339151300655,0,8.030195272669566,8.25014553813382
00-0036247,2021_05_LA_SEA,2021,5,1.9,7.2468045394447556,0,7.985240844594867,6.745754734996543
00-0036252,2021_05_IND_BAL,2021,5,20.9,16.20320533331234,0,14.282558992615844,15.252197955674667
00-0036254,2021_05_NYG_DAL,2021,5,0.0,9.407695360849774,0,9.052297427915164,8.858788946093876
00-0036261,2021_05_SF_ARI,2021,5,5.2,9.788105353126172,0,9.123489859324698,9.246431150579822
00-0036268,2021_05_TEN_JAX,2021,5,6.800000000000001,14.644903530960585,0,12.035340850523838,13.926741373668325
00-0036271,2021_05_PHI_CAR,2021,5,7.800000000000001,9.989490530143387,0,10.177641320426403,9.315219417497715
00-0036309,2021_05_CHI_LV,2021,5,6.5,13.92298327945275,0,13.57481035855264,12.96634159219921
00-0036322,2021_05_DET_MIN,2021,5,19.4,16.434269209218918,0,14.84833233639467,15.417522782596013
00-0036326,2021_05_DEN_PIT,2021,5,24.0,11.408586248316405,0,10.17970145308035,10.796662884763087
00-0036331,2021_05_IND_BAL,2021,5,8.5,10.729784106207385,0,9.354943049086122,10.198601176068545
00-0036345,2021_05_DET_MIN,2021,5,4.4,9.535489867919692,0,8.358283379590672,9.085370763058886
00-0036357,2021_05_CHI_LV,2021,5,8.100000000000001,13.566857520256729,0,11.470823692095124,12.876888754126249
00-0036358,2021_05_NYG_DAL,2021,5,18.8,16.96986246175453,0,15.305804882389008,15.915351470737551
00-0036365,2021_05_CHI_LV,2021,5,4.2,9.352328400945868,0,8.703929973239685,8.847735140083143
00-0036387,2021_05_PHI_CAR,2021,5,5.4,10.702145668875868,0,10.696779600343568,9.989647150565483
00-0036410,2021_05_GB_CIN,2021,5,10.2,13.58199563238497,0,11.928960470570445,12.831205628083264
00-0036415,2021_05_LA_SEA,2021,5,2.6,8.544722502157702,0,7.2662693487975,8.197446879427453
00-0036427,2021_05_MIA_TB,2021,5,7.2,6.602931470170211,0,6.284710254480253,6.301706133597459
00-0036613,2021_05_MIA_TB,2021,5,5.300000000000001,15.089994540773839,0,15.234523643937369,13.962092645740803
00-0036671,2021_05_NO_WAS,2021,5,1.6,5.1954826501762135,0,5.836291336671033,4.892332021882245
00-0036900,2021_05_GB_CIN,2021,5,27.9,15.085282363934136,0,13.998870220872211,14.123016961559347
00-0036912,2021_05_PHI_CAR,2021,5,14.7,15.295816836397561,0,13.752755556247042,14.37587477647434
00-0036913,2021_05_NYG_DAL,2021,5,29.6,8.734019106525327,0,9.525829359423694,8.091828014648847
00-0036936,2021_05_SF_ARI,2021,5,14.7,8.958300901086044,0,9.311766621395163,8.354737935847186
00-0036955,2021_05_PHI_CAR,2021,5,3.4000000000000004,8.894327973493347,0,8.269220869412047,8.427868206435743
00-0036963,2021_05_DET_MIN,2021,5,13.5,8.35874280190188,0,7.935587824624594,7.913426715386048
00-0036980,2021_05_NYJ_ATL,2021,5,0.0,7.292700315059705,0,7.288289278695254,6.887217916819509
00-0027685,2021_06_BUF_TEN,2021,6,14.1,13.396899071199579,0,11.701851314114569,12.668422492148908
00-0027793,2021_06_TB_PHI,2021,6,24.3,9.103195837468103,0,9.754067365411768,8.44666321121843
00-0027942,2021_06_ARI_CLE,2021,6,18.9,6.597004952059361,0,6.110573036509016,6.318890078078944
00-0027944,2021_06_BUF_TEN,2021,6,8.9,9.124365618560763,0,8.733882061974574,8.605692382099246
00-0029000,2021_06_BUF_TEN,2021,6,21.8,13.32813715859961,0,12.762677611601111,12.454246292837643
00-0029293,2021_06_MIA_JAX,2021,6,23.0,14.526143253253213,0,14.108768546323086,13.524453104318264
00-0029608,2021_06_HOU_IND,2021,6,12.0,5.754859568954902,0,5.73644967199423,5.4897944170009145
00-0030035,2021_06_MIN_CAR,2021,6,29.8,15.03976248183333,0,13.620529330812838,14.126267695938248
00-0030068,2021_06_GB_CHI,2021,6,2.2,5.781319409259412,0,5.8423540674596675,5.503207859208659
00-0030279,2021_06_LAC_BAL,2021,6,10.0,16.969176695480364,0,15.338359226999426,15.91026612842937
00-0030431,2021_06_LA_NYG,2021,6,11.1,17.230131347983825,0,16.577780652386334,16.01638646273728
00-0030564,2021_06_ARI_CLE,2021,6,20.5,16.687991304839688,0,15.326954910632724,15.618202755661354
00-0031235,2021_06_ARI_CLE,2021,6,12.9,9.161941759638674,0,8.898835082940321,8.622787414618251
00-0031236,2021_06_HOU_IND,2021,6,17.9,16.959335793390988,0,15.215675188640656,15.91645710927661
00-0031381,2021_06_GB_CHI,2021,6,12.9,20.47556186417915,0,19.097767316524152,19.0668143275053
00-0031408,2021_06_TB_PHI,2021,6,4.7,16.49911554081557,0,15.10202924886986,15.451180581956788
00-0031428,2021_06_GB_CHI,2021,6,9.3,11.643058144492644,0,10.395262676175172,11.012550191069533
00-0031544,2021_06_DAL_NE,2021,6,10.5,14.979120822634668,0,13.52775480479538,14.075401763477952
00-0031549,2021_06_DAL_NE,2021,6,3.8,7.5825213238038,0,7.075148383558771,7.218435551249265
00-0031588,2021_06_BUF_TEN,2021,6,23.9,17.7823144532581,0,15.009588223802078,16.803413725637164
00-0032009,2021_06_KC_WAS,2021,6,0.6,6.405905071152227,0,6.483847156113297,6.0692576658665285
00-0032128,2021_06_HOU_IND,2021,6,2.0,6.255470787100709,0,4.242050376121252,6.213069723575164
00-0032211,2021_06_SEA_PIT,2021,6,5.5,16.403132774564952,0,15.350403062554951,15.317626390439894
00-0032385,2021_06_LA_NYG,2021,6,17.6,15.279811945218052,0,14.917771408121974,14.202799845976516
00-0032398,2021_06_HOU_IND,2021,6,5.4,10.538875361889923,0,8.79371305248176,10.074593724370343
00-0032464,2021_06_CIN_DET,2021,6,9.7,12.074133133066368,0,12.184720138122424,11.222474591208188
00-0032688,2021_06_MIN_CAR,2021,6,10.1,8.183038161007797,0,9.197364337402597,7.560617707708574
00-0032775,2021_06_KC_WAS,2021,6,13.6,8.780168476691674,0,8.696766381078954,8.251287445236603
00-0032977,2021_06_ARI_CLE,2021,6,0.0,6.287242035638322,0,6.771133371787072,5.906799665564624
00-0032980,2021_06_BUF_TEN,2021,6,0.0,7.422190062733138,0,7.306380867382987,7.019993826335595
00-0033009,2021_06_CIN_DET,2021,6,1.7000000000000002,11.801808246930337,0,11.04477410371268,11.091131070957648
00-0033040,2021_06_KC_WAS,2021,6,22.6,12.108955109012976,0,10.49108339058153,11.486146372018428
00-0033251,2021_06_HOU_IND,2021,6,0.0,11.479284750969887,0,11.404138075206347,10.70614232472454
00-0033307,2021_06_DAL_NE,2021,6,14.5,7.581160705380182,0,6.484456749445041,7.29629514782992
00-0033375,2021_06_LV_DEN,2021,6,13.2,13.351586162362494,0,12.497335134901322,12.514343295328006
00-0033460,2021_06_LA_NYG,2021,6,0.0,6.026713745123617,0,5.93769140103241,5.746635576646132
00-0033536,2021_06_LAC_BAL,2021,6,4.7,11.287772200326307,0,10.276785850703222,10.657487072565136
00-0033555,2021_06_MIA_JAX,2021,6,10.1,10.711218093647568,0,10.120251968858254,10.076499161742156
00-0033572,2021_06_MIA_JAX,2021,6,12.8,10.992014574449847,0,9.48969369853266,10.454318102203066
00-0033908,2021_06_LA_NYG,2021,6,34.0,18.336038851124986,0,17.514113960072564,17.04542642350823
00-0033921,2021_06_TB_PHI,2021,6,9.3,16.034919581257732,0,14.96490352303682,14.984904263525165
00-0034052,2021_06_MIN_CAR,2021,6,6.2,5.119324705942263,0,5.00478527728427,4.924414654923802
00-0034297,2021_06_KC_WAS,2021,6,8.5,5.858340791069605,0,5.243064732937698,5.664062378084865
00-0034348,2021_06_LV_DEN,2021,6,23.4,15.373935188523673,0,14.315147704933466,14.381958451736876
00-0034407,2021_06_SEA_PIT,2021,6,3.8,9.041097809359162,0,8.414461739540442,8.561621303179905
00-0034418,2021_06_DAL_NE,2021,6,8.2,8.464799327963407,0,7.829130334274814,8.038451779671101
00-0034521,2021_06_GB_CHI,2021,6,11.7,9.184605733469601,0,8.231899155959022,8.735965003983463
00-0034775,2021_06_ARI_CLE,2021,6,18.5,12.7858034318083,0,11.9511865987794,11.996894612146448
00-0034827,2021_06_MIN_CAR,2021,6,10.9,16.009447832883758,0,13.254734249093971,15.187840506041628
00-0034854,2021_06_CIN_DET,2021,6,2.9,9.234908216384232,0,8.780310254164288,8.714881784836187
00-0034860,2021_06_LA_NYG,2021,6,9.8,7.566370069462855,0,6.865090529487817,7.229764668582389
00-0034960,2021_06_DAL_NE,2021,6,11.4,10.732467456234195,0,9.97819471793703,10.117752605736548
00-0034983,2021_06_LV_DEN,2021,6,6.6,10.913551385786334,0,9.371620417458534,10.38823967902975
00-0035140,2021_06_KC_WAS,2021,6,8.8,11.094772398659074,0,9.3666938379297,10.578119144445475
00-0035216,2021_06_SEA_PIT,2021,6,18.6,16.51143666342413,0,14.164249334477391,15.589910485468229
00-0035414,2021_06_LAC_BAL,2021,6,2.5,9.060536326108252,0,9.054907340010564,8.495959599412316
00-0035640,2021_06_SEA_PIT,2021,6,11.8,14.729053606203781,0,13.266950897319658,13.849303211678311
00-0035659,2021_06_KC_WAS,2021,6,6.800000000000001,18.458866291701714,0,18.207369955686495,17.08062816543059
00-0035662,2021_06_LAC_BAL,2021,6,7.5,14.000467150416544,0,12.883452250771397,13.140036110692218
00-0035676,2021_06_BUF_TEN,2021,6,16.1,14.389098942837064,0,12.953825662973369,13.536372866269083
00-0035864,2021_06_LV_DEN,2021,6,8.7,6.181965963496047,0,6.696700504060218,5.806867873718383
00-0036182,2021_06_BUF_TEN,2021,6,5.7,6.244653331197904,0,7.0991673956473065,5.818304125705208
00-0036196,2021_06_BUF_TEN,2021,6,4.5,5.754374615846661,0,5.442068475090901,5.528798724956085
00-0036233,2021_06_ARI_CLE,2021,6,26.1,8.855503805101762,0,8.168260863253304,8.400881186121374
00-0036247,2021_06_SEA_PIT,2021,6,1.6,10.212272147075602,0,10.318104250891851,9.528979947391262
00-0036252,2021_06_HOU_IND,2021,6,5.800000000000001,16.693898055006244,0,12.852623914883925,15.956464937195202
00-0036254,2021_06_LA_NYG,2021,6,4.1,6.344172368086965,0,6.175929825348804,6.046128145265355
00-0036268,2021_06_MIA_JAX,2021,6,11.4,12.671875625987212,0,13.183474940246125,11.712546415939606
00-0036271,2021_06_TB_PHI,2021,6,9.4,10.529784040249565,0,10.377223601021278,9.852568779740734
00-0036309,2021_06_GB_CHI,2021,6,15.5,13.501580899288692,0,11.361181208218028,12.823447270033345
00-0036322,2021_06_MIN_CAR,2021,6,14.0,15.083402794874925,0,14.019230755972108,14.118321738458404
00-0036326,2021_06_SEA_PIT,2021,6,3.7,15.186925860610433,0,14.498943269452688,14.16202815798734
00-0036331,2021_06_LAC_BAL,2021,6,4.6,6.096655537663066,0,5.309484345341818,5.9039793065730715
00-0036345,2021_06_MIN_CAR,2021,6,19.8,8.347722426511119,0,8.555921723592519,7.818661289858907
00-0036357,2021_06_LV_DEN,2021,6,18.700000000000003,8.929658165277832,0,8.413708331843809,8.445364981687257
00-0036358,2021_06_DAL_NE,2021,6,36.1,15.648135608287241,0,14.26745599088192,14.674660240888528
00-0036365,2021_06_LV_DEN,2021,6,8.7,9.605049038819304,0,8.92451229794896,9.082002587279302
00-0036387,2021_06_TB_PHI,2021,6,0.0,12.720583657319313,0,12.606075023324053,11.840900215290764
00-0036410,2021_06_CIN_DET,2021,6,7.4,11.082248664814466,0,11.252815752389642,10.311895034207954
00-0036415,2021_06_LA_NYG,2021,6,4.9,8.301766468455808,0,7.879688650278798,7.861438596766751
00-0036550,2021_06_LAC_BAL,2021,6,6.9,7.439265739561354,0,7.084787755181252,7.067564384972155
00-0036554,2021_06_HOU_IND,2021,6,8.4,5.975763741178771,0,5.043623308544868,5.8134353933344745
00-0036613,2021_06_MIA_JAX,2021,6,29.0,14.682086740339626,0,13.671054663238444,13.746026528243984
00-0036626,2021_06_KC_WAS,2021,6,6.0,9.939652392276857,0,10.151456960440887,9.266696297767895
00-0036900,2021_06_CIN_DET,2021,6,13.7,16.752706063130024,0,16.212334008288263,15.566941329626172
00-0036912,2021_06_TB_PHI,2021,6,5.1,17.181062740682975,0,16.713123854574786,15.946987252083035
00-0036936,2021_06_ARI_CLE,2021,6,5.6,10.355191832401182,0,8.919768459032447,9.865885647587811
00-0036963,2021_06_CIN_DET,2021,6,9.6,11.67346709079638,0,11.953727321719107,10.835130209404744
00-0036988,2021_06_LAC_BAL,2021,6,1.8,5.883720289684758,0,5.736350592107143,5.624355019285361
00-0036999,2021_06_ARI_CLE,2021,6,2.8,6.003761814070268,0,5.014314374831811,5.8466027398241724
00-0026035,2021_07_HOU_ARI,2021,7,4.7,4.77841381064742,0,4.685005748673054,4.611378992019311
00-0027942,2021_07_HOU_ARI,2021,7,9.6,8.75692805932619,0,8.25057228566497,8.286907814883286
00-0027944,2021_07_KC_TEN,2021,7,5.800000000000001,7.402895967730616,0,7.039401436108205,7.035681195900059
00-0028002,2021_07_WAS_GB,2021,7,5.2,7.426272055171311,0,7.117440823019079,7.049614729721981
00-0029632,2021_07_IND_SF,2021,7,2.6,4.677950000052411,0,4.91605277319957,4.47547154111688
00-0030068,2021_07_CHI_TB,2021,7,3.6,5.513643024673065,0,5.580588566549512,5.258852113358861
00-0030085,2021_07_NO_SEA,2021,7,0.0,5.64179712208721,0,6.505324480745398,5.268547270871029
00-0030431,2021_07_DET_LA,2021,7,15.0,15.841901614425385,0,14.859036985997284,14.797577455363069
00-0030564,2021_07_HOU_ARI,2021,7,18.3,15.47965029223693,0,14.46762918647356,14.471873278009689
00-0031235,2021_07_DEN_CLE,2021,7,4.300000000000001,9.87097421667956,0,9.187221211534853,9.324403225135692
00-0031236,2021_07_HOU_ARI,2021,7,7.1,17.793757027345553,0,17.501391074846122,16.480921486386634
00-0031381,2021_07_WAS_GB,2021,7,19.6,19.39562844036308,0,17.379036615081635,18.169904909847705
00-0031382,2021_07_DEN_CLE,2021,7,8.7,8.987209109907365,0,9.262757053544654,8.39149972226979
00-0031408,2021_07_CHI_TB,2021,7,31.6,14.56334025222449,0,13.67780549308943,13.621133725343734
00-0031428,2021_07_CHI_TB,2021,7,3.6,13.299628636842339,0,13.843122580855765,12.279466714635062
00-0031549,2021_07_NYJ_NE,2021,7,13.1,8.22217275651805,0,8.790850030067483,7.65604001832616
00-0031763,2021_07_WAS_GB,2021,7,4.1,8.609422603319342,0,9.101909640641786,8.018629908603039
00-0031941,2021_07_NYJ_NE,2021,7,7.4,13.894826967665159,0,13.09319734939426,13.00158291488075
00-0032009,2021_07_WAS_GB,2021,7,6.6,7.836509273978967,0,8.17414099517072,7.336129536191373
00-0032211,2021_07_NO_SEA,2021,7,3.2,14.68331533110246,0,13.400631985324445,13.783604382035756
00-0032464,2021_07_DET_LA,2021,7,17.6,12.022342655910998,0,11.889622331491523,11.20800545880735
00-0032626,2021_07_DET_LA,2021,7,0.0,5.577131724245716,0,5.632997600769155,5.318108419382414
00-0032688,2021_07_CAR_NYG,2021,7,4.4,8.225331704692412,0,8.800593891258263,7.65803058798537
00-0032775,2021_07_KC_TEN,2021,7,1.7000000000000002,10.394422375444018,0,10.157525364872496,9.740720661706694
00-0032977,2021_07_DEN_CLE,2021,7,0.8,5.96274949447626,0,6.041825157000875,5.6658721890680255
00-0032980,2021_07_KC_TEN,2021,7,0.5,5.33587659813619,0,5.653596896484129,5.0634420250022
00-0033009,2021_07_CIN_BAL,2021,7,7.9,11.29137867042825,0,10.555070118427068,10.62390249835848
00-0033040,2021_07_KC_TEN,2021,7,12.7,17.96284058860162,0,15.222941419800536,16.963271014024514
00-0033251,2021_07_IND_SF,2021,7,4.4,10.248686260469476,0,10.166789049189973,9.58730992289043
00-0033307,2021_07_NYJ_NE,2021,7,15.8,7.478563333495101,0,7.4599450487828385,7.058244064318318
00-0033375,2021_07_DEN_CLE,2021,7,3.6,12.259484968974116,0,11.898253880027346,11.454454296470752
00-0033460,2021_07_CAR_NYG,2021,7,4.7,5.384651149139031,0,5.728151330238023,5.104362585084298
00-0033555,2021_07_ATL_MIA,2021,7,9.3,7.282732039386981,0,7.067454688931452,6.906449275923646
00-0033681,2021_07_NYJ_NE,2021,7,1.6,6.009632284940246,0,5.9823599581057225,5.722805082624645
00-0033871,2021_07_NYJ_NE,2021,7,14.7,12.893976029088357,0,11.339612488831138,12.191923853140858
00-0033908,2021_07_DET_LA,2021,7,37.6,20.775833219295983,0,19.259676061067076,19.35860582255181
00-0033921,2021_07_CHI_TB,2021,7,25.1,14.669278820512428,0,14.643104664689467,13.602188751862045
00-0033943,2021_07_KC_TEN,2021,7,5.300000000000001,9.234352887434357,0,8.847911841304564,8.705228735882487
00-0034297,2021_07_KC_TEN,2021,7,12.3,6.211551008422873,0,6.38155357392413,5.880056252662277
00-0034317,2021_07_CAR_NYG,2021,7,4.7,5.307365900102189,0,5.062210357445298,5.113046684767824
00-0034348,2021_07_DEN_CLE,2021,7,11.8,16.843721770086706,0,16.3563560917836,15.642643465773345
00-0034411,2021_07_ATL_MIA,2021,7,16.7,6.634034031207165,0,6.790414782077492,6.26630761038308
00-0034521,2021_07_WAS_GB,2021,7,17.0,9.760078759585609,0,9.579666969595833,9.155941492653437
00-0034765,2021_07_NO_SEA,2021,7,2.1,5.22164552654537,0,6.37525582127054,4.8473118094117496
00-0034775,2021_07_HOU_ARI,2021,7,15.0,12.257043543612257,0,10.211534696083152,11.678289806082663
00-0034827,2021_07_CAR_NYG,2021,7,13.3,17.515353611169473,0,15.511192097213376,16.45734872753505
00-0034837,2021_07_ATL_MIA,2021,7,12.6,15.460950160711533,0,13.496538375854414,14.582683823810466
00-0034854,2021_07_DET_LA,2021,7,1.3,4.8887862418804335,0,5.785336771278223,4.578940113774067
00-0034860,2021_07_CAR_NYG,2021,7,15.54,10.08432203803384,0,9.764641022967943,9.46966705142647
00-0034960,2021_07_NYJ_NE,2021,7,9.4,14.464077576576429,0,15.156366585649998,13.31904408741487
00-0034983,2021_07_PHI_LV,2021,7,12.8,10.98051681335645,0,10.128636857321023,10.356556563980304
00-0035021,2021_07_IND_SF,2021,7,2.0,5.2738663188572446,0,5.732663940339842,4.98808319036169
00-0035140,2021_07_KC_TEN,2021,7,4.800000000000001,12.457979808418102,0,10.876972740531658,11.798780903984158
00-0035350,2021_07_ATL_MIA,2021,7,1.5,7.440687091711606,0,7.848903765336073,6.966491879069626
00-0035359,2021_07_CAR_NYG,2021,7,0.0,5.641304199853156,0,5.599490577208816,5.389609984465258
00-0035535,2021_07_CAR_NYG,2021,7,11.3,8.666560414079795,0,8.097358692019577,8.213115986783196
00-0035640,2021_07_NO_SEA,2021,7,17.6,16.056516426476797,0,15.019944963445692,15.000066729730996
00-0035659,2021_07_WAS_GB,2021,7,25.200000000000003,16.539336680764162,0,14.800592055478363,15.533634357679382
00-0035662,2021_07_CIN_BAL,2021,7,19.0,16.18035983592435,0,14.198899931304773,15.239572676806215
00-0035676,2021_07_KC_TEN,2021,7,27.3,12.751216124575661,0,10.599908805545828,12.142144055946734
00-0035719,2021_07_IND_SF,2021,7,21.0,15.818255396393315,0,16.35724445676939,14.571804347785452
00-0035864,2021_07_DEN_CLE,2021,7,3.5,4.781502270727063,0,4.939679976400323,4.58042239291025
00-0036219,2021_07_NO_SEA,2021,7,6.2,11.262100419695274,0,9.561259712404162,10.726717448691309
00-0036247,2021_07_NO_SEA,2021,7,8.7,9.378604248048056,0,9.604070814889868,8.7543572436977
00-0036252,2021_07_IND_SF,2021,7,20.5,14.90726331870713,0,13.349473632882637,14.024301393138357
00-0036261,2021_07_IND_SF,2021,7,1.9,8.694788819857395,0,7.401526776707476,8.335981868238534
00-0036271,2021_07_PHI_LV,2021,7,5.7,9.473206355644518,0,9.110304476363472,8.919405447611629
00-0036309,2021_07_CHI_TB,2021,7,5.9,15.670602881344681,0,13.836453192610255,14.755966452205046
00-0036331,2021_07_CIN_BAL,2021,7,1.9,7.164882787052282,0,7.003835139784582,6.791938133172065
00-0036357,2021_07_PHI_LV,2021,7,7.1,11.242525734584811,0,10.13136807156385,10.629761284648971
00-0036365,2021_07_PHI_LV,2021,7,13.3,10.2526919646438,0,9.49712947483004,9.68137141598528
00-0036387,2021_07_PHI_LV,2021,7,10.5,11.471536452145669,0,12.220702436023249,10.58845610703568
00-0036410,2021_07_CIN_BAL,2021,7,13.2,12.348886200596095,0,11.474759167221873,11.604640536009502
00-0036415,2021_07_DET_LA,2021,7,14.3,11.381828701148578,0,11.081714824855798,10.64765992347225
00-0036427,2021_07_CHI_TB,2021,7,3.6,8.082364627810557,0,8.177630471619441,7.592366066660057
00-0036550,2021_07_CIN_BAL,2021,7,11.0,9.195582693333511,0,9.015988658327617,8.642189029882058
00-0036554,2021_07_HOU_ARI,2021,7,4.800000000000001,6.816853935068264,0,6.262360765888073,6.528068588802858
00-0036613,2021_07_ATL_MIA,2021,7,15.3,15.889909167424726,0,14.72994790267844,14.86502938500455
00-0036671,2021_07_WAS_GB,2021,7,3.6,3.8040245744831944,0,4.060420836085071,3.6778195408822274
00-0036900,2021_07_CIN_BAL,2021,7,34.1,16.468513198877172,0,15.130976952525453,15.415342523686158
00-0036912,2021_07_PHI_LV,2021,7,11.1,14.503636722274681,0,11.972116636054183,13.787726204868616
00-0036936,2021_07_HOU_ARI,2021,7,3.7,9.775052665521297,0,9.11184423103673,9.234365481393636
00-0036980,2021_07_NYJ_NE,2021,7,10.2,6.6025388793149045,0,6.6484507614875055,6.252476427910328
00-0036999,2021_07_DEN_CLE,2021,7,4.0,5.814366570634375,0,5.784843907878124,5.5454321641515945
00-0026035,2021_08_LA_HOU,2021,8,2.3,6.259320182350366,0,6.620289243119708,5.897891322690065
00-0026293,2021_08_NE_LAC,2021,8,0.0,4.121787965270841,0,3.908378253663033,4.030012275830988
00-0027685,2021_08_MIA_BUF,2021,8,0.0,12.378162907100073,0,9.889250415053397,11.848009831112044
00-0027942,2021_08_GB_ARI,2021,8,10.0,8.617889865274764,0,7.496617405909305,8.242926704424935
00-0028002,2021_08_GB_ARI,2021,8,16.5,8.731664571829347,0,8.657437310534112,8.205921668054419
00-0029000,2021_08_MIA_BUF,2021,8,21.0,11.692038404836161,0,10.271580177764822,11.080292103215816
00-0029293,2021_08_JAX_SEA,2021,8,8.5,15.178897052287798,0,13.958177537851968,14.22622444541425
00-0029608,2021_08_TEN_IND,2021,8,3.6,10.08565028197098,0,9.1335103202162,9.555761738398694
00-0029632,2021_08_SF_CHI,2021,8,8.9,4.905212104101427,0,4.708021983824708,4.74068370801099
00-0029664,2021_08_NYG_KC,2021,8,0.0,4.55129978058824,0,4.742879465012954,4.366474912824536
00-0030035,2021_08_DAL_MIN,2021,8,19.8,15.50615580596911,0,14.407953072944526,14.507557960077357
00-0030068,2021_08_SF_CHI,2021,8,5.2,4.808213391960785,0,5.0835974226568945,4.588996245995095
00-0030279,2021_08_NE_LAC,2021,8,19.7,17.880860874212942,0,16.26832319571702,16.737366617104165
00-0030431,2021_08_LA_HOU,2021,8,20.7,16.03092416912392,0,16.20380763273968,14.81445180144075
00-0030525,2021_08_JAX_SEA,2021,8,1.5,4.4625743202360715,0,4.820166128229194,4.263460920033749
00-0031235,2021_08_PIT_CLE,2021,8,1.6,12.51841943073863,0,10.474156904940312,11.915952031583188
00-0031236,2021_08_LA_HOU,2021,8,20.3,17.000827101779134,0,15.431610699491992,15.930797419193311
00-0031382,2021_08_PIT_CLE,2021,8,10.0,15.161833461140828,0,14.410129434852816,14.147748674915736
00-0031408,2021_08_TB_NO,2021,8,12.8,18.16445911231275,0,18.439378151223902,16.74208968079354
00-0031428,2021_08_SF_CHI,2021,8,5.1,10.956826682589051,0,10.062389204234153,10.340712489044106
00-0031544,2021_08_DAL_MIN,2021,8,26.200000000000003,15.688009761757346,0,14.34210243226663,14.706275282773657
00-0031547,2021_08_MIA_BUF,2021,8,16.5,14.43084204008077,0,13.871293146797708,13.456819272632256
00-0031549,2021_08_NE_LAC,2021,8,9.0,11.492127390126013,0,11.343620355188497,10.727674150861445
00-0031588,2021_08_MIA_BUF,2021,8,15.0,15.321925215894652,0,13.469359058453682,14.44117165032018
00-0031763,2021_08_WAS_DEN,2021,8,14.1,10.086661881866673,0,11.12611306007357,9.289378843247285
00-0031941,2021_08_CIN_NYJ,2021,8,16.4,8.138176347500252,0,7.688523925605315,7.716286656301433
00-0032009,2021_08_WAS_DEN,2021,8,5.5,7.01147637350062,0,7.185556489491808,6.607372032704676
00-0032128,2021_08_LA_HOU,2021,8,3.4000000000000004,6.180665987693039,0,5.7868888930596745,5.927621790640866
00-0032200,2021_08_TB_NO,2021,8,1.4,6.538617643917326,0,6.726058197926946,6.175318209898196
00-0032211,2021_08_JAX_SEA,2021,8,26.200000000000003,14.19869983191176,0,12.5147187251014,13.396506671478962
00-0032355,2021_08_TEN_IND,2021,8,0.0,7.879958543855874,0,7.542769712005423,7.466236326589122
00-0032385,2021_08_NYG_KC,2021,8,6.5,12.237607047592688,0,10.5867300761549,11.607638366575596
00-0032464,2021_08_PHI_DET,2021,8,0.0,12.661536876192194,0,11.96333690179011,11.865513447285576
00-0032688,2021_08_CAR_ATL,2021,8,0.0,8.273573808895815,0,8.6929246972442,7.722852527991018
00-0032775,2021_08_NYG_KC,2021,8,2.8,5.02049989420144,0,4.433833245814212,4.897859623523552
00-0032778,2021_08_CAR_ATL,2021,8,10.8,8.975423881180014,0,9.022307411875046,8.411466600231918
00-0032977,2021_08_PIT_CLE,2021,8,4.7,5.538075763840342,0,5.790072294132415,5.256246997148071
00-0032980,2021_08_TEN_IND,2021,8,1.8,7.220026284365262,0,7.5513642543653265,6.77602793717965
00-0033009,2021_08_CIN_NYJ,2021,8,19.74,11.622639495041273,0,10.06541643543783,11.035501110614977
00-0033040,2021_08_NYG_KC,2021,8,27.4,17.43011079769597,0,14.24783506338937,16.537906882187198
00-0033251,2021_08_TEN_IND,2021,8,9.3,11.972027701352161,0,11.227696110409866,11.244311199809909
00-0033375,2021_08_WAS_DEN,2021,8,9.4,12.166248940875143,0,11.092410020494906,11.465260917733668
00-0033536,2021_08_NE_LAC,2021,8,3.9,17.44823090527613,0,15.621997687420018,16.37239203627056
00-0033572,2021_08_JAX_SEA,2021,8,15.8,12.33752739761126,0,11.886341061494075,11.537539603820765
00-0033681,2021_08_CIN_NYJ,2021,8,5.5,6.73889042396031,0,7.134295929245056,6.329636936667604
00-0033733,2021_08_PHI_DET,2021,8,0.0,4.811718281450012,0,4.397690172803924,4.684715521356218
00-0033908,2021_08_LA_HOU,2021,8,24.5,20.254692930636875,0,18.782776505222493,18.87847531831407
00-0033921,2021_08_TB_NO,2021,8,28.0,17.15518854357395,0,16.96302033839888,15.886431132346251
00-0034279,2021_08_GB_ARI,2021,8,3.2,9.11564965938884,0,9.092260553866124,8.548491668578206
00-0034297,2021_08_NYG_KC,2021,8,2.2,6.888940890249131,0,6.434011101562569,6.580298500215834
00-0034317,2021_08_CAR_ATL,2021,8,0.0,5.814827058764486,0,5.835794930863926,5.5390745318144035
00-0034348,2021_08_WAS_DEN,2021,8,6.0,16.60352981609366,0,15.211473310459503,15.545513484290804
00-0034418,2021_08_DAL_MIN,2021,8,18.8,7.528874674100354,0,6.1811299767279095,7.282413051432732
00-0034676,2021_08_PIT_CLE,2021,8,1.4,5.9000705174461885,0,5.780007308189602,5.635567348413486
00-0034765,2021_08_TB_NO,2021,8,12.3,6.456096996720281,0,6.289496015690244,6.147749574942872
00-0034775,2021_08_GB_ARI,2021,8,8.600000000000001,14.040504373571702,0,11.396615369930762,13.381397438429564
00-0034827,2021_08_CAR_ATL,2021,8,9.9,17.545715575934736,0,16.649926896443887,16.336214145216417
00-0034960,2021_08_NE_LAC,2021,8,9.6,14.158132692656574,0,15.033086988750538,13.01614404346102
00-0035021,2021_08_TEN_IND,2021,8,0.0,5.2304287660874165,0,4.608874127577364,5.093559306993188
00-0035126,2021_08_GB_ARI,2021,8,1.7000000000000002,5.373891193706812,0,5.346345415073134,5.144372252616446
00-0035140,2021_08_NYG_KC,2021,8,11.3,9.047859835711755,0,8.491367882743564,8.558359701994082
00-0035208,2021_08_CAR_ATL,2021,8,2.2,5.5199399342314655,0,5.134569544397317,5.325289785332094
00-0035215,2021_08_TB_NO,2021,8,8.7,7.538858168203865,0,7.278417799958684,7.145563549543066
00-0035216,2021_08_PIT_CLE,2021,8,15.8,15.24094075680045,0,14.363315177898633,14.236630172424483
00-0035414,2021_08_NE_LAC,2021,8,2.8,6.9726444482064895,0,6.516980739788508,6.656560018499408
00-0035535,2021_08_NYG_KC,2021,8,0.0,12.719190641468858,0,11.517639682563232,11.985531145919897
00-0035593,2021_08_GB_ARI,2021,8,7.0,9.435932341813153,0,8.905813743976816,8.90793246794769
00-0035640,2021_08_JAX_SEA,2021,8,22.3,14.912233003994276,0,12.918525824362362,14.087330473085323
00-0035659,2021_08_WAS_DEN,2021,8,6.5,17.741255432104722,0,16.115484518108072,16.612113823785677
00-0035676,2021_08_TEN_IND,2021,8,31.5,19.45722541089429,0,18.986952359243514,18.01841214236006
00-0035719,2021_08_SF_CHI,2021,8,23.1,17.41055375033482,0,16.453138420021023,16.221499829294437
00-0036196,2021_08_MIA_BUF,2021,8,12.9,5.546503799219692,0,5.629814957543118,5.286556055160299
00-0036219,2021_08_TB_NO,2021,8,6.0,11.617864136151994,0,11.434968973978227,10.846699175586826
00-0036247,2021_08_JAX_SEA,2021,8,0.0,8.11712697879401,0,7.627689622124968,7.702473321391274
00-0036252,2021_08_TEN_IND,2021,8,30.6,17.39040535321152,0,14.574900764317594,16.452551804061873
00-0036254,2021_08_NYG_KC,2021,8,3.0,4.746646400312477,0,5.090520258799084,4.52378316692886
00-0036255,2021_08_CIN_NYJ,2021,8,5.0,7.556500322388133,0,7.125184925634363,7.18455054743967
00-0036261,2021_08_SF_CHI,2021,8,10.5,10.50803594814609,0,10.284992375513424,9.8422398557592
00-0036268,2021_08_JAX_SEA,2021,8,4.1,11.83795741473002,0,10.262170211216876,11.233913441460638
00-0036271,2021_08_PHI_DET,2021,8,3.8,11.097089764938467,0,10.398144508638374,10.442101609082297
00-0036309,2021_08_SF_CHI,2021,8,12.4,12.747345208962097,0,10.107715203994362,12.204162566382628
00-0036322,2021_08_DAL_MIN,2021,8,4.1,16.07802983084453,0,15.274158044736,14.988410055182475
00-0036326,2021_08_PIT_CLE,2021,8,10.1,13.463709964425671,0,11.90161935115088,12.711369665692596
00-0036345,2021_08_DAL_MIN,2021,8,3.0,9.769063533704234,0,8.97105919974411,9.247007652505596
00-0036358,2021_08_DAL_MIN,2021,8,17.200000000000003,15.804335157086147,0,13.486966857939422,14.9425069437605
00-0036407,2021_08_WAS_DEN,2021,8,7.9,13.335891094432833,0,12.392471248013903,12.51203001866325
00-0036410,2021_08_CIN_NYJ,2021,8,13.7,13.972736042426495,0,13.3795319019221,13.044499419229698
00-0036415,2021_08_LA_HOU,2021,8,11.8,11.260457587108196,0,9.673718220443844,10.709908389144427
00-0036427,2021_08_TB_NO,2021,8,11.5,8.111141406873084,0,8.272466014446357,7.6096843103553
00-0036554,2021_08_LA_HOU,2021,8,9.5,7.269887289330741,0,6.904598868847243,6.914895545126174
00-0036613,2021_08_MIA_BUF,2021,8,6.9,14.963007718378002,0,13.90289138085334,14.008228268415197
00-0036900,2021_08_CIN_NYJ,2021,8,13.1,15.145703458615479,0,13.146512070150932,14.300504507891006
00-0036912,2021_08_PHI_DET,2021,8,2.5,13.763738894956969,0,12.943822373874434,12.88475847563697
00-0036913,2021_08_NYG_KC,2021,8,7.36,9.734915409567195,0,10.59520077170364,8.993366823720748
00-0036936,2021_08_GB_ARI,2021,8,5.5,9.140924662558858,0,8.891349948598808,8.601847464261628
00-0036963,2021_08_PHI_DET,2021,8,7.6,11.775507819640465,0,10.809109273420416,11.095300001002627
00-0036980,2021_08_CIN_NYJ,2021,8,13.1,8.605340018268842,0,7.955797298483939,8.168193755654512
00-0026035,2021_09_HOU_MIA,2021,9,7.9,4.916109729231035,0,4.837301948123971,4.734710804374656
00-0026293,2021_09_NE_CAR,2021,9,0.0,3.85118826042354,0,4.01320003033776,3.7334023324752375
00-0027685,2021_09_BUF_JAX,2021,9,10.5,12.212063503206124,0,11.355840838341132,11.477740636098227
00-0027944,2021_09_TEN_LA,2021,9,7.5,10.018419158744635,0,9.17681407509071,9.479751670601358
00-0028002,2021_09_GB_KC,2021,9,8.0,6.809301597471366,0,5.513038088987424,6.620754049008232
00-0029000,2021_09_BUF_JAX,2021,9,11.3,10.918913644536596,0,9.934613904047822,10.31827584802999
00-0029293,2021_09_BUF_JAX,2021,9,5.1,13.9355883052481,0,13.739706376076285,12.95737119267281
00-0029632,2021_09_ARI_SF,2021,9,1.5,5.647787684267838,0,5.810544791291367,5.36805273409274
00-0030035,2021_09_MIN_BAL,2021,9,8.6,15.366437454268098,0,14.510447245893417,14.347917524820325
00-0030068,2021_09_CHI_PIT,2021,9,6.0,5.853100745811879,0,5.787393441763095,5.585533478211228
00-0030279,2021_09_LAC_PHI,2021,9,22.4,17.081408647893948,0,16.173453908334682,15.91536778788244
00-0030431,2021_09_TEN_LA,2021,9,17.4,18.472983021102706,0,17.354210037943805,17.20987555922088
00-0031236,2021_09_HOU_MIA,2021,9,11.6,15.82087210818339,0,16.960513269618605,14.493568217165317
00-0031381,2021_09_GB_KC,2021,9,10.2,16.78197096158479,0,15.079330226164956,15.749564895959724
00-0031382,2021_09_CLE_CIN,2021,9,4.1,14.16464694750692,0,12.481875645774265,13.365359110092967
00-0031428,2021_09_CHI_PIT,2021,9,10.8,11.147664047799289,0,9.539808893195756,10.61011007816322
00-0031544,2021_09_DEN_DAL,2021,9,5.7,12.207137982855064,0,10.461846509834428,11.592586082193908
00-0031588,2021_09_BUF_JAX,2021,9,14.5,16.303129461451782,0,15.150468797945644,15.24004433626018
00-0031941,2021_09_NYJ_IND,2021,9,8.8,13.870792549571963,0,14.446017084595525,12.794917834025933
00-0032128,2021_09_HOU_MIA,2021,9,5.800000000000001,5.616840148763145,0,5.173440665041146,5.421249050444427
00-0032688,2021_09_NE_CAR,2021,9,1.2,6.906257648271878,0,7.733884330080175,6.42391567746529
00-0032778,2021_09_ATL_NO,2021,9,2.2,12.82703933382375,0,12.20598741908471,12.005751898950896
00-0033009,2021_09_CLE_CIN,2021,9,2.1,14.191840230136542,0,14.446679261292909,13.130044373991849
00-0033040,2021_09_GB_KC,2021,9,7.300000000000001,18.069808891902408,0,16.816381109350854,16.861094719991108
00-0033251,2021_09_NYJ_IND,2021,9,9.8,10.848981396295898,0,9.538614195232531,10.298407001887025
00-0033307,2021_09_NE_CAR,2021,9,6.4,8.324822327973234,0,6.610961729434354,8.055795335768988
00-0033375,2021_09_DEN_DAL,2021,9,18.5,8.993805820764942,0,8.735158075003058,8.46919975976819
00-0033536,2021_09_LAC_PHI,2021,9,7.800000000000001,15.468620572248774,0,14.121976040566183,14.506748996874691
00-0033555,2021_09_HOU_MIA,2021,9,11.2,10.38943269567615,0,9.522689920270189,9.82071585254103
00-0033572,2021_09_BUF_JAX,2021,9,6.800000000000001,9.776327218639832,0,10.056377097362176,9.108924872456605
00-0033591,2021_09_DEN_DAL,2021,9,0.0,5.966198170418398,0,5.567800113398865,5.733094791478427
00-0033681,2021_09_NYJ_IND,2021,9,11.6,5.5384593967889355,0,5.305613999734474,5.321669606190377
00-0033891,2021_09_LV_NYG,2021,9,3.0,11.686468645539845,0,11.605716036463273,10.895414195658716
00-0033908,2021_09_TEN_LA,2021,9,20.5,21.521135399425113,0,19.844350484168935,20.058325302861284
00-0033932,2021_09_LV_NYG,2021,9,4.800000000000001,7.317997356021751,0,7.218063048169022,6.923056790920056
00-0034272,2021_09_GB_KC,2021,9,3.9,7.757103957685566,0,8.170220195062486,7.253746322077303
00-0034348,2021_09_DEN_DAL,2021,9,3.9,17.278491780207034,0,17.276527458566967,15.973098035892054
00-0034407,2021_09_CHI_PIT,2021,9,2.2,5.726724612987203,0,4.653128695315594,5.60581686462305
00-0034411,2021_09_ATL_NO,2021,9,13.4,11.62132075271747,0,11.658084325922648,10.8203626851488
00-0034418,2021_09_DEN_DAL,2021,9,4.800000000000001,10.445965201891129,0,10.245306780670584,9.78275638796077
00-0034521,2021_09_GB_KC,2021,9,9.0,10.05234496540082,0,8.7431068253622,9.573385057645966
00-0034676,2021_09_CHI_PIT,2021,9,6.5,5.8012238265480285,0,5.9669202651013755,5.507271877490964
00-0034765,2021_09_ATL_NO,2021,9,8.3,10.595664533401589,0,9.830953703767124,9.994674710091704
00-0034775,2021_09_ARI_SF,2021,9,16.42,12.635791662476162,0,11.255689283098675,11.933609726489216
00-0034827,2021_09_NE_CAR,2021,9,7.6,16.375648858238605,0,14.689991509659494,15.377567403597087
00-0034960,2021_09_NE_CAR,2021,9,1.8,13.27949764741904,0,13.832544789468074,12.259867059597068
00-0034983,2021_09_LV_NYG,2021,9,17.9,11.683108976503524,0,9.429791416064528,11.183950128620568
00-0035021,2021_09_NYJ_IND,2021,9,4.300000000000001,4.302421491302122,0,3.7746802869017833,4.236561507189738
00-0035126,2021_09_ARI_SF,2021,9,9.2,8.293455646737513,0,7.440275230083731,7.9117373254702414
00-0035140,2021_09_GB_KC,2021,9,5.0,9.507098913976762,0,8.7952764393949,8.99707547182179
00-0035208,2021_09_ATL_NO,2021,9,20.8,5.454677026334858,0,4.949637959569402,5.281967620201954
00-0035215,2021_09_ATL_NO,2021,9,11.2,8.37055092836525,0,8.524293951491428,7.846742158927345
00-0035216,2021_09_CHI_PIT,2021,9,11.7,17.227762410062006,0,15.812321167069946,16.11664988204367
00-0035414,2021_09_LAC_PHI,2021,9,2.9000000000000004,6.382560279489242,0,5.6083563922696635,6.162387529815938
00-0035535,2021_09_LV_NYG,2021,9,0.0,7.2200854246982455,0,8.106019025066875,6.701646151754177
00-0035662,2021_09_MIN_BAL,2021,9,20.6,15.799574143234583,0,14.641443948620363,14.782586549592754
00-0035676,2021_09_TEN_LA,2021,9,9.2,17.458861054694104,0,17.48079503325967,16.134010976802323
00-0035719,2021_09_ARI_SF,2021,9,11.3,16.767534174115383,0,15.964131048969698,15.615736604843596
00-0036182,2021_09_TEN_LA,2021,9,2.4000000000000004,5.834409404940139,0,5.245771666491736,5.638711593593562
00-0036219,2021_09_ATL_NO,2021,9,11.5,11.413727411909553,0,9.36475936673212,10.911409179992102
00-0036233,2021_09_CLE_CIN,2021,9,16.6,7.3538621690481705,0,7.46420060379428,6.927468712842272
00-0036252,2021_09_NYJ_IND,2021,9,17.4,17.65538435490141,0,15.53751099538993,16.600026567545555
00-0036255,2021_09_NYJ_IND,2021,9,3.0,5.540534415729797,0,5.608015596955955,5.283249067260033
00-0036261,2021_09_ARI_SF,2021,9,18.700000000000003,11.255708277364148,0,10.68993321589821,10.568557198686944
00-0036268,2021_09_BUF_JAX,2021,9,6.0,12.295438831172909,0,12.005486353213929,11.477602479542806
00-0036271,2021_09_LAC_PHI,2021,9,2.9,10.131159263063143,0,10.254158860441388,9.452870070559213
00-0036309,2021_09_CHI_PIT,2021,9,20.6,14.563164802106808,0,12.734894004262232,13.747504325578843
00-0036322,2021_09_MIN_BAL,2021,9,17.0,15.34999051143397,0,14.5055218995815,14.33140584372392
00-0036326,2021_09_CHI_PIT,2021,9,7.3,14.266258708968754,0,12.97772319322366,13.404904300631843
00-0036331,2021_09_MIN_BAL,2021,9,8.8,6.356372143308826,0,6.123443966061497,6.065910733994892
00-0036345,2021_09_MIN_BAL,2021,9,3.0,8.043748646282376,0,7.856569165675526,7.595137532870734
00-0036358,2021_09_DEN_DAL,2021,9,4.300000000000001,14.991101442641913,0,13.03857471072439,14.153566871991378
00-0036365,2021_09_LV_NYG,2021,9,0.0,10.21536608954531,0,8.286169064015162,9.804928604277007
00-0036387,2021_09_LAC_PHI,2021,9,0.3999999999999999,7.015917935075932,0,8.035729124639726,6.49790284256004
00-0036407,2021_09_DEN_DAL,2021,9,12.9,10.445853983594882,0,10.82036186311576,9.70545867812662
00-0036410,2021_09_CLE_CIN,2021,9,13.8,16.133990228649562,0,15.274155963726376,15.046840247208957
00-0036415,2021_09_TEN_LA,2021,9,7.1000000000000005,12.606415112975885,0,12.169652075181675,11.780268383909222
00-0036550,2021_09_MIN_BAL,2021,9,10.2,7.972530781918094,0,6.866879310474681,7.653609043710455
00-0036554,2021_09_HOU_MIA,2021,9,5.5,9.118089019763813,0,8.62320944380121,8.613992833257992
00-0036613,2021_09_HOU_MIA,2021,9,16.3,15.323642338209375,0,13.820109687075712,14.395888208092035
00-0036900,2021_09_CLE_CIN,2021,9,8.9,16.688506548379074,0,14.842509029900722,15.683761117116427
00-0036912,2021_09_LAC_PHI,2021,9,22.6,11.663212886361567,0,9.875082733703696,11.103410818039396
00-0036913,2021_09_LV_NYG,2021,9,1.7000000000000002,9.951916772383878,0,9.04421761839726,9.428111118509785
00-0036936,2021_09_ARI_SF,2021,9,7.5,12.910247698946156,0,11.02737236399199,12.250821202190622
00-0036955,2021_09_NE_CAR,2021,9,0.0,5.145524420321459,0,4.355351551776459,5.038934940780103
00-0036980,2021_09_NYJ_IND,2021,9,27.4,8.693637607686611,0,9.773653545871886,8.016402525908422
00-0036999,2021_09_CLE_CIN,2021,9,2.5,6.448766546713784,0,7.13773051967708,6.02624900619384
00-0026293,2021_10_CLE_NE,2021,10,0.0,3.701511201808263,0,3.7682792529021776,3.609992354951084
00-0027685,2021_10_BUF_NYJ,2021,10,7.1000000000000005,8.445415173917462,0,8.527452361768242,7.9244862311646145
00-0027942,2021_10_CAR_ARI,2021,10,1.4,8.816167611395892,0,8.519959715903937,8.312605491009066
00-0028002,2021_10_SEA_GB,2021,10,5.1,8.764722245337829,0,8.430087875663432,8.270952094413296
00-0029293,2021_10_JAX_IND,2021,10,5.5,15.505927861913923,0,14.532728057065384,14.490573159700766
00-0029608,2021_10_JAX_IND,2021,10,1.5,7.780360574826485,0,8.624758952014147,7.217022880141087
00-0030035,2021_10_MIN_LAC,2021,10,11.5,16.37611095622931,0,15.806714432349084,15.228167828361178
00-0030279,2021_10_MIN_LAC,2021,10,17.8,20.718808953970115,0,19.346612019915483,19.28739689894084
00-0030669,2021_10_BAL_MIA,2021,10,14.6,5.639550879560122,0,5.3669566771436985,5.41898905680946
00-0031381,2021_10_SEA_GB,2021,10,14.8,20.63815548576349,0,18.915690662030343,19.26102075221433
00-0031382,2021_10_CLE_NE,2021,10,6.6,14.502938104784192,0,12.978360353648569,13.651942767317191
00-0031408,2021_10_TB_WAS,2021,10,14.2,15.415063428677987,0,14.37564507463869,14.416781954333144
00-0031544,2021_10_ATL_DAL,2021,10,9.1,13.449583396137182,0,11.21730372081413,12.788465791759734
00-0031549,2021_10_CLE_NE,2021,10,4.1,9.43522214275537,0,8.386176536388406,8.976934546953546
00-0031588,2021_10_BUF_NYJ,2021,10,30.2,16.808559704248943,0,14.515828258045678,15.852957962458396
00-0031763,2021_10_TB_WAS,2021,10,15.0,9.164693537446777,0,7.892731763210514,8.760695774174808
00-0031941,2021_10_BUF_NYJ,2021,10,5.0,12.79460331734715,0,12.363446504169136,11.950750965195049
00-0032009,2021_10_TB_WAS,2021,10,1.5,5.814571991311999,0,6.3583235261818585,5.468676518939916
00-0032211,2021_10_SEA_GB,2021,10,4.300000000000001,15.184228877108799,0,13.989321073731286,14.22761160170256
00-0032355,2021_10_NO_TEN,2021,10,1.9,5.87751172673668,0,5.548567675469215,5.643075943247173
00-0032464,2021_10_DET_PIT,2021,10,6.9,8.22567233968002,0,9.223801543435256,7.601585023788832
00-0032688,2021_10_CAR_ARI,2021,10,13.7,6.765984791765889,0,7.283574814541623,6.3378913580618805
00-0032775,2021_10_KC_LV,2021,10,5.300000000000001,5.796348601222567,0,4.965636309465297,5.636569820950286
00-0032778,2021_10_ATL_DAL,2021,10,1.0,7.55796411034103,0,7.897115275068431,7.08247354078606
00-0032951,2021_10_JAX_IND,2021,10,2.8,5.768594982610827,0,5.044589062988389,5.596994722326536
00-0032977,2021_10_CLE_NE,2021,10,0.0,4.9443336478718445,0,5.138816742337604,4.723712131077419
00-0032980,2021_10_NO_TEN,2021,10,15.0,5.899286095449694,0,5.599002319935729,5.659042072652026
00-0033040,2021_10_KC_LV,2021,10,27.5,16.88397799101604,0,15.04437559936384,15.860764933429389
00-0033251,2021_10_JAX_IND,2021,10,2.9,11.795289876303146,0,11.38363014632248,11.03884514961145
00-0033307,2021_10_CLE_NE,2021,10,24.1,7.110739423752982,0,5.402901494978693,6.9502763239234735
00-0033375,2021_10_PHI_DEN,2021,10,4.4,11.40152759181946,0,9.639407241020995,10.861808851054407
00-0033536,2021_10_MIN_LAC,2021,10,7.300000000000001,17.892838461943953,0,16.865498183703107,16.66972234366102
00-0033572,2021_10_JAX_IND,2021,10,13.9,14.80088802606818,0,13.356801732916033,13.9122482438302
00-0033591,2021_10_ATL_DAL,2021,10,2.8,5.1200464445089,0,5.1438139789305675,4.906508369649696
00-0033681,2021_10_BUF_NYJ,2021,10,2.8,5.544284964143257,0,5.501108028729876,5.30151383062897
00-0033871,2021_10_BUF_NYJ,2021,10,12.3,12.685371132888005,0,10.893403268605452,12.034001697256649
00-0033891,2021_10_KC_LV,2021,10,3.2,11.056053316285887,0,10.240262886109068,10.42044447199715
00-0033908,2021_10_LA_SF,2021,10,23.200000000000003,20.977897227770736,0,19.550476870542496,19.530556736080463
00-0033921,2021_10_TB_WAS,2021,10,12.7,15.320919952796526,0,15.06511696692573,14.225945808016755
00-0034052,2021_10_CAR_ARI,2021,10,3.8,5.6019999803635825,0,4.228552915412568,5.532573028737001
00-0034272,2021_10_SEA_GB,2021,10,5.1000000000000005,7.759365709450254,0,8.427291677710366,7.22160478234588
00-0034297,2021_10_KC_LV,2021,10,14.6,7.41762391674105,0,6.8888195760208815,7.071269577173306
00-0034348,2021_10_PHI_DEN,2021,10,4.9,14.418852401941104,0,12.806925853471215,13.58715563867318
00-0034407,2021_10_DET_PIT,2021,10,15.3,8.214444171142844,0,8.719897228617297,7.657493372921881
00-0034411,2021_10_ATL_DAL,2021,10,0.0,10.304755906114663,0,10.069752766341084,9.658877724671992
00-0034521,2021_10_SEA_GB,2021,10,1.6,6.9173213204390605,0,7.092974353435818,6.521487948945882
00-0034676,2021_10_DET_PIT,2021,10,9.5,10.601210690260265,0,10.667220771553174,9.88822521007693
00-0034764,2021_10_ATL_DAL,2021,10,7.2,8.45814946819619,0,7.573552418307684,8.065811105040156
00-0034765,2021_10_NO_TEN,2021,10,14.4,9.467183641664567,0,8.569308144613954,8.985727307925211
00-0034775,2021_10_CAR_ARI,2021,10,12.8,12.502761547690485,0,12.255391199049866,11.660533058246248
00-0034827,2021_10_CAR_ARI,2021,10,6.4,15.972329011011961,0,14.332093418821636,15.004484821482295
00-0034930,2021_10_DET_PIT,2021,10,3.7,5.375636773696104,0,6.280336473886911,5.020838335883197
00-0034960,2021_10_CLE_NE,2021,10,14.9,11.254327331834752,0,11.605327289490344,10.444254796501502
00-0034983,2021_10_KC_LV,2021,10,17.6,14.291402907053302,0,14.085346131541751,13.282497402228534
00-0035126,2021_10_CAR_ARI,2021,10,0.0,8.975363799995497,0,9.6759201022972,8.323678597551151
00-0035208,2021_10_ATL_DAL,2021,10,4.2,5.352454422952553,0,4.378818518014967,5.251847057987966
00-0035215,2021_10_NO_TEN,2021,10,12.0,7.527342029020927,0,6.838208886081465,7.192622279088034
00-0035216,2021_10_DET_PIT,2021,10,13.3,15.823688254624027,0,14.045317715818538,14.887774477883
00-0035640,2021_10_SEA_GB,2021,10,5.6,14.19159049827138,0,11.362971345025702,13.543666512625196
00-0035659,2021_10_TB_WAS,2021,10,11.9,15.757144901776618,0,14.239538481728593,14.79222705648041
00-0035662,2021_10_BAL_MIA,2021,10,9.7,15.638346385314676,0,13.96852382014004,14.704560497879704
00-0035676,2021_10_NO_TEN,2021,10,3.3000000000000003,18.194820609504326,0,17.933010760170536,16.841753618843327
00-0035719,2021_10_LA_SF,2021,10,30.3,15.002545794675639,0,14.337197051610772,13.99122038491927
00-0036182,2021_10_NO_TEN,2021,10,2.0,4.95914190869885,0,4.648145353155633,4.805029818958974
00-0036196,2021_10_BUF_NYJ,2021,10,13.5,5.492515332590997,0,5.499832505381448,5.247630816989619
00-0036219,2021_10_NO_TEN,2021,10,11.7,10.700805122080201,0,9.280785016342142,10.178296551708168
00-0036233,2021_10_CLE_NE,2021,10,2.6,9.267543077383106,0,7.544508688413369,8.914821134751282
00-0036247,2021_10_SEA_GB,2021,10,0.0,7.181332437649139,0,7.437795690273721,6.7508692596002895
00-0036252,2021_10_JAX_IND,2021,10,12.1,16.63426797073609,0,14.75912947149484,15.638319877386737
00-0036259,2021_10_LA_SF,2021,10,1.3,6.160945404137471,0,6.505928897577912,5.810524282430942
00-0036261,2021_10_LA_SF,2021,10,5.6,12.132897291538137,0,10.696292745950078,11.483602740124756
00-0036268,2021_10_JAX_IND,2021,10,5.1,13.033377931846944,0,12.344630912290873,12.202587982196295
00-0036271,2021_10_PHI_DEN,2021,10,7.300000000000001,10.305489210290345,0,10.367933255704171,9.619622801665043
00-0036322,2021_10_MIN_LAC,2021,10,22.9,15.229345951741282,0,14.720422528050268,14.176594177983208
00-0036331,2021_10_BAL_MIA,2021,10,8.7,7.600664297722889,0,7.148388358219624,7.227549193716415
00-0036345,2021_10_MIN_LAC,2021,10,0.0,8.281578458564656,0,8.758182563588198,7.722451771636942
00-0036358,2021_10_ATL_DAL,2021,10,28.6,12.02644977209672,0,10.833570035199845,11.354032918420373
00-0036365,2021_10_KC_LV,2021,10,17.8,10.807393658685406,0,10.003165304569874,10.192633826307585
00-0036387,2021_10_PHI_DEN,2021,10,1.4,10.427977257513344,0,10.84648774148188,9.683286547231791
00-0036407,2021_10_PHI_DEN,2021,10,11.1,12.849384098684439,0,11.994307759376774,12.057493525055609
00-0036415,2021_10_LA_SF,2021,10,8.4,11.672944582158127,0,10.458328532437342,11.03529106198674
00-0036427,2021_10_TB_WAS,2021,10,4.7,7.988277138865508,0,7.67614584582306,7.561433778454329
00-0036550,2021_10_BAL_MIA,2021,10,14.0,9.730719510098435,0,9.152073413630571,9.18267651832623
00-0036613,2021_10_BAL_MIA,2021,10,10.1,15.69256355769197,0,13.358311879079825,14.843070453046916
00-0036862,2021_10_LA_SF,2021,10,1.8,9.628132777094908,0,8.62532599664488,9.146260587437986
00-0036912,2021_10_PHI_DEN,2021,10,22.6,13.904636496022238,0,12.298651834593985,13.118466042443783
00-0036963,2021_10_DET_PIT,2021,10,10.1,7.01877481018529,0,6.907387026785132,6.652327335167937
00-0036980,2021_10_BUF_NYJ,2021,10,13.4,8.336019338925682,0,9.022722716204932,7.743789594300715
00-0026189,2021_11_CIN_LV,2021,11,0.4,5.169436917848028,0,4.81220849834627,5.002585184926819
00-0026293,2021_11_NE_ATL,2021,11,0.0,4.5703106791234855,0,4.277676217007517,4.448762467888534
00-0027685,2021_11_IND_BUF,2021,11,5.6,12.07380351183567,0,11.934582101572849,11.255702946504217
00-0027942,2021_11_ARI_SEA,2021,11,11.8,7.382380614412655,0,8.260070297753265,6.850427234529095
00-0028002,2021_11_GB_MIN,2021,11,2.5,10.417248370696347,0,11.120053826809546,9.635367256763628
00-0029000,2021_11_IND_BUF,2021,11,6.300000000000001,9.113563785063638,0,8.576882393408901,8.615485731995912
00-0029293,2021_11_SF_JAX,2021,11,9.2,12.787890325331425,0,12.15975649262596,11.971080186180426
00-0029608,2021_11_IND_BUF,2021,11,4.6,6.968339423408653,0,8.064527187156306,6.444359545713185
00-0029664,2021_11_DAL_KC,2021,11,1.7000000000000002,3.9763071745269896,0,4.211615761309091,3.837412142776217
00-0030035,2021_11_GB_MIN,2021,11,22.200000000000003,15.894441380332157,0,14.76042988985394,14.865670433164697
00-0030068,2021_11_BAL_CHI,2021,11,20.4,7.7773524653334825,0,7.2975963791283105,7.392008453818041
00-0030279,2021_11_PIT_LAC,2021,11,20.200000000000003,19.844339913292668,0,18.87073736124281,18.43820779738088
00-0030669,2021_11_MIA_NYJ,2021,11,4.5,7.388835592195148,0,7.84939707995174,6.912285978331167
00-0031236,2021_11_HOU_TEN,2021,11,3.8,17.734631192171797,0,17.709646648951402,16.391235219814757
00-0031325,2021_11_BAL_CHI,2021,11,7.800000000000001,10.988808394277049,0,8.291187766233373,10.611829086841064
00-0031381,2021_11_GB_MIN,2021,11,30.5,20.94596541305455,0,19.779349445064728,19.466497422625068
00-0031382,2021_11_DET_CLE,2021,11,14.2,10.175664823220202,0,10.081207058082391,9.52255254348451
00-0031408,2021_11_NYG_TB,2021,11,20.3,15.243750407585916,0,13.665844892888458,14.333175472551416
00-0031549,2021_11_NE_ATL,2021,11,15.0,10.758152520603172,0,9.5770103862127,10.198416493675635
00-0031588,2021_11_IND_BUF,2021,11,18.3,18.296065039605416,0,16.920955508185592,17.083299925188065
00-0031763,2021_11_WAS_CAR,2021,11,9.9,10.997455383621185,0,11.250767456155122,10.223634766032788
00-0031868,2021_11_BAL_CHI,2021,11,1.3,5.244082811343216,0,5.732639951750121,4.956988565594401
00-0031941,2021_11_MIA_NYJ,2021,11,16.4,10.41515443271415,0,10.061212465253483,9.77529434875844
00-0032009,2021_11_WAS_CAR,2021,11,5.0,6.3084177022589785,0,6.221389878748251,6.002694171395199
00-0032128,2021_11_HOU_TEN,2021,11,7.7,5.465028934797316,0,4.870038997678045,5.303459808122025
00-0032211,2021_11_ARI_SEA,2021,11,15.5,16.04368880038804,0,14.855193114209928,15.008785355993847
00-0032355,2021_11_HOU_TEN,2021,11,8.100000000000001,8.115508499605296,0,7.475965835989963,7.721147176410513
00-0032464,2021_11_DET_CLE,2021,11,0.0,10.250456879911837,0,9.70670958648036,9.65090869683442
00-0032688,2021_11_WAS_CAR,2021,11,8.0,6.511308069933987,0,6.856230831102784,6.129332224926938
00-0032778,2021_11_NE_ATL,2021,11,4.1,8.66083163322234,0,8.707026500002419,8.125307232099773
00-0032951,2021_11_SF_JAX,2021,11,2.1,8.111476499802388,0,8.299524499213089,7.606402509683714
00-0032977,2021_11_DET_CLE,2021,11,2.7,7.098487097924827,0,7.016501643247828,6.720912375752739
00-0033009,2021_11_CIN_LV,2021,11,12.3,10.617635986719902,0,9.726176715015225,10.031678503401183
00-0033040,2021_11_DAL_KC,2021,11,20.0,19.728183465100955,0,16.531485923795632,18.630890333869942
00-0033251,2021_11_IND_BUF,2021,11,0.9,9.778897554431571,0,8.949697205681973,9.26014276654765
00-0033307,2021_11_NE_ATL,2021,11,8.9,9.530307510187296,0,8.50161435163707,9.060722402102488
00-0033536,2021_11_PIT_LAC,2021,11,20.700000000000003,16.389626173870177,0,15.331938618392916,15.30600197120006
00-0033591,2021_11_DAL_KC,2021,11,0.0,6.220138507985416,0,6.389256851162885,5.887988812972998
00-0033871,2021_11_MIA_NYJ,2021,11,6.5,14.778561703409604,0,12.877249680066068,13.9533002179662
00-0033891,2021_11_CIN_LV,2021,11,3.0,9.127294660808351,0,8.768607539396488,8.604089967960634
00-0033921,2021_11_NYG_TB,2021,11,19.2,15.697447092787417,0,13.680720664864362,14.804897084721992
00-0033932,2021_11_NYG_TB,2021,11,2.2,9.747119210322957,0,9.2283897331838,9.189557062318318
00-0033943,2021_11_DET_CLE,2021,11,0.0,11.5698305299383,0,12.40787456760979,10.66596638010916
00-0034052,2021_11_WAS_CAR,2021,11,1.7000000000000002,5.6500303661554305,0,5.157202733440063,5.458083331748779
00-0034272,2021_11_GB_MIN,2021,11,22.3,11.33564004150629,0,10.809955218729582,10.63590745550973
00-0034279,2021_11_GB_MIN,2021,11,7.4,4.856563166068693,0,4.645708813834135,4.698251330903839
00-0034297,2021_11_DAL_KC,2021,11,4.7,6.94434708010705,0,7.10079904193043,6.548656148703629
00-0034411,2021_11_NE_ATL,2021,11,9.9,10.115114697894988,0,10.1259491221681,9.453325259858254
00-0034418,2021_11_DAL_KC,2021,11,7.6,8.07018238023731,0,7.1776902878760485,7.713854175590524
00-0034676,2021_11_PIT_LAC,2021,11,3.2,8.445120127264259,0,8.273668317534048,7.958240039311038
00-0034764,2021_11_DAL_KC,2021,11,9.4,9.937544703362338,0,9.512766802580488,9.350218024945242
00-0034765,2021_11_NO_PHI,2021,11,11.4,9.958431149307074,0,9.035620327479888,9.436066866713274
00-0034775,2021_11_ARI_SEA,2021,11,4.5,13.124075169426002,0,11.737203995634104,12.378814061685034
00-0034827,2021_11_WAS_CAR,2021,11,16.0,16.381502338248197,0,14.283273946934234,15.438267193580174
00-0034960,2021_11_NE_ATL,2021,11,7.9,14.253028354754326,0,14.039889671039305,13.248530376451807
00-0034983,2021_11_CIN_LV,2021,11,7.5,14.911143158447238,0,13.113796272751728,14.05998411769716
00-0035126,2021_11_ARI_SEA,2021,11,8.4,8.07863533160223,0,7.840872635600153,7.633670481965352
00-0035208,2021_11_NE_ATL,2021,11,5.300000000000001,6.341883316169954,0,6.019750450929254,6.064699846554846
00-0035215,2021_11_NO_PHI,2021,11,3.1,8.373521070306884,0,9.1595313689279,7.764584357512522
00-0035216,2021_11_PIT_LAC,2021,11,23.1,16.340263123119932,0,15.640610192660905,15.21303188545594
00-0035350,2021_11_MIA_NYJ,2021,11,0.0,6.631786859400262,0,6.591309888958406,6.290684330652283
00-0035414,2021_11_PIT_LAC,2021,11,3.0,6.263966006659089,0,5.446665265849466,6.060261262252623
00-0035535,2021_11_NYG_TB,2021,11,5.7,7.435473550016647,0,7.815544664493112,6.9655255899356545
00-0035640,2021_11_ARI_SEA,2021,11,7.1,16.859542635022,0,15.107169319719484,15.826823331849056
00-0035659,2021_11_WAS_CAR,2021,11,21.3,16.23035667365221,0,14.894020929732724,15.198479510884455
00-0035676,2021_11_HOU_TEN,2021,11,9.8,11.831168548899827,0,12.13250476364698,10.975796193499036
00-0035719,2021_11_SF_JAX,2021,11,16.4,17.2778682011384,0,15.21855342244467,16.248659947935494
00-0036110,2021_11_DET_CLE,2021,11,6.6000000000000005,7.958495091725043,0,7.74199826755677,7.521499011299458
00-0036182,2021_11_HOU_TEN,2021,11,17.700000000000003,6.668909135881937,0,6.766070708813684,6.3059891062970355
00-0036196,2021_11_IND_BUF,2021,11,4.7,5.639313632438871,0,5.237341564221779,5.436137759915699
00-0036219,2021_11_NO_PHI,2021,11,9.6,11.025908735151118,0,10.16549951258166,10.399004059605124
00-0036247,2021_11_ARI_SEA,2021,11,0.0,5.421717481362531,0,4.903001538157427,5.25381293395184
00-0036252,2021_11_IND_BUF,2021,11,4.300000000000001,14.593420450644933,0,12.87075890321614,13.760859905410124
00-0036259,2021_11_SF_JAX,2021,11,1.4,5.244936643469283,0,4.826804046432136,5.079457734070045
00-0036261,2021_11_SF_JAX,2021,11,21.5,12.16585024965855,0,11.121954831214568,11.46087924656719
00-0036268,2021_11_SF_JAX,2021,11,8.0,10.567494705406832,0,10.030480797947078,9.938482031167515
00-0036271,2021_11_NO_PHI,2021,11,0.0,11.630286325967734,0,10.86969546093948,10.935538293318324
00-0036309,2021_11_BAL_CHI,2021,11,23.1,14.301074684975816,0,12.322577784302103,13.52918768026397
00-0036322,2021_11_GB_MIN,2021,11,37.2,16.13405535071864,0,14.90498837814142,15.096456433703697
00-0036326,2021_11_PIT_LAC,2021,11,14.4,14.996624811228704,0,13.55775167707203,14.08965213791678
00-0036331,2021_11_BAL_CHI,2021,11,7.7,6.770966034373112,0,6.935052086571409,6.389869742091299
00-0036345,2021_11_GB_MIN,2021,11,2.9000000000000004,7.144863188350207,0,7.447561819992285,6.711479862988333
00-0036358,2021_11_DAL_KC,2021,11,4.4,11.822775904902159,0,9.911127250826032,11.26517755254636
00-0036365,2021_11_CIN_LV,2021,11,0.0,10.763019913298272,0,9.164810491341024,10.258822497219729
00-0036387,2021_11_NO_PHI,2021,11,0.9,9.196385287930786,0,9.121508113955404,8.628864645203777
00-0036410,2021_11_CIN_LV,2021,11,3.5,16.279582124914807,0,14.7192397697187,15.27333569127597
00-0036427,2021_11_NYG_TB,2021,11,1.8,8.61028870975007,0,8.350228786175547,8.120421821269062
00-0036550,2021_11_BAL_CHI,2021,11,5.9,10.943831786183736,0,8.77429544444017,10.50002690283756
00-0036554,2021_11_HOU_TEN,2021,11,1.9,5.761665017137622,0,5.7754317687102175,5.491668167038057
00-0036613,2021_11_MIA_NYJ,2021,11,20.6,14.893581230078489,0,13.70670041985546,13.962069973623697
00-0036627,2021_11_HOU_TEN,2021,11,12.5,9.93785243552077,0,9.017218669116064,9.41704981737734
00-0036900,2021_11_CIN_LV,2021,11,13.0,16.088558654315527,0,14.310722361044869,15.12871198026512
00-0036912,2021_11_NO_PHI,2021,11,10.1,15.8204326716744,0,15.206036123954124,14.728588264252693
00-0036913,2021_11_NYG_TB,2021,11,11.0,9.859672151476081,0,9.121158593196345,9.321469062615618
00-0036936,2021_11_ARI_SEA,2021,11,16.1,8.17461377277996,0,7.311114175859071,7.804986474582934
00-0036963,2021_11_DET_CLE,2021,11,5.8,12.022441272619327,0,11.685528855692429,11.235501034039082
00-0036980,2021_11_MIA_NYJ,2021,11,29.6,12.666949721590846,0,12.882772877512563,11.74776215603475
00-0026035,2021_12_NYJ_HOU,2021,12,5.300000000000001,6.118634393887157,0,6.347552563209944,5.787602735977954
00-0026189,2021_12_LV_DAL,2021,12,19.200000000000003,4.955951183012517,0,5.976957978589812,4.623350394012156
00-0027685,2021_12_BUF_NO,2021,12,5.800000000000001,11.21198583549749,0,10.38801245754156,10.5634278906348
00-0029000,2021_12_BUF_NO,2021,12,9.6,13.01760603768408,0,12.894349900940284,12.112339004498873
00-0029293,2021_12_ATL_JAX,2021,12,8.3,14.501358802834046,0,14.21316044874014,13.48456386196366
00-0029608,2021_12_TB_IND,2021,12,12.8,8.024005949574555,0,9.01711248709753,7.418760133725292
00-0030035,2021_12_MIN_SF,2021,12,23.2,15.5570491237208,0,14.055648668038438,14.607982066309766
00-0030068,2021_12_CHI_DET,2021,12,0.0,6.8073045150311975,0,6.2888464040756835,6.514542959854982
00-0030279,2021_12_LAC_DEN,2021,12,15.5,19.651257250350085,0,18.40830973659242,18.298669635173184
00-0030669,2021_12_CAR_MIA,2021,12,6.7,7.417920613858228,0,8.546341508996523,6.849113430884503
00-0031235,2021_12_LA_GB,2021,12,19.1,11.590551143907375,0,11.460390100555024,10.81476894799827
00-0031236,2021_12_NYJ_HOU,2021,12,13.5,16.986167538014286,0,15.049955968233506,15.966715098595609
00-0031325,2021_12_CLE_BAL,2021,12,1.8,8.254901517947753,0,8.212544878297503,7.767830884559096
00-0031381,2021_12_LA_GB,2021,12,18.4,19.275097410508625,0,17.574402884701943,18.01783360716827
00-0031382,2021_12_CLE_BAL,2021,12,15.1,14.559009397409303,0,13.747008240544725,13.607323636438254
00-0031408,2021_12_TB_IND,2021,12,4.6,16.85262241837812,0,16.001476844625866,15.699567364113395
00-0031549,2021_12_TEN_NE,2021,12,5.0,11.092891871081779,0,10.030446727979747,10.48706938277304
00-0031588,2021_12_BUF_NO,2021,12,20.4,17.708891757670667,0,15.199422824852364,16.70127207167403
00-0031763,2021_12_SEA_WAS,2021,12,8.600000000000001,9.690626598497868,0,9.902050147148344,9.040155454071382
00-0031868,2021_12_CHI_DET,2021,12,8.2,8.46763807598541,0,7.970043392064598,8.02250301610669
00-0031941,2021_12_NYJ_HOU,2021,12,1.5,9.170036192615122,0,9.275452006189344,8.580691041608825
00-0032009,2021_12_SEA_WAS,2021,12,3.4000000000000004,5.6209700910518645,0,5.77244215356816,5.345165671844489
00-0032200,2021_12_BUF_NO,2021,12,9.5,5.824429199440126,0,5.945575151894954,5.5343661516213585
00-0032211,2021_12_SEA_WAS,2021,12,12.6,15.455990974845642,0,13.236261311492544,14.6124391328171
00-0032464,2021_12_CHI_DET,2021,12,4.6,11.672335815413051,0,10.289385993393832,11.057330219602925
00-0032688,2021_12_CAR_MIA,2021,12,2.5,7.4371170177368535,0,7.852075289893297,6.962338589554949
00-0032778,2021_12_ATL_JAX,2021,12,4.2,9.816313344337699,0,9.297515577273288,9.25252691874878
00-0032951,2021_12_ATL_JAX,2021,12,9.3,9.582854480412086,0,9.617046129849982,8.965879480507509
00-0033009,2021_12_PIT_CIN,2021,12,3.3,12.249369275345174,0,11.901776665141927,11.443419386365097
00-0033111,2021_12_PHI_NYG,2021,12,1.9,6.286030595822611,0,6.812400209334119,5.899996096096307
00-0033251,2021_12_TB_IND,2021,12,1.2000000000000002,12.605690292590877,0,11.781512611433424,11.831606097323789
00-0033307,2021_12_TEN_NE,2021,12,23.1,8.844025393912553,0,8.258479190049064,8.37678749475451
00-0033375,2021_12_LAC_DEN,2021,12,4.6,11.490029623305103,0,9.76251179620056,10.937693850652504
00-0033386,2021_12_TEN_NE,2021,12,4.2,9.298160330792529,0,8.336329333185128,8.840514531347303
00-0033536,2021_12_LAC_DEN,2021,12,7.9,15.914824954977501,0,15.218993333332074,14.82540698500208
00-0033591,2021_12_LV_DAL,2021,12,11.3,10.141901823958655,0,9.845870108343576,9.518885573771218
00-0033681,2021_12_NYJ_HOU,2021,12,4.4,10.038809306715171,0,9.391858834485504,9.47217918554966
00-0033891,2021_12_LV_DAL,2021,12,11.3,8.911879727968353,0,8.844503681068826,8.36898236595696
00-0033908,2021_12_LA_GB,2021,12,18.6,19.03665982839613,0,18.240032235950228,17.67953575077477
00-0033921,2021_12_TB_IND,2021,12,4.7,17.426129656672913,0,16.621639712152312,16.215147528865764
00-0033932,2021_12_PHI_NYG,2021,12,8.0,9.556399156448652,0,9.670989457142706,8.931016634610861
00-0033943,2021_12_CHI_DET,2021,12,16.0,10.322919115806723,0,10.107154649659185,9.672822540590046
00-0034052,2021_12_CAR_MIA,2021,12,3.4000000000000004,5.305304948330686,0,5.441262626026671,5.060019910776988
00-0034272,2021_12_LA_GB,2021,12,9.0,9.845848831238381,0,8.231365026379835,9.426460242326325
00-0034348,2021_12_LAC_DEN,2021,12,3.7,12.633947895177963,0,10.478218314972263,12.03603362501492
00-0034353,2021_12_PIT_CIN,2021,12,1.2,7.191243819437739,0,6.971516387333289,6.82380016285071
00-0034411,2021_12_ATL_JAX,2021,12,18.2,12.569217452323674,0,11.957169962446544,11.769947697840156
00-0034418,2021_12_LV_DAL,2021,12,17.4,8.908452805354857,0,8.070571308538806,8.469278308928146
00-0034521,2021_12_LA_GB,2021,12,3.3,6.209700457001866,0,6.875203131531581,5.811868376060387
00-0034676,2021_12_PIT_CIN,2021,12,1.3,5.983771026348794,0,5.415119152053886,5.771935357467433
00-0034764,2021_12_LV_DAL,2021,12,15.6,12.86073418007109,0,10.704398148563788,12.24247096915515
00-0034765,2021_12_BUF_NO,2021,12,7.1,10.305755706835702,0,9.913464358223308,9.680898048706627
00-0034827,2021_12_CAR_MIA,2021,12,14.3,16.78748312515845,0,15.425077290846843,15.708915527234344
00-0034960,2021_12_TEN_NE,2021,12,14.8,13.460060142874159,0,14.02524191326042,12.422534687704673
00-0034983,2021_12_LV_DAL,2021,12,21.6,14.818478910582167,0,14.368731864215835,13.79479821069874
00-0035208,2021_12_ATL_JAX,2021,12,1.5,6.53808442703082,0,5.736947173045792,6.307515971401371
00-0035215,2021_12_BUF_NO,2021,12,1.9,7.910731714575709,0,8.038735065884078,7.431801029945576
00-0035216,2021_12_PIT_CIN,2021,12,18.5,15.822542669465829,0,14.264669146298177,14.857137870414933
00-0035406,2021_12_BUF_NO,2021,12,7.7,5.597626426042642,0,6.006216918166996,5.289415548203496
00-0035414,2021_12_LAC_DEN,2021,12,4.300000000000001,6.700819047451338,0,6.806260636656309,6.333913061624361
00-0035535,2021_12_PHI_NYG,2021,12,5.7,8.613189413902461,0,9.007537724250016,8.035229166945225
00-0035640,2021_12_SEA_WAS,2021,12,2.3,17.417031188330473,0,16.50249173030478,16.221639111527146
00-0035659,2021_12_SEA_WAS,2021,12,9.1,16.85615639060316,0,14.850148288313504,15.857783984052862
00-0035662,2021_12_CLE_BAL,2021,12,13.1,16.60829353334254,0,14.22785010903781,15.682505378358744
00-0035719,2021_12_MIN_SF,2021,12,20.8,13.271141157010824,0,12.429745428427522,12.439419895893506
00-0036110,2021_12_CLE_BAL,2021,12,3.8,5.379382352051306,0,5.216416256837461,5.167544303837221
00-0036182,2021_12_TEN_NE,2021,12,10.5,8.465417349094228,0,7.934971912990366,8.024891442289748
00-0036196,2021_12_BUF_NO,2021,12,6.7,6.017734702359581,0,5.294695493827772,5.823560619653173
00-0036219,2021_12_BUF_NO,2021,12,4.4,8.888807167494749,0,8.792576016275326,8.351861143185372
00-0036233,2021_12_CLE_BAL,2021,12,3.0,9.18447982818269,0,8.66985676284779,8.677052631555918
00-0036247,2021_12_SEA_WAS,2021,12,10.2,6.691401162934934,0,5.858559502644257,6.451276208650405
00-0036252,2021_12_TB_IND,2021,12,9.3,17.667636573854626,0,15.83021331964064,16.573534142754568
00-0036259,2021_12_MIN_SF,2021,12,10.4,5.119534488233564,0,4.814586102390192,4.950161464178773
00-0036261,2021_12_MIN_SF,2021,12,12.5,13.081058107114346,0,12.43339615967852,12.240458553753305
00-0036268,2021_12_ATL_JAX,2021,12,8.3,12.119674998469456,0,10.576569399244278,11.485865738120175
00-0036271,2021_12_PHI_NYG,2021,12,4.6,11.138425581958817,0,10.605692171000404,10.457405349180794
00-0036309,2021_12_CHI_DET,2021,12,17.5,15.869991035340583,0,13.957691506957683,14.94788142369423
00-0036322,2021_12_MIN_SF,2021,12,13.260000000000002,14.928266280232217,0,14.513130756378644,13.890049823418366
00-0036326,2021_12_PIT_CIN,2021,12,11.2,15.391442050538922,0,13.638866294226412,14.49100566083943
00-0036331,2021_12_CLE_BAL,2021,12,2.5,6.0895353770341805,0,4.959420694029101,5.943529072754676
00-0036345,2021_12_MIN_SF,2021,12,1.5,7.247718147861331,0,7.121886109046542,6.862584665687056
00-0036365,2021_12_LV_DAL,2021,12,2.2,9.904937008805781,0,10.146705856981477,9.231086609266232
00-0036387,2021_12_PHI_NYG,2021,12,5.1,7.714450194473278,0,7.173137200181168,7.343034736465717
00-0036407,2021_12_LAC_DEN,2021,12,4.5,11.0081044638072,0,10.649152524493388,10.3155001266047
00-0036410,2021_12_PIT_CIN,2021,12,23.4,10.561310095183659,0,9.289537635295796,10.031470911382415
00-0036415,2021_12_LA_GB,2021,12,18.3,10.509492157382237,0,9.72526509079186,9.918884675116548
00-0036427,2021_12_TB_IND,2021,12,1.9,10.373054159292499,0,10.19937677076839,9.712792345228229
00-0036550,2021_12_CLE_BAL,2021,12,7.1,8.270209164048989,0,8.353787597000562,7.764857021896855
00-0036554,2021_12_NYJ_HOU,2021,12,4.800000000000001,7.258284078708948,0,7.2600375143961235,6.855074741016995
00-0036613,2021_12_CAR_MIA,2021,12,28.700000000000003,14.383182978108591,0,12.839285839254211,13.54556890696144
00-0036900,2021_12_PIT_CIN,2021,12,6.9,15.727106064608154,0,11.584850688097882,15.11716414813652
00-0036912,2021_12_PHI_NYG,2021,12,4.2,15.584544712805064,0,14.533086184368912,14.57261128131477
00-0036963,2021_12_CHI_DET,2021,12,6.300000000000001,13.606310446906138,0,12.763581332091084,12.744573987938024
00-0036980,2021_12_NYJ_HOU,2021,12,9.3,16.544098816422064,0,15.627474490935043,15.427625805511283
00-0036988,2021_12_LAC_DEN,2021,12,4.5,5.021227918854041,0,4.897721807696551,4.836358516067742
00-0026189,2021_13_WAS_LV,2021,13,2.4000000000000004,7.157261961285471,0,5.1800147599829645,7.028766848906614
00-0026293,2021_13_NE_BUF,2021,13,0.0,2.7339669587640127,0,3.744964534401597,2.60287989384417
00-0027685,2021_13_NE_BUF,2021,13,5.2,9.915882908395599,0,9.952347878001088,9.268601495311508
00-0027942,2021_13_ARI_CHI,2021,13,2.4000000000000004,7.686701940154877,0,7.899889511377808,7.2165201840571935
00-0029000,2021_13_NE_BUF,2021,13,2.1,10.50874416779532,0,8.867176170012916,10.033272925492785
00-0029293,2021_13_JAX_LA,2021,13,3.1,13.567841913200942,0,12.885785212798064,12.688006135780348
00-0029608,2021_13_IND_HOU,2021,13,4.2,6.463909819735161,0,6.1904964207368565,6.169194503414497
00-0030279,2021_13_LAC_CIN,2021,13,22.4,18.100448083527734,0,16.896578689971843,16.88232221243041
00-0030564,2021_13_ARI_CHI,2021,13,11.2,14.880354656156817,0,13.954853262423612,13.914953637270456
00-0030669,2021_13_NYG_MIA,2021,13,6.6,7.2732018690889495,0,6.292735616849595,7.00047822444602
00-0031235,2021_13_JAX_LA,2021,13,10.8,9.802785542600182,0,10.125632102933311,9.127255665317051
00-0031236,2021_13_IND_HOU,2021,13,8.4,17.353738738575927,0,15.830994046558684,16.245679307790983
00-0031325,2021_13_BAL_PIT,2021,13,13.9,7.280271043611635,0,7.327091357963517,6.869032286261309
00-0031408,2021_13_TB_ATL,2021,13,16.9,15.795333410304988,0,15.424331684993396,14.67308262686216
00-0031544,2021_13_DAL_NO,2021,13,6.1000000000000005,12.254017204773557,0,11.004275198366734,11.568731469607991
00-0031547,2021_13_NYG_MIA,2021,13,11.2,12.952412971343353,0,11.484739627376584,12.233461217801818
00-0031549,2021_13_NE_BUF,2021,13,0.6000000000000001,6.312854211004608,0,6.226575201191383,6.006630508737325
00-0031588,2021_13_NE_BUF,2021,13,9.1,16.305000946786386,0,14.653102145916794,15.308752964066615
00-0031763,2021_13_WAS_LV,2021,13,1.6,10.383310017339497,0,10.930330595037743,9.625395104611284
00-0031868,2021_13_ARI_CHI,2021,13,6.6,8.382424882255561,0,8.25231200891621,7.895644430644274
00-0031941,2021_13_PHI_NYJ,2021,13,10.2,10.525418926909653,0,9.31235572179912,9.990933325113224
00-0032009,2021_13_WAS_LV,2021,13,7.800000000000001,6.770139502688288,0,6.162065158838375,6.492753936629146
00-0032054,2021_13_TB_ATL,2021,13,1.5,11.30294654741141,0,10.523883828432014,10.640166560734343
00-0032128,2021_13_IND_HOU,2021,13,0.0,7.080360747062489,0,7.148107820647244,6.684322462129138
00-0032200,2021_13_DAL_NO,2021,13,7.0,7.3802971192232825,0,6.573893484054939,7.074563674904446
00-0032211,2021_13_SF_SEA,2021,13,19.8,15.733758887608683,0,14.001171144118844,14.799801731467984
00-0032464,2021_13_MIN_DET,2021,13,5.300000000000001,7.550780164936414,0,7.937581906775603,7.06954130133223
00-0032775,2021_13_DEN_KC,2021,13,4.1,5.2199379694312675,0,5.357894796384929,4.982075008956067
00-0032778,2021_13_TB_ATL,2021,13,4.0,9.869628735146462,0,9.778523621341304,9.243636133390158
00-0032791,2021_13_ARI_CHI,2021,13,17.2,6.0320848171987835,0,5.966166372553667,5.7484218761477965
00-0032951,2021_13_JAX_LA,2021,13,10.2,9.913619258510867,0,9.165031194393125,9.37190843435049
00-0033009,2021_13_LAC_CIN,2021,13,13.5,9.647871290263959,0,8.67237056876362,9.160556021522734
00-0033040,2021_13_DEN_KC,2021,13,4.2,16.791352931463443,0,16.465151202442286,15.57336156383397
00-0033111,2021_13_NYG_MIA,2021,13,4.1,5.4585117330326955,0,6.242470789686416,5.112452721399028
00-0033251,2021_13_IND_HOU,2021,13,2.8,9.92777486212168,0,8.810360253519287,9.434291229517845
00-0033375,2021_13_DEN_KC,2021,13,1.9,10.461663074573966,0,9.40119857822263,9.91243981552175
00-0033536,2021_13_LAC_CIN,2021,13,16.0,14.467122502824543,0,13.710515602622191,13.51627969712195
00-0033839,2021_13_MIN_DET,2021,13,0.8,6.064584437767838,0,5.81848281483307,5.802177188804624
00-0033871,2021_13_PHI_NYJ,2021,13,3.5,9.783560028553234,0,8.710916831898755,9.29705913692882
00-0033891,2021_13_WAS_LV,2021,13,5.1,11.69341477667371,0,9.672399146038442,11.16214888543563
00-0033908,2021_13_JAX_LA,2021,13,26.9,21.51225631131022,0,20.034833064882825,20.023488576427408
00-0033921,2021_13_TB_ATL,2021,13,30.200000000000003,16.02425826488752,0,15.629223259201703,14.884610139777816
00-0033932,2021_13_NYG_MIA,2021,13,6.7,8.283421011397946,0,7.973937972608008,7.829633794906595
00-0033943,2021_13_MIN_DET,2021,13,10.9,11.738893416450026,0,9.80988778690785,11.19118131024635
00-0034297,2021_13_DEN_KC,2021,13,2.4000000000000004,8.399830632665344,0,8.51974804052613,7.877924101365552
00-0034348,2021_13_DEN_KC,2021,13,3.5,12.245931442165546,0,10.57485951111594,11.617923333649378
00-0034407,2021_13_BAL_PIT,2021,13,1.7000000000000002,7.615011548880453,0,7.574737253809592,7.1853067482222865
00-0034411,2021_13_TB_ATL,2021,13,22.0,12.121623573147016,0,11.259159274414555,11.39628583130608
00-0034487,2021_13_SF_SEA,2021,13,3.6,8.963893780499296,0,9.187598162957723,8.377243019066194
00-0034676,2021_13_BAL_PIT,2021,13,0.0,5.43858652800636,0,5.127546048714428,5.241288944023036
00-0034764,2021_13_DAL_NO,2021,13,14.6,14.19670376131876,0,13.117160014956204,13.313565264639262
00-0034765,2021_13_DAL_NO,2021,13,3.5,8.738419073779164,0,8.01342212379869,8.299411375805409
00-0034775,2021_13_ARI_CHI,2021,13,1.4,10.555246679269809,0,9.330692982322963,10.019616213432512
00-0034983,2021_13_WAS_LV,2021,13,19.200000000000003,16.76593714099835,0,15.769190989097387,15.64023316702975
00-0035101,2021_13_IND_HOU,2021,13,0.0,5.525970947235787,0,5.292219580796208,5.310427790362536
00-0035208,2021_13_TB_ATL,2021,13,7.6,6.538749653488098,0,7.423810800220673,6.081806493190441
00-0035215,2021_13_DAL_NO,2021,13,19.9,7.13095450339125,0,7.263021510751969,6.721725651213176
00-0035216,2021_13_BAL_PIT,2021,13,30.5,17.339325312122273,0,16.285833790118627,16.169583057761464
00-0035406,2021_13_DAL_NO,2021,13,12.9,6.196382624346268,0,6.386558378160636,5.863546767799878
00-0035414,2021_13_LAC_CIN,2021,13,18.9,5.797445730144678,0,5.445868650363843,5.573260509844131
00-0035535,2021_13_NYG_MIA,2021,13,3.3,10.970529199118703,0,10.63837364606206,10.277713374965408
00-0035640,2021_13_SF_SEA,2021,13,11.0,15.535418009976773,0,14.293011442616018,14.553538499999206
00-0035659,2021_13_WAS_LV,2021,13,5.2,16.867058275809924,0,14.794592851328533,15.876623393675288
00-0035662,2021_13_BAL_PIT,2021,13,10.5,16.90374327153584,0,14.76787635209603,15.91851306805336
00-0036219,2021_13_DAL_NO,2021,13,2.3,10.218880080197456,0,9.539413530923085,9.640392227436086
00-0036247,2021_13_SF_SEA,2021,13,4.8,5.412018342762301,0,4.831255379983689,5.253315256575773
00-0036252,2021_13_IND_HOU,2021,13,17.0,16.111463044093213,0,13.577466712283943,15.251041761748011
00-0036255,2021_13_PHI_NYJ,2021,13,1.4,5.302293456309438,0,4.729826346630726,5.152361642552443
00-0036259,2021_13_SF_SEA,2021,13,1.8,4.922937512636159,0,5.117439747125614,4.7042409254998585
00-0036261,2021_13_SF_SEA,2021,13,8.5,12.315117293875831,0,11.632378278895615,11.54822641385281
00-0036268,2021_13_JAX_LA,2021,13,6.1,10.33981891364082,0,10.431022958682217,9.64699981758688
00-0036271,2021_13_PHI_NYJ,2021,13,9.0,10.687364200934503,0,9.250971108017223,10.168263989931294
00-0036309,2021_13_ARI_CHI,2021,13,7.7,14.731696556329622,0,12.728005456700457,13.924397886783977
00-0036322,2021_13_MIN_DET,2021,13,35.6,15.486341959903468,0,14.871045967975023,14.424715266758918
00-0036326,2021_13_BAL_PIT,2021,13,7.4,10.53400713035127,0,10.221751688778308,9.877845049115024
00-0036331,2021_13_BAL_PIT,2021,13,4.1,7.2461037295759825,0,7.79644145150526,6.770362894851477
00-0036345,2021_13_MIN_DET,2021,13,14.7,11.150452104303733,0,11.2042776973749,10.38962285302363
00-0036358,2021_13_DAL_NO,2021,13,19.200000000000003,15.845270364503769,0,14.522640967340612,14.8462445898526
00-0036365,2021_13_WAS_LV,2021,13,6.0,8.90121357941052,0,7.973135664660979,8.474797038978627
00-0036387,2021_13_PHI_NYJ,2021,13,1.7000000000000002,9.104374253773937,0,8.253102316585847,8.649347131031892
00-0036407,2021_13_DEN_KC,2021,13,11.7,11.347480124237196,0,9.847793304163163,10.777407545138871
00-0036410,2021_13_LAC_CIN,2021,13,28.8,15.123818082760385,0,14.388123891276775,14.11100918540926
00-0036415,2021_13_JAX_LA,2021,13,16.1,12.353157878621763,0,10.508504733969826,11.73878751101299
00-0036550,2021_13_BAL_PIT,2021,13,0.0,7.537124644967106,0,6.758667196005838,7.213512364997406
00-0036554,2021_13_IND_HOU,2021,13,0.0,7.080430757158163,0,6.956044953767436,6.71017346833802
00-0036613,2021_13_NYG_MIA,2021,13,18.0,15.46077167573185,0,12.385885881734438,14.731564779269906
00-0036900,2021_13_LAC_CIN,2021,13,10.2,15.324351854877623,0,13.319802029388676,14.463778319884124
00-0036912,2021_13_PHI_NYJ,2021,13,3.5,10.945522459248531,0,10.735147847257204,10.238614450857794
00-0036936,2021_13_ARI_CHI,2021,13,2.0,9.303411660165281,0,7.743912766407719,8.925509372454242
00-0036963,2021_13_MIN_DET,2021,13,24.8,13.96284232843307,0,13.097477286118195,13.07202533640722
00-0036980,2021_13_PHI_NYJ,2021,13,20.6,14.752033419437142,0,14.725788454449413,13.6774977992796
00-0036988,2021_13_LAC_CIN,2021,13,0.0,4.930641004806781,0,4.78902375360406,4.756363045976776
00-0026189,2021_14_LV_KC,2021,14,2.9000000000000004,5.630941459818061,0,6.034129307338773,5.320454475270704
00-0027942,2021_14_LA_ARI,2021,14,17.200000000000003,8.017251142426439,0,8.078214867177026,7.537722306591165
00-0027944,2021_14_JAX_TEN,2021,14,7.300000000000001,7.80730059119211,0,7.168631220782723,7.440587366714611
00-0029000,2021_14_BUF_TB,2021,14,15.4,13.687582282619072,0,12.68065575195395,12.840562262737878
00-0029293,2021_14_JAX_TEN,2021,14,13.0,12.783637768263661,0,11.641092689489598,12.036252937585232
00-0029664,2021_14_LV_KC,2021,14,8.9,3.4408702516889553,0,3.684990505825603,3.349028082035137
00-0030525,2021_14_JAX_TEN,2021,14,4.7,5.011151488434568,0,4.806318697116545,4.838105174303621
00-0030564,2021_14_LA_ARI,2021,14,10.4,15.609939237849773,0,13.218380892380818,14.775580922732171
00-0031235,2021_14_LA_ARI,2021,14,19.7,10.320942537772655,0,8.968788577418925,9.823545658855162
00-0031236,2021_14_SEA_HOU,2021,14,18.1,15.511509197288008,0,12.572699016694294,14.759468023185176
00-0031381,2021_14_CHI_GB,2021,14,34.1,17.877332486204654,0,16.08414789932733,16.75840179099062
00-0031382,2021_14_BAL_CLE,2021,14,15.1,15.19448389894364,0,14.48053917,14.172389854507088
00-0031408,2021_14_BUF_TB,2021,14,21.1,16.40414394908334,0,15.280701636164045,15.3280372332754
00-0031428,2021_14_CHI_GB,2021,14,3.4000000000000004,10.513064207379557,0,9.533112132160644,9.948404356909654
00-0031544,2021_14_DAL_WAS,2021,14,16.1,13.619643872515022,0,12.736252861288584,12.762163731052835
00-0031588,2021_14_BUF_TB,2021,14,14.4,18.321496256863735,0,16.042112958143,17.22780813141432
00-0031763,2021_14_DAL_WAS,2021,14,3.2,7.605522651695734,0,7.609378087591539,7.170749755383304
00-0031868,2021_14_CHI_GB,2021,14,15.6,4.446017608677025,0,4.4321977709342955,4.298245120629383
00-0031941,2021_14_NO_NYJ,2021,14,4.9,10.63405643262393,0,9.710910085177584,10.050872604205772
00-0032009,2021_14_DAL_WAS,2021,14,7.4,6.66422310665807,0,7.02365094511706,6.26652489929483
00-0032128,2021_14_SEA_HOU,2021,14,4.0,6.153550414559318,0,6.574451039861809,5.793606187542772
00-0032208,2021_14_SEA_HOU,2021,14,1.9,6.28532994252648,0,5.556480581919752,6.067829011292703
00-0032211,2021_14_SEA_HOU,2021,14,27.200000000000003,16.080097508189514,0,14.199079627480453,15.134861685693329
00-0032385,2021_14_NYG_LAC,2021,14,4.7,14.829219877667146,0,13.774832952873542,13.885723899853256
00-0032464,2021_14_DET_DEN,2021,14,13.1,8.356610578650303,0,9.170340909898346,7.745476797955291
00-0032688,2021_14_ATL_CAR,2021,14,21.4,5.812259837707607,0,5.893643673397532,5.528629794213658
00-0032778,2021_14_ATL_CAR,2021,14,1.7000000000000002,8.48697262006298,0,8.218483336814138,8.0093461760416
00-0032791,2021_14_CHI_GB,2021,14,18.1,8.759759834907525,0,7.2052157746581225,8.430168108166196
00-0032951,2021_14_JAX_TEN,2021,14,10.8,9.836301461415056,0,9.211445465809366,9.284949089871924
00-0033009,2021_14_SF_CIN,2021,14,10.3,10.305166620319799,0,9.629210333341176,9.718434399525488
00-0033040,2021_14_LV_KC,2021,14,11.6,15.09250976752193,0,12.762658219013153,14.296482717971267
00-0033375,2021_14_DET_DEN,2021,14,4.1,10.310117897594456,0,9.27034972044092,9.771769005255685
00-0033386,2021_14_JAX_TEN,2021,14,1.6,6.3567051989889265,0,6.915075622092658,5.960008865962697
00-0033536,2021_14_NYG_LAC,2021,14,12.1,16.27448688145321,0,15.15734412796698,15.20921498895058
00-0033681,2021_14_NO_NYJ,2021,14,3.7,9.539822249609642,0,9.45158858450116,8.94315529796098
00-0033839,2021_14_PIT_MIN,2021,14,0.0,4.942990921129107,0,4.014817628444093,4.873168796848117
00-0033891,2021_14_LV_KC,2021,14,5.5,10.922722376645451,0,10.427383440884537,10.256115110229908
00-0033908,2021_14_LA_ARI,2021,14,31.3,19.079339536924355,0,19.07136655821932,17.612520547784488
00-0033921,2021_14_BUF_TB,2021,14,20.5,17.274107754914315,0,16.34524786981307,16.093513150931766
00-0033932,2021_14_NYG_LAC,2021,14,3.5,10.939900977277544,0,9.379645184291942,10.414675017808747
00-0033943,2021_14_DET_DEN,2021,14,8.2,9.43901919021458,0,8.774699656008757,8.928753144286361
00-0034052,2021_14_ATL_CAR,2021,14,8.5,4.67620403647026,0,5.374816798258233,4.4120750638467
00-0034104,2021_14_DAL_WAS,2021,14,15.9,6.4965186786110305,0,6.921801314020766,6.105089575514239
00-0034272,2021_14_CHI_GB,2021,14,5.0,8.944495579258067,0,9.248716441365689,8.34878573139719
00-0034297,2021_14_LV_KC,2021,14,3.8,6.604926845876883,0,6.918815579970227,6.2186824946515955
00-0034348,2021_14_DET_DEN,2021,14,1.9,12.125505837036107,0,10.260127824836008,11.53442540693392
00-0034407,2021_14_PIT_MIN,2021,14,9.2,10.692231052844871,0,10.070653936295566,10.063331077470156
00-0034411,2021_14_ATL_CAR,2021,14,10.4,12.612499593578283,0,12.084261141739628,11.798082198866194
00-0034419,2021_14_NO_NYJ,2021,14,11.2,8.417885654085168,0,9.244778473045464,7.799465212620614
00-0034521,2021_14_CHI_GB,2021,14,20.9,8.844986466366542,0,8.546000804878402,8.339200982698529
00-0034676,2021_14_PIT_MIN,2021,14,16.5,5.374390229163694,0,4.35963139167498,5.277326103525544
00-0034764,2021_14_DAL_WAS,2021,14,11.0,13.656925160922809,0,13.134738533275334,12.747607084687964
00-0034765,2021_14_NO_NYJ,2021,14,6.300000000000001,8.055225350628193,0,7.375909305517884,7.671632936506523
00-0034775,2021_14_LA_ARI,2021,14,11.6,10.926319580638664,0,10.265059684512233,10.281657500336005
00-0034827,2021_14_ATL_CAR,2021,14,14.4,15.923169496227057,0,14.022379433095296,14.9947244798551
00-0034983,2021_14_LV_KC,2021,14,28.700000000000003,15.710161839015978,0,14.700942473558277,14.68124285520501
00-0035045,2021_14_NO_NYJ,2021,14,6.6,5.515945115754387,0,5.7944683097395835,5.2325497148998625
00-0035140,2021_14_LV_KC,2021,14,7.9,8.09558742521038,0,7.889234028901173,7.644879794212093
00-0035216,2021_14_PIT_MIN,2021,14,15.3,18.64043035941213,0,17.540102147903614,17.359762604009788
00-0035414,2021_14_NYG_LAC,2021,14,17.700000000000003,7.015816616683384,0,7.244433272090899,6.604001604179398
00-0035535,2021_14_NYG_LAC,2021,14,0.0,8.622821270315649,0,9.202932969273892,8.019060909180633
00-0035640,2021_14_SEA_HOU,2021,14,8.3,15.219318776718458,0,13.865583456989762,14.28085757358536
00-0035659,2021_14_DAL_WAS,2021,14,0.0,11.198646631317716,0,10.200695643419762,10.574640941981764
00-0035662,2021_14_BAL_CLE,2021,14,9.1,15.484945355264932,0,13.510450008539982,14.605870755357854
00-0035719,2021_14_SF_CIN,2021,14,12.9,15.276783477050232,0,12.365323328052568,14.542217062082615
00-0036182,2021_14_JAX_TEN,2021,14,6.1,9.744917316193566,0,9.621473595159085,9.134499862118554
00-0036196,2021_14_BUF_TB,2021,14,15.3,10.669053811095205,0,9.366179866786991,10.133682711417755
00-0036219,2021_14_NO_NYJ,2021,14,5.4,8.739122401380067,0,8.405619330125306,8.24750660722556
00-0036233,2021_14_BAL_CLE,2021,14,14.0,9.558698530275155,0,7.4699150027997,9.228836851933565
00-0036247,2021_14_SEA_HOU,2021,14,0.3,5.933963554892524,0,5.600473218068378,5.695052419534205
00-0036259,2021_14_SF_CIN,2021,14,7.6,6.345680338067678,0,6.667987918626922,5.981660600518367
00-0036261,2021_14_SF_CIN,2021,14,18.6,11.745627458698088,0,10.834231934593545,11.06072916636345
00-0036268,2021_14_JAX_TEN,2021,14,7.4,13.659200027896809,0,12.230579465513054,12.871334939434696
00-0036309,2021_14_CHI_GB,2021,14,2.9000000000000004,14.744908460087034,0,13.263845801657732,13.866274488791133
00-0036322,2021_14_PIT_MIN,2021,14,20.5,16.045007218193756,0,14.958313121331908,14.99632160198274
00-0036326,2021_14_PIT_MIN,2021,14,17.5,11.259276271888716,0,11.244737002985271,10.497819111714344
00-0036331,2021_14_BAL_CLE,2021,14,3.7,7.608489033949849,0,7.523779693159439,7.185335715864385
00-0036345,2021_14_PIT_MIN,2021,14,17.3,11.168343430150882,0,10.18196669826522,10.545514193786085
00-0036358,2021_14_DAL_WAS,2021,14,14.6,13.499837553836464,0,11.124973173564474,12.8533298849926
00-0036365,2021_14_LV_KC,2021,14,4.4,6.849283304824508,0,7.35687996388311,6.4150270858230805
00-0036407,2021_14_DET_DEN,2021,14,9.7,9.03700375248302,0,8.363664703092878,8.56416435105991
00-0036410,2021_14_SF_CIN,2021,14,16.4,16.217195853215117,0,13.841215173370877,15.326041267662603
00-0036415,2021_14_LA_ARI,2021,14,14.8,12.848884594219674,0,11.285405036695389,12.152118053809202
00-0036427,2021_14_BUF_TB,2021,14,4.7,7.017901602333052,0,6.472978418675929,6.709720171542886
00-0036550,2021_14_BAL_CLE,2021,14,17.3,7.075464280102684,0,7.591717687240057,6.619670381032995
00-0036554,2021_14_SEA_HOU,2021,14,11.9,7.724341436347528,0,8.61367071756284,7.160019852830963
00-0036620,2021_14_SEA_HOU,2021,14,0.0,6.142187971374594,0,5.885959605020819,5.874148878401964
00-0036626,2021_14_DAL_WAS,2021,14,0.0,5.665273259625192,0,5.484919389801238,5.430014075984818
00-0036900,2021_14_SF_CIN,2021,14,25.3,14.972791340290307,0,12.782690029614743,14.168792564689706
00-0036936,2021_14_LA_ARI,2021,14,4.6,10.131768923145831,0,8.840903495628039,9.64318809360447
00-0036963,2021_14_DET_DEN,2021,14,15.3,12.081534479937774,0,11.015795746014,11.38709089424048
00-0036988,2021_14_NYG_LAC,2021,14,17.6,9.61079544991741,0,8.838520819393915,9.099544016583136
00-0027942,2021_15_ARI_DET,2021,15,10.4,9.163568229606387,0,9.256773233637858,8.57644463923833
00-0027944,2021_15_TEN_PIT,2021,15,0.0,6.924138317191474,0,6.751530371246358,6.574433017551307
00-0029000,2021_15_CAR_BUF,2021,15,7.5,9.060791019447933,0,8.378891890144216,8.586957610815958
00-0029293,2021_15_HOU_JAX,2021,15,3.4000000000000004,12.481530987787602,0,10.94758253980866,11.813894425899091
00-0030279,2021_15_KC_LAC,2021,15,19.8,19.32973704175689,0,16.94717535641608,18.15906842796064
00-0030669,2021_15_NYJ_MIA,2021,15,2.0,6.279630343978019,0,5.739750717087601,6.03728010978208
00-0031235,2021_15_SEA_LA,2021,15,1.7000000000000002,12.071706644084747,0,11.045487066790924,11.37284430923164
00-0031236,2021_15_HOU_JAX,2021,15,29.200000000000003,15.605533781903123,0,14.281898922323554,14.628239936932337
00-0031381,2021_15_GB_BAL,2021,15,16.4,20.580816372253555,0,18.89265161604897,19.204243489710656
00-0031544,2021_15_DAL_NYG,2021,15,2.8,14.092751113441311,0,13.014130103538935,13.218853479704938
00-0031547,2021_15_NYJ_MIA,2021,15,16.8,15.068202828120194,0,14.07822203517598,14.094533429345802
00-0031549,2021_15_NE_IND,2021,15,7.4,9.105915720008776,0,9.636430608388812,8.465291854378293
00-0031588,2021_15_CAR_BUF,2021,15,13.5,17.43689495752674,0,15.322318932489525,16.40077751553371
00-0031763,2021_15_WAS_PHI,2021,15,4.4,6.0616475832414975,0,6.709546891372533,5.679515690328236
00-0031868,2021_15_MIN_CHI,2021,15,11.2,9.433540968199692,0,8.620558668097091,8.943721354345275
00-0031941,2021_15_NYJ_MIA,2021,15,9.0,11.266862312406607,0,9.89998979906678,10.686226490490938
00-0032009,2021_15_WAS_PHI,2021,15,5.300000000000001,5.988966826156973,0,6.337362329556151,5.653580671123846
00-0032128,2021_15_HOU_JAX,2021,15,3.2,7.193965612573199,0,7.347795399305262,6.776139410172755
00-0032355,2021_15_TEN_PIT,2021,15,7.0,5.759456514383351,0,5.27430614801308,5.556621271829768
00-0032385,2021_15_DAL_NYG,2021,15,3.5,14.405116467333611,0,14.759250622133964,13.310780352437522
00-0032464,2021_15_ARI_DET,2021,15,4.0,9.279090019306475,0,8.834518833555938,8.753737659151307
00-0032688,2021_15_CAR_BUF,2021,15,9.2,8.963108691100937,0,9.078420296234055,8.391076698685975
00-0032775,2021_15_KC_LAC,2021,15,0.0,7.943069303744217,0,8.383204967418878,7.419332300195169
00-0032778,2021_15_ATL_SF,2021,15,0.0,5.865278628485888,0,6.061380796163922,5.561475284790465
00-0032951,2021_15_HOU_JAX,2021,15,11.7,10.3252011725525,0,9.13052793372614,9.80628421906868
00-0032977,2021_15_LV_CLE,2021,15,5.4,7.264379699627183,0,6.945533002347609,6.903650892215098
00-0033009,2021_15_CIN_DEN,2021,15,20.6,11.515610883832046,0,11.984270475381948,10.66620847780758
00-0033040,2021_15_KC_LAC,2021,15,32.8,17.74458740720326,0,15.206307013034138,16.737618991008937
00-0033251,2021_15_NE_IND,2021,15,3.3000000000000003,7.9217078744226335,0,9.21254092339713,7.2857180565956305
00-0033307,2021_15_NE_IND,2021,15,9.3,10.777434459926281,0,9.821178811229649,10.185778033647
00-0033375,2021_15_CIN_DEN,2021,15,13.2,10.681511367684134,0,9.235981519179006,10.164164715382991
00-0033386,2021_15_TEN_PIT,2021,15,1.5,7.315101942212605,0,7.77991806079386,6.844623680247038
00-0033536,2021_15_KC_LAC,2021,15,7.9,16.833614251384883,0,16.119369251507326,15.663897327286634
00-0033681,2021_15_NYJ_MIA,2021,15,1.9,9.051807088019071,0,9.142056354821191,8.475148352024716
00-0033891,2021_15_LV_CLE,2021,15,12.7,10.694592471532744,0,10.115541875421314,10.05977202592774
00-0033908,2021_15_SEA_LA,2021,15,34.7,20.133501569060595,0,19.379561660486587,18.67183771311118
00-0033932,2021_15_DAL_NYG,2021,15,8.3,11.09761454610455,0,10.455668410863536,10.434928921560587
00-0033943,2021_15_ARI_DET,2021,15,18.8,9.1290045628725,0,8.990885322881137,8.576042096129305
00-0034052,2021_15_CAR_BUF,2021,15,3.7,7.047962540761085,0,8.05645588864955,6.528579703690075
00-0034104,2021_15_WAS_PHI,2021,15,2.3,5.4541083266369155,0,5.329206929887375,5.230429601271864
00-0034272,2021_15_GB_BAL,2021,15,20.8,8.858199295182377,0,9.660798702212352,8.203373193237212
00-0034297,2021_15_KC_LAC,2021,15,5.2,7.74372414706964,0,7.9078844149226,7.274985719350807
00-0034348,2021_15_CIN_DEN,2021,15,3.2,12.10813010013372,0,10.4847349839966,11.486137013388449
00-0034407,2021_15_TEN_PIT,2021,15,1.0,7.661017233660541,0,7.676058365399001,7.219743736884913
00-0034411,2021_15_ATL_SF,2021,15,23.1,15.654530378068806,0,15.060269591262267,14.574928952688762
00-0034521,2021_15_GB_BAL,2021,15,4.800000000000001,10.43770303411579,0,9.167258779233435,9.91882088616693
00-0034676,2021_15_TEN_PIT,2021,15,6.6,5.259734566073317,0,4.745689008641831,5.105795618968265
00-0034764,2021_15_DAL_NYG,2021,15,6.2,13.762905440688568,0,13.707726133301378,12.781360146851387
00-0034765,2021_15_NO_TB,2021,15,3.7,7.804643352730398,0,8.412626987851782,7.2708487496879295
00-0034775,2021_15_ARI_DET,2021,15,24.4,12.19113403932902,0,11.93987593161935,11.377500717006528
00-0034827,2021_15_CAR_BUF,2021,15,12.8,16.07908440395618,0,13.757169709459166,15.193115247791546
00-0034960,2021_15_NE_IND,2021,15,11.3,14.371098452988285,0,14.152167686656911,13.356741367025982
00-0034983,2021_15_LV_CLE,2021,15,6.2,15.819672732814585,0,15.176339691635503,14.731780525400582
00-0035021,2021_15_NE_IND,2021,15,3.9,5.024531282325123,0,5.405003179055924,4.771722387725222
00-0035126,2021_15_ARI_DET,2021,15,4.9,9.205634416417048,0,7.614716692185448,8.840757427586635
00-0035140,2021_15_KC_LAC,2021,15,3.1,8.936504422786621,0,9.212934815249794,8.345244393824487
00-0035208,2021_15_ATL_SF,2021,15,7.300000000000001,6.339822417242568,0,7.377202506099809,5.880356238038229
00-0035216,2021_15_TEN_PIT,2021,15,9.8,16.623115381742572,0,15.787875412359831,15.488600979798296
00-0035298,2021_15_NO_TB,2021,15,3.8,10.591095743423239,0,10.786949216702492,9.861594422758529
00-0035414,2021_15_KC_LAC,2021,15,9.0,6.439824267361362,0,5.834632963471578,6.191808627060817
00-0035535,2021_15_DAL_NYG,2021,15,4.300000000000001,7.122085336486568,0,8.19929215342887,6.586802605522935
00-0035640,2021_15_SEA_LA,2021,15,11.2,17.512011775963035,0,16.904141132212647,16.266903393358344
00-0035659,2021_15_WAS_PHI,2021,15,7.1000000000000005,14.626974663474746,0,13.399673927291722,13.724906005003769
00-0035662,2021_15_GB_BAL,2021,15,14.3,15.501857131923881,0,13.700323986018615,14.598044720805143
00-0035719,2021_15_ATL_SF,2021,15,18.9,14.968983476306436,0,13.29870786616139,14.09555881937244
00-0036182,2021_15_TEN_PIT,2021,15,7.2,10.175719326381108,0,9.88396609829326,9.549082341275373
00-0036196,2021_15_CAR_BUF,2021,15,25.5,9.515680098452346,0,8.878139592066608,8.994913781754953
00-0036219,2021_15_NO_TB,2021,15,17.200000000000003,11.062110603584893,0,9.85762460206738,10.478125239149154
00-0036233,2021_15_LV_CLE,2021,15,8.8,9.542531614647858,0,8.430483346370561,9.08303287031924
00-0036247,2021_15_SEA_LA,2021,15,3.5,10.96505637361088,0,10.934029166546786,10.232317338887526
00-0036252,2021_15_NE_IND,2021,15,1.7000000000000002,12.694803608731943,0,11.149756201159974,12.009443764331085
00-0036255,2021_15_NYJ_MIA,2021,15,0.0,5.23107572338084,0,5.34477087489155,4.995465708548475
00-0036259,2021_15_ATL_SF,2021,15,11.8,6.350536436424648,0,5.094742770152346,6.19788564201421
00-0036261,2021_15_ATL_SF,2021,15,4.6,13.536588948946061,0,11.754337627646494,12.8072323384743
00-0036268,2021_15_HOU_JAX,2021,15,8.9,10.93852889956351,0,10.210123993492584,10.301778860504754
00-0036271,2021_15_WAS_PHI,2021,15,3.4000000000000004,6.505302138662961,0,5.65101421477384,6.28482058738081
00-0036309,2021_15_MIN_CHI,2021,15,11.6,14.679788307542154,0,12.414295868418671,13.91230378410626
00-0036322,2021_15_MIN_CHI,2021,15,14.7,15.978696889507606,0,16.274907856654067,14.750376961763909
00-0036326,2021_15_TEN_PIT,2021,15,1.9,10.738295423133629,0,11.156875469347929,9.965639962609226
00-0036345,2021_15_MIN_CHI,2021,15,5.1,11.766178541489223,0,11.682416982108522,10.968347171614951
00-0036358,2021_15_DAL_NYG,2021,15,11.0,14.663322644281013,0,10.983959400210152,14.087085512202554
00-0036365,2021_15_LV_CLE,2021,15,9.8,8.511616564538262,0,8.459858391190629,8.002681259769629
00-0036387,2021_15_WAS_PHI,2021,15,8.7,5.977235760194897,0,6.708113756181922,5.591571149484318
00-0036407,2021_15_CIN_DEN,2021,15,0.0,11.01653665035928,0,8.875645968768568,10.562337349702643
00-0036410,2021_15_CIN_DEN,2021,15,4.300000000000001,15.352439256094542,0,14.008627160864703,14.400653866821145
00-0036415,2021_15_SEA_LA,2021,15,5.300000000000001,12.684046656567265,0,11.794176017181906,11.91172067176682
00-0036427,2021_15_NO_TB,2021,15,8.100000000000001,11.244680157775676,0,11.810601542246443,10.406630809917978
00-0036550,2021_15_GB_BAL,2021,15,1.5,10.514660961556359,0,8.774332290618377,10.051911958112004
00-0036554,2021_15_HOU_JAX,2021,15,3.4000000000000004,7.053131272237919,0,6.685305942486924,6.718006768350699
00-0036620,2021_15_SEA_LA,2021,15,0.0,8.318663945753778,0,8.568677849752703,7.786608391381586
00-0036635,2021_15_MIN_CHI,2021,15,7.7,5.3379912932117195,0,5.724081943409784,5.056189821010872
00-0036877,2021_15_NO_TB,2021,15,0.0,5.99202735790157,0,6.313055905856827,5.6600385737449805
00-0036900,2021_15_CIN_DEN,2021,15,1.3,15.112531675903815,0,13.154911377393727,14.264741543462232
00-0036907,2021_15_MIN_CHI,2021,15,0.0,7.0850312752678795,0,7.368084123520701,6.659674763432015
00-0036912,2021_15_WAS_PHI,2021,15,7.0,12.316043373280701,0,10.396707925741309,11.715040072695569
00-0036963,2021_15_ARI_DET,2021,15,23.5,12.393159250463652,0,10.93944734674188,11.72271474428469
00-0036988,2021_15_KC_LAC,2021,15,2.5,5.5633541537462845,0,5.513081086318106,5.319817561926026
00-0026189,2021_16_DEN_LV,2021,16,8.4,6.445675904654955,0,6.642288509694384,6.089518211745991
00-0027685,2021_16_BUF_NE,2021,16,4.0,9.405805653931802,0,8.553415342059827,8.923773796847287
00-0027793,2021_16_TB_CAR,2021,16,20.1,13.72409616827056,0,13.199047110010916,12.809111088778192
00-0027942,2021_16_IND_ARI,2021,16,4.300000000000001,9.315576284029541,0,8.853116692159695,8.78933792148153
00-0027944,2021_16_SF_TEN,2021,16,1.7000000000000002,6.766314113400481,0,7.429008197187102,6.318715728058915
00-0029293,2021_16_JAX_NYJ,2021,16,15.4,11.912737287493668,0,9.951131252112184,11.35373972653759
00-0029608,2021_16_IND_ARI,2021,16,15.1,8.403484635039222,0,8.663216882684946,7.862483541960577
00-0030035,2021_16_LA_MIN,2021,16,7.0,11.816355655043116,0,10.757553528388671,11.144870043681731
00-0030279,2021_16_LAC_HOU,2021,16,7.5,18.361411861036803,0,16.815632955506167,17.165666451487912
00-0030525,2021_16_JAX_NYJ,2021,16,14.9,5.860143376989026,0,5.999349071070916,5.564439065242477
00-0031235,2021_16_LA_MIN,2021,16,13.7,13.08499480451402,0,12.39277962399766,12.250020364668917
00-0031381,2021_16_CLE_GB,2021,16,33.4,20.14510252908631,0,17.569021528905477,18.926954044478123
00-0031382,2021_16_CLE_GB,2021,16,9.5,14.83407715364488,0,13.617401784901912,13.911925304963386
00-0031544,2021_16_WAS_DAL,2021,16,21.5,13.285308381416911,0,10.94231386008116,12.65384940646713
00-0031588,2021_16_BUF_NE,2021,16,21.5,16.13547605330557,0,13.847999210218289,15.23980467227047
00-0031868,2021_16_CHI_SEA,2021,16,4.1,9.186183402076908,0,9.173060694813172,8.611293372959832
00-0032009,2021_16_WAS_DAL,2021,16,2.4,7.490331644698828,0,7.721254133198006,7.035459851642273
00-0032128,2021_16_LAC_HOU,2021,16,15.0,8.928390637966903,0,8.379905674781444,8.448578375656686
00-0032200,2021_16_MIA_NO,2021,16,0.0,6.819300725263865,0,6.568663303591323,6.489512658713184
00-0032208,2021_16_LAC_HOU,2021,16,8.5,5.759517496369216,0,5.987851032924077,5.460915816367301
00-0032211,2021_16_CHI_SEA,2021,16,6.0,16.040870126597824,0,14.138906733454755,15.10197937613323
00-0032355,2021_16_SF_TEN,2021,16,1.3,5.500200434957125,0,6.069346347949379,5.179217199979613
00-0032398,2021_16_LAC_HOU,2021,16,8.0,8.50821988519391,0,7.274292046303728,8.158256639115185
00-0032464,2021_16_DET_ATL,2021,16,4.7,9.583797133514002,0,9.381389007108066,8.998492685115995
00-0032688,2021_16_TB_CAR,2021,16,10.8,8.851364131307026,0,10.08368267991974,8.139478606697324
00-0032775,2021_16_PIT_KC,2021,16,3.5,6.559524219229223,0,6.207116286187516,6.266797684974166
00-0032951,2021_16_JAX_NYJ,2021,16,9.4,10.522282013628772,0,10.364132816783892,9.846492683505348
00-0032977,2021_16_CLE_GB,2021,16,10.8,5.328030307568888,0,5.62216271957428,5.059468449049548
00-0033009,2021_16_BAL_CIN,2021,16,17.5,12.309011970772398,0,12.574544790872732,11.415397859632243
00-0033040,2021_16_PIT_KC,2021,16,3.9,12.492633943512004,0,10.448252936097036,11.892505365497753
00-0033111,2021_16_NYG_PHI,2021,16,0.0,5.493880434121812,0,5.325394307902419,5.272468554276013
00-0033215,2021_16_TB_CAR,2021,16,12.5,10.6527677698341,0,10.011293118324408,10.030093462648452
00-0033307,2021_16_BUF_NE,2021,16,5.300000000000001,8.788462795937685,0,8.111125850656657,8.338550110027398
00-0033375,2021_16_DEN_LV,2021,16,3.8,11.193348557297707,0,9.40770474344172,10.675541119225183
00-0033466,2021_16_BUF_NE,2021,16,29.4,9.050705566400033,0,8.5317655364472,8.55590900306426
00-0033681,2021_16_JAX_NYJ,2021,16,4.5,8.760310176248137,0,8.99036448937407,8.19114724529759
00-0033839,2021_16_LA_MIN,2021,16,0.0,4.9905982538592735,0,5.007908640368012,4.7895883393758725
00-0033891,2021_16_DEN_LV,2021,16,11.0,11.398670821556982,0,9.33266409635884,10.899995845280976
00-0033908,2021_16_LA_MIN,2021,16,21.3,20.212366566850708,0,20.00857866966477,18.669758862095712
00-0033932,2021_16_NYG_PHI,2021,16,5.2,11.089350195876477,0,10.363173918193596,10.438714107442705
00-0033943,2021_16_DET_ATL,2021,16,5.6,12.617266264529068,0,11.130908236627585,11.931014419389202
00-0034104,2021_16_WAS_DAL,2021,16,0.0,6.6439856833145265,0,7.418109035090517,6.1924518242344915
00-0034279,2021_16_CLE_GB,2021,16,-1.0,9.544633248767077,0,9.920184994461165,8.88528547694222
00-0034297,2021_16_PIT_KC,2021,16,25.5,9.531121563554612,0,7.926759343484485,9.138727109732406
00-0034348,2021_16_DEN_LV,2021,16,7.300000000000001,12.146333174357704,0,11.052666450387612,11.44980049699934
00-0034407,2021_16_PIT_KC,2021,16,6.5,6.507619497384534,0,6.589203098023198,6.161320266661557
00-0034411,2021_16_DET_ATL,2021,16,5.9,16.382239085685896,0,15.186616658566876,15.317793422891544
00-0034418,2021_16_WAS_DAL,2021,16,3.0,8.171885554847476,0,6.1012789524561715,7.964517085734824
00-0034419,2021_16_JAX_NYJ,2021,16,15.0,13.821979847104275,0,13.78530354265555,12.83262936011251
00-0034521,2021_16_CLE_GB,2021,16,13.8,9.750069836171065,0,9.832878618175506,9.111505828096885
00-0034764,2021_16_WAS_DAL,2021,16,7.300000000000001,11.132038373080496,0,9.865107961428777,10.55013451288438
00-0034775,2021_16_IND_ARI,2021,16,11.8,14.460647630220956,0,14.710554681086908,13.375297861862904
00-0034827,2021_16_TB_CAR,2021,16,10.5,16.516615609116727,0,15.36153276673327,15.434623402923428
00-0034960,2021_16_BUF_NE,2021,16,11.9,12.454695564403703,0,12.38123559816784,11.593455608288409
00-0034983,2021_16_DEN_LV,2021,16,13.0,12.00077359789202,0,10.82468832731607,11.32841572980884
00-0035021,2021_16_IND_ARI,2021,16,3.3000000000000003,6.578702656215329,0,5.994407611082489,6.315371364455537
00-0035126,2021_16_IND_ARI,2021,16,10.9,9.776669263758258,0,9.456220390369989,9.189832634656964
00-0035140,2021_16_PIT_KC,2021,16,12.1,7.793454249476255,0,8.076236760498512,7.304314820028424
00-0035208,2021_16_DET_ATL,2021,16,5.2,9.991550341358852,0,9.854534690944362,9.360736201620812
00-0035216,2021_16_PIT_KC,2021,16,15.1,15.614873766994762,0,13.262277802920014,14.77484154408602
00-0035406,2021_16_MIA_NO,2021,16,10.0,6.921317147879764,0,7.754322827195557,6.43689657510456
00-0035432,2021_16_LAC_HOU,2021,16,8.600000000000001,8.5304861268415,0,8.219566086274892,8.054634598030672
00-0035535,2021_16_NYG_PHI,2021,16,1.7000000000000002,10.952255758769132,0,10.420323814474113,10.287899306005938
00-0035640,2021_16_CHI_SEA,2021,16,12.1,17.380666527688163,0,16.976432594736796,16.120059250459168
00-0035659,2021_16_WAS_DAL,2021,16,7.0,15.264593490602133,0,14.580743702344968,14.232144310728929
00-0035662,2021_16_BAL_CIN,2021,16,9.4,16.707609914183614,0,15.281652987216823,15.644767370331865
00-0035676,2021_16_SF_TEN,2021,16,31.5,13.863733132786676,0,13.241775484934635,12.949175358156968
00-0035719,2021_16_SF_TEN,2021,16,28.1,15.111548324226392,0,13.038243543390593,14.279373484875832
00-0035891,2021_16_PIT_KC,2021,16,4.6,4.743434490698048,0,4.625375511026045,4.5828593765784005
00-0036133,2021_16_BAL_CIN,2021,16,14.6,5.333196383060531,0,4.768854640762486,5.179390084946301
00-0036182,2021_16_SF_TEN,2021,16,5.800000000000001,7.827234686515354,0,7.924217156905498,7.3599894378486495
00-0036219,2021_16_MIA_NO,2021,16,8.600000000000001,12.230047075209459,0,11.597029169268044,11.46414648846408
00-0036233,2021_16_CLE_GB,2021,16,1.5,10.824198903445408,0,9.861425571495673,10.2292044189704
00-0036247,2021_16_CHI_SEA,2021,16,1.9,5.818491933997701,0,5.169329237930634,5.632351485356035
00-0036252,2021_16_IND_ARI,2021,16,16.5,17.15833551859296,0,15.77330767982182,16.049395437053285
00-0036255,2021_16_JAX_NYJ,2021,16,0.0,5.584367684135594,0,5.6174790658497225,5.32774653535545
00-0036259,2021_16_SF_TEN,2021,16,3.9,5.855880958912632,0,4.83795705646882,5.71586591955871
00-0036261,2021_16_SF_TEN,2021,16,14.0,11.977211064289477,0,11.098117939157367,11.267114764644928
00-0036271,2021_16_NYG_PHI,2021,16,7.3,10.38419108182628,0,10.058042808576948,9.743390013433206
00-0036309,2021_16_CHI_SEA,2021,16,10.9,13.774269003116288,0,11.344866847138064,13.110358662926489
00-0036322,2021_16_LA_MIN,2021,16,19.6,16.619747382350102,0,16.50085924765272,15.389390524904147
00-0036326,2021_16_PIT_KC,2021,16,8.100000000000001,12.676529128881612,0,12.650428888481532,11.788948576603271
00-0036345,2021_16_LA_MIN,2021,16,17.8,11.590144829028562,0,11.508819307306508,10.807844728951808
00-0036358,2021_16_WAS_DAL,2021,16,10.4,15.334969742270248,0,13.37779223576046,14.467081558751818
00-0036387,2021_16_NYG_PHI,2021,16,3.5,6.444319379627709,0,5.893674288531426,6.188577817715307
00-0036407,2021_16_DEN_LV,2021,16,9.0,11.29591186755804,0,10.00825273473622,10.702027377061471
00-0036410,2021_16_BAL_CIN,2021,16,43.400000000000006,16.468588644593716,0,13.99696710802172,15.567623545480146
00-0036415,2021_16_LA_MIN,2021,16,1.6,12.812876310823185,0,13.134668418604964,11.866320032366309
00-0036427,2021_16_TB_CAR,2021,16,0.0,5.9544193593852155,0,6.431257752338874,5.604906368885733
00-0036550,2021_16_BAL_CIN,2021,16,12.6,11.631338516864522,0,10.10439168592933,11.03935291598008
00-0036554,2021_16_LAC_HOU,2021,16,12.3,7.5212090174502055,0,7.450467999266724,7.104043660539409
00-0036613,2021_16_MIA_NO,2021,16,25.200000000000003,17.21274965018581,0,15.659451760594107,16.121492131503494
00-0036620,2021_16_CHI_SEA,2021,16,3.7,4.784505405556423,0,4.293535932209904,4.6702809135760095
00-0036630,2021_16_BAL_CIN,2021,16,2.8,5.412197656342822,0,5.00994673917283,5.229519246676014
00-0036900,2021_16_BAL_CIN,2021,16,19.5,15.8725062663624,0,13.342672379204997,15.033053048235596
00-0036907,2021_16_CHI_SEA,2021,16,2.0,3.796058469052288,0,4.2921729952861964,3.638397049704639
00-0036912,2021_16_NYG_PHI,2021,16,19.0,12.360535583453206,0,10.48290767569711,11.749926326012694
00-0036913,2021_16_NYG_PHI,2021,16,6.800000000000001,8.739704719526449,0,9.337390331764762,8.123056061424048
00-0036955,2021_16_TB_CAR,2021,16,1.6,5.744561299164394,0,6.010280635612689,5.442289195654099
00-0036963,2021_16_DET_ATL,2021,16,26.0,16.32503956973007,0,15.45468783150455,15.222090273973048
00-0036988,2021_16_LAC_HOU,2021,16,15.3,10.988106943065038,0,10.291679497552709,10.342598715421785
00-0026293,2021_17_JAX_NE,2021,17,0.0,3.4678500542462234,0,3.843869758939848,3.3558743596429155
00-0027793,2021_17_TB_NYJ,2021,17,5.6,11.354591142139473,0,11.03575119483592,10.625389433284385
00-0027942,2021_17_ARI_DAL,2021,17,10.4,8.214802438691992,0,7.7089076659203215,7.793558409263524
00-0029000,2021_17_ATL_BUF,2021,17,6.2,8.5240103861505,0,8.331631475466212,8.03283211848418
00-0029293,2021_17_JAX_NE,2021,17,6.6000000000000005,12.998843519124776,0,12.291558387934996,12.17365275766041
00-0029608,2021_17_LV_IND,2021,17,11.5,7.830118163764059,0,8.012153387757888,7.3511977143326845
00-0030068,2021_17_NYG_CHI,2021,17,0.0,5.387331414033701,0,5.757042037538979,5.103283534536518
00-0030279,2021_17_DEN_LAC,2021,17,14.4,16.14254085221682,0,14.231766599150276,15.195673520980634
00-0030525,2021_17_JAX_NE,2021,17,3.2,8.515135483371127,0,9.489823663678688,7.868117665282883
00-0031235,2021_17_LA_BAL,2021,17,14.9,12.57017438470473,0,11.47452273245594,11.835725832049452
00-0031236,2021_17_HOU_SF,2021,17,19.6,16.360038655960498,0,14.75325085067026,15.352777913281862
00-0031381,2021_17_MIN_GB,2021,17,30.6,22.696845272577352,0,20.04011219531895,21.259644535728373
00-0031382,2021_17_CLE_PIT,2021,17,8.9,12.834457438134216,0,11.382175171512165,12.12406613299487
00-0031408,2021_17_TB_NYJ,2021,17,14.7,15.082228656760018,0,13.22467256069576,14.223738195693352
00-0031428,2021_17_NYG_CHI,2021,17,7.5,9.081276250868733,0,8.318190604906327,8.616493931819143
00-0031544,2021_17_ARI_DAL,2021,17,10.8,16.944253950656037,0,14.80263684130613,15.956146057569724
00-0031547,2021_17_MIA_TEN,2021,17,8.600000000000001,15.742192688544073,0,16.598802268457128,14.459964097051904
00-0031588,2021_17_ATL_BUF,2021,17,10.2,18.665427664737315,0,17.141410600286314,17.439373810842
00-0031763,2021_17_PHI_WAS,2021,17,0.6000000000000001,6.822416561607752,0,7.452951043403408,6.374080447167986
00-0031868,2021_17_NYG_CHI,2021,17,3.3000000000000003,5.224579290092771,0,4.938196105551534,5.043251422253917
00-0032009,2021_17_PHI_WAS,2021,17,3.2,5.9636640150572715,0,5.692740086840382,5.713679863205675
00-0032128,2021_17_HOU_SF,2021,17,1.1,8.564416608202155,0,8.0235418284826,8.116372009527527
00-0032211,2021_17_DET_SEA,2021,17,12.1,15.626400598763102,0,12.867516337899955,14.839860349659622
00-0032688,2021_17_CAR_NO,2021,17,3.0,8.986714622303971,0,9.96102901427198,8.297264155059803
00-0032775,2021_17_KC_CIN,2021,17,11.3,5.968055766538733,0,6.368543176499128,5.627561844919341
00-0032951,2021_17_JAX_NE,2021,17,14.7,11.084404951757875,0,10.315074145640432,10.440006389525896
00-0032977,2021_17_CLE_PIT,2021,17,1.8,5.253892685926006,0,5.809397910742957,4.956929201920935
00-0033009,2021_17_KC_CIN,2021,17,13.6,10.880467354990117,0,10.368041642452932,10.219960005481012
00-0033040,2021_17_KC_CIN,2021,17,10.2,17.445215167135764,0,15.359985698647233,16.404409411331493
00-0033111,2021_17_NYG_CHI,2021,17,0.0,4.255443311645413,0,4.303741312205962,4.116501749213523
00-0033215,2021_17_TB_NYJ,2021,17,20.1,8.884540347037637,0,8.343278336813711,8.407708959245031
00-0033251,2021_17_LV_IND,2021,17,1.8,7.0658063503157305,0,8.088116942520438,6.542961535513064
00-0033307,2021_17_JAX_NE,2021,17,14.3,9.113426062690552,0,8.152795100811867,8.6722612250816
00-0033536,2021_17_DEN_LAC,2021,17,15.3,16.29223044776489,0,14.9248797639918,15.258942006575015
00-0033589,2021_17_MIN_GB,2021,17,0.0,4.852982660781469,0,4.5751537575245775,4.703982435313927
00-0033681,2021_17_TB_NYJ,2021,17,5.5,9.081312393240456,0,9.345595266585503,8.47863754192964
00-0033839,2021_17_MIN_GB,2021,17,1.4,6.68629688673875,0,6.994066125866216,6.293543544026917
00-0033891,2021_17_LV_IND,2021,17,19.9,13.230151604346572,0,12.759063521903274,12.352421735213364
00-0033908,2021_17_LA_BAL,2021,17,21.5,18.49376442479966,0,18.358779326269847,17.096744784669475
00-0033932,2021_17_NYG_CHI,2021,17,0.0,10.569483949528871,0,10.106074633118228,9.93041315907189
00-0034104,2021_17_PHI_WAS,2021,17,8.8,7.510851224971363,0,7.360018088097106,7.105368605699494
00-0034272,2021_17_MIN_GB,2021,17,1.3,9.833041279750715,0,9.587540483060735,9.231067074742764
00-0034297,2021_17_KC_CIN,2021,17,6.5,6.1969602431949005,0,7.047271108388257,5.775471667829978
00-0034348,2021_17_DEN_LAC,2021,17,9.0,12.48635955039853,0,10.997973929647252,11.812172741521676
00-0034407,2021_17_CLE_PIT,2021,17,7.5,7.040080643565819,0,6.966264761301761,6.666671055286466
00-0034411,2021_17_ATL_BUF,2021,17,8.0,14.20828744932068,0,13.146818138191854,13.321679543001462
00-0034418,2021_17_ARI_DAL,2021,17,18.74,8.344050721326722,0,6.22856761970639,8.12719567368558
00-0034419,2021_17_TB_NYJ,2021,17,25.7,14.95143615139098,0,13.780229728624407,14.012609206085736
00-0034521,2021_17_MIN_GB,2021,17,19.2,10.57682802577122,0,9.769499051705065,9.983255149822188
00-0034764,2021_17_ARI_DAL,2021,17,12.6,9.27954834524436,0,8.012266458621342,8.864575622131554
00-0034775,2021_17_ARI_DAL,2021,17,13.9,14.594362555965752,0,14.474764347730742,13.54656041712498
00-0034827,2021_17_CAR_NO,2021,17,5.9,17.218203524195836,0,15.550527180086052,16.141806102984123
00-0034854,2021_17_DET_SEA,2021,17,12.6,7.2407292828110785,0,7.0797946661073725,6.860936728614841
00-0034930,2021_17_DET_SEA,2021,17,5.1,7.99566761336,0,7.962191623486553,7.530758476884195
00-0034960,2021_17_JAX_NE,2021,17,21.3,14.327966037726885,0,14.18176310696719,13.307733353273346
00-0034983,2021_17_LV_IND,2021,17,20.6,15.22076982931324,0,13.125905806694323,14.38164922405335
00-0035021,2021_17_LV_IND,2021,17,0.0,5.96776372545324,0,5.423670310128042,5.754073957279808
00-0035126,2021_17_ARI_DAL,2021,17,19.0,6.214268191365816,0,6.06770465298293,5.925016885664729
00-0035208,2021_17_ATL_BUF,2021,17,2.8,9.47969451278668,0,9.642270365997607,8.854781599992737
00-0035215,2021_17_CAR_NO,2021,17,4.300000000000001,8.366577846515368,0,8.615647642450503,7.8303326207268205
00-0035216,2021_17_CLE_PIT,2021,17,17.1,15.714104444344498,0,14.30545382523702,14.73844034441143
00-0035359,2021_17_NYG_CHI,2021,17,2.2,6.383529642523458,0,6.713875088295958,6.015021391373822
00-0035406,2021_17_CAR_NO,2021,17,4.6,7.750126214934269,0,7.845850319147264,7.289996275655923
00-0035414,2021_17_DEN_LAC,2021,17,3.1,7.113250722793476,0,6.644520717303398,6.786253300638755
00-0035510,2021_17_TB_NYJ,2021,17,2.3,9.974052925256087,0,9.332440930890993,9.412539957530068
00-0035544,2021_17_DET_SEA,2021,17,0.0,4.181451499570433,0,4.593331207964896,4.0003771088319
00-0035640,2021_17_DET_SEA,2021,17,30.9,13.25650334516653,0,12.153019760953605,12.461277129618749
00-0035659,2021_17_PHI_WAS,2021,17,13.1,14.936727560686375,0,13.881860971345125,13.983610992651547
00-0035662,2021_17_LA_BAL,2021,17,5.800000000000001,16.032126525868886,0,14.335433039502272,15.066472951561218
00-0035676,2021_17_MIA_TEN,2021,17,6.1000000000000005,12.23795645267816,0,12.183878894773594,11.39364029116715
00-0035719,2021_17_HOU_SF,2021,17,17.200000000000003,15.251344138200905,0,13.86145812758912,14.314849889433392
00-0035864,2021_17_DEN_LAC,2021,17,4.34,5.923525625459643,0,4.95516794414321,5.770764149584192
00-0036182,2021_17_MIA_TEN,2021,17,0.0,8.428872083087187,0,8.613698950387393,7.895637428168324
00-0036183,2021_17_JAX_NE,2021,17,20.2,9.394968415386831,0,9.184090744348271,8.827811594897902
00-0036196,2021_17_ATL_BUF,2021,17,7.0,10.929713610721336,0,11.181687693964523,10.162175178033248
00-0036219,2021_17_CAR_NO,2021,17,15.7,11.695916641307873,0,10.267145523812529,11.084936686496574
00-0036233,2021_17_CLE_PIT,2021,17,10.6,10.354408319250336,0,8.563175947001133,9.9129279729891
00-0036247,2021_17_DET_SEA,2021,17,8.5,5.3652195840126025,0,5.095850781790366,5.168938351078899
00-0036252,2021_17_LV_IND,2021,17,10.7,17.101407960986993,0,14.544626609376625,16.154864322458934
00-0036259,2021_17_HOU_SF,2021,17,4.5,5.788209398419167,0,5.354115087433575,5.575931376374436
00-0036261,2021_17_HOU_SF,2021,17,13.4,11.653756168978115,0,10.626040708012086,10.992746215507726
00-0036271,2021_17_PHI_WAS,2021,17,3.5,7.366649219249995,0,6.971784412630912,7.006910175017712
00-0036309,2021_17_NYG_CHI,2021,17,19.9,14.921477617892066,0,13.152145917077624,14.065627498383304
00-0036322,2021_17_MIN_GB,2021,17,11.8,15.869081822278748,0,14.958964506159978,14.812545246912666
00-0036326,2021_17_CLE_PIT,2021,17,4.7,11.857786474036699,0,11.07843483590722,11.145061791502348
00-0036331,2021_17_LA_BAL,2021,17,4.300000000000001,6.642889687512746,0,6.947025743516489,6.254534369811214
00-0036345,2021_17_MIN_GB,2021,17,14.0,10.267584568646507,0,9.357175550351949,9.715705279592967
00-0036358,2021_17_ARI_DAL,2021,17,8.100000000000001,16.761408330384832,0,15.96779183138431,15.608849094025672
00-0036365,2021_17_LV_IND,2021,17,0.0,10.245747179511998,0,10.121097009513958,9.590373743253554
00-0036387,2021_17_PHI_WAS,2021,17,-0.3,6.846985973478203,0,6.234923314180056,6.563212889246261
00-0036410,2021_17_KC_CIN,2021,17,9.2,16.957408921860317,0,15.746569114005478,15.843190755130635
00-0036415,2021_17_LA_BAL,2021,17,10.3,8.735308233374202,0,7.997515344599666,8.298298198998735
00-0036427,2021_17_TB_NYJ,2021,17,9.0,6.755609066768622,0,6.983558568075072,6.367324731166445
00-0036550,2021_17_LA_BAL,2021,17,12.8,10.914595260593233,0,10.06276927404938,10.29656639611173
00-0036554,2021_17_HOU_SF,2021,17,5.5,7.326413315207758,0,7.036539591929221,6.956207492986341
00-0036613,2021_17_MIA_TEN,2021,17,7.7,17.298329533998118,0,16.628969363046412,16.080723870298414
00-0036657,2021_17_DEN_LAC,2021,17,4.4,9.691105119547696,0,8.84189843832141,9.182944396461474
00-0036862,2021_17_LA_BAL,2021,17,3.8,5.30587369676857,0,4.966617726041419,5.12431869001398
00-0036900,2021_17_KC_CIN,2021,17,55.6,15.300073043718712,0,13.321565756925123,14.43819137192847
00-0036912,2021_17_PHI_WAS,2021,17,8.4,14.961392757982141,0,14.60635059489693,13.912126569991598
00-0036955,2021_17_CAR_NO,2021,17,3.6,8.356267800878953,0,8.197283736216665,7.875718719163276
00-0036963,2021_17_DET_SEA,2021,17,35.4,16.468495130487316,0,15.015252116829966,15.43085578059262
00-0036988,2021_17_DEN_LAC,2021,17,4.6,6.661894611056328,0,6.18157354301036,6.377113894690953
00-0036999,2021_17_CLE_PIT,2021,17,0.0,5.714101659917207,0,5.060141657294175,5.538009219541578
00-0026035,2021_18_TEN_HOU,2021,18,32.3,6.8081569762310785,0,7.674001980014416,6.32952302185136
00-0026293,2021_18_NE_MIA,2021,18,0.0,4.10654166878405,0,4.243068064634919,3.969172442853962
00-0027942,2021_18_SEA_ARI,2021,18,6.300000000000001,8.371558454567204,0,7.241884591376738,8.019913980580199
00-0027944,2021_18_TEN_HOU,2021,18,16.8,9.151773470966646,0,9.35520332871052,8.55091848955022
00-0029000,2021_18_NYJ_BUF,2021,18,7.1,8.735795250003683,0,8.281581895917672,8.260680435929977
00-0029293,2021_18_IND_JAX,2021,18,21.8,12.968758204542324,0,11.710194810024872,12.220268071953605
00-0029608,2021_18_IND_JAX,2021,18,5.9,9.185306909467096,0,9.090817879767844,8.62141650131885
00-0030279,2021_18_LAC_LV,2021,18,11.2,18.043345297141936,0,16.51499191497202,16.8739145422076
00-0031235,2021_18_SF_LA,2021,18,3.8,12.440022020934428,0,10.171478208934468,11.874719287410954
00-0031382,2021_18_CIN_CLE,2021,18,19.5,12.937682620530392,0,12.879113481770522,12.030933562837284
00-0031408,2021_18_CAR_TB,2021,18,26.9,14.421682088369904,0,11.649828487264132,13.74541115939786
00-0031428,2021_18_CHI_MIN,2021,18,6.2,9.773432373765276,0,9.44261876570883,9.188278457149604
00-0031544,2021_18_DAL_PHI,2021,18,12.9,12.66003012972942,0,11.02663217096185,11.989660955353008
00-0031547,2021_18_NE_MIA,2021,18,3.2,13.146049211622255,0,12.303471875558786,12.325755611035984
00-0031549,2021_18_NE_MIA,2021,18,3.3000000000000003,10.86022549778705,0,10.25749553301062,10.213661936238276
00-0031588,2021_18_NYJ_BUF,2021,18,23.1,17.195991723723317,0,16.372013201093228,16.008357548363016
00-0031868,2021_18_CHI_MIN,2021,18,9.7,6.591113757027147,0,6.2761546220967945,6.290515211071625
00-0032009,2021_18_WAS_NYG,2021,18,1.3,5.4857168991195735,0,5.999576739467561,5.173458706846043
00-0032054,2021_18_CAR_TB,2021,18,9.4,5.424900196622814,0,5.307853963991076,5.2027984349024585
00-0032200,2021_18_NO_ATL,2021,18,1.1,7.071446857104686,0,6.4453834742268,6.769332044333129
00-0032211,2021_18_SEA_ARI,2021,18,27.0,15.89633781194632,0,13.622578780932042,15.020368359478622
00-0032398,2021_18_TEN_HOU,2021,18,12.8,10.078668605740189,0,9.54807678350999,9.492830517336827
00-0032464,2021_18_GB_DET,2021,18,21.4,9.880543867254099,0,10.17469433302536,9.20186050513786
00-0032688,2021_18_CAR_TB,2021,18,18.0,7.383006325112919,0,8.721085914407606,6.789204893207691
00-0032775,2021_18_KC_DEN,2021,18,4.9,5.247549560210023,0,5.2968407923057175,5.01909951384117
00-0032778,2021_18_NO_ATL,2021,18,0.0,9.232043467546145,0,9.209043841495532,8.654347715402604
00-0032951,2021_18_IND_JAX,2021,18,11.4,11.874957680885796,0,11.62707735598192,11.08935416288734
00-0033114,2021_18_CIN_CLE,2021,18,0.0,8.649895993402962,0,8.22427446215776,8.178682045492625
00-0033251,2021_18_IND_JAX,2021,18,1.7000000000000002,10.827152591845245,0,9.249663143799337,10.314396748675922
00-0033292,2021_18_CIN_CLE,2021,18,6.1000000000000005,6.00324702770639,0,5.883381548403466,5.72942253059126
00-0033307,2021_18_NE_MIA,2021,18,6.2,10.290053867054551,0,9.34380949936372,9.740960078817958
00-0033375,2021_18_KC_DEN,2021,18,15.5,9.864456255854419,0,7.731759407926115,9.512943866280354
00-0033536,2021_18_LAC_LV,2021,18,26.9,14.603674478307617,0,13.004301355119036,13.753642908584943
00-0033681,2021_18_NYJ_BUF,2021,18,14.4,6.817499151300014,0,8.030761524741509,6.291394630993991
00-0033733,2021_18_DAL_PHI,2021,18,1.28,5.001330175602534,0,5.095138343086866,4.7890862371326435
00-0033891,2021_18_LAC_LV,2021,18,7.7,13.751485519925225,0,12.74697486297706,12.898384445275935
00-0033908,2021_18_SF_LA,2021,18,26.6,18.668534011251136,0,17.48695708371181,17.39623937831025
00-0033932,2021_18_WAS_NYG,2021,18,5.2,9.83743847868617,0,9.657461368084284,9.22627382034002
00-0033943,2021_18_GB_DET,2021,18,2.1,12.17620328333824,0,10.326552472711567,11.578444866293696
00-0034052,2021_18_CAR_TB,2021,18,0.0,8.138382945342284,0,8.709338750050483,7.579492705515088
00-0034104,2021_18_WAS_NYG,2021,18,0.0,6.139883993382307,0,7.146229310252399,5.702594888501765
00-0034279,2021_18_GB_DET,2021,18,4.2,8.332766934266704,0,9.354130539407397,7.695913435076919
00-0034297,2021_18_KC_DEN,2021,18,10.6,8.559374215369964,0,8.765214336298094,8.011562792332409
00-0034348,2021_18_KC_DEN,2021,18,2.94,10.810343305681357,0,8.804766917324603,10.356557858583798
00-0034407,2021_18_PIT_BAL,2021,18,7.7,8.4253333161337,0,9.143528994586877,7.820830836013854
00-0034411,2021_18_NO_ATL,2021,18,27.6,16.499871916481776,0,14.660280852655518,15.511260031742918
00-0034418,2021_18_DAL_PHI,2021,18,28.9,8.45899143309976,0,7.401394429592937,8.089796579380874
00-0034765,2021_18_NO_ATL,2021,18,18.6,9.18789989720931,0,8.883870618298568,8.651899547051576
00-0034775,2021_18_SEA_ARI,2021,18,6.3,14.540300218447305,0,14.102277452398026,13.540106020530493
00-0034827,2021_18_CAR_TB,2021,18,17.0,15.73880729341332,0,14.619081533818417,14.722139471123215
00-0034960,2021_18_NE_MIA,2021,18,9.0,14.561948441687232,0,13.798057147301206,13.603540800592755
00-0034983,2021_18_LAC_LV,2021,18,16.9,12.209044503511619,0,10.298716968094574,11.61647132891022
00-0035126,2021_18_SEA_ARI,2021,18,3.7,8.433970201916884,0,7.9101950677265185,7.995381990964422
00-0035140,2021_18_KC_DEN,2021,18,19.3,11.423966334723923,0,11.36282201251686,10.653927999999986
00-0035208,2021_18_NO_ATL,2021,18,7.7,9.690839470775023,0,9.804753287837018,9.053436514008537
00-0035215,2021_18_NO_ATL,2021,18,6.300000000000001,7.833930381039348,0,7.936426393547782,7.365341936580634
00-0035216,2021_18_PIT_BAL,2021,18,12.1,17.720424750963094,0,15.351355673275243,16.692922195675727
00-0035246,2021_18_DAL_PHI,2021,18,0.0,5.503611475767456,0,5.562693117469757,5.250779730626125
00-0035341,2021_18_CIN_CLE,2021,18,1.9,5.136904807204564,0,5.5136701139582,4.87447008168795
00-0035399,2021_18_CIN_CLE,2021,18,2.1,4.852430551185714,0,5.0497836854750835,4.639703038672352
00-0035414,2021_18_LAC_LV,2021,18,11.2,7.403481892046603,0,7.238573000163153,7.009560969500614
00-0035510,2021_18_NYJ_BUF,2021,18,1.2,7.457074716756063,0,7.874563937717335,6.98015867962531
00-0035535,2021_18_WAS_NYG,2021,18,10.9,8.787715554859295,0,9.032901113463469,8.214052919885983
00-0035593,2021_18_GB_DET,2021,18,2.6,8.140650735353178,0,7.596203532654111,7.7312611104646525
00-0035602,2021_18_WAS_NYG,2021,18,-0.3,4.9658356197668,0,5.519702265628258,4.695042053147758
00-0035640,2021_18_SEA_ARI,2021,18,10.8,16.866227957152788,0,15.5427587818378,15.775340607062285
00-0035659,2021_18_WAS_NYG,2021,18,13.3,14.910726507669255,0,13.813687505823118,13.965612489997072
00-0035662,2021_18_PIT_BAL,2021,18,5.7,16.8324276323296,0,15.702734291102416,15.718577414111188
00-0035676,2021_18_TEN_HOU,2021,18,16.8,17.792046028860113,0,16.54863788211553,16.60700968895263
00-0035719,2021_18_SF_LA,2021,18,28.96,14.929688136350387,0,12.987509427941644,14.096297192786906
00-0036182,2021_18_TEN_HOU,2021,18,17.8,9.858558358528443,0,9.252241172603002,9.302712741005625
00-0036196,2021_18_NYJ_BUF,2021,18,6.9,10.064618549566285,0,9.056110249206563,9.54419020885745
00-0036219,2021_18_NO_ATL,2021,18,0.0,11.331339421144454,0,10.737076058994608,10.641198598218576
00-0036233,2021_18_CIN_CLE,2021,18,6.800000000000001,9.421918505774043,0,7.702540455893357,9.054798713579586
00-0036252,2021_18_IND_JAX,2021,18,20.4,16.056574717922963,0,14.064885833959536,15.128311794011674
00-0036255,2021_18_NYJ_BUF,2021,18,0.0,7.478758088330604,0,6.933211103314418,7.129143528205619
00-0036259,2021_18_SF_LA,2021,18,27.4,7.170630147501383,0,7.043643075816421,6.792596261557562
00-0036261,2021_18_SF_LA,2021,18,16.700000000000003,13.035675893252641,0,12.43548685946033,12.19279303160833
00-0036268,2021_18_IND_JAX,2021,18,11.2,10.291012464830908,0,10.152964285870953,9.633359473667364
00-0036271,2021_18_DAL_PHI,2021,18,19.4,6.877325058872099,0,6.2822395958690445,6.588540227737553
00-0036309,2021_18_CHI_MIN,2021,18,24.6,18.904033876052388,0,17.117273820939495,17.691749181488422
00-0036322,2021_18_CHI_MIN,2021,18,22.1,16.912929355863362,0,16.715353048782756,15.666722031054109
00-0036326,2021_18_PIT_BAL,2021,18,18.0,12.577926535050722,0,11.522519882445854,11.837378097679036
00-0036345,2021_18_CHI_MIN,2021,18,9.1,11.477416425812324,0,10.6997785108095,10.798727862696946
00-0036358,2021_18_DAL_PHI,2021,18,6.5,14.035506594620522,0,13.21317736417252,13.132367454240237
00-0036365,2021_18_LAC_LV,2021,18,10.3,9.149800898564978,0,9.116037223936756,8.580958782136904
00-0036387,2021_18_DAL_PHI,2021,18,4.9,10.50114562262905,0,10.595811812045062,9.793328525931097
00-0036407,2021_18_KC_DEN,2021,18,5.0,9.729435524910613,0,8.80300850930287,9.228185960743486
00-0036415,2021_18_SF_LA,2021,18,5.1,10.31502626877984,0,9.311006137325592,9.771437240350483
00-0036427,2021_18_CAR_TB,2021,18,7.2,10.060024361473694,0,10.634425252072417,9.327558180150552
00-0036491,2021_18_NYJ_BUF,2021,18,2.0,4.789303809317581,0,5.460377944712213,4.518682220997041
00-0036550,2021_18_PIT_BAL,2021,18,4.2,11.876672144188031,0,9.745656350861976,11.343661055671012
00-0036554,2021_18_TEN_HOU,2021,18,9.7,9.89856392011919,0,9.59623657674046,9.298314054045845
00-0036613,2021_18_NE_MIA,2021,18,13.7,16.05456719778564,0,13.472418918883548,15.205734212388087
00-0036635,2021_18_CHI_MIN,2021,18,19.3,5.5669036311341635,0,5.540777993272601,5.319806309035626
00-0036963,2021_18_GB_DET,2021,18,26.1,17.02924074318778,0,15.5108755122436,15.949826340935449
00-0036988,2021_18_LAC_LV,2021,18,14.5,6.874922352053421,0,5.958603966328935,6.629468564559387
00-0036991,2021_18_GB_DET,2021,18,1.5,5.761196990206613,0,5.753183648671957,5.494165539538407
00-0036999,2021_18_CIN_CLE,2021,18,2.6,5.124623429568471,0,5.578019587530732,4.853010002794838
00-0026293,2021_19_NE_BUF,2021,19,0.0,3.2947854427805483,0,4.035063723116655,3.1495111748452675
00-0027685,2021_19_NE_BUF,2021,19,11.6,6.749219199788254,0,6.492411143954778,6.42657271596374
00-0027942,2021_19_ARI_LA,2021,19,0.0,9.068173052727822,0,8.755432688430798,8.54412761732007
00-0031235,2021_19_ARI_LA,2021,19,17.0,10.181833528561285,0,9.415703373040644,9.618314703541037
00-0031408,2021_19_PHI_TB,2021,19,26.700000000000003,15.779347652006837,0,14.709674561879336,14.752309830740586
00-0031544,2021_19_SF_DAL,2021,19,18.4,16.255329757503386,0,14.424003474737768,15.28763850417074
00-0031549,2021_19_NE_BUF,2021,19,2.8,10.620341859312198,0,9.942766419649336,10.005433985064707
00-0031588,2021_19_NE_BUF,2021,19,9.0,13.454190196123507,0,11.617503999378698,12.739562614373106
00-0032054,2021_19_PHI_TB,2021,19,1.5,5.364824942792336,0,5.99784868827542,5.047463758249015
00-0032775,2021_19_PIT_KC,2021,19,11.6,4.983580991386248,0,4.560480202037578,4.84231345523356
00-0033009,2021_19_LV_CIN,2021,19,12.9,10.876427645800582,0,10.557633058553554,10.190295826791523
00-0033040,2021_19_PIT_KC,2021,19,16.7,17.842688062288772,0,13.37981891154988,17.085192694490363
00-0033307,2021_19_NE_BUF,2021,19,28.1,9.041569328541874,0,9.616104116066644,8.400834016867615
00-0033466,2021_19_NE_BUF,2021,19,10.4,11.587764310772345,0,11.382247172277484,10.822347162764846
00-0033857,2021_19_PIT_KC,2021,19,7.6,10.803492230422364,0,9.784860118225954,10.21786027453914
00-0033891,2021_19_LV_CIN,2021,19,17.1,13.444962639282492,0,12.668831334560789,12.58882291595706
00-0033908,2021_19_ARI_LA,2021,19,17.1,17.513337662781343,0,16.475516481927496,16.325816070177964
00-0034297,2021_19_PIT_KC,2021,19,20.7,7.143694516800042,0,7.063938177357031,6.761748042851737
00-0034418,2021_19_SF_DAL,2021,19,11.2,11.784342289248592,0,11.586658848000685,11.000164752058817
00-0034676,2021_19_PIT_KC,2021,19,11.7,5.491401364118984,0,4.734859241904267,5.349139328414166
00-0034775,2021_19_ARI_LA,2021,19,11.1,14.243730929181126,0,13.581489913392405,13.300347232735604
00-0034960,2021_19_NE_BUF,2021,19,10.0,14.754287494070102,0,15.198935298862716,13.61634747641798
00-0034983,2021_19_LV_CIN,2021,19,13.8,14.988582584590995,0,13.571022244872392,14.079473888013544
00-0035126,2021_19_ARI_LA,2021,19,2.0,7.098163283383747,0,7.764805374571003,6.6201399500528195
00-0035140,2021_19_PIT_KC,2021,19,8.9,10.201945149785432,0,9.697155200226105,9.601538510523534
00-0035216,2021_19_PIT_KC,2021,19,14.4,16.693720691434525,0,14.626000595039528,15.718264251220631
00-0035719,2021_19_SF_DAL,2021,19,20.0,14.71237883221143,0,13.7475279041283,13.767391469446045
00-0036196,2021_19_NE_BUF,2021,19,12.1,9.608738626865504,0,7.9373724191473265,9.218344945471085
00-0036259,2021_19_SF_DAL,2021,19,5.9,6.972081807537377,0,7.758717367170591,6.489311645868348
00-0036261,2021_19_SF_DAL,2021,19,11.6,13.90330963870586,0,13.258245204229292,12.988287863374898
00-0036271,2021_19_PHI_TB,2021,19,5.5,10.523453444177362,0,9.34659514497551,9.984285628381247
00-0036326,2021_19_PIT_KC,2021,19,5.5,10.367727929519296,0,10.347228912824631,9.687386949922846
00-0036358,2021_19_SF_DAL,2021,19,3.6,14.670935327736805,0,13.670701087929377,13.734430462735896
00-0036365,2021_19_LV_CIN,2021,19,7.1000000000000005,8.01776897523355,0,8.003724936563994,7.548260730503507
00-0036387,2021_19_PHI_TB,2021,19,1.2,12.227623217900225,0,10.642274836222148,11.589758958984248
00-0036410,2021_19_LV_CIN,2021,19,2.0,16.305194734443795,0,15.396073125475802,15.20923672271218
00-0036415,2021_19_ARI_LA,2021,19,5.1000000000000005,9.477088078583568,0,8.805983382692133,8.964303224688816
00-0036427,2021_19_PHI_TB,2021,19,5.0,9.035691047814733,0,8.954218706885722,8.483531930661261
00-0036900,2021_19_LV_CIN,2021,19,22.9,15.796784116649505,0,13.390978930475669,14.947505792359824
00-0036912,2021_19_PHI_TB,2021,19,12.0,12.89339285256992,0,11.525252962113612,12.166399022508562
00-0036936,2021_19_ARI_LA,2021,19,8.2,9.228245840267393,0,8.726360543068404,8.71516631367661
00-0027944,2021_20_CIN_TEN,2021,20,12.2,9.927816042158696,0,8.991290860468498,9.41005044744373
00-0028002,2021_20_SF_GB,2021,20,0.0,5.301249316034337,0,5.7430368808613,5.015282376256273
00-0029000,2021_20_BUF_KC,2021,20,12.0,8.868707923469628,0,7.508929702693561,8.503160778344585
00-0031235,2021_20_LA_TB,2021,20,12.9,9.701420212357164,0,10.807069712966284,8.929957295551786
00-0031381,2021_20_SF_GB,2021,20,18.0,21.650806577329224,0,18.972889507161927,20.310682821627847
00-0031408,2021_20_LA_TB,2021,20,25.9,16.449853930723023,0,15.67724621433989,15.322541761563258
00-0031588,2021_20_BUF_KC,2021,20,5.7,17.71083449665156,0,15.681388533864414,16.638613041428762
00-0032775,2021_20_BUF_KC,2021,20,0.0,6.198289435043246,0,6.416281298480073,5.861548434472853
00-0033009,2021_20_CIN_TEN,2021,20,3.7,13.0259532489044,0,13.241077221644089,12.074518227163187
00-0033040,2021_20_BUF_KC,2021,20,31.8,17.654280258984905,0,15.588743532482054,16.591997522862652
00-0033908,2021_20_LA_TB,2021,20,31.3,16.665998418167657,0,16.027363637671694,15.501233283538962
00-0034279,2021_20_SF_GB,2021,20,0.1,4.751360588454024,0,4.211098624048886,4.646737830422897
00-0034297,2021_20_BUF_KC,2021,20,13.9,9.770230562262835,0,9.05466092227201,9.23700549425187
00-0034521,2021_20_SF_GB,2021,20,1.6,10.922289033599728,0,10.170846454705364,10.29009400781802
00-0035140,2021_20_BUF_KC,2021,20,12.7,9.343227422407583,0,9.050114901481605,8.791768987549794
00-0035298,2021_20_LA_TB,2021,20,7.800000000000001,8.12451997233647,0,8.279653600420902,7.622688578822327
00-0035676,2021_20_CIN_TEN,2021,20,25.200000000000003,15.405942146747359,0,13.338052538715138,14.546519655848536
00-0035719,2021_20_SF_GB,2021,20,11.3,12.852247580793778,0,10.631025793708067,12.243457601671652
00-0036182,2021_20_CIN_TEN,2021,20,0.0,6.555406872444702,0,5.684146246970701,6.332689579160991
00-0036196,2021_20_BUF_KC,2021,20,52.1,10.392121836511237,0,9.207962904655576,9.86576506028642
00-0036259,2021_20_SF_GB,2021,20,1.6,6.075169726929139,0,6.004976569124958,5.788199160812226
00-0036261,2021_20_SF_GB,2021,20,0.0,12.407118388688525,0,12.117875542583675,11.579125995533673
00-0036410,2021_20_CIN_TEN,2021,20,16.6,16.786814460274396,0,15.869606523442537,15.648554426189726
00-0036415,2021_20_LA_TB,2021,20,6.4,11.384644803242765,0,10.797166837989316,10.688791187210306
00-0036427,2021_20_LA_TB,2021,20,4.5,6.128823835447947,0,5.955375051519857,5.850878324893173
00-0036900,2021_20_CIN_TEN,2021,20,16.1,18.609840091896327,0,15.837378605443224,17.556355112555266
00-0031235,2021_21_SF_LA,2021,21,20.3,11.709904409956849,0,10.611022498460333,11.053387944630636
00-0032775,2021_21_CIN_KC,2021,21,0.0,8.426669583454395,0,8.875576013145814,7.858189645355144
00-0033009,2021_21_CIN_KC,2021,21,5.9,10.774247521410706,0,10.366952521396614,10.109198901199903
00-0033040,2021_21_CIN_KC,2021,21,20.8,20.390158814238116,0,17.106504920848238,19.244901708606363
00-0033908,2021_21_SF_LA,2021,21,37.0,18.517912662029744,0,17.578127832731777,17.226734584130103
00-0034297,2021_21_CIN_KC,2021,21,3.6,8.324546074093533,0,8.408256623011498,7.814281188947858
00-0035140,2021_21_CIN_KC,2021,21,16.0,9.492620791287797,0,9.12597550468941,8.937573333769256
00-0035719,2021_21_SF_LA,2021,21,19.8,13.9702520865718,0,12.88360018667048,13.108467810133453
00-0036259,2021_21_SF_LA,2021,21,2.8,6.912547614409436,0,7.732096653162524,6.430723152664258
00-0036261,2021_21_SF_LA,2021,21,10.9,12.355371345808065,0,12.113573433653595,11.525672783557932
00-0036410,2021_21_CIN_KC,2021,21,16.3,17.363394814067014,0,16.50258169550033,16.165623706014458
00-0036415,2021_21_SF_LA,2021,21,2.9,11.861721035056195,0,11.032421138894822,11.1553457570767
00-0036900,2021_21_CIN_KC,2021,21,17.7,17.2114518471214,0,13.619546683115573,16.393924923199496
00-0031235,2021_22_LA_CIN,2021,22,13.2,10.404103732459314,0,11.45483431105376,9.576709657757569
00-0033009,2021_22_LA_CIN,2021,22,9.8,11.821362833023633,0,12.093339488880837,10.970814360312229
00-0033908,2021_22_LA_CIN,2021,22,29.9,18.08798837272791,0,17.627150974711824,16.771258180695295
00-0036410,2021_22_LA_CIN,2021,22,26.0,17.47721754084882,0,17.5880317166757,16.138784652029102
00-0036415,2021_22_LA_CIN,2021,22,6.300000000000001,11.747511614458123,0,10.979099724821836,11.043252896373946
00-0036862,2021_22_LA_CIN,2021,22,3.2,6.767674169741272,0,7.165095422708155,6.355557115871016
00-0036900,2021_22_LA_CIN,2021,22,14.3,16.040221523143792,0,14.130811888862723,15.102388607539822
00-0027942,2022_01_KC_ARI,2022,1,3.3,12.504714981793981,1,11.28718957157188,12.186331968547668
00-0027944,2022_01_TB_DAL,2022,1,11.6,6.639892923617516,1,7.882324965067671,6.7422106734365475
00-0028002,2022_01_GB_MIN,2022,1,3.4000000000000004,9.122033713469891,1,9.710140750574384,9.031596419938612
00-0029293,2022_01_JAX_WAS,2022,1,7.800000000000001,12.429563125737248,1,12.19278725031207,12.080486102237307
00-0030035,2022_01_GB_MIN,2022,1,6.6,14.410901281213071,1,15.22556313347434,13.848134058776768
00-0030068,2022_01_DEN_SEA,2022,1,4.2,5.871393648067733,1,6.9871914775106605,6.045905892299426
00-0030431,2022_01_NYG_TEN,2022,1,2.3,10.839112145805288,1,10.892925752485535,10.618435965621629
00-0031236,2022_01_IND_HOU,2022,1,15.2,15.593143953854755,1,16.262876327271094,14.932229522929472
00-0031325,2022_01_GB_MIN,2022,1,4.8,10.181882561715954,1,9.714946976920194,10.038627243441912
00-0031381,2022_01_LV_LAC,2022,1,30.1,16.071996579819476,1,16.249285690571842,15.387817519417904
00-0031382,2022_01_NO_ATL,2022,1,18.4,11.459535784907967,1,11.274216037646813,11.193552736971512
00-0031408,2022_01_TB_DAL,2022,1,18.1,12.620359950769773,1,12.520370667881153,12.249354298958476
00-0031428,2022_01_BUF_LA,2022,1,2.2,14.597293951624511,1,15.400304140951691,14.01862712613135
00-0031544,2022_01_CLE_CAR,2022,1,4.7,13.73647766687951,1,13.525996381375029,13.271813371974044
00-0031547,2022_01_NE_MIA,2022,1,1.9,11.231926329133065,1,13.206827419456191,10.903778870916556
00-0031549,2022_01_NE_MIA,2022,1,3.8,7.438798029994846,1,8.374876535801233,7.482715383922638
00-0031588,2022_01_BUF_LA,2022,1,26.200000000000003,10.624687196198373,1,10.555415619161444,10.427490452756349
00-0031763,2022_01_LV_LAC,2022,1,15.4,7.701937580556081,1,7.830161163169425,7.753493969723667
00-0032054,2022_01_TB_DAL,2022,1,-0.7000000000000001,6.104603855919729,1,6.894694486803851,6.271050443668656
00-0032200,2022_01_NE_MIA,2022,1,10.3,6.273430424059801,1,6.549304267751423,6.444622574275268
00-0032211,2022_01_DEN_SEA,2022,1,5.800000000000001,13.537637520946431,1,13.884601390636275,13.069215869081283
00-0032385,2022_01_NYG_TEN,2022,1,15.1,9.541246871309594,1,9.688014486619414,9.430831307335728
00-0032398,2022_01_IND_HOU,2022,1,6.1,7.2577431089966264,1,6.950204037758133,7.364811100863942
00-0032688,2022_01_CLE_CAR,2022,1,21.200000000000003,6.497319676375324,1,7.403816280707571,6.624908546392053
00-0032765,2022_01_NO_ATL,2022,1,22.7,7.348023495582856,1,7.509747034378456,7.429336871739147
00-0032775,2022_01_BAL_NYJ,2022,1,3.9,5.954978475106475,1,6.614240282358728,6.139517375858154
00-0033009,2022_01_PIT_CIN,2022,1,13.3,12.360421771035158,1,13.066182773001035,11.98157640190913
00-0033040,2022_01_NE_MIA,2022,1,18.0,9.824658653231193,1,10.1504265523969,9.682589411900576
00-0033114,2022_01_PIT_CIN,2022,1,3.5,8.499796620961895,1,10.002493924060186,8.429147712497505
00-0033282,2022_01_JAX_WAS,2022,1,19.2,10.867431708756893,1,10.532096273049202,10.65906601932355
00-0033466,2022_01_BUF_LA,2022,1,9.9,7.755473473410307,1,8.163741739134966,7.791690047610457
00-0033536,2022_01_LV_LAC,2022,1,3.0,15.972636510748048,1,16.14974797505326,15.29717589798164
00-0033555,2022_01_LV_LAC,2022,1,2.6,14.002722664976588,1,15.013239011463376,13.468298331418772
00-0033591,2022_01_TB_DAL,2022,1,11.8,15.448208347008007,1,16.062110219367995,14.802123979055708
00-0033857,2022_01_KC_ARI,2022,1,11.9,10.81339151463022,1,10.452607187728375,10.610731401727046
00-0033871,2022_01_BAL_NYJ,2022,1,13.7,9.153012963936593,1,10.079061266225912,9.047012639690374
00-0033891,2022_01_JAX_WAS,2022,1,12.5,13.803152178747922,1,13.02789929990349,13.354111776706455
00-0033908,2022_01_BUF_LA,2022,1,31.8,15.911620814658734,1,15.810172083899351,15.252099398431758
00-0033932,2022_01_NYG_TEN,2022,1,4.2,11.814193701425632,1,11.771438602558405,11.51169535595846
00-0033943,2022_01_PHI_DET,2022,1,3.8,14.653436254595054,1,14.108053609548849,14.121106112987546
00-0034272,2022_01_KC_ARI,2022,1,8.100000000000001,13.337108836604742,1,11.47182500798046,12.970367700861534
00-0034279,2022_01_SF_CHI,2022,1,8.8,10.888022410517202,1,10.747050265192748,10.670462651980296
00-0034286,2022_01_NYG_TEN,2022,1,11.1,8.494688631522527,1,9.579150892358832,8.440386779287909
00-0034348,2022_01_DEN_SEA,2022,1,11.2,14.35857698850647,1,15.33323018995367,13.794315388262472
00-0034411,2022_01_TB_DAL,2022,1,3.3,8.510906479019829,1,7.983352151967618,8.516463460368966
00-0034418,2022_01_NE_MIA,2022,1,4.800000000000001,6.004293814614359,1,6.747193513422914,6.181329350916408
00-0034419,2022_01_BAL_NYJ,2022,1,8.7,7.2618404381937065,1,7.934030799522468,7.33130478709856
00-0034487,2022_01_NE_MIA,2022,1,1.8,5.236643388826134,1,6.058502206386528,5.477983367199932
00-0034775,2022_01_JAX_WAS,2022,1,17.700000000000003,14.02809639965229,1,14.12150172581694,13.52631130659861
00-0034777,2022_01_PHI_DET,2022,1,15.2,7.6241284442518396,1,8.077832375794092,7.670133854881444
00-0034827,2022_01_CLE_CAR,2022,1,8.0,13.686622043429969,1,14.398790067159206,13.19125449366814
00-0034860,2022_01_SF_CHI,2022,1,12.1,5.831946811757166,1,6.155324992074209,6.040041495703844
00-0034960,2022_01_NE_MIA,2022,1,10.2,13.064377223163318,1,14.03716329380182,12.61365947849072
00-0034983,2022_01_LV_LAC,2022,1,5.1,16.14128856371375,1,15.322526937147472,15.488898970517472
00-0035021,2022_01_IND_HOU,2022,1,7.6,6.037195512955852,1,6.222613960997017,6.232538933393399
00-0035140,2022_01_KC_ARI,2022,1,10.6,9.619084950818923,1,9.952889874387456,9.494734477928167
00-0035208,2022_01_NO_ATL,2022,1,6.9,8.896380645472073,1,9.697434337194906,8.817633003447815
00-0035216,2022_01_PIT_CIN,2022,1,12.5,13.966968880877086,1,14.387217087711738,13.458118401421874
00-0035500,2022_01_KC_ARI,2022,1,13.3,15.12704874392319,1,15.380870689562462,14.522811447110602
00-0035639,2022_01_IND_HOU,2022,1,6.7,14.386369488145345,1,14.16946391304016,13.864968182527551
00-0035640,2022_01_DEN_SEA,2022,1,8.6,14.014334985914779,1,14.41526596916522,13.50206588393534
00-0035659,2022_01_JAX_WAS,2022,1,13.8,13.884934263432221,1,14.324985360451558,13.38252361051768
00-0035662,2022_01_KC_ARI,2022,1,14.3,16.02971072820393,1,15.559897749442351,15.373838782279762
00-0035676,2022_01_PHI_DET,2022,1,25.5,15.40847411551871,1,15.847614819866235,14.772517109168398
00-0035719,2022_01_SF_CHI,2022,1,12.6,13.394710214179367,1,12.93088327742622,12.969642344308689
00-0036182,2022_01_NYG_TEN,2022,1,2.3,9.06235223562787,1,9.761177729124306,8.972938735893042
00-0036196,2022_01_BUF_LA,2022,1,18.8,8.353728363335028,1,8.254934762238282,8.356767079609767
00-0036233,2022_01_CLE_CAR,2022,1,12.0,12.616011395910347,1,12.38063366266976,12.250533806363084
00-0036252,2022_01_IND_HOU,2022,1,27.1,15.547510693838587,1,16.055046078366285,14.8967632126238
00-0036259,2022_01_SF_CHI,2022,1,10.2,6.8637334807162045,1,7.102560108838913,6.984577375280626
00-0036261,2022_01_SF_CHI,2022,1,6.7,13.58326052352721,1,13.54560025644955,13.125460216828811
00-0036271,2022_01_PHI_DET,2022,1,0.0,8.954904669203266,1,9.043942566245194,8.898093024466366
00-0036309,2022_01_SF_CHI,2022,1,1.8,13.78369619539123,1,13.946498755891668,13.300701494387388
00-0036322,2022_01_GB_MIN,2022,1,39.400000000000006,15.54715984027744,1,15.864181622549216,14.903685492466076
00-0036326,2022_01_PIT_CIN,2022,1,9.4,13.202054304759077,1,14.854531284425414,12.713426867761402
00-0036331,2022_01_BAL_NYJ,2022,1,21.4,7.3323907888850055,1,8.099281835037832,7.3920693776514685
00-0036345,2022_01_GB_MIN,2022,1,4.4,9.965870874562844,1,9.456787117232231,9.84315729597714
00-0036358,2022_01_TB_DAL,2022,1,4.9,15.762188058357212,1,15.985576222269655,15.10341994188686
00-0036365,2022_01_NO_ATL,2022,1,0.0,6.2972433378137085,1,6.8346859548230325,6.4564040864906955
00-0036407,2022_01_DEN_SEA,2022,1,20.200000000000003,14.32006269454479,1,15.307315712184357,13.758698969655525
00-0036412,2022_01_DEN_SEA,2022,1,0.0,9.134628750805122,1,9.808619442718545,9.039822283667204
00-0036550,2022_01_BAL_NYJ,2022,1,13.9,9.438277515684241,1,9.703241266463284,9.332396877205875
00-0036554,2022_01_IND_HOU,2022,1,4.6,11.160195661635141,1,10.30548352872358,10.945905103703412
00-0036572,2022_01_CLE_CAR,2022,1,2.2,10.292843161653636,1,10.77258683777272,10.103871041818165
00-0036613,2022_01_NE_MIA,2022,1,17.7,10.226662517960706,1,10.15688692387903,10.064382951559864
00-0036862,2022_01_BUF_LA,2022,1,6.5,15.670839788616819,1,16.062110219367995,15.01369886639316
00-0036900,2022_01_PIT_CIN,2022,1,28.9,14.326182420973943,1,15.25262085935383,13.766593995737503
00-0036912,2022_01_PHI_DET,2022,1,0.0,15.792600752003972,1,16.24539024376581,15.122445423219478
00-0036963,2022_01_PHI_DET,2022,1,20.4,15.466158878632994,1,15.820446544842865,14.82836987306336
00-0036980,2022_01_BAL_NYJ,2022,1,9.9,14.222287369602572,1,15.500697847130018,13.658428046145827
00-0036988,2022_01_LV_LAC,2022,1,3.9,12.414853728226255,1,11.988769352676051,12.074262954938156
00-0037238,2022_01_NO_ATL,2022,1,12.4,10.783183366848942,1,10.698187467255462,10.572687752378434
00-0037239,2022_01_NO_ATL,2022,1,9.1,11.729657620571999,1,11.449175474009806,11.443608421094666
00-0037247,2022_01_PIT_CIN,2022,1,1.3,11.199849048004403,1,11.129668212156856,10.952257816022549
00-0037273,2022_01_NYG_TEN,2022,1,12.6,6.687462369981927,1,7.339164271982259,6.8080659207114245
00-0037570,2022_01_TB_DAL,2022,1,3.6,7.025499742292557,1,7.933841641623459,7.1067086795523
00-0037664,2022_01_IND_HOU,2022,1,0.0,8.492052544849981,1,8.056513926223532,8.495764626324425
00-0037740,2022_01_BAL_NYJ,2022,1,9.2,6.418372669505792,1,7.268041492098052,6.55504376412517
00-0037741,2022_01_JAX_WAS,2022,1,18.0,14.011011107287848,1,14.546455442777,13.49391991368254
00-0037742,2022_01_NYG_TEN,2022,1,8.5,5.858251663837406,1,6.527900985017185,6.050876498999613
00-0037816,2022_01_GB_MIN,2022,1,8.8,7.766487111524567,1,7.645849980167065,7.821844361127507
00-0038124,2022_01_GB_MIN,2022,1,6.1000000000000005,10.547715609584216,1,10.043467948048972,10.373803190916444
00-0027942,2022_02_ARI_LV,2022,2,6.6,10.382262588788581,1,9.009287352409665,10.255881427422269
00-0029293,2022_02_IND_JAX,2022,2,6.300000000000001,11.128311358139426,1,10.98851228784695,10.889638945330251
00-0030035,2022_02_MIN_PHI,2022,2,9.2,11.331592437467405,1,12.441948117007682,11.027572130591151
00-0030068,2022_02_SEA_SF,2022,2,0.0,5.060778372217015,1,5.843132101571512,5.319039632776443
00-0030431,2022_02_TEN_BUF,2022,2,7.9,7.025785605831655,1,7.505006790539282,7.123282495600736
00-0031236,2022_02_HOU_DEN,2022,2,9.4,16.846878392266326,1,16.595111580115397,16.111069779993294
00-0031325,2022_02_CHI_GB,2022,2,12.3,5.384860887000609,1,6.231130753721288,5.612277462572696
00-0031381,2022_02_ARI_LV,2022,2,9.2,19.866074058639896,1,19.382006668848163,18.874379242071356
00-0031382,2022_02_TB_NO,2022,2,6.5,11.824029402745667,1,9.680003790349394,11.600548444244843
00-0031408,2022_02_TB_NO,2022,2,9.1,13.154253718157554,1,11.722787053698225,12.787053405765352
00-0031428,2022_02_ATL_LA,2022,2,15.3,10.305132828008453,1,11.761646612933042,10.077951275926862
00-0031544,2022_02_NYJ_CLE,2022,2,25.1,11.982403033092156,1,11.519709417220724,11.681120381373288
00-0031547,2022_02_NE_PIT,2022,2,0.0,7.398605852457253,1,8.766352904951889,7.4296373047958175
00-0031549,2022_02_NE_PIT,2022,2,23.0,5.665432895384568,1,6.92676150741328,5.852471021046652
00-0031588,2022_02_TEN_BUF,2022,2,44.8,13.013706803018582,1,11.93541804849979,12.645403314198685
00-0031763,2022_02_LAC_KC,2022,2,8.5,9.784451296255552,1,8.648660668933728,9.701468478305005
00-0031787,2022_02_TEN_BUF,2022,2,7.0,7.940487175180985,1,9.29268290590228,7.924598727737159
00-0032054,2022_02_TB_NO,2022,2,13.5,7.989480439284101,1,9.559047278711704,7.961033000414956
00-0032211,2022_02_SEA_SF,2022,2,19.700000000000003,11.924900838382023,1,12.351663251215571,11.594847210035276
00-0032385,2022_02_CAR_NYG,2022,2,9.4,11.516676296109393,1,12.805175764315855,11.189656069432283
00-0032398,2022_02_HOU_DEN,2022,2,3.4000000000000004,7.517824604794283,1,7.569824015564805,7.588421316220819
00-0032688,2022_02_CAR_NYG,2022,2,4.2,9.963420010676494,1,10.845718801070047,9.78802793578014
00-0032765,2022_02_TB_NO,2022,2,18.5,10.15646522559456,1,9.84845298843725,10.00939698081808
00-0032775,2022_02_MIA_BAL,2022,2,8.2,5.128346228326015,1,4.483718801593976,5.43492993653678
00-0033009,2022_02_CIN_DAL,2022,2,5.7,11.976289988377733,1,12.087822067191626,11.65371413659534
00-0033040,2022_02_MIA_BAL,2022,2,42.0,15.71280319402217,1,17.53689838303931,14.997514195260326
00-0033251,2022_02_MIN_PHI,2022,2,3.4000000000000004,3.7702657501358514,1,4.3116312221194,4.150837770278441
00-0033282,2022_02_WAS_DET,2022,2,22.9,16.20625100367112,1,15.572131308740296,15.541146472377504
00-0033307,2022_02_NE_PIT,2022,2,3.6,3.9041841329035876,1,5.423809034839146,4.235825938903214
00-0033466,2022_02_TEN_BUF,2022,2,5.7,4.85472635958308,1,5.572759145271876,5.133499012767201
00-0033536,2022_02_LAC_KC,2022,2,25.3,11.56683256368657,1,12.570335470456188,11.246248873930885
00-0033555,2022_02_ARI_LV,2022,2,11.6,11.371073489176503,1,11.420364034639883,11.103927934254887
00-0033591,2022_02_CIN_DAL,2022,2,20.1,15.149080008350126,1,13.612451656433128,14.610974990570227
00-0033857,2022_02_LAC_KC,2022,2,4.0,14.556053205367352,1,12.064624703331948,14.106240316186174
00-0033871,2022_02_NYJ_CLE,2022,2,16.3,13.837546074108653,1,11.917254942162312,13.429018692483178
00-0033891,2022_02_IND_JAX,2022,2,5.300000000000001,13.026182574243661,1,10.082045283453684,12.727715433933668
00-0033908,2022_02_ATL_LA,2022,2,31.8,19.919165212621166,1,19.725831857985533,18.91176321937929
00-0033943,2022_02_WAS_DET,2022,2,12.8,9.205964094026028,1,9.232111838795005,9.12953082333579
00-0034272,2022_02_LAC_KC,2022,2,3.3,11.742306167018334,1,11.813125660167682,11.441793242308512
00-0034279,2022_02_CHI_GB,2022,2,5.9,8.73475541191587,1,8.470258756739364,8.710685628612374
00-0034286,2022_02_CAR_NYG,2022,2,10.1,8.766774654450947,1,9.197269373567774,8.71347740233272
00-0034297,2022_02_CHI_GB,2022,2,0.0,4.06367181833087,1,5.213985105580847,4.395369433971282
00-0034348,2022_02_HOU_DEN,2022,2,19.700000000000003,13.929870314189326,1,12.636526491033043,13.489414734754762
00-0034411,2022_02_TB_NO,2022,2,7.800000000000001,8.281733458627478,1,8.888405817274014,8.264266269685777
00-0034487,2022_02_MIA_BAL,2022,2,2.9,3.619700725532188,1,5.796315604221349,3.951310011757219
00-0034521,2022_02_CHI_GB,2022,2,9.3,9.479065607233958,1,9.656640257292509,9.372930844666882
00-0034775,2022_02_IND_JAX,2022,2,25.8,17.058118397097815,1,16.651165380617353,16.309688079692453
00-0034777,2022_02_WAS_DET,2022,2,0.0,9.205392907835995,1,9.386258882249797,9.123128106828322
00-0034827,2022_02_CAR_NYG,2022,2,13.3,13.045570665133516,1,13.365788581632568,12.62130920924941
00-0034860,2022_02_CHI_GB,2022,2,0.0,6.593951835804902,1,8.723230020706458,6.666584168743328
00-0034960,2022_02_NE_PIT,2022,2,18.5,12.626601973949102,1,10.849689878695438,12.318797225262264
00-0034983,2022_02_ARI_LV,2022,2,10.9,10.887141195063089,1,10.809747946913037,10.667241749091104
00-0035021,2022_02_IND_JAX,2022,2,13.2,7.0963195076196035,1,8.182794739175696,7.164547372366999
00-0035140,2022_02_LAC_KC,2022,2,7.5,8.744488092265712,1,9.717414209273755,8.672524361755093
00-0035208,2022_02_ATL_LA,2022,2,10.1,6.877615128690332,1,7.1931436625080565,6.994326086203026
00-0035216,2022_02_NE_PIT,2022,2,13.7,16.170074736956174,1,17.579065511453283,15.430473260450396
00-0035298,2022_02_TB_NO,2022,2,7.2,5.888336492754651,1,6.197520654733853,6.0920266263199
00-0035359,2022_02_CAR_NYG,2022,2,6.7,8.303546816292181,1,9.913654526539084,8.24602149794151
00-0035406,2022_02_NE_PIT,2022,2,2.1,4.3878354601523295,1,5.5355425230236195,4.6912101241650905
00-0035500,2022_02_ARI_LV,2022,2,15.5,13.390592748793832,1,12.132010643657194,12.99609849396985
00-0035639,2022_02_IND_JAX,2022,2,0.0,10.0462113287373,1,11.066486755017706,9.858315095362988
00-0035640,2022_02_SEA_SF,2022,2,7.5,15.361613592197175,1,14.582457558629343,14.77607875306109
00-0035659,2022_02_WAS_DET,2022,2,12.2,12.220848958588451,1,12.56694094782548,11.867913868931147
00-0035662,2022_02_ARI_LV,2022,2,12.8,14.670632933367026,1,13.364394297587276,14.165718948141958
00-0035676,2022_02_MIN_PHI,2022,2,11.9,19.64754144999737,1,18.38880809382313,18.70445605364744
00-0035719,2022_02_SEA_SF,2022,2,14.7,13.755064393183735,1,14.033352320410236,13.27018989779294
00-0035864,2022_02_HOU_DEN,2022,2,3.0,8.975605955384903,1,9.820870748435302,8.88823131058256
00-0036182,2022_02_TEN_BUF,2022,2,2.3,5.23436009022282,1,6.12990182750296,5.473099208799663
00-0036228,2022_02_IND_JAX,2022,2,4.4,3.776340870699885,1,5.2669915610396645,4.120293175313938
00-0036233,2022_02_NYJ_CLE,2022,2,0.0,14.949104439487197,1,14.732735347863684,14.378343251524749
00-0036259,2022_02_SEA_SF,2022,2,1.4,7.872217811660118,1,9.381667388216732,7.856337084834124
00-0036261,2022_02_SEA_SF,2022,2,11.3,11.59566890662309,1,11.507803784914698,11.3140452398418
00-0036271,2022_02_MIN_PHI,2022,2,14.9,5.520212516239522,1,6.112952747137902,5.745399653237944
00-0036309,2022_02_CHI_GB,2022,2,0.6,11.519692471758372,1,12.37437416179348,11.20889936801159
00-0036322,2022_02_MIN_PHI,2022,2,10.8,17.788036430519973,1,17.263674131748576,16.980071654898026
00-0036326,2022_02_NE_PIT,2022,2,6.6,11.059037840111719,1,10.540069762316294,10.840853295587529
00-0036331,2022_02_MIA_BAL,2022,2,12.2,8.364675678721804,1,8.123701933145181,8.372159531732745
00-0036345,2022_02_MIN_PHI,2022,2,4.5,9.777733528413602,1,10.59358165349278,9.62114819803549
00-0036358,2022_02_CIN_DAL,2022,2,15.1,13.426613732604112,1,12.501107523577812,13.016299354774029
00-0036410,2022_02_CIN_DAL,2022,2,19.1,11.798411267000189,1,11.543160764330208,11.505374703237656
00-0036439,2022_02_HOU_DEN,2022,2,4.800000000000001,4.342504133886271,1,5.993478075967185,4.630721677351319
00-0036482,2022_02_IND_JAX,2022,2,3.3000000000000003,6.27736772654547,1,6.08122844294955,6.466158232639863
00-0036550,2022_02_MIA_BAL,2022,2,20.8,9.304273545396658,1,9.447862045811432,9.2147561881093
00-0036554,2022_02_HOU_DEN,2022,2,9.8,8.151079732793201,1,7.934282490902286,8.176372186671921
00-0036572,2022_02_CAR_NYG,2022,2,1.2,7.239697926104135,1,8.556835089396099,7.286586045296648
00-0036613,2022_02_MIA_BAL,2022,2,40.1,13.437535635790482,1,11.683069276906284,13.05777655267783
00-0036862,2022_02_ATL_LA,2022,2,3.6,12.682898131551859,1,13.15993583200502,12.284473585018512
00-0036900,2022_02_CIN_DAL,2022,2,10.8,17.897389011013658,1,15.934819716188535,17.134509831132725
00-0036912,2022_02_MIN_PHI,2022,2,15.0,10.957597299361288,1,12.390563669263754,10.67410410700754
00-0036913,2022_02_CAR_NYG,2022,2,2.0,4.662022882929164,1,4.467127595609425,4.992396340671236
00-0036963,2022_02_WAS_DET,2022,2,39.400000000000006,18.667919144793274,1,19.78680003487584,17.720340131347847
00-0036980,2022_02_NYJ_CLE,2022,2,6.5,12.72811384254083,1,12.28308409872191,12.36077724962835
00-0036988,2022_02_LAC_KC,2022,2,13.0,11.215477086520236,1,11.97311912526152,10.9350459469246
00-0037238,2022_02_ATL_LA,2022,2,24.6,14.0425295883472,1,13.796697285779535,13.552375134366564
00-0037239,2022_02_TB_NO,2022,2,11.0,10.548126700160115,1,11.276053324314368,10.32733715396891
00-0037247,2022_02_NE_PIT,2022,2,3.3000000000000003,9.918679766716862,1,10.035578677063224,9.77630709100358
00-0037261,2022_02_TEN_BUF,2022,2,0.0,5.325229920263019,1,5.1295486620212065,5.59748457488788
00-0037570,2022_02_CIN_DAL,2022,2,0.0,4.23677285433208,1,4.332581421434404,4.593380291867493
00-0037740,2022_02_NYJ_CLE,2022,2,30.0,8.526468932446615,1,9.128427875831676,8.487723001432578
00-0037741,2022_02_WAS_DET,2022,2,17.9,13.327840519381846,1,12.510823635865249,12.92206216178847
00-0037742,2022_02_TEN_BUF,2022,2,8.7,6.832891793527931,1,7.187360252297925,6.9520437040780605
00-0037816,2022_02_CHI_GB,2022,2,4.7,8.252085577041337,1,7.743138480891224,8.279628109796608
00-0027942,2022_03_LA_ARI,2022,3,0.0,5.927861951322591,1,6.141371659213865,6.131723633525904
00-0028002,2022_03_GB_TB,2022,3,7.7,4.36403276425154,1,5.036652294812022,4.687554845809394
00-0029293,2022_03_JAX_LAC,2022,3,13.3,8.476035266553218,1,9.881869034081737,8.411151972274265
00-0030035,2022_03_DET_MIN,2022,3,18.1,11.111140378787576,1,11.22833319311176,10.864203941500922
00-0030068,2022_03_ATL_SEA,2022,3,5.1,4.418517291806894,1,5.625194324319899,4.716960091117805
00-0030431,2022_03_LV_TEN,2022,3,12.5,7.819600576776542,1,7.977985627095318,7.859693919403182
00-0031236,2022_03_HOU_CHI,2022,3,4.2,15.062968634119963,1,13.652161711718607,14.52763059193745
00-0031381,2022_03_LV_TEN,2022,3,14.2,19.60580892756075,1,17.86405022814418,18.684744756240704
00-0031428,2022_03_LA_ARI,2022,3,4.300000000000001,10.184640854506641,1,10.955634022572545,9.994083854690816
00-0031544,2022_03_PIT_CLE,2022,3,23.1,15.847181205500805,1,13.519423757657355,15.277942813731762
00-0031547,2022_03_BAL_NE,2022,3,20.6,8.765729915742131,1,10.535590499783734,8.661608294324402
00-0031549,2022_03_BAL_NE,2022,3,4.1000000000000005,11.884883016565581,1,10.8301537151527,11.61465695331482
00-0031588,2022_03_BUF_MIA,2022,3,14.4,17.596094322569073,1,15.038856086755333,16.88223839466111
00-0031763,2022_03_JAX_LAC,2022,3,5.6,9.767838321418312,1,8.513101974757584,9.690833815695314
00-0031941,2022_03_BUF_MIA,2022,3,1.9,5.4564554910166425,1,6.558793978165197,5.667860349134482
00-0032054,2022_03_GB_TB,2022,3,5.4,7.464232409226183,1,8.071380755879947,7.5184240013158
00-0032211,2022_03_ATL_SEA,2022,3,16.6,15.18455733673928,1,13.810066145959972,14.637178095605268
00-0032385,2022_03_DAL_NYG,2022,3,9.9,13.09503776711589,1,13.022783147688276,12.681358970120012
00-0032398,2022_03_HOU_CHI,2022,3,9.3,4.84052888617726,1,5.113214283594398,5.137476218933505
00-0032688,2022_03_NO_CAR,2022,3,2.4000000000000004,8.72832956310883,1,10.31400049785386,8.634489096960444
00-0032765,2022_03_NO_CAR,2022,3,9.9,9.392782621493856,1,9.161661506379671,9.309749542887158
00-0032775,2022_03_BAL_NE,2022,3,0.0,4.962224691129893,1,4.354658839994054,5.281964712130506
00-0033009,2022_03_CIN_NYJ,2022,3,20.5,7.157989795336706,1,7.818561952258574,7.237001229118498
00-0033040,2022_03_BUF_MIA,2022,3,5.300000000000001,19.374732563373364,1,19.548330584748193,18.401116458564516
00-0033251,2022_03_PHI_WAS,2022,3,4.8,3.963560200353159,1,4.746658487731958,4.317995076520298
00-0033282,2022_03_PHI_WAS,2022,3,13.1,17.53125801703264,1,15.510074370184888,16.802708702382755
00-0033466,2022_03_BUF_MIA,2022,3,21.200000000000003,5.814622625492005,1,6.852021228322537,5.997092785967679
00-0033536,2022_03_JAX_LAC,2022,3,8.5,15.187347891399252,1,14.697424919338673,14.606097134590208
00-0033555,2022_03_LV_TEN,2022,3,29.96,9.769128445545064,1,9.35948708003892,9.659884553365089
00-0033591,2022_03_DAL_NYG,2022,3,10.4,14.857244933036375,1,13.099738962995108,14.35312409645352
00-0033681,2022_03_LV_TEN,2022,3,2.2,5.214819335494416,1,7.046703928262224,5.419676691540524
00-0033857,2022_03_KC_IND,2022,3,13.9,10.333822840410072,1,10.0928432883963,10.168655984272272
00-0033871,2022_03_CIN_NYJ,2022,3,4.7,12.713842232499465,1,11.691532533450458,12.369702233537597
00-0033891,2022_03_JAX_LAC,2022,3,24.5,12.838818914844072,1,12.752600193407703,12.448135725331428
00-0033908,2022_03_LA_ARI,2022,3,16.4,19.80340499369907,1,19.071261651534822,18.8266354798293
00-0033943,2022_03_DET_MIN,2022,3,15.6,10.362753641689881,1,9.529838896318417,10.2175525961158
00-0034272,2022_03_KC_IND,2022,3,8.8,9.797882831141163,1,9.754858613607682,9.672180866816742
00-0034279,2022_03_HOU_CHI,2022,3,7.300000000000001,10.614723850729073,1,10.663438610023563,10.413915425207428
00-0034286,2022_03_DAL_NYG,2022,3,8.0,11.644703875211523,1,11.627481481482542,11.356095437264525
00-0034348,2022_03_SF_DEN,2022,3,17.700000000000003,17.287631944971153,1,15.234555233984294,16.58165569691493
00-0034411,2022_03_GB_TB,2022,3,24.700000000000003,9.635504236816692,1,9.58376720646177,9.524370524026317
00-0034487,2022_03_BUF_MIA,2022,3,1.5,5.146555386487112,1,6.386437595843184,5.379902950864356
00-0034521,2022_03_GB_TB,2022,3,14.5,9.763582062410208,1,10.841077478642385,9.598290987396153
00-0034765,2022_03_NO_CAR,2022,3,14.5,4.358251752524145,1,5.604555441135183,4.66047210852834
00-0034775,2022_03_JAX_LAC,2022,3,19.2,16.428334583227652,1,13.084683103987688,15.846761006145512
00-0034777,2022_03_DET_MIN,2022,3,7.6,7.445150388594504,1,7.957747676055709,7.5046094113866095
00-0034827,2022_03_NO_CAR,2022,3,2.5,11.945853421183166,1,12.03482978204874,11.626803642658606
00-0034860,2022_03_HOU_CHI,2022,3,0.0,6.409390476137073,1,6.578633709657383,6.572715478577104
00-0035140,2022_03_KC_IND,2022,3,1.2,8.357460513949079,1,9.435398631518046,8.315438566937885
00-0035208,2022_03_ATL_SEA,2022,3,6.9,6.943018807159619,1,7.455660738922279,7.046502037081062
00-0035216,2022_03_PIT_CLE,2022,3,16.4,15.780384278197806,1,17.672781081433964,15.05657341892226
00-0035298,2022_03_GB_TB,2022,3,1.4,12.144254874915879,1,11.651986481168631,11.829905658371317
00-0035359,2022_03_DAL_NYG,2022,3,4.0,6.028893497385669,1,5.59592026245835,6.248472971144006
00-0035406,2022_03_BAL_NE,2022,3,0.0,8.604861662986309,1,11.068581400591157,8.488467608328886
00-0035500,2022_03_LA_ARI,2022,3,17.0,14.59909769811033,1,14.268779365889731,14.063356187611433
00-0035527,2022_03_LA_ARI,2022,3,2.1,5.293424028228121,1,6.276222515727934,5.523667473664531
00-0035639,2022_03_KC_IND,2022,3,3.0,9.875549533585469,1,10.480494147057222,9.71840538257283
00-0035640,2022_03_ATL_SEA,2022,3,17.4,13.947931928127897,1,12.04126881385753,13.529208064215464
00-0035659,2022_03_PHI_WAS,2022,3,16.200000000000003,12.593830817124296,1,11.793072374943732,12.251790914630584
00-0035662,2022_03_LA_ARI,2022,3,28.0,16.221207136097775,1,15.951258700047624,15.540947316647737
00-0035676,2022_03_PHI_WAS,2022,3,19.5,20.772670706385057,1,19.781363725335744,19.720769992387943
00-0035719,2022_03_SF_DEN,2022,3,12.9,13.8807322524368,1,13.3294723073074,13.41637469546346
00-0035864,2022_03_SF_DEN,2022,3,3.7,4.661067108211457,1,5.624870882869749,4.9474764418205694
00-0036182,2022_03_LV_TEN,2022,3,7.0,5.243090950971752,1,6.239041193270575,5.477247537378447
00-0036196,2022_03_BUF_MIA,2022,3,6.7,7.065143752715815,1,7.750739613626757,7.151344468276699
00-0036233,2022_03_PIT_CLE,2022,3,2.0,10.405337792758077,1,11.91407622770484,10.167385148328345
00-0036252,2022_03_KC_IND,2022,3,15.2,18.006753751855157,1,16.494030699342012,17.21718479069359
00-0036259,2022_03_SF_DEN,2022,3,1.5,4.834503922588884,1,6.63073315155985,5.074062020137176
00-0036261,2022_03_SF_DEN,2022,3,12.9,12.659216519023472,1,12.098602869906763,12.30231462735599
00-0036271,2022_03_PHI_WAS,2022,3,0.0,6.6017959734308125,1,7.174564370116326,6.732911240260119
00-0036309,2022_03_HOU_CHI,2022,3,4.300000000000001,9.53386338712711,1,10.27856193033496,9.40136485868458
00-0036322,2022_03_DET_MIN,2022,3,4.4,19.29142468357449,1,17.718991993047503,18.391488175923488
00-0036326,2022_03_PIT_CLE,2022,3,7.6,11.857420225636702,1,9.77857330729696,11.628533858888424
00-0036331,2022_03_BAL_NE,2022,3,10.3,8.272664122528246,1,9.321905132758443,8.23916787549694
00-0036345,2022_03_DET_MIN,2022,3,18.3,9.439925261737955,1,9.822201689486745,9.329440512780696
00-0036358,2022_03_DAL_NYG,2022,3,22.700000000000003,14.531773672189725,1,14.201388229059356,14.001937550395374
00-0036407,2022_03_SF_DEN,2022,3,3.7,10.036903162525812,1,10.142148670737695,9.884607897089092
00-0036410,2022_03_CIN_NYJ,2022,3,14.3,14.769428446411828,1,11.20196154544299,14.34181281887705
00-0036550,2022_03_BAL_NE,2022,3,5.9,10.156189111134566,1,10.155736256669478,9.9974532109755
00-0036554,2022_03_HOU_CHI,2022,3,6.1000000000000005,8.706480640144273,1,10.24395573593702,8.616388008337916
00-0036572,2022_03_NO_CAR,2022,3,4.2,5.074469087717407,1,5.430442572473018,5.347738810949283
00-0036613,2022_03_BUF_MIA,2022,3,15.1,15.78878996731421,1,15.640494848513002,15.14181898155193
00-0036862,2022_03_LA_ARI,2022,3,10.6,11.547369277057319,1,11.198360833151195,11.279907785126634
00-0036900,2022_03_CIN_NYJ,2022,3,12.7,17.431578721423236,1,15.82665101529096,16.695945128029418
00-0036912,2022_03_PHI_WAS,2022,3,30.9,11.095547246003218,1,12.448890177429435,10.802985758693364
00-0036963,2022_03_DET_MIN,2022,3,13.3,19.295747878070088,1,19.261603552884687,18.33695431597597
00-0036980,2022_03_CIN_NYJ,2022,3,8.9,10.34799209254635,1,10.274922805715605,10.175199798602202
00-0036988,2022_03_JAX_LAC,2022,3,15.9,11.085523812866949,1,10.453632117089382,10.869309819979822
00-0037238,2022_03_ATL_SEA,2022,3,14.4,18.491698220382716,1,17.267719628801732,17.648633671387095
00-0037239,2022_03_NO_CAR,2022,3,23.700000000000003,11.155480355116483,1,11.01745744110647,10.914358297818945
00-0037247,2022_03_PIT_CLE,2022,3,6.9,7.883224218514796,1,8.721094076963276,7.891908562931954
00-0037257,2022_03_PIT_CLE,2022,3,1.6,5.674652665341974,1,6.414154982388701,5.880719637277639
00-0037664,2022_03_KC_IND,2022,3,9.1,5.012110192471214,1,5.790003104645202,5.274808160694599
00-0037666,2022_03_DAL_NYG,2022,3,1.4,5.3541795866609485,1,5.284648380940661,5.619100399733537
00-0037740,2022_03_CIN_NYJ,2022,3,12.0,12.448566055190241,1,11.065441961922422,12.141401299853872
00-0037741,2022_03_PHI_WAS,2022,3,3.0,11.464626310726597,1,10.599520286492188,11.22403899897777
00-0037742,2022_03_LV_TEN,2022,3,3.1,9.178166591902766,1,9.764917070851364,9.082859248106956
00-0037816,2022_03_GB_TB,2022,3,21.3,11.02552655971069,1,11.067595788670516,10.788952394594592
00-0026293,2022_04_NE_GB,2022,4,0.0,3.5383393160463026,1,4.7659964688161365,3.9131568211426297
00-0028002,2022_04_NE_GB,2022,4,7.2,4.972380599511233,1,4.59115136498508,5.2826259880236766
00-0029293,2022_04_JAX_PHI,2022,4,0.0,9.352143564967825,1,8.998305400489121,9.277338724973452
00-0030035,2022_04_MIN_NO,2022,4,15.2,11.397241380831394,1,10.940850755187125,11.147024937779898
00-0030068,2022_04_SEA_DET,2022,4,0.0,4.9391874455232205,1,5.05163216671167,5.233576137360178
00-0030431,2022_04_TEN_IND,2022,4,13.0,10.526961111884933,1,10.626284626523852,10.331923658837898
00-0031236,2022_04_LAC_HOU,2022,4,18.7,14.70919696282888,1,13.37749179970019,14.20186986933828
00-0031381,2022_04_DEN_LV,2022,4,19.5,17.508214713210926,1,16.98561367890897,16.724717198081215
00-0031382,2022_04_MIN_NO,2022,4,4.7,9.461184028256795,1,9.682985018242356,9.354935823641645
00-0031408,2022_04_KC_TB,2022,4,30.3,13.493727830643657,1,12.753965072059858,13.070467987371517
00-0031428,2022_04_LA_SF,2022,4,2.7,9.54556541624839,1,10.343003372188486,9.41003598917654
00-0031544,2022_04_CLE_ATL,2022,4,1.9,17.431548627222277,1,14.719871156614111,16.73799074536329
00-0031547,2022_04_NE_GB,2022,4,10.4,9.02427543293251,1,9.594674759866477,8.943082550450441
00-0031549,2022_04_NE_GB,2022,4,7.6,8.368082326881986,1,8.624371248838347,8.356364060110595
00-0031588,2022_04_BUF_BAL,2022,4,10.2,19.266754152957326,1,15.652041275768145,18.446617954221825
00-0031763,2022_04_LAC_HOU,2022,4,3.6,8.513250502450576,1,9.554262062627211,8.458972959697627
00-0032211,2022_04_SEA_DET,2022,4,15.1,16.3939117025366,1,15.950410548465555,15.705107091699674
00-0032398,2022_04_LAC_HOU,2022,4,0.0,7.049984770820405,1,7.327776051683154,7.153017279918922
00-0032464,2022_04_SEA_DET,2022,4,5.1000000000000005,5.8955502681058025,1,6.768284658171437,6.077184560049007
00-0032688,2022_04_ARI_CAR,2022,4,5.6,7.958128332448377,1,9.194410254807124,7.9450996046112525
00-0032775,2022_04_BUF_BAL,2022,4,3.0,4.943683104129177,1,5.491775856018171,5.221116473242314
00-0033009,2022_04_MIA_CIN,2022,4,7.62,9.198248891865864,1,8.542978111043542,9.148396188176529
00-0033040,2022_04_MIA_CIN,2022,4,25.9,16.72880332645888,1,14.6738677150226,16.071894732866035
00-0033282,2022_04_WAS_DAL,2022,4,7.800000000000001,16.783257097715875,1,14.599867301205128,16.1264572887197
00-0033307,2022_04_NE_GB,2022,4,5.800000000000001,3.5240334934732678,1,4.804637185349178,3.898092543050496
00-0033466,2022_04_BUF_BAL,2022,4,12.1,7.883890959733979,1,8.045452189245278,7.918226706296805
00-0033536,2022_04_LAC_HOU,2022,4,19.0,13.076558487641437,1,12.076891354115302,12.69975548783304
00-0033555,2022_04_DEN_LV,2022,4,6.300000000000001,13.950505862305917,1,14.00724954036118,13.456917446071833
00-0033572,2022_04_JAX_PHI,2022,4,21.0,4.991771687218194,1,4.588530791814994,5.301153676402322
00-0033591,2022_04_WAS_DAL,2022,4,9.1,16.115562446431483,1,14.022061739881432,15.51388765215965
00-0033681,2022_04_DEN_LV,2022,4,0.0,6.589014963605097,1,6.675295478345119,6.7397446724276415
00-0033857,2022_04_KC_TB,2022,4,9.6,11.249117950514021,1,10.0011908942966,11.041978920534632
00-0033871,2022_04_NYJ_PIT,2022,4,18.4,9.866318589049712,1,9.374710788825004,9.751669209826511
00-0033908,2022_04_LA_SF,2022,4,26.200000000000003,17.8417572088781,1,18.254295328848148,16.993466048594495
00-0033921,2022_04_KC_TB,2022,4,12.9,11.203295387929543,1,11.273604984217508,10.950061246357054
00-0033932,2022_04_CHI_NYG,2022,4,0.0,3.9012409610486323,1,3.818157000742656,4.2940677678973875
00-0033943,2022_04_SEA_DET,2022,4,21.1,11.598332513710641,1,10.881003492667082,11.340404366247434
00-0034272,2022_04_KC_TB,2022,4,9.3,9.51878762743153,1,9.948802557229518,9.39957360385102
00-0034279,2022_04_CHI_NYG,2022,4,0.9,11.902239567516148,1,11.267003433398465,11.61454469077816
00-0034348,2022_04_DEN_LV,2022,4,16.2,17.539298024719223,1,16.427709849875967,16.77546552213595
00-0034411,2022_04_KC_TB,2022,4,4.4,10.37272922533748,1,10.089638800426656,10.20575197838864
00-0034487,2022_04_MIA_CIN,2022,4,9.5,4.747727894259993,1,6.02921483364904,5.01446226153825
00-0034521,2022_04_NE_GB,2022,4,17.6,10.187275489033992,1,10.042408092782312,10.031303913002054
00-0034764,2022_04_WAS_DAL,2022,4,10.4,7.567776276868122,1,7.971526083860593,7.620621539289317
00-0034775,2022_04_JAX_PHI,2022,4,8.3,16.728659286606025,1,13.642490869920934,16.11096561919357
00-0034827,2022_04_ARI_CAR,2022,4,12.1,12.495754110520664,1,11.71928905960966,12.161389866907614
00-0034860,2022_04_CHI_NYG,2022,4,0.0,5.803931532650628,1,6.401944855122456,6.00404229075509
00-0035140,2022_04_KC_TB,2022,4,1.4,5.706719470932714,1,6.069654163427326,5.924290100413948
00-0035208,2022_04_CLE_ATL,2022,4,7.5,6.676453450831475,1,7.554346139727385,6.789423603019243
00-0035216,2022_04_NYJ_PIT,2022,4,4.2,16.86581496715975,1,17.919582445123428,16.07871617024074
00-0035359,2022_04_CHI_NYG,2022,4,1.5,6.389782283756621,1,7.390726960492406,6.52320937792282
00-0035406,2022_04_NE_GB,2022,4,1.9,3.421264681248438,1,4.3074142475245205,3.8193294637784136
00-0035500,2022_04_ARI_CAR,2022,4,1.6,9.195685732612631,1,9.389154998762573,9.113792923621348
00-0035535,2022_04_CHI_NYG,2022,4,2.1,5.623552204020046,1,6.682171032507385,5.821968354772542
00-0035544,2022_04_SEA_DET,2022,4,8.4,10.726070557141567,1,10.637077265493474,10.520734441695875
00-0035639,2022_04_TEN_IND,2022,4,8.3,6.887073443972638,1,6.533177085986655,7.028403290652511
00-0035640,2022_04_SEA_DET,2022,4,21.9,15.357595265672595,1,14.2460437035565,14.785048755664189
00-0035659,2022_04_WAS_DAL,2022,4,3.5,14.576860737906031,1,11.970459800032382,14.129594160548056
00-0035662,2022_04_ARI_CAR,2022,4,20.8,16.562464165572983,1,14.660627650897464,15.91431980124775
00-0035676,2022_04_JAX_PHI,2022,4,14.5,19.326799151075754,1,17.79767475237771,18.422114716097862
00-0035719,2022_04_LA_SF,2022,4,23.700000000000003,14.97186467636228,1,12.61991188822296,14.480292092693135
00-0035864,2022_04_DEN_LV,2022,4,5.9,5.7182037952723785,1,6.52061646244611,5.918060754382406
00-0036196,2022_04_BUF_BAL,2022,4,2.3,8.743081813767555,1,7.891846241307889,8.740586857688026
00-0036219,2022_04_MIN_NO,2022,4,8.3,8.314275054992624,1,8.17080344908184,8.322471392909973
00-0036233,2022_04_CLE_ATL,2022,4,12.1,9.873927627707886,1,12.10563001283756,9.655084513965216
00-0036252,2022_04_TEN_IND,2022,4,6.1,19.948833886382154,1,16.151068464138657,19.07585302447694
00-0036259,2022_04_LA_SF,2022,4,4.2,4.993621850933152,1,6.081531918088714,5.246155543665666
00-0036261,2022_04_LA_SF,2022,4,7.7,13.051148677438743,1,13.514326537145472,12.6209635327241
00-0036271,2022_04_JAX_PHI,2022,4,0.0,6.153139316248524,1,7.0278069425463885,6.31211521779561
00-0036277,2022_04_SEA_DET,2022,4,3.5,5.149687617966275,1,4.979262606283565,5.436373358815764
00-0036309,2022_04_CHI_NYG,2022,4,13.4,10.818179079053149,1,10.56716471815626,10.610926298629666
00-0036322,2022_04_MIN_NO,2022,4,31.0,16.169900734815442,1,13.230040404353884,15.595636013148434
00-0036326,2022_04_NYJ_PIT,2022,4,0.0,11.080734494957863,1,10.691963626679952,10.855698185991727
00-0036331,2022_04_BUF_BAL,2022,4,9.1,8.986551615459087,1,9.035307933596725,8.928496532561898
00-0036345,2022_04_MIN_NO,2022,4,1.5,9.597517955029945,1,9.49974264478884,9.49146494872735
00-0036358,2022_04_WAS_DAL,2022,4,21.700000000000003,17.991492731828494,1,17.462856325909883,17.165851790075447
00-0036407,2022_04_DEN_LV,2022,4,15.3,12.51972173702752,1,11.55537230457382,12.190398480786868
00-0036410,2022_04_MIA_CIN,2022,4,25.4,16.606902526945923,1,15.912494336062077,15.90896152834997
00-0036497,2022_04_JAX_PHI,2022,4,0.0,3.934485237248227,1,5.865315501422561,4.247838337676309
00-0036550,2022_04_BUF_BAL,2022,4,4.7,8.203579089615248,1,8.560428481140693,8.20246133695197
00-0036554,2022_04_LAC_HOU,2022,4,11.2,11.275718998079212,1,12.022400304065645,10.990422638847996
00-0036572,2022_04_ARI_CAR,2022,4,0.0,7.433278185753132,1,7.911645700838828,7.495079384015532
00-0036613,2022_04_MIA_CIN,2022,4,5.9,17.157748240631634,1,14.759724241607037,16.476273104095316
00-0036862,2022_04_LA_SF,2022,4,5.300000000000001,10.658189381162966,1,11.059949590639294,10.44014896725741
00-0036900,2022_04_MIA_CIN,2022,4,12.1,17.26331387211649,1,14.409070730314337,16.589926112459853
00-0036912,2022_04_JAX_PHI,2022,4,4.7,15.732840648297048,1,13.446087643830166,15.17206862732007
00-0036936,2022_04_ARI_CAR,2022,4,3.7,11.291235582390941,1,10.737560700185252,11.054011777470912
00-0036980,2022_04_NYJ_PIT,2022,4,8.5,12.147654601221694,1,11.69666237047693,11.831438190781888
00-0036988,2022_04_LAC_HOU,2022,4,3.5,9.836596056518387,1,9.819357213294833,9.706519562580606
00-0037238,2022_04_CLE_ATL,2022,4,3.7,19.038722014436978,1,18.7558080270006,18.11192094625154
00-0037239,2022_04_MIN_NO,2022,4,16.7,11.494520169815313,1,11.47716287592559,11.21908467045226
00-0037247,2022_04_NYJ_PIT,2022,4,16.200000000000003,7.500645689126355,1,7.96670225584629,7.557008238373938
00-0037664,2022_04_TEN_IND,2022,4,12.0,5.350952613054848,1,5.758048305175064,5.598037397609905
00-0037740,2022_04_NYJ_PIT,2022,4,6.1000000000000005,15.779172034618531,1,13.555734856022214,15.211930819279171
00-0037741,2022_04_WAS_DAL,2022,4,13.3,8.942751159367212,1,8.875836525314948,8.892933643084962
00-0037742,2022_04_TEN_IND,2022,4,3.8,8.300421173449386,1,8.866208848066838,8.282869713168227
00-0037816,2022_04_NE_GB,2022,4,13.7,12.616809531981675,1,13.881592033773334,12.194233398351129
00-0027942,2022_05_PHI_ARI,2022,5,5.0,7.440633607853393,1,7.9636270469396,7.500093443528472
00-0028002,2022_05_NYG_GB,2022,5,16.9,6.4905229372815345,1,7.404197120727459,6.618434876399542
00-0029293,2022_05_HOU_JAX,2022,5,17.4,8.926630494627279,1,9.983460805563732,8.83550726193214
00-0030035,2022_05_CHI_MIN,2022,5,6.7,13.361495717893655,1,12.493448897534376,12.954706441191751
00-0030431,2022_05_TEN_WAS,2022,5,7.7,11.876320251183445,1,12.324466066533262,11.54971318299965
00-0031236,2022_05_HOU_JAX,2022,5,6.0,14.655112673495132,1,12.04350859297819,14.201182918515377
00-0031381,2022_05_LV_KC,2022,5,27.4,18.60226095975696,1,18.688346685430687,17.69970041626788
00-0031408,2022_05_ATL_TB,2022,5,12.1,15.804639847352925,1,14.636436371219904,15.19505097380753
00-0031428,2022_05_DAL_LA,2022,5,4.2,9.344839929969137,1,8.521098129164333,9.288538836765548
00-0031544,2022_05_LAC_CLE,2022,5,20.6,15.839508440371082,1,15.20672002324091,15.206508563428228
00-0031588,2022_05_PIT_BUF,2022,5,24.200000000000003,17.253841681796366,1,14.70925886126864,16.56951269336329
00-0031763,2022_05_LAC_CLE,2022,5,2.9,6.417276473079924,1,8.128546002709838,6.521289944229627
00-0032211,2022_05_SEA_NO,2022,5,27.4,16.514851398923028,1,15.792902940810125,15.82602820401215
00-0032464,2022_05_DET_NE,2022,5,9.5,9.8184918334003,1,10.837068653165977,9.650626167643429
00-0032688,2022_05_SF_CAR,2022,5,4.2,6.871113171024214,1,7.91030392101379,6.9608842008420275
00-0032775,2022_05_CIN_BAL,2022,5,1.8,7.908311580077806,1,7.7973799626714415,7.950864985740099
00-0032980,2022_05_NYG_GB,2022,5,6.5,8.583748766116825,1,8.18755359369389,8.57792546378664
00-0033009,2022_05_CIN_BAL,2022,5,6.2,10.295060548143544,1,10.434881289188224,10.118816176674851
00-0033040,2022_05_MIA_NYJ,2022,5,13.0,13.636798484867652,1,12.30151739295459,13.223633108525547
00-0033114,2022_05_CIN_BAL,2022,5,4.300000000000001,6.829690724301397,1,8.500071878486123,6.899098900177105
00-0033282,2022_05_TEN_WAS,2022,5,12.2,16.08340192249019,1,14.059531213339222,15.481899916239048
00-0033307,2022_05_DET_NE,2022,5,1.0,7.0059043023767655,1,7.308661062284764,7.111852637546528
00-0033536,2022_05_LAC_CLE,2022,5,23.4,15.406078862517392,1,14.974288794551596,14.80344028528772
00-0033555,2022_05_LV_KC,2022,5,0.0,13.298275193978807,1,12.349887407227689,12.900083128250554
00-0033591,2022_05_DAL_LA,2022,5,1.5,14.465889605762051,1,12.994600941101131,13.98520148465806
00-0033857,2022_05_LV_KC,2022,5,6.300000000000001,13.833158405942699,1,13.658251806699656,13.358664963910517
00-0033871,2022_05_MIA_NYJ,2022,5,5.800000000000001,11.335176111348689,1,10.315467329638428,11.111815958262456
00-0033891,2022_05_HOU_JAX,2022,5,4.2,15.110889784048558,1,14.918002165791092,14.525050929146126
00-0033908,2022_05_DAL_LA,2022,5,25.9,18.61186371869909,1,17.83426902338523,17.74129402038625
00-0033921,2022_05_ATL_TB,2022,5,12.3,9.733345690391754,1,8.76085214491438,9.648635975211452
00-0033943,2022_05_DET_NE,2022,5,15.2,13.631255460361878,1,11.861168107073604,13.235105237868735
00-0034104,2022_05_TEN_WAS,2022,5,1.7000000000000002,4.432080069825692,1,5.710794544932303,4.726595209455311
00-0034272,2022_05_LV_KC,2022,5,15.0,10.55555681309177,1,10.91878640846746,10.347979760457918
00-0034279,2022_05_CHI_MIN,2022,5,4.4,7.8351183833480995,1,9.067293089540946,7.833031060392336
00-0034286,2022_05_NYG_GB,2022,5,3.6,8.474292337787421,1,10.51179632724272,8.385548927620713
00-0034317,2022_05_SEA_NO,2022,5,1.4,4.9244655458971405,1,4.38499476271346,5.24492758128016
00-0034348,2022_05_IND_DEN,2022,5,12.4,16.59920723458213,1,14.685175674799776,15.948304905038327
00-0034411,2022_05_ATL_TB,2022,5,6.0,11.271416918445912,1,11.600630550392047,11.002367783376537
00-0034487,2022_05_MIA_NYJ,2022,5,1.5,5.479414046026325,1,6.701415933795334,5.684256941351759
00-0034521,2022_05_NYG_GB,2022,5,13.5,12.468084145080292,1,10.602059596345962,12.177565534578706
00-0034764,2022_05_DAL_LA,2022,5,8.4,7.330996895780256,1,7.989466347692904,7.3949193433465235
00-0034765,2022_05_SEA_NO,2022,5,2.0,8.857544716171416,1,8.670174992119392,8.819777030503577
00-0034775,2022_05_HOU_JAX,2022,5,2.1,16.346994824503973,1,15.580223886846984,15.674592887939916
00-0034827,2022_05_SF_CAR,2022,5,10.7,13.013895577365894,1,12.663374338756933,12.617909467798892
00-0034860,2022_05_CHI_MIN,2022,5,0.0,6.299908412135568,1,7.440981490257554,6.435888490946075
00-0034960,2022_05_DET_NE,2022,5,24.1,16.28836451770583,1,14.072288418328036,15.676198480890502
00-0034983,2022_05_LV_KC,2022,5,6.5,9.491603700364177,1,10.119343652442184,9.3672565964999
00-0035140,2022_05_LV_KC,2022,5,12.0,5.165360846455999,1,4.260739643143071,5.4785828450001
00-0035208,2022_05_ATL_TB,2022,5,11.9,7.847969730981582,1,8.954044041400454,7.849549331613392
00-0035216,2022_05_PIT_BUF,2022,5,11.0,15.985560214474697,1,14.318546049344125,15.379070880458755
00-0035298,2022_05_ATL_TB,2022,5,7.5,7.386816143728787,1,7.958495113256905,7.449143808666251
00-0035359,2022_05_NYG_GB,2022,5,3.2,3.6255002600305284,1,3.854298954783949,4.0306472526938935
00-0035535,2022_05_NYG_GB,2022,5,13.9,5.281843976065183,1,6.115337825087203,5.518778550799751
00-0035639,2022_05_IND_DEN,2022,5,4.2,9.43697208258383,1,8.977341680598302,9.35875133593981
00-0035640,2022_05_SEA_NO,2022,5,17.8,17.21617746981775,1,15.459848946593995,16.505185331701895
00-0035659,2022_05_TEN_WAS,2022,5,12.6,12.526489241088392,1,12.747432394282471,12.151513746564316
00-0035662,2022_05_PHI_ARI,2022,5,21.8,16.854980792590275,1,16.048036756905567,16.139566830316546
00-0035676,2022_05_PHI_ARI,2022,5,6.2,18.68637390546712,1,18.24963089380384,17.796313830503628
00-0035719,2022_05_SF_CAR,2022,5,11.2,17.021248655774237,1,13.200671266982438,16.40581987518652
00-0036182,2022_05_TEN_WAS,2022,5,9.2,8.28859510113227,1,9.54871285576962,8.245685581645045
00-0036196,2022_05_PIT_BUF,2022,5,32.1,7.095521816739588,1,7.223737764173027,7.200247831368097
00-0036219,2022_05_SEA_NO,2022,5,2.5,9.230805374358063,1,9.397477388708344,9.146852041672943
00-0036233,2022_05_LAC_CLE,2022,5,9.0,10.521253944923178,1,10.219278056316943,10.341972274785478
00-0036252,2022_05_IND_DEN,2022,5,10.9,16.089040050294102,1,14.151076445780005,15.483777947064528
00-0036261,2022_05_SF_CAR,2022,5,8.8,11.774679408874782,1,11.065213658897594,11.500990592191984
00-0036271,2022_05_PHI_ARI,2022,5,4.9,6.406643311574917,1,7.652425433121304,6.529284572977195
00-0036309,2022_05_CHI_MIN,2022,5,7.2,12.234755757315506,1,9.911511456604382,11.982076119405669
00-0036322,2022_05_CHI_MIN,2022,5,30.32,17.08032955539572,1,14.419678263952028,16.415626108041067
00-0036326,2022_05_PIT_BUF,2022,5,10.0,10.659239275745252,1,9.577851531880215,10.497488652658202
00-0036331,2022_05_CIN_BAL,2022,5,12.8,10.123248646499588,1,9.274361832217878,9.999654103291904
00-0036345,2022_05_CHI_MIN,2022,5,9.1,10.142699158785819,1,9.967101488107453,9.991804158101646
00-0036358,2022_05_DAL_LA,2022,5,10.3,17.40345480132651,1,15.88803985773475,16.666884231540163
00-0036407,2022_05_IND_DEN,2022,5,8.3,11.38544768425503,1,11.223586536152617,11.125068756265518
00-0036412,2022_05_IND_DEN,2022,5,2.0,4.9977643178337985,1,5.3711534405404535,5.277097308461866
00-0036554,2022_05_HOU_JAX,2022,5,10.5,10.236705423432742,1,10.75297698880122,10.051266742422184
00-0036572,2022_05_SF_CAR,2022,5,10.9,5.021992943864086,1,5.587835113257537,5.291885517261943
00-0036613,2022_05_MIA_NYJ,2022,5,5.300000000000001,15.250460556141357,1,13.393939263980329,14.715627416900556
00-0036620,2022_05_SEA_NO,2022,5,0.0,6.241007387910582,1,5.916293422868561,6.437873660873285
00-0036635,2022_05_CHI_MIN,2022,5,0.5,5.016405257360777,1,4.184914178672137,5.339907347044209
00-0036862,2022_05_DAL_LA,2022,5,10.1,9.94863688342291,1,9.06632734413808,9.841622518678228
00-0036900,2022_05_CIN_BAL,2022,5,12.0,16.744896420044384,1,13.05605598762044,16.14868967900997
00-0036912,2022_05_PHI_ARI,2022,5,18.700000000000003,15.383909766602047,1,14.347037446239474,14.806217123110487
00-0036936,2022_05_PHI_ARI,2022,5,13.1,11.26189218612285,1,10.996839880824927,11.016269169960037
00-0036955,2022_05_SF_CAR,2022,5,7.0,4.078385575224332,1,4.175292706750788,4.448838334332583
00-0036980,2022_05_MIA_NYJ,2022,5,2.1,9.176306469744615,1,9.195373571803804,9.102742691423186
00-0036988,2022_05_LAC_CLE,2022,5,5.4,9.143277771475306,1,9.360098099596174,9.065092298686968
00-0037238,2022_05_ATL_TB,2022,5,7.5,14.28929897771397,1,13.287052995884226,13.806263324352642
00-0037239,2022_05_SEA_NO,2022,5,15.4,10.28595095901009,1,11.187326388200178,10.081554810158776
00-0037247,2022_05_PIT_BUF,2022,5,14.3,9.285273638614708,1,9.990200285913632,9.17608289575513
00-0037257,2022_05_LAC_CLE,2022,5,1.6,4.9928540674477855,1,5.023127860240561,5.2856611023856335
00-0037261,2022_05_PIT_BUF,2022,5,16.5,6.8401602031808695,1,6.470689072807247,6.986195384759718
00-0037664,2022_05_IND_DEN,2022,5,16.1,6.599336578977547,1,8.467262758682999,6.681432080186294
00-0037740,2022_05_MIA_NYJ,2022,5,5.7,11.477721437392228,1,9.897622820539052,11.263166401728244
00-0037816,2022_05_NYG_GB,2022,5,5.9,13.782592452338728,1,14.203044739477331,13.289899975492729
00-0038090,2022_05_LV_KC,2022,5,3.5,4.3881097145047505,1,4.526827975871423,4.729817024075818
00-0038104,2022_05_DET_NE,2022,5,2.7,5.303994729928686,1,5.447469159847241,5.565218246505226
00-0027942,2022_06_ARI_SEA,2022,6,2.7,6.756848629387391,1,7.444942815958389,6.869985078016453
00-0028002,2022_06_NYJ_GB,2022,6,1.8,7.115874837301689,1,7.462102122773472,7.210528642126263
00-0030035,2022_06_MIN_MIA,2022,6,15.6,12.506967413854966,1,12.574122945274002,12.13954978829694
00-0030068,2022_06_ARI_SEA,2022,6,4.6,3.8702588525683224,1,3.877782155671688,4.26235767589963
00-0031408,2022_06_TB_PIT,2022,6,8.2,16.00245055638581,1,13.959192524138166,15.408783214611825
00-0031428,2022_06_CAR_LA,2022,6,17.3,8.958410525896863,1,8.738637642755961,8.913030930982833
00-0031544,2022_06_NE_CLE,2022,6,14.4,15.259374450611089,1,13.5742570063141,14.717243844449126
00-0031547,2022_06_NE_CLE,2022,6,10.4,7.9670142440704215,1,8.229053609241525,7.990242230838703
00-0031588,2022_06_BUF_KC,2022,6,30.8,18.881239771486932,1,18.244230469837895,17.981707362175925
00-0031763,2022_06_DEN_LAC,2022,6,4.7,7.96254248853027,1,8.002039598623307,7.99462248991666
00-0032211,2022_06_ARI_SEA,2022,6,3.7,16.252798645840336,1,14.508317356246172,15.625823285908156
00-0032775,2022_06_BAL_NYG,2022,6,5.7,8.848282284233026,1,9.229743286799204,8.789702620163407
00-0032980,2022_06_BAL_NYG,2022,6,4.5,6.876210233469089,1,7.808276960992007,6.969606680769298
00-0033009,2022_06_CIN_NO,2022,6,12.6,9.82080394704455,1,9.973791236637418,9.685640930581371
00-0033040,2022_06_MIN_MIA,2022,6,29.7,17.778465492887513,1,14.907453029996791,17.06054774309031
00-0033282,2022_06_WAS_CHI,2022,6,2.6,15.70865429771366,1,14.335139951971152,15.115286136501338
00-0033466,2022_06_BUF_KC,2022,6,2.9,7.313259688839608,1,7.6589369705726895,7.390628088519008
00-0033536,2022_06_DEN_LAC,2022,6,3.7,16.196998752085683,1,15.258171012776724,15.544288910894586
00-0033591,2022_06_DAL_PHI,2022,6,2.0,10.879937643826764,1,10.902848882386811,10.656856717677304
00-0033857,2022_06_BUF_KC,2022,6,22.3,13.365866444791275,1,11.78071030116163,12.985954849775304
00-0033871,2022_06_NYJ_GB,2022,6,7.2,9.814751348258051,1,9.35760500036548,9.703313231244886
00-0033891,2022_06_JAX_IND,2022,6,9.2,14.469613406682724,1,13.983080886195712,13.951163302483245
00-0033908,2022_06_CAR_LA,2022,6,16.700000000000003,18.8149099405397,1,18.28228482578934,17.917225036624735
00-0033921,2022_06_TB_PIT,2022,6,15.5,14.68414706332728,1,14.624727563721583,14.13065037825698
00-0034104,2022_06_WAS_CHI,2022,6,1.6,5.796315949010099,1,6.696624267402527,5.985602687449681
00-0034272,2022_06_BUF_KC,2022,6,0.0,12.09195337975687,1,11.020139275268418,11.804221274956191
00-0034279,2022_06_WAS_CHI,2022,6,0.1,9.334624498714767,1,8.39233565837829,9.283725637960249
00-0034286,2022_06_BAL_NYG,2022,6,3.8,6.9345620788921165,1,7.385448593531184,7.041134409129606
00-0034317,2022_06_CIN_NO,2022,6,2.4000000000000004,7.216626597598479,1,7.04866730706625,7.321993480970864
00-0034348,2022_06_DEN_LAC,2022,6,3.4000000000000004,16.482113761768773,1,14.593816307068826,15.840499674857927
00-0034411,2022_06_TB_PIT,2022,6,4.0,11.440730128616012,1,11.605306567715562,11.163094626038712
00-0034487,2022_06_MIN_MIA,2022,6,1.6,5.360370032623235,1,6.119656690460576,5.593240583049564
00-0034521,2022_06_NYJ_GB,2022,6,17.6,12.870734368337349,1,11.499942522632766,12.526085919809766
00-0034646,2022_06_CAR_LA,2022,6,8.0,5.023891714009608,1,4.10989951309124,5.349873684694022
00-0034764,2022_06_DAL_PHI,2022,6,3.8,9.86865337152477,1,10.75533001890596,9.701403824026642
00-0034765,2022_06_CIN_NO,2022,6,13.3,7.880328679949054,1,8.54514103270495,7.895845677514197
00-0034775,2022_06_JAX_IND,2022,6,10.8,15.56234137078044,1,13.39270182363843,15.012066323325785
00-0034827,2022_06_CAR_LA,2022,6,3.7,14.078301716289324,1,12.645723341466056,13.630124964032367
00-0034860,2022_06_WAS_CHI,2022,6,18.4,5.018695753924294,1,5.709348232033506,5.2841327567147385
00-0034960,2022_06_NE_CLE,2022,6,10.0,16.8107266717114,1,15.96483740335165,16.100673325599082
00-0035140,2022_06_BUF_KC,2022,6,13.2,6.1554316379246155,1,5.725116337741087,6.363815456359843
00-0035208,2022_06_SF_ATL,2022,6,9.8,8.070594551435923,1,8.430670915800478,8.081013946836695
00-0035216,2022_06_TB_PIT,2022,6,8.6,15.719421564339394,1,14.645974439679335,15.113702300317597
00-0035359,2022_06_BAL_NYG,2022,6,1.8,4.765715639404468,1,5.858160352950122,5.03805931366082
00-0035535,2022_06_BAL_NYG,2022,6,2.8,9.052740722937246,1,10.347290985140235,8.94152347497132
00-0035639,2022_06_JAX_IND,2022,6,18.7,9.9718221081277,1,8.898686891933957,9.870029143490404
00-0035640,2022_06_ARI_SEA,2022,6,5.4,17.314856641425912,1,15.964054233879777,16.579796440451723
00-0035659,2022_06_WAS_CHI,2022,6,8.2,12.079406705519558,1,11.190131456292873,11.785835456920228
00-0035662,2022_06_ARI_SEA,2022,6,11.8,17.153374255040703,1,16.366625541696273,16.411030019116
00-0035676,2022_06_DAL_PHI,2022,6,17.7,16.778449935733086,1,13.173490594621336,16.17611255056389
00-0035719,2022_06_SF_ATL,2022,6,16.0,15.962261144786586,1,14.918908721569968,15.334106136927288
00-0036196,2022_06_BUF_KC,2022,6,16.4,8.191370372788475,1,7.591706347964285,8.22768489706741
00-0036219,2022_06_CIN_NO,2022,6,6.6,7.895158287082815,1,8.660693245315466,7.905546085929374
00-0036233,2022_06_NE_CLE,2022,6,11.6,9.773000647277183,1,9.945918453986533,9.64127127136484
00-0036252,2022_06_JAX_IND,2022,6,26.4,16.043398344102975,1,13.622124229228644,15.460511056028915
00-0036261,2022_06_SF_ATL,2022,6,28.3,12.189308350424671,1,12.676547335560024,11.833772978351526
00-0036271,2022_06_DAL_PHI,2022,6,0.7,5.773075065331984,1,7.241941123008162,5.942785805989878
00-0036309,2022_06_WAS_CHI,2022,6,13.8,11.762352736159919,1,11.318103462370104,11.47966249806685
00-0036322,2022_06_MIN_MIA,2022,6,16.700000000000003,18.14059754002892,1,15.16767828323164,17.39480275330743
00-0036326,2022_06_TB_PIT,2022,6,23.4,11.55377138357754,1,10.652279907720084,11.3067512003993
00-0036331,2022_06_BAL_NYG,2022,6,2.4000000000000004,10.548021578509212,1,10.557492564271966,10.354553327701128
00-0036345,2022_06_MIN_MIA,2022,6,4.8,6.6339332297094975,1,6.059332656154548,6.805847976779092
00-0036358,2022_06_DAL_PHI,2022,6,12.7,16.34083189426341,1,15.931619156213856,15.655377742535077
00-0036407,2022_06_DEN_LAC,2022,6,8.4,13.691592118793857,1,13.470207739675768,13.231277780913036
00-0036410,2022_06_CIN_NO,2022,6,10.7,16.702587363620076,1,13.660457431690311,16.08550550863994
00-0036412,2022_06_DEN_LAC,2022,6,6.4,6.411669846802936,1,6.660056273164322,6.571786371438289
00-0036497,2022_06_JAX_IND,2022,6,3.0,2.423509607475125,1,2.8317963537387016,2.927221528926724
00-0036572,2022_06_CAR_LA,2022,6,0.0,5.790674722625347,1,6.688083873374353,5.980566284448162
00-0036613,2022_06_MIN_MIA,2022,6,16.9,15.142862231573131,1,12.798798520683691,14.635997017213557
00-0036635,2022_06_WAS_CHI,2022,6,-0.1,5.048210129811458,1,4.561297963817894,5.355824469822774
00-0036862,2022_06_CAR_LA,2022,6,16.7,8.37812288229841,1,8.857171199371816,8.357056084971209
00-0036900,2022_06_CIN_NO,2022,6,32.2,16.754456241910866,1,14.727370293697351,16.094239746950084
00-0036912,2022_06_DAL_PHI,2022,6,15.4,15.411438011268695,1,12.854525661304931,14.889116040844955
00-0036936,2022_06_ARI_SEA,2022,6,10.9,13.359920090711027,1,13.173144620730971,12.927370443418948
00-0036955,2022_06_CAR_LA,2022,6,0.0,5.777230531399842,1,6.149150700510923,5.988277307772347
00-0036988,2022_06_DEN_LAC,2022,6,14.7,10.567807265837851,1,9.586417838303964,10.41027178636074
00-0037238,2022_06_SF_ATL,2022,6,7.0,14.004131171952825,1,12.853623978720956,13.55173461534504
00-0037247,2022_06_TB_PIT,2022,6,5.800000000000001,11.140098614637719,1,10.750454657173757,10.909890567498666
00-0037257,2022_06_NE_CLE,2022,6,2.3,5.146188674089771,1,5.6174247419411865,5.408788460707385
00-0037300,2022_06_NE_CLE,2022,6,2.5,4.16760220009513,1,5.533713720970757,4.481983839270095
00-0037664,2022_06_JAX_IND,2022,6,13.9,9.10187808607021,1,8.740951109337443,9.049285509532456
00-0037740,2022_06_NYJ_GB,2022,6,1.8,9.86940376919392,1,9.849566677008786,9.736549532262623
00-0037816,2022_06_NYJ_GB,2022,6,6.1,13.034101311576551,1,12.53151694208534,12.642124280443545
00-0038104,2022_06_NE_CLE,2022,6,21.3,5.646413836394017,1,7.144210577907643,5.826130183739738
00-0029293,2022_07_NYG_JAX,2022,7,9.7,6.513605082388215,1,7.796000955729171,6.625476276068781
00-0030068,2022_07_SEA_LAC,2022,7,22.7,5.959856837298889,1,7.764783371761041,6.100415588336351
00-0030431,2022_07_IND_TEN,2022,7,5.6,11.037449226937131,1,11.124880003726163,10.7981052874841
00-0030564,2022_07_NO_ARI,2022,7,20.3,10.19469760602446,1,10.590004843811656,10.01754054418624
00-0031236,2022_07_HOU_LV,2022,7,8.600000000000001,14.210474504263448,1,12.521589526842138,13.760452594293344
00-0031325,2022_07_GB_WAS,2022,7,5.6,6.063691653689649,1,6.867830153431905,6.233191312952554
00-0031381,2022_07_HOU_LV,2022,7,17.5,18.07679778294289,1,17.940549306676687,17.228760842685954
00-0031408,2022_07_TB_CAR,2022,7,18.6,14.910401523584946,1,12.77913113795097,14.415828669960217
00-0031544,2022_07_CLE_BAL,2022,7,10.4,16.306306766097883,1,13.656763564635463,15.70904583272023
00-0031547,2022_07_CHI_NE,2022,7,9.8,8.678230866540089,1,9.35657076492659,8.623275128529391
00-0031763,2022_07_SEA_LAC,2022,7,6.7,9.313330624555256,1,8.921920711878771,9.243357115788545
00-0031868,2022_07_ATL_CIN,2022,7,14.5,3.578660903967334,1,4.090232288012327,3.977165079926384
00-0032208,2022_07_HOU_LV,2022,7,12.5,5.360655206403168,1,5.890472652988525,5.602224021407649
00-0032211,2022_07_SEA_LAC,2022,7,11.5,13.256029981143381,1,11.801046060825689,12.880800135307346
00-0032398,2022_07_HOU_LV,2022,7,10.0,6.025423812007298,1,6.907958936944042,6.195298473633203
00-0032464,2022_07_DET_DAL,2022,7,14.5,11.313255753583872,1,11.061807055028414,11.062612140506108
00-0032688,2022_07_NO_ARI,2022,7,0.0,6.197708755516354,1,7.835022142015939,6.323784931515785
00-0032980,2022_07_NYG_JAX,2022,7,0.0,8.186895401682929,1,8.894865022996992,8.173892612398937
00-0033009,2022_07_ATL_CIN,2022,7,29.5,10.233227210822578,1,9.861246675358949,10.081860380690632
00-0033040,2022_07_PIT_MIA,2022,7,14.2,17.57771975196448,1,15.274639981176348,16.855813040476608
00-0033282,2022_07_GB_WAS,2022,7,12.9,14.722623098755102,1,14.542927591114807,14.170325201311844
00-0033386,2022_07_IND_TEN,2022,7,5.2,3.1931733276027074,1,4.106441667706679,3.610205789341838
00-0033536,2022_07_SEA_LAC,2022,7,21.6,16.067876787134928,1,16.099133691352872,15.389610353787258
00-0033555,2022_07_HOU_LV,2022,7,12.4,10.777857958142622,1,9.991687291379405,10.594484411485896
00-0033591,2022_07_DET_DAL,2022,7,8.0,11.616972062983054,1,12.00785588734266,11.315280944761776
00-0033857,2022_07_KC_SF,2022,7,25.4,10.228201652769489,1,9.09523408135665,10.106204362490171
00-0033891,2022_07_NYG_JAX,2022,7,10.8,14.315050915438048,1,12.774452913998772,13.850222825699344
00-0033921,2022_07_TB_CAR,2022,7,11.5,15.626947722424061,1,15.15326454777761,15.006536365961413
00-0033943,2022_07_DET_DAL,2022,7,1.8,14.72964743553105,1,14.321728109781176,14.18540958258012
00-0034104,2022_07_GB_WAS,2022,7,2.2,4.648361272642081,1,5.370431675878773,4.945074118678497
00-0034272,2022_07_KC_SF,2022,7,14.1,7.000263516730962,1,8.83891286287132,7.048319495037266
00-0034279,2022_07_CHI_NE,2022,7,8.8,6.727234643284491,1,6.282479298884102,6.886032842765926
00-0034348,2022_07_NYJ_DEN,2022,7,5.300000000000001,15.621619840136878,1,14.169522601328527,15.038870015391751
00-0034411,2022_07_TB_CAR,2022,7,7.9,7.405464251068947,1,8.020567715339665,7.464506105416566
00-0034419,2022_07_NYJ_DEN,2022,7,7.2,7.713453914185971,1,8.096099688084294,7.7543287188393855
00-0034487,2022_07_PIT_MIA,2022,7,7.4,4.58104670610155,1,6.506496146520603,4.837915127196442
00-0034521,2022_07_GB_WAS,2022,7,11.5,10.08395491510459,1,8.764869108104133,9.981680175059294
00-0034764,2022_07_DET_DAL,2022,7,0.0,8.915817576639569,1,8.163479387017592,8.89441790811374
00-0034765,2022_07_NO_ARI,2022,7,10.9,6.40920707775545,1,8.10102599411126,6.514667472256315
00-0034775,2022_07_NYG_JAX,2022,7,17.1,15.301330859286805,1,13.585109584982824,14.756704009718934
00-0034827,2022_07_TB_CAR,2022,7,19.6,13.295817467173848,1,11.8018035072026,12.918582859502251
00-0034960,2022_07_CHI_NE,2022,7,11.4,15.09092285691354,1,13.04806061290589,14.577161415739097
00-0034983,2022_07_HOU_LV,2022,7,8.5,9.134777235028423,1,9.888898660182535,9.03691158066506
00-0035140,2022_07_KC_SF,2022,7,28.0,7.551711206120933,1,7.71908174343548,7.614950975984064
00-0035208,2022_07_ATL_CIN,2022,7,6.1,6.977158115286806,1,8.776641148430798,7.028728836212762
00-0035216,2022_07_PIT_MIA,2022,7,9.5,15.68128182849439,1,14.94727785385002,15.066002655694792
00-0035500,2022_07_NO_ARI,2022,7,7.6,8.11155151681382,1,8.083150647199778,8.133147841721009
00-0035510,2022_07_NYJ_DEN,2022,7,0.0,4.284436696835846,1,5.697133687149445,4.586803572527662
00-0035535,2022_07_NYG_JAX,2022,7,14.8,7.049447533035252,1,7.711385508914673,7.137923816189884
00-0035544,2022_07_DET_DAL,2022,7,3.4000000000000004,5.9456276652058,1,6.845486310316522,6.121840141899693
00-0035639,2022_07_IND_TEN,2022,7,23.0,10.663447517312044,1,9.348623711821084,10.51020199172357
00-0035659,2022_07_GB_WAS,2022,7,18.3,12.035304495656147,1,11.275110893096889,11.740693005082042
00-0035719,2022_07_KC_SF,2022,7,9.4,16.090159869730506,1,15.208652966567692,15.444638399926829
00-0036182,2022_07_IND_TEN,2022,7,0.0,7.176032795866792,1,7.9134131098695395,7.250542394287703
00-0036219,2022_07_NO_ARI,2022,7,4.0,7.4195093885080485,1,7.331588708180754,7.504045243532055
00-0036233,2022_07_CLE_BAL,2022,7,11.1,10.993658660739989,1,12.208822573214846,10.715283436127311
00-0036252,2022_07_IND_TEN,2022,7,9.8,18.084659786238888,1,15.068409015528056,17.34541675791697
00-0036255,2022_07_NYJ_DEN,2022,7,1.4,3.1542780116569236,1,3.1841888434099093,3.6083015580234337
00-0036259,2022_07_KC_SF,2022,7,4.4,5.18081963516399,1,5.71013032109295,5.438175341994222
00-0036261,2022_07_KC_SF,2022,7,15.2,15.132736143173103,1,14.229114570777522,14.572000381528484
00-0036309,2022_07_CHI_NE,2022,7,8.3,11.004156687970548,1,11.234811008665558,10.76228713199449
00-0036326,2022_07_PIT_MIA,2022,7,9.1,12.040574820602219,1,10.480023596976997,11.775926819320112
00-0036331,2022_07_CLE_BAL,2022,7,6.2,9.2716943151051,1,9.282902477023354,9.190065876568438
00-0036358,2022_07_DET_DAL,2022,7,10.6,17.17344163465802,1,17.631848180185898,16.382003375181288
00-0036407,2022_07_NYJ_DEN,2022,7,16.6,11.864224093950398,1,12.017148293012708,11.549900437495628
00-0036410,2022_07_ATL_CIN,2022,7,14.3,16.890669894754602,1,15.141204279978693,16.207956723905472
00-0036412,2022_07_NYJ_DEN,2022,7,2.8,5.706032184080847,1,6.730674309366205,5.898508277032937
00-0036527,2022_07_HOU_LV,2022,7,2.0,4.601061462678099,1,4.714193892739958,4.925070228931692
00-0036550,2022_07_CLE_BAL,2022,7,8.2,7.751940566291578,1,9.098700197346425,7.752790165968067
00-0036554,2022_07_HOU_LV,2022,7,6.300000000000001,7.407479546339092,1,8.310141199336172,7.455413184068105
00-0036572,2022_07_TB_CAR,2022,7,0.0,4.830067178663892,1,5.2310788425428845,5.123053452476196
00-0036613,2022_07_PIT_MIA,2022,7,12.8,15.280394939679253,1,12.80082008322422,14.766622583220745
00-0036620,2022_07_SEA_LAC,2022,7,0.4,5.02460558270997,1,5.195754343854962,5.30927334810904
00-0036671,2022_07_GB_WAS,2022,7,1.4,4.238114749370248,1,4.448720741264802,4.590240510106631
00-0036900,2022_07_ATL_CIN,2022,7,33.0,16.849077292273087,1,14.389595998360454,16.19700211219682
00-0036936,2022_07_NO_ARI,2022,7,4.1,13.4211116673718,1,13.30883246735944,12.980364889222134
00-0036955,2022_07_TB_CAR,2022,7,5.1,8.481964755194078,1,7.96509783148502,8.489653008215635
00-0036959,2022_07_SEA_LAC,2022,7,0.5,6.75061290204964,1,8.45104178576301,6.825812201121017
00-0037098,2022_07_GB_WAS,2022,7,1.4,3.774284378513518,1,4.750374579570878,4.1379780002947415
00-0037238,2022_07_ATL_CIN,2022,7,1.9,14.87578195335307,1,14.676662165768922,14.31079380401561
00-0037239,2022_07_NO_ARI,2022,7,17.6,13.998558171064076,1,12.822353113949497,13.547627148001617
00-0037247,2022_07_PIT_MIA,2022,7,18.1,10.777078029914955,1,10.692217182879968,10.567112585295137
00-0037257,2022_07_CLE_BAL,2022,7,1.7000000000000002,5.474133464458932,1,5.886325672881757,5.710224251529136
00-0037664,2022_07_IND_TEN,2022,7,6.7,11.46581843556962,1,10.841359385688266,11.215978410151449
00-0037740,2022_07_NYJ_DEN,2022,7,6.4,12.039275999812629,1,10.240531313475804,11.783796796887383
00-0037816,2022_07_GB_WAS,2022,7,0.0,12.860236221313246,1,10.569424401111954,12.551482772795982
00-0038104,2022_07_CHI_NE,2022,7,2.9000000000000004,11.42436876076103,1,11.514765809071642,11.15098771881186
00-0038117,2022_07_NYG_JAX,2022,7,11.0,8.394889722090662,1,8.850295724019317,8.373251603597291
00-0027942,2022_08_ARI_MIN,2022,8,0.0,4.771558904820092,1,5.636578731298644,5.052035806220914
00-0027944,2022_08_BAL_TB,2022,8,10.1,7.840189060216069,1,9.51285661294582,7.820911822482895
00-0029293,2022_08_DEN_JAX,2022,8,0.0,6.494272089756133,1,8.2538848982529,6.589696968565481
00-0030035,2022_08_ARI_MIN,2022,8,12.7,13.297395952817634,1,11.981142681325768,12.913265377182906
00-0030068,2022_08_NYG_SEA,2022,8,7.300000000000001,4.925791570595434,1,4.890017854962971,5.226989307543473
00-0030431,2022_08_TEN_HOU,2022,8,4.6,9.737531950109053,1,9.433853857330575,9.627030184219588
00-0030564,2022_08_ARI_MIN,2022,8,33.9,17.0838421369699,1,17.054788863277967,16.318790560800654
00-0031236,2022_08_TEN_HOU,2022,8,11.3,14.205586622091637,1,12.356402717178616,13.762087032890674
00-0031325,2022_08_GB_BUF,2022,8,1.3,8.040266224648443,1,8.078179178769131,8.065591784183361
00-0031381,2022_08_LV_NO,2022,8,1.2,18.742321234685072,1,18.67351369976521,17.833368747799145
00-0031408,2022_08_BAL_TB,2022,8,18.3,16.48267258859002,1,14.605117564104765,15.84060113155168
00-0031428,2022_08_SF_LA,2022,8,10.4,9.704771822472518,1,8.338659855364789,9.637530804949389
00-0031544,2022_08_CIN_CLE,2022,8,22.1,15.246713499439652,1,13.739309660412191,14.698937200848723
00-0031545,2022_08_LV_NO,2022,8,0.0,5.042290708016178,1,5.756269998436214,5.3047721835201855
00-0031588,2022_08_GB_BUF,2022,8,22.8,17.319747911842114,1,17.327166658567148,16.532626100529946
00-0031868,2022_08_CAR_ATL,2022,8,15.7,6.754059397849308,1,7.520084103751785,6.864477873455911
00-0032208,2022_08_TEN_HOU,2022,8,1.6,10.37944886705848,1,10.333350620435144,10.20287320169754
00-0032211,2022_08_NYG_SEA,2022,8,15.3,13.82124919284889,1,10.969680766083997,13.449553179621772
00-0032464,2022_08_MIA_DET,2022,8,10.6,12.566879176340922,1,12.466874548034363,12.200563196448991
00-0032688,2022_08_ARI_MIN,2022,8,0.0,5.7767957958151115,1,7.519784451018982,5.9357595444311615
00-0032775,2022_08_BAL_TB,2022,8,12.4,5.511738816342132,1,5.5914134657353465,5.757173089699184
00-0032980,2022_08_NYG_SEA,2022,8,1.3,7.912396302382163,1,7.874292979360941,7.951823001331856
00-0033009,2022_08_CIN_CLE,2022,8,12.8,11.664987658372725,1,11.240347888507022,11.39008874284817
00-0033040,2022_08_MIA_DET,2022,8,31.5,19.180086151492567,1,19.25438234504735,18.227311216483876
00-0033114,2022_08_CIN_CLE,2022,8,0.0,4.304915392301017,1,4.7226398561841165,4.643310599649407
00-0033251,2022_08_PIT_PHI,2022,8,13.7,5.060069945896909,1,6.028634011802312,5.311314537189062
00-0033282,2022_08_WAS_IND,2022,8,10.9,15.32184005743216,1,14.980879867092757,14.723134475872476
00-0033307,2022_08_NE_NYJ,2022,8,0.0,5.524102769875029,1,6.734072432253649,5.725484851086467
00-0033386,2022_08_TEN_HOU,2022,8,0.0,5.330592201624378,1,6.220242350634707,5.561117847561767
00-0033466,2022_08_GB_BUF,2022,8,8.0,6.0864977980346096,1,7.223595662434186,6.241340415229449
00-0033555,2022_08_LV_NO,2022,8,13.4,11.25390921881509,1,11.460444496931082,10.991058739709064
00-0033891,2022_08_DEN_JAX,2022,8,6.5,14.363962737721453,1,13.489367393090951,13.86952807676252
00-0033908,2022_08_SF_LA,2022,8,22.9,18.96547487439605,1,18.72486950115232,18.043487609402035
00-0033921,2022_08_BAL_TB,2022,8,13.5,16.031458295572854,1,15.14672015043636,15.39120649933788
00-0033943,2022_08_MIA_DET,2022,8,3.4000000000000004,13.24678513525969,1,12.901719279052214,12.83017234344253
00-0034104,2022_08_WAS_IND,2022,8,3.1,7.450389268839819,1,7.691566813376942,7.519706973748926
00-0034348,2022_08_DEN_JAX,2022,8,2.3,14.602851837734548,1,12.14023796512198,14.147840349360893
00-0034407,2022_08_SF_LA,2022,8,2.1,7.143653358183868,1,7.326646232165511,7.242076950516324
00-0034419,2022_08_NE_NYJ,2022,8,0.0,8.788026146642734,1,8.643409756363997,8.754728444468588
00-0034487,2022_08_MIA_DET,2022,8,4.5,5.538729401953202,1,6.591893475982385,5.744790010680661
00-0034764,2022_08_CHI_DAL,2022,8,8.9,9.802344876248446,1,9.780080681668936,9.67546249672164
00-0034765,2022_08_LV_NO,2022,8,0.0,7.043054113859753,1,8.808867458832598,7.090127156522474
00-0034775,2022_08_DEN_JAX,2022,8,7.0,15.748088994567011,1,14.63728666091225,15.141276284558476
00-0034827,2022_08_CAR_ATL,2022,8,27.5,14.98210126339595,1,13.264332057029826,14.4655226782482
00-0034860,2022_08_CHI_DAL,2022,8,5.8,5.256475372655627,1,7.0396866727330485,5.4595307240928905
00-0034960,2022_08_NE_NYJ,2022,8,21.0,14.518592700627224,1,13.362676331248547,14.02129480407828
00-0034983,2022_08_LV_NO,2022,8,1.6,12.261732879659279,1,11.831810530066983,11.934713340150044
00-0035208,2022_08_CAR_ATL,2022,8,1.4,10.020786766770458,1,9.939317214714157,9.87700252479904
00-0035216,2022_08_PIT_PHI,2022,8,8.5,15.397249982450171,1,13.225283288122265,14.861538287977028
00-0035341,2022_08_CIN_CLE,2022,8,4.7,4.393394385278916,1,4.086166682209889,4.751590973401508
00-0035535,2022_08_NYG_SEA,2022,8,11.6,9.199168860106981,1,9.156597965651468,9.125943719959654
00-0035639,2022_08_WAS_IND,2022,8,9.1,12.049191352772665,1,11.021224531755845,11.763541684237852
00-0035640,2022_08_NYG_SEA,2022,8,17.5,13.083975224556095,1,10.290660747212987,12.77470741231554
00-0035659,2022_08_WAS_IND,2022,8,16.6,13.94200100530793,1,12.262736518219093,13.51515259814802
00-0035676,2022_08_PIT_PHI,2022,8,39.6,14.65591004336852,1,12.893295582724472,14.16963605102774
00-0036133,2022_08_BAL_TB,2022,8,5.4,6.310014991376492,1,6.701958714013486,6.4735870846444605
00-0036182,2022_08_TEN_HOU,2022,8,0.0,7.412482311619298,1,7.578666294005259,7.487974502543805
00-0036196,2022_08_GB_BUF,2022,8,5.5,7.609121555051313,1,7.596919950320053,7.674154130866242
00-0036233,2022_08_CIN_CLE,2022,8,12.1,10.741762580453521,1,10.215870664119828,10.551659313003189
00-0036252,2022_08_WAS_IND,2022,8,12.3,17.36386735178572,1,15.449536307828586,16.645932519882294
00-0036255,2022_08_NE_NYJ,2022,8,9.6,7.080353123843524,1,7.765079713001163,7.1652533571653025
00-0036261,2022_08_SF_LA,2022,8,20.1,15.370315605482125,1,13.693374293004,14.818147082697902
00-0036271,2022_08_PIT_PHI,2022,8,0.0,6.968559814179312,1,8.449677928878891,7.032987053951537
00-0036309,2022_08_CHI_DAL,2022,8,12.0,11.975436520230502,1,10.555957948276156,11.711136841952907
00-0036322,2022_08_ARI_MIN,2022,8,15.8,17.40165663119972,1,15.706868606679436,16.672062585948375
00-0036326,2022_08_PIT_PHI,2022,8,12.54,11.725213025481033,1,10.268340766846585,11.4842739688441
00-0036331,2022_08_BAL_TB,2022,8,16.4,8.747197501341857,1,8.772988873239843,8.711001525966232
00-0036345,2022_08_ARI_MIN,2022,8,8.8,9.12122727666784,1,9.219986656804764,9.049463232539786
00-0036358,2022_08_CHI_DAL,2022,8,18.8,16.378422045973615,1,16.177581879498323,15.681750784400815
00-0036407,2022_08_DEN_JAX,2022,8,18.3,14.185091852506709,1,11.558209919223922,13.772953381125394
00-0036410,2022_08_CIN_CLE,2022,8,13.9,15.904719898750256,1,14.17329780544994,15.307766950047965
00-0036412,2022_08_DEN_JAX,2022,8,8.100000000000001,7.951616493429706,1,7.24637485535189,8.012965694947486
00-0036527,2022_08_LV_NO,2022,8,0.0,4.797589110320293,1,5.0739591420117724,5.098161246418752
00-0036572,2022_08_CAR_ATL,2022,8,0.0,5.6381111508627875,1,6.106747536234546,5.857678974194752
00-0036613,2022_08_MIA_DET,2022,8,30.6,15.790307111998489,1,15.661708279271275,15.14245435201935
00-0036862,2022_08_SF_LA,2022,8,2.0,9.015141646250886,1,9.177347147594553,8.950267077265162
00-0036912,2022_08_PIT_PHI,2022,8,7.300000000000001,13.908308538708186,1,12.82872371926551,13.461617408330794
00-0036936,2022_08_ARI_MIN,2022,8,23.4,11.612802052702657,1,11.607610046821316,11.326533368495678
00-0036955,2022_08_CAR_ATL,2022,8,12.7,10.349621366198402,1,11.596788393979802,10.126497460358296
00-0036963,2022_08_MIA_DET,2022,8,13.9,19.158795733679398,1,17.871881974450783,18.259633872952385
00-0036991,2022_08_GB_BUF,2022,8,3.2,4.370731111548483,1,3.8699178155755,4.738273923631168
00-0037238,2022_08_CAR_ATL,2022,8,7.1,13.155989553577136,1,12.725618014968523,12.750580432871512
00-0037239,2022_08_LV_NO,2022,8,10.2,10.31827776072687,1,11.112709144125066,10.115112737845134
00-0037247,2022_08_PIT_PHI,2022,8,0.0,11.235187066629317,1,10.758148043477911,10.9999641739149
00-0037257,2022_08_CIN_CLE,2022,8,4.7,4.398915848887906,1,4.70507071290768,4.733310598440694
00-0037300,2022_08_CIN_CLE,2022,8,1.6,4.615527000058897,1,5.398310252507993,4.912810692297156
00-0037664,2022_08_WAS_IND,2022,8,9.5,8.337579421323634,1,9.334546413659718,8.30037872511557
00-0037740,2022_08_NE_NYJ,2022,8,17.5,12.507434047124375,1,11.633534350676465,12.175749706108183
00-0037816,2022_08_GB_BUF,2022,8,16.2,11.322206965893372,1,10.506404086840448,11.09223244251666
00-0038104,2022_08_NE_NYJ,2022,8,2.3,10.319709421520683,1,10.226927160534132,10.150146284621266
00-0038117,2022_08_NYG_SEA,2022,8,3.5,12.196796396704329,1,10.952935453525292,11.90641222102878
00-0026293,2022_09_IND_NE,2022,9,0.0,2.6899003003375648,1,3.273728249858595,3.1635824167566797
00-0027944,2022_09_LA_TB,2022,9,4.800000000000001,7.272972899484092,1,8.252970953774922,7.329759872130221
00-0029293,2022_09_LV_JAX,2022,9,9.8,5.602113712691502,1,7.02839725451901,5.788432780331432
00-0030035,2022_09_MIN_WAS,2022,9,9.7,13.049502473125175,1,13.057920609167176,12.63674934728942
00-0030431,2022_09_TEN_KC,2022,9,0.0,9.050589425525052,1,8.972870033204423,8.991727605972716
00-0030564,2022_09_SEA_ARI,2022,9,13.6,17.986196259870624,1,18.17482896353137,17.133752729654464
00-0031325,2022_09_GB_DET,2022,9,1.9,9.264446021098161,1,8.93370113477636,9.196452437795854
00-0031381,2022_09_LV_JAX,2022,9,36.6,16.738181448857674,1,16.01221919942578,16.029929700927454
00-0031408,2022_09_LA_TB,2022,9,9.0,15.97560124786517,1,13.315757177481968,15.407727507830757
00-0031428,2022_09_LA_TB,2022,9,5.4,9.966155256222605,1,8.876849399366584,9.865473876578136
00-0031545,2022_09_BAL_NO,2022,9,2.0,4.577427056528105,1,5.327719488484538,4.879286414459295
00-0031588,2022_09_BUF_NYJ,2022,9,14.3,15.79155119593842,1,15.549675764828867,15.147895565044957
00-0031763,2022_09_LAC_ATL,2022,9,10.3,9.339529894361366,1,11.346632624905476,9.176079869245532
00-0031868,2022_09_LAC_ATL,2022,9,0.0,7.545951718913216,1,8.289483757541916,7.587793699834534
00-0032208,2022_09_PHI_HOU,2022,9,9.9,9.022862330258523,1,9.521835524417469,8.944508609012919
00-0032211,2022_09_SEA_ARI,2022,9,17.7,14.752452888715961,1,14.299094362541172,14.207942869128312
00-0032398,2022_09_PHI_HOU,2022,9,14.5,8.541518828917278,1,7.967961945073649,8.546140566343594
00-0032464,2022_09_GB_DET,2022,9,4.7,10.778894011494693,1,10.118810856647135,10.5906364111688
00-0032688,2022_09_SEA_ARI,2022,9,0.6,4.639789354902781,1,6.002735300302717,4.912890897215103
00-0032775,2022_09_BAL_NO,2022,9,2.2,5.510224256809327,1,5.202135550387502,5.770532140939415
00-0033009,2022_09_CAR_CIN,2022,9,9.4,9.849459086572793,1,9.00666691556553,9.74963818290496
00-0033040,2022_09_MIA_CHI,2022,9,27.3,17.735881754483664,1,19.827204326649177,16.833054583130888
00-0033282,2022_09_MIN_WAS,2022,9,17.1,14.416065553558582,1,13.289639226064685,13.926635971128956
00-0033292,2022_09_CAR_CIN,2022,9,5.2,5.314314433269142,1,4.71746614613182,5.602776493797653
00-0033307,2022_09_IND_NE,2022,9,4.2,6.952001576822989,1,7.1511808047428955,7.066613494463221
00-0033386,2022_09_TEN_KC,2022,9,0.0,4.627376758478664,1,5.600314881371117,4.916392753253883
00-0033466,2022_09_BUF_NYJ,2022,9,4.1,7.312709151747237,1,8.72377606194532,7.349625053342514
00-0033555,2022_09_LV_JAX,2022,9,3.7,10.802557862030959,1,10.9308198897982,10.582256533750924
00-0033857,2022_09_TEN_KC,2022,9,18.8,15.001882628409268,1,13.9355512626338,14.45880525417381
00-0033891,2022_09_LV_JAX,2022,9,9.0,13.813796409571927,1,12.758850154839829,13.374455281208162
00-0033908,2022_09_LA_TB,2022,9,26.8,19.784966552151765,1,18.664853436527224,18.824562348532552
00-0033921,2022_09_LA_TB,2022,9,10.7,15.156894506482576,1,14.356662795977932,14.59011022351611
00-0034104,2022_09_MIN_WAS,2022,9,2.2,3.813328029167911,1,4.496428570244646,4.18473637765259
00-0034272,2022_09_TEN_KC,2022,9,2.2,8.583265990614066,1,8.258573517095552,8.574766843237489
00-0034279,2022_09_MIA_CHI,2022,9,0.0,8.648017131553582,1,8.948982914464255,8.610056344488006
00-0034419,2022_09_BUF_NYJ,2022,9,1.6,6.857988386326375,1,6.049279263871006,7.019158052640477
00-0034487,2022_09_MIA_CHI,2022,9,5.7,4.831111287651579,1,6.821679499720938,5.06357905168083
00-0034521,2022_09_GB_DET,2022,9,18.700000000000003,13.775203375093392,1,14.858981452908704,13.257942439602926
00-0034765,2022_09_BAL_NO,2022,9,5.9,8.296560341029124,1,8.382229406868158,8.297599091414607
00-0034775,2022_09_LV_JAX,2022,9,21.6,14.5122607618831,1,13.965970797866776,13.992343100069297
00-0034827,2022_09_CAR_CIN,2022,9,4.4,14.967769587327693,1,13.495447760724195,14.443116897354288
00-0034860,2022_09_MIA_CHI,2022,9,2.2,4.91137675027653,1,5.08423615702818,5.205907165672631
00-0034960,2022_09_IND_NE,2022,9,7.4,14.274191900646201,1,13.054905417146598,13.800731596807562
00-0034983,2022_09_LV_JAX,2022,9,5.6,9.516455781419147,1,10.027632879608554,9.394360831075115
00-0035140,2022_09_TEN_KC,2022,9,19.9,7.850110035326985,1,8.346676752792243,7.874672398788697
00-0035208,2022_09_LAC_ATL,2022,9,3.9,8.421059010761699,1,8.987431303668258,8.39290803916744
00-0035298,2022_09_LA_TB,2022,9,12.3,7.287414657494875,1,8.258767046345659,7.343264070172279
00-0035341,2022_09_CAR_CIN,2022,9,3.5,4.801534074321492,1,5.253978640910878,5.095066853412176
00-0035457,2022_09_PHI_HOU,2022,9,1.8,4.08160776801952,1,4.631652258217349,4.434552002871586
00-0035544,2022_09_GB_DET,2022,9,2.6,6.737715157572582,1,7.473000746233227,6.850735210856179
00-0035639,2022_09_IND_NE,2022,9,3.6,11.498967483521442,1,11.593111319702192,11.218903338976546
00-0035640,2022_09_SEA_ARI,2022,9,14.7,16.560758420586417,1,14.494954557824736,15.91899682847814
00-0035659,2022_09_MIN_WAS,2022,9,10.6,14.623269072318891,1,14.106815488345342,14.092484191858384
00-0035676,2022_09_PHI_HOU,2022,9,15.9,18.261395435560694,1,17.50945532635086,17.42057884475075
00-0036182,2022_09_TEN_KC,2022,9,0.0,8.375491015776829,1,7.826878592283152,8.3937214803772
00-0036196,2022_09_BUF_NYJ,2022,9,5.300000000000001,7.652335084156629,1,8.760915098014284,7.670972289554875
00-0036219,2022_09_BAL_NO,2022,9,5.4,7.6835799659452135,1,8.472059471894774,7.711646297091582
00-0036252,2022_09_IND_NE,2022,9,5.2,15.456941244387545,1,15.2118867891658,14.842744403025286
00-0036255,2022_09_BUF_NYJ,2022,9,2.2,7.799553673233694,1,8.073409711307155,7.837015061148255
00-0036271,2022_09_PHI_HOU,2022,9,4.5,5.765545050747577,1,6.446116962574848,5.965882996360255
00-0036309,2022_09_MIA_CHI,2022,9,17.5,12.147729744665131,1,11.050896991133234,11.856058361972028
00-0036322,2022_09_MIN_WAS,2022,9,25.5,16.215820368194514,1,14.097059482572924,15.606315422830765
00-0036326,2022_09_MIA_CHI,2022,9,3.7,9.111782372327582,1,8.008642679500163,9.086536610970706
00-0036331,2022_09_BAL_NO,2022,9,1.5,11.491329331799136,1,11.945700003319022,11.198240868452128
00-0036345,2022_09_MIN_WAS,2022,9,0.0,9.165572419205374,1,9.511481219092722,9.080524899787545
00-0036410,2022_09_CAR_CIN,2022,9,13.0,12.279422328823237,1,11.370993487311877,11.969042229304804
00-0036415,2022_09_LA_TB,2022,9,0.0,5.581955757906511,1,5.287562197618718,5.835453745102076
00-0036527,2022_09_LV_JAX,2022,9,0.0,4.705809535113657,1,5.057162099143309,5.011578263251171
00-0036572,2022_09_CAR_CIN,2022,9,3.0,7.661057102312725,1,7.433091560714906,7.729738334312364
00-0036613,2022_09_MIA_CHI,2022,9,19.5,13.717470791785468,1,13.222667352403246,13.265281483814876
00-0036620,2022_09_SEA_ARI,2022,9,0.0,5.077353773713732,1,5.178393431711687,5.360061878345159
00-0036862,2022_09_LA_TB,2022,9,0.0,7.961490638554926,1,8.185664465373597,7.986642381911969
00-0036912,2022_09_PHI_HOU,2022,9,4.2,15.761249164560416,1,16.542611111239296,15.081352004851322
00-0036936,2022_09_SEA_ARI,2022,9,14.9,14.70579003892662,1,14.479989065816808,14.156720729351248
00-0036955,2022_09_CAR_CIN,2022,9,14.3,9.31104212570167,1,9.085855623374286,9.23495028795332
00-0036959,2022_09_LAC_ATL,2022,9,7.6,8.726252437942094,1,10.87151461067765,8.611321238899006
00-0036963,2022_09_GB_DET,2022,9,9.5,18.94806066613807,1,17.478431037947384,18.07432158004494
00-0036988,2022_09_LAC_ATL,2022,9,18.6,12.798474713797297,1,12.809556799344742,12.40762993559149
00-0037098,2022_09_GB_DET,2022,9,5.4,5.065679098908749,1,5.298564091085595,5.3443987178724734
00-0037238,2022_09_LAC_ATL,2022,9,3.3000000000000003,11.979218072125807,1,11.359881535426688,11.684169449382306
00-0037239,2022_09_BAL_NO,2022,9,13.1,14.759998035720624,1,13.856660677236452,14.231932409999526
00-0037664,2022_09_IND_NE,2022,9,3.3000000000000003,8.52895735283397,1,8.983016340610574,8.495615656265352
00-0037740,2022_09_BUF_NYJ,2022,9,17.9,13.86470140517452,1,12.80473689215789,13.42108779644292
00-0038104,2022_09_IND_NE,2022,9,1.5,7.3468651188445975,1,7.275700233385638,7.437133308556867
00-0027942,2022_10_ARI_LA,2022,10,9.0,4.298777775912116,1,4.253815165843471,4.65530015835254
00-0027944,2022_10_SEA_TB,2022,10,14.3,6.128150731562559,1,6.954899041889203,6.291139234767607
00-0029293,2022_10_JAX_KC,2022,10,4.300000000000001,7.523168129235154,1,7.756349481140768,7.58640870268094
00-0030035,2022_10_MIN_BUF,2022,10,9.9,12.097916943506235,1,10.872275104090413,11.815509723878906
00-0030068,2022_10_SEA_TB,2022,10,11.8,8.184928198467146,1,8.267711277965061,8.19586434512167
00-0030431,2022_10_DEN_TEN,2022,10,3.0,9.841831593585152,1,10.721727313243465,9.677191503395433
00-0030564,2022_10_ARI_LA,2022,10,19.8,16.880873104852263,1,14.365943120020466,16.22811801180871
00-0031236,2022_10_HOU_NYG,2022,10,8.2,9.637656833725233,1,9.31753984907724,9.53653684476122
00-0031381,2022_10_IND_LV,2022,10,27.6,19.236188540118725,1,18.345517340124005,18.31517787718131
00-0031382,2022_10_NO_PIT,2022,10,6.7,9.64167900348287,1,9.794597179214673,9.522223935280415
00-0031408,2022_10_SEA_TB,2022,10,10.4,15.502058626051683,1,12.3849545976852,14.993086896146693
00-0031428,2022_10_ARI_LA,2022,10,8.4,9.670332498049527,1,7.9534120792194845,9.619447029555936
00-0031544,2022_10_CLE_MIA,2022,10,6.2,15.368715120112556,1,14.020041828802976,14.804207821639256
00-0031545,2022_10_NO_PIT,2022,10,0.0,5.633320254373282,1,6.167167023834022,5.850829162426894
00-0031588,2022_10_MIN_BUF,2022,10,24.8,18.52403266245056,1,17.461462167257046,17.67199716754331
00-0031763,2022_10_LAC_SF,2022,10,16.4,9.010135993959087,1,8.671759236067611,8.964729936497003
00-0031868,2022_10_ATL_CAR,2022,10,8.8,4.989263902134191,1,6.112666077189358,5.240830459340279
00-0032208,2022_10_HOU_NYG,2022,10,4.2,6.105493928909596,1,5.706747921147143,6.3170560808389
00-0032211,2022_10_SEA_TB,2022,10,13.2,16.427877791814396,1,13.797818044115033,15.819217088109472
00-0032398,2022_10_HOU_NYG,2022,10,10.0,5.882221883240591,1,6.967831944850041,6.056932316687214
00-0032464,2022_10_DET_CHI,2022,10,7.7,9.43769105683911,1,8.983572697336053,9.35919773175535
00-0033040,2022_10_CLE_MIA,2022,10,15.4,16.803779741227558,1,18.007558684270926,16.01641738704602
00-0033251,2022_10_WAS_PHI,2022,10,2.0,4.411974297363143,1,4.409113352335121,4.7569713385467995
00-0033282,2022_10_WAS_PHI,2022,10,6.0,12.331799914205858,1,12.388515621484691,11.980137498420506
00-0033466,2022_10_MIN_BUF,2022,10,9.5,7.712028284503193,1,7.99393470619794,7.756857690260199
00-0033555,2022_10_IND_LV,2022,10,3.8,10.793337674993188,1,9.931343265245705,10.611489335631456
00-0033591,2022_10_DAL_GB,2022,10,1.3,9.637299607329206,1,10.03865605971974,9.508784139181936
00-0033681,2022_10_IND_LV,2022,10,0.0,5.908839265704851,1,5.6926761506386026,6.130702824220762
00-0033857,2022_10_JAX_KC,2022,10,5.300000000000001,10.427672869861105,1,8.74810683858136,10.30896526853688
00-0033891,2022_10_JAX_KC,2022,10,14.8,13.85117745618244,1,13.547897684546212,13.379984243353944
00-0033908,2022_10_ARI_LA,2022,10,2.9,17.566237156074102,1,15.412613323557146,16.839655651012574
00-0033921,2022_10_SEA_TB,2022,10,19.1,15.304608761749195,1,14.537516940062236,14.723613372637333
00-0033932,2022_10_HOU_NYG,2022,10,0.0,3.2073278024457563,1,3.167557518888223,3.659348974421652
00-0034272,2022_10_JAX_KC,2022,10,15.0,10.245095754838864,1,9.989716220613484,10.088255729210978
00-0034279,2022_10_DET_CHI,2022,10,0.9,6.029248924229071,1,6.1205694769464465,6.228866215699319
00-0034348,2022_10_DEN_TEN,2022,10,12.6,12.29597898497125,1,12.31411834234261,11.948923756705485
00-0034386,2022_10_JAX_KC,2022,10,2.2,8.228209024858378,1,7.110529523184353,8.280985958248717
00-0034487,2022_10_CLE_MIA,2022,10,16.3,5.597318227361574,1,6.545213115922702,5.80224368995881
00-0034521,2022_10_DAL_GB,2022,10,7.5,14.265098862427223,1,13.856749806070855,13.761608046095418
00-0034764,2022_10_DAL_GB,2022,10,7.5,9.12477836117045,1,8.551030820050116,9.078268303820742
00-0034775,2022_10_JAX_KC,2022,10,31.5,16.14875288856385,1,15.079480332430691,15.505232006727622
00-0034827,2022_10_ATL_CAR,2022,10,6.9,13.925602740503177,1,11.884791116203996,13.513936308875929
00-0034860,2022_10_DET_CHI,2022,10,2.7,4.803053656423506,1,5.428338995862918,5.089882662603721
00-0034928,2022_10_NO_PIT,2022,10,2.7,3.9182814413517253,1,3.628310009285114,4.317478996198359
00-0035208,2022_10_ATL_CAR,2022,10,5.4,7.865427747410264,1,9.07708925349204,7.861462768282388
00-0035216,2022_10_NO_PIT,2022,10,10.3,13.701878673206886,1,12.869837807055893,13.263876526244545
00-0035535,2022_10_HOU_NYG,2022,10,18.5,8.677341470213667,1,9.062526929118494,8.633607973602796
00-0035544,2022_10_DET_CHI,2022,10,5.4,5.112038512116195,1,6.259863496265032,5.351912001599774
00-0035639,2022_10_IND_LV,2022,10,20.6,11.12349281546936,1,10.62816919816933,10.898758142389475
00-0035640,2022_10_SEA_TB,2022,10,13.1,16.205986293396812,1,13.221604344268622,15.630250149853907
00-0035659,2022_10_WAS_PHI,2022,10,20.8,14.417531863090376,1,12.247665816497788,13.96764006020742
00-0035676,2022_10_WAS_PHI,2022,10,1.7000000000000002,17.0018524935807,1,15.943425869382594,16.28312121715115
00-0035719,2022_10_LAC_SF,2022,10,7.1000000000000005,14.73555383253443,1,14.832591218876283,14.171602197795623
00-0035864,2022_10_DEN_TEN,2022,10,10.2,8.043238680358995,1,7.376104900840829,8.095105960099152
00-0036165,2022_10_HOU_NYG,2022,10,6.1000000000000005,5.4852116744558295,1,6.489845774520044,5.69780947783013
00-0036182,2022_10_DEN_TEN,2022,10,28.9,7.092941850388095,1,7.0965730054075715,7.202630160069477
00-0036196,2022_10_MIN_BUF,2022,10,21.3,7.189498143706527,1,7.458648981913336,7.280626862382627
00-0036233,2022_10_CLE_MIA,2022,10,14.9,10.291241169829798,1,9.45271023949799,10.152523695572096
00-0036252,2022_10_IND_LV,2022,10,12.3,16.37480169561534,1,14.94809061648915,15.72504932050278
00-0036261,2022_10_LAC_SF,2022,10,12.4,15.570165203029847,1,14.54054300535616,14.975866437836
00-0036268,2022_10_ATL_CAR,2022,10,14.9,5.1518598368543715,1,6.273906771018764,5.389221823435964
00-0036271,2022_10_WAS_PHI,2022,10,10.0,5.5612066671263145,1,6.5749068228431655,5.766796733848082
00-0036309,2022_10_DET_CHI,2022,10,9.7,13.174623581180871,1,12.045655878425194,12.794137786735446
00-0036322,2022_10_MIN_BUF,2022,10,35.3,16.440961793903284,1,15.74989854432,15.757442992809375
00-0036345,2022_10_MIN_BUF,2022,10,7.7,8.288363557763349,1,8.578850454876907,8.282334839626717
00-0036358,2022_10_DAL_GB,2022,10,38.0,16.65388050800152,1,16.244244603979755,15.940994959404923
00-0036439,2022_10_DEN_TEN,2022,10,0.0,4.019871596251113,1,3.7540525584130857,4.4092437743288615
00-0036554,2022_10_HOU_NYG,2022,10,15.9,9.253231523948342,1,9.09016505765748,9.179846913379563
00-0036613,2022_10_CLE_MIA,2022,10,10.6,15.727589417574707,1,15.84003748308216,15.076072227422268
00-0036862,2022_10_ARI_LA,2022,10,3.4000000000000004,10.939494946529866,1,10.617351717007717,10.724309393399496
00-0036912,2022_10_WAS_PHI,2022,10,15.9,13.624956466525965,1,13.562796404933492,13.164431701243537
00-0036913,2022_10_JAX_KC,2022,10,19.0,3.47668805693755,1,3.8949194945633026,3.8876813269409896
00-0036936,2022_10_ARI_LA,2022,10,18.4,15.23976534049106,1,14.26892237940392,14.672200890351174
00-0036955,2022_10_ATL_CAR,2022,10,5.3,10.441867817863324,1,9.464179055537944,10.295233779463018
00-0036959,2022_10_LAC_SF,2022,10,0.0,8.563962337507013,1,8.254127470912167,8.556590884601782
00-0036963,2022_10_DET_CHI,2022,10,22.1,16.62195765111963,1,16.72378140093235,15.892427905705938
00-0036988,2022_10_LAC_SF,2022,10,7.4,13.042352369542758,1,13.246613228389064,12.622781192971154
00-0037238,2022_10_ATL_CAR,2022,10,14.8,11.755050328181948,1,10.611910864020718,11.499568649142995
00-0037239,2022_10_NO_PIT,2022,10,7.0,13.06338430020597,1,11.998172201498116,12.690228077809577
00-0037247,2022_10_NO_PIT,2022,10,14.5,8.74601582509081,1,8.7900592685291,8.709229604572254
00-0037257,2022_10_CLE_MIA,2022,10,5.4,5.092378401330225,1,5.6672411433876135,5.3557568000665166
00-0037300,2022_10_CLE_MIA,2022,10,0.0,4.438013237768429,1,4.525419306395661,4.7772957371947244
00-0037664,2022_10_IND_LV,2022,10,0.0,8.436216038869983,1,9.747940712049555,8.378401571321882
00-0037741,2022_10_WAS_PHI,2022,10,2.4000000000000004,6.5996978876097065,1,5.228001351075284,6.804915910875014
00-0037742,2022_10_DEN_TEN,2022,10,5.4,6.855959418360751,1,7.457015579857937,6.963714777967885
00-0038117,2022_10_HOU_NYG,2022,10,3.5,9.01354884644493,1,9.17560072620232,8.948819770918938
00-0038124,2022_10_DAL_GB,2022,10,32.7,9.880030537595951,1,9.142819439143752,9.773515526919969
00-0026293,2022_11_NYJ_NE,2022,11,0.0,2.4996996608063062,1,2.9063094824460096,2.996795137279574
00-0027942,2022_11_SF_ARI,2022,11,10.0,7.885107603824311,1,7.351798004416095,7.945752179843886
00-0028002,2022_11_TEN_GB,2022,11,13.3,5.678549705662908,1,6.672006411884927,5.874620921146425
00-0030035,2022_11_DAL_MIN,2022,11,4.5,12.930754227854198,1,12.829885738622592,12.53256724253118
00-0030279,2022_11_KC_LAC,2022,11,12.4,9.30920563767213,1,7.968292402276147,9.275689151802032
00-0030431,2022_11_TEN_GB,2022,11,12.9,8.740969317806139,1,9.53493052187199,8.676117454517705
00-0030564,2022_11_SF_ARI,2022,11,18.1,17.089188128721815,1,13.60921910399914,16.45485432846971
00-0031236,2022_11_WAS_HOU,2022,11,10.0,13.965278704823229,1,12.654299747811685,13.522388987009808
00-0031325,2022_11_TEN_GB,2022,11,0.0,4.307571962938861,1,4.515188895740846,4.65372148154448
00-0031381,2022_11_LV_DEN,2022,11,33.1,18.219609787105775,1,17.85100203182004,17.367884506608462
00-0031382,2022_11_LA_NO,2022,11,12.3,7.438670906223463,1,8.90735264298786,7.462352503604818
00-0031428,2022_11_LA_NO,2022,11,14.7,9.76540581917672,1,8.569634408832947,9.686373039418354
00-0031544,2022_11_CLE_BUF,2022,11,31.3,16.16848057668443,1,15.26869269317471,15.516787053293186
00-0031547,2022_11_NYJ_NE,2022,11,3.9,5.702705904184849,1,6.166544660008271,5.916792569060996
00-0031549,2022_11_NYJ_NE,2022,11,3.8,7.336040930819108,1,7.277717524552348,7.426769995329805
00-0031588,2022_11_CLE_BUF,2022,11,14.8,16.866859417946564,1,15.869933184732927,16.157626131202623
00-0031763,2022_11_KC_LAC,2022,11,6.300000000000001,10.921628905817999,1,10.97999407549316,10.693544791675016
00-0031868,2022_11_CHI_ATL,2022,11,4.9,6.528308210946377,1,6.9357103157349,6.672153136189092
00-0032398,2022_11_WAS_HOU,2022,11,7.300000000000001,7.253657199796374,1,6.703206031382328,7.370317735228564
00-0032464,2022_11_DET_NYG,2022,11,7.0,8.998776024167833,1,8.519945519312763,8.959705333130616
00-0032775,2022_11_CAR_BAL,2022,11,21.8,8.687043386641637,1,8.960911757331715,8.646690962341369
00-0033009,2022_11_CIN_PIT,2022,11,6.2,10.024235711134647,1,10.117778571779493,9.873495978733262
00-0033251,2022_11_PHI_IND,2022,11,1.9,4.807195902779233,1,4.76553425013194,5.119015703225164
00-0033282,2022_11_WAS_HOU,2022,11,9.8,12.396532134949252,1,13.074173802554888,12.015589636513836
00-0033307,2022_11_NYJ_NE,2022,11,1.8,4.088845070785771,1,4.303782373992182,4.453893847091396
00-0033466,2022_11_CLE_BUF,2022,11,0.0,6.633077711384268,1,7.180581813786893,6.762410678983008
00-0033555,2022_11_LV_DEN,2022,11,11.2,9.510572116344637,1,8.609310087744364,9.442686882816918
00-0033591,2022_11_DAL_MIN,2022,11,6.2,10.875641568839244,1,11.361342863801667,10.635344358152828
00-0033681,2022_11_LV_DEN,2022,11,3.1,4.427501179321536,1,5.106800420246607,4.745204546658595
00-0033932,2022_11_DET_NYG,2022,11,4.9,3.655922496546091,1,3.144050308484153,4.086558718313175
00-0034272,2022_11_KC_LAC,2022,11,2.8,9.369000097967117,1,8.955603828215821,9.294981410816906
00-0034279,2022_11_CHI_ATL,2022,11,4.4,8.908653420013925,1,8.681790883225593,8.86790594282691
00-0034348,2022_11_LV_DEN,2022,11,13.0,13.604169145013104,1,11.975294670771994,13.20502559197006
00-0034386,2022_11_KC_LAC,2022,11,9.7,10.288166293170582,1,9.402843289954667,10.151497217851032
00-0034521,2022_11_TEN_GB,2022,11,10.7,13.051709585008856,1,12.2968309352241,12.66777965792678
00-0034764,2022_11_DAL_MIN,2022,11,7.1000000000000005,8.334352107769252,1,7.839420707841386,8.354148867315086
00-0034777,2022_11_DET_NYG,2022,11,0.0,5.192798990354525,1,7.19554301709771,5.393091828331937
00-0034827,2022_11_CAR_BAL,2022,11,5.4,13.427767574640987,1,12.184763586491504,13.029421702741384
00-0034928,2022_11_CIN_PIT,2022,11,-0.3,4.78225381394904,1,5.355525619956219,5.072883802756947
00-0034960,2022_11_NYJ_NE,2022,11,9.2,14.879482852230982,1,14.37992873724775,14.32559122109726
00-0035208,2022_11_CHI_ATL,2022,11,3.2,8.607716494572962,1,8.265153449664925,8.597752924809791
00-0035216,2022_11_CIN_PIT,2022,11,6.2,14.226990748577844,1,12.694162491596796,13.769588233463546
00-0035341,2022_11_CIN_PIT,2022,11,13.2,7.26454299150611,1,6.024488730017121,7.4064643317629475
00-0035500,2022_11_SF_ARI,2022,11,19.3,10.28077086172924,1,10.534355686148997,10.101454642073524
00-0035535,2022_11_DET_NYG,2022,11,13.6,10.327488559284994,1,9.801181675625472,10.17372379391348
00-0035639,2022_11_PHI_IND,2022,11,11.7,12.184724650109366,1,11.494270378614496,11.874361156365236
00-0035645,2022_11_CIN_PIT,2022,11,5.9,3.19268199065484,1,3.6611272204864194,3.626667474601279
00-0035659,2022_11_WAS_HOU,2022,11,9.6,15.446132571566226,1,15.336896985407565,14.827720261335426
00-0035676,2022_11_PHI_IND,2022,11,9.0,17.021908588323463,1,16.158622662987263,16.29400056290695
00-0035719,2022_11_SF_ARI,2022,11,22.4,11.924432533538864,1,12.071476011477936,11.605053475651406
00-0035864,2022_11_LV_DEN,2022,11,8.7,7.748339668680522,1,7.355218730285547,7.815646517349833
00-0036165,2022_11_DET_NYG,2022,11,3.9,6.283065710243488,1,7.490784624244581,6.417988983570686
00-0036182,2022_11_TEN_GB,2022,11,4.800000000000001,7.636313712366988,1,7.675791023895902,7.696997560493315
00-0036196,2022_11_CLE_BUF,2022,11,11.8,9.94678972022479,1,9.845343931824656,9.810252789267988
00-0036219,2022_11_LA_NO,2022,11,1.6,6.316524141399455,1,6.822080743213154,6.475206533648505
00-0036233,2022_11_CLE_BUF,2022,11,17.1,11.786581307994684,1,8.74640094483367,11.600451031574702
00-0036252,2022_11_PHI_IND,2022,11,13.5,16.899546892762565,1,15.746938154871405,16.193365900545857
00-0036255,2022_11_NYJ_NE,2022,11,5.5,7.882690967574209,1,7.712495682917985,7.92974364515931
00-0036259,2022_11_SF_ARI,2022,11,0.0,4.766936633091798,1,4.398518905909182,5.094707913163291
00-0036261,2022_11_SF_ARI,2022,11,16.0,15.005231164184831,1,13.923726625895496,14.46243700484073
00-0036271,2022_11_PHI_IND,2022,11,11.1,6.467308907580886,1,6.7681022572208756,6.620554861101172
00-0036309,2022_11_CHI_ATL,2022,11,12.9,13.49674138271414,1,13.028679192409392,13.06288862480471
00-0036322,2022_11_DAL_MIN,2022,11,6.300000000000001,19.70563504337909,1,16.407622999363312,18.834979259262575
00-0036326,2022_11_CHI_ATL,2022,11,3.1,10.109539624144398,1,8.591744494424589,10.012575598821648
00-0036331,2022_11_CAR_BAL,2022,11,1.7000000000000002,11.251270690660958,1,11.226960328100196,10.997427145478632
00-0036345,2022_11_DAL_MIN,2022,11,3.7,9.370566406920258,1,9.03724114129794,9.293366491076648
00-0036358,2022_11_DAL_MIN,2022,11,9.5,15.842170161299402,1,13.44485406385882,15.276015398826022
00-0036410,2022_11_CIN_PIT,2022,11,23.8,13.839444888167558,1,13.363047309173275,13.375861434123966
00-0036415,2022_11_LA_NO,2022,11,7.1000000000000005,9.570174022131713,1,7.811209333468246,9.529668562962629
00-0036527,2022_11_LV_DEN,2022,11,0.0,3.123091950887094,1,3.547292471083448,3.564860913794691
00-0036554,2022_11_WAS_HOU,2022,11,9.8,12.211718469925698,1,11.294923402542643,11.90759255282634
00-0036572,2022_11_CAR_BAL,2022,11,4.6,5.398171792990893,1,5.196129783611132,5.664272852273644
00-0036862,2022_11_LA_NO,2022,11,1.4,10.39977730314372,1,10.223103762002944,10.226383098235514
00-0036912,2022_11_PHI_IND,2022,11,13.8,15.354008296840883,1,15.676339207703943,14.727267268042148
00-0036955,2022_11_CAR_BAL,2022,11,10.6,10.570906995416134,1,10.634528871296448,10.373373651360565
00-0036963,2022_11_DET_NYG,2022,11,15.0,16.98684475132047,1,17.079069949432597,16.22568731516474
00-0036980,2022_11_NYJ_NE,2022,11,3.7,6.612059366932022,1,7.770100779003945,6.720025616270188
00-0036988,2022_11_KC_LAC,2022,11,30.6,13.959682951995768,1,13.097312980748653,13.500229995980984
00-0037238,2022_11_CHI_ATL,2022,11,7.2,12.698059258529485,1,11.43951445293036,12.364283552963087
00-0037239,2022_11_LA_NO,2022,11,21.200000000000003,10.373556768567184,1,10.368215783710516,10.195948324159485
00-0037247,2022_11_CIN_PIT,2022,11,18.3,10.167497579833809,1,10.955142926861456,9.977810636154931
00-0037257,2022_11_CLE_BUF,2022,11,6.2,6.339267305400069,1,6.383214740415792,6.513503686396014
00-0037382,2022_11_LV_DEN,2022,11,1.2,3.799076742966016,1,4.47258585637675,4.172099234003185
00-0037545,2022_11_LA_NO,2022,11,1.8,4.818436640120521,1,5.408798701474609,5.10524450450977
00-0037664,2022_11_PHI_IND,2022,11,5.800000000000001,9.380502271213564,1,10.416358253296105,9.2503817972545
00-0037740,2022_11_NYJ_NE,2022,11,3.2,14.193341516082457,1,12.970823355582096,13.727092866255436
00-0037741,2022_11_WAS_HOU,2022,11,2.6,7.828345298423049,1,8.52876806519867,7.847066366836598
00-0037742,2022_11_TEN_GB,2022,11,18.1,5.55334176920312,1,6.640767711646047,5.7568187301322675
00-0038090,2022_11_KC_LAC,2022,11,11.3,5.333972122190552,1,4.834412479925475,5.61701220928738
00-0038117,2022_11_DET_NYG,2022,11,19.4,7.929773603349755,1,9.341573403261444,7.912558653054441
00-0038124,2022_11_TEN_GB,2022,11,21.1,13.152989174452122,1,11.456419647863031,12.795977615417932
00-0027942,2022_12_LAC_ARI,2022,12,1.5,5.74243090621656,1,6.621216324535099,5.937260371340422
00-0027944,2022_12_TB_CLE,2022,12,8.5,7.015194813512674,1,7.418639452637678,7.116500927067598
00-0028002,2022_12_GB_PHI,2022,12,9.9,5.7849630849617535,1,6.694040610678478,5.974911858812004
00-0029293,2022_12_BAL_JAX,2022,12,11.2,6.428298331863564,1,7.85397758357669,6.542202137645564
00-0030035,2022_12_NE_MIN,2022,12,21.1,11.599369078562193,1,10.16773748449956,11.36850424695935
00-0030068,2022_12_LV_SEA,2022,12,8.5,4.893322746811954,1,5.039912431862659,5.190434744547641
00-0030279,2022_12_LAC_ARI,2022,12,15.9,15.205437851272274,1,13.34007387336932,14.674888368322517
00-0030431,2022_12_CIN_TEN,2022,12,3.6,10.66881677337197,1,11.407845025972724,10.437023331970124
00-0030564,2022_12_LAC_ARI,2022,12,18.700000000000003,18.90638004684675,1,17.707400419888558,18.026006679983116
00-0031236,2022_12_HOU_MIA,2022,12,11.1,12.315544013850767,1,11.838986156072943,11.985579268514956
00-0031381,2022_12_LV_SEA,2022,12,14.4,20.56609749730864,1,19.37927713247076,19.53974115172598
00-0031382,2022_12_NO_SF,2022,12,4.0,7.183734475582167,1,8.49296296320786,7.235830007636624
00-0031408,2022_12_TB_CLE,2022,12,5.1,14.846909499479679,1,12.939217473283716,14.349404173573925
00-0031544,2022_12_TB_CLE,2022,12,16.4,15.258934067432621,1,14.169174417735729,14.694209557050671
00-0031547,2022_12_NE_MIN,2022,12,12.0,9.579497212863027,1,8.515352489618818,9.511760745933708
00-0031549,2022_12_NE_MIN,2022,12,18.5,9.42194522418684,1,8.618941507743624,9.35809533331909
00-0031588,2022_12_BUF_DET,2022,12,21.7,19.6374521570171,1,19.652021060427632,18.646846806805215
00-0031763,2022_12_LAC_ARI,2022,12,20.3,9.402296314771581,1,9.827415670635236,9.2934821243243
00-0032208,2022_12_HOU_MIA,2022,12,1.5,5.217157297737609,1,5.45116790518188,5.4825528174751454
00-0032211,2022_12_LV_SEA,2022,12,15.8,14.639623948360374,1,13.76672700531926,14.12095529276348
00-0032398,2022_12_HOU_MIA,2022,12,2.7,6.920352713866077,1,7.81856076622364,7.011165972704501
00-0032464,2022_12_BUF_DET,2022,12,7.5,10.46616191779869,1,11.09363575227822,10.256377592712187
00-0032688,2022_12_LAC_ARI,2022,12,2.7,4.698480885046259,1,5.984172883703292,4.969373277470215
00-0032775,2022_12_BAL_JAX,2022,12,2.7,7.573594660722591,1,6.5619933657625396,7.679734326131332
00-0033009,2022_12_CIN_TEN,2022,12,3.6,9.91703741890211,1,9.327831129962652,9.80165131779616
00-0033040,2022_12_HOU_MIA,2022,12,15.0,12.157989260109552,1,12.423360074086956,11.81363419859853
00-0033282,2022_12_ATL_WAS,2022,12,1.3,10.684263200575053,1,10.445083766342464,10.488301995077563
00-0033307,2022_12_NE_MIN,2022,12,5.9,6.775188680850128,1,6.529707834722863,6.922206948563396
00-0033466,2022_12_BUF_DET,2022,12,22.3,9.542488192690682,1,8.388542477444691,9.481410386618442
00-0033555,2022_12_LV_SEA,2022,12,16.3,11.071577451338191,1,9.777469569566852,10.881760384581735
00-0033591,2022_12_NYG_DAL,2022,12,0.0,7.437107450509686,1,8.765953546235737,7.466241978044625
00-0033681,2022_12_LV_SEA,2022,12,3.2,4.705025970575177,1,5.185021944143493,5.005973023139126
00-0033857,2022_12_LA_KC,2022,12,6.800000000000001,10.26526825274639,1,9.666426632243068,10.11971624758683
00-0033871,2022_12_CHI_NYJ,2022,12,1.9,7.663962653508795,1,7.37131008551084,7.734848208701161
00-0033891,2022_12_BAL_JAX,2022,12,27.5,13.356114486280363,1,13.764091255272456,12.901289010900816
00-0033921,2022_12_TB_CLE,2022,12,29.0,14.631494754393804,1,14.417278906034593,14.088499100160242
00-0034272,2022_12_LA_KC,2022,12,9.6,7.042298574789307,1,8.039066428940727,7.118673112503626
00-0034279,2022_12_CHI_NYJ,2022,12,1.7000000000000002,5.616917540532051,1,4.378139425841461,5.903250910065256
00-0034286,2022_12_NYG_DAL,2022,12,15.1,8.194709666175008,1,8.299044910565033,8.203968887908788
00-0034297,2022_12_CHI_NYJ,2022,12,9.2,3.1519706609096705,1,3.548241139907203,3.592269355646959
00-0034348,2022_12_DEN_CAR,2022,12,13.5,13.9028535545297,1,11.389769924590857,13.511135138582894
00-0034386,2022_12_LA_KC,2022,12,4.6,9.177952011082562,1,8.540006693314858,9.129220270595845
00-0034418,2022_12_HOU_MIA,2022,12,4.6,5.65766211262967,1,6.905251198809219,5.845903872994663
00-0034487,2022_12_HOU_MIA,2022,12,5.300000000000001,5.313853211725577,1,6.466194662378916,5.535860293965792
00-0034521,2022_12_GB_PHI,2022,12,4.4,13.499568523922395,1,12.005093450621356,13.104486955652222
00-0034646,2022_12_LA_KC,2022,12,2.6,6.939761516359178,1,7.6713073185758756,7.035208712292173
00-0034764,2022_12_NYG_DAL,2022,12,11.3,9.833527392815359,1,9.792149944680029,9.704637581887352
00-0034775,2022_12_BAL_JAX,2022,12,8.100000000000001,14.674716932968046,1,12.7011746181634,14.194812408416702
00-0034777,2022_12_BUF_DET,2022,12,9.6,6.216873605535821,1,6.052425735764169,6.409763368013593
00-0034827,2022_12_DEN_CAR,2022,12,20.3,12.975384903974032,1,11.448165350177144,12.627507499975897
00-0034860,2022_12_CHI_NYJ,2022,12,2.2,5.023891795745437,1,5.452896388080444,5.298819759662617
00-0034928,2022_12_PIT_IND,2022,12,2.9,5.001163873536544,1,4.94069546589211,5.296691884268235
00-0035021,2022_12_PIT_IND,2022,12,0.0,8.978757304976039,1,8.868057578185505,8.927447330570033
00-0035208,2022_12_ATL_WAS,2022,12,14.1,7.9669844336197855,1,8.499086872682186,7.979948591080015
00-0035216,2022_12_PIT_IND,2022,12,9.9,14.160374281454263,1,13.06845163425766,13.692051547425422
00-0035341,2022_12_CIN_TEN,2022,12,2.6,8.194892118403176,1,8.28300666149301,8.20475197276248
00-0035535,2022_12_NYG_DAL,2022,12,9.3,12.416127359701441,1,11.949156566166964,12.076979213388125
00-0035639,2022_12_PIT_IND,2022,12,3.4000000000000004,12.610966613505408,1,12.66594515829612,12.234893451675434
00-0035640,2022_12_LV_SEA,2022,12,20.0,16.775009458004014,1,15.065158298235025,16.1009312227596
00-0035659,2022_12_ATL_WAS,2022,12,9.3,15.311948132317275,1,14.678996557351994,14.725209902572438
00-0035662,2022_12_LAC_ARI,2022,12,10.6,16.983582315332605,1,16.334250963768262,16.250901182377014
00-0035676,2022_12_GB_PHI,2022,12,12.6,16.494732741961293,1,15.77547605623426,15.807571183435495
00-0035719,2022_12_NO_SF,2022,12,7.3,16.659537796121263,1,15.695599206657295,15.967228034577484
00-0035864,2022_12_DEN_CAR,2022,12,9.8,7.723610483908256,1,7.984592072224401,7.768219842495744
00-0036165,2022_12_NYG_DAL,2022,12,6.1,7.65849138446967,1,7.760712027681113,7.714845551497872
00-0036182,2022_12_CIN_TEN,2022,12,9.8,7.5999626865777365,1,7.744536317382504,7.659838486035936
00-0036196,2022_12_BUF_DET,2022,12,7.800000000000001,10.428781589306913,1,10.08397963670827,10.259235744553402
00-0036233,2022_12_TB_CLE,2022,12,3.6,11.265559636983866,1,10.829267308573591,11.02612475246348
00-0036252,2022_12_PIT_IND,2022,12,19.1,16.783722631077573,1,14.007421086796036,16.149421534755618
00-0036259,2022_12_NO_SF,2022,12,16.9,4.5462737161270965,1,4.830211903192193,4.868592985811522
00-0036261,2022_12_NO_SF,2022,12,11.5,15.22413649477747,1,13.55420761993934,14.684518089710776
00-0036268,2022_12_DEN_CAR,2022,12,4.1,8.549190146907614,1,8.244854923439329,8.54290482163038
00-0036271,2022_12_GB_PHI,2022,12,12.5,9.23986663770135,1,8.17075381562463,9.202097170299208
00-0036322,2022_12_NE_MIN,2022,12,29.34,17.752404520362354,1,15.370203699505304,17.018189579089757
00-0036326,2022_12_CHI_NYJ,2022,12,7.1000000000000005,8.161018354936923,1,6.961780470272709,8.222786873923972
00-0036331,2022_12_BAL_JAX,2022,12,6.9,10.297724535267482,1,10.160759041765749,10.13176861453892
00-0036345,2022_12_NE_MIN,2022,12,2.3,6.343285795792832,1,6.546979235130174,6.511097101936562
00-0036358,2022_12_NYG_DAL,2022,12,17.700000000000003,16.67188666408837,1,16.253291266802094,15.957762966306262
00-0036410,2022_12_CIN_TEN,2022,12,24.4,15.509219123099781,1,13.667266617399164,14.951144712144515
00-0036415,2022_12_LA_KC,2022,12,11.9,9.994769661302781,1,9.71925141783899,9.860643305308734
00-0036554,2022_12_HOU_MIA,2022,12,10.4,11.13345145908936,1,11.567908118415362,10.872498050876262
00-0036613,2022_12_HOU_MIA,2022,12,13.5,11.917249104034516,1,12.421608724016872,11.584916508154642
00-0036849,2022_12_LA_KC,2022,12,4.300000000000001,5.761230224425304,1,6.707059826572608,5.951862719021924
00-0036862,2022_12_LA_KC,2022,12,2.5,8.003605629595416,1,7.467831429224155,8.053954224763668
00-0036912,2022_12_GB_PHI,2022,12,9.0,14.463307271561463,1,15.517086100742628,13.88685516781034
00-0036955,2022_12_DEN_CAR,2022,12,1.8,7.482464996741573,1,7.611669314801655,7.553227025491719
00-0036963,2022_12_BUF_DET,2022,12,27.9,19.925138407694867,1,19.596945561802457,18.922339377719556
00-0036980,2022_12_CHI_NYJ,2022,12,14.0,5.704471553456646,1,5.572739186862263,5.941044035495197
00-0036988,2022_12_LAC_ARI,2022,12,10.6,15.120185052468578,1,14.849322010229525,14.536495441187554
00-0037055,2022_12_LA_KC,2022,12,0.0,3.587410590616715,1,4.62256656318796,3.9652435523764966
00-0037238,2022_12_ATL_WAS,2022,12,4.9,11.60828616958275,1,11.315958896680073,11.333328871231842
00-0037239,2022_12_NO_SF,2022,12,11.2,12.63378115787775,1,12.044147148398707,12.28021259687804
00-0037247,2022_12_PIT_IND,2022,12,10.7,11.270792848326385,1,11.87994349997356,10.991156629584578
00-0037257,2022_12_TB_CLE,2022,12,6.300000000000001,5.2149709357656135,1,5.448105899432562,5.480591438981013
00-0037382,2022_12_DEN_CAR,2022,12,9.0,3.766485856607569,1,3.833542036012609,4.165420149801069
00-0037545,2022_12_NO_SF,2022,12,7.9,4.369733746008501,1,5.578185934759739,4.672386307630347
00-0037664,2022_12_PIT_IND,2022,12,0.0,9.332659897750895,1,10.258897314004448,9.210901296368824
00-0037740,2022_12_CHI_NYJ,2022,12,26.4,13.317158317367268,1,11.61942808701058,12.945796856599149
00-0037741,2022_12_ATL_WAS,2022,12,0.0,6.652705122142186,1,6.772199721884956,6.796587970927487
00-0037742,2022_12_CIN_TEN,2022,12,11.0,8.650490626091663,1,9.271965221167177,8.600128831028021
00-0038090,2022_12_LA_KC,2022,12,8.6,6.262795266095199,1,6.488477726782859,6.4368279104807655
00-0038124,2022_12_GB_PHI,2022,12,21.0,12.662120892458182,1,11.308769714613474,12.335100254356506
00-0026189,2022_13_DEN_BAL,2022,13,3.0,4.730211418345876,1,4.366261229964183,5.061032859226471
00-0026293,2022_13_BUF_NE,2022,13,0.0,2.376280592184821,1,3.082655547517109,2.872801642266338
00-0027944,2022_13_NO_TB,2022,13,5.800000000000001,7.4225275781559485,1,7.758766882469624,7.490674369883211
00-0028002,2022_13_GB_CHI,2022,13,0.0,5.655174672456692,1,8.045753132482242,5.8001838056070545
00-0029293,2022_13_JAX_DET,2022,13,2.7,8.953752665756342,1,8.829230398764151,8.905160512303691
00-0030035,2022_13_NYJ_MIN,2022,13,4.7,13.388864028448026,1,12.1749876715675,12.9928218561682
00-0030068,2022_13_SEA_LA,2022,13,2.7,5.65422320022961,1,6.634281721573561,5.852936647376646
00-0030279,2022_13_LAC_LV,2022,13,20.8,15.762332445998803,1,15.00556211999102,15.140812377752685
00-0030431,2022_13_TEN_PHI,2022,13,1.6,11.047719475684008,1,10.57203290421444,10.828881957269182
00-0031381,2022_13_LAC_LV,2022,13,37.7,21.404189218771585,1,19.759727495439463,20.321747876302936
00-0031382,2022_13_NO_TB,2022,13,3.4000000000000004,6.486549273165526,1,7.35689289411057,6.616456825872216
00-0031408,2022_13_NO_TB,2022,13,9.9,15.70020517783991,1,13.323578312769005,15.145711123626686
00-0031544,2022_13_CLE_HOU,2022,13,8.0,17.268050803007974,1,17.428519569255094,16.47964349817193
00-0031547,2022_13_BUF_NE,2022,13,3.6,8.835974904416059,1,8.680625755903371,8.798881155577693
00-0031549,2022_13_BUF_NE,2022,13,3.7,7.13744250754969,1,8.792267467799112,7.180458983975239
00-0031588,2022_13_BUF_NE,2022,13,22.200000000000003,18.24334086757078,1,17.40884332929699,17.407245684807577
00-0031763,2022_13_LAC_LV,2022,13,2.4000000000000004,8.57528865874722,1,9.460235710104875,8.521504522680093
00-0031868,2022_13_PIT_ATL,2022,13,2.2,6.439652892553284,1,7.199933900254679,6.577856255508891
00-0032208,2022_13_CLE_HOU,2022,13,3.8,8.084916208326796,1,8.887381906301208,8.077262486389222
00-0032211,2022_13_SEA_LA,2022,13,27.8,15.482744133562319,1,13.342205247164078,14.938341753383924
00-0032398,2022_13_CLE_HOU,2022,13,7.6,6.450491083523737,1,5.480900426864727,6.653505216381394
00-0032775,2022_13_DEN_BAL,2022,13,11.1,9.570782730577063,1,9.558899769060558,9.463808619761386
00-0033009,2022_13_KC_CIN,2022,13,10.0,11.05426502883167,1,11.557619799899614,10.79763536974929
00-0033040,2022_13_MIA_SF,2022,13,29.6,18.972202128506794,1,17.814689544997336,18.08448124273064
00-0033251,2022_13_TEN_PHI,2022,13,3.6,4.655014923050396,1,5.017186668157782,4.964825931366758
00-0033282,2022_13_WAS_NYG,2022,13,14.6,9.962660886993644,1,10.038831679662916,9.817980312291796
00-0033307,2022_13_BUF_NE,2022,13,2.5,4.122392693279403,1,4.140551514185247,4.491980610934902
00-0033466,2022_13_BUF_NE,2022,13,9.4,7.034355060139794,1,8.385961601824041,7.097936883014313
00-0033555,2022_13_LAC_LV,2022,13,8.5,11.74483702186758,1,11.829973755689084,11.443557927154718
00-0033591,2022_13_IND_DAL,2022,13,3.5,10.273956716465515,1,9.8927072396393,10.119371162449996
00-0033681,2022_13_LAC_LV,2022,13,0.0,4.880113133295032,1,5.891226036036582,5.1455184888304535
00-0033857,2022_13_KC_CIN,2022,13,6.5,14.341163008669099,1,13.725024600841142,13.83890214694445
00-0033871,2022_13_NYJ_MIN,2022,13,13.5,10.29336582874221,1,9.304976039963323,10.160158950473988
00-0033891,2022_13_JAX_DET,2022,13,3.6,17.095502413228573,1,16.214125081087683,16.361829571261996
00-0033921,2022_13_NO_TB,2022,13,14.3,16.424374631982985,1,15.001233903566478,15.770140073001995
00-0033943,2022_13_JAX_DET,2022,13,4.9,11.720557678940176,1,11.802129244572455,11.421542878818158
00-0034054,2022_13_MIA_SF,2022,13,4.9,3.459698680111188,1,3.9633103150345903,3.868935818377979
00-0034272,2022_13_KC_CIN,2022,13,9.1,7.0682129418524795,1,8.582952364443688,7.122624678986014
00-0034279,2022_13_GB_CHI,2022,13,11.6,5.8126323345269375,1,6.393073672684229,6.012648222201794
00-0034286,2022_13_WAS_NYG,2022,13,5.0,6.569990210046109,1,7.9073282290803855,6.6748290425069
00-0034348,2022_13_DEN_BAL,2022,13,0.0,10.190251770808857,1,10.08502686266886,10.03251223178334
00-0034386,2022_13_KC_CIN,2022,13,2.5,6.396570980645154,1,8.05472415850009,6.504419085617618
00-0034487,2022_13_MIA_SF,2022,13,14.5,5.611234212993493,1,5.9665264217927065,5.837467329988218
00-0034521,2022_13_GB_CHI,2022,13,11.7,11.653308817238807,1,11.9665848389166,11.351382023508068
00-0034646,2022_13_SEA_LA,2022,13,12.4,5.542606972719668,1,6.451629784478317,5.753807131272348
00-0034764,2022_13_IND_DAL,2022,13,18.3,8.60274433334068,1,8.785673801349365,8.573240124158326
00-0034775,2022_13_JAX_DET,2022,13,16.4,17.842884720240484,1,18.06952979101094,17.001561423003125
00-0034777,2022_13_JAX_DET,2022,13,14.8,6.072831780374119,1,6.0280354367802875,6.273802294618472
00-0034860,2022_13_GB_CHI,2022,13,2.4000000000000004,6.172344351337854,1,6.415927663447962,6.353627052542623
00-0034928,2022_13_PIT_ATL,2022,13,1.9,4.931697880353485,1,4.039171981334289,5.2649471830026755
00-0034960,2022_13_BUF_NE,2022,13,5.2,11.041732788317695,1,10.318326793368454,10.832837220364611
00-0035208,2022_13_PIT_ATL,2022,13,3.3,10.905695565337808,1,10.598356359977329,10.692910700405127
00-0035216,2022_13_PIT_ATL,2022,13,11.0,15.164505161886401,1,13.904026867519468,14.614549857535224
00-0035535,2022_13_WAS_NYG,2022,13,15.0,11.830537133064956,1,10.712124036425529,11.567496947792185
00-0035639,2022_13_IND_DAL,2022,13,8.5,10.947040571350447,1,11.029534297293749,10.71581116597128
00-0035640,2022_13_SEA_LA,2022,13,26.700000000000003,16.54226024193447,1,13.851530915516472,15.925877064125416
00-0035659,2022_13_WAS_NYG,2022,13,24.5,15.2512504917896,1,13.999110862504873,14.693372534211932
00-0035676,2022_13_TEN_PHI,2022,13,31.9,16.502211397739693,1,14.656178171363951,15.857228515942154
00-0035719,2022_13_MIA_SF,2022,13,12.3,16.030653371699323,1,14.660458571826547,15.40892677583524
00-0035864,2022_13_DEN_BAL,2022,13,2.1,10.008895371161389,1,10.758811127345703,9.83454864529786
00-0036165,2022_13_WAS_NYG,2022,13,15.4,8.828848371205185,1,8.892111034696619,8.784068938499793
00-0036182,2022_13_TEN_PHI,2022,13,1.4,8.88469348016022,1,7.645842431672818,8.884517488695959
00-0036196,2022_13_BUF_NE,2022,13,9.5,8.474889716772047,1,9.001882303669499,8.443515994140027
00-0036233,2022_13_CLE_HOU,2022,13,13.4,11.314188903249834,1,11.377530477921864,11.051496726724592
00-0036252,2022_13_IND_DAL,2022,13,3.6,16.87987835196826,1,15.157289885789895,16.197089627920633
00-0036261,2022_13_MIA_SF,2022,13,9.6,15.362411926769463,1,15.231751596944186,14.752154538403666
00-0036271,2022_13_TEN_PHI,2022,13,8.7,6.34212165150114,1,6.223961506540369,6.5222702858912065
00-0036322,2022_13_NYJ_MIN,2022,13,18.6,18.96752202815287,1,15.708944137388158,18.160083445221325
00-0036326,2022_13_GB_CHI,2022,13,5.800000000000001,8.211334355494031,1,7.244674656512189,8.259849811373487
00-0036331,2022_13_DEN_BAL,2022,13,10.3,11.49303580090664,1,10.589321110993556,11.251425308978376
00-0036345,2022_13_NYJ_MIN,2022,13,3.7,6.981378483645022,1,7.531356101361277,7.080079097525859
00-0036358,2022_13_IND_DAL,2022,13,20.4,16.52531503838295,1,16.919857910317486,15.793131013872618
00-0036407,2022_13_DEN_BAL,2022,13,10.5,9.728628381332541,1,9.090877834470286,9.63160702124755
00-0036410,2022_13_KC_CIN,2022,13,12.5,17.92749359506876,1,16.15240151688164,17.15484796166778
00-0036415,2022_13_SEA_LA,2022,13,5.9,11.714568858218714,1,10.006938274256449,11.484095634472965
00-0036554,2022_13_CLE_HOU,2022,13,12.5,11.948572213009712,1,11.578308042976664,11.64674207694124
00-0036613,2022_13_MIA_SF,2022,13,1.9,11.351978022225754,1,11.44985695307751,11.084659633471672
00-0036849,2022_13_SEA_LA,2022,13,9.1,5.350983201414873,1,5.756416249965564,5.598128509409208
00-0036862,2022_13_SEA_LA,2022,13,5.0,10.787041009425021,1,9.80524655844993,10.610298945722446
00-0036900,2022_13_KC_CIN,2022,13,16.700000000000003,17.0846448015867,1,14.837394525269064,16.40384756961994
00-0036912,2022_13_TEN_PHI,2022,13,21.200000000000003,14.86775363294962,1,13.729577941383232,14.339167584633918
00-0036963,2022_13_JAX_DET,2022,13,34.6,20.535907964462304,1,19.238901093125843,19.516387315547945
00-0036980,2022_13_NYJ_MIN,2022,13,3.7,9.004334971830826,1,9.463672067653857,8.929112458326035
00-0036988,2022_13_LAC_LV,2022,13,13.0,15.18758387087831,1,15.356643648983912,14.581261206135949
00-0037238,2022_13_PIT_ATL,2022,13,15.5,12.786407286583698,1,11.818960113556177,12.433819329183216
00-0037239,2022_13_NO_TB,2022,13,10.5,12.624470943542493,1,11.561482169596406,12.289713256818434
00-0037247,2022_13_PIT_ATL,2022,13,1.2,10.259526428441568,1,11.168669230382797,10.057151853646566
00-0037545,2022_13_NO_TB,2022,13,11.5,6.597762535142374,1,7.5916048178104845,6.713224329456931
00-0037664,2022_13_IND_DAL,2022,13,18.6,8.649358234881872,1,9.356711146696568,8.595831062932158
00-0037740,2022_13_NYJ_MIN,2022,13,24.2,16.169506871359836,1,14.951801809086012,15.52980898046956
00-0037741,2022_13_WAS_NYG,2022,13,16.4,8.053854963397532,1,8.261105860315729,8.071551710252603
00-0038090,2022_13_KC_CIN,2022,13,1.2000000000000002,6.828043696473164,1,6.190288796706885,6.985340032204293
00-0038104,2022_13_BUF_NE,2022,13,5.1,5.586332096801907,1,4.292835470779574,5.877427260821042
00-0038124,2022_13_GB_CHI,2022,13,24.4,14.088964804336364,1,12.47110383517648,13.64689664818406
00-0026293,2022_14_NE_ARI,2022,14,0.0,3.196417590649075,1,3.703001273100001,3.628625711964659
00-0027942,2022_14_NE_ARI,2022,14,1.7000000000000002,4.820914527700785,1,5.616794334636758,5.099692382303182
00-0027944,2022_14_TB_SF,2022,14,8.8,7.737776161767721,1,7.849436508203747,7.786819946125661
00-0029293,2022_14_JAX_TEN,2022,14,3.2,5.81514760869778,1,5.629109600647027,6.044080661043471
00-0030035,2022_14_MIN_DET,2022,14,19.5,13.651255180730152,1,13.949391568761513,13.174727932952898
00-0030068,2022_14_CAR_SEA,2022,14,20.3,8.051269907109207,1,8.832264872040257,8.047382435880367
00-0030279,2022_14_MIA_LAC,2022,14,21.200000000000003,16.330938345298115,1,15.630382142946116,15.657427057080866
00-0030431,2022_14_JAX_TEN,2022,14,9.9,11.031934244822338,1,9.604546228180272,10.850659658028963
00-0030564,2022_14_NE_ARI,2022,14,12.9,17.885513227195986,1,14.868305743834236,17.163767344847344
00-0031381,2022_14_LV_LA,2022,14,10.1,20.425416596319494,1,19.156287199706963,19.41452385039436
00-0031408,2022_14_TB_SF,2022,14,8.4,14.77115844113749,1,12.331327209095418,14.300524080858484
00-0031544,2022_14_CLE_CIN,2022,14,6.2,16.772744684668346,1,16.486115953641296,16.044761244541846
00-0031549,2022_14_NE_ARI,2022,14,8.2,10.299675680188859,1,10.249550632363908,10.13024744890806
00-0031588,2022_14_NYJ_BUF,2022,14,6.7,17.73272678420137,1,16.11022978819015,16.971357020318894
00-0032128,2022_14_JAX_TEN,2022,14,3.7,4.258630164008078,1,4.398996275511703,4.61162734157489
00-0032208,2022_14_HOU_DAL,2022,14,3.8,9.134836574517854,1,8.856519643204344,9.076213843444757
00-0032211,2022_14_CAR_SEA,2022,14,17.0,16.037398081786662,1,14.766650436355649,15.411299641240928
00-0032398,2022_14_HOU_DAL,2022,14,22.4,9.455272480101684,1,9.49266408861728,9.35655290775136
00-0032688,2022_14_NE_ARI,2022,14,9.0,4.6146053179028454,1,5.938031386398099,4.891417294216411
00-0032775,2022_14_BAL_PIT,2022,14,10.2,7.406071010647548,1,6.882479339750946,7.508347141157719
00-0033040,2022_14_MIA_LAC,2022,14,18.1,18.11140242286431,1,15.567431122459023,17.351860957235203
00-0033292,2022_14_CLE_CIN,2022,14,4.4,11.253379113027393,1,8.870584737244306,11.089008434043327
00-0033307,2022_14_NE_ARI,2022,14,9.7,6.951679372932535,1,6.877555389124028,7.076709157585464
00-0033466,2022_14_NYJ_BUF,2022,14,5.800000000000001,6.704919706632765,1,8.345772124233116,6.786390093054027
00-0033536,2022_14_MIA_LAC,2022,14,23.6,13.25140119930242,1,12.08664999260594,12.865544004375598
00-0033555,2022_14_LV_LA,2022,14,8.2,13.235747544849126,1,11.676549117060343,12.866257735604751
00-0033591,2022_14_HOU_DAL,2022,14,12.5,8.268185856959342,1,9.084928590711044,8.243920673311958
00-0033681,2022_14_LV_LA,2022,14,2.1,4.141109990171141,1,4.5679464434333115,4.493520939197153
00-0033857,2022_14_KC_DEN,2022,14,22.4,13.103242701636233,1,10.610899991932978,12.780844118618012
00-0033891,2022_14_JAX_TEN,2022,14,21.7,14.248683759007795,1,12.817541428054922,13.78551365492982
00-0033921,2022_14_TB_SF,2022,14,10.4,16.260890764794013,1,15.807657452559312,15.584119134601234
00-0033943,2022_14_MIN_DET,2022,14,16.1,9.098535898101579,1,9.438555048088466,9.019589903252262
00-0034272,2022_14_KC_DEN,2022,14,3.0,7.184388183060769,1,8.121374641174071,7.250577173575783
00-0034286,2022_14_PHI_NYG,2022,14,19.1,9.509791582735273,1,9.3412620736703,9.414119970939684
00-0034386,2022_14_KC_DEN,2022,14,0.0,6.115168389284882,1,7.269549053330282,6.266840220398147
00-0034407,2022_14_TB_SF,2022,14,2.8,4.872409847203578,1,4.278052012227018,5.199522553640954
00-0034418,2022_14_MIA_LAC,2022,14,3.9,6.259528991070704,1,5.700102059340665,6.463693935810429
00-0034487,2022_14_MIA_LAC,2022,14,1.7000000000000002,6.702207171473233,1,7.678388360946386,6.8091828527235805
00-0034764,2022_14_HOU_DAL,2022,14,6.0,11.319848610769524,1,10.917620086621971,11.074358841440748
00-0034775,2022_14_JAX_TEN,2022,14,9.5,16.188195440321564,1,14.262281606262874,15.57378151672424
00-0034777,2022_14_MIN_DET,2022,14,21.4,6.85431543998882,1,6.898394477870194,6.983388415979604
00-0034827,2022_14_CAR_SEA,2022,14,0.6000000000000001,13.614463934642718,1,12.473640788043936,13.19586449211684
00-0034928,2022_14_BAL_PIT,2022,14,7.1,5.570119701217269,1,6.290025341882348,5.786096884082131
00-0035216,2022_14_BAL_PIT,2022,14,14.2,14.053456842439815,1,13.34451170813898,13.579949534621443
00-0035341,2022_14_CLE_CIN,2022,14,13.8,8.55669540477861,1,8.43282343906297,8.542891725743708
00-0035535,2022_14_PHI_NYG,2022,14,6.2,13.736057308918323,1,12.299455742274247,13.318040811205254
00-0035640,2022_14_CAR_SEA,2022,14,18.1,17.45393228828209,1,14.300017583944864,16.77522349198035
00-0035645,2022_14_BAL_PIT,2022,14,1.7000000000000002,4.282831583641217,1,5.412692023401642,4.596091219005688
00-0035662,2022_14_NE_ARI,2022,14,7.4,16.080047025158528,1,14.397535065048643,15.465862422799384
00-0035676,2022_14_PHI_NYG,2022,14,17.0,16.763788397223543,1,14.348785112939192,16.117500348080227
00-0035719,2022_14_TB_SF,2022,14,14.4,11.938487830751638,1,11.485201470245473,11.640697960499862
00-0035864,2022_14_KC_DEN,2022,14,8.8,9.268451353443574,1,10.271461170520473,9.149403928803618
00-0036165,2022_14_PHI_NYG,2022,14,15.8,10.438920039381827,1,9.182804901655038,10.303128830160665
00-0036182,2022_14_JAX_TEN,2022,14,11.3,8.751825222451101,1,8.13195836993641,8.739768183743955
00-0036196,2022_14_NYJ_BUF,2022,14,6.1,7.968955543991759,1,8.618369683450132,7.97728727615344
00-0036233,2022_14_CLE_CIN,2022,14,19.4,10.098152327630103,1,10.183847106137238,9.941230077142194
00-0036255,2022_14_NYJ_BUF,2022,14,6.5,6.533343040637296,1,6.739293750136268,6.684404693234905
00-0036259,2022_14_TB_SF,2022,14,1.5,4.701227153770239,1,4.319042205847226,5.035283071728177
00-0036261,2022_14_TB_SF,2022,14,13.7,14.432501744847718,1,14.102326015110226,13.91136161711842
00-0036271,2022_14_PHI_NYG,2022,14,5.9,5.789275608342092,1,6.208734066548153,5.997459128954664
00-0036322,2022_14_MIN_DET,2022,14,33.3,19.779754979778012,1,17.981794188512797,18.845576084051626
00-0036331,2022_14_BAL_PIT,2022,14,0.0,7.8976662904213715,1,8.456632736179506,7.9156868908818065
00-0036345,2022_14_MIN_DET,2022,14,14.8,8.987821024991277,1,8.05760747926941,8.966870165024362
00-0036358,2022_14_HOU_DAL,2022,14,8.3,17.610554424394323,1,16.390951162957084,16.844580493197803
00-0036407,2022_14_KC_DEN,2022,14,33.3,15.066413015725134,1,14.037768623995344,14.516245075055632
00-0036415,2022_14_LV_LA,2022,14,12.4,11.35093886688328,1,9.765386054202777,11.147707217495077
00-0036527,2022_14_LV_LA,2022,14,0.6000000000000001,3.9330490953464867,1,4.587219435846326,4.295060318521348
00-0036613,2022_14_MIA_LAC,2022,14,5.1,16.816310324885166,1,15.697158907661308,16.116155470910723
00-0036849,2022_14_LV_LA,2022,14,9.5,8.64822314678367,1,9.113688346073667,8.603990854274173
00-0036862,2022_14_LV_LA,2022,14,15.9,11.313133907375493,1,10.425466336271676,11.086686826842124
00-0036900,2022_14_CLE_CIN,2022,14,28.5,17.19363157937874,1,15.06865947512683,16.498630199644097
00-0036912,2022_14_PHI_NYG,2022,14,17.4,15.294316738872618,1,14.204858051896212,14.726478504722335
00-0036955,2022_14_CAR_SEA,2022,14,2.8,9.700637217416299,1,10.146529339825006,9.564875410126549
00-0036963,2022_14_MIN_DET,2022,14,13.4,21.411817277483934,1,20.88875658168789,20.28607708146533
00-0036980,2022_14_NYJ_BUF,2022,14,12.0,10.020739413789679,1,10.991280414390772,9.836967160878864
00-0036988,2022_14_MIA_LAC,2022,14,9.3,15.116783953546792,1,14.8984669452887,14.53139500733229
00-0036991,2022_14_HOU_DAL,2022,14,16.0,4.552018671290506,1,5.6329540611197375,4.84353639994451
00-0037247,2022_14_BAL_PIT,2022,14,10.8,10.351370262216099,1,10.653283693008373,10.164026815583986
00-0037257,2022_14_CLE_CIN,2022,14,5.7,6.261717932132667,1,6.169894770483593,6.447915005708648
00-0037382,2022_14_KC_DEN,2022,14,0.0,4.707512807205642,1,5.637598668484785,4.991131659643287
00-0037740,2022_14_NYJ_BUF,2022,14,13.8,15.439298044197665,1,14.570421230213007,14.850362719800248
00-0038090,2022_14_KC_DEN,2022,14,1.7000000000000002,5.993669187044035,1,5.8256298876420605,6.206265599765973
00-0038104,2022_14_NE_ARI,2022,14,6.800000000000001,10.02124121388726,1,9.312040596292272,9.901280312365907
00-0027942,2022_15_ARI_DEN,2022,15,0.0,3.6711213809685646,1,4.74278590735332,4.040226874102734
00-0028002,2022_15_LA_GB,2022,15,6.2,5.045861969542802,1,4.367083856772776,5.360975972214015
00-0029293,2022_15_DAL_JAX,2022,15,9.7,6.5796665155510565,1,6.140621222529491,6.751186129207772
00-0030035,2022_15_IND_MIN,2022,15,13.1,13.904418351725097,1,13.412265332988042,13.43573709562384
00-0030068,2022_15_SF_SEA,2022,15,3.0,6.963181368007125,1,8.175261501050263,7.0383076534719
00-0030279,2022_15_TEN_LAC,2022,15,16.6,17.592257147284194,1,16.366845906239803,16.828108275411783
00-0030431,2022_15_TEN_LAC,2022,15,3.2,11.960890837038983,1,11.51132523593982,11.660995270885785
00-0030564,2022_15_ARI_DEN,2022,15,13.0,17.048363378752093,1,15.692593942114508,16.336857601681803
00-0031381,2022_15_NE_LV,2022,15,6.800000000000001,20.810137710788183,1,19.685937536926748,19.760003896321965
00-0031382,2022_15_ATL_NO,2022,15,0.0,5.659334154871804,1,6.351266749044344,5.868552585701698
00-0031408,2022_15_CIN_TB,2022,15,13.3,14.882365089969493,1,13.573273178702582,14.358995315092876
00-0031544,2022_15_BAL_CLE,2022,15,9.8,13.180056587088835,1,11.789255523237443,12.809048028068624
00-0031549,2022_15_NE_LV,2022,15,1.3,10.43003949187089,1,9.953441745614205,10.265393571497844
00-0031588,2022_15_MIA_BUF,2022,15,10.7,18.115678486135273,1,15.53087735995896,17.357314248845295
00-0031868,2022_15_ATL_NO,2022,15,0.0,5.79351304211812,1,5.830208221024237,6.015875772281588
00-0032128,2022_15_TEN_LAC,2022,15,4.9,4.9406749417586475,1,5.3598033875516125,5.223274636441016
00-0032208,2022_15_KC_HOU,2022,15,0.0,10.61841696669717,1,11.35371478976711,10.391184292911042
00-0032211,2022_15_SF_SEA,2022,15,13.8,16.540068105613386,1,14.74290762031285,15.889908126120066
00-0032398,2022_15_KC_HOU,2022,15,8.2,12.707478010495947,1,12.128247477235172,12.347052367200366
00-0032688,2022_15_ARI_DEN,2022,15,0.0,3.8681935086463,1,5.204293242797461,4.209967607465413
00-0032775,2022_15_BAL_CLE,2022,15,6.9,7.969440662369205,1,8.059754493690779,7.99898404874347
00-0033009,2022_15_CIN_TB,2022,15,14.5,8.568846639583604,1,8.459655347159755,8.55341947876719
00-0033040,2022_15_MIA_BUF,2022,15,21.9,19.08665832508119,1,16.98846791816714,18.224661997284237
00-0033282,2022_15_NYG_WAS,2022,15,7.5,9.131097040567724,1,10.046049028576782,9.02744008734514
00-0033466,2022_15_MIA_BUF,2022,15,4.4,6.574834650311186,1,7.7901816588869455,6.683886217956054
00-0033536,2022_15_TEN_LAC,2022,15,10.7,16.3161220856192,1,15.04188067348249,15.665718490970722
00-0033555,2022_15_NE_LV,2022,15,14.0,12.391483505050788,1,10.798637958319482,12.097296192235618
00-0033591,2022_15_DAL_JAX,2022,15,22.9,9.01368648284377,1,9.287791064807251,8.944685658116367
00-0033857,2022_15_KC_HOU,2022,15,16.8,16.336676431545172,1,15.515511844278766,15.667246964913282
00-0033891,2022_15_DAL_JAX,2022,15,34.9,15.816118859587855,1,14.719738007854485,15.20279319313511
00-0033921,2022_15_CIN_TB,2022,15,22.3,16.713099724517555,1,17.089611733588335,15.965136552937672
00-0034272,2022_15_KC_HOU,2022,15,11.6,7.100446691290717,1,8.468052159320441,7.157625531712419
00-0034286,2022_15_NYG_WAS,2022,15,8.2,9.63849169633385,1,10.231231927302138,9.502596257185049
00-0034297,2022_15_PHI_CHI,2022,15,11.9,7.389052559758634,1,7.338319205908553,7.474845133744866
00-0034386,2022_15_KC_HOU,2022,15,0.0,6.535050624094535,1,7.740224058746312,6.647977124734698
00-0034407,2022_15_SF_SEA,2022,15,2.6,5.598670786112647,1,5.819762608544978,5.83110706487678
00-0034411,2022_15_CIN_TB,2022,15,25.9,8.102937282880589,1,8.75963279143951,8.099244959956604
00-0034419,2022_15_DET_NYJ,2022,15,2.4000000000000004,6.665200247655855,1,5.966242317716802,6.83910100713822
00-0034487,2022_15_MIA_BUF,2022,15,0.0,5.1147887072339175,1,6.105377798891648,5.360398384749388
00-0034521,2022_15_LA_GB,2022,15,1.7000000000000002,12.376261949260385,1,11.325535613855363,12.062800580027352
00-0034764,2022_15_DAL_JAX,2022,15,1.2,11.81646568003978,1,11.07773344024311,11.540225690816545
00-0034775,2022_15_DAL_JAX,2022,15,15.2,16.558537743054742,1,15.750263961896753,15.869165871509267
00-0034777,2022_15_DET_NYJ,2022,15,2.8,6.0822977903446525,1,7.008309429107569,6.245533095084575
00-0034827,2022_15_PIT_CAR,2022,15,18.3,12.617966960337776,1,11.5568891457991,12.283706884913457
00-0034860,2022_15_PHI_CHI,2022,15,2.3,7.768107992583548,1,8.376092340898985,7.795624593736849
00-0034928,2022_15_PIT_CAR,2022,15,3.9,4.720621337694051,1,5.1388213725691925,5.022550190831406
00-0034960,2022_15_NE_LV,2022,15,6.7,12.125249021673172,1,11.45747215877813,11.819238152148184
00-0034983,2022_15_NE_LV,2022,15,2.4000000000000004,6.007456594793562,1,6.207385930623679,6.204855833632484
00-0035208,2022_15_ATL_NO,2022,15,0.0,9.298877645781234,1,8.60317912176327,9.24173887185488
00-0035216,2022_15_PIT_CAR,2022,15,20.0,13.317451294434926,1,11.978304019904744,12.932432621224166
00-0035510,2022_15_DET_NYJ,2022,15,11.7,2.8786844267426637,1,4.118950299432863,3.3108598480436253
00-0035535,2022_15_NYG_WAS,2022,15,7.300000000000001,11.25905146096869,1,10.249958431181788,11.041962209095926
00-0035639,2022_15_IND_MIN,2022,15,3.3,11.597291432687593,1,11.003331445488849,11.334764693486774
00-0035640,2022_15_SF_SEA,2022,15,12.5,17.556389539800115,1,15.39593374138564,16.83093117132757
00-0035659,2022_15_NYG_WAS,2022,15,13.0,14.91400560231264,1,14.09480068323129,14.369238604433402
00-0035662,2022_15_ARI_DEN,2022,15,5.9,15.325941231873747,1,12.669267011507,14.814907895787368
00-0035676,2022_15_PHI_CHI,2022,15,27.1,16.350246722463567,1,15.136626982225646,15.694546615328662
00-0035703,2022_15_PIT_CAR,2022,15,1.0,3.659600246832249,1,3.413000386916931,4.079829687811875
00-0036165,2022_15_NYG_WAS,2022,15,7.7,9.493207318313637,1,9.376572838965554,9.397016993386496
00-0036182,2022_15_TEN_LAC,2022,15,0.0,9.921039056894044,1,9.333029688152331,9.805256599180336
00-0036196,2022_15_MIA_BUF,2022,15,9.6,7.528092349843796,1,9.21834196729267,7.535510752738126
00-0036233,2022_15_BAL_CLE,2022,15,13.1,11.454393124322646,1,10.778344035354737,11.20751604203865
00-0036247,2022_15_ARI_DEN,2022,15,1.9,4.1228651130206195,1,5.398477170711151,4.44460954704908
00-0036252,2022_15_IND_MIN,2022,15,19.0,16.294204707690795,1,15.66172146305634,15.6213263598951
00-0036259,2022_15_SF_SEA,2022,15,6.1,9.52465094436821,1,9.635898390758037,9.417040777056382
00-0036261,2022_15_SF_SEA,2022,15,3.9,14.502786085274382,1,13.520578874917213,14.00027053086658
00-0036271,2022_15_PHI_CHI,2022,15,5.0,6.838665559385705,1,7.97278796279726,6.927672706494816
00-0036322,2022_15_IND_MIN,2022,15,30.3,21.156779719352542,1,17.823363034997083,20.160236345928944
00-0036331,2022_15_BAL_CLE,2022,15,4.9,8.37808864919941,1,8.639281338494726,8.365306631241408
00-0036345,2022_15_IND_MIN,2022,15,31.700000000000003,10.166740366450309,1,10.02978239494135,10.012268592722712
00-0036358,2022_15_DAL_JAX,2022,15,19.700000000000003,16.49021635969698,1,15.733304256857815,15.804882258661417
00-0036407,2022_15_ARI_DEN,2022,15,14.6,13.94021163058229,1,13.088466518958002,13.48206197767905
00-0036410,2022_15_CIN_TB,2022,15,16.3,16.47199555410964,1,15.26087202718039,15.8055258566238
00-0036415,2022_15_LA_GB,2022,15,5.2,10.342221252405649,1,10.25768003628886,10.170371039506463
00-0036572,2022_15_PIT_CAR,2022,15,3.4000000000000004,4.632029249730345,1,5.1957698246379485,4.936192960899227
00-0036613,2022_15_MIA_BUF,2022,15,20.4,12.541092471455375,1,11.777745137483691,12.20225438021536
00-0036849,2022_15_LA_GB,2022,15,1.6,11.50387996515652,1,10.327855895797269,11.271670514642928
00-0036862,2022_15_LA_GB,2022,15,1.3,8.31904260160859,1,7.303631628112211,8.359967690269539
00-0036900,2022_15_CIN_TB,2022,15,19.0,18.262354027397635,1,16.68636201318257,17.452779707903282
00-0036912,2022_15_PHI_CHI,2022,15,17.6,14.974829999329156,1,15.916385505404952,14.357794761817985
00-0036955,2022_15_PIT_CAR,2022,15,8.100000000000001,10.199117225809681,1,11.365027256531915,9.992278208754543
00-0036963,2022_15_DET_NYJ,2022,15,15.2,18.10235877010423,1,18.237879510955384,17.241749390996024
00-0036980,2022_15_DET_NYJ,2022,15,9.4,10.250171217059837,1,11.065936341501114,10.05216663947892
00-0036988,2022_15_TEN_LAC,2022,15,9.9,12.18232404812615,1,11.612757860969898,11.867575476006325
00-0036991,2022_15_KC_HOU,2022,15,4.6,6.276615053512283,1,7.114962773405066,6.4261455471500515
00-0037238,2022_15_ATL_NO,2022,15,12.0,12.8318189133439,1,11.112625362911414,12.5038269796795
00-0037239,2022_15_ATL_NO,2022,15,8.3,10.465097511922298,1,11.532160748276072,10.23869552841661
00-0037247,2022_15_PIT_CAR,2022,15,7.300000000000001,8.127087883256497,1,8.53632785355578,8.130685101398274
00-0037300,2022_15_BAL_CLE,2022,15,0.9,3.906369627006298,1,5.444774599542531,4.237105889148659
00-0037382,2022_15_ARI_DEN,2022,15,6.0,3.2333859298940144,1,4.241646622796205,3.6432814975399106
00-0037545,2022_15_ATL_NO,2022,15,18.5,9.8329732561186,1,9.691391470287575,9.707941296945068
00-0037664,2022_15_IND_MIN,2022,15,0.0,10.408548461453414,1,10.786464578791213,10.213302502561389
00-0037740,2022_15_DET_NYJ,2022,15,13.8,15.343864623959538,1,14.173245459719402,14.774767443330695
00-0037741,2022_15_NYG_WAS,2022,15,20.5,8.898956522485143,1,9.185213259397386,8.839553029888354
00-0038090,2022_15_KC_HOU,2022,15,1.2000000000000002,5.855509527326801,1,5.655123796680893,6.081449154871241
00-0038104,2022_15_NE_LV,2022,15,3.1,10.484455948339852,1,10.007359602937957,10.315057854889703
00-0038124,2022_15_LA_GB,2022,15,8.600000000000001,14.21487919249706,1,12.60823833890248,13.761344579242792
00-0026293,2022_16_CIN_NE,2022,16,0.0,2.0710789855285805,1,2.9213906455377923,2.58888775774877
00-0028002,2022_16_GB_MIA,2022,16,1.5,5.217089858032627,1,6.127257504460966,5.456787192742043
00-0029293,2022_16_JAX_NYJ,2022,16,4.5,4.043918162338883,1,4.636368553945128,4.398554887699662
00-0030035,2022_16_NYG_MIN,2022,16,1.6,13.511889532515783,1,11.963124996542284,13.117791495546095
00-0030068,2022_16_SEA_KC,2022,16,0.0,6.456283756748864,1,6.690015194850725,6.613045731089888
00-0030279,2022_16_LAC_IND,2022,16,21.4,16.785041218803478,1,15.536996092920726,16.092527870307013
00-0030431,2022_16_HOU_TEN,2022,16,7.0,9.36042979424444,1,10.622324891468647,9.223476362372445
00-0030564,2022_16_TB_ARI,2022,16,1.4,17.888513327564702,1,16.09366516837429,17.120036434023206
00-0031236,2022_16_HOU_TEN,2022,16,13.4,11.387897784011908,1,11.176696323290868,11.1291797072409
00-0031381,2022_16_LV_PIT,2022,16,3.5,18.402494545862474,1,17.379885840426816,17.559596125982686
00-0031408,2022_16_TB_ARI,2022,16,5.9,14.537157413251588,1,11.92652163105958,14.093532932433426
00-0031544,2022_16_NO_CLE,2022,16,13.2,14.444034433219985,1,13.79050506436166,13.934175425110157
00-0031588,2022_16_BUF_CHI,2022,16,4.6,14.180098923702815,1,12.936552826184272,13.715810734851216
00-0031868,2022_16_ATL_BAL,2022,16,2.5,4.457294548649563,1,5.601736601245204,4.754703296420923
00-0032208,2022_16_HOU_TEN,2022,16,7.5,5.5907588560739745,1,6.4259652803567695,5.80054328137513
00-0032398,2022_16_HOU_TEN,2022,16,4.5,11.394232595377488,1,11.284837435025905,11.13108893014316
00-0032775,2022_16_ATL_BAL,2022,16,7.6,7.165056361218263,1,6.670879322484074,7.287345982946455
00-0032951,2022_16_SEA_KC,2022,16,5.6,10.940045824400778,1,12.085723019008896,10.669012803642955
00-0033009,2022_16_CIN_NE,2022,16,5.1,8.186654139171665,1,8.124362475775891,8.202953972570752
00-0033040,2022_16_GB_MIA,2022,16,14.3,18.80375448363322,1,19.759543053058987,17.850465647958778
00-0033282,2022_16_WAS_SF,2022,16,16.4,11.117663945626266,1,10.422395582578313,10.901041232341523
00-0033307,2022_16_CIN_NE,2022,16,24.9,4.411086714717807,1,4.665169894872943,4.74639385096915
00-0033466,2022_16_BUF_CHI,2022,16,0.6000000000000001,4.827956185285851,1,5.320154325125402,5.1176610945354355
00-0033536,2022_16_LAC_IND,2022,16,11.6,15.665304822987883,1,14.733003739656043,15.0589647435602
00-0033555,2022_16_LV_PIT,2022,16,1.7000000000000002,12.223858726151121,1,12.119771398031276,11.887773304898388
00-0033591,2022_16_PHI_DAL,2022,16,1.5,10.787773674248422,1,10.332681850522665,10.59094478078209
00-0033857,2022_16_SEA_KC,2022,16,5.7,15.556080974630339,1,16.098694655198052,14.903248567329983
00-0033871,2022_16_JAX_NYJ,2022,16,3.4000000000000004,8.707587114956858,1,8.78773823707832,8.672797614990895
00-0033891,2022_16_JAX_NYJ,2022,16,2.1,14.697333576354325,1,13.321593503165168,14.192720627469969
00-0033921,2022_16_TB_ARI,2022,16,14.3,16.84420307759622,1,14.433162155942098,16.19071379912189
00-0033943,2022_16_DET_CAR,2022,16,5.1,7.539218491034493,1,8.544567025783984,7.571697878544015
00-0034272,2022_16_SEA_KC,2022,16,0.0,6.1790721036161615,1,6.364912322921418,6.361960031465602
00-0034286,2022_16_NYG_MIN,2022,16,17.0,11.649769953917861,1,10.821706620412858,11.391541436346708
00-0034297,2022_16_BUF_CHI,2022,16,5.4,7.671631699443617,1,7.909804941485554,7.721665513968841
00-0034348,2022_16_DEN_LA,2022,16,11.4,13.145751752923411,1,11.550377090526704,12.785527835707605
00-0034386,2022_16_SEA_KC,2022,16,0.0,6.8484989455436915,1,7.069278906984536,6.9713646177496065
00-0034407,2022_16_WAS_SF,2022,16,13.1,5.526824044796761,1,5.498585181478586,5.7750380054462
00-0034411,2022_16_TB_ARI,2022,16,11.5,8.40174260762697,1,8.283774875653997,8.401300434142334
00-0034487,2022_16_GB_MIA,2022,16,4.5,3.6555568066098445,1,4.69291162287501,4.0273312538806
00-0034521,2022_16_GB_MIA,2022,16,11.1,10.803313236648668,1,9.841510115445535,10.624384486183857
00-0034646,2022_16_DEN_LA,2022,16,4.5,8.023073183242419,1,8.80749673570488,8.021527607318653
00-0034764,2022_16_PHI_DAL,2022,16,13.6,11.458785205516122,1,11.400535655137755,11.188037395585251
00-0034775,2022_16_JAX_NYJ,2022,16,5.6,15.257666029844392,1,14.319432287703677,14.687292443766191
00-0034777,2022_16_DET_CAR,2022,16,14.8,5.309893330475809,1,6.123643258934822,5.545119158067622
00-0034827,2022_16_DET_CAR,2022,16,20.1,13.583607700603546,1,12.973447426789964,13.147540531846111
00-0034860,2022_16_BUF_CHI,2022,16,9.1,7.534904396083784,1,7.806160644970269,7.595668540313749
00-0034928,2022_16_LV_PIT,2022,16,1.7000000000000002,5.326631182977399,1,6.637605948700636,5.5414874752647325
00-0034960,2022_16_CIN_NE,2022,16,20.3,13.83543244310054,1,13.081216720805294,13.38276204416467
00-0034983,2022_16_LV_PIT,2022,16,14.2,5.125884522727526,1,6.033825761119781,5.373663197774391
00-0035208,2022_16_ATL_BAL,2022,16,5.8,9.60220574278768,1,10.399099329685146,9.461730898049687
00-0035216,2022_16_LV_PIT,2022,16,11.4,15.329615793470593,1,14.282879250395936,14.757058526450884
00-0035341,2022_16_CIN_NE,2022,16,19.5,5.409996383204346,1,5.281768814993866,5.672254631106191
00-0035500,2022_16_TB_ARI,2022,16,22.3,10.752598577844259,1,10.6134902805717,10.546841659054744
00-0035535,2022_16_NYG_MIN,2022,16,11.9,14.187277565929005,1,11.795760977368582,13.76600004605418
00-0035639,2022_16_LAC_IND,2022,16,3.9,10.945473590837802,1,9.9533576477377,10.755232842981052
00-0035640,2022_16_SEA_KC,2022,16,15.1,17.249309716200585,1,14.634792341004452,16.56803664242294
00-0035659,2022_16_WAS_SF,2022,16,17.7,16.422993580504524,1,15.879883606239138,15.73542575566308
00-0035662,2022_16_TB_ARI,2022,16,8.8,12.526630067562666,1,10.531419557193562,12.235889268402156
00-0035676,2022_16_PHI_DAL,2022,16,16.3,18.608951176748526,1,17.89630700276794,17.73616775142322
00-0036165,2022_16_NYG_MIN,2022,16,22.9,11.54446256712,1,11.67158060632914,11.259155989843531
00-0036182,2022_16_HOU_TEN,2022,16,4.300000000000001,7.140379022268232,1,7.201663242313449,7.243716454250181
00-0036196,2022_16_BUF_CHI,2022,16,11.5,6.760739063626357,1,7.757657844246699,6.861794445133103
00-0036233,2022_16_NO_CLE,2022,16,1.2,10.599392029376643,1,11.397252345106368,10.37144911241606
00-0036247,2022_16_DEN_LA,2022,16,2.1,7.912319994527982,1,7.718047556107855,7.9576901501892845
00-0036252,2022_16_LAC_IND,2022,16,7.9,16.41493670888707,1,15.173930401175664,15.754605811526345
00-0036259,2022_16_WAS_SF,2022,16,4.1,9.036787044906717,1,8.37729607419573,9.00125142717277
00-0036261,2022_16_WAS_SF,2022,16,13.1,13.080027577503389,1,11.229852926311311,12.735252443159805
00-0036268,2022_16_DET_CAR,2022,16,8.3,7.544288689499975,1,7.741687913077197,7.60703771096222
00-0036271,2022_16_PHI_DAL,2022,16,2.9000000000000004,9.634637093668756,1,9.35707708422454,9.532164066874614
00-0036322,2022_16_NYG_MIN,2022,16,31.3,21.53144751706185,1,17.869091891272053,20.514558620005467
00-0036345,2022_16_NYG_MIN,2022,16,4.7,10.073413635420486,1,9.30046372947114,9.951301787212214
00-0036358,2022_16_PHI_DAL,2022,16,34.0,17.652817694022957,1,16.341253780069888,16.88663408550191
00-0036407,2022_16_DEN_LA,2022,16,17.700000000000003,16.245658717575935,1,15.847352497253674,15.568134550729386
00-0036410,2022_16_CIN_NE,2022,16,26.8,16.398030101855724,1,14.166331669103869,15.776842686174971
00-0036415,2022_16_DEN_LA,2022,16,4.9,10.364382080088998,1,9.388782959348127,10.224462400289225
00-0036613,2022_16_GB_MIA,2022,16,25.3,13.621780155038238,1,12.739854940567804,13.192697240412553
00-0036849,2022_16_DEN_LA,2022,16,3.4000000000000004,9.107262526449942,1,9.464448361011575,9.026898806866914
00-0036900,2022_16_CIN_NE,2022,16,13.9,18.340273527929646,1,16.007262806994035,17.552645433577997
00-0036912,2022_16_PHI_DAL,2022,16,31.3,16.788532692194984,1,17.154260398320655,16.03436567223759
00-0036955,2022_16_DET_CAR,2022,16,7.5,9.860289353751778,1,9.775606990276527,9.730699342599754
00-0036963,2022_16_DET_CAR,2022,16,14.6,18.28028461878607,1,16.590536706584096,17.473462608961757
00-0036980,2022_16_JAX_NYJ,2022,16,3.5,10.458341760975054,1,10.880063927013996,10.25706473785369
00-0036988,2022_16_LAC_IND,2022,16,3.6,11.088797937753986,1,11.683881009796012,10.825653451736477
00-0037238,2022_16_ATL_BAL,2022,16,14.6,12.743548880739437,1,11.691401621893858,12.397938535907423
00-0037247,2022_16_LV_PIT,2022,16,16.7,10.175260576463659,1,10.496655793750788,10.002617479114104
00-0037257,2022_16_NO_CLE,2022,16,2.8,5.914242797771791,1,6.703405758616496,6.097415132091223
00-0037261,2022_16_BUF_CHI,2022,16,3.5,4.863616760052718,1,4.511385175822454,5.182296001800118
00-0037300,2022_16_NO_CLE,2022,16,1.5,3.000730728303085,1,4.347127645482612,3.418170801384841
00-0037545,2022_16_NO_CLE,2022,16,8.100000000000001,5.090297737668383,1,6.221607009918461,5.332705259770147
00-0037664,2022_16_LAC_IND,2022,16,5.6,9.390933012534948,1,9.473839622426278,9.29612434551245
00-0037740,2022_16_JAX_NYJ,2022,16,5.0,15.161899879269038,1,14.512473352328335,14.58894387869796
00-0037741,2022_16_WAS_SF,2022,16,19.6,10.337495358101743,1,10.145985318754544,10.170125920215188
00-0037742,2022_16_HOU_TEN,2022,16,1.5,9.48585812439984,1,9.553521636862897,9.383306077330216
00-0037816,2022_16_GB_MIA,2022,16,6.6,8.061969582387544,1,7.723064134936253,8.099716979369822
00-0038104,2022_16_CIN_NE,2022,16,1.8,9.444862113128256,1,9.926442236521536,9.330169482549204
00-0038124,2022_16_GB_MIA,2022,16,10.9,10.611912788521527,1,9.709924467646148,10.447491792337226
00-0026189,2022_17_PIT_BAL,2022,17,1.9,3.4505434075728925,1,4.3185733709317375,3.8467299056544473
00-0026293,2022_17_MIA_NE,2022,17,0.0,2.6651678419170435,1,3.1908130678192173,3.1432302666117353
00-0028002,2022_17_MIN_GB,2022,17,4.0,5.355740024173755,1,5.787210320184958,5.601478457846732
00-0029293,2022_17_JAX_HOU,2022,17,12.1,7.188519596098682,1,7.599187320934596,7.274354349924851
00-0030035,2022_17_MIN_GB,2022,17,2.6,11.3538317906393,1,11.035258193254746,11.102182302711231
00-0030279,2022_17_LA_LAC,2022,17,11.8,17.289739943109524,1,15.22674333503172,16.583955974658682
00-0030431,2022_17_DAL_TEN,2022,17,14.9,9.833759461018877,1,9.871948425772953,9.70182458701558
00-0031236,2022_17_JAX_HOU,2022,17,7.9,14.664723800864664,1,12.33756273590028,14.199138264979467
00-0031381,2022_17_SF_LV,2022,17,34.3,19.146229342210226,1,18.262876842428653,18.232827903623985
00-0031408,2022_17_CAR_TB,2022,17,48.7,14.978169019416631,1,13.029357534851504,14.47071827381026
00-0031544,2022_17_CLE_WAS,2022,17,25.5,11.827036839648319,1,10.964427127249028,11.554579192004988
00-0031549,2022_17_MIA_NE,2022,17,0.0,6.210118589327856,1,6.988596554955316,6.367755309134297
00-0032208,2022_17_JAX_HOU,2022,17,4.4,6.936582361069855,1,7.529807395136026,7.037566560634443
00-0032398,2022_17_JAX_HOU,2022,17,5.1,10.593852332928854,1,10.57383164319111,10.397486857714751
00-0032688,2022_17_ARI_ATL,2022,17,2.3,4.661242419239215,1,5.735750236621071,4.943427969676574
00-0032775,2022_17_PIT_BAL,2022,17,1.9,7.823185696735141,1,7.754630778944774,7.871591822049576
00-0032951,2022_17_NYJ_SEA,2022,17,3.5,6.1383570221253665,1,7.472666698719218,6.281155721493773
00-0033040,2022_17_MIA_NE,2022,17,15.7,18.883915026481503,1,18.54255476721054,17.972908962928052
00-0033251,2022_17_NO_PHI,2022,17,0.0,3.8122721497475434,1,4.276874473814033,4.192079281549372
00-0033282,2022_17_CLE_WAS,2022,17,1.6,10.762724609319365,1,10.39681741884275,10.564701616068051
00-0033307,2022_17_MIA_NE,2022,17,2.8,6.173767104985574,1,6.246067537253905,6.361436377644196
00-0033536,2022_17_LA_LAC,2022,17,16.4,15.799779002718163,1,14.515912972551726,15.195013228387978
00-0033555,2022_17_SF_LV,2022,17,7.0,11.877696456525072,1,12.296781543632806,11.552073468453584
00-0033591,2022_17_DAL_TEN,2022,17,1.7000000000000002,7.444554641496712,1,7.342425756825014,7.52743470289594
00-0033857,2022_17_DEN_KC,2022,17,4.1,12.223664884618552,1,11.007510230845163,11.929871678938076
00-0033871,2022_17_NYJ_SEA,2022,17,7.5,9.29943080760346,1,8.2366627699646,9.256197674680896
00-0033891,2022_17_JAX_HOU,2022,17,5.4,15.567072796187317,1,14.693370288403024,14.967117882827893
00-0033921,2022_17_CAR_TB,2022,17,21.0,16.776482210461793,1,15.132234290704766,16.099780941172327
00-0033943,2022_17_CHI_DET,2022,17,1.5,7.788899615048889,1,8.531299759549826,7.809483433711645
00-0034272,2022_17_DEN_KC,2022,17,4.800000000000001,9.825885994641386,1,9.02467220643767,9.726551331572178
00-0034279,2022_17_CHI_DET,2022,17,4.0,7.727044440279936,1,8.113934637680435,7.766566302790462
00-0034286,2022_17_IND_NYG,2022,17,20.6,10.591800216015432,1,10.46749301913503,10.399579116099613
00-0034297,2022_17_CHI_DET,2022,17,0.0,8.304960693414301,1,8.262640760440735,8.310128417062014
00-0034348,2022_17_DEN_KC,2022,17,8.4,13.478039568726947,1,12.209125075156017,13.07627093519038
00-0034386,2022_17_DEN_KC,2022,17,3.7,4.058552525073071,1,4.3539202581451715,4.423199730510263
00-0034407,2022_17_SF_LV,2022,17,5.2,7.996274590504131,1,7.606097823003508,8.041731072822044
00-0034411,2022_17_CAR_TB,2022,17,6.300000000000001,8.590818415315912,1,9.268703534705043,8.543544116618552
00-0034487,2022_17_MIA_NE,2022,17,5.0,5.554539002754627,1,6.247048330807185,5.772923740800341
00-0034521,2022_17_MIN_GB,2022,17,10.9,11.365575939806723,1,10.360796700068814,11.138982843588751
00-0034646,2022_17_LA_LAC,2022,17,1.9,9.693624446731668,1,9.606860444651025,9.57872641856444
00-0034764,2022_17_DAL_TEN,2022,17,6.9,10.86873766462565,1,9.589270067872134,10.696148639149046
00-0034775,2022_17_JAX_HOU,2022,17,4.1,15.916517281280969,1,14.89716961975385,15.291460464336676
00-0034777,2022_17_CHI_DET,2022,17,7.6,7.105878238443034,1,7.618950530988865,7.195065915265886
00-0034827,2022_17_CAR_TB,2022,17,23.700000000000003,14.506602169063287,1,12.728682560817433,14.034001020859105
00-0034928,2022_17_PIT_BAL,2022,17,6.4,4.528344093278448,1,5.109637053712853,4.840931460337444
00-0034960,2022_17_MIA_NE,2022,17,16.9,14.257543035104526,1,12.814221113487788,13.79405917414033
00-0034983,2022_17_SF_LV,2022,17,4.9,6.5501823216266395,1,6.066174602199991,6.72599629696582
00-0035216,2022_17_PIT_BAL,2022,17,5.5,15.936703645723961,1,13.840666935628018,15.35080724360181
00-0035500,2022_17_ARI_ATL,2022,17,5.5,13.724169721256331,1,12.859592564484648,13.285450005792022
00-0035535,2022_17_IND_NYG,2022,17,1.4,11.312040542886942,1,9.389584621712917,11.125026787415276
00-0035639,2022_17_IND_NYG,2022,17,8.3,10.117701012761408,1,9.413938614597354,9.989075972971635
00-0035640,2022_17_NYJ_SEA,2022,17,1.3,16.924094997122168,1,15.03116299326829,16.24390505165413
00-0035645,2022_17_PIT_BAL,2022,17,0.6000000000000001,4.0360687562600415,1,5.314477463334974,4.365317008664317
00-0035659,2022_17_CLE_WAS,2022,17,5.7,16.163736054977214,1,14.850272790744985,15.528184384229956
00-0035662,2022_17_ARI_ATL,2022,17,12.1,15.782283387901453,1,14.675859187400496,15.172306146436805
00-0035676,2022_17_NO_PHI,2022,17,19.700000000000003,16.534182885261338,1,15.15426515684204,15.86867743414916
00-0035864,2022_17_DEN_KC,2022,17,0.0,6.3601822164285915,1,6.264323905534436,6.537899532361983
00-0035876,2022_17_ARI_ATL,2022,17,1.7000000000000002,4.880064602750147,1,5.142276740720946,5.1739436628190925
00-0036165,2022_17_IND_NYG,2022,17,14.2,11.2060384731323,1,11.370966000035516,10.948966924295595
00-0036182,2022_17_DAL_TEN,2022,17,1.4,7.112098858109351,1,7.51751711246865,7.204833589677158
00-0036233,2022_17_CLE_WAS,2022,17,8.3,10.559184850055969,1,9.97842676237167,10.387175373571356
00-0036252,2022_17_IND_NYG,2022,17,16.1,15.31594543373007,1,13.780157031180163,14.76317805470671
00-0036259,2022_17_SF_LV,2022,17,6.6000000000000005,10.028816119630772,1,9.566954746040054,9.898788468316582
00-0036261,2022_17_SF_LV,2022,17,26.700000000000003,14.596128567742747,1,12.551434801118305,14.125819336871269
00-0036271,2022_17_NO_PHI,2022,17,0.0,5.466838752608852,1,5.028728357719159,5.735893364181005
00-0036322,2022_17_MIN_GB,2022,17,2.5,18.84978554901639,1,17.58340087390559,17.976936677554264
00-0036326,2022_17_CHI_DET,2022,17,0.0,8.765866877444022,1,7.811598622467516,8.765290957653733
00-0036345,2022_17_MIN_GB,2022,17,18.9,10.797719403059844,1,11.887210940085993,10.541301178317658
00-0036358,2022_17_DAL_TEN,2022,17,21.0,16.75329178745254,1,15.44485052382704,16.065858124443928
00-0036407,2022_17_DEN_KC,2022,17,10.8,15.993673302022772,1,15.32199246236058,15.348635049576163
00-0036415,2022_17_LA_LAC,2022,17,10.7,10.090726218222661,1,8.975973140790245,9.980090078567828
00-0036572,2022_17_CAR_TB,2022,17,17.0,5.117133813939138,1,5.034517595629876,5.40333575821874
00-0036613,2022_17_MIA_NE,2022,17,8.2,15.014649713958885,1,13.278085362512,14.495931842129677
00-0036810,2022_17_NYJ_SEA,2022,17,0.0,4.161347142926431,1,4.293160753902911,4.523199026598591
00-0036849,2022_17_LA_LAC,2022,17,3.0,10.52055568121942,1,10.428317338399394,10.333362064328847
00-0036912,2022_17_NO_PHI,2022,17,20.5,14.934418736579119,1,14.544096926057223,14.371557971577882
00-0036955,2022_17_CAR_TB,2022,17,3.5,9.867309538361695,1,9.262213254835803,9.756887537369352
00-0036963,2022_17_CHI_DET,2022,17,10.2,19.550226575148855,1,15.12870427907808,18.735906920841188
00-0036980,2022_17_NYJ_SEA,2022,17,3.8,8.861935619194382,1,9.489398402126035,8.79280710433277
00-0036988,2022_17_LA_LAC,2022,17,0.0,10.223261891061904,1,11.511796079111411,10.009644362298973
00-0036991,2022_17_JAX_HOU,2022,17,3.6,5.666661363442993,1,5.733958413532932,5.898982868392964
00-0037093,2022_17_NYJ_SEA,2022,17,0.0,4.48147627339471,1,4.1700207786100325,4.832110735144607
00-0037238,2022_17_ARI_ATL,2022,17,9.7,13.854901442620237,1,12.418583135020777,13.426454158146653
00-0037239,2022_17_NO_PHI,2022,17,8.2,10.35343320099208,1,11.424268358549668,10.136678333975514
00-0037247,2022_17_PIT_BAL,2022,17,4.9,10.13914053938944,1,10.12784742952306,9.982311516413212
00-0037300,2022_17_CLE_WAS,2022,17,0.0,3.664991525587065,1,4.199745217276222,4.055045128309672
00-0037545,2022_17_NO_PHI,2022,17,13.9,7.9419468753672895,1,8.4380730291654,7.958473914287578
00-0037664,2022_17_IND_NYG,2022,17,4.5,9.158500241828989,1,10.37785081186768,9.04086892332883
00-0037740,2022_17_NYJ_SEA,2022,17,4.8,15.414772830806195,1,14.40320210013435,14.83341233537599
00-0037741,2022_17_CLE_WAS,2022,17,6.7,11.262149349006444,1,10.672354037250017,11.028848885019825
00-0037742,2022_17_DAL_TEN,2022,17,12.6,8.743928362498348,1,9.83209910602722,8.667632685526003
00-0037816,2022_17_MIN_GB,2022,17,5.0,7.8620069823316605,1,8.39563387670188,7.884117403025091
00-0038104,2022_17_MIA_NE,2022,17,15.0,9.49979740651156,1,8.865945293487554,9.422691294976527
00-0038124,2022_17_MIN_GB,2022,17,2.1,12.479023335750503,1,11.25138040173868,12.16327753272347
00-0026293,2022_18_NE_BUF,2022,18,0.0,2.3356801120624837,1,3.297867726808362,2.826036218196415
00-0027942,2022_18_ARI_SF,2022,18,18.1,5.109704051324821,1,5.492979449446099,5.378846560852671
00-0029293,2022_18_TEN_JAX,2022,18,4.9,6.268354459062207,1,6.332097699399662,6.448055801028271
00-0029608,2022_18_DAL_WAS,2022,18,3.9,3.501199404184513,1,3.6271249776551624,3.921155570035599
00-0030035,2022_18_MIN_CHI,2022,18,9.2,6.962420257748226,1,7.913579805962836,7.047532167323334
00-0030279,2022_18_LAC_DEN,2022,18,30.200000000000003,15.372848897699454,1,14.22566318635162,14.800319610952972
00-0030431,2022_18_TEN_JAX,2022,18,8.0,12.04369369233348,1,11.207579668982335,11.751232767049457
00-0031236,2022_18_HOU_IND,2022,18,21.6,13.970304035819913,1,12.003457187526022,13.551906513333606
00-0031325,2022_18_BAL_CIN,2022,18,7.9,3.910345680059792,1,4.309910185729904,4.28402633015634
00-0031381,2022_18_KC_LV,2022,18,12.3,20.315818875910793,1,19.178421994686147,19.30952763215444
00-0031544,2022_18_CLE_PIT,2022,18,7.1000000000000005,15.093057422451986,1,13.809959939839372,14.550226382678527
00-0031547,2022_18_NE_BUF,2022,18,25.9,8.532767472313227,1,8.865002693982376,8.50372284033912
00-0031588,2022_18_NE_BUF,2022,18,23.4,16.685758355710085,1,16.056195256043146,15.978438348947982
00-0031763,2022_18_LAC_DEN,2022,18,5.3,6.174811889527697,1,7.065735464014855,6.3312696131130926
00-0032054,2022_18_TB_ATL,2022,18,1.9,5.924985822022219,1,6.980867383451111,6.097076926280546
00-0032211,2022_18_LA_SEA,2022,18,15.4,15.749657946216887,1,15.209754208209397,15.121004973503622
00-0032398,2022_18_HOU_IND,2022,18,4.0,11.526775334761789,1,10.70242099634606,11.279189744838671
00-0032464,2022_18_DET_GB,2022,18,10.6,7.091676181434725,1,8.060107423112813,7.16479860405168
00-0032775,2022_18_BAL_CIN,2022,18,4.4,7.389475902871563,1,7.159298315187164,7.482052928380626
00-0032980,2022_18_NYG_PHI,2022,18,6.6,7.589986829310238,1,6.990362763262929,7.679027954636749
00-0033009,2022_18_BAL_CIN,2022,18,10.1,8.85610713600322,1,9.024466064442567,8.804942476020997
00-0033040,2022_18_NYJ_MIA,2022,18,4.300000000000001,15.233203496417085,1,13.088057793538663,14.710855473977643
00-0033282,2022_18_DAL_WAS,2022,18,0.3999999999999999,8.915514654229463,1,9.202829677167978,8.854619146654107
00-0033307,2022_18_NE_BUF,2022,18,8.5,5.77278279677198,1,6.9256810537158255,5.954530673376581
00-0033466,2022_18_NE_BUF,2022,18,3.9,5.715356004522156,1,7.494028276902117,5.878350160481735
00-0033536,2022_18_LAC_DEN,2022,18,7.2,10.18102251834512,1,10.308692024515924,10.015238704842496
00-0033555,2022_18_KC_LV,2022,18,3.5,12.447677700167366,1,12.636813228411386,12.080821412036748
00-0033591,2022_18_DAL_WAS,2022,18,2.0,7.492624029104869,1,7.7518947105980205,7.557550863452617
00-0033857,2022_18_KC_LV,2022,18,5.5,13.466648607930235,1,13.646328628270211,13.01081041621069
00-0033871,2022_18_NYJ_MIA,2022,18,2.7,9.363408432097977,1,8.63959677526113,9.301680446665303
00-0033891,2022_18_TEN_JAX,2022,18,6.1,15.179290470827384,1,13.290087440099526,14.651939779674402
00-0033921,2022_18_TB_ATL,2022,18,9.5,12.350426653848858,1,12.659049072399798,11.987554853136972
00-0033932,2022_18_NYG_PHI,2022,18,11.0,7.500936950382023,1,7.582334876890307,7.571896753896901
00-0033943,2022_18_DET_GB,2022,18,2.6,5.960001093620628,1,7.297509198029853,6.118316099990339
00-0034272,2022_18_KC_LV,2022,18,5.7,7.862283512945387,1,9.019119095098374,7.860678420617853
00-0034297,2022_18_MIN_CHI,2022,18,1.5,5.013725075181094,1,6.493087550270437,5.249615100518767
00-0034348,2022_18_LAC_DEN,2022,18,12.3,12.792532160428262,1,10.547010772154549,12.487993155132378
00-0034386,2022_18_KC_LV,2022,18,7.7,5.166548926412615,1,6.167052895256231,5.40724345636432
00-0034411,2022_18_TB_ATL,2022,18,10.5,8.07106169256483,1,9.099685347548451,8.056025316397871
00-0034521,2022_18_DET_GB,2022,18,14.1,12.96886330801555,1,11.984889744464107,12.600906217841526
00-0034646,2022_18_LA_SEA,2022,18,2.7,9.835722638475797,1,9.091435602692393,9.733361448426129
00-0034764,2022_18_DAL_WAS,2022,18,2.0,10.137523671881032,1,10.078573856471287,9.9826480814787
00-0034775,2022_18_TEN_JAX,2022,18,21.9,15.422009571915888,1,14.60806498482059,14.832501818942411
00-0034777,2022_18_DET_GB,2022,18,4.4,6.05838389101612,1,7.010440291696548,6.222725827999661
00-0034827,2022_18_CAR_NO,2022,18,2.0,15.380777461988496,1,13.861800659259016,14.821686646235603
00-0034860,2022_18_MIN_CHI,2022,18,3.9,6.775453030615299,1,6.809142892430609,6.911835451085257
00-0034928,2022_18_CLE_PIT,2022,18,1.6,4.96078006106107,1,4.365083502106608,5.2801955334352675
00-0034960,2022_18_NE_BUF,2022,18,12.2,14.896250894679646,1,14.066692161261576,14.353434194533213
00-0034983,2022_18_KC_LV,2022,18,19.3,7.535721460453447,1,8.617273619592746,7.565610581242184
00-0035208,2022_18_TB_ATL,2022,18,13.7,7.569538846068211,1,8.458010312005973,7.603802884521807
00-0035216,2022_18_CLE_PIT,2022,18,7.800000000000001,14.580552566058628,1,14.068443536365963,14.053347826256026
00-0035298,2022_18_TB_ATL,2022,18,1.8,7.9544383412945265,1,7.759174308987362,7.996153339008981
00-0035500,2022_18_ARI_SF,2022,18,8.5,10.846322278710518,1,9.701592109604013,10.67057654899799
00-0035639,2022_18_HOU_IND,2022,18,12.8,10.844131703242082,1,10.137243449888397,10.651933486087952
00-0035640,2022_18_LA_SEA,2022,18,7.0,16.418603316071987,1,14.935335911087286,15.767160489217307
00-0035659,2022_18_DAL_WAS,2022,18,16.4,15.122507516540217,1,14.964150751064738,14.534337352058248
00-0035662,2022_18_ARI_SF,2022,18,1.7000000000000002,14.936482701925332,1,13.876396706241389,14.398902046305173
00-0035676,2022_18_NYG_PHI,2022,18,13.5,16.119992037433185,1,13.86060810301885,15.524234913385452
00-0035719,2022_18_ARI_SF,2022,18,4.4,14.72335320934952,1,12.98288630898806,14.230323994442628
00-0036133,2022_18_BAL_CIN,2022,18,0.0,4.65440561985867,1,4.254936101424465,4.9932238299834
00-0036182,2022_18_TEN_JAX,2022,18,0.0,5.73248277405027,1,6.495457364181276,5.9325870183412635
00-0036196,2022_18_NE_BUF,2022,18,6.9,7.965562548333201,1,9.49405657871723,7.9407735649711455
00-0036233,2022_18_CLE_PIT,2022,18,6.2,9.98007035009463,1,10.640886965283643,9.811638047373684
00-0036252,2022_18_HOU_IND,2022,18,12.0,16.37118244837029,1,15.07405071194841,15.716821445254451
00-0036259,2022_18_ARI_SF,2022,18,2.0,4.6350650536458335,1,4.787418641002111,4.954601460664434
00-0036261,2022_18_ARI_SF,2022,18,9.9,15.157922244051187,1,15.008509229715228,14.56630698973741
00-0036271,2022_18_NYG_PHI,2022,18,3.4000000000000004,4.585208966647758,1,4.35737584880309,4.923569447749602
00-0036322,2022_18_MIN_CHI,2022,18,7.800000000000001,12.975165513993874,1,12.066046449796522,12.603810266376518
00-0036326,2022_18_MIN_CHI,2022,18,4.9,8.49382746353531,1,8.269317472822808,8.489361674050306
00-0036345,2022_18_MIN_CHI,2022,18,16.700000000000003,10.909237387824025,1,11.878350914495735,10.647617654620774
00-0036358,2022_18_DAL_WAS,2022,18,16.2,17.158444293805545,1,15.509078930871974,16.448447883749353
00-0036407,2022_18_LAC_DEN,2022,18,24.3,15.504452843915457,1,15.234039643423356,14.887054291700936
00-0036410,2022_18_BAL_CIN,2022,18,1.7000000000000002,15.770250629898738,1,13.974628829795718,15.187528231557335
00-0036415,2022_18_LA_SEA,2022,18,9.1,9.5829618828658,1,8.620979083696197,9.511037956764286
00-0036572,2022_18_CAR_NO,2022,18,0.0,5.654166442531509,1,5.544654401220158,5.894304871959414
00-0036613,2022_18_NYJ_MIA,2022,18,10.3,14.22231364085233,1,13.360828474622885,13.739800109445888
00-0036810,2022_18_LA_SEA,2022,18,4.1,3.558555587199124,1,2.627939893917511,4.013647274096204
00-0036849,2022_18_LA_SEA,2022,18,11.8,10.340058805010933,1,9.076428334614448,10.213221248598035
00-0036900,2022_18_BAL_CIN,2022,18,22.6,17.225492402984877,1,15.125014594720732,16.526766378995916
00-0036912,2022_18_NYG_PHI,2022,18,13.7,14.96913044654197,1,14.023143246710095,14.42434983749436
00-0036951,2022_18_TB_ATL,2022,18,2.5,3.3679841781490563,1,3.585986541550792,3.7961200940769286
00-0036955,2022_18_CAR_NO,2022,18,4.300000000000001,10.724873797569039,1,9.657418818976677,10.556838815548248
00-0036963,2022_18_DET_GB,2022,18,10.9,18.568772135391967,1,18.151066327802283,17.688299452135062
00-0036980,2022_18_NYJ_MIA,2022,18,2.1,8.600635412163868,1,9.236446325059587,8.554099828816131
00-0036988,2022_18_LAC_DEN,2022,18,9.9,11.055506906239826,1,10.576531689568874,10.836111619100413
00-0036991,2022_18_HOU_IND,2022,18,5.2,5.999648163244595,1,7.081790941425723,6.164194701346153
00-0037238,2022_18_TB_ATL,2022,18,18.0,11.165329354408549,1,9.466739503884895,10.982668681116428
00-0037239,2022_18_CAR_NO,2022,18,15.0,11.326347350301095,1,12.072695203442612,11.036624673449875
00-0037247,2022_18_CLE_PIT,2022,18,16.2,8.124873603775171,1,8.475908372229641,8.130877635293832
00-0037257,2022_18_CLE_PIT,2022,18,0.0,4.193195738158356,1,4.6999998359170805,4.537999943174491
00-0037291,2022_18_MIN_CHI,2022,18,10.2,4.5610603539850585,1,4.614661333090305,4.890839425428193
00-0037300,2022_18_CLE_PIT,2022,18,2.5,3.1583872551400947,1,4.597429378856928,3.558482409750198
00-0037382,2022_18_LAC_DEN,2022,18,0.0,3.531041546231801,1,4.55061626194123,3.914409155561441
00-0037487,2022_18_TB_ATL,2022,18,8.2,10.024642082054333,1,9.325447317204569,9.90400262681898
00-0037545,2022_18_CAR_NO,2022,18,7.1000000000000005,10.93057523565206,1,11.270010884875198,10.691021835634372
00-0037664,2022_18_HOU_IND,2022,18,7.2,7.571946211450907,1,7.755194453460546,7.632808225387691
00-0037740,2022_18_NYJ_MIA,2022,18,17.9,14.490107523543594,1,11.954647926700847,14.047750462660462
00-0037741,2022_18_DAL_WAS,2022,18,10.2,10.02526793520829,1,10.219787311983502,9.87059907894678
00-0037742,2022_18_TEN_JAX,2022,18,5.9,9.868757158312736,1,10.116811489371658,9.725775727177007
00-0037816,2022_18_DET_GB,2022,18,0.0,7.115585506523301,1,7.484864671080258,7.209388362518332
00-0038104,2022_18_NE_BUF,2022,18,2.3,6.799880855602971,1,6.709160624057243,6.93885094019761
00-0038124,2022_18_DET_GB,2022,18,16.6,14.815416734688945,1,14.030360476261691,14.277995653062757
00-0027944,2022_19_DAL_TB,2022,19,20.4,6.9404564259528385,1,7.221803114777846,7.052957005006273
00-0029000,2022_19_MIA_BUF,2022,19,11.5,4.237335174785374,1,3.9114239934823742,4.609924978033177
00-0029293,2022_19_LAC_JAX,2022,19,11.9,8.649934456274949,1,7.741509809120414,8.657780518010146
00-0029608,2022_19_DAL_TB,2022,19,4.300000000000001,3.9952549890601823,1,3.888199586587368,4.380750105765285
00-0030035,2022_19_NYG_MIN,2022,19,8.0,10.86225935695841,1,11.126325978943152,10.63156091036727
00-0030279,2022_19_LAC_JAX,2022,19,12.1,17.00114667515092,1,16.494580745760267,16.261498308827093
00-0031325,2022_19_BAL_CIN,2022,19,2.2,6.536579555080764,1,7.572010753839474,6.655824750202908
00-0031408,2022_19_DAL_TB,2022,19,15.4,16.164368044997488,1,15.64035964652428,15.498749849703874
00-0031588,2022_19_MIA_BUF,2022,19,18.4,17.401150045967974,1,15.52842990446057,16.67836450342264
00-0031763,2022_19_LAC_JAX,2022,19,3.7,5.9574986259238285,1,5.926822448901495,6.168044545236751
00-0032211,2022_19_SEA_SF,2022,19,9.9,15.071719015955283,1,14.230378468760932,14.513965503302972
00-0032775,2022_19_BAL_CIN,2022,19,12.9,6.29584610943324,1,6.096650201127735,6.483132664985028
00-0033009,2022_19_BAL_CIN,2022,19,5.6,9.766624222863415,1,9.7650528856333,9.642087120990965
00-0033040,2022_19_MIA_BUF,2022,19,16.4,17.553375616932705,1,16.61438948874621,16.781747355113243
00-0033591,2022_19_DAL_TB,2022,19,3.8,6.1631736552114145,1,5.728174623612853,6.371056720845701
00-0033891,2022_19_LAC_JAX,2022,19,21.4,14.921945048965918,1,13.621120374056764,14.39479070269364
00-0033921,2022_19_DAL_TB,2022,19,18.5,16.428462170103593,1,16.524307872581254,15.716124981264866
00-0034286,2022_19_NYG_MIN,2022,19,7.1,11.192657365488287,1,11.18450843393282,10.943338544254107
00-0034411,2022_19_DAL_TB,2022,19,3.0,7.125993315809157,1,7.542242620496398,7.217098066608234
00-0034487,2022_19_MIA_BUF,2022,19,0.0,6.198097170410511,1,6.996661822424825,6.356024309428143
00-0034764,2022_19_DAL_TB,2022,19,15.6,8.03263301461699,1,7.935408005041276,8.063765106241412
00-0034775,2022_19_LAC_JAX,2022,19,21.8,16.346094105811545,1,16.45321504280869,15.640550158154714
00-0035535,2022_19_NYG_MIN,2022,19,13.1,12.578932427504936,1,11.31633102063704,12.255755738580014
00-0035640,2022_19_SEA_SF,2022,19,35.6,15.917186482239797,1,14.574912762066036,15.304347019548633
00-0035719,2022_19_SEA_SF,2022,19,28.5,14.18182928939776,1,13.79245205838705,13.684918170985934
00-0036165,2022_19_NYG_MIN,2022,19,24.5,12.957816900020912,1,12.890310199696618,12.555988865287018
00-0036196,2022_19_MIA_BUF,2022,19,23.3,8.732261907783723,1,9.431367611218135,8.671779423187466
00-0036259,2022_19_SEA_SF,2022,19,6.1000000000000005,4.0756881907511024,1,4.27171075346527,4.442609579814241
00-0036261,2022_19_SEA_SF,2022,19,10.3,15.34368929403801,1,14.683297785700702,14.755211190576944
00-0036322,2022_19_NYG_MIN,2022,19,11.62,19.058869735076016,1,15.641561025462918,18.249456115109226
00-0036345,2022_19_NYG_MIN,2022,19,10.0,8.711775544454904,1,9.068058951423392,8.666121647293883
00-0036358,2022_19_DAL_TB,2022,19,16.8,17.256163689236693,1,15.01701194280838,16.560020154843556
00-0036410,2022_19_BAL_CIN,2022,19,9.7,15.672056029923604,1,14.38583373681792,15.078578326617766
00-0036613,2022_19_MIA_BUF,2022,19,8.2,14.399197015136531,1,12.874961478610922,13.92636914292645
00-0036810,2022_19_SEA_SF,2022,19,6.9,5.037726914103428,1,6.091559432559886,5.287689019516174
00-0036900,2022_19_BAL_CIN,2022,19,23.4,17.002600651320435,1,15.830900299645243,16.28810987666788
00-0036959,2022_19_LAC_JAX,2022,19,0.0,3.298017560360746,1,3.29340201260509,3.740750827001435
00-0036988,2022_19_LAC_JAX,2022,19,5.1,11.854860719051572,1,11.750843234254155,11.551125658412264
00-0037261,2022_19_MIA_BUF,2022,19,8.100000000000001,5.213679469183823,1,5.205796233495517,5.488575508267775
00-0029000,2022_20_CIN_BUF,2022,20,6.300000000000001,5.824467816599121,1,7.284733076046713,5.989999501630168
00-0029293,2022_20_JAX_KC,2022,20,3.1,8.898394268343285,1,9.207310002133582,8.838178691708087
00-0029608,2022_20_DAL_SF,2022,20,2.5,4.078483730592039,1,4.285773241685964,4.4447316994035155
00-0031588,2022_20_CIN_BUF,2022,20,7.5,18.847482308807912,1,19.295038699223923,17.909679941271587
00-0033009,2022_20_CIN_BUF,2022,20,3.3000000000000003,8.931154744243852,1,8.585321631457553,8.892957059801622
00-0033251,2022_20_NYG_PHI,2022,20,1.4,3.683703553960221,1,4.188810439975573,4.0732435458301905
00-0033857,2022_20_JAX_KC,2022,20,4.9,12.671911896892704,1,11.7888606433147,12.326154359486829
00-0033891,2022_20_JAX_KC,2022,20,13.3,15.364797342714835,1,13.724057196426326,14.81173646360035
00-0034272,2022_20_JAX_KC,2022,20,7.6,6.005837618594227,1,7.26221846815581,6.163217820252713
00-0034286,2022_20_NYG_PHI,2022,20,12.1,11.73775997355731,1,11.210825262238666,11.46036926572733
00-0034386,2022_20_JAX_KC,2022,20,2.2,5.366344874297551,1,6.537586061758141,5.583031118182113
00-0034764,2022_20_DAL_SF,2022,20,0.0,10.142476199678027,1,9.70900724234123,10.00140372005866
00-0034775,2022_20_JAX_KC,2022,20,20.0,16.450054180927367,1,14.96192167160014,15.796038751281031
00-0035535,2022_20_NYG_PHI,2022,20,1.4,12.271144580808631,1,9.711840677957063,12.02424824444597
00-0035676,2022_20_NYG_PHI,2022,20,5.2,16.106175022582043,1,15.63019675997493,15.44383321166405
00-0035719,2022_20_DAL_SF,2022,20,9.6,16.336603950327287,1,14.748485138141952,15.69633659014828
00-0036165,2022_20_NYG_PHI,2022,20,1.3,13.68868356626707,1,12.654410497744808,13.259526193828034
00-0036196,2022_20_CIN_BUF,2022,20,5.4,9.474091340478864,1,10.26179124822912,9.345198810788649
00-0036259,2022_20_DAL_SF,2022,20,4.6,4.576608945398277,1,4.503930469326727,4.909825258367241
00-0036261,2022_20_DAL_SF,2022,20,4.6,14.789826016364831,1,13.34487994501134,14.27973437801928
00-0036358,2022_20_DAL_SF,2022,20,22.3,16.12874746536921,1,14.013393197000852,15.5267473974756
00-0036410,2022_20_CIN_BUF,2022,20,5.800000000000001,15.26201482935628,1,14.761589461842556,14.674616671432696
00-0036900,2022_20_CIN_BUF,2022,20,17.4,18.356413592839985,1,17.319340074447943,17.51810533942474
00-0036912,2022_20_NYG_PHI,2022,20,18.1,16.70338623742896,1,14.713854046855198,16.046219854049504
00-0033857,2022_21_CIN_KC,2022,21,1.7000000000000002,7.1214359958776345,1,8.203514162962318,7.187628850922042
00-0034272,2022_21_CIN_KC,2022,21,23.6,7.962538022707298,1,8.403335236085047,7.979362999242295
00-0035341,2022_21_CIN_KC,2022,21,1.6,7.673697875537991,1,7.851400432569616,7.725849323861132
00-0035676,2022_21_SF_PHI,2022,21,6.800000000000001,16.362525076486186,1,14.705330187513026,15.722610929065612
00-0035719,2022_21_SF_PHI,2022,21,3.4000000000000004,15.932397615179339,1,15.001178131819964,15.302598250804984
00-0036261,2022_21_SF_PHI,2022,21,2.0,13.234219341522822,1,12.566306903725826,12.830981300807489
00-0036271,2022_21_SF_PHI,2022,21,0.0,5.414949910065529,1,5.802775067137256,5.657156107202297
00-0036410,2022_21_CIN_KC,2022,21,20.3,14.860944398191032,1,13.082346225981848,14.357301019514155
00-0036900,2022_21_CIN_KC,2022,21,13.5,17.141356498469285,1,15.323356691400011,16.4392689479671
00-0036912,2022_21_SF_PHI,2022,21,5.6,15.655300759856997,1,15.167713203910928,15.032932039941675
00-0038090,2022_21_CIN_KC,2022,21,4.3,5.793290291610344,1,7.21393359142042,5.963061788492905
00-0033857,2022_22_KC_PHI,2022,22,12.3,10.270327748547622,1,9.9873821418235,10.112323355362031
00-0034272,2022_22_KC_PHI,2022,22,0.0,8.784487086422976,1,9.38278874523328,8.7232576654124
00-0034386,2022_22_KC_PHI,2022,22,3.8,6.219168350516396,1,6.6980293997350495,6.38740153699007
00-0035676,2022_22_KC_PHI,2022,22,21.6,16.474668877346375,1,14.968276129829595,15.81918944241976
00-0036271,2022_22_KC_PHI,2022,22,1.8,6.184298664089613,1,6.986233842753394,6.343307498348429
00-0036912,2022_22_KC_PHI,2022,22,17.0,16.47027267648228,1,14.98035287242692,15.814552473098075
00-0028002,2023_01_BUF_NYJ,2023,1,0.0,5.521576749250214,2,6.638951851510159,5.77630024155738
00-0029293,2023_01_DET_KC,2023,1,0.8,7.937346855099991,2,8.895960064106307,8.049400467597703
00-0030035,2023_01_CAR_ATL,2023,1,3.2,12.748758759010249,2,12.284036494945742,12.766474863046229
00-0030279,2023_01_MIA_LAC,2023,1,14.2,15.087044839677866,2,14.747002246204849,14.91894526952154
00-0030431,2023_01_HOU_BAL,2023,1,11.7,11.524172731950646,2,11.485452228605856,11.5549716011448
00-0030564,2023_01_TEN_NO,2023,1,13.5,12.573484400529708,2,12.085100078868075,12.607583426177422
00-0031235,2023_01_HOU_BAL,2023,1,5.7,13.734660743041918,2,14.177924448629264,13.52737298272658
00-0031236,2023_01_DAL_NYG,2023,1,4.2,9.06183624885434,2,10.802544542814182,8.960723301913077
00-0031381,2023_01_LV_DEN,2023,1,12.6,13.072723320625508,2,13.266596872303264,12.95474316775316
00-0031408,2023_01_TB_MIN,2023,1,18.6,14.232475351285036,2,15.733195133959155,13.808882434669368
00-0031428,2023_01_SF_PIT,2023,1,11.4,11.202371308346578,2,10.45284249739753,11.377665922381222
00-0031544,2023_01_CIN_CLE,2023,1,6.7,9.30839644267643,2,10.353798576309996,9.309151455625408
00-0031588,2023_01_BUF_NYJ,2023,1,26.200000000000003,12.902620905922058,2,13.465874007711454,12.733274639460957
00-0032211,2023_01_LA_SEA,2023,1,3.0,13.661067594348507,2,13.674740730729324,13.532606752272216
00-0032765,2023_01_TEN_NO,2023,1,11.1,7.400101012928268,2,7.781157709115217,7.648956034505758
00-0033009,2023_01_CIN_CLE,2023,1,3.0,11.828607352425045,2,11.56961953948641,11.875760766434764
00-0033040,2023_01_MIA_LAC,2023,1,44.5,10.660013162889296,2,11.311371658354693,10.633272897668382
00-0033282,2023_01_ARI_WAS,2023,1,11.0,8.64917544821127,2,8.580799725767307,8.887242645356471
00-0033307,2023_01_PHI_NE,2023,1,24.4,10.533089921557703,2,11.984627821499185,10.378088159261296
00-0033536,2023_01_MIA_LAC,2023,1,8.5,13.306778202297522,2,12.589463553924494,13.328557505976804
00-0033555,2023_01_CAR_ATL,2023,1,6.1,8.93675327791352,2,7.846554832843617,9.329783752658315
00-0033591,2023_01_HOU_BAL,2023,1,4.9,7.687845284546626,2,8.035011766089848,7.922275035723016
00-0033857,2023_01_PHI_NE,2023,1,7.300000000000001,8.3270554381605,2,9.361493260421849,8.398703001808338
00-0033891,2023_01_JAX_IND,2023,1,16.5,15.055731628270422,2,15.831246242449328,14.698576601386044
00-0033921,2023_01_TB_MIN,2023,1,10.1,14.690028960511654,2,15.99223916876178,14.268292230581135
00-0033943,2023_01_DET_KC,2023,1,12.0,10.853513764241534,2,10.830772179169497,10.928737180041727
00-0034054,2023_01_MIA_LAC,2023,1,13.0,5.781228605071584,2,5.46123687849393,6.264122544447668
00-0034272,2023_01_DET_KC,2023,1,6.800000000000001,9.452493375869324,2,9.793545491106183,9.563872604467994
00-0034286,2023_01_DET_KC,2023,1,1.6,7.427347855650272,2,8.076139330577456,7.628384750609538
00-0034317,2023_01_TEN_NO,2023,1,0.0,5.089622810501717,2,4.95418074188939,5.589513642078392
00-0034348,2023_01_LV_DEN,2023,1,13.2,12.68274907839449,2,12.403737185925706,12.673268054095091
00-0034419,2023_01_MIA_LAC,2023,1,7.2,8.698247584498025,2,8.234872447142525,9.000584761884399
00-0034521,2023_01_BUF_NYJ,2023,1,6.6000000000000005,10.808084422959265,2,10.371348143653863,10.957480291705307
00-0034764,2023_01_DAL_NYG,2023,1,2.0,9.55846377854451,2,9.997548722665396,9.645583329731116
00-0034775,2023_01_JAX_IND,2023,1,1.9,9.337842342015465,2,9.042986861304534,9.5663080630901
00-0034827,2023_01_GB_CHI,2023,1,4.5,12.524360186889789,2,12.30845739250897,12.515198067404237
00-0034837,2023_01_JAX_IND,2023,1,24.1,14.17965103125073,2,15.314698844645015,13.822465892691572
00-0034960,2023_01_LV_DEN,2023,1,29.1,11.089554571431728,2,10.224772643508077,11.292542676490529
00-0035216,2023_01_SF_PIT,2023,1,7.800000000000001,7.36784747876807,2,6.9956460355100045,7.748113645539632
00-0035406,2023_01_LV_DEN,2023,1,9.1,8.97341287155617,2,8.787420677282405,9.208842930975743
00-0035535,2023_01_DAL_NYG,2023,1,4.5,9.650850711783848,2,10.410042542797566,9.676592186092444
00-0035639,2023_01_DAL_NYG,2023,1,1.2,9.556928088362788,2,9.927256660203147,9.65594362563009
00-0035640,2023_01_LA_SEA,2023,1,13.7,13.638092705602402,2,13.876691109753832,13.472685087404557
00-0035659,2023_01_ARI_WAS,2023,1,5.1,12.313421885462661,2,12.370160351731167,12.27235080433342
00-0035662,2023_01_ARI_WAS,2023,1,8.7,11.899872922109205,2,12.311975717810729,11.8269589461661
00-0035676,2023_01_PHI_NE,2023,1,14.9,13.38537629561184,2,13.593542510301363,13.24295841855326
00-0035719,2023_01_SF_PIT,2023,1,11.3,12.304309004581057,2,11.987734074343614,12.32788178666343
00-0036165,2023_01_DAL_NYG,2023,1,1.4000000000000004,8.666702002959173,2,9.500831077197333,8.748806022055508
00-0036182,2023_01_TEN_NO,2023,1,9.8,10.02700170380157,2,9.668234470626253,10.21795972016214
00-0036196,2023_01_BUF_NYJ,2023,1,5.2,8.29487356570835,2,9.64596646363239,8.314495147049845
00-0036233,2023_01_CIN_CLE,2023,1,2.2,12.347064019513516,2,12.625261019356806,12.26565892934303
00-0036252,2023_01_JAX_IND,2023,1,23.700000000000003,15.193504918773133,2,15.57056775825896,14.894973859549308
00-0036261,2023_01_SF_PIT,2023,1,32.9,12.201230236640345,2,11.867209218890666,12.235043086649236
00-0036271,2023_01_PHI_NE,2023,1,3.7,12.199056432973826,2,12.050155408972907,12.201284116995003
00-0036309,2023_01_GB_CHI,2023,1,15.3,11.766440761215062,2,10.991821616436969,11.906368845506345
00-0036322,2023_01_TB_MIN,2023,1,24.0,15.621938329745523,2,16.66034555987637,15.179893014536988
00-0036326,2023_01_GB_CHI,2023,1,0.0,10.17214219390706,2,9.024616841918828,10.488122449029843
00-0036345,2023_01_TB_MIN,2023,1,6.1,14.70773923695944,2,15.136933161199153,14.434431975801196
00-0036358,2023_01_DAL_NYG,2023,1,11.7,12.506125979134248,2,12.59001710674105,12.446847781756553
00-0036410,2023_01_CIN_CLE,2023,1,0.0,13.978936738585764,2,14.923041177505368,13.668603257036374
00-0036415,2023_01_LA_SEA,2023,1,6.4,13.656082936970604,2,14.017645461021951,13.468328479086114
00-0036550,2023_01_HOU_BAL,2023,1,6.5,7.919182519434983,2,8.73314042797713,8.057314076506914
00-0036554,2023_01_HOU_BAL,2023,1,14.0,10.399937913626198,2,10.507305954045435,10.484752288488352
00-0036613,2023_01_MIA_LAC,2023,1,11.8,10.61901636665161,2,11.678543913710822,10.525180344817008
00-0036849,2023_01_LA_SEA,2023,1,17.9,12.503834128345197,2,12.234045876290052,12.505353936511456
00-0036900,2023_01_CIN_CLE,2023,1,9.1,13.966411757309482,2,14.81285137852042,13.6737033137811
00-0036912,2023_01_PHI_NE,2023,1,17.7,13.736372289296325,2,14.835308318888314,13.416551922457325
00-0036936,2023_01_ARI_WAS,2023,1,7.5,9.193004640848363,2,9.754856387333056,9.284777242784743
00-0036955,2023_01_CAR_ATL,2023,1,4.300000000000001,11.884090837810138,2,11.843256510062725,11.889940887183291
00-0036963,2023_01_DET_KC,2023,1,19.1,14.097076153816502,2,14.05312496140232,13.94783247468446
00-0036980,2023_01_CIN_CLE,2023,1,9.2,10.394275823859422,2,10.90971737008893,10.409525911241737
00-0036988,2023_01_MIA_LAC,2023,1,1.4,8.254202772585886,2,7.694413939223233,8.6042971029009
00-0037098,2023_01_GB_CHI,2023,1,3.8,5.617104151815046,2,5.863217032933831,6.014483900038581
00-0037238,2023_01_CAR_ATL,2023,1,0.0,14.053414703069931,2,14.086157996073382,13.894092569076143
00-0037239,2023_01_TEN_NO,2023,1,19.200000000000003,12.796982659270315,2,11.879109118427024,12.888998286059987
00-0037247,2023_01_SF_PIT,2023,1,8.6,12.48228499506606,2,11.669835548806578,12.578357207834475
00-0037382,2023_01_LV_DEN,2023,1,5.1,6.0669214095617905,2,7.249158639804055,6.272173223914141
00-0037545,2023_01_TEN_NO,2023,1,21.0,7.748540093906906,2,7.739070964234728,8.039845149706311
00-0037664,2023_01_JAX_IND,2023,1,1.5,15.19504705349681,2,16.093626251283254,14.80699577355779
00-0037740,2023_01_BUF_NYJ,2023,1,14.4,13.712557681217302,2,14.108703329071016,13.51490250919608
00-0037741,2023_01_ARI_WAS,2023,1,9.0,12.371064013559513,2,12.677858079638003,12.283068278939748
00-0037742,2023_01_TEN_NO,2023,1,4.7,13.910781136304132,2,13.442625316501498,13.847366732815336
00-0037816,2023_01_GB_CHI,2023,1,18.6,7.189413507736415,2,6.946333129822606,7.560090776601711
00-0037837,2023_01_SF_PIT,2023,1,9.7,7.9352879669623935,2,7.9689205652748205,8.206070377578254
00-0038090,2023_01_DET_KC,2023,1,0.4,10.573386440007045,2,10.362812337195312,10.700512887803283
00-0038393,2023_01_GB_CHI,2023,1,0.0,6.681733506722014,2,6.836122802053621,7.019968859331696
00-0038465,2023_01_GB_CHI,2023,1,0.0,4.78102053820193,2,5.169802912523338,5.212737752152679
00-0038543,2023_01_LA_SEA,2023,1,4.3,7.138925558291909,2,7.846002454403413,7.350252950976992
00-0038559,2023_01_ARI_WAS,2023,1,3.9,12.267137993182244,2,12.440322262492812,12.209357685290051
00-0038608,2023_01_PHI_NE,2023,1,0.0,8.039901250178223,2,7.87413834084303,8.337512250954177
00-0038621,2023_01_PHI_NE,2023,1,8.0,6.161154305572934,2,6.504549357244763,6.503595133015323
00-0038938,2023_01_DAL_NYG,2023,1,0.0,6.357053279711337,2,6.657788310899679,6.693031399594427
00-0038977,2023_01_HOU_BAL,2023,1,6.4,7.957010194489444,2,8.32690130033027,8.168614893834084
00-0038994,2023_01_TB_MIN,2023,1,16.1,7.691072144450784,2,8.20800226516484,7.896169710128008
00-0038997,2023_01_JAX_IND,2023,1,6.0,13.686814359159714,2,12.604083756018492,13.74451665297593
00-0039052,2023_01_TB_MIN,2023,1,8.8,6.561480951322022,2,6.714382678316453,6.9084280972561185
00-0039062,2023_01_CAR_ATL,2023,1,3.7,13.518486767210284,2,12.747209278473434,13.534629375088825
00-0039064,2023_01_HOU_BAL,2023,1,17.700000000000003,13.289263604645859,2,14.031829622958726,13.061984266372596
00-0039075,2023_01_LA_SEA,2023,1,21.9,11.82852582700804,2,11.583154058282604,11.873350561195288
00-0039146,2023_01_GB_CHI,2023,1,6.6000000000000005,7.848280079994531,2,8.197144172713871,8.07113621250536
00-0028002,2023_02_NYJ_DAL,2023,2,0.0,3.0802022070603545,2,2.8756880743287323,3.733247573067057
00-0030035,2023_02_NO_CAR,2023,2,20.4,8.099730654506784,2,8.993671105625243,8.211452503304015
00-0030279,2023_02_LAC_TEN,2023,2,31.1,16.646812714656555,2,16.58822416553276,16.32076842906575
00-0030431,2023_02_IND_HOU,2023,2,13.4,13.558271524792044,2,13.472325195960329,13.45411914735772
00-0030564,2023_02_LAC_TEN,2023,2,8.0,10.240830691925826,2,8.391713126205351,10.67226544388876
00-0031235,2023_02_BAL_CIN,2023,2,5.9,7.324829589765349,2,8.009920574270161,7.526852680446665
00-0031381,2023_02_LV_BUF,2023,2,20.4,14.760922064524765,2,15.657748130887455,14.4037011736171
00-0031408,2023_02_CHI_TB,2023,2,29.1,11.132627744645905,2,10.063628140181867,11.367598986008051
00-0031428,2023_02_CLE_PIT,2023,2,3.2,11.18831927711226,2,10.411894483365735,11.369213301970207
00-0031544,2023_02_CLE_PIT,2023,2,16.0,10.231661089481513,2,10.539502566746382,10.293939203698772
00-0031547,2023_02_MIA_NE,2023,2,11.7,9.623714775529358,2,8.789205208813407,9.924597936146702
00-0031588,2023_02_LV_BUF,2023,2,13.6,16.991281344007874,2,17.43732803155143,16.55449474279159
00-0032211,2023_02_SEA_DET,2023,2,25.9,11.414859033049625,2,10.8593944038487,11.54193897476314
00-0032398,2023_02_LAC_TEN,2023,2,5.9,4.265367592206383,2,4.780024509386876,4.711767421385005
00-0032464,2023_02_SEA_DET,2023,2,13.7,5.626423516754619,2,5.31735074361856,6.1183321093208916
00-0032765,2023_02_NO_CAR,2023,2,12.5,8.66423432248928,2,9.312017784033252,8.778460046930885
00-0033009,2023_02_BAL_CIN,2023,2,11.2,10.180863646799379,2,11.938734636662767,9.998112672410736
00-0033040,2023_02_MIA_NE,2023,2,15.0,16.29695692350085,2,17.701796088755835,15.744617750485055
00-0033251,2023_02_NYG_ARI,2023,2,1.9,3.247021199875781,2,2.881289177095409,3.915975151269194
00-0033282,2023_02_WAS_DEN,2023,2,6.2,8.722647853040016,2,9.192844409228162,8.8632121708887
00-0033292,2023_02_CHI_TB,2023,2,0.0,4.967231296715343,2,5.711909988911354,5.324836330801974
00-0033307,2023_02_MIA_NE,2023,2,6.9,7.90760302871537,2,7.929846805515829,8.182284946677912
00-0033536,2023_02_LAC_TEN,2023,2,16.6,11.699545862106618,2,12.022386001346568,11.65602358273334
00-0033555,2023_02_GB_ATL,2023,2,9.0,9.035813865333797,2,7.974608824661898,9.41690711197442
00-0033572,2023_02_KC_JAX,2023,2,1.5,5.573317616953892,2,5.678883031616922,5.997872919123797
00-0033857,2023_02_MIA_NE,2023,2,7.800000000000001,8.80629685888522,2,10.20822307605029,8.781237460850578
00-0033891,2023_02_KC_JAX,2023,2,0.0,12.594069054261048,2,12.608586947357493,12.540500010872922
00-0033921,2023_02_CHI_TB,2023,2,10.8,11.233825572721,2,10.69119744475341,11.371435921367684
00-0033943,2023_02_SEA_DET,2023,2,23.6,14.240146053323125,2,12.976867004965364,14.289889584414729
00-0034272,2023_02_KC_JAX,2023,2,3.3,9.780628099228277,2,8.798036076183061,10.0958644465463
00-0034348,2023_02_WAS_DEN,2023,2,11.6,11.989321969805507,2,11.928234594681378,11.991243943297189
00-0034386,2023_02_KC_JAX,2023,2,7.2,4.8576160453851145,2,6.0221161434609165,5.150953166127653
00-0034521,2023_02_NYJ_DAL,2023,2,4.300000000000001,10.23122412428019,2,10.449475647812928,10.308892786064389
00-0034764,2023_02_NYJ_DAL,2023,2,1.3,7.13916921917258,2,6.784489447428348,7.532513158839936
00-0034775,2023_02_KC_JAX,2023,2,21.96,9.834282464976138,2,9.371075327487958,10.056699233037298
00-0034777,2023_02_NO_CAR,2023,2,2.5,3.8608414798439696,2,4.352192205414391,4.339685339124569
00-0034827,2023_02_CHI_TB,2023,2,16.4,10.074819390372312,2,10.859420608172517,10.066388953002557
00-0034837,2023_02_KC_JAX,2023,2,5.2,18.637751950560236,2,20.172173864212063,17.898580049882693
00-0034983,2023_02_LV_BUF,2023,2,3.3000000000000003,8.148944000718673,2,9.412369012771824,8.193858360358973
00-0035535,2023_02_NYG_ARI,2023,2,9.2,11.05314634258944,2,10.72851088862953,11.166089030295751
00-0035639,2023_02_NYG_ARI,2023,2,6.1,7.147817406607897,2,6.542411099569909,7.583539165086121
00-0035640,2023_02_SEA_DET,2023,2,13.5,14.039674578165304,2,12.85901470131865,14.089351550612024
00-0035659,2023_02_WAS_DEN,2023,2,16.4,8.676473779853097,2,8.42202816875912,8.944522117041219
00-0035662,2023_02_NYG_ARI,2023,2,17.4,12.576463598665816,2,12.81150403927539,12.486325001725035
00-0035676,2023_02_MIN_PHI,2023,2,6.9,16.309586038996365,2,16.699994950855082,15.930278493119992
00-0035719,2023_02_SF_LA,2023,2,22.1,15.095107599209548,2,15.865329698468694,14.736090838041466
00-0036165,2023_02_NYG_ARI,2023,2,14.0,8.867091926954764,2,9.238503176401595,9.01443454354209
00-0036182,2023_02_LAC_TEN,2023,2,11.5,8.625217454552116,2,7.899838354310114,8.977609942257619
00-0036196,2023_02_LV_BUF,2023,2,21.200000000000003,7.799919827729367,2,9.432798951603086,7.8060379558181054
00-0036233,2023_02_CLE_PIT,2023,2,1.7000000000000002,7.689991951598168,2,8.251903928082658,7.88745353319359
00-0036252,2023_02_IND_HOU,2023,2,13.6,16.582379833944472,2,16.96861609027164,16.184603459719554
00-0036259,2023_02_SF_LA,2023,2,7.1000000000000005,5.745204754451513,2,6.9770103813789675,5.964582987794979
00-0036261,2023_02_SF_LA,2023,2,7.3,11.313870334846074,2,11.364298221864042,11.344174597668598
00-0036322,2023_02_MIN_PHI,2023,2,24.9,16.591281977031542,2,16.015595133653598,16.35779720008162
00-0036326,2023_02_CHI_TB,2023,2,12.6,7.991559915531232,2,8.308895371297302,8.209745350704072
00-0036345,2023_02_MIN_PHI,2023,2,12.4,11.241866866772991,2,11.031258422675444,11.32198834359284
00-0036358,2023_02_NYJ_DAL,2023,2,25.3,10.445759839068561,2,9.580000368146331,10.694190377929091
00-0036407,2023_02_WAS_DEN,2023,2,5.5,7.300553967972402,2,8.21364643455985,7.465194352619444
00-0036410,2023_02_BAL_CIN,2023,2,28.9,12.489186218089923,2,11.501094242162704,12.614886270209198
00-0036415,2023_02_SF_LA,2023,2,1.9,12.104916187452535,2,13.04026649280503,11.927873983550104
00-0036550,2023_02_BAL_CIN,2023,2,4.8,7.514006676168826,2,8.984213845640001,7.568121052335517
00-0036554,2023_02_IND_HOU,2023,2,27.6,11.096082347497678,2,7.733002650057809,11.726933955168674
00-0036613,2023_02_MIA_NE,2023,2,12.4,10.342577746831054,2,9.97497802291121,10.512857184003508
00-0036849,2023_02_SF_LA,2023,2,15.2,15.75380786240658,2,16.34508085483905,15.379148098419323
00-0036900,2023_02_BAL_CIN,2023,2,8.1,14.427736052401272,2,14.15987161941664,14.293627705894805
00-0036912,2023_02_MIN_PHI,2023,2,23.1,15.283581637314468,2,16.66586444754722,14.806375231316991
00-0036936,2023_02_NYG_ARI,2023,2,2.4000000000000004,8.382332053524475,2,8.43854577925328,8.61780466842765
00-0036963,2023_02_SEA_DET,2023,2,14.2,14.931140502724082,2,14.273984001416904,14.828372734682109
00-0036980,2023_02_CLE_PIT,2023,2,7.1000000000000005,11.082761736918135,2,10.767690609758638,11.191981959921426
00-0036988,2023_02_LAC_TEN,2023,2,4.3,4.530405208188467,2,4.752075273995705,5.008397632262245
00-0037098,2023_02_GB_ATL,2023,2,1.6,4.610517633256984,2,5.190734390911219,5.021404843033541
00-0037238,2023_02_GB_ATL,2023,2,18.7,10.111082590667083,2,9.65960619703668,10.312022214885896
00-0037239,2023_02_NO_CAR,2023,2,14.6,16.16014630879443,2,18.387372061151225,15.476433640453571
00-0037247,2023_02_CLE_PIT,2023,2,22.700000000000003,10.821430898589723,2,9.731303045225244,11.081909394171404
00-0037382,2023_02_WAS_DEN,2023,2,20.6,4.6148593895858445,2,5.671843851588003,4.943701462508719
00-0037487,2023_02_CHI_TB,2023,2,1.1,5.567839056851534,2,6.193026424243278,5.9036926561918435
00-0037545,2023_02_NO_CAR,2023,2,10.3,9.442158967475487,2,7.986604432319618,9.862285561556662
00-0037664,2023_02_IND_HOU,2023,2,4.800000000000001,9.983905874709967,2,10.894417794508552,9.960282070187734
00-0037666,2023_02_NYJ_DAL,2023,2,4.8,5.615692108412492,2,6.1828406368774145,5.958130956905279
00-0037740,2023_02_NYJ_DAL,2023,2,16.3,13.536645026416746,2,12.837000654261082,13.53922946110584
00-0037741,2023_02_WAS_DEN,2023,2,5.2,12.46622835451695,2,12.519026898201115,12.415086647742504
00-0037742,2023_02_LAC_TEN,2023,2,10.6,6.973595787532497,2,7.182029264958499,7.282040291138816
00-0037816,2023_02_GB_ATL,2023,2,5.0,11.776236104029302,2,10.172301258636638,12.057657994596992
00-0037837,2023_02_CLE_PIT,2023,2,1.8,9.789787726809713,2,8.958511061178857,10.078437546732983
00-0038090,2023_02_KC_JAX,2023,2,16.0,6.690347363663727,2,7.743327285845796,6.873917391167584
00-0038393,2023_02_GB_ATL,2023,2,12.0,3.72051445874693,2,3.9137009440629,4.260345805818368
00-0038543,2023_02_SEA_DET,2023,2,8.4,6.930312949935086,2,6.738192773627394,7.310474544254667
00-0038559,2023_02_NYG_ARI,2023,2,8.600000000000001,5.689042571530987,2,5.921900632481445,6.083635736095164
00-0038647,2023_02_SF_LA,2023,2,0.0,5.499020997925384,2,6.052424282613193,5.852021301298541
00-0038977,2023_02_IND_HOU,2023,2,20.2,9.805865515462662,2,10.400918125090886,9.848846554156788
00-0038994,2023_02_MIN_PHI,2023,2,16.2,10.579820670041283,2,9.680123973537746,10.82464177999831
00-0038997,2023_02_IND_HOU,2023,2,7.7,10.493835330312994,2,11.279112593428955,10.455821709016432
00-0039052,2023_02_CHI_TB,2023,2,3.0,5.513792348973871,2,6.071804489390252,5.864963688900686
00-0039062,2023_02_NO_CAR,2023,2,5.6,9.656502762980098,2,9.708699116938211,9.803058136276004
00-0039064,2023_02_BAL_CIN,2023,2,10.8,16.16302879941434,2,18.73826696694301,15.419448165860546
00-0039075,2023_02_SF_LA,2023,2,30.1,20.587789853638398,2,20.432149375116097,20.001235654215865
00-0039146,2023_02_GB_ATL,2023,2,19.7,8.432612450209039,2,8.938431250775139,8.587466213007602
00-0028002,2023_03_NE_NYJ,2023,3,2.2,5.635757629911583,2,5.83027963346815,6.04067061043776
00-0030035,2023_03_CAR_SEA,2023,3,31.5,11.572100426151755,2,11.453406898836814,11.61323981835622
00-0030279,2023_03_LAC_MIN,2023,3,45.46,18.402921730686103,2,17.620401101707117,18.07749423849111
00-0030431,2023_03_HOU_JAX,2023,3,6.4,13.943391523023182,2,13.016127877046973,13.95639588714661
00-0030564,2023_03_TEN_CLE,2023,3,7.800000000000001,11.80681213070214,2,10.818974164936018,11.98045656361421
00-0031236,2023_03_DAL_ARI,2023,3,3.7,9.37134789495181,2,9.998466687457055,9.439388756317555
00-0031381,2023_03_PIT_LV,2023,3,42.2,17.288792611852557,2,15.471868189554469,17.219060352295152
00-0031408,2023_03_PHI_TB,2023,3,17.0,13.773578535042478,2,11.656538066860152,14.00250718610528
00-0031428,2023_03_PIT_LV,2023,3,6.4,10.764029365290504,2,11.38533188623923,10.735127134388764
00-0031544,2023_03_TEN_CLE,2023,3,24.6,14.593368395940697,2,13.461992485629215,14.59565734605684
00-0031547,2023_03_NE_NYJ,2023,3,3.9,10.416502467324394,2,10.382175559872762,10.524444939127944
00-0031549,2023_03_IND_BAL,2023,3,7.9,7.731442201299599,2,8.120135913239046,7.955686333374686
00-0031588,2023_03_BUF_WAS,2023,3,19.1,14.499511032321614,2,15.30434820805609,14.176444967125768
00-0032211,2023_03_CAR_SEA,2023,3,8.4,14.099594692201448,2,14.05057508614874,13.95104285500588
00-0032398,2023_03_TEN_CLE,2023,3,6.1000000000000005,4.120314851678095,2,3.063835943164729,4.846280089875092
00-0032464,2023_03_ATL_DET,2023,3,9.5,7.1712848012863475,2,6.96637606960344,7.5366926036637585
00-0032688,2023_03_DEN_MIA,2023,3,13.8,5.640346909519485,2,6.001414878073044,6.016383549041588
00-0032765,2023_03_NO_GB,2023,3,11.0,8.879330310403361,2,8.914370093773545,9.083481725949945
00-0033009,2023_03_LA_CIN,2023,3,8.9,8.832890737256516,2,9.757484433139188,8.887797764302281
00-0033040,2023_03_DEN_MIA,2023,3,30.700000000000003,10.455884484855956,2,10.041933885567229,10.6261422915257
00-0033282,2023_03_BUF_WAS,2023,3,7.4,9.405357818742347,2,9.374890178708853,9.583747341512083
00-0033307,2023_03_NE_NYJ,2023,3,8.600000000000001,8.455642636769216,2,8.635661433515454,8.664733832998586
00-0033536,2023_03_LAC_MIN,2023,3,25.1,13.601142923590702,2,14.42743432590783,13.337576322607887
00-0033555,2023_03_ATL_DET,2023,3,3.3000000000000003,10.976928851986269,2,10.40560635937858,11.137524979250996
00-0033572,2023_03_HOU_JAX,2023,3,6.9,5.493070626715828,2,5.290446968058362,5.976107006123695
00-0033857,2023_03_NE_NYJ,2023,3,1.5,9.261665633990159,2,10.100959803156538,9.301043326449587
00-0033921,2023_03_PHI_TB,2023,3,8.2,13.884755563344337,2,14.207385845392144,13.687594480321737
00-0034054,2023_03_DEN_MIA,2023,3,2.3,5.697286933281494,2,5.904179566490786,6.0957519760231635
00-0034272,2023_03_CHI_KC,2023,3,4.7,5.725396201704963,2,6.353613999309879,6.049650046862725
00-0034348,2023_03_DEN_MIA,2023,3,19.1,13.38729608314328,2,12.803448291032671,13.38053064309328
00-0034386,2023_03_CHI_KC,2023,3,7.1000000000000005,5.996051351172082,2,5.922834372187782,6.421529404744351
00-0034407,2023_03_NYG_SF,2023,3,0.0,5.770457218437396,2,6.154243461539388,6.133448903889444
00-0034419,2023_03_DEN_MIA,2023,3,5.300000000000001,7.1508861411637845,2,7.349465243841782,7.448552198710463
00-0034487,2023_03_BUF_WAS,2023,3,3.8,3.7425227200494637,2,3.865746758467418,4.292801102160837
00-0034521,2023_03_NE_NYJ,2023,3,6.9,9.320738778125673,2,8.259071444399883,9.681873950124714
00-0034764,2023_03_DAL_ARI,2023,3,15.2,5.912008450247611,2,6.657034370831287,6.20311253885581
00-0034775,2023_03_HOU_JAX,2023,3,15.4,12.703121682260312,2,12.575187777000185,12.666306274584144
00-0034777,2023_03_CAR_SEA,2023,3,18.6,4.1228877874780405,2,4.6666488585651456,4.574317719207497
00-0034827,2023_03_CHI_KC,2023,3,13.1,11.464725352708244,2,11.79861235781578,11.435822877693314
00-0034837,2023_03_HOU_JAX,2023,3,7.0,15.116058365704335,2,15.354227437792389,14.846786480131907
00-0034960,2023_03_PIT_LV,2023,3,15.5,15.39913464267043,2,15.634624017864622,15.110414852189209
00-0034983,2023_03_PIT_LV,2023,3,3.7,5.837016757598514,2,5.783085161347214,6.270372515288518
00-0035208,2023_03_PHI_TB,2023,3,13.8,5.358271331551861,2,5.847293569326048,5.7322077071844255
00-0035535,2023_03_NYG_SF,2023,3,6.2,10.94073373957498,2,12.059036583639417,10.814196180999026
00-0035639,2023_03_NYG_SF,2023,3,8.4,5.385025148323041,2,6.5620405126388075,5.639126556119724
00-0035640,2023_03_CAR_SEA,2023,3,17.200000000000003,13.559149343659012,2,12.566501018384855,13.610385449569456
00-0035659,2023_03_BUF_WAS,2023,3,10.1,11.057196611332479,2,11.483521886876089,11.041105428531695
00-0035662,2023_03_DAL_ARI,2023,3,17.1,14.172508821922815,2,14.800561252166844,13.90274816942673
00-0035676,2023_03_PHI_TB,2023,3,22.1,15.046499933063204,2,14.64572378292242,14.891664192789133
00-0035719,2023_03_NYG_SF,2023,3,25.1,16.60706063461864,2,15.191434858222756,16.516470195767436
00-0036165,2023_03_NYG_SF,2023,3,0.0,7.4234016330403065,2,9.3837838623385,7.399849367843221
00-0036196,2023_03_BUF_WAS,2023,3,10.3,9.09104665707491,2,10.485055561416972,9.047319630881102
00-0036233,2023_03_TEN_CLE,2023,3,7.9,8.97738697722638,2,9.808647842849725,9.038133830442437
00-0036252,2023_03_IND_BAL,2023,3,16.7,19.91149698106264,2,18.298531896785605,19.622355179713985
00-0036259,2023_03_NYG_SF,2023,3,5.1,4.674064206333657,2,6.139808292510139,4.928662597145062
00-0036309,2023_03_CHI_KC,2023,3,0.0,12.323919457886364,2,11.173251320929028,12.489114882182882
00-0036322,2023_03_LAC_MIN,2023,3,27.9,18.48893679620334,2,17.55739410212534,18.183009499755823
00-0036326,2023_03_CHI_KC,2023,3,2.5,10.76223706739197,2,10.780284642886588,10.836886384391
00-0036345,2023_03_LAC_MIN,2023,3,10.6,11.759050534195485,2,10.890073912704684,11.915675525523149
00-0036358,2023_03_DAL_ARI,2023,3,10.2,15.873585115657159,2,16.9993343351743,15.398868336488182
00-0036407,2023_03_DEN_MIA,2023,3,13.1,10.568687233766159,2,10.600700578972384,10.65455356284176
00-0036410,2023_03_LA_CIN,2023,3,4.1,13.984094860910998,2,13.362691283403356,13.941798351543763
00-0036415,2023_03_LA_CIN,2023,3,6.0,9.368728422407607,2,9.219926192769616,9.56998187002166
00-0036550,2023_03_IND_BAL,2023,3,1.6,8.264179271501408,2,9.486394825251905,8.308054902478085
00-0036554,2023_03_HOU_JAX,2023,3,5.4,12.299591294417965,2,10.850592097964824,12.517645192043824
00-0036849,2023_03_LA_CIN,2023,3,17.2,14.37005967780246,2,12.670822270600176,14.485410252196823
00-0036900,2023_03_LA_CIN,2023,3,26.1,13.298656308223709,2,14.643391573328056,12.967477062267434
00-0036912,2023_03_PHI_TB,2023,3,6.800000000000001,14.071462757211222,2,11.70246411754464,14.322639873590614
00-0036936,2023_03_DAL_ARI,2023,3,16.2,6.738074427883293,2,7.545912211781245,6.960316632579852
00-0036955,2023_03_CAR_SEA,2023,3,8.5,6.266719280764837,2,6.159944429878619,6.678915978234775
00-0036963,2023_03_ATL_DET,2023,3,19.6,16.370573696558075,2,15.680391104172324,16.172240031486716
00-0036980,2023_03_TEN_CLE,2023,3,11.8,12.162114074591553,2,11.669306644148948,12.225901024830517
00-0036988,2023_03_LAC_MIN,2023,3,14.6,6.408076607239224,2,6.896786725633487,6.708238981384045
00-0037098,2023_03_NO_GB,2023,3,2.0,3.086833337067556,2,3.153696290418048,3.6928859174460618
00-0037216,2023_03_CHI_KC,2023,3,0.0,2.6932485740333023,2,1.824901285413789,3.4873178205958055
00-0037238,2023_03_ATL_DET,2023,3,5.1,12.143302191356163,2,13.588615716805355,11.876129459745448
00-0037239,2023_03_NO_GB,2023,3,18.4,15.647140850052468,2,16.442171780338306,15.245049004145956
00-0037247,2023_03_PIT_LV,2023,3,11.5,15.246056987037965,2,14.778751688922943,15.088593545673271
00-0037382,2023_03_DEN_MIA,2023,3,3.2,7.1549029544293985,2,8.688299364159967,7.223437757593059
00-0037545,2023_03_NO_GB,2023,3,6.0,11.381993895182683,2,10.789664350080272,11.517705410019127
00-0037664,2023_03_IND_BAL,2023,3,7.3,10.98118192744064,2,12.41802971672776,10.79718667041064
00-0037740,2023_03_NE_NYJ,2023,3,9.8,13.842927068302426,2,14.9582233411627,13.51280834659634
00-0037741,2023_03_BUF_WAS,2023,3,4.1,11.78193411986863,2,11.935630278890104,11.761616908447667
00-0037742,2023_03_TEN_CLE,2023,3,1.5,8.884744248567715,2,7.529289144263178,9.32690938660094
00-0037816,2023_03_NO_GB,2023,3,18.3,9.96466931174179,2,9.668058796328994,10.149354345097256
00-0037837,2023_03_PIT_LV,2023,3,15.2,9.416595282675443,2,9.938513168589871,9.499490373088666
00-0038090,2023_03_CHI_KC,2023,3,8.2,7.782169321926617,2,8.891382304345685,7.879316094977009
00-0038393,2023_03_NO_GB,2023,3,8.5,5.903908901231093,2,7.49807847955053,6.050000507688962
00-0038543,2023_03_CAR_SEA,2023,3,2.0,6.173254313804757,2,6.218908742114406,6.565890577119413
00-0038559,2023_03_DAL_ARI,2023,3,10.6,7.76142937700371,2,9.10344801679476,7.820121142188895
00-0038647,2023_03_NYG_SF,2023,3,10.4,3.2772660903749316,2,3.584582029444245,3.828701849484622
00-0038752,2023_03_CAR_SEA,2023,3,7.5,4.401813306735608,2,4.033156752523423,4.9900579490157435
00-0038977,2023_03_HOU_JAX,2023,3,25.5,10.351940711713935,2,9.776798214409022,10.557144027977303
00-0038994,2023_03_LAC_MIN,2023,3,11.2,9.461008915583253,2,8.520472320421822,9.791512243968729
00-0038997,2023_03_IND_BAL,2023,3,13.7,12.007957658617206,2,13.202540472406564,11.793289743988744
00-0039052,2023_03_PHI_TB,2023,3,1.8,7.501290549614588,2,8.228126119190666,7.683747098265203
00-0039064,2023_03_IND_BAL,2023,3,13.0,15.177869352093001,2,14.323907849478577,15.091491771502682
00-0039067,2023_03_CHI_KC,2023,3,10.9,4.496364644148737,2,4.691912747905815,4.981229469219134
00-0039075,2023_03_LA_CIN,2023,3,12.2,19.66698593735225,2,19.822304678003356,19.091874594939114
00-0039146,2023_03_NO_GB,2023,3,9.3,11.636525924981637,2,12.898972989362868,11.436343893566852
00-0026293,2023_04_NE_DAL,2023,4,0.0,3.3631962814668626,2,4.447347955041536,3.775403807897983
00-0028002,2023_04_KC_NYJ,2023,4,2.8,3.251729324480542,2,3.827708106408176,3.7588998494257937
00-0030035,2023_04_MIN_CAR,2023,4,15.2,13.670018657293712,2,13.162259285817044,13.630325726432917
00-0030279,2023_04_LV_LAC,2023,4,12.2,17.204629071731212,2,18.125737329687293,16.6713915067147
00-0030431,2023_04_PIT_HOU,2023,4,5.6,11.165930813296857,2,10.55855435065516,11.319416685784924
00-0030564,2023_04_CIN_TEN,2023,4,10.3,9.551900223526253,2,8.675184886299968,9.865069740116455
00-0031236,2023_04_NE_DAL,2023,4,6.7,9.010249491344702,2,10.082825412858996,9.027312845633167
00-0031381,2023_04_LV_LAC,2023,4,15.5,19.068522383825574,2,17.868567658769166,18.767853860203346
00-0031408,2023_04_TB_NO,2023,4,7.0,11.418797096334751,2,12.39113304858874,11.283665156958664
00-0031428,2023_04_PIT_HOU,2023,4,1.8,8.425390170230175,2,7.757388647816516,8.781998360894013
00-0031544,2023_04_BAL_CLE,2023,4,2.6,14.2723031340026,2,12.460072305562164,14.41390067669638
00-0031547,2023_04_NE_DAL,2023,4,5.300000000000001,9.626228574465548,2,10.202308084257352,9.685095431265632
00-0031549,2023_04_BAL_CLE,2023,4,1.4,7.851372595600129,2,6.462874030452671,8.37187471418977
00-0031588,2023_04_MIA_BUF,2023,4,36.0,19.0987387895725,2,18.803910065922835,18.640765280204494
00-0032211,2023_04_SEA_NYG,2023,4,9.4,11.38161069647248,2,11.330847559650769,11.42449989346439
00-0032398,2023_04_CIN_TEN,2023,4,5.4,8.106759068465776,2,8.393424140453705,8.322101435284218
00-0032765,2023_04_TB_NO,2023,4,9.3,8.567528640823472,2,8.234015378452373,8.856794354283911
00-0033009,2023_04_CIN_TEN,2023,4,6.6,10.800693570439174,2,9.933314721944246,11.024441044596372
00-0033040,2023_04_MIA_BUF,2023,4,10.2,16.434956363260433,2,15.609082663835984,16.25535865521659
00-0033282,2023_04_WAS_PHI,2023,4,18.2,8.763786283062595,2,8.764645942789944,8.981923364991186
00-0033307,2023_04_NE_DAL,2023,4,5.6,8.126122637130548,2,7.865885290258093,8.43386736446067
00-0033555,2023_04_ATL_JAX,2023,4,0.0,9.502448968845462,2,9.87056234543733,9.605675533802785
00-0033857,2023_04_NE_DAL,2023,4,2.4000000000000004,6.038324648651036,2,6.3296788829969834,6.398325644340087
00-0033921,2023_04_TB_NO,2023,4,19.4,10.75626813563767,2,10.297780967398255,10.91303708042528
00-0033943,2023_04_DET_GB,2023,4,9.9,12.601349278830925,2,11.994194633450409,12.65385137686748
00-0034272,2023_04_KC_NYJ,2023,4,1.6,4.913015518823248,2,4.992454676376969,5.388485775104911
00-0034279,2023_04_DEN_CHI,2023,4,3.1,4.628912400742316,2,4.859525315143081,5.098444097028948
00-0034348,2023_04_DEN_CHI,2023,4,11.7,15.587642228256874,2,16.971167784001295,15.088839710196874
00-0034386,2023_04_KC_NYJ,2023,4,1.5,6.6416483442546275,2,6.90860250894553,6.963403914318829
00-0034418,2023_04_MIA_BUF,2023,4,2.6,4.678471496050023,2,5.182563558168494,5.097631109744451
00-0034419,2023_04_MIA_BUF,2023,4,17.4,6.707118283460749,2,7.672455637611545,6.904534843695496
00-0034487,2023_04_MIA_BUF,2023,4,3.8,4.87079040376021,2,6.788485145156671,5.0340690077061625
00-0034521,2023_04_KC_NYJ,2023,4,15.1,10.177689946014219,2,10.701377715347997,10.206757646373898
00-0034764,2023_04_NE_DAL,2023,4,11.0,6.954003472748484,2,7.640975962784096,7.181782318775187
00-0034775,2023_04_ATL_JAX,2023,4,16.4,11.484065205857696,2,12.135818946596768,11.399305751324524
00-0034777,2023_04_MIN_CAR,2023,4,4.800000000000001,7.228380946859158,2,8.434356632632275,7.34788330917239
00-0034827,2023_04_DEN_CHI,2023,4,27.1,12.856970470370156,2,12.676280356747863,12.818380481383482
00-0034837,2023_04_ATL_JAX,2023,4,11.8,12.473876283998129,2,11.526229673812123,12.59371882000171
00-0034960,2023_04_LV_LAC,2023,4,5.300000000000001,16.53230971964274,2,18.092408773670535,15.936800720723802
00-0034983,2023_04_LV_LAC,2023,4,3.2,6.04935715593153,2,6.4533467083198515,6.389271442914618
00-0035208,2023_04_WAS_PHI,2023,4,2.1,10.444854380604186,2,11.892355158882877,10.296749926518178
00-0035341,2023_04_CIN_TEN,2023,4,2.7,4.024868635877392,2,3.7289842975240832,4.627145408603937
00-0035535,2023_04_SEA_NYG,2023,4,4.300000000000001,10.995732883992671,2,10.165207556272394,11.199445846407505
00-0035640,2023_04_SEA_NYG,2023,4,12.4,12.77302642618228,2,12.287981105909344,12.792520209403394
00-0035659,2023_04_WAS_PHI,2023,4,16.6,10.483100862331026,2,10.265738787632252,10.617740408702833
00-0035662,2023_04_ARI_SF,2023,4,16.6,14.494753348732518,2,12.388973558542286,14.67103481501356
00-0035676,2023_04_WAS_PHI,2023,4,38.5,17.343804229815056,2,19.482045564850164,16.592106867992957
00-0035719,2023_04_ARI_SF,2023,4,0.6000000000000001,18.165535277953758,2,16.439152502622157,18.018623144517026
00-0036165,2023_04_SEA_NYG,2023,4,5.4,4.834583450686952,2,3.8940124190035945,5.490445864478584
00-0036182,2023_04_CIN_TEN,2023,4,16.1,10.106066388050797,2,11.173446066238537,10.046957337845496
00-0036196,2023_04_MIA_BUF,2023,4,15.1,8.328258168123709,2,9.377604194516865,8.397265201398412
00-0036233,2023_04_BAL_CLE,2023,4,1.7000000000000002,9.489986303872232,2,11.042352826524604,9.391054120595038
00-0036252,2023_04_LA_IND,2023,4,4.5,17.62468115921635,2,16.90698875848592,17.34286887826897
00-0036261,2023_04_ARI_SF,2023,4,20.8,14.021150916360122,2,11.448107971382449,14.310848742571014
00-0036309,2023_04_DEN_CHI,2023,4,9.1,9.742267652720953,2,10.813030024424348,9.708162785211591
00-0036322,2023_04_MIN_CAR,2023,4,26.5,15.969359083748758,2,13.74909586490869,16.061566660902983
00-0036331,2023_04_BAL_CLE,2023,4,2.8,6.316110046953502,2,5.9161325080390075,6.775101699481693
00-0036345,2023_04_MIN_CAR,2023,4,2.6,10.816729119485693,2,12.769061485739808,10.555921352643615
00-0036358,2023_04_NE_DAL,2023,4,14.8,13.543783106282795,2,14.087820063681212,13.332641660874827
00-0036407,2023_04_DEN_CHI,2023,4,8.2,10.130092711817897,2,11.123339188672562,10.08200383467024
00-0036410,2023_04_CIN_TEN,2023,4,3.9,9.031752713635889,2,8.824430928135794,9.26673689409964
00-0036415,2023_04_LA_IND,2023,4,4.9,10.598938241982264,2,11.176146913475735,10.589205741247616
00-0036497,2023_04_ATL_JAX,2023,4,0.9,4.018703669161044,2,3.871296812201514,4.595958157780104
00-0036554,2023_04_PIT_HOU,2023,4,35.8,13.462159420769314,2,12.746815369777508,13.47267369604866
00-0036613,2023_04_MIA_BUF,2023,4,8.600000000000001,11.876998149479077,2,10.592235698734596,12.09661319848168
00-0036849,2023_04_LA_IND,2023,4,7.4,14.537587549563014,2,13.128056498737068,14.591487805815143
00-0036900,2023_04_CIN_TEN,2023,4,14.3,16.451720003847875,2,15.354607092639098,16.31744620718372
00-0036912,2023_04_WAS_PHI,2023,4,14.8,15.172452165828993,2,15.602312648706176,14.866349708319182
00-0036936,2023_04_ARI_SF,2023,4,0.0,11.81759407079872,2,12.632321182531896,11.681438118495896
00-0036955,2023_04_MIN_CAR,2023,4,14.6,8.129142540638925,2,7.711628659176404,8.463639288909961
00-0036963,2023_04_DET_GB,2023,4,16.6,17.51524584466314,2,17.07485632144279,17.193587194214565
00-0036980,2023_04_BAL_CLE,2023,4,2.0,13.41437655534153,2,13.059252750875777,13.366492923532228
00-0036988,2023_04_LV_LAC,2023,4,10.7,11.965938799054827,2,13.333180108686287,11.72462429138447
00-0037238,2023_04_ATL_JAX,2023,4,11.8,9.978905116203933,2,10.877122940210478,9.9577407604568
00-0037239,2023_04_TB_NO,2023,4,1.4,18.44682664852722,2,20.858844396508054,17.570621474159942
00-0037247,2023_04_PIT_HOU,2023,4,5.5,14.282840623487811,2,13.829869074139337,14.19065787295606
00-0037382,2023_04_DEN_CHI,2023,4,7.4,5.5495133617597245,2,6.811746695121506,5.7774368829255796
00-0037487,2023_04_TB_NO,2023,4,15.6,5.99950443770672,2,6.354989220719665,6.351240552270161
00-0037545,2023_04_TB_NO,2023,4,6.300000000000001,7.558564686557988,2,8.036186295104251,7.779720111661769
00-0037664,2023_04_LA_IND,2023,4,4.800000000000001,9.100693443026387,2,9.259970239601722,9.26797759576739
00-0037666,2023_04_NE_DAL,2023,4,9.3,4.829808994087275,2,4.842527631133536,5.322569696384691
00-0037740,2023_04_KC_NYJ,2023,4,15.0,15.307050697999392,2,15.207042142942928,15.082326405914916
00-0037741,2023_04_WAS_PHI,2023,4,12.7,8.571588167866311,2,9.65342755283207,8.617912180206554
00-0037816,2023_04_DET_GB,2023,4,18.5,13.26447188196657,2,13.81644555341582,13.07161227097446
00-0037837,2023_04_PIT_HOU,2023,4,5.9,10.077965259406051,2,9.82967791371515,10.246397957159454
00-0038090,2023_04_KC_NYJ,2023,4,1.9,7.538924577535822,2,8.57748397168276,7.665290785652399
00-0038117,2023_04_SEA_NYG,2023,4,9.7,6.680430234483553,2,7.9710825103984835,6.823949765575553
00-0038124,2023_04_DET_GB,2023,4,10.5,6.309345350245033,2,6.2273830788644515,6.714290359489622
00-0038393,2023_04_DET_GB,2023,4,0.0,6.305359292898096,2,7.5296434763141615,6.486634200882732
00-0038543,2023_04_SEA_NYG,2023,4,3.5,5.391991733338715,2,5.672764159897897,5.799260270949608
00-0038544,2023_04_LV_LAC,2023,4,2.8,5.961929903432849,2,6.415658570043071,6.299464947961933
00-0038559,2023_04_ARI_SF,2023,4,26.6,8.65851367878011,2,9.41977874857467,8.753685766302446
00-0038752,2023_04_SEA_NYG,2023,4,0.0,3.78685177300516,2,4.5015263012684805,4.232611035560742
00-0038938,2023_04_SEA_NYG,2023,4,3.0,5.3800586555139125,2,6.535317821916201,5.638239339673167
00-0038976,2023_04_DEN_CHI,2023,4,6.7,5.2131880160479955,2,3.597007511160639,5.958255461148006
00-0038977,2023_04_PIT_HOU,2023,4,3.9,11.975751838648527,2,12.514699483427224,11.875754669027923
00-0038994,2023_04_MIN_CAR,2023,4,0.0,9.828911293754649,2,9.678941528270428,9.998002568855776
00-0038997,2023_04_LA_IND,2023,4,5.4,10.366307273974973,2,10.810229966591834,10.39578585293516
00-0039052,2023_04_TB_NO,2023,4,8.6,7.018108613286356,2,6.7186992080450505,7.410490264930056
00-0039064,2023_04_BAL_CLE,2023,4,8.0,13.888618934993378,2,15.44629943171348,13.479442033674568
00-0039067,2023_04_KC_NYJ,2023,4,6.2,8.646261194492215,2,9.139442416089944,8.788256777469226
00-0039075,2023_04_LA_IND,2023,4,31.3,19.477218879428854,2,20.678659831515095,18.736099676487033
00-0039146,2023_04_DET_GB,2023,4,10.5,11.046309985436183,2,11.633084654703046,11.003476035368225
00-0026293,2023_05_NO_NE,2023,5,0.0,1.5278110234790545,2,2.053745187333979,2.164795970111614
00-0028002,2023_05_NYJ_DEN,2023,5,0.0,3.6874904430846396,2,3.6475359042421656,4.269615243563022
00-0029293,2023_05_CAR_DET,2023,5,4.2,7.191603732296772,2,8.184333538054723,7.350252553401127
00-0030035,2023_05_CAR_DET,2023,5,27.700000000000003,14.275912325220082,2,14.827402147369552,14.012006160377664
00-0030431,2023_05_HOU_ATL,2023,5,6.0,9.247741441305555,2,8.68310243257023,9.52879674743809
00-0030564,2023_05_TEN_IND,2023,5,22.0,12.874705003450208,2,12.201220280093628,12.919355382196622
00-0031235,2023_05_BAL_PIT,2023,5,3.3,5.564593714945083,2,5.8267768299227285,5.962911083980376
00-0031236,2023_05_DAL_SF,2023,5,2.3,7.390538992625492,2,8.57825917226892,7.501767426192988
00-0031381,2023_05_GB_LV,2023,5,8.5,18.570999467347477,2,18.437445155301553,18.122489389601064
00-0031428,2023_05_BAL_PIT,2023,5,7.9,8.730895358284883,2,9.680679243361022,8.788656454965608
00-0031547,2023_05_NO_NE,2023,5,4.0,9.168524122171833,2,9.537472668271592,9.295090752026592
00-0031549,2023_05_BAL_PIT,2023,5,10.4,4.812128721543115,2,5.038457882016555,5.26951016903253
00-0031588,2023_05_JAX_BUF,2023,5,24.1,17.026670237001035,2,15.838634480856316,16.86755142528613
00-0032464,2023_05_CAR_DET,2023,5,7.5,7.595948193652257,2,8.190331083756627,7.794456398102445
00-0032765,2023_05_NO_NE,2023,5,10.5,7.782064957954473,2,6.824851863751068,8.233499066531715
00-0033009,2023_05_CIN_ARI,2023,5,9.9,9.34441629159395,2,8.454251745564033,9.674482917072716
00-0033040,2023_05_NYG_MIA,2023,5,32.1,11.937541792258767,2,11.807326770707189,11.954956846727589
00-0033282,2023_05_CHI_WAS,2023,5,18.5,10.75917371803299,2,10.125964696984838,10.945693649288176
00-0033307,2023_05_NO_NE,2023,5,6.3,9.985571501134167,2,9.797528091925232,10.150173218477391
00-0033555,2023_05_HOU_ATL,2023,5,4.9,5.225322626677633,2,5.520564110398261,5.641831503840788
00-0033857,2023_05_NO_NE,2023,5,3.6,5.154447925660898,2,5.447701390706953,5.576281900650642
00-0033891,2023_05_JAX_BUF,2023,5,11.3,6.378197192297752,2,7.019419299808608,6.6543133006793145
00-0033908,2023_05_PHI_LA,2023,5,19.8,11.483503465643631,2,11.70773079534639,11.472081107364952
00-0033943,2023_05_CAR_DET,2023,5,17.6,9.798183871045438,2,9.52828101223546,9.989998071628024
00-0034272,2023_05_KC_MIN,2023,5,2.2,6.842098138877475,2,7.120333430006924,7.147822984007528
00-0034279,2023_05_CHI_WAS,2023,5,0.0,4.274321626780672,2,4.345113024138325,4.796190626719916
00-0034348,2023_05_NYJ_DEN,2023,5,2.3,14.057870489188739,2,13.230808026042492,14.045645056423488
00-0034386,2023_05_KC_MIN,2023,5,7.6,6.236757541429454,2,7.4916766001673984,6.417604645192512
00-0034418,2023_05_NYG_MIA,2023,5,9.2,4.724121003733979,2,4.736128504108459,5.2244361309956115
00-0034419,2023_05_NYG_MIA,2023,5,3.3,7.031158231859819,2,6.374258232213051,7.483912417463677
00-0034521,2023_05_NYJ_DEN,2023,5,6.300000000000001,10.152101365439332,2,10.571430762482882,10.200860382480696
00-0034764,2023_05_DAL_SF,2023,5,3.5,9.977518293290746,2,9.766993824933996,10.146540634492606
00-0034775,2023_05_JAX_BUF,2023,5,14.4,14.220940821931253,2,14.817884969751372,13.953107574244411
00-0034777,2023_05_CAR_DET,2023,5,13.2,6.513968712885362,2,8.574904884381088,6.537132733186502
00-0034827,2023_05_CHI_WAS,2023,5,49.0,15.26596571761507,2,15.5451443300927,14.979120691699652
00-0034837,2023_05_JAX_BUF,2023,5,20.6,12.354531771997049,2,11.737268957806114,12.426124303814728
00-0034854,2023_05_HOU_ATL,2023,5,2.1,3.6277892178178712,2,3.919164256746192,4.157307452134079
00-0034960,2023_05_GB_LV,2023,5,20.5,13.336157611408904,2,14.118195165986531,13.09881322636397
00-0035341,2023_05_CIN_ARI,2023,5,14.0,7.11326959387085,2,5.622801949719674,7.70316094242772
00-0035535,2023_05_NYG_MIA,2023,5,5.5,7.903315924375523,2,7.134965533837752,8.313843353302987
00-0035659,2023_05_CHI_WAS,2023,5,8.9,13.893985577715048,2,13.648480932558686,13.793579720596044
00-0035662,2023_05_CIN_ARI,2023,5,16.1,15.655883347760236,2,15.422439373326371,15.429504351197233
00-0035676,2023_05_PHI_LA,2023,5,18.700000000000003,19.567236197118,2,19.75731492762473,18.99318029810782
00-0035719,2023_05_DAL_SF,2023,5,11.5,14.16741133017178,2,13.966333443366386,14.040160038706343
00-0036165,2023_05_NYG_MIA,2023,5,3.9,5.1430942000478455,2,4.262180291275146,5.767032647043962
00-0036182,2023_05_TEN_IND,2023,5,1.9,8.79458923541962,2,8.803520340250003,9.00917628591768
00-0036196,2023_05_JAX_BUF,2023,5,22.0,8.333027288750468,2,9.030580361523674,8.462012345290598
00-0036252,2023_05_TEN_IND,2023,5,10.2,16.12328167503872,2,16.511201051320505,15.757502796257668
00-0036259,2023_05_DAL_SF,2023,5,2.9000000000000004,4.625826144845227,2,5.908548983184854,4.915195092902512
00-0036261,2023_05_DAL_SF,2023,5,9.8,13.613334801475416,2,12.659892884145831,13.65403854474462
00-0036271,2023_05_PHI_LA,2023,5,2.4,7.439455027272206,2,9.168966241292454,7.454355665235161
00-0036309,2023_05_CHI_WAS,2023,5,0.0,10.582229742787053,2,11.77693227408496,10.4678055604096
00-0036322,2023_05_KC_MIN,2023,5,5.800000000000001,16.429399874201195,2,16.700449664940017,16.062130040903746
00-0036345,2023_05_KC_MIN,2023,5,9.9,10.845235096269365,2,12.622481194708165,10.61244044661658
00-0036358,2023_05_DAL_SF,2023,5,8.9,13.631902696846545,2,13.992225299397466,13.446061292646975
00-0036407,2023_05_NYJ_DEN,2023,5,11.0,10.347755792291045,2,8.850616093649096,10.711325926841056
00-0036550,2023_05_BAL_PIT,2023,5,1.8,4.157056972307756,2,3.9135440175444423,4.741058753848863
00-0036554,2023_05_HOU_ATL,2023,5,6.9,13.585031912730186,2,11.852720255782558,13.761259972558948
00-0036613,2023_05_NYG_MIA,2023,5,14.5,11.078153184523133,2,10.730301672994027,11.193317561806428
00-0036849,2023_05_PHI_LA,2023,5,8.9,16.457584098406898,2,16.612905739120816,16.108173311719387
00-0036900,2023_05_CIN_ARI,2023,5,52.2,17.694683946064643,2,18.46167099379671,17.153406720610672
00-0036912,2023_05_PHI_LA,2023,5,1.6,15.647878861678757,2,15.238629626829225,15.4522038473465
00-0036913,2023_05_KC_MIN,2023,5,7.7,5.289773384029839,2,5.739232818122281,5.6753097500954475
00-0036936,2023_05_CIN_ARI,2023,5,10.6,8.434642810776362,2,10.441752122834098,8.331963890782449
00-0037238,2023_05_HOU_ATL,2023,5,14.68,9.343960750022974,2,7.8821061036178195,9.772073257108598
00-0037239,2023_05_NO_NE,2023,5,9.2,14.532141487010925,2,14.155411401386932,14.409355387510455
00-0037240,2023_05_CAR_DET,2023,5,2.2,6.002839858659928,2,6.774639799237755,6.2829659398940905
00-0037247,2023_05_BAL_PIT,2023,5,26.6,13.78189029284499,2,12.402600569071751,13.883750180335554
00-0037382,2023_05_NYJ_DEN,2023,5,1.9,5.0196563299381225,2,7.083875520138995,5.147344947744006
00-0037545,2023_05_NO_NE,2023,5,4.800000000000001,7.229269054984127,2,9.120736804759517,7.23118425093933
00-0037614,2023_05_HOU_ATL,2023,5,4.0,3.9540209390234944,2,3.800529845208873,4.536867354623418
00-0037664,2023_05_TEN_IND,2023,5,2.0,10.117148038908935,2,10.149358128608707,10.23473511236672
00-0037740,2023_05_NYJ_DEN,2023,5,8.4,15.774716372902978,2,16.198988108965086,15.427217876651662
00-0037741,2023_05_CHI_WAS,2023,5,6.0,11.325422894716857,2,11.050259495804523,11.410735970799315
00-0037816,2023_05_GB_LV,2023,5,1.4,14.39662732010545,2,13.43637989757212,14.383412824105145
00-0037837,2023_05_BAL_PIT,2023,5,0.0,7.735868736578025,2,7.997941877310367,7.981510133228639
00-0038090,2023_05_KC_MIN,2023,5,3.1,7.5615182961329666,2,8.646205297773117,7.678387219035527
00-0038117,2023_05_NYG_MIA,2023,5,6.9,10.214159377650846,2,10.894984579783824,10.213721819604975
00-0038124,2023_05_GB_LV,2023,5,11.6,10.21361429653759,2,11.641910918387577,10.08506426315508
00-0038559,2023_05_CIN_ARI,2023,5,2.8,10.884068844647121,2,11.216410617351956,10.896265938338034
00-0038977,2023_05_HOU_ATL,2023,5,8.3,8.927419950558281,2,8.949607093866339,9.130392994816438
00-0038994,2023_05_KC_MIN,2023,5,18.4,9.938292212568998,2,9.414525941043648,10.163777106352368
00-0038997,2023_05_TEN_IND,2023,5,15.7,10.81131331421928,2,12.14606437137572,10.656768112636325
00-0039062,2023_05_CAR_DET,2023,5,9.8,11.610637689601878,2,11.484765152588563,11.650297761129863
00-0039064,2023_05_BAL_PIT,2023,5,12.3,15.13662163121119,2,17.509991897535144,14.499832436159634
00-0039075,2023_05_PHI_LA,2023,5,20.1,19.605579811079217,2,20.056583919847306,18.98409284833085
00-0039146,2023_05_GB_LV,2023,5,1.7000000000000002,8.231513368914063,2,7.989954388926314,8.528644170477389
00-0028002,2023_06_PHI_NYJ,2023,6,2.0,4.19814603863335,2,4.976552811488606,4.604054425472501
00-0030035,2023_06_CAR_MIA,2023,6,28.5,14.515812925971895,2,13.839473139400104,14.44554194574723
00-0030279,2023_06_DAL_LAC,2023,6,21.5,19.435849943009224,2,18.271038798725048,19.103323905793285
00-0030431,2023_06_NO_HOU,2023,6,7.6,10.104154989710194,2,9.47685796586048,10.335725499345171
00-0030564,2023_06_BAL_TEN,2023,6,3.0,13.266957868071131,2,12.19632374407731,13.352112662332589
00-0031235,2023_06_BAL_TEN,2023,6,5.4,4.5894887302418805,2,5.020733755180455,5.027395369196626
00-0031236,2023_06_DAL_LAC,2023,6,15.0,10.054633850130305,2,10.0043244716698,10.190764844565429
00-0031381,2023_06_NE_LV,2023,6,4.9,18.897457948204746,2,17.985751738632178,18.55940053723939
00-0031408,2023_06_DET_TB,2023,6,8.9,14.440564287974588,2,12.772570600749573,14.545600025123369
00-0031544,2023_06_SF_CLE,2023,6,14.8,11.8150643075232,2,10.479157625409886,12.047803313214263
00-0031547,2023_06_NE_LV,2023,6,1.7000000000000002,7.825029230947997,2,8.056400971647772,8.069664044447148
00-0031549,2023_06_BAL_TEN,2023,6,6.0,5.764446859182081,2,6.565378844814478,6.056343352641944
00-0031588,2023_06_NYG_BUF,2023,6,20.0,18.171192399908243,2,17.13222298386744,17.906028321473784
00-0032211,2023_06_SEA_CIN,2023,6,15.4,11.364402567667307,2,11.08244631345402,11.448139006107844
00-0032398,2023_06_BAL_TEN,2023,6,1.6,5.222791295438163,2,6.579047465269379,5.457571715570065
00-0032765,2023_06_NO_HOU,2023,6,9.5,9.115828039465933,2,8.452613105713883,9.4230605748957
00-0033009,2023_06_SEA_CIN,2023,6,16.8,11.08054495005199,2,10.709743716673389,11.199475759103787
00-0033040,2023_06_CAR_MIA,2023,6,28.3,12.006659750404236,2,11.877555899047309,12.01902358187396
00-0033282,2023_06_WAS_ATL,2023,6,14.2,9.774353812566888,2,9.608327632884512,9.950034644487967
00-0033307,2023_06_NE_LV,2023,6,19.3,9.6247216580522,2,7.892352877897912,10.079468167935628
00-0033555,2023_06_WAS_ATL,2023,6,7.1000000000000005,5.814301878537415,2,6.620116253827035,6.1018552547804
00-0033591,2023_06_NO_HOU,2023,6,5.7,6.017664968482536,2,6.939163817623276,6.271083230822555
00-0033908,2023_06_ARI_LA,2023,6,27.8,21.692722979240408,2,22.10808731144433,20.93056804733897
00-0033921,2023_06_DET_TB,2023,6,13.7,12.861555819688093,2,13.996168504325649,12.597140273900372
00-0033943,2023_06_DET_TB,2023,6,8.0,13.705675054466202,2,13.902490594894154,13.54267820531783
00-0034272,2023_06_DEN_KC,2023,6,0.0,5.538449601106906,2,5.74799969498443,5.9476292623579985
00-0034348,2023_06_DEN_KC,2023,6,14.6,11.397281456796861,2,10.352457410783543,11.609496139613812
00-0034386,2023_06_DEN_KC,2023,6,0.0,5.1584876457505136,2,5.809257443699344,5.518742866981945
00-0034407,2023_06_SF_CLE,2023,6,3.7,6.798659209213167,2,6.579082683555863,7.1927866222323775
00-0034487,2023_06_NYG_BUF,2023,6,0.0,3.3593945804108882,2,3.1733627478690396,3.989637042127312
00-0034521,2023_06_PHI_NYJ,2023,6,1.8,9.363176044932377,2,10.506538254792831,9.343283844547832
00-0034646,2023_06_MIN_CHI,2023,6,4.9,5.576494249131434,2,6.000998963654797,5.946145363043257
00-0034764,2023_06_DAL_LAC,2023,6,5.4,8.72446817889135,2,7.0093982367289405,9.239559165355113
00-0034775,2023_06_IND_JAX,2023,6,13.9,12.759693575402892,2,11.493703184544838,12.914014714578371
00-0034777,2023_06_CAR_MIA,2023,6,5.6,6.151447676227078,2,6.815291999222929,6.4396314520403255
00-0034827,2023_06_MIN_CHI,2023,6,10.1,13.233455501885027,2,12.29899517753648,13.29761992764702
00-0034837,2023_06_IND_JAX,2023,6,6.6,13.861266701766551,2,13.533599836063216,13.777248162880175
00-0034854,2023_06_WAS_ATL,2023,6,0.0,4.3652216770362475,2,4.4597836344636965,4.876622772846091
00-0034960,2023_06_NE_LV,2023,6,17.1,13.133659655985694,2,12.664669568058969,13.125039320519882
00-0035208,2023_06_PHI_NYJ,2023,6,1.5,7.517189947365283,2,8.334101667789527,7.683085197077264
00-0035298,2023_06_WAS_ATL,2023,6,1.4,4.155772939545214,2,3.5091108192200893,4.80898323707571
00-0035341,2023_06_SEA_CIN,2023,6,0.0,5.525561142012377,2,5.659977111691526,5.948528610899251
00-0035535,2023_06_NYG_BUF,2023,6,10.9,10.01065872024939,2,10.841234848089304,9.998858175832062
00-0035640,2023_06_SEA_CIN,2023,6,10.9,12.72990637995654,2,12.570946476687649,12.696526615424103
00-0035659,2023_06_WAS_ATL,2023,6,14.1,11.98719386473096,2,11.25412006165211,12.10447472323354
00-0035662,2023_06_ARI_LA,2023,6,7.4,15.26098258669804,2,13.182327413070672,15.378728612596529
00-0035676,2023_06_PHI_NYJ,2023,6,20.1,17.201860147519568,2,16.568754208347983,16.935280746437304
00-0036182,2023_06_BAL_TEN,2023,6,5.5,7.767997025270551,2,8.632042775563653,7.908173347765899
00-0036196,2023_06_NYG_BUF,2023,6,3.1,8.173589357071158,2,8.094411865879001,8.446954044093705
00-0036233,2023_06_SF_CLE,2023,6,0.0,6.889119642221835,2,7.516515307296391,7.131675635207992
00-0036252,2023_06_IND_JAX,2023,6,19.9,15.605287427000652,2,16.109459502957254,15.25600543966742
00-0036259,2023_06_SF_CLE,2023,6,4.6,4.271871949297011,2,4.784847188711353,4.718102676357871
00-0036261,2023_06_SF_CLE,2023,6,11.6,13.312025670336313,2,14.288793259383512,13.042992723650462
00-0036309,2023_06_MIN_CHI,2023,6,6.800000000000001,8.743680291624,2,8.127279156505354,9.0690580747423
00-0036345,2023_06_MIN_CHI,2023,6,8.8,9.698917913164774,2,9.496606163695152,9.886124778834068
00-0036358,2023_06_DAL_LAC,2023,6,18.700000000000003,15.505148453275266,2,15.1097888029939,15.317129638641472
00-0036407,2023_06_DEN_KC,2023,6,4.4,8.853366993565656,2,8.897553477751318,9.057776115202357
00-0036410,2023_06_SEA_CIN,2023,6,4.0,8.207751585475973,2,9.448248710616213,8.252461193199862
00-0036550,2023_06_BAL_TEN,2023,6,3.5,4.177925432232969,2,5.571855348797747,4.47972699714999
00-0036554,2023_06_NO_HOU,2023,6,12.0,13.31823936142539,2,12.536603797816618,13.350240207970874
00-0036613,2023_06_CAR_MIA,2023,6,18.1,11.946909939057424,2,12.308234689589886,11.879393767539124
00-0036849,2023_06_ARI_LA,2023,6,4.0,14.592839493307041,2,12.89861503662608,14.69166363716796
00-0036900,2023_06_SEA_CIN,2023,6,14.0,19.509063831998247,2,17.98519474428549,19.232947994238373
00-0036912,2023_06_PHI_NYJ,2023,6,9.4,13.197118072656293,2,11.597471480925137,13.37788129402952
00-0036913,2023_06_DEN_KC,2023,6,9.4,6.3369151248490985,2,6.489861641975983,6.699647174257603
00-0036936,2023_06_ARI_LA,2023,6,6.6,8.469611290230079,2,10.12318707543737,8.42508503873465
00-0036963,2023_06_DET_TB,2023,6,30.4,15.634820847453318,2,13.747754910585476,15.69342955002143
00-0036980,2023_06_SF_CLE,2023,6,6.7,11.247341249784897,2,12.342098989167775,11.10327823905165
00-0036988,2023_06_DAL_LAC,2023,6,10.0,10.853389361401764,2,12.104502264630444,10.710224570669531
00-0037238,2023_06_WAS_ATL,2023,6,21.5,12.526158487096357,2,12.229990783753804,12.530630980810416
00-0037239,2023_06_NO_HOU,2023,6,16.6,15.124940138425993,2,13.19315952167711,15.227072323407278
00-0037261,2023_06_NYG_BUF,2023,6,2.3,4.044387809973764,2,4.242552295870737,4.560589319770113
00-0037273,2023_06_BAL_TEN,2023,6,1.6,5.059582660316242,2,6.281170189219255,5.328929088975911
00-0037382,2023_06_DEN_KC,2023,6,0.0,4.232409270630201,2,5.712181774525502,4.515661913928805
00-0037545,2023_06_NO_HOU,2023,6,18.3,9.06029394525163,2,9.097229220821564,9.25139412647913
00-0037664,2023_06_IND_JAX,2023,6,5.5,8.182675211593459,2,8.40622071761616,8.403500360924394
00-0037740,2023_06_PHI_NYJ,2023,6,17.0,15.32602011944689,2,15.155752225221804,15.112007469612712
00-0037741,2023_06_WAS_ATL,2023,6,0.0,10.435187949733828,2,10.2136367317394,10.5739151805926
00-0038090,2023_06_DEN_KC,2023,6,4.2,5.692421161612394,2,5.508656564413089,6.158204916627224
00-0038104,2023_06_NE_LV,2023,6,1.6,4.832745639678034,2,4.347468224940219,5.410679135743192
00-0038117,2023_06_NYG_BUF,2023,6,14.2,7.610683525066694,2,8.816423832462224,7.703340828844789
00-0038543,2023_06_SEA_CIN,2023,6,8.8,6.518957896650192,2,6.199130490204973,6.949942881808521
00-0038544,2023_06_DAL_LAC,2023,6,0.0,4.293257241153898,2,4.590668376188643,4.774941600868952
00-0038559,2023_06_ARI_LA,2023,6,9.2,10.415611354167535,2,9.429742529629468,10.686754323811847
00-0038938,2023_06_NYG_BUF,2023,6,5.1,6.16308822260442,2,6.908493322724038,6.436470127775984
00-0038941,2023_06_MIN_CHI,2023,6,3.2,5.736032024059932,2,7.137871850221177,5.926903686207604
00-0038994,2023_06_MIN_CHI,2023,6,11.8,10.354152665085346,2,8.782705778636341,10.73001259235475
00-0038997,2023_06_IND_JAX,2023,6,13.1,12.365110660159074,2,12.90985638447572,12.2367377911839
00-0039052,2023_06_DET_TB,2023,6,6.7,5.29153735675636,2,5.980096890788457,5.6359569723584455
00-0039062,2023_06_CAR_MIA,2023,6,4.1,11.887535470027343,2,11.454174527205868,11.96044030094157
00-0039064,2023_06_BAL_TEN,2023,6,17.1,15.21685026055954,2,16.39649184171754,14.779078716107383
00-0039067,2023_06_DEN_KC,2023,6,11.2,6.7828256256669155,2,7.11324798161057,7.083771556697231
00-0039075,2023_06_ARI_LA,2023,6,6.6,21.272594945556968,2,21.094929950153205,20.64165786619096
00-0030279,2023_07_LAC_KC,2023,7,9.5,19.32452496105809,2,18.40526322068693,18.95772944364355
00-0031235,2023_07_DET_BAL,2023,7,9.9,5.370912530527554,2,4.582432969762122,5.962982185404851
00-0031381,2023_07_LV_CHI,2023,7,12.7,14.717282594929948,2,14.927241285996583,14.480891149420035
00-0031408,2023_07_ATL_TB,2023,7,20.200000000000003,15.661213642321622,2,15.525871441168189,15.417640659604723
00-0031428,2023_07_PIT_LA,2023,7,1.7000000000000002,5.801961797366136,2,6.042115344825826,6.187363141742771
00-0031544,2023_07_CLE_IND,2023,7,4.2,13.594451716743807,2,13.232074381171604,13.535147893758872
00-0031547,2023_07_BUF_NE,2023,7,1.8,5.055151042340259,2,6.174270249801054,5.3423768839425945
00-0031549,2023_07_DET_BAL,2023,7,8.2,4.481151203266531,2,3.6007379746876187,5.151554924912951
00-0031588,2023_07_BUF_NE,2023,7,17.8,18.268937668725826,2,18.647845674502435,17.75381058132828
00-0032211,2023_07_ARI_SEA,2023,7,7.800000000000001,12.40573828397067,2,12.189863878937324,12.40491337771811
00-0032464,2023_07_DET_BAL,2023,7,4.0,6.644866000984857,2,8.107973066928851,6.7613199422199095
00-0032765,2023_07_JAX_NO,2023,7,13.2,8.541068516843128,2,6.891907754814022,9.05775722733152
00-0033040,2023_07_MIA_PHI,2023,7,25.8,16.355152004519667,2,15.601559958237324,16.168774151537118
00-0033282,2023_07_WAS_NYG,2023,7,6.5,7.569083993021936,2,7.543398285063101,7.875789555412496
00-0033307,2023_07_BUF_NE,2023,7,16.3,11.762093701790961,2,12.715213681775932,11.6061139397253
00-0033555,2023_07_ATL_TB,2023,7,0.0,5.168603276857261,2,4.6589248025478565,5.727101056623049
00-0033572,2023_07_JAX_NO,2023,7,7.5,6.143083747206538,2,6.7095169081217,6.448556447028498
00-0033908,2023_07_PIT_LA,2023,7,6.9,19.469490991412272,2,19.95685540066345,18.85134064986309
00-0033921,2023_07_ATL_TB,2023,7,12.6,11.653317641289773,2,11.771559405712242,11.64812388420575
00-0033943,2023_07_DET_BAL,2023,7,6.3,10.796329080909853,2,9.291748131485347,11.129629088223364
00-0034272,2023_07_LAC_KC,2023,7,17.4,6.554936038980486,2,6.240580841650453,6.982452675683382
00-0034348,2023_07_GB_DEN,2023,7,19.6,11.766377555993422,2,11.248670398903462,11.862263613343648
00-0034407,2023_07_SF_MIN,2023,7,4.0,4.703728103342953,2,5.922152084233668,4.998642366056778
00-0034418,2023_07_MIA_PHI,2023,7,6.800000000000001,4.266946950678838,2,4.173307729775793,4.817525507280579
00-0034419,2023_07_MIA_PHI,2023,7,1.7000000000000002,6.537946771066555,2,6.426456875138957,6.93187778088163
00-0034646,2023_07_SF_MIN,2023,7,10.9,5.993253123394945,2,7.18116174953076,6.202713320157668
00-0034775,2023_07_JAX_NO,2023,7,19.0,14.297629924520766,2,13.36189494115738,14.287174862466625
00-0034827,2023_07_LV_CHI,2023,7,13.4,14.137366396245591,2,12.514316015476494,14.256019173233836
00-0034837,2023_07_JAX_NO,2023,7,1.5,14.20833732057815,2,13.928412419168316,14.09172589712048
00-0034960,2023_07_LV_CHI,2023,7,18.0,12.930228237789198,2,13.330327865378704,12.786912458773934
00-0034983,2023_07_LV_CHI,2023,7,3.4000000000000004,4.127984499679615,2,2.8797586714268233,4.886284567221674
00-0035208,2023_07_MIA_PHI,2023,7,0.0,5.630474055897591,2,6.432251829406764,5.931647174515338
00-0035216,2023_07_PIT_LA,2023,7,12.9,8.41940156654863,2,11.159526478538238,8.192122067345501
00-0035535,2023_07_WAS_NYG,2023,7,3.2,9.866381933219637,2,10.33726922294094,9.926394775366935
00-0035659,2023_07_WAS_NYG,2023,7,15.0,13.55341155854534,2,13.770707981967778,13.397611272894563
00-0035662,2023_07_ARI_SEA,2023,7,7.9,14.875925055519788,2,14.089885505466668,14.799136764218394
00-0035676,2023_07_MIA_PHI,2023,7,29.700000000000003,17.056036402446118,2,16.207781854338723,16.83659836776101
00-0036196,2023_07_BUF_NE,2023,7,1.6,6.96607508206395,2,7.207339071043596,7.269419826859608
00-0036233,2023_07_CLE_IND,2023,7,4.2,5.001261866694631,2,5.689350861682344,5.36617576617692
00-0036252,2023_07_CLE_IND,2023,7,16.3,14.949351597004943,2,14.2505680308026,14.852439918420654
00-0036259,2023_07_SF_MIN,2023,7,10.4,7.4613328395188905,2,5.783774831559321,8.05882250481601
00-0036261,2023_07_SF_MIN,2023,7,10.7,15.836502549305957,2,14.307317287484484,15.819570868922913
00-0036309,2023_07_LV_CHI,2023,7,7.4,7.154359072682507,2,6.967649717667116,7.517836970205584
00-0036345,2023_07_SF_MIN,2023,7,9.7,10.34839615836939,2,10.769355493771592,10.383071306108237
00-0036387,2023_07_BUF_NE,2023,7,2.1,4.131022917592551,2,4.6378210614244635,4.58821788390907
00-0036407,2023_07_GB_DEN,2023,7,11.4,8.771379489939816,2,9.402721926931354,8.88088897887187
00-0036415,2023_07_ATL_TB,2023,7,1.5,4.391237103477168,2,4.91396226343521,4.8274018983868645
00-0036550,2023_07_DET_BAL,2023,7,5.6,3.908131986280438,2,4.056699916204819,4.442418800698407
00-0036613,2023_07_MIA_PHI,2023,7,12.3,9.049829366587563,2,9.156522271690193,9.22970581883573
00-0036849,2023_07_PIT_LA,2023,7,10.1,11.276743911202924,2,10.457866026818508,11.45869787982003
00-0036912,2023_07_MIA_PHI,2023,7,8.9,15.044907059171678,2,14.99946976744488,14.829261995856346
00-0036936,2023_07_ARI_SEA,2023,7,4.6,8.388939757709268,2,9.175550834469252,8.498724154682073
00-0036963,2023_07_DET_BAL,2023,7,23.200000000000003,15.86578666127573,2,15.423885797379562,15.660385273324952
00-0036980,2023_07_CLE_IND,2023,7,9.9,11.740262504159986,2,13.19128871060587,11.500454107096358
00-0036988,2023_07_LAC_KC,2023,7,18.3,10.923335763565676,2,11.17764803836702,10.94614923962396
00-0037238,2023_07_ATL_TB,2023,7,11.4,12.371617181172407,2,12.95159923261553,12.23674562237113
00-0037239,2023_07_JAX_NO,2023,7,12.7,15.376175936964627,2,15.636277894846025,15.08485099349514
00-0037240,2023_07_DET_BAL,2023,7,0.0,4.723969824517064,2,6.291979635989287,4.957525579433932
00-0037247,2023_07_PIT_LA,2023,7,15.7,13.53174852468215,2,11.26042541503248,13.804134966562543
00-0037261,2023_07_BUF_NE,2023,7,7.5,3.138196800943539,2,2.9470426660696716,3.784873184478519
00-0037545,2023_07_JAX_NO,2023,7,7.2,8.316770773570916,2,8.654412606168961,8.508604326189385
00-0037664,2023_07_CLE_IND,2023,7,8.3,9.39238670793246,2,9.32743310859423,9.57760089515708
00-0037741,2023_07_WAS_NYG,2023,7,9.3,8.86108308875917,2,8.808645166887668,9.081515421373023
00-0037816,2023_07_GB_DEN,2023,7,11.0,12.639413338106596,2,11.598217831153091,12.763653049575026
00-0038090,2023_07_LAC_KC,2023,7,3.5,6.470558520656698,2,5.582857862842932,7.002306653023217
00-0038117,2023_07_WAS_NYG,2023,7,3.2,8.642911002852443,2,7.990276742747393,8.981587397850285
00-0038124,2023_07_GB_DEN,2023,7,5.7,10.686251874294301,2,12.233805290343335,10.504017550488706
00-0038543,2023_07_ARI_SEA,2023,7,16.3,6.4526866686817455,2,7.4422530112011085,6.663842164402949
00-0038544,2023_07_LAC_KC,2023,7,3.0,4.158105743645362,2,4.4296708355993,4.653725821475366
00-0038559,2023_07_ARI_SEA,2023,7,5.6,9.775752381474536,2,8.794434547019174,10.091113159208522
00-0038563,2023_07_LV_CHI,2023,7,3.8,3.9150800791554072,2,3.5048388895340152,4.544683725299791
00-0038621,2023_07_BUF_NE,2023,7,11.4,7.665230091598637,2,7.945353099386146,7.912744574829611
00-0038627,2023_07_DET_BAL,2023,7,0.0,3.9025037769492696,2,4.194323274184443,4.41262652064783
00-0038752,2023_07_ARI_SEA,2023,7,16.1,6.18753029165169,2,6.265053105314298,6.573698897754819
00-0038938,2023_07_WAS_NYG,2023,7,9.5,6.242659385394386,2,6.8804271042193585,6.5288994248026295
00-0038941,2023_07_LV_CHI,2023,7,5.300000000000001,4.998185181027914,2,5.662461204876217,5.367398081318634
00-0038994,2023_07_SF_MIN,2023,7,31.3,10.681196251285076,2,10.703991359203696,10.760730816038455
00-0038997,2023_07_CLE_IND,2023,7,23.5,10.665199342917132,2,11.29563829415402,10.6416809270275
00-0039052,2023_07_ATL_TB,2023,7,1.5,5.430722640071566,2,5.48906702966226,5.873401772842998
00-0039064,2023_07_DET_BAL,2023,7,11.5,13.835126274877592,2,12.8062624429598,13.873163309580749
00-0039067,2023_07_LAC_KC,2023,7,17.0,6.946995858281999,2,6.950073946962071,7.2925183122076
00-0039075,2023_07_PIT_LA,2023,7,23.4,21.074587704963633,2,21.34035327780572,20.38155118441549
00-0039146,2023_07_GB_DEN,2023,7,11.1,6.559405765933451,2,7.016878738770171,6.854281399453921
00-0030035,2023_08_HOU_CAR,2023,8,15.2,13.156721972004535,2,12.508767611829668,13.17716244637874
00-0030279,2023_08_CHI_LAC,2023,8,14.9,19.61416274677223,2,19.66442997830397,19.060776829247168
00-0030564,2023_08_ATL_TEN,2023,8,34.8,9.77940783779637,2,9.074065593025557,10.04719670007182
00-0031235,2023_08_BAL_ARI,2023,8,0.0,7.409440363726183,2,8.032984711464698,7.6160651153153935
00-0031236,2023_08_LA_DAL,2023,8,14.2,7.516601228094126,2,8.99970338281211,7.56832235191373
00-0031381,2023_08_LV_DET,2023,8,2.1,16.61382982856356,2,16.57813617257391,16.286179830656465
00-0031408,2023_08_TB_BUF,2023,8,12.9,15.77207489994341,2,15.307695548159142,15.577117629286882
00-0031428,2023_08_JAX_PIT,2023,8,0.0,6.6454595588954835,2,6.965804967776874,6.95779340282909
00-0031544,2023_08_CLE_SEA,2023,8,14.9,13.1396688809974,2,13.758467925507238,12.944129108842713
00-0031547,2023_08_NE_MIA,2023,8,2.4000000000000004,4.196706661400872,2,3.870183611676461,4.792151809277026
00-0031549,2023_08_BAL_ARI,2023,8,0.0,4.522052371267724,2,4.552153772925182,5.033475844117111
00-0031588,2023_08_TB_BUF,2023,8,16.0,19.539506602164586,2,20.51659487342504,18.832471334297644
00-0032211,2023_08_CLE_SEA,2023,8,22.1,11.947400477514497,2,10.75336806257846,12.146509205431409
00-0032765,2023_08_NO_IND,2023,8,10.8,8.4422096518803,2,8.438416503650863,8.683759301443176
00-0033009,2023_08_CIN_SF,2023,8,13.6,10.595571049667491,2,11.055784063414638,10.606133756446718
00-0033040,2023_08_NE_MIA,2023,8,25.200000000000003,16.854046699731946,2,18.743493264237134,16.179446325515624
00-0033307,2023_08_NE_MIA,2023,8,12.6,9.003293695956247,2,9.751956722648483,9.07637970978574
00-0033591,2023_08_HOU_CAR,2023,8,8.7,7.319964477120829,2,7.519224510049022,7.605623365006949
00-0033857,2023_08_NE_MIA,2023,8,7.3,5.026287922606616,2,4.8449773698916525,5.5384967348527185
00-0033908,2023_08_LA_DAL,2023,8,6.1,16.988643128011816,2,15.70914577558806,16.847879274371962
00-0033921,2023_08_TB_BUF,2023,8,17.8,14.227265994603036,2,14.974996680306305,13.933136216315129
00-0033943,2023_08_LV_DET,2023,8,0.3,10.71973227814174,2,9.266149960520206,11.049675453114196
00-0034272,2023_08_KC_DEN,2023,8,2.7,5.499182785116283,2,6.706475551927594,5.740065129395735
00-0034348,2023_08_KC_DEN,2023,8,10.9,12.479010624959862,2,12.24116881158509,12.476799063419197
00-0034386,2023_08_KC_DEN,2023,8,6.2,3.715120557513778,2,3.639214121945056,4.301466071704616
00-0034407,2023_08_CIN_SF,2023,8,6.3,5.06827184733267,2,5.634135215222466,5.449428338610045
00-0034418,2023_08_NE_MIA,2023,8,7.1,4.81168012721936,2,5.367167579238245,5.212660327525748
00-0034419,2023_08_NE_MIA,2023,8,2.8,5.595188983508101,2,5.1100440160952205,6.119480975100541
00-0034521,2023_08_NYJ_NYG,2023,8,7.5,9.014866935558945,2,9.20507690051008,9.18288347325846
00-0034646,2023_08_MIN_GB,2023,8,2.2,6.205963078423343,2,6.731875334023429,6.513960929395601
00-0034764,2023_08_LA_DAL,2023,8,4.0,6.992437349111915,2,8.545118282498077,7.069091289438916
00-0034775,2023_08_JAX_PIT,2023,8,8.600000000000001,11.008245329971919,2,10.98951870041332,11.07189890763406
00-0034777,2023_08_HOU_CAR,2023,8,4.300000000000001,5.687643468894748,2,7.975035268045149,5.730093920198749
00-0034827,2023_08_CHI_LAC,2023,8,9.5,16.827476850935206,2,14.888124079549872,16.811176425144023
00-0034837,2023_08_JAX_PIT,2023,8,14.3,12.038724827719502,2,11.999218969381738,12.033472487631045
00-0034854,2023_08_ATL_TEN,2023,8,10.5,3.531649209596024,2,3.343666273012406,4.150112380089041
00-0034960,2023_08_LV_DET,2023,8,2.9000000000000004,13.958590831564516,2,12.177603136802858,14.11689367618036
00-0034983,2023_08_LV_DET,2023,8,3.9,6.640546608704672,2,7.560638002354835,6.850402047478173
00-0035140,2023_08_KC_DEN,2023,8,3.6,4.79817461593826,2,4.427318115373199,5.358922336857795
00-0035208,2023_08_PHI_WAS,2023,8,1.5,4.738193583767956,2,4.63213089734957,5.257761690719669
00-0035216,2023_08_JAX_PIT,2023,8,16.5,11.839295037619706,2,10.775614619827577,12.023657978515406
00-0035298,2023_08_ATL_TEN,2023,8,9.4,3.6138863516454593,2,3.844234985563867,4.154845023048129
00-0035535,2023_08_NYJ_NYG,2023,8,0.9,9.603920362612547,2,9.359096811763049,9.805096395374578
00-0035640,2023_08_CLE_SEA,2023,8,11.7,12.912825197812376,2,12.653663150516111,12.883760907976168
00-0035659,2023_08_PHI_WAS,2023,8,17.3,15.257697510897634,2,15.814931738622244,14.923762489068396
00-0035662,2023_08_BAL_ARI,2023,8,15.3,14.604253475151488,2,12.517485405723706,14.769574870546196
00-0035676,2023_08_PHI_WAS,2023,8,33.0,19.84153871019918,2,22.580810246619947,18.81114419162339
00-0036182,2023_08_ATL_TEN,2023,8,10.3,4.502735422034457,2,4.634667163541831,4.998058978198989
00-0036196,2023_08_TB_BUF,2023,8,23.700000000000003,7.9023690855706885,2,9.042701015494794,7.985727603453877
00-0036233,2023_08_CLE_SEA,2023,8,0.0,7.808022782953902,2,7.763767428621591,8.101108671922622
00-0036252,2023_08_NO_IND,2023,8,18.0,16.20855328724162,2,14.950467981187773,16.11897821508162
00-0036259,2023_08_CIN_SF,2023,8,0.0,9.581431750054577,2,10.795586957933308,9.534053566556995
00-0036261,2023_08_CIN_SF,2023,8,15.9,14.98915107148143,2,14.239251303270484,14.898204152757454
00-0036309,2023_08_CHI_LAC,2023,8,5.4,10.689949209031486,2,9.590262141909063,10.961313035748274
00-0036345,2023_08_MIN_GB,2023,8,17.9,9.141008339045447,2,9.522946142934892,9.267283062004816
00-0036358,2023_08_LA_DAL,2023,8,41.0,13.997736422161042,2,13.95471396655568,13.855319577599497
00-0036387,2023_08_NE_MIA,2023,8,0.0,5.443457791847239,2,5.152859963961827,5.945065990435361
00-0036407,2023_08_KC_DEN,2023,8,13.0,8.467627195424626,2,8.924635819426074,8.62838684568032
00-0036410,2023_08_CIN_SF,2023,8,11.9,8.431157587376706,2,9.895250494133668,8.421821627699805
00-0036415,2023_08_ATL_TEN,2023,8,5.4,6.284014212180778,2,5.920181117174758,6.739066191198207
00-0036527,2023_08_LV_DET,2023,8,0.0,3.654968713380634,2,3.6498869876765543,4.233401807099948
00-0036550,2023_08_BAL_ARI,2023,8,7.2,5.7938539245292295,2,6.37361488307251,6.121601202895036
00-0036554,2023_08_HOU_CAR,2023,8,7.0,11.887246252242027,2,12.380797794178392,11.801256203867393
00-0036613,2023_08_NE_MIA,2023,8,25.1,13.655385154526854,2,15.005871240737132,13.298133013144536
00-0036849,2023_08_LA_DAL,2023,8,6.9,10.861458048547668,2,10.737440009857396,10.953486201780308
00-0036900,2023_08_CIN_SF,2023,8,25.200000000000003,18.714352939599458,2,19.00928560049992,18.182299258619036
00-0036912,2023_08_PHI_WAS,2023,8,22.9,14.65170389035001,2,16.514372586144702,14.136574136180556
00-0036936,2023_08_BAL_ARI,2023,8,4.1,10.439248133312836,2,11.9862836520984,10.274473128770968
00-0036963,2023_08_LV_DET,2023,8,16.8,19.68608814107249,2,17.04119573161656,19.589717775165727
00-0036980,2023_08_CLE_SEA,2023,8,5.0,12.107957977100424,2,11.41838989689491,12.2092872324762
00-0036988,2023_08_CHI_LAC,2023,8,5.4,10.060859953447611,2,9.447719620160926,10.293048080114994
00-0037238,2023_08_ATL_TEN,2023,8,10.5,9.382865983337586,2,9.0292615781927,9.61823767287573
00-0037239,2023_08_NO_IND,2023,8,9.6,13.772511314424603,2,13.60494483463678,13.667285961641744
00-0037240,2023_08_LV_DET,2023,8,3.6,4.105025344225445,2,4.3022687903768375,4.6171204302703455
00-0037247,2023_08_JAX_PIT,2023,8,9.2,15.086907129673072,2,12.71362256843151,15.267407965228076
00-0037261,2023_08_TB_BUF,2023,8,15.2,6.505373934464687,2,7.479342959183327,6.715498294433473
00-0037664,2023_08_NO_IND,2023,8,7.1000000000000005,9.48977937390603,2,8.78250832732013,9.778267030946576
00-0037666,2023_08_LA_DAL,2023,8,0.0,4.6272831783940225,2,4.008402045187995,5.242571605137826
00-0037740,2023_08_NYJ_NYG,2023,8,17.6,15.757498187373647,2,16.236477596662688,15.40183116051669
00-0037741,2023_08_PHI_WAS,2023,8,24.8,10.220980422234108,2,10.505195326450025,10.28806032979024
00-0037742,2023_08_ATL_TEN,2023,8,0.0,6.2901823193388475,2,7.39032661522513,6.493807805148727
00-0037816,2023_08_MIN_GB,2023,8,11.8,12.10112207112443,2,13.161172937641595,11.902967305397068
00-0038090,2023_08_KC_DEN,2023,8,1.8,5.520421351480663,2,5.66320354310443,5.942315922618515
00-0038117,2023_08_NYJ_NYG,2023,8,1.7000000000000002,10.125391403585825,2,9.17546256656681,10.410782320777654
00-0038124,2023_08_MIN_GB,2023,8,6.300000000000001,9.848832206511759,2,11.08548706344788,9.77879162735336
00-0038393,2023_08_MIN_GB,2023,8,4.800000000000001,3.70110129236161,2,4.084771697100813,4.209640208590875
00-0038543,2023_08_CLE_SEA,2023,8,12.6,6.789087666668349,2,6.693269940570724,7.162670276162061
00-0038544,2023_08_CHI_LAC,2023,8,10.0,7.348926605673627,2,7.200384536368408,7.692177929970827
00-0038559,2023_08_BAL_ARI,2023,8,9.8,10.37944811940048,2,11.342236570450485,10.319045232907866
00-0038621,2023_08_NE_MIA,2023,8,7.9,12.240935556740748,2,11.913363596964327,12.270850468071954
00-0038941,2023_08_CHI_LAC,2023,8,2.1,6.938044618822277,2,8.487051865188056,7.019153563755585
00-0038976,2023_08_KC_DEN,2023,8,1.0,5.37254593700759,2,5.977246686553228,5.725645860840817
00-0038977,2023_08_HOU_CAR,2023,8,6.1,11.373248607957219,2,11.033517669131948,11.46626817388275
00-0038994,2023_08_MIN_GB,2023,8,21.4,12.294220888150669,2,12.417995716944269,12.243007016025263
00-0038997,2023_08_NO_IND,2023,8,14.2,14.372629388838977,2,14.25125246181818,14.21728175390867
00-0039052,2023_08_TB_BUF,2023,8,5.2,8.136423951682207,2,8.928844271743609,8.262970542223366
00-0039062,2023_08_HOU_CAR,2023,8,10.2,9.336042041342623,2,9.254743727520612,9.528020896989974
00-0039064,2023_08_BAL_ARI,2023,8,6.9,15.697286499444127,2,17.47098171542371,15.12388031726262
00-0039067,2023_08_KC_DEN,2023,8,9.6,8.470928753104594,2,9.243819559959055,8.577299559480364
00-0039075,2023_08_LA_DAL,2023,8,7.3,21.281544468052488,2,21.67570079167161,20.55194167133764
00-0039146,2023_08_MIN_GB,2023,8,12.3,9.937550130024738,2,11.10448904514525,9.873222969390431
00-0030035,2023_09_IND_CAR,2023,9,7.9,16.464299752846294,2,15.752978379364556,16.262998961165177
00-0030279,2023_09_LAC_NYJ,2023,9,15.7,16.422815846114723,2,17.592171104861343,15.9019983676293
00-0030564,2023_09_TEN_PIT,2023,9,10.5,11.185441716947423,2,9.006313617124524,11.60702564518485
00-0031235,2023_09_SEA_BAL,2023,9,14.6,6.1037185215504905,2,7.0294492945117995,6.350359525884185
00-0031236,2023_09_DAL_PHI,2023,9,1.7000000000000002,10.583150952713591,2,11.24501845008846,10.560014295421974
00-0031381,2023_09_NYG_LV,2023,9,7.4,15.367642159237443,2,13.47073980789811,15.446726603703688
00-0031408,2023_09_TB_HOU,2023,9,12.7,14.922599433300837,2,13.740506808988671,14.91043038994052
00-0031428,2023_09_TEN_PIT,2023,9,2.0,6.369622096469096,2,6.442906390612952,6.743711780067794
00-0031544,2023_09_ARI_CLE,2023,9,24.9,13.119791157995817,2,12.553240664978592,13.128872442207868
00-0031549,2023_09_SEA_BAL,2023,9,1.2,5.632000395243274,2,7.257711863354181,5.791806232879515
00-0031588,2023_09_BUF_CIN,2023,9,22.6,21.4907620434506,2,22.472128959367815,20.64577126106139
00-0031941,2023_09_WAS_NE,2023,9,6.300000000000001,4.260156583700944,2,4.302127783833388,4.787962840428323
00-0032211,2023_09_SEA_BAL,2023,9,6.2,13.723268188512465,2,12.192560240650591,13.855210686105774
00-0032398,2023_09_TEN_PIT,2023,9,3.9,4.133017858992179,2,4.234111530179816,4.659628844147749
00-0032765,2023_09_CHI_NO,2023,9,0.0,8.66957324495883,2,8.501405997140457,8.92331480212759
00-0033009,2023_09_BUF_CIN,2023,9,8.600000000000001,10.946255340330119,2,10.833058045855438,11.030464956737635
00-0033040,2023_09_MIA_KC,2023,9,12.5,17.920026824803593,2,19.48706582434778,17.225736853021402
00-0033251,2023_09_ARI_CLE,2023,9,0.0,3.653754507064539,2,2.626971745526809,4.407439303808135
00-0033466,2023_09_IND_CAR,2023,9,3.2,5.116826578926989,2,4.672372716926257,5.667783069407797
00-0033591,2023_09_TB_HOU,2023,9,27.3,7.9236456575376,2,7.539651151754995,8.266847210748764
00-0033857,2023_09_WAS_NE,2023,9,11.1,4.308949846154945,2,4.339123359043631,4.835347382193266
00-0033908,2023_09_LA_GB,2023,9,6.800000000000001,15.185753263783932,2,14.812328511979509,15.016435257361277
00-0033921,2023_09_TB_HOU,2023,9,3.6,13.90800672763449,2,13.665748619840924,13.806058228644993
00-0034272,2023_09_MIA_KC,2023,9,4.2,6.526751419778058,2,6.197029126050102,6.958884762245047
00-0034386,2023_09_MIA_KC,2023,9,3.5,6.029480411740156,2,6.048720859114314,6.436756133956198
00-0034418,2023_09_MIA_KC,2023,9,10.1,4.630631157568706,2,5.349008643988002,5.016416812961917
00-0034487,2023_09_BUF_CIN,2023,9,1.9,2.824834123642696,2,1.455004192242795,3.695626696319678
00-0034521,2023_09_LAC_NYJ,2023,9,3.8,9.687903146042965,2,9.615795692724811,9.853561649812631
00-0034646,2023_09_MIN_ATL,2023,9,9.5,6.496155949088211,2,6.378460154604539,6.894089871763256
00-0034764,2023_09_DAL_PHI,2023,9,3.9,6.464854849503095,2,6.847550892780897,6.779199960120552
00-0034777,2023_09_IND_CAR,2023,9,8.9,6.423986801472568,2,7.130838793702886,6.685630791778568
00-0034827,2023_09_CHI_NO,2023,9,5.4,15.261342141596133,2,13.444434863064677,15.334187314128387
00-0034854,2023_09_MIN_ATL,2023,9,9.0,5.730394834781632,2,6.704073088524549,5.995069419659445
00-0034960,2023_09_NYG_LV,2023,9,13.5,13.658211070876844,2,12.082746628290272,13.802402019007824
00-0035208,2023_09_DAL_PHI,2023,9,1.8,4.278181922600351,2,4.5384465140806185,4.767295070991396
00-0035216,2023_09_TEN_PIT,2023,9,22.0,14.08603198807866,2,14.959826645322726,13.7802213516843
00-0035414,2023_09_LAC_NYJ,2023,9,0.0,4.336261469745838,2,5.157502978488588,4.725113060553945
00-0035500,2023_09_ARI_CLE,2023,9,1.2,3.5378295162355906,2,3.0542889881550224,4.20653015380842
00-0035535,2023_09_NYG_LV,2023,9,9.9,8.927160959676236,2,8.49538193247793,9.207982794099918
00-0035640,2023_09_SEA_BAL,2023,9,6.0,14.696338567284425,2,13.069721153269692,14.77629320196673
00-0035659,2023_09_WAS_NE,2023,9,12.3,14.39497622235724,2,13.044884540386011,14.44871498638956
00-0035662,2023_09_ARI_CLE,2023,9,6.4,13.651536910652764,2,11.649996563764947,13.869246127490742
00-0035676,2023_09_DAL_PHI,2023,9,19.6,18.616914765853707,2,20.161389259893,17.87748476701929
00-0035934,2023_09_MIN_ATL,2023,9,3.2,6.366434338968714,2,6.365858634682187,6.7534111852958265
00-0036165,2023_09_NYG_LV,2023,9,0.0,4.610324208489538,2,4.9632313545838596,5.060196290728036
00-0036182,2023_09_TEN_PIT,2023,9,3.3000000000000003,4.966313067547566,2,5.0197486330015995,5.442493381594872
00-0036196,2023_09_BUF_CIN,2023,9,0.0,9.187540497981782,2,9.776663411351688,9.27502183951718
00-0036252,2023_09_IND_CAR,2023,9,14.4,15.914077615465315,2,16.045565470015042,15.6069751016019
00-0036309,2023_09_CHI_NO,2023,9,13.2,10.13620771779608,2,10.936142399231272,10.120831291435657
00-0036358,2023_09_DAL_PHI,2023,9,28.1,17.12979730593259,2,17.86638325345245,16.633457850152013
00-0036387,2023_09_WAS_NE,2023,9,2.1,7.362660633534926,2,8.058668655307088,7.560151577824035
00-0036410,2023_09_BUF_CIN,2023,9,19.0,11.713829447596417,2,11.317651551000893,11.792575271682198
00-0036415,2023_09_MIN_ATL,2023,9,2.4000000000000004,5.3823519115207645,2,5.887734981650055,5.751789825960554
00-0036527,2023_09_NYG_LV,2023,9,0.0,2.1443331191682384,2,1.119871293039733,3.003769998676135
00-0036550,2023_09_SEA_BAL,2023,9,5.800000000000001,6.001166812299577,2,7.6031105434295565,6.139085914580264
00-0036554,2023_09_TB_HOU,2023,9,14.4,15.076708404670008,2,15.854290942670648,14.717723650065942
00-0036613,2023_09_MIA_KC,2023,9,8.4,10.665508700546003,2,10.042780881898905,10.856818662574677
00-0036849,2023_09_LA_GB,2023,9,5.3,7.840909014042651,2,7.158245494449905,8.24113455538515
00-0036900,2023_09_BUF_CIN,2023,9,8.100000000000001,20.34643792698607,2,18.649365945866396,20.04112869255516
00-0036912,2023_09_DAL_PHI,2023,9,14.1,14.74782316123502,2,13.634510169497952,14.736153275441794
00-0036936,2023_09_ARI_CLE,2023,9,1.8,7.177677635623507,2,7.431597007502053,7.4639717277214945
00-0036955,2023_09_IND_CAR,2023,9,0.0,7.270009502639322,2,7.39205695176492,7.572419242431749
00-0036980,2023_09_ARI_CLE,2023,9,3.4000000000000004,8.332604653468483,2,9.012198309950142,8.46469849765313
00-0037239,2023_09_CHI_NO,2023,9,16.6,13.485188060269634,2,14.058123127580147,13.273212850560068
00-0037247,2023_09_TEN_PIT,2023,9,1.9,13.69739476589303,2,14.21480101616054,13.48001630872481
00-0037261,2023_09_BUF_CIN,2023,9,9.7,8.74870375648838,2,9.54623028839021,8.831316356436762
00-0037545,2023_09_CHI_NO,2023,9,5.2,6.901466544146183,2,8.040578658113175,7.0554226245554625
00-0037664,2023_09_IND_CAR,2023,9,0.0,10.720627899770166,2,10.19394932507745,10.891594370420044
00-0037666,2023_09_DAL_PHI,2023,9,13.9,4.662453829276472,2,5.109653613881543,5.092493824678584
00-0037740,2023_09_LAC_NYJ,2023,9,13.0,17.25874654570263,2,17.15882908822795,16.896753704737502
00-0037741,2023_09_WAS_NE,2023,9,16.9,10.145374991940093,2,10.340868529370251,10.232982750741304
00-0037742,2023_09_TEN_PIT,2023,9,4.800000000000001,5.102664600119171,2,5.286008131789386,5.546983827786131
00-0037816,2023_09_LA_GB,2023,9,6.6,11.373884460778363,2,10.966276585533256,11.478496523559356
00-0038117,2023_09_NYG_LV,2023,9,13.5,6.730937128920032,2,7.101213904351984,7.028699244987263
00-0038124,2023_09_LA_GB,2023,9,4.7,9.477608285980333,2,8.518846765534162,9.810068850549854
00-0038496,2023_09_LAC_NYJ,2023,9,5.2,4.736386439317341,2,5.9954893540069225,5.022029775032976
00-0038543,2023_09_SEA_BAL,2023,9,12.3,9.930279921501779,2,11.518008718369051,9.794321395493714
00-0038544,2023_09_LAC_NYJ,2023,9,3.6,8.191676872641784,2,8.399480769757774,8.414567812683565
00-0038563,2023_09_NYG_LV,2023,9,7.6,4.740874509084355,2,4.642646246498491,5.258910901298495
00-0038621,2023_09_WAS_NE,2023,9,10.5,12.602133074683293,2,10.652789146844274,12.884692718414128
00-0038938,2023_09_NYG_LV,2023,9,3.9,4.796718607188154,2,5.442574091519321,5.18325775949503
00-0038941,2023_09_CHI_NO,2023,9,-0.5,5.87323000969892,2,7.264089371210683,6.056335783267378
00-0038977,2023_09_TB_HOU,2023,9,29.6,11.741077408705602,2,11.39552162984655,11.809228073423665
00-0038979,2023_09_ARI_CLE,2023,9,1.3,6.607343037477449,2,6.378392804204012,7.01653183489915
00-0038994,2023_09_MIN_ATL,2023,9,10.2,12.574995304541067,2,12.35123328002437,12.563619704189792
00-0039052,2023_09_TB_HOU,2023,9,8.100000000000001,6.341824212421058,2,5.905719512499438,6.805201366012414
00-0039062,2023_09_IND_CAR,2023,9,1.5,11.232008333661994,2,10.435473618175951,11.41327768829049
00-0039064,2023_09_SEA_BAL,2023,9,2.1,12.89838648850501,2,12.459205230339748,12.90120113133672
00-0039067,2023_09_MIA_KC,2023,9,9.7,9.241436846136299,2,8.537658376233427,9.546790393799451
00-0039075,2023_09_LA_GB,2023,9,6.2,17.652248936718344,2,17.240609824297163,17.316026413303575
00-0039146,2023_09_LA_GB,2023,9,7.0,6.313703440456431,2,5.630428177545099,6.8214345320369585
00-0030035,2023_10_CAR_CHI,2023,10,10.2,15.007516113106094,2,14.821318502429117,14.818633326875313
00-0030279,2023_10_DET_LAC,2023,10,40.5,17.737179152728658,2,20.601019936235428,16.833416764220402
00-0030431,2023_10_HOU_CIN,2023,10,2.5,8.448021206932431,2,9.135761761102914,8.570601635626662
00-0030564,2023_10_TEN_TB,2023,10,5.7,13.68885562098834,2,11.699413795806183,13.901866160760456
00-0031236,2023_10_NYG_DAL,2023,10,32.3,5.404125710730013,2,4.422712771515375,6.026937260415301
00-0031381,2023_10_NYJ_LV,2023,10,14.6,15.284732602887333,2,15.3390413704598,15.035120778750017
00-0031408,2023_10_TEN_TB,2023,10,26.3,15.092587409405764,2,15.443666038083732,14.805608252753856
00-0031544,2023_10_CLE_BAL,2023,10,15.8,13.145156419430624,2,10.818098887611464,13.454285365839842
00-0031549,2023_10_CLE_BAL,2023,10,0.0,2.5281262957917012,2,2.676878352344926,3.159430386164643
00-0031588,2023_10_DEN_BUF,2023,10,6.4,19.38266407868864,2,20.141769768650672,18.724030944913945
00-0032211,2023_10_WAS_SEA,2023,10,23.200000000000003,14.915338580420213,2,15.807038840870742,14.54813715206155
00-0032398,2023_10_TEN_TB,2023,10,4.1,8.332641440337573,2,8.338681700353321,8.580210573708378
00-0032765,2023_10_NO_MIN,2023,10,1.9,7.705358337567748,2,8.380423311027783,7.882339676755956
00-0033009,2023_10_HOU_CIN,2023,10,19.700000000000003,10.16184008626106,2,8.091088931481206,10.636827989196084
00-0033282,2023_10_WAS_SEA,2023,10,2.6,8.618021512722498,2,8.404057548617235,8.883240096333436
00-0033466,2023_10_IND_NE,2023,10,7.1,4.028103772053925,2,3.912351018982191,4.599270236817349
00-0033591,2023_10_HOU_CIN,2023,10,24.2,9.560017958836706,2,10.118304745888658,9.626591561402584
00-0033857,2023_10_IND_NE,2023,10,1.9,10.23915913879244,2,11.479896527941024,10.140968901249998
00-0033921,2023_10_TEN_TB,2023,10,9.4,14.016534908899333,2,14.388602221368986,13.801630679376744
00-0033943,2023_10_DET_LAC,2023,10,3.5,9.086387375909652,2,8.682265182551312,9.35126997214071
00-0034279,2023_10_CAR_CHI,2023,10,1.4,3.039632697155837,2,2.86834195164004,3.689835103302994
00-0034348,2023_10_DEN_BUF,2023,10,17.3,11.395551042333807,2,11.567767913161008,11.399230907448224
00-0034521,2023_10_NYJ_LV,2023,10,2.7,9.280654557843352,2,9.796508117513312,9.374149377207154
00-0034646,2023_10_NO_MIN,2023,10,7.5,6.743226584013535,2,7.153310639654599,7.033299655111692
00-0034764,2023_10_NYG_DAL,2023,10,15.0,5.639608453614791,2,6.150017076693869,5.990093202502259
00-0034775,2023_10_SF_JAX,2023,10,14.4,13.970628486893604,2,16.3213120194245,13.419727256373076
00-0034827,2023_10_CAR_CHI,2023,10,10.9,15.352852671163975,2,14.881500023587543,15.188572728603392
00-0034837,2023_10_SF_JAX,2023,10,4.0,13.094638952790254,2,13.933994377332994,12.864452451554394
00-0034960,2023_10_NYJ_LV,2023,10,4.1,14.163608406037893,2,14.31338454742916,13.97647211836416
00-0034983,2023_10_NYJ_LV,2023,10,1.5,4.588285705954741,2,5.121735307203049,5.008754405938858
00-0035216,2023_10_GB_PIT,2023,10,2.7,14.037934096897608,2,13.75090265860767,13.93452465880913
00-0035341,2023_10_HOU_CIN,2023,10,13.4,8.418224030546734,2,7.940530768984835,8.742708634634868
00-0035414,2023_10_DET_LAC,2023,10,14.1,7.479789837075819,2,6.75912876978159,7.911925588325597
00-0035535,2023_10_NYG_DAL,2023,10,5.1,9.296036668698084,2,9.595747351989388,9.425506522181472
00-0035640,2023_10_WAS_SEA,2023,10,16.8,15.002753625947852,2,16.50359655620325,14.52496980807107
00-0035659,2023_10_WAS_SEA,2023,10,7.300000000000001,14.967657080762397,2,14.346853808126257,14.85608867882476
00-0035662,2023_10_ATL_ARI,2023,10,3.8,14.616658312831488,2,15.197297748372796,14.323791622641
00-0035719,2023_10_SF_JAX,2023,10,15.9,9.532533401936357,2,9.465077416516973,9.708320802134743
00-0036165,2023_10_NYG_DAL,2023,10,0.0,5.1481890481435,2,4.6431065082076985,5.707334504230776
00-0036182,2023_10_TEN_TB,2023,10,1.9,5.842615299636833,2,6.763726243119086,6.108410427553526
00-0036196,2023_10_DEN_BUF,2023,10,9.6,6.907914643453161,2,8.239483682141364,7.028421337169805
00-0036252,2023_10_IND_NE,2023,10,16.4,15.585231292007537,2,15.445142537582443,15.347815541414706
00-0036261,2023_10_SF_JAX,2023,10,14.5,11.072802122619244,2,9.902662415048152,11.32932064058468
00-0036309,2023_10_CAR_CHI,2023,10,3.4000000000000004,7.929135259385017,2,7.97350965279489,8.198508723649017
00-0036358,2023_10_NYG_DAL,2023,10,39.5,17.657381884226957,2,17.503654823252823,17.276580457948555
00-0036407,2023_10_DEN_BUF,2023,10,6.5,7.898813612053418,2,9.746479808745349,7.861152705149028
00-0036415,2023_10_ATL_ARI,2023,10,0.0,4.362055418317865,2,3.700135994710237,5.003374708982087
00-0036497,2023_10_SF_JAX,2023,10,3.7,4.126215994933052,2,4.759384521192765,4.5620833412072965
00-0036550,2023_10_CLE_BAL,2023,10,4.5,6.496891722493079,2,6.314672718004377,6.905836132927339
00-0036900,2023_10_HOU_CIN,2023,10,23.4,20.375732470319427,2,20.83866794683088,19.698038970889776
00-0036936,2023_10_ATL_ARI,2023,10,9.3,7.983563515185468,2,8.76892030591177,8.122071021843944
00-0036955,2023_10_CAR_CHI,2023,10,2.1,8.509735166841768,2,8.156306319904123,8.806479646592658
00-0036963,2023_10_DET_LAC,2023,10,30.5,20.364935669368478,2,20.299967632136692,19.778508275418133
00-0036980,2023_10_CLE_BAL,2023,10,15.4,10.21645572431495,2,10.365841892144664,10.30696964669968
00-0037238,2023_10_ATL_ARI,2023,10,6.6,13.214451983123148,2,14.48462787178548,12.90197729209199
00-0037239,2023_10_NO_MIN,2023,10,21.4,15.146961226176108,2,16.097308375830032,14.753416184049222
00-0037240,2023_10_DET_LAC,2023,10,3.8,4.425844414335061,2,5.077149834840003,4.837530910602952
00-0037247,2023_10_GB_PIT,2023,10,7.5,12.035617330200726,2,12.386813561337162,11.963599306771568
00-0037261,2023_10_DEN_BUF,2023,10,3.4000000000000004,8.665155460183147,2,8.494290100430359,8.919670277745618
00-0037273,2023_10_TEN_TB,2023,10,9.1,3.2976396267556574,2,3.132573625003395,3.9286305001953927
00-0037291,2023_10_NO_MIN,2023,10,2.6,10.69689783267356,2,10.690320674852083,10.780363934880068
00-0037545,2023_10_NO_MIN,2023,10,7.4,8.262141409601998,2,9.300124494286624,8.337746229428125
00-0037664,2023_10_IND_NE,2023,10,3.1,9.242935698086931,2,8.927050096063759,9.481681250212253
00-0037666,2023_10_NYG_DAL,2023,10,2.2,5.683604727250918,2,5.962068452579797,6.0707614100485365
00-0037740,2023_10_NYJ_LV,2023,10,18.3,15.785890106592339,2,16.280265401563742,15.425586859805282
00-0037741,2023_10_WAS_SEA,2023,10,0.0,11.792492354254,2,11.8677565073285,11.784879470563627
00-0037816,2023_10_GB_PIT,2023,10,12.1,11.10974888995185,2,11.050258326187308,11.173253037731536
00-0038117,2023_10_NYG_DAL,2023,10,2.6,6.102751931202328,2,6.6319772372724435,6.417440093410495
00-0038124,2023_10_GB_PIT,2023,10,4.300000000000001,8.535880217108636,2,8.12578250084658,8.840501684830008
00-0038393,2023_10_GB_PIT,2023,10,8.100000000000001,3.5170944087431444,2,3.4500706101891683,4.115843213255327
00-0038496,2023_10_NYJ_LV,2023,10,3.4000000000000004,6.05824806810855,2,6.201693070739417,6.442206361279398
00-0038543,2023_10_WAS_SEA,2023,10,9.3,7.6844655589729545,2,8.199900692804693,7.890284041670683
00-0038544,2023_10_DET_LAC,2023,10,13.4,9.423678740674742,2,8.217411387650413,9.802365724712535
00-0038559,2023_10_ATL_ARI,2023,10,6.4,9.89813078658735,2,9.357958141638306,10.129252834224252
00-0038608,2023_10_IND_NE,2023,10,2.1,3.23052373648117,2,2.4912288011821606,3.96468365001236
00-0038612,2023_10_NO_MIN,2023,10,11.8,9.05461901567526,2,8.630656731428454,9.325137220066702
00-0038621,2023_10_IND_NE,2023,10,14.4,10.601935457589255,2,10.593845989345304,10.692339064150572
00-0038941,2023_10_CAR_CHI,2023,10,4.1,3.8540740347178906,2,3.7592182523509576,4.433896436540187
00-0038976,2023_10_DEN_BUF,2023,10,-0.3,6.642344846668945,2,7.875139458580451,6.7984621824710985
00-0038977,2023_10_HOU_CIN,2023,10,18.9,14.557461818425965,2,15.00703972499982,14.29122806316204
00-0038979,2023_10_CLE_BAL,2023,10,0.0,8.384015891061107,2,7.976014765504573,8.698957759700397
00-0038994,2023_10_NO_MIN,2023,10,10.9,14.214937583857266,2,12.039771944063242,14.422792992299089
00-0039052,2023_10_TEN_TB,2023,10,4.1,8.287755010634893,2,7.087647053082847,8.745269782223795
00-0039062,2023_10_CAR_CHI,2023,10,5.0,9.745646337155028,2,9.478793071972865,9.94063239775008
00-0039064,2023_10_CLE_BAL,2023,10,12.3,12.636625016573225,2,12.698805788679364,12.571891628201978
00-0039146,2023_10_GB_PIT,2023,10,19.4,6.9721657172604425,2,6.921357540683802,7.325156673765441
00-0027944,2023_11_PHI_KC,2023,11,2.5,3.3031268218220324,2,3.6697495633589057,3.8425760260299313
00-0030035,2023_11_DAL_CAR,2023,11,15.4,14.80784799113053,2,16.60823149394867,14.29241594192224
00-0030279,2023_11_LAC_GB,2023,11,27.6,17.969763865346962,2,17.80393912384293,17.56906828510873
00-0030431,2023_11_ARI_HOU,2023,11,9.4,10.618897925736695,2,11.898231412901191,10.48738543606204
00-0030564,2023_11_TEN_JAX,2023,11,15.9,11.103624014466428,2,9.330350464170374,11.461379726224166
00-0031235,2023_11_CIN_BAL,2023,11,15.6,6.277197830049235,2,6.737629005771585,6.591412553755108
00-0031236,2023_11_DAL_CAR,2023,11,7.2,9.909956907296078,2,9.993742222371234,10.033272334717037
00-0031381,2023_11_LV_MIA,2023,11,21.200000000000003,17.00413847914554,2,17.19228882415175,16.610662935741292
00-0031408,2023_11_TB_SF,2023,11,15.3,15.110262829137866,2,15.222088697023333,14.86305952152714
00-0031428,2023_11_PIT_CLE,2023,11,5.0,6.076318584785198,2,6.177541337814326,6.466244895424349
00-0031544,2023_11_PIT_CLE,2023,11,7.4,13.757290023657985,2,12.71179246527858,13.803652671472245
00-0031549,2023_11_CIN_BAL,2023,11,10.7,3.759673814664528,2,4.449121461519796,4.211669407967946
00-0031588,2023_11_NYJ_BUF,2023,11,6.7,15.911323382883081,2,14.650835622729254,15.84306288215544
00-0032211,2023_11_SEA_LA,2023,11,10.1,10.90752226535782,2,10.19553570842404,11.097115665871437
00-0032385,2023_11_NYG_WAS,2023,11,1.5,3.6478620674062556,2,4.640762796558966,4.055695071919364
00-0032398,2023_11_TEN_JAX,2023,11,9.7,7.041313281909023,2,6.788412615692072,7.424089339916877
00-0032543,2023_11_LAC_GB,2023,11,2.2,8.054739763644848,2,7.533362289469092,8.412275857099996
00-0033009,2023_11_CIN_BAL,2023,11,5.2,12.642781239984009,2,12.212111663578057,12.662112019676629
00-0033040,2023_11_LV_MIA,2023,11,30.6,15.41222966880848,2,14.483981690543738,15.322106810065224
00-0033891,2023_11_TEN_JAX,2023,11,6.0,6.976691182415352,2,7.706542224045873,7.1955231701785936
00-0033921,2023_11_TB_SF,2023,11,9.9,12.977060964172775,2,13.91402269476822,12.738408942522716
00-0033943,2023_11_CHI_DET,2023,11,2.1,9.38514747109408,2,9.012979930331651,9.623541286055469
00-0034272,2023_11_PHI_KC,2023,11,0.0,4.869836300120575,2,5.494688535767713,5.254834371669143
00-0034279,2023_11_CHI_DET,2023,11,3.9,3.3659033896183637,2,2.8333768907704866,4.055093162158958
00-0034348,2023_11_MIN_DEN,2023,11,16.6,14.33569277780498,2,13.546429514324162,14.297448991325933
00-0034386,2023_11_PHI_KC,2023,11,16.3,5.225112003380508,2,5.470247111985365,5.650226218349365
00-0034418,2023_11_LV_MIA,2023,11,5.300000000000001,5.431357521517684,2,6.076966724467123,5.773307942056302
00-0034521,2023_11_NYJ_BUF,2023,11,0.0,6.641535862047783,2,6.8989502823008335,6.964934891185988
00-0034646,2023_11_MIN_DEN,2023,11,6.2,6.051204395377615,2,6.0174973792552455,6.466029997630915
00-0034764,2023_11_DAL_CAR,2023,11,6.1,5.829726536769784,2,5.298775004463547,6.345378026016264
00-0034775,2023_11_TEN_JAX,2023,11,7.800000000000001,14.337667569501772,2,13.515415687060424,14.304940664837398
00-0034827,2023_11_CHI_DET,2023,11,22.6,15.647233416035116,2,13.31525903162854,15.781246873639745
00-0034837,2023_11_TEN_JAX,2023,11,31.1,12.119694712309574,2,13.118443644071313,11.930743783350866
00-0034960,2023_11_LV_MIA,2023,11,8.9,13.37616684811056,2,12.787369470423975,13.371032656535991
00-0034983,2023_11_LV_MIA,2023,11,9.2,4.85188591418001,2,5.327431179985372,5.26374439330453
00-0035208,2023_11_PHI_KC,2023,11,0.0,3.147565881554533,2,3.8253405634584903,3.644609220580626
00-0035216,2023_11_PIT_CLE,2023,11,3.6,13.33945114492275,2,13.395589235063984,13.22632753007164
00-0035341,2023_11_CIN_BAL,2023,11,6.6,9.698869111800848,2,9.87171489363041,9.821760240089995
00-0035406,2023_11_MIN_DEN,2023,11,0.0,3.8464947972912933,2,3.4510655272355875,4.478382259718075
00-0035500,2023_11_ARI_HOU,2023,11,13.6,7.402837830386719,2,7.579316846637984,7.686574361891605
00-0035535,2023_11_NYG_WAS,2023,11,18.200000000000003,6.0470541498826424,2,6.261769179379947,6.419580710733596
00-0035640,2023_11_SEA_LA,2023,11,20.4,13.430679900439502,2,12.365100010651489,13.503454422435908
00-0035659,2023_11_NYG_WAS,2023,11,9.3,13.844288803959824,2,13.76989574400614,13.718041514075628
00-0035662,2023_11_ARI_HOU,2023,11,3.2,12.691037185182418,2,12.897442457960434,12.597750583668404
00-0035676,2023_11_PHI_KC,2023,11,1.8,17.914626056944847,2,19.696079431792015,17.18395545769191
00-0035719,2023_11_TB_SF,2023,11,9.2,13.112588653081627,2,12.55417602096144,13.12078125138328
00-0036165,2023_11_NYG_WAS,2023,11,4.2,3.900305242502874,2,3.968260052342783,4.448963250266331
00-0036182,2023_11_TEN_JAX,2023,11,1.7000000000000002,4.844439768903162,2,5.09964213151823,5.294598755127978
00-0036261,2023_11_TB_SF,2023,11,26.6,14.99344598580427,2,15.850116013131965,14.626757442418176
00-0036309,2023_11_CHI_DET,2023,11,3.4000000000000004,7.621811018722061,2,6.947084928708432,8.036083778942173
00-0036345,2023_11_MIN_DEN,2023,11,1.7000000000000002,10.50811755306161,2,11.453354904389592,10.441675055604236
00-0036358,2023_11_DAL_CAR,2023,11,16.5,18.596784873327294,2,19.153952177076754,18.028040143271316
00-0036407,2023_11_MIN_DEN,2023,11,10.8,10.200953543843964,2,9.71051381637439,10.402253095473112
00-0036527,2023_11_LV_MIA,2023,11,0.0,2.5834545322774662,2,2.114182696022681,3.3168252447622724
00-0036550,2023_11_CIN_BAL,2023,11,8.0,8.438060638174761,2,9.29052352319716,8.53310059770364
00-0036554,2023_11_ARI_HOU,2023,11,13.5,14.172553012578696,2,15.05562013586235,13.859068063660198
00-0036613,2023_11_LV_MIA,2023,11,9.5,14.606113948320722,2,14.92513638539173,14.35884191614361
00-0036841,2023_11_SEA_LA,2023,11,5.300000000000001,6.911015752283587,2,7.918797099857616,7.086816388518528
00-0036849,2023_11_SEA_LA,2023,11,2.7,10.529781551620308,2,9.589169548556102,10.785136416498087
00-0036900,2023_11_CIN_BAL,2023,11,9.2,19.3299601134051,2,19.082607189845408,18.847586449117316
00-0036912,2023_11_PHI_KC,2023,11,15.9,11.535100929295046,2,10.693525497300143,11.7027773495686
00-0036936,2023_11_ARI_HOU,2023,11,12.4,10.257130625430293,2,11.575498025583098,10.144367207329497
00-0036963,2023_11_CHI_DET,2023,11,21.7,20.255363058030902,2,20.999843532900623,19.537864835428564
00-0036980,2023_11_PIT_CLE,2023,11,12.0,8.63887813291876,2,8.294709443157508,8.924953024151526
00-0037240,2023_11_CHI_DET,2023,11,12.4,6.5386225001226395,2,7.156625641955285,6.807437498594464
00-0037247,2023_11_PIT_CLE,2023,11,7.7,11.330209710462482,2,11.88347439542817,11.27315566869378
00-0037261,2023_11_NYJ_BUF,2023,11,20.5,8.191921624583316,2,8.203662073752588,8.448409599955163
00-0037666,2023_11_DAL_CAR,2023,11,3.2,4.300472357243312,2,5.010320082975675,4.710938808084774
00-0037740,2023_11_NYJ_BUF,2023,11,0.8999999999999999,15.940958448422355,2,15.896454106680988,15.662138657520387
00-0037741,2023_11_NYG_WAS,2023,11,11.3,9.68425081253625,2,9.46675746836898,9.875091961548735
00-0037816,2023_11_LAC_GB,2023,11,16.3,9.54881706744547,2,8.676802775959265,9.861397432485324
00-0038090,2023_11_PHI_KC,2023,11,1.4,4.97195525534423,2,4.906279224089833,5.468159961388505
00-0038117,2023_11_NYG_WAS,2023,11,6.7,6.96410278788335,2,7.864843221812804,7.15452179166376
00-0038124,2023_11_LAC_GB,2023,11,10.2,9.110361323699518,2,8.96682883346355,9.328880952458032
00-0038496,2023_11_NYJ_BUF,2023,11,1.7000000000000002,7.0618764355364965,2,7.186816768113458,7.378427152140214
00-0038543,2023_11_SEA_LA,2023,11,7.0,8.020940411635026,2,8.837161614100594,8.151527816949605
00-0038544,2023_11_LAC_GB,2023,11,4.1,9.800586525075778,2,9.997736025383093,9.912157610873814
00-0038563,2023_11_LV_MIA,2023,11,5.0,5.602892542644285,2,6.954954738550316,5.811661397189094
00-0038752,2023_11_SEA_LA,2023,11,1.8,4.146295404503159,2,3.9058321879448257,4.730531128164937
00-0038938,2023_11_NYG_WAS,2023,11,1.7000000000000002,5.274279478137303,2,5.514017464737703,5.696861306158837
00-0038941,2023_11_CHI_DET,2023,11,-0.6000000000000001,4.4837209145626264,2,4.61044777636863,4.981274019760252
00-0038976,2023_11_MIN_DEN,2023,11,3.2,5.454024932736695,2,6.233501432086598,5.771430287688956
00-0038977,2023_11_ARI_HOU,2023,11,28.9,15.706294147656697,2,15.51999013632779,15.468288066695504
00-0038979,2023_11_PIT_CLE,2023,11,2.0,7.551380742858269,2,7.787888955593239,7.814379248709951
00-0038994,2023_11_MIN_DEN,2023,11,7.4,14.190159030750264,2,13.442559286543228,14.155006865208426
00-0039052,2023_11_TB_SF,2023,11,6.800000000000001,6.922009015774069,2,6.937498849504862,7.267160727271207
00-0039062,2023_11_DAL_CAR,2023,11,1.6,9.886592921706521,2,9.954766843854507,10.014227927635051
00-0039064,2023_11_CIN_BAL,2023,11,8.0,14.654913773589668,2,16.350509422205096,14.168202250623429
00-0039067,2023_11_PHI_KC,2023,11,8.2,6.378265585701631,2,7.091658979389718,6.642003423068495
00-0039075,2023_11_SEA_LA,2023,11,18.7,17.906892793724225,2,18.082945926057413,17.452005105967764
00-0039146,2023_11_LAC_GB,2023,11,19.200000000000003,9.402561710859697,2,9.236341316886625,9.60442210432928
00-0027944,2023_12_BUF_PHI,2023,12,1.0,5.822027268250018,2,5.726006206311052,6.263653221739038
00-0030035,2023_12_CAR_TEN,2023,12,1.2,15.090007865862614,2,15.793030579366038,14.742870793221623
00-0030279,2023_12_BAL_LAC,2023,12,22.6,19.85748744658239,2,20.09547144501768,19.25480648510767
00-0030431,2023_12_JAX_HOU,2023,12,6.0,8.070525413071051,2,7.936009197246715,8.360625657623874
00-0030564,2023_12_CAR_TEN,2023,12,7.9,9.933386515466866,2,9.859709039508532,10.082050585062063
00-0031236,2023_12_WAS_DAL,2023,12,17.2,10.946686260099831,2,11.147330866223069,10.977058707869634
00-0031381,2023_12_KC_LV,2023,12,12.3,17.628113346191675,2,16.892589635612605,17.349116799364495
00-0031408,2023_12_TB_IND,2023,12,25.0,16.50936673413578,2,15.509087770466298,16.35443716346912
00-0031428,2023_12_PIT_CIN,2023,12,2.1,4.8549454944432675,2,5.661805767977669,5.209786254298108
00-0031544,2023_12_CLE_DEN,2023,12,3.6,12.329932927426608,2,12.12287450890461,12.33292756623228
00-0031547,2023_12_NE_NYG,2023,12,7.2,6.047182413515463,2,6.110144929208446,6.445717279802761
00-0031549,2023_12_BAL_LAC,2023,12,3.1,4.3452746628272125,2,5.293202541246073,4.711772559844374
00-0031588,2023_12_BUF_PHI,2023,12,19.4,17.66342413653365,2,15.611221229932209,17.60768342968438
00-0032211,2023_12_SF_SEA,2023,12,6.0,15.310871757473825,2,17.224111091145097,14.74071592842121
00-0032398,2023_12_CAR_TEN,2023,12,7.2,5.5920661482500496,2,5.794648232089624,5.998669863818452
00-0032543,2023_12_BAL_LAC,2023,12,2.7,4.890052637016463,2,4.4775303484137,5.451482462701357
00-0032775,2023_12_LA_ARI,2023,12,3.3,5.358251995036587,2,4.682403111013245,5.931901949202088
00-0033009,2023_12_PIT_CIN,2023,12,5.300000000000001,8.118631292201165,2,7.816111320408921,8.43415202496301
00-0033040,2023_12_MIA_NYJ,2023,12,25.4,13.753352063431972,2,12.85041787476296,13.775549762390646
00-0033282,2023_12_WAS_DAL,2023,12,19.0,8.212777471840276,2,8.227350923974488,8.467313054251703
00-0033857,2023_12_NE_NYG,2023,12,3.0,5.323694179527652,2,5.46043941425637,5.760458591662225
00-0033891,2023_12_JAX_HOU,2023,12,2.0,8.422848613621888,2,8.685038380323643,8.620158183516383
00-0033908,2023_12_LA_ARI,2023,12,4.8,16.780392101404445,2,18.044038594516067,16.218262254751224
00-0033921,2023_12_TB_IND,2023,12,7.5,13.541090781250677,2,13.868718325087611,13.367241150596834
00-0033943,2023_12_GB_DET,2023,12,9.5,7.884452804713138,2,8.483550754994893,8.061863557110609
00-0034272,2023_12_KC_LV,2023,12,0.9,5.572988273271425,2,6.541301603140003,5.849652261612137
00-0034317,2023_12_NO_ATL,2023,12,4.0,2.233299144892567,2,2.3920032796015036,2.8836307009456705
00-0034348,2023_12_CLE_DEN,2023,12,9.1,12.27168975275253,2,11.765809546119405,12.33001207000414
00-0034386,2023_12_KC_LV,2023,12,7.3,6.286313842841564,2,7.279357067819473,6.5085734039613605
00-0034419,2023_12_MIA_NYJ,2023,12,0.0,4.099248206536691,2,4.191416155693838,4.629764318345706
00-0034646,2023_12_CHI_MIN,2023,12,7.7,6.9357128255795715,2,6.87886824056897,7.292302246851543
00-0034775,2023_12_JAX_HOU,2023,12,12.9,15.396799337600703,2,15.968750387037243,15.050558848770835
00-0034777,2023_12_CAR_TEN,2023,12,6.4,4.553753586058979,2,5.8402813293838305,4.8475386990225084
00-0034827,2023_12_CHI_MIN,2023,12,22.4,15.950633312865486,2,13.535604547587791,16.077549506875776
00-0034837,2023_12_JAX_HOU,2023,12,21.9,14.773830980769143,2,14.781773638054544,14.568097565462915
00-0034854,2023_12_NO_ATL,2023,12,0.0,5.197270669298972,2,5.745080828053561,5.572450469924147
00-0034960,2023_12_KC_LV,2023,12,20.1,13.161384740904646,2,13.75669302030156,12.968345193947751
00-0034983,2023_12_KC_LV,2023,12,7.800000000000001,5.991572129627593,2,7.252977407712987,6.18854985261024
00-0035216,2023_12_PIT_CIN,2023,12,9.0,12.256248423011993,2,11.666632634558832,12.330012761891007
00-0035298,2023_12_NO_ATL,2023,12,1.4,3.7095031885073118,2,4.218936369015678,4.195889746640017
00-0035341,2023_12_PIT_CIN,2023,12,3.5,6.779011883659599,2,6.452908301391143,7.192784606583249
00-0035414,2023_12_BAL_LAC,2023,12,1.4,8.653356769613092,2,8.029750673493092,8.986321810757772
00-0035500,2023_12_LA_ARI,2023,12,11.7,9.372302859890164,2,10.59456452834456,9.338241838709992
00-0035535,2023_12_NE_NYG,2023,12,3.6,6.62272162070851,2,7.01671434856364,6.924027988393297
00-0035640,2023_12_SF_SEA,2023,12,6.2,15.419854354221046,2,16.537274882862373,14.978474091039068
00-0035659,2023_12_WAS_DAL,2023,12,9.0,13.648672929052651,2,12.189900552762811,13.773528286232551
00-0035662,2023_12_LA_ARI,2023,12,14.8,12.605102783627062,2,12.564651691742354,12.560181993264248
00-0035676,2023_12_BUF_PHI,2023,12,14.7,18.259205318686604,2,18.907427808527867,17.698589831102588
00-0035719,2023_12_SF_SEA,2023,12,22.4,13.355995391211048,2,13.22265621163611,13.274193378063014
00-0036165,2023_12_NE_NYG,2023,12,8.2,3.2171005562566015,2,3.24067203296067,3.821414240039504
00-0036182,2023_12_CAR_TEN,2023,12,8.100000000000001,5.887023549115874,2,6.6816532126267925,6.171380348301563
00-0036196,2023_12_BUF_PHI,2023,12,22.5,7.738399862194553,2,8.976714030523045,7.816490869339656
00-0036252,2023_12_TB_IND,2023,12,20.700000000000003,17.602035777828398,2,16.957625962976607,17.309252043523006
00-0036259,2023_12_SF_SEA,2023,12,1.7000000000000002,4.814535989302632,2,5.400616425328505,5.210070313728378
00-0036261,2023_12_SF_SEA,2023,12,13.0,14.935051473399097,2,14.44293351972661,14.803713506721367
00-0036309,2023_12_CHI_MIN,2023,12,2.6,10.30492359751027,2,10.443854221978537,10.391008578947416
00-0036345,2023_12_CHI_MIN,2023,12,6.4,10.55630048796699,2,11.676828043027529,10.456416764796469
00-0036358,2023_12_WAS_DAL,2023,12,17.3,19.39207751015909,2,19.9611248346152,18.765367078758857
00-0036364,2023_12_NO_ATL,2023,12,4.0,4.689732566622745,2,4.213796691505344,5.276121883804295
00-0036407,2023_12_CLE_DEN,2023,12,3.1,7.910311759294517,2,7.385556688010365,8.278583820957211
00-0036415,2023_12_NO_ATL,2023,12,2.3,3.778990219136918,2,2.8977064096372063,4.49892264065592
00-0036550,2023_12_BAL_LAC,2023,12,4.1,9.226896720373253,2,10.067146598171975,9.26855568306331
00-0036554,2023_12_JAX_HOU,2023,12,23.4,15.439075044383921,2,15.273549988661438,15.216298672014505
00-0036613,2023_12_MIA_NYJ,2023,12,19.4,11.065901152116515,2,11.414649872780334,11.062497994511714
00-0036849,2023_12_LA_ARI,2023,12,10.6,7.029892387245499,2,6.467646781850629,7.466507498442084
00-0036900,2023_12_PIT_CIN,2023,12,12.1,16.346075081733332,2,16.19585300944033,16.056890337194652
00-0036912,2023_12_BUF_PHI,2023,12,23.6,15.42857504515292,2,17.016093095443406,14.905985271285124
00-0036936,2023_12_LA_ARI,2023,12,5.5,9.813501872308413,2,11.64900497803516,9.643275902305357
00-0036963,2023_12_GB_DET,2023,12,18.5,20.70463341986926,2,21.363833647459444,19.97016121455844
00-0036980,2023_12_CLE_DEN,2023,12,5.4,10.668500689771614,2,10.547870010928625,10.773517812865602
00-0037238,2023_12_NO_ATL,2023,12,14.1,11.233637468394692,2,11.936135365003974,11.157789463706695
00-0037239,2023_12_NO_ATL,2023,12,18.4,10.097504588905137,2,10.84540952888154,10.0937702372413
00-0037240,2023_12_GB_DET,2023,12,7.1000000000000005,6.190033132160563,2,6.912870093211201,6.46538934950104
00-0037247,2023_12_PIT_CIN,2023,12,8.8,11.422436297497415,2,13.012370313183862,11.18116386001335
00-0037261,2023_12_BUF_PHI,2023,12,7.7,9.183978296600158,2,7.941919630791499,9.585658473496013
00-0037664,2023_12_TB_IND,2023,12,6.7,10.039651975894623,2,10.251221406331824,10.131938557722576
00-0037666,2023_12_WAS_DAL,2023,12,6.9,4.569217208975251,2,4.178772817353815,5.149424611100599
00-0037740,2023_12_MIA_NYJ,2023,12,17.4,15.503721991256215,2,16.84083158283452,15.018778980836125
00-0037741,2023_12_WAS_DAL,2023,12,10.2,11.10158015523994,2,11.483468238873243,11.089986269819615
00-0037816,2023_12_GB_DET,2023,12,6.7,12.393792370661783,2,11.52193761049654,12.506272613008742
00-0038090,2023_12_KC_LV,2023,12,6.4,5.575067221033142,2,5.557845944098525,6.020550740439283
00-0038104,2023_12_NE_NYG,2023,12,4.2,3.3057308284634175,2,3.988589586392095,3.790779580778464
00-0038117,2023_12_NE_NYG,2023,12,6.6,9.215289495923344,2,10.100447723223466,9.250065389936102
00-0038124,2023_12_GB_DET,2023,12,20.4,11.199646918821896,2,12.697091779188504,10.989899009108452
00-0038492,2023_12_MIA_NYJ,2023,12,4.0,7.934323062212416,2,9.111363321997937,8.009140930361706
00-0038496,2023_12_MIA_NYJ,2023,12,3.5,6.7020547674131175,2,7.919149783881961,6.856664634608614
00-0038543,2023_12_SF_SEA,2023,12,6.1000000000000005,8.649658177002756,2,8.166957113331007,8.958725750671896
00-0038544,2023_12_BAL_LAC,2023,12,1.7000000000000002,5.662162261878833,2,4.77862759934069,6.250046585807521
00-0038612,2023_12_NO_ATL,2023,12,1.7000000000000002,8.97198639619977,2,8.41785707850499,9.270632322586671
00-0038621,2023_12_NE_NYG,2023,12,10.9,9.31494210566055,2,9.211720325995753,9.512163498757827
00-0038938,2023_12_NE_NYG,2023,12,15.9,5.815457369506123,2,6.818310525443882,6.069148021734178
00-0038976,2023_12_CLE_DEN,2023,12,5.5,4.550796321859361,2,4.9316847184953545,5.000057433429119
00-0038977,2023_12_JAX_HOU,2023,12,17.2,15.67189352646548,2,13.757076616734484,15.73265288112636
00-0038979,2023_12_CLE_DEN,2023,12,9.5,7.583851279150206,2,7.8069840121262,7.846859465204112
00-0038994,2023_12_CHI_MIN,2023,12,9.9,13.943045524315295,2,13.631458312633924,13.85051910452288
00-0038997,2023_12_TB_IND,2023,12,9.3,12.115987973839488,2,12.546694750015767,12.02468614209728
00-0039052,2023_12_TB_IND,2023,12,5.7,7.143173782830358,2,6.901000697674808,7.516947306957061
00-0039062,2023_12_CAR_TEN,2023,12,10.0,9.307842188204452,2,8.660503629671302,9.598849399216547
00-0039064,2023_12_BAL_LAC,2023,12,23.2,14.63591788327505,2,16.051374868686267,14.198570832477348
00-0039067,2023_12_KC_LV,2023,12,24.700000000000003,8.55979639226213,2,9.657422537226044,8.604243087620102
00-0039075,2023_12_LA_ARI,2023,12,6.7,18.204740396213225,2,17.574525258701847,17.867137867002704
00-0039146,2023_12_GB_DET,2023,12,15.0,11.836338149303694,2,11.020887903191756,11.978351021976318
00-0030035,2023_13_CAR_TB,2023,13,5.5,14.268422408928817,2,13.719795151737417,14.193653384596566
00-0030279,2023_13_LAC_NE,2023,13,10.8,18.97962481176561,2,19.16521289412495,18.447662561972805
00-0030431,2023_13_DEN_HOU,2023,13,0.0,7.120048543574077,2,7.344903405060367,7.415378386381976
00-0030564,2023_13_IND_TEN,2023,13,18.9,13.182468733616467,2,13.280465275061976,13.073208446276569
00-0031236,2023_13_SEA_DAL,2023,13,16.5,11.484025877746673,2,11.16426646321288,11.565831003481916
00-0031408,2023_13_CAR_TB,2023,13,29.2,14.93933595495567,2,13.590882385832872,14.954511795571628
00-0031428,2023_13_ARI_PIT,2023,13,4.9,4.054956047029133,2,4.576103294913801,4.515040319805938
00-0031547,2023_13_LAC_NE,2023,13,10.4,7.829527420072422,2,6.942920852868638,8.265518543024669
00-0032211,2023_13_SEA_DAL,2023,13,9.7,14.502293934251716,2,13.4280977765842,14.501184465816682
00-0032398,2023_13_IND_TEN,2023,13,2.2,7.153034812493442,2,7.303398473442491,7.458816098029818
00-0032775,2023_13_CLE_LA,2023,13,15.5,4.883278236159862,2,4.921600150545725,5.367889142769563
00-0033009,2023_13_CIN_JAX,2023,13,7.2,9.786390282899717,2,8.503860521735248,10.152644459359458
00-0033040,2023_13_MIA_WAS,2023,13,32.3,14.530815910435294,2,12.425078936606315,14.70455393785727
00-0033282,2023_13_MIA_WAS,2023,13,10.5,10.547907452577023,2,10.701957365453923,10.61431246641181
00-0033591,2023_13_DEN_HOU,2023,13,0.0,11.725886046115944,2,13.064130272900506,11.506424665472036
00-0033857,2023_13_LAC_NE,2023,13,2.1,9.081418876924158,2,8.544854342286692,9.36935756094482
00-0033891,2023_13_CIN_JAX,2023,13,12.8,9.090213151541839,2,9.151375093500745,9.27505570649915
00-0033908,2023_13_CLE_LA,2023,13,15.9,14.149437614429585,2,13.815998976013804,14.04614301388669
00-0033921,2023_13_CAR_TB,2023,13,7.9,12.442875257687891,2,11.802695524530195,12.512184046157325
00-0033943,2023_13_DET_NO,2023,13,2.2,9.340202854167838,2,9.941766650293784,9.414815285113546
00-0034054,2023_13_MIA_WAS,2023,13,3.6,4.128385639641903,2,4.866837884278412,4.546049958274272
00-0034272,2023_13_KC_GB,2023,13,4.5,4.643695260127101,2,4.332920697772753,5.2050059416588645
00-0034348,2023_13_DEN_HOU,2023,13,15.7,14.593983639752887,2,13.656536862141053,14.562980994679576
00-0034419,2023_13_MIA_WAS,2023,13,0.0,4.600412725443512,2,4.365009618493712,5.1518451327474555
00-0034521,2023_13_ATL_NYJ,2023,13,0.0,4.5365102462480245,2,5.192848488842239,4.9395513163924045
00-0034764,2023_13_SEA_DAL,2023,13,0.0,6.256392935132448,2,5.7309065997453015,6.741102142524327
00-0034777,2023_13_CAR_TB,2023,13,8.600000000000001,5.448733325422365,2,5.892079852449944,5.824138872135542
00-0034837,2023_13_CIN_JAX,2023,13,7.300000000000001,14.353946087442381,2,14.073706611384718,14.22714866590692
00-0035216,2023_13_ARI_PIT,2023,13,13.3,11.715179548360236,2,11.46917566811551,11.768083727794885
00-0035406,2023_13_DEN_HOU,2023,13,2.2,3.0653969693768297,2,2.633927891474104,3.758393976940813
00-0035414,2023_13_LAC_NE,2023,13,1.5,4.9769913681172255,2,6.2027780696601935,5.251426095660715
00-0035500,2023_13_ARI_PIT,2023,13,2.9000000000000004,7.737614366943346,2,8.722436054004692,7.859220825966849
00-0035640,2023_13_SEA_DAL,2023,13,37.4,15.802146294274001,2,15.81675927628715,15.52295304773054
00-0035659,2023_13_MIA_WAS,2023,13,0.0,13.319451618445017,2,12.247439019928748,13.401151125477329
00-0035662,2023_13_ARI_PIT,2023,13,0.0,9.94934233882333,2,8.770368324123051,10.286382724618662
00-0035676,2023_13_SF_PHI,2023,13,19.4,17.640666892012426,2,17.6913123387307,17.226002146285946
00-0035719,2023_13_SF_PHI,2023,13,35.8,14.397934030618803,2,13.844975622337566,14.31479966429831
00-0036182,2023_13_IND_TEN,2023,13,3.8,7.2923327800998,2,6.732990784888569,7.709993969748927
00-0036252,2023_13_IND_TEN,2023,13,27.5,17.875765339143825,2,18.128753875961333,17.409876439205092
00-0036259,2023_13_SF_PHI,2023,13,13.4,4.63715520602455,2,5.37117136632202,5.019800873596211
00-0036261,2023_13_SF_PHI,2023,13,15.6,13.570758940091583,2,12.099223772056025,13.703281721928786
00-0036271,2023_13_SF_PHI,2023,13,5.800000000000001,5.641856872207029,2,6.359008992235985,5.956738204494639
00-0036358,2023_13_SEA_DAL,2023,13,32.6,18.83907210118663,2,18.740917402190114,18.3656407127586
00-0036364,2023_13_DET_NO,2023,13,0.9,7.616851629446664,2,7.655194556156347,7.909220496613608
00-0036407,2023_13_DEN_HOU,2023,13,8.100000000000001,9.573046012754174,2,9.044200906715895,9.825087575246188
00-0036410,2023_13_CIN_JAX,2023,13,6.6,11.264400406844215,2,11.529039393597316,11.26145805481374
00-0036482,2023_13_CAR_TB,2023,13,0.0,3.5711503689790396,2,3.161374312115941,4.224861112870091
00-0036554,2023_13_DEN_HOU,2023,13,34.1,15.049461392557372,2,14.328383538587875,14.94933175788423
00-0036613,2023_13_MIA_WAS,2023,13,10.2,12.194479943890256,2,12.33099854738509,12.148095483404765
00-0036849,2023_13_CLE_LA,2023,13,1.9,6.364924812033322,2,5.562207289464261,6.889531632139271
00-0036862,2023_13_CLE_LA,2023,13,3.2,3.5043647969857092,2,2.5831420599291928,4.250457599996955
00-0036900,2023_13_CIN_JAX,2023,13,31.62,16.649922972736185,2,15.723776184608235,16.472399142919105
00-0036912,2023_13_SF_PHI,2023,13,24.6,15.110939171660496,2,17.428019313335177,14.485606797915546
00-0036936,2023_13_ARI_PIT,2023,13,1.6,5.670175192884013,2,6.149632570059135,6.023816797064758
00-0036963,2023_13_DET_NO,2023,13,12.9,19.9321042822747,2,22.216690758286003,18.973294570821068
00-0036980,2023_13_CLE_LA,2023,13,12.3,10.578357831852177,2,10.730993775733175,10.642863843004964
00-0037238,2023_13_ATL_NYJ,2023,13,1.8,11.796445686589008,2,12.862804366929227,11.618635827174447
00-0037239,2023_13_DET_NO,2023,13,16.9,13.322837732836183,2,12.945496922052977,13.2852005765796
00-0037240,2023_13_DET_NO,2023,13,10.0,5.808716735182536,2,7.617677499709212,5.92467768793812
00-0037247,2023_13_ARI_PIT,2023,13,12.6,12.217885027313205,2,13.159539204444757,12.031817522263292
00-0037257,2023_13_CLE_LA,2023,13,3.2,3.3397339523274256,2,2.3243301276895103,4.113551361203711
00-0037614,2023_13_DEN_HOU,2023,13,1.9,4.816364944145517,2,4.769986172865768,5.320203098987766
00-0037664,2023_13_IND_TEN,2023,13,19.0,9.295581061597472,2,8.148454290583409,9.673137107443644
00-0037666,2023_13_SEA_DAL,2023,13,2.7,4.5663035689733915,2,3.9556288868753304,5.184473422978475
00-0037740,2023_13_ATL_NYJ,2023,13,8.0,15.796551933591813,2,15.874732769622922,15.506853670976987
00-0037741,2023_13_MIA_WAS,2023,13,4.300000000000001,10.6461744048202,2,11.052658136272294,10.662390090537937
00-0037816,2023_13_KC_GB,2023,13,11.2,9.80765622993462,2,8.883380956607628,10.110993665395116
00-0038090,2023_13_KC_GB,2023,13,1.5,6.144492642073353,2,6.25977253366892,6.527214578072611
00-0038104,2023_13_LAC_NE,2023,13,3.9,8.535805924012655,2,9.524829673131126,8.600559168726598
00-0038124,2023_13_KC_GB,2023,13,27.6,8.689917374311252,2,9.33388393988484,8.802991329828266
00-0038393,2023_13_KC_GB,2023,13,7.3,4.7103904395091325,2,5.5586065097243615,5.068306751552721
00-0038496,2023_13_ATL_NYJ,2023,13,12.8,6.1123429208890885,2,7.053266871885239,6.355772608686328
00-0038543,2023_13_SEA_DAL,2023,13,13.2,7.288402592513291,2,6.099947881192107,7.814198882296866
00-0038544,2023_13_LAC_NE,2023,13,10.2,7.8013284021023,2,7.28905827832,8.175124222542724
00-0038606,2023_13_CIN_JAX,2023,13,18.1,5.1839888593970755,2,5.535842464008057,5.593698623770498
00-0038612,2023_13_DET_NO,2023,13,4.0,6.91431003415042,2,7.665010285008965,7.13395446501991
00-0038979,2023_13_CLE_LA,2023,13,4.0,8.23049573114022,2,8.232088565536644,8.486010749608718
00-0038997,2023_13_IND_TEN,2023,13,4.4,11.633117449218298,2,11.49499890806989,11.673296158098651
00-0039052,2023_13_CAR_TB,2023,13,4.5,5.285152826058156,2,4.715701321047128,5.845702096425012
00-0039062,2023_13_CAR_TB,2023,13,12.9,10.546485900805678,2,9.417994489178092,10.832877161631767
00-0039067,2023_13_KC_GB,2023,13,14.4,9.602029484730503,2,9.697573972969048,9.744983835117177
00-0039075,2023_13_CLE_LA,2023,13,23.9,13.512986890267255,2,12.842953852563,13.512158344573338
00-0039146,2023_13_KC_GB,2023,13,5.6,8.93281254134403,2,9.598427719310964,9.025093341306253
00-0026293,2023_14_NE_PIT,2023,14,0.0,0.47025064293390106,2,1.252940085571978,1.13758887526334
00-0030035,2023_14_CAR_NO,2023,14,12.4,13.130625721735393,2,12.54304812768008,13.142550073084768
00-0030279,2023_14_DEN_LAC,2023,14,12.8,20.341642321243846,2,20.92432373108473,19.64581627720328
00-0030431,2023_14_HOU_NYJ,2023,14,0.8,7.30991269346892,2,7.707007039107491,7.562360617867286
00-0030564,2023_14_TEN_MIA,2023,14,25.4,11.144691649138686,2,10.657247925805844,11.2791092049339
00-0031235,2023_14_LA_BAL,2023,14,19.700000000000003,7.006049736283785,2,8.406869418887267,7.107782354105554
00-0031236,2023_14_PHI_DAL,2023,14,5.7,11.855293976792199,2,10.83649080115399,12.030837779907
00-0031381,2023_14_MIN_LV,2023,14,12.3,17.320497202587696,2,16.175583263685592,17.133321968672696
00-0031408,2023_14_TB_ATL,2023,14,1.8,15.209901597071546,2,13.510992391855517,15.266134054036844
00-0031428,2023_14_NE_PIT,2023,14,3.1,4.359683247927661,2,4.902099708248954,4.794691076414704
00-0031544,2023_14_JAX_CLE,2023,14,12.7,13.537050049345446,2,15.052926264684793,13.159764382449463
00-0031549,2023_14_LA_BAL,2023,14,8.2,5.132917481213366,2,7.32282978128279,5.231091462022213
00-0031588,2023_14_BUF_KC,2023,14,6.4,16.055010392351967,2,14.008953881628225,16.11132754267974
00-0032211,2023_14_SEA_SF,2023,14,14.9,13.548637235234567,2,14.624304554509315,13.24600865018924
00-0032398,2023_14_TEN_MIA,2023,14,3.2,4.913143704024216,2,6.487033555554006,5.132387705653368
00-0032464,2023_14_DET_CHI,2023,14,4.5,5.826213737014168,2,6.6365676251953785,6.1121511320444695
00-0032543,2023_14_DEN_LAC,2023,14,1.9,5.938043431037425,2,6.624340561026599,6.237385413022186
00-0032775,2023_14_LA_BAL,2023,14,13.6,8.934734425475252,2,8.927566151962713,9.142225941429906
00-0033009,2023_14_IND_CIN,2023,14,4.300000000000001,8.655698931981943,2,8.08097040540267,8.980119408432804
00-0033040,2023_14_TEN_MIA,2023,14,10.1,14.230068441265644,2,14.506337155076666,14.01657173869748
00-0033591,2023_14_HOU_NYJ,2023,14,0.0,6.5527796813986425,2,5.2159989510422005,7.155738489849275
00-0033857,2023_14_NE_PIT,2023,14,13.0,8.451045668933665,2,8.115859038197254,8.74878993454015
00-0033891,2023_14_JAX_CLE,2023,14,7.9,8.113661765507553,2,8.139773624493166,8.37318944493837
00-0033908,2023_14_LA_BAL,2023,14,25.5,14.025746279974905,2,13.332697603824188,13.99280388489514
00-0033921,2023_14_TB_ATL,2023,14,10.3,12.277834855994206,2,12.371846999244562,12.232876017251971
00-0033943,2023_14_DET_CHI,2023,14,13.4,6.434444909100043,2,7.60447685195983,6.615943193206309
00-0034348,2023_14_DEN_LAC,2023,14,15.2,14.653799907475175,2,15.01187918866784,14.396478231717923
00-0034386,2023_14_BUF_KC,2023,14,2.8,5.623497642179579,2,6.3388369315352,5.9399808887058665
00-0034418,2023_14_TEN_MIA,2023,14,5.0,4.813356571540187,2,5.5105194846549095,5.189929218391308
00-0034419,2023_14_TEN_MIA,2023,14,3.3,4.1504820608521795,2,3.743266282782943,4.763012378278188
00-0034521,2023_14_HOU_NYJ,2023,14,0.0,6.969732202021611,2,8.104119591353529,7.119697536857364
00-0034646,2023_14_MIN_LV,2023,14,0.0,5.045029986181558,2,4.801910909862871,5.566517573085496
00-0034764,2023_14_PHI_DAL,2023,14,13.8,6.262741316756284,2,6.664851539067317,6.587971574545147
00-0034777,2023_14_CAR_NO,2023,14,4.6,5.418171819321505,2,6.234399848119722,5.731797648985906
00-0034827,2023_14_DET_CHI,2023,14,26.8,15.309257850581096,2,14.539792200666646,15.199153923246769
00-0034837,2023_14_JAX_CLE,2023,14,9.3,12.64516517160418,2,12.185451747053886,12.669307746119248
00-0034960,2023_14_MIN_LV,2023,14,7.5,13.576589886657816,2,14.732605237781968,13.258220202890602
00-0034983,2023_14_MIN_LV,2023,14,5.6000000000000005,5.488950879043577,2,6.1497741239284975,5.8242426660386615
00-0035216,2023_14_NE_PIT,2023,14,14.7,10.735868336801916,2,11.238419368504356,10.729305968799745
00-0035406,2023_14_DEN_LAC,2023,14,2.2,4.781753938718616,2,5.216405496487435,5.205555499137187
00-0035535,2023_14_GB_NYG,2023,14,3.4000000000000004,8.768840316578519,2,9.162142150270046,8.919339425716837
00-0035640,2023_14_SEA_SF,2023,14,13.2,15.147738729941453,2,13.278357475408056,15.237569498619552
00-0035676,2023_14_PHI_DAL,2023,14,16.4,19.87075282388397,2,21.07226153184932,19.10194674595143
00-0035719,2023_14_SEA_SF,2023,14,34.0,14.895025911318818,2,13.853752374080878,14.860653138883828
00-0036165,2023_14_GB_NYG,2023,14,10.2,2.790742352046832,2,3.3490540379810896,3.3333607157143668
00-0036182,2023_14_TEN_MIA,2023,14,6.800000000000001,8.670587035466523,2,9.589702739706812,8.737847242154675
00-0036196,2023_14_BUF_KC,2023,14,0.0,8.003693065297535,2,8.098879947076894,8.259111669056416
00-0036252,2023_14_IND_CIN,2023,14,19.5,19.10909540482767,2,18.876461303135688,18.63973056247739
00-0036261,2023_14_SEA_SF,2023,14,16.6,15.276146186854463,2,13.817942835274494,15.286451996933367
00-0036309,2023_14_DET_CHI,2023,14,6.4,9.295400243087105,2,9.479744375381197,9.444693959577526
00-0036345,2023_14_MIN_LV,2023,14,5.5,8.148136893979455,2,8.717189061675809,8.312155295725766
00-0036358,2023_14_PHI_DAL,2023,14,19.1,18.63140487811527,2,19.118549280319098,18.072230627448157
00-0036364,2023_14_CAR_NO,2023,14,6.4,6.413783968939896,2,6.114001200929307,6.84872873792086
00-0036387,2023_14_NE_PIT,2023,14,0.0,2.8173390615983434,2,3.601972959897397,3.319285028291211
00-0036407,2023_14_DEN_LAC,2023,14,3.6,8.871974690201345,2,10.064861464508564,8.878135428221523
00-0036410,2023_14_IND_CIN,2023,14,9.2,10.087160203984652,2,10.461384356030605,10.148219308706768
00-0036527,2023_14_MIN_LV,2023,14,0.0,1.8631631313016035,2,1.4069363990402155,2.6449517792586352
00-0036550,2023_14_LA_BAL,2023,14,4.4,4.388711308000865,2,5.3432974926887535,4.751012986323528
00-0036613,2023_14_TEN_MIA,2023,14,13.9,15.767993120920407,2,16.785619590383334,15.319239281877987
00-0036900,2023_14_IND_CIN,2023,14,5.9,18.891040736425623,2,16.15357361758619,18.866453588419105
00-0036912,2023_14_PHI_DAL,2023,14,10.3,16.638662298988642,2,14.71983546102076,16.632121164509485
00-0036913,2023_14_BUF_KC,2023,14,7.1000000000000005,5.578919306538398,2,5.783080113689327,5.986176907788683
00-0036963,2023_14_DET_CHI,2023,14,5.1,17.531143119435185,2,16.094871562127068,17.37910624934039
00-0036980,2023_14_JAX_CLE,2023,14,7.2,9.772227585674841,2,9.905490106729946,9.896746164651915
00-0037238,2023_14_TB_ATL,2023,14,29.2,12.15111002974123,2,12.979944001047365,11.989081019971998
00-0037239,2023_14_CAR_NO,2023,14,12.8,12.089606032654297,2,10.66721285284292,12.31786564638364
00-0037240,2023_14_DET_CHI,2023,14,0.4,5.849880398538184,2,6.881444826435732,6.096227826720659
00-0037247,2023_14_NE_PIT,2023,14,6.9,11.763804963813458,2,11.7664042287967,11.770667606889656
00-0037261,2023_14_BUF_KC,2023,14,2.2,6.906766208405488,2,8.110529749930441,7.049265376792676
00-0037614,2023_14_HOU_NYJ,2023,14,1.6,3.643549684784352,2,4.772099254695915,4.028429538375914
00-0037664,2023_14_IND_CIN,2023,14,4.2,9.563297113324225,2,9.49633300665787,9.73683672625045
00-0037666,2023_14_PHI_DAL,2023,14,0.0,5.396986026391042,2,6.592577996878289,5.64706140550156
00-0037740,2023_14_HOU_NYJ,2023,14,20.1,14.387658534745542,2,13.908476786218902,14.29259809650183
00-0037742,2023_14_TEN_MIA,2023,14,1.6,6.804567840728963,2,8.440712240374516,6.880124238855949
00-0037816,2023_14_GB_NYG,2023,14,7.2,10.321905360758393,2,10.671464364652342,10.370684757094317
00-0038090,2023_14_BUF_KC,2023,14,0.0,4.700605108150382,2,4.758885951034293,5.194640621276402
00-0038104,2023_14_NE_PIT,2023,14,4.7,8.74135340001065,2,9.833691630180905,8.773938696820137
00-0038117,2023_14_GB_NYG,2023,14,17.5,8.507124602991105,2,9.51726350595281,8.57027475676253
00-0038393,2023_14_GB_NYG,2023,14,4.0,5.99913538913152,2,6.400913952613052,6.342960584489618
00-0038465,2023_14_GB_NYG,2023,14,7.6,1.6438682424411,2,2.0460328505204943,2.293911235872339
00-0038496,2023_14_HOU_NYJ,2023,14,8.2,4.908172582488811,2,4.827592119330326,5.411418104095598
00-0038543,2023_14_SEA_SF,2023,14,6.5,8.598987358927912,2,8.759989018886905,8.801258250973508
00-0038544,2023_14_DEN_LAC,2023,14,12.1,10.62152282973506,2,11.36756662179766,10.58125600266327
00-0038606,2023_14_JAX_CLE,2023,14,8.7,8.070417898445106,2,8.085934776591088,8.334803165634503
00-0038612,2023_14_CAR_NO,2023,14,5.4,5.716224811829493,2,5.6606459330119385,6.158357677777455
00-0038618,2023_14_HOU_NYJ,2023,14,3.5,6.401046786957133,2,5.265956297118137,6.980097267749439
00-0038938,2023_14_GB_NYG,2023,14,3.3,6.343220874292705,2,8.058247237550038,6.437697500479711
00-0038941,2023_14_DET_CHI,2023,14,2.1,4.129907742217754,2,4.504019298548175,4.609929686478755
00-0038976,2023_14_DEN_LAC,2023,14,3.1,6.11631847760553,2,6.945397413396839,6.3786439385493185
00-0038979,2023_14_JAX_CLE,2023,14,4.300000000000001,4.66662381860155,2,5.214584329262612,5.079095560079661
00-0038994,2023_14_MIN_LV,2023,14,4.7,13.928587736035631,2,13.378678846385204,13.877937301616855
00-0038997,2023_14_IND_CIN,2023,14,6.2,13.241118672354675,2,13.1211489937007,13.165103215465953
00-0039052,2023_14_TB_ATL,2023,14,1.8,8.511333068785468,2,7.370449898783035,8.942970883677031
00-0039062,2023_14_CAR_NO,2023,14,4.2,10.81070530207214,2,10.143379686277155,10.99945042241914
00-0039064,2023_14_LA_BAL,2023,14,20.0,14.501541633667026,2,14.653465162025771,14.290272045197582
00-0039067,2023_14_BUF_KC,2023,14,18.2,11.847691928864796,2,11.21585267668302,11.95742702043886
00-0039075,2023_14_LA_BAL,2023,14,14.0,15.866338926826627,2,14.955555652448298,15.741286603615062
00-0039146,2023_14_GB_NYG,2023,14,20.5,8.742121604764003,2,9.35279109293564,8.857232942764552
00-0030035,2023_15_ATL_CAR,2023,15,8.3,13.189682094154886,2,14.287845276386792,12.908440194313014
00-0030431,2023_15_HOU_TEN,2023,15,6.0,8.396883441657872,2,8.074420911092352,8.696255170613222
00-0030564,2023_15_HOU_TEN,2023,15,4.1,13.983434144350884,2,13.205878402212871,13.967955726914152
00-0031235,2023_15_BAL_JAX,2023,15,2.4000000000000004,7.963724790486237,2,8.132853561370068,8.20927713791306
00-0031236,2023_15_DAL_BUF,2023,15,3.0,9.700190565482972,2,9.14260387602248,9.948218315219716
00-0031381,2023_15_LAC_LV,2023,15,24.1,16.588068847026236,2,16.900941779226923,16.20247022429679
00-0031408,2023_15_TB_GB,2023,15,15.7,14.831728924405954,2,14.43887777645487,14.690638238472811
00-0031428,2023_15_PIT_IND,2023,15,4.9,5.379000605853815,2,6.821672746023636,5.587979960624785
00-0031544,2023_15_CHI_CLE,2023,15,20.9,13.083547311891687,2,11.972865237601004,13.188466497417204
00-0031547,2023_15_KC_NE,2023,15,9.4,7.852248036336613,2,8.393090645027211,8.041911219260609
00-0031549,2023_15_BAL_JAX,2023,15,0.0,3.8392526623017957,2,4.187285348798503,4.344186024904526
00-0031588,2023_15_DAL_BUF,2023,15,8.8,11.826942780340316,2,11.999298952024686,11.800261156599053
00-0032211,2023_15_PHI_SEA,2023,15,5.1,14.34449604265931,2,17.000944738823332,13.714880449697748
00-0032398,2023_15_HOU_TEN,2023,15,6.9,4.725014724155827,2,3.483726411543652,5.440139257939519
00-0032543,2023_15_LAC_LV,2023,15,8.3,4.124403816679398,2,4.989958440726559,4.52055699238558
00-0032688,2023_15_NYJ_MIA,2023,15,0.0,5.1114184976202095,2,4.742900886114154,5.649736362764705
00-0032775,2023_15_WAS_LA,2023,15,14.7,11.094169205825015,2,10.144621841903136,11.311365461790343
00-0033009,2023_15_MIN_CIN,2023,15,7.300000000000001,8.07614155803748,2,6.95229566402392,8.53546322931791
00-0033282,2023_15_WAS_LA,2023,15,21.1,11.852585313684134,2,13.04807625824288,11.64868825767907
00-0033591,2023_15_HOU_TEN,2023,15,22.200000000000003,8.412362714089543,2,7.448944453032159,8.820535008339391
00-0033891,2023_15_BAL_JAX,2023,15,10.9,7.817238673923272,2,8.97984868442333,7.902764501989725
00-0033908,2023_15_WAS_LA,2023,15,25.1,17.16282790928475,2,17.923454045551434,16.660043989164688
00-0033921,2023_15_TB_GB,2023,15,25.5,12.552799461780197,2,12.84954974060248,12.453745153977836
00-0033943,2023_15_DEN_DET,2023,15,6.1000000000000005,7.333538681322475,2,8.082554741666101,7.523989622071522
00-0034272,2023_15_KC_NE,2023,15,2.7,4.44109780464267,2,3.537955010225203,5.11821516767355
00-0034317,2023_15_NYG_NO,2023,15,7.7,2.9977497213806177,2,3.255120466708601,3.577405349563451
00-0034348,2023_15_DEN_DET,2023,15,12.1,14.571740325118519,2,15.049296409922,14.299705694331994
00-0034386,2023_15_KC_NE,2023,15,4.1,6.192927180930456,2,6.339991694986881,6.566793621106595
00-0034418,2023_15_NYJ_MIA,2023,15,2.2,3.6643679287486446,2,4.216969456691517,4.14652759189709
00-0034419,2023_15_NYJ_MIA,2023,15,2.2,3.722759988087355,2,3.2767527587557317,4.372020472742912
00-0034521,2023_15_NYJ_MIA,2023,15,5.1,8.615163148420303,2,10.281753153493352,8.558169735597193
00-0034764,2023_15_DAL_BUF,2023,15,1.9,5.9015135527121725,2,6.718368404668454,6.181040928589332
00-0034777,2023_15_ATL_CAR,2023,15,2.8,4.3454711175608205,2,5.2544197913868365,4.718638018393493
00-0034827,2023_15_CHI_CLE,2023,15,9.2,15.537809819548317,2,15.632326281436642,15.263506911665488
00-0034837,2023_15_BAL_JAX,2023,15,8.9,14.208494454797776,2,13.24635072876322,14.2088355080493
00-0034854,2023_15_ATL_CAR,2023,15,2.0,2.8358332046792967,2,3.750657514428141,3.3141579770439176
00-0034960,2023_15_LAC_LV,2023,15,15.68,13.632838444971942,2,13.696827664743012,13.497736337343682
00-0034983,2023_15_LAC_LV,2023,15,0.0,5.225576208430157,2,4.251212188620048,5.859735737186588
00-0035045,2023_15_PIT_IND,2023,15,12.8,5.43752179585386,2,5.081512802002001,5.950761910398619
00-0035216,2023_15_PIT_IND,2023,15,16.2,13.202089912200329,2,13.522520870658534,13.05331432785741
00-0035406,2023_15_DEN_DET,2023,15,10.6,4.465054122827808,2,3.571624193692709,5.138821529160349
00-0035414,2023_15_LAC_LV,2023,15,3.9,3.7408178239496905,2,4.447793750690891,4.191134314702712
00-0035500,2023_15_SF_ARI,2023,15,4.0,6.419235498182721,2,7.221676019785796,6.66482537531123
00-0035535,2023_15_NYG_NO,2023,15,10.3,9.712711129091971,2,9.493179588177709,9.901900247705024
00-0035640,2023_15_PHI_SEA,2023,15,12.8,15.496892364822825,2,16.02758233557338,15.15068687508383
00-0035659,2023_15_WAS_LA,2023,15,26.1,11.770481158320722,2,11.371424146825646,11.845736565220925
00-0035676,2023_15_PHI_SEA,2023,15,10.6,19.709628609410558,2,19.707608079199577,19.15849357423028
00-0035719,2023_15_SF_ARI,2023,15,21.9,15.949164276517008,2,16.135970231909365,15.630110240624978
00-0036182,2023_15_HOU_TEN,2023,15,4.300000000000001,3.6184267917575035,2,3.838974898606848,4.160746415739873
00-0036196,2023_15_DAL_BUF,2023,15,0.0,7.48965239115182,2,8.521109945862113,7.620701244042101
00-0036259,2023_15_SF_ARI,2023,15,4.5,4.985059379628185,2,5.563789652072616,5.369861808016656
00-0036261,2023_15_SF_ARI,2023,15,6.7,16.263277978628835,2,17.496513972255077,15.742727912787318
00-0036271,2023_15_PHI_SEA,2023,15,0.0,5.003531586430743,2,5.082772097125672,5.472670361126032
00-0036309,2023_15_CHI_CLE,2023,15,3.4000000000000004,8.370379909308543,2,7.970137173657358,8.684950584726545
00-0036322,2023_15_MIN_CIN,2023,15,15.4,16.550547464742955,2,15.496168167865616,16.401997133807196
00-0036345,2023_15_MIN_CIN,2023,15,1.3,6.487809567698416,2,6.346294355970891,6.89041418747517
00-0036358,2023_15_DAL_BUF,2023,15,18.6,18.610369561462605,2,18.33624807280535,18.18319043035695
00-0036364,2023_15_NYG_NO,2023,15,6.1,4.990346250123213,2,6.1642497270234005,5.272736955190879
00-0036387,2023_15_KC_NE,2023,15,0.0,3.205082847896631,2,3.781668303724502,3.715429772727976
00-0036407,2023_15_DEN_DET,2023,15,10.4,8.856838392884011,2,9.215669990223274,9.00705881689347
00-0036410,2023_15_MIN_CIN,2023,15,22.1,10.785693795172175,2,10.566354818348971,10.899392437424064
00-0036527,2023_15_LAC_LV,2023,15,0.0,2.1704294042108763,2,1.5323469708566888,2.961787953600549
00-0036550,2023_15_BAL_JAX,2023,15,6.9,4.263402267886688,2,4.484479370852511,4.760273323772927
00-0036613,2023_15_NYJ_MIA,2023,15,28.200000000000003,11.613893024622413,2,11.265886892727536,11.691408028590857
00-0036900,2023_15_MIN_CIN,2023,15,10.4,14.400391803325407,2,13.49511084915974,14.37748880206825
00-0036912,2023_15_PHI_SEA,2023,15,10.0,14.990817214326334,2,15.7556504455925,14.640058568792163
00-0036913,2023_15_KC_NE,2023,15,2.5,5.452982205565427,2,5.449151614979896,5.904755572243065
00-0036936,2023_15_SF_ARI,2023,15,2.8,7.659162360095721,2,7.999245503518143,7.896823645071088
00-0036963,2023_15_DEN_DET,2023,15,24.200000000000003,19.136537057137787,2,20.899198245857075,18.323157457517908
00-0036980,2023_15_CHI_CLE,2023,15,3.7,10.43897781369767,2,10.874626974380105,10.464764301925218
00-0036988,2023_15_LAC_LV,2023,15,21.3,8.090508095741846,2,8.052767424095295,8.36261130190775
00-0037238,2023_15_ATL_CAR,2023,15,4.4,11.781111557911107,2,12.791770029600489,11.613929635259518
00-0037240,2023_15_DEN_DET,2023,15,8.7,7.5496701141568465,2,7.70012574479316,7.827542270528977
00-0037247,2023_15_PIT_IND,2023,15,7.7,11.960711241478718,2,11.875332565247762,11.968809903929923
00-0037261,2023_15_DAL_BUF,2023,15,0.0,5.6415727059850544,2,5.408502502562763,6.11938561385697
00-0037382,2023_15_DEN_DET,2023,15,0.0,4.70199335065674,2,4.800551537159298,5.189025855762499
00-0037545,2023_15_NYG_NO,2023,15,6.6,7.088702409182032,2,7.041218440493166,7.432928006239834
00-0037664,2023_15_PIT_IND,2023,15,2.3,9.765843308115723,2,10.099019155963472,9.856536568232846
00-0037740,2023_15_NYJ_MIA,2023,15,5.9,14.816735978251394,2,14.68068751798287,14.63267193781996
00-0037741,2023_15_WAS_LA,2023,15,2.2,9.57994221195355,2,10.52731934939083,9.578406750096644
00-0037742,2023_15_HOU_TEN,2023,15,9.4,7.234349221930777,2,7.651341133019849,7.488699791073773
00-0037816,2023_15_TB_GB,2023,15,6.0,10.558616126431332,2,9.800300698575324,10.780689225521437
00-0038117,2023_15_NYG_NO,2023,15,6.5,10.451959386955505,2,10.526291434081095,10.538779234924167
00-0038393,2023_15_TB_GB,2023,15,15.7,8.184837700698115,2,9.378290467718378,8.239224282320587
00-0038496,2023_15_NYJ_MIA,2023,15,4.9,6.7629949107342515,2,7.496876079360923,6.996164131855326
00-0038543,2023_15_PHI_SEA,2023,15,14.8,8.583699342896365,2,8.105906606014516,8.896563957040328
00-0038544,2023_15_LAC_LV,2023,15,10.3,9.52454187412743,2,9.443255851476556,9.70326237948226
00-0038559,2023_15_SF_ARI,2023,15,0.0,9.712799989137327,2,9.06332910643952,9.97569413732216
00-0038563,2023_15_LAC_LV,2023,15,20.7,4.750000701106961,2,4.823744608674704,5.237911394251978
00-0038606,2023_15_BAL_JAX,2023,15,5.2,6.895399563957494,2,6.012951002842344,7.396370317619379
00-0038612,2023_15_NYG_NO,2023,15,5.4,4.734188283579246,2,4.030260979491638,5.356539418865342
00-0038618,2023_15_HOU_TEN,2023,15,0.5,7.506958986471719,2,6.491630576945564,7.987703535828944
00-0038621,2023_15_KC_NE,2023,15,6.300000000000001,12.005105309748336,2,12.284460921694649,11.947549812705663
00-0038938,2023_15_NYG_NO,2023,15,0.0,7.908105518353974,2,8.122857704273496,8.149747347598503
00-0038941,2023_15_CHI_CLE,2023,15,7.6,3.5270215627553627,2,2.7700321750691033,4.243363917689387
00-0038976,2023_15_DEN_DET,2023,15,1.1,5.622135513740392,2,5.87245404932291,6.018440390002548
00-0038979,2023_15_CHI_CLE,2023,15,9.2,5.9418205653621206,2,4.340276338392588,6.6331376284218635
00-0038994,2023_15_MIN_CIN,2023,15,29.1,13.320211364432417,2,13.74284560512866,13.145606574055977
00-0038997,2023_15_PIT_IND,2023,15,4.9,10.131013058086845,2,10.841980676456693,10.131254971998992
00-0039052,2023_15_TB_GB,2023,15,1.5,4.380905511998036,2,3.940364511405919,4.982944777870475
00-0039062,2023_15_ATL_CAR,2023,15,7.2,9.9643780972765,2,9.592155339079818,10.162047008960805
00-0039064,2023_15_BAL_JAX,2023,15,1.7000000000000002,15.838825944781638,2,16.515033247644105,15.443625659944866
00-0039067,2023_15_KC_NE,2023,15,24.1,12.440002547757244,2,12.212251760880466,12.4388041639078
00-0039075,2023_15_WAS_LA,2023,15,10.3,17.610605834955336,2,19.17198813014317,16.939045699612837
00-0039146,2023_15_TB_GB,2023,15,17.2,8.468750067435133,2,8.952031660259275,8.624926362567102
00-0030035,2023_16_GB_CAR,2023,16,15.4,13.707628995615625,2,13.750577548229623,13.570874578817676
00-0030431,2023_16_CLE_HOU,2023,16,4.1,8.669347779320379,2,7.7967238698880115,9.043881302455802
00-0030564,2023_16_SEA_TEN,2023,16,4.0,14.596019583726104,2,13.451681251510836,14.600344441488076
00-0030663,2023_16_BAL_SF,2023,16,1.5,4.103784224371822,2,3.6725072974271304,4.723723747272761
00-0031235,2023_16_BAL_SF,2023,16,3.3,7.244983714461357,2,7.416444384712636,7.540681704366832
00-0031236,2023_16_DAL_MIA,2023,16,10.3,10.641197686614959,2,10.719638919549537,10.71400485640978
00-0031381,2023_16_LV_KC,2023,16,1.4,15.411281058945073,2,15.390554291408792,15.165634244412352
00-0031408,2023_16_JAX_TB,2023,16,27.6,15.460609829942621,2,16.020182271859987,15.112004130666712
00-0031428,2023_16_CIN_PIT,2023,16,7.6,5.390384642420231,2,5.534394485364559,5.821213564181187
00-0031544,2023_16_CLE_HOU,2023,16,51.5,13.739379963731167,2,11.966263099822376,13.911749383048924
00-0031547,2023_16_NE_DEN,2023,16,10.5,8.44032525600923,2,9.206846842427398,8.549940227925019
00-0031549,2023_16_BAL_SF,2023,16,10.0,4.73547337600045,2,6.2092654221188806,4.984373380833421
00-0031588,2023_16_BUF_LAC,2023,16,7.9,14.110717762897142,2,13.590419684898162,14.042182393588527
00-0032211,2023_16_SEA_TEN,2023,16,16.1,14.596197190782789,2,15.615230710391922,14.229608619766909
00-0032398,2023_16_SEA_TEN,2023,16,1.9,7.974292686855355,2,6.787020162454712,8.451651102896024
00-0032543,2023_16_BUF_LAC,2023,16,5.1,4.839305791279195,2,5.715882654304449,5.183293798714594
00-0032775,2023_16_NO_LA,2023,16,20.200000000000003,10.468417999229723,2,11.62553038235209,10.368442294707217
00-0033009,2023_16_CIN_PIT,2023,16,10.9,9.68303171556904,2,8.291834471195239,10.075185158656051
00-0033040,2023_16_DAL_MIA,2023,16,18.9,17.907146385299896,2,18.66199455440819,17.35300890681703
00-0033282,2023_16_WAS_NYJ,2023,16,3.0,9.403659626999199,2,9.099207019347862,9.629142136956316
00-0033572,2023_16_JAX_TB,2023,16,2.2,5.657995240360018,2,6.009757882612785,6.034386120509251
00-0033591,2023_16_CLE_HOU,2023,16,6.800000000000001,10.276528426791595,2,9.877739292037443,10.456800072040982
00-0033908,2023_16_NO_LA,2023,16,10.9,16.23786037566355,2,14.697920006648102,16.19454714013662
00-0033921,2023_16_JAX_TB,2023,16,13.9,15.358985296702622,2,16.124790793301667,14.982168555076164
00-0033943,2023_16_DET_MIN,2023,16,2.6,7.461100431671728,2,8.909905730131529,7.522604697429556
00-0034272,2023_16_LV_KC,2023,16,0.0,8.109084951028906,2,8.149289985492333,8.36651827952259
00-0034386,2023_16_LV_KC,2023,16,13.8,5.119948623192627,2,4.708536840081382,5.6650206316000435
00-0034418,2023_16_DAL_MIA,2023,16,7.2,4.0905288041285655,2,4.138336894616603,4.629263417387048
00-0034419,2023_16_DAL_MIA,2023,16,0.0,4.312308284972479,2,3.3949445164645695,5.000920891460117
00-0034646,2023_16_DET_MIN,2023,16,8.3,5.1841298646505605,2,4.5633184271759495,5.760589013469836
00-0034764,2023_16_DAL_MIA,2023,16,2.4,5.662694962675579,2,5.679586185889894,6.096167621110074
00-0034777,2023_16_GB_CAR,2023,16,27.8,5.300593360192089,2,6.841751811653583,5.498201640484213
00-0034827,2023_16_ARI_CHI,2023,16,4.8,15.8989602528862,2,15.020944327971472,15.76599601301294
00-0034837,2023_16_JAX_TB,2023,16,25.8,15.179421081235368,2,14.833593146955549,15.00581702784437
00-0034960,2023_16_LV_KC,2023,16,7.2,10.749035220678243,2,10.558226518625064,10.86042048094376
00-0035045,2023_16_IND_ATL,2023,16,1.8,9.793768376695327,2,9.555554413101891,9.98046016990686
00-0035216,2023_16_CIN_PIT,2023,16,3.5,10.670670126623513,2,11.041346359542818,10.691302195628287
00-0035341,2023_16_CIN_PIT,2023,16,7.7,3.8245164653277968,2,2.8213987952574224,4.562135154676001
00-0035500,2023_16_ARI_CHI,2023,16,12.5,8.941036744685576,2,9.722079995652573,9.01294952379577
00-0035535,2023_16_NYG_PHI,2023,16,18.0,9.486955566872595,2,8.993478582365297,9.73898772185213
00-0035640,2023_16_SEA_TEN,2023,16,15.6,16.49057608596749,2,17.807925046540092,15.939620478206452
00-0035659,2023_16_WAS_NYJ,2023,16,8.0,13.245820659791573,2,12.415341528738908,13.291288371270266
00-0035676,2023_16_NYG_PHI,2023,16,14.0,18.75448079018677,2,18.06301292647198,18.388719310678606
00-0035719,2023_16_BAL_SF,2023,16,9.4,15.685692313340128,2,14.380831323981864,15.64090691049436
00-0036196,2023_16_BUF_LAC,2023,16,23.0,8.059010406858949,2,9.670523947108524,8.0505710393718
00-0036261,2023_16_BAL_SF,2023,16,17.3,15.210175088292665,2,13.438834155656783,15.278806424798056
00-0036309,2023_16_ARI_CHI,2023,16,2.5,9.569655025874075,2,8.783634885409842,9.866026629474048
00-0036322,2023_16_DET_MIN,2023,16,26.1,17.518390166795527,2,17.071813240443415,17.19757119607487
00-0036345,2023_16_DET_MIN,2023,16,20.5,10.126202997034774,2,10.09669652820845,10.25373432342157
00-0036358,2023_16_DAL_MIA,2023,16,25.200000000000003,18.419749402870174,2,20.096469152014866,17.671512161403157
00-0036387,2023_16_NE_DEN,2023,16,5.300000000000001,6.72861084765946,2,7.0264787884342415,7.038950747292951
00-0036407,2023_16_NE_DEN,2023,16,7.4,8.641790168233305,2,8.322917729373795,8.923323335655784
00-0036410,2023_16_CIN_PIT,2023,16,25.0,11.124218861169197,2,12.026726122161993,11.021774957398677
00-0036415,2023_16_IND_ATL,2023,16,2.3,4.680661637173536,2,4.891295467682833,5.149979399815804
00-0036497,2023_16_JAX_TB,2023,16,6.2,5.996025526369695,2,6.902305759808583,6.253574748776664
00-0036527,2023_16_LV_KC,2023,16,0.0,1.1352511850052194,2,1.5653058633710335,1.816281017787132
00-0036550,2023_16_BAL_SF,2023,16,2.4000000000000004,5.315849455114756,2,4.837120676839931,5.8586859591605
00-0036554,2023_16_CLE_HOU,2023,16,13.8,10.929657180081565,2,9.486327646514471,11.24307959853076
00-0036613,2023_16_DAL_MIA,2023,16,6.2,10.799601763459735,2,10.667842867078924,10.897307094664573
00-0036912,2023_16_NYG_PHI,2023,16,17.9,14.921058180200523,2,14.724285787343884,14.740068546164853
00-0036936,2023_16_ARI_CHI,2023,16,5.6,9.626971608583391,2,9.582384985856828,9.792196790421237
00-0036963,2023_16_DET_MIN,2023,16,28.6,17.71607541755609,2,17.044161118619424,17.419987377525473
00-0036980,2023_16_CLE_HOU,2023,16,3.9,11.036458891194362,2,10.745198324784193,11.1448531401638
00-0036988,2023_16_BUF_LAC,2023,16,9.7,10.524240620500136,2,10.542745801435856,10.615548573368958
00-0037238,2023_16_IND_ATL,2023,16,6.9,12.87676328835495,2,11.735496632060872,13.00146814887847
00-0037239,2023_16_NO_LA,2023,16,23.3,15.508529549481624,2,15.369581822658366,15.276312221443504
00-0037240,2023_16_DET_MIN,2023,16,9.3,7.0764023854561815,2,8.022698125585329,7.251113660388359
00-0037247,2023_16_CIN_PIT,2023,16,35.5,11.98854381864055,2,12.55970933790628,11.882123435465433
00-0037261,2023_16_BUF_LAC,2023,16,7.5,7.208528541947587,2,9.152948043538904,7.202823960121593
00-0037382,2023_16_NE_DEN,2023,16,15.7,2.6102969064876227,2,3.0411378225375243,3.1874594121755573
00-0037545,2023_16_NO_LA,2023,16,18.4,10.161204427399532,2,10.258202877168394,10.264585547291484
00-0037664,2023_16_IND_ATL,2023,16,6.0,8.850663534964749,2,8.768435235896616,9.07693605623189
00-0037666,2023_16_DAL_MIA,2023,16,7.1000000000000005,3.632022638613085,2,2.9035635644071873,4.336089395812661
00-0037740,2023_16_WAS_NYJ,2023,16,15.8,14.445559331654941,2,14.34263247507627,14.281919715070888
00-0037741,2023_16_WAS_NYJ,2023,16,5.1,7.709008308962357,2,7.722178741076739,7.999211978966889
00-0037742,2023_16_SEA_TEN,2023,16,4.2,8.231653384478667,2,8.695199731710114,8.407887018378426
00-0037816,2023_16_GB_CAR,2023,16,17.9,10.018723137215856,2,9.004004352397708,10.32272345793161
00-0038117,2023_16_NYG_PHI,2023,16,4.6,8.733442511660659,2,9.986702071085563,8.738994861234417
00-0038393,2023_16_GB_CAR,2023,16,10.9,4.845174977317102,2,4.6880064292328205,5.3659815056128615
00-0038465,2023_16_GB_CAR,2023,16,1.0,6.005382922353576,2,6.08945936510032,6.403237442804267
00-0038492,2023_16_WAS_NYJ,2023,16,7.8,6.826652086858458,2,7.803798503332564,7.013637823558451
00-0038496,2023_16_WAS_NYJ,2023,16,2.7,6.0617420871649665,2,7.18291043057512,6.277828139073343
00-0038543,2023_16_SEA_TEN,2023,16,12.1,7.702093745177638,2,8.436249696365524,7.869173768907752
00-0038544,2023_16_BUF_LAC,2023,16,5.0,9.7397748029485,2,10.652445432858638,9.73294940435008
00-0038559,2023_16_ARI_CHI,2023,16,0.0,9.555841180614141,2,9.656407168251258,9.70118280679922
00-0038563,2023_16_LV_KC,2023,16,1.1,4.70860853743843,2,5.271089183909974,5.115638289515087
00-0038606,2023_16_JAX_TB,2023,16,3.9,7.132321017821195,2,7.333683358397981,7.430815492560702
00-0038612,2023_16_NO_LA,2023,16,10.5,5.987599350287016,2,5.6278937416256385,6.462789052284615
00-0038618,2023_16_CLE_HOU,2023,16,2.8,3.5882743101171037,2,3.5871517605608547,4.170718901038476
00-0038619,2023_16_CIN_PIT,2023,16,7.6,7.158414788829195,2,5.185999700570934,7.827759150853518
00-0038621,2023_16_NE_DEN,2023,16,12.4,11.21324708372201,2,9.754191474435828,11.509422222864348
00-0038976,2023_16_NE_DEN,2023,16,9.3,4.872214240372649,2,6.101933543723442,5.153343187216206
00-0038979,2023_16_CLE_HOU,2023,16,3.3,6.839416817201202,2,5.414468429735709,7.437333852088383
00-0038994,2023_16_DET_MIN,2023,16,1.2,9.918806820050296,2,9.823229539541858,10.072250834837304
00-0038997,2023_16_IND_ATL,2023,16,9.9,12.2023263829644,2,12.525916726776426,12.123317464650382
00-0039052,2023_16_JAX_TB,2023,16,8.2,4.789935126556742,2,5.267325403794497,5.205833972891132
00-0039062,2023_16_GB_CAR,2023,16,1.9,11.18975136958076,2,11.127886322030076,11.24803644144119
00-0039064,2023_16_BAL_SF,2023,16,22.2,13.508909490498135,2,13.882176765433751,13.32949826926116
00-0039067,2023_16_LV_KC,2023,16,11.7,11.665916148746732,2,12.683711235917883,11.50561179603938
00-0039075,2023_16_NO_LA,2023,16,33.0,17.813804198022623,2,19.360594320449408,17.13045591231458
00-0026293,2023_17_NE_BUF,2023,17,0.0,0.5477667295220423,2,0.7403913219238777,1.310817764916731
00-0027944,2023_17_ARI_PHI,2023,17,17.4,3.7209086850256146,2,4.2282240233713875,4.206856247148861
00-0030035,2023_17_CAR_JAX,2023,17,9.8,14.313029186517754,2,14.348652342923312,14.134955934224912
00-0030431,2023_17_TEN_HOU,2023,17,9.8,7.571480007456627,2,8.158153346393371,7.773030705984382
00-0030564,2023_17_TEN_HOU,2023,17,14.2,14.48375377528769,2,13.413280589800252,14.483309854965372
00-0031236,2023_17_DET_DAL,2023,17,17.0,10.561001094204359,2,9.703783707593937,10.799862792349977
00-0031381,2023_17_LV_IND,2023,17,37.6,17.643059862456305,2,17.443362319140572,17.271147076209687
00-0031408,2023_17_NO_TB,2023,17,10.0,16.116765152294867,2,15.285549398563145,15.960460100713874
00-0031549,2023_17_MIA_BAL,2023,17,3.8,4.485790659630155,2,5.574915822194414,4.818199098760203
00-0031588,2023_17_NE_BUF,2023,17,7.1,13.09405301995597,2,10.821141687122616,13.397492674422844
00-0032208,2023_17_LAC_DEN,2023,17,0.0,3.4678701499107376,2,4.022910778176368,3.963430337894481
00-0032211,2023_17_PIT_SEA,2023,17,2.0,13.873354635943265,2,13.344580360108,13.82296502702834
00-0032398,2023_17_TEN_HOU,2023,17,4.2,7.948684403044654,2,6.699933728118523,8.438383889042733
00-0032543,2023_17_LAC_DEN,2023,17,16.8,7.67183935113516,2,7.885857851784313,7.930222376147727
00-0032775,2023_17_LA_NYG,2023,17,13.2,10.65271863147819,2,11.126897034135762,10.65686813014386
00-0033009,2023_17_CIN_KC,2023,17,4.9,7.735529750202234,2,8.105569519785899,7.962684564954962
00-0033040,2023_17_MIA_BAL,2023,17,13.6,18.21888458279077,2,19.262720817842126,17.593278348764386
00-0033282,2023_17_SF_WAS,2023,17,6.300000000000001,9.851765681567954,2,10.19316907045029,9.935005877236504
00-0033292,2023_17_ATL_CHI,2023,17,0.0,3.112323762647332,2,2.117701589079271,3.898570857771003
00-0033908,2023_17_LA_NYG,2023,17,12.7,16.040081684694492,2,17.667011038305247,15.467730830453585
00-0033921,2023_17_NO_TB,2023,17,17.1,15.32094499591908,2,15.316638414967644,15.078835889896688
00-0033943,2023_17_DET_DAL,2023,17,2.3,8.557830085937292,2,8.676591263016928,8.77023731335292
00-0034272,2023_17_CIN_KC,2023,17,1.3,7.036688811667233,2,8.1442116563997,7.186551238027087
00-0034386,2023_17_CIN_KC,2023,17,5.1000000000000005,4.764246472681054,2,5.5516516229280235,5.128801135991342
00-0034418,2023_17_MIA_BAL,2023,17,10.7,4.750531167728888,2,4.771880920018847,5.247387311777669
00-0034419,2023_17_MIA_BAL,2023,17,3.0,3.6595915999099757,2,3.2169024731022327,4.312725524257843
00-0034777,2023_17_CAR_JAX,2023,17,2.8,6.110910732356022,2,6.791589660424142,6.399059045369906
00-0034827,2023_17_ATL_CHI,2023,17,30.9,15.59969882147916,2,14.818334224802364,15.4712096687681
00-0034837,2023_17_CAR_JAX,2023,17,7.9,12.339520504622783,2,12.013537502713296,12.362230013435864
00-0034960,2023_17_LV_IND,2023,17,11.6,13.3150701969319,2,13.220470238565351,13.22950457104398
00-0035120,2023_17_LAC_DEN,2023,17,7.5,6.133073856576685,2,5.2794970190331005,6.682705199712817
00-0035216,2023_17_PIT_SEA,2023,17,11.6,9.231179596568586,2,10.02617084679211,9.280296766118832
00-0035341,2023_17_CIN_KC,2023,17,1.4,4.385531225353083,2,4.24428751944358,4.935931934964586
00-0035406,2023_17_LAC_DEN,2023,17,14.9,4.851419435126237,2,4.608077609274365,5.38656086557037
00-0035500,2023_17_ARI_PHI,2023,17,15.2,8.943328148240886,2,8.202984492482155,9.275915124080274
00-0035535,2023_17_LA_NYG,2023,17,20.6,10.02372142350625,2,10.976307172013772,9.990084212464485
00-0035640,2023_17_PIT_SEA,2023,17,15.6,15.947303274772596,2,18.08730769802492,15.293512511435052
00-0035659,2023_17_SF_WAS,2023,17,16.1,14.373858984275639,2,13.311504604052256,14.379751475866016
00-0035676,2023_17_ARI_PHI,2023,17,9.3,19.211236565077627,2,20.004611490695854,18.558783748912425
00-0035719,2023_17_SF_WAS,2023,17,18.2,17.064747793083242,2,16.121158385530432,16.86104188796072
00-0036196,2023_17_NE_BUF,2023,17,4.1,7.361181714311705,2,7.893092062906905,7.586910514378161
00-0036252,2023_17_LV_IND,2023,17,9.6,19.453206425817037,2,19.131723136794133,18.974874806749696
00-0036261,2023_17_SF_WAS,2023,17,24.4,16.202504204733046,2,17.084195382531068,15.746498921357762
00-0036322,2023_17_GB_MIN,2023,17,10.9,17.145314760765196,2,16.3020004136417,16.918751252657565
00-0036358,2023_17_DET_DAL,2023,17,40.2,19.51403056657454,2,19.588118747711608,18.96360243963336
00-0036387,2023_17_NE_BUF,2023,17,10.9,5.351792468301517,2,6.096876821352166,5.682283704905612
00-0036407,2023_17_LAC_DEN,2023,17,8.4,6.701954102605543,2,6.25533974738415,7.141806972289123
00-0036410,2023_17_CIN_KC,2023,17,2.9000000000000004,7.703923415979675,2,7.655356492693331,8.005069288899577
00-0036415,2023_17_ATL_CHI,2023,17,4.9,3.1702052930043942,2,3.159833439520093,3.783636324410736
00-0036497,2023_17_CAR_JAX,2023,17,0.0,4.760789652303135,2,5.392825630996706,5.1522248025846515
00-0036550,2023_17_MIA_BAL,2023,17,9.4,7.21467032310607,2,6.865859607476322,7.6016984259246065
00-0036554,2023_17_TEN_HOU,2023,17,15.7,12.99050327354268,2,12.449588715338557,13.004281550522286
00-0036900,2023_17_CIN_KC,2023,17,7.1000000000000005,14.50172868851725,2,14.582860415122717,14.302582899914386
00-0036912,2023_17_ARI_PHI,2023,17,6.0,15.738252141456504,2,15.885489845898135,15.440814301816832
00-0036936,2023_17_ARI_PHI,2023,17,6.4,7.4706320862580995,2,8.748296898819701,7.560807350044094
00-0036963,2023_17_DET_DAL,2023,17,22.1,19.76607181031065,2,20.785433871284,19.03585569130907
00-0036980,2023_17_NYJ_CLE,2023,17,17.1,6.515396015795184,2,7.131707053672456,6.786134519880746
00-0037238,2023_17_ATL_CHI,2023,17,9.6,10.563194316769831,2,9.675843049640276,10.807068102776944
00-0037239,2023_17_NO_TB,2023,17,5.6,12.017423358219483,2,11.075126810747916,12.168448681954905
00-0037240,2023_17_DET_DAL,2023,17,9.5,7.816157390079418,2,8.477411966679835,7.98771452446783
00-0037247,2023_17_PIT_SEA,2023,17,20.1,12.220321051077361,2,10.852189845450624,12.430085150902109
00-0037257,2023_17_NYJ_CLE,2023,17,2.7,4.116761963011839,2,4.664145051608307,4.568001713539287
00-0037261,2023_17_NE_BUF,2023,17,8.9,8.202965658102583,2,8.035552526220663,8.489392084731444
00-0037382,2023_17_LAC_DEN,2023,17,6.7,3.8879002707265142,2,4.385338990702326,4.363797460797933
00-0037545,2023_17_NO_TB,2023,17,3.4000000000000004,7.659508058956748,2,7.56667450231271,7.971366766788311
00-0037614,2023_17_TEN_HOU,2023,17,2.2,6.149336944097783,2,7.506645001853729,6.318777737692773
00-0037664,2023_17_LV_IND,2023,17,12.8,9.525560155201033,2,9.725877580751522,9.655929331839191
00-0037666,2023_17_DET_DAL,2023,17,1.9,4.86318937686824,2,4.90247469717997,5.3490478598207885
00-0037740,2023_17_NYJ_CLE,2023,17,9.9,14.508051728078053,2,13.872818848380351,14.431278948749105
00-0037741,2023_17_SF_WAS,2023,17,0.0,9.07594051479918,2,8.595308957100574,9.354674992483682
00-0037742,2023_17_TEN_HOU,2023,17,3.1,9.326928271092235,2,9.778187028893178,9.42824339858184
00-0037816,2023_17_GB_MIN,2023,17,5.800000000000001,10.981456683772548,2,10.757585520819411,11.082165333008998
00-0038104,2023_17_NE_BUF,2023,17,5.4,6.724934142363385,2,7.092329226414365,7.023612471993027
00-0038117,2023_17_LA_NYG,2023,17,19.9,10.608719743004047,2,11.16066664432438,10.602630382081676
00-0038465,2023_17_GB_MIN,2023,17,2.3,4.524366061764218,2,4.935947908059689,4.9702236183860595
00-0038492,2023_17_NYJ_CLE,2023,17,4.800000000000001,7.531012396261833,2,9.045381448421946,7.576359478170161
00-0038496,2023_17_NYJ_CLE,2023,17,8.100000000000001,6.855783915406164,2,7.729011347638247,7.058537427037243
00-0038543,2023_17_PIT_SEA,2023,17,8.2,7.871067970306941,2,8.570204610441063,8.03226880108871
00-0038544,2023_17_LAC_DEN,2023,17,5.9,9.628547613381555,2,10.46192716399517,9.643138381953404
00-0038559,2023_17_ARI_PHI,2023,17,15.5,9.80166897164272,2,10.004044524796836,9.91226794981057
00-0038563,2023_17_LV_IND,2023,17,5.6,7.8167024859533445,2,8.753121999011347,7.941045423915696
00-0038606,2023_17_CAR_JAX,2023,17,1.2,4.781966284805213,2,5.072789807752589,5.230411619216554
00-0038612,2023_17_NO_TB,2023,17,1.5,4.726972947769457,2,5.811236465131036,5.043253760833209
00-0038618,2023_17_TEN_HOU,2023,17,2.8,4.2934199128706,2,5.141403993742546,4.680699433719085
00-0038621,2023_17_NE_BUF,2023,17,7.3,12.416659734139273,2,11.976777239336805,12.453472015300152
00-0038938,2023_17_LA_NYG,2023,17,5.5,8.932060857498742,2,8.924595076926776,9.139791398336795
00-0038941,2023_17_ATL_CHI,2023,17,3.5,5.424061898968836,2,6.512106986590174,5.69067162587882
00-0038979,2023_17_NYJ_CLE,2023,17,1.8,7.73164044092262,2,8.742284138540718,7.849239941737547
00-0038994,2023_17_GB_MIN,2023,17,5.800000000000001,13.48643122078564,2,13.076387787245686,13.442896085309044
00-0038997,2023_17_LV_IND,2023,17,7.300000000000001,10.717040376043796,2,11.402481405398316,10.680446368352634
00-0039052,2023_17_NO_TB,2023,17,16.4,7.194379295449723,2,5.991156871067626,7.729319631588744
00-0039062,2023_17_CAR_JAX,2023,17,2.0,10.1558143814526,2,8.969656693862284,10.479566239585475
00-0039064,2023_17_MIA_BAL,2023,17,19.6,11.334350533000025,2,10.8335765866744,11.457715745809196
00-0039067,2023_17_CIN_KC,2023,17,17.700000000000003,13.055429782638836,2,14.243034199888871,12.768294850294367
00-0039075,2023_17_LA_NYG,2023,17,18.700000000000003,16.239080448052547,2,16.36028972317675,15.910884342189105
00-0026293,2023_18_NYJ_NE,2023,18,0.0,0.036723396530431884,2,1.075096879143679,0.6907134693016808
00-0030035,2023_18_TB_CAR,2023,18,3.2,13.7612522679792,2,13.964862575133736,13.593182019597595
00-0030564,2023_18_JAX_TEN,2023,18,17.6,13.604204593045717,2,14.184324407236607,13.38262775612782
00-0031236,2023_18_DAL_WAS,2023,18,16.2,10.31040466234319,2,10.848928662778254,10.327595596743896
00-0031381,2023_18_DEN_LV,2023,18,15.6,17.183335223551865,2,15.634209276434124,17.075106336505122
00-0031408,2023_18_TB_CAR,2023,18,5.2,14.72788546260997,2,15.33728219298875,14.422266411299416
00-0031428,2023_18_PIT_BAL,2023,18,0.0,4.827504946284469,2,5.250903794559613,5.250018298338061
00-0031547,2023_18_NYJ_NE,2023,18,1.6,4.531858304826602,2,6.578327828856557,4.696894403843796
00-0031549,2023_18_PIT_BAL,2023,18,8.9,7.687037656009483,2,10.221489086585551,7.546523465855604
00-0031588,2023_18_BUF_MIA,2023,18,15.7,17.26180511835583,2,16.881422067363662,16.947681821171077
00-0032128,2023_18_LA_SF,2023,18,9.9,5.019895396653683,2,4.779311400201589,5.542715943834236
00-0032211,2023_18_SEA_ARI,2023,18,17.1,14.002128792522099,2,13.437143476354745,13.94889137576967
00-0032398,2023_18_JAX_TEN,2023,18,6.0,5.659837245943689,2,5.6968408040154355,6.090062698587761
00-0032543,2023_18_KC_LAC,2023,18,4.9,5.176694746053211,2,4.103691733555234,5.831203099048558
00-0032951,2023_18_PIT_BAL,2023,18,2.6,6.8820950969561725,2,7.166078135494897,7.184021730704652
00-0033009,2023_18_CLE_CIN,2023,18,1.4,5.206118807055083,2,4.744888506636048,5.753672074539555
00-0033040,2023_18_BUF_MIA,2023,18,21.200000000000003,19.703198686856616,2,21.418236059061034,18.85813353290275
00-0033282,2023_18_DAL_WAS,2023,18,5.0,8.776887268590984,2,9.31685882752716,8.901674573152015
00-0033891,2023_18_JAX_TEN,2023,18,10.7,9.931492582963555,2,9.044922004212603,10.219656921823352
00-0033921,2023_18_TB_CAR,2023,18,11.5,13.583869493426292,2,14.17265760861717,13.362236578074617
00-0033943,2023_18_MIN_DET,2023,18,9.4,9.80383117518597,2,10.02834033289544,9.910483383749249
00-0034279,2023_18_CHI_GB,2023,18,2.8,3.434453013582303,2,4.508125172897507,3.843446081566558
00-0034286,2023_18_KC_LAC,2023,18,3.5,7.865847984820748,2,7.261333331796983,8.250921401979607
00-0034348,2023_18_DEN_LV,2023,18,1.2,8.974663955490064,2,7.230824632830172,9.47709232260848
00-0034407,2023_18_LA_SF,2023,18,5.9,5.748812036163825,2,6.458485739976888,6.057453893701839
00-0034418,2023_18_BUF_MIA,2023,18,3.4000000000000004,4.859615463209332,2,5.272346528263334,5.28169959071252
00-0034419,2023_18_BUF_MIA,2023,18,2.9,4.214262790802592,2,3.957571111613424,4.796501011969398
00-0034487,2023_18_BUF_MIA,2023,18,11.4,5.795351363208992,2,5.344876301769648,6.299622935148454
00-0034777,2023_18_TB_CAR,2023,18,4.6000000000000005,5.594265865893346,2,6.5775042660775025,5.866874668330574
00-0034827,2023_18_CHI_GB,2023,18,10.4,17.19990515119931,2,16.378655680481117,16.965719646540595
00-0034837,2023_18_JAX_TEN,2023,18,22.6,14.626250008798165,2,15.231694279476594,14.328456099086392
00-0034960,2023_18_DEN_LV,2023,18,21.6,12.839962144136212,2,12.125765551363484,12.89403569057138
00-0035120,2023_18_KC_LAC,2023,18,1.8,6.078724387885684,2,6.139040288828751,6.475494817002863
00-0035140,2023_18_KC_LAC,2023,18,13.7,10.226349103733499,2,11.33966758607501,10.15090516312624
00-0035208,2023_18_PHI_NYG,2023,18,4.0,7.497810160057615,2,8.041669597733495,7.711881949571734
00-0035216,2023_18_PIT_BAL,2023,18,18.9,8.03111755223693,2,8.811829042705694,8.167077240235344
00-0035341,2023_18_CLE_CIN,2023,18,5.4,2.760645679144503,2,3.3244237392717615,3.3044434034053856
00-0035406,2023_18_DEN_LV,2023,18,0.0,4.617186639277938,2,5.019895833676008,5.0580377711638365
00-0035500,2023_18_SEA_ARI,2023,18,3.4000000000000004,8.401692266157813,2,9.566606073107453,8.445721443137305
00-0035535,2023_18_PHI_NYG,2023,18,17.2,9.811409622661834,2,11.50283099605872,9.666032992615127
00-0035640,2023_18_SEA_ARI,2023,18,2.0,16.525047270857115,2,18.34777903212881,15.885021738374808
00-0035659,2023_18_DAL_WAS,2023,18,11.6,14.003902651346694,2,14.145265598584196,13.829440070827172
00-0036133,2023_18_CLE_CIN,2023,18,0.0,8.772900346617222,2,9.06643495817672,8.94021860186608
00-0036165,2023_18_PHI_NYG,2023,18,6.6,8.147456315878808,2,9.889200073763671,8.110469574385764
00-0036196,2023_18_BUF_MIA,2023,18,0.0,7.166541152753171,2,8.095606894282303,7.337867432828201
00-0036233,2023_18_MIN_DET,2023,18,4.5,2.8262490397488755,2,2.9196529454095783,3.446076866338708
00-0036252,2023_18_HOU_IND,2023,18,9.4,20.754892898519543,2,22.07331669887363,19.90386510877249
00-0036261,2023_18_LA_SF,2023,18,5.5,10.351571344618078,2,10.208481625851713,10.482727018178732
00-0036271,2023_18_PHI_NYG,2023,18,23.3,8.954889337943126,2,9.65096253581916,9.040395689614586
00-0036322,2023_18_MIN_DET,2023,18,36.0,17.591533282432962,2,17.079186151066935,17.276846548104615
00-0036345,2023_18_MIN_DET,2023,18,2.9,6.683272377631919,2,6.014748933020633,7.162484412086533
00-0036358,2023_18_DAL_WAS,2023,18,35.5,18.373057083253308,2,18.188532032222408,17.94720601281878
00-0036387,2023_18_NYJ_NE,2023,18,6.0,7.133657574284543,2,6.628509232535382,7.553186318999272
00-0036407,2023_18_DEN_LV,2023,18,16.9,8.041786155443438,2,7.40197976577054,8.420537346686396
00-0036415,2023_18_ATL_NO,2023,18,3.3,4.3765158824821935,2,4.578265281423342,4.868745881023457
00-0036427,2023_18_LA_SF,2023,18,8.8,4.279032203859582,2,4.176309716503521,4.83031815307701
00-0036527,2023_18_DEN_LV,2023,18,0.0,1.2283538412946977,2,0.8448390241878307,2.042319276782937
00-0036554,2023_18_HOU_IND,2023,18,34.5,16.56303010589732,2,16.318054295186272,16.274833135180913
00-0036630,2023_18_PIT_BAL,2023,18,2.1,3.51685222062381,2,2.93756559436898,4.203443348542001
00-0036849,2023_18_LA_SF,2023,18,4.3,9.404080309993194,2,7.683905952548073,9.872252731535577
00-0036862,2023_18_LA_SF,2023,18,4.2,4.4664379058362735,2,5.143070708909959,4.870927394037839
00-0036900,2023_18_CLE_CIN,2023,18,5.9,9.761973219719868,2,10.531289553745491,9.778164205059758
00-0036936,2023_18_SEA_ARI,2023,18,7.6,7.296002618012604,2,8.784758798682464,7.362267971259381
00-0036955,2023_18_TB_CAR,2023,18,1.5,8.679338955150403,2,8.347949208598878,8.960377545042684
00-0036963,2023_18_MIN_DET,2023,18,27.4,17.18715406483492,2,16.758018873058443,16.886638947924993
00-0036988,2023_18_KC_LAC,2023,18,11.0,7.627690671970717,2,8.352566609781011,7.80159410775552
00-0037132,2023_18_PHI_NYG,2023,18,6.5,4.739845147393017,2,5.809920569437314,5.0576532123775415
00-0037216,2023_18_KC_LAC,2023,18,3.7,3.7269371834744884,2,3.608616558672573,4.3197234269788245
00-0037238,2023_18_ATL_NO,2023,18,8.100000000000001,11.971103844828765,2,11.848092361516724,11.984923633212276
00-0037239,2023_18_ATL_NO,2023,18,14.6,14.3160720963729,2,14.304298113510304,14.14591089029201
00-0037247,2023_18_PIT_BAL,2023,18,0.3,13.004492917214245,2,12.281820535212224,13.048448981923183
00-0037257,2023_18_CLE_CIN,2023,18,22.8,7.649579341384225,2,8.936332745323597,7.725611946293041
00-0037261,2023_18_BUF_MIA,2023,18,16.5,9.373734838569636,2,8.313689171422135,9.730865036923213
00-0037382,2023_18_DEN_LV,2023,18,12.8,4.087874387798008,2,4.490263872609964,4.566004194952936
00-0037545,2023_18_ATL_NO,2023,18,15.5,7.6131963363676665,2,6.906717751044516,8.033518754568604
00-0037614,2023_18_HOU_IND,2023,18,1.5,6.7871993649672255,2,6.69424152979968,7.160424453017125
00-0037664,2023_18_HOU_IND,2023,18,0.0,10.00649894925793,2,10.987280291129132,9.969238892984936
00-0037740,2023_18_NYJ_NE,2023,18,5.4,10.197412240991682,2,9.027896507812825,10.515385538777627
00-0037741,2023_18_DAL_WAS,2023,18,3.7,8.528232514867755,2,8.832610269378502,8.71089801444705
00-0038117,2023_18_PHI_NYG,2023,18,13.5,9.42709600939699,2,9.57178628020544,9.573926713065967
00-0038393,2023_18_CHI_GB,2023,18,24.1,8.453267841762178,2,9.968667720881198,8.433580616308491
00-0038465,2023_18_CHI_GB,2023,18,3.9,2.7918873826734556,2,3.4047309372014647,3.325075964270516
00-0038492,2023_18_NYJ_NE,2023,18,0.0,6.639468059932078,2,7.802083479580934,6.807819630833224
00-0038496,2023_18_NYJ_NE,2023,18,1.4,5.208816151558761,2,6.283865153040427,5.492791150751993
00-0038543,2023_18_SEA_ARI,2023,18,4.4,8.04728167787387,2,8.487857795564498,8.240419393030525
00-0038544,2023_18_KC_LAC,2023,18,4.300000000000001,9.51972219801074,2,9.314777254940648,9.719982444898775
00-0038559,2023_18_SEA_ARI,2023,18,15.5,9.824205087067796,2,9.09657770345175,10.092664277263175
00-0038563,2023_18_DEN_LV,2023,18,14.0,6.2841192992382675,2,5.8491202610650275,6.751364987464262
00-0038606,2023_18_JAX_TEN,2023,18,2.1,6.089148995933463,2,6.596377592904952,6.408565026590336
00-0038612,2023_18_ATL_NO,2023,18,20.3,4.7327040410397,2,4.688146146979635,5.242113463782825
00-0038618,2023_18_HOU_IND,2023,18,1.6,5.67746559343676,2,5.661347977104059,6.115558733561478
00-0038619,2023_18_CLE_CIN,2023,18,20.6,9.098285329387664,2,8.898236267506109,9.327343728720065
00-0038621,2023_18_NYJ_NE,2023,18,3.3,12.825604581726221,2,12.679977696378728,12.783208955636836
00-0038647,2023_18_LA_SF,2023,18,7.5,5.306606576688561,2,6.091971126752436,5.633369640145154
00-0038976,2023_18_DEN_LV,2023,18,2.7,5.221278227718801,2,5.036501183506276,5.720368670021885
00-0038979,2023_18_CLE_CIN,2023,18,7.3,4.537603400570026,2,4.34326671989002,5.086412206273931
00-0038994,2023_18_MIN_DET,2023,18,15.7,13.947730306200402,2,14.33091998331602,13.735757875248614
00-0038997,2023_18_HOU_IND,2023,18,7.800000000000001,10.89893758352904,2,11.878340912997883,10.799153071226115
00-0039052,2023_18_TB_CAR,2023,18,3.0,4.624353424492532,2,3.9840818211338895,5.2435151915434695
00-0039075,2023_18_LA_SF,2023,18,14.1,11.602531583842408,2,11.120228028590155,11.703870304933428
00-0039146,2023_18_CHI_GB,2023,18,15.2,10.211819082146022,2,10.474733071265208,10.283195212217816
00-0031236,2023_19_GB_DAL,2023,19,11.3,12.609765966413336,2,11.813725970638862,12.694059754326169
00-0031408,2023_19_PHI_TB,2023,19,7.800000000000001,15.529264292104676,2,15.54154309436363,15.269661646421609
00-0031428,2023_19_PIT_BUF,2023,19,3.2,2.8816764048699346,2,3.944444773419677,3.3314128739622104
00-0031544,2023_19_CLE_HOU,2023,19,9.9,15.804733030701746,2,13.339251139440483,15.95055963078014
00-0031588,2023_19_PIT_BUF,2023,19,12.2,14.603532701684678,2,15.39532285314186,14.275388173886387
00-0032775,2023_19_LA_DET,2023,19,7.4,12.837091721605688,2,12.632489552122111,12.803999325482687
00-0033040,2023_19_MIA_KC,2023,19,17.2,14.733550741971275,2,15.33061671101311,14.429647336911806
00-0033589,2023_19_PHI_TB,2023,19,14.6,4.965309414731853,2,4.961611154509106,5.4513556629792
00-0033908,2023_19_LA_DET,2023,19,7.7,17.638608521416387,2,17.65732911915967,17.229561910620493
00-0033921,2023_19_PHI_TB,2023,19,14.5,13.820349419303195,2,14.4337553666199,13.577865439824752
00-0033943,2023_19_LA_DET,2023,19,13.0,10.814707554175396,2,10.80899018275418,10.889741285804764
00-0034054,2023_19_MIA_KC,2023,19,5.300000000000001,3.24202444994914,2,3.2811821082187613,3.84191317713213
00-0034272,2023_19_MIA_KC,2023,19,1.8,4.163594394311024,2,4.609495182937526,4.628939366410643
00-0034386,2023_19_MIA_KC,2023,19,4.0,6.135743241049312,2,6.660906326515051,6.44880774125563
00-0034418,2023_19_MIA_KC,2023,19,6.7,3.8658392814135896,2,4.927758667452443,4.246510090959775
00-0034764,2023_19_GB_DAL,2023,19,16.3,7.381756069555976,2,7.702723733213704,7.642203208576643
00-0035140,2023_19_MIA_KC,2023,19,0.9,7.167075680228954,2,7.702419409716675,7.405866340587442
00-0035208,2023_19_PHI_TB,2023,19,1.5,5.316433100701656,2,6.053639262027809,5.650761665978686
00-0035216,2023_19_PIT_BUF,2023,19,14.8,11.467105790380879,2,12.21824913772756,11.366499079071836
00-0036271,2023_19_PHI_TB,2023,19,4.2,9.202759882829831,2,10.388625766091971,9.186861867745638
00-0036358,2023_19_GB_DAL,2023,19,20.5,20.131479264813024,2,19.525907136754817,19.6541539639828
00-0036554,2023_19_CLE_HOU,2023,19,22.0,15.528112088888031,2,15.675888271051134,15.245360020117976
00-0036613,2023_19_MIA_KC,2023,19,6.0,12.188176390369803,2,12.998834766340348,12.026656819123728
00-0036912,2023_19_PHI_TB,2023,19,22.8,15.562442900873455,2,16.572054080821754,15.129518560069885
00-0036963,2023_19_LA_DET,2023,19,18.0,20.714649287121382,2,20.958580975256105,20.050668748102694
00-0036980,2023_19_CLE_HOU,2023,19,3.2,12.506956201587158,2,14.045027856415755,12.198306528295795
00-0037240,2023_19_LA_DET,2023,19,3.9,9.058960160941984,2,8.976779858311033,9.270576001729244
00-0037247,2023_19_PIT_BUF,2023,19,9.5,11.731496305240494,2,11.452166280299222,11.78896663573292
00-0037257,2023_19_CLE_HOU,2023,19,13.4,6.567760600407912,2,6.8977273844340745,6.883909076409843
00-0037261,2023_19_PIT_BUF,2023,19,12.1,7.362337106791898,2,8.550982388192164,7.475390232049152
00-0037614,2023_19_CLE_HOU,2023,19,8.3,8.079166777619061,2,7.301770911817682,8.478878310903136
00-0037666,2023_19_GB_DAL,2023,19,0.0,4.247191342214695,2,3.747457505370189,4.868782412599583
00-0037816,2023_19_GB_DAL,2023,19,27.1,10.095497760647836,2,9.172267178337162,10.37841364439655
00-0037837,2023_19_PIT_BUF,2023,19,7.7,4.6132489792906615,2,5.092501510465114,5.041253996150161
00-0038124,2023_19_GB_DAL,2023,19,1.9,9.074378884051226,2,9.907245271273233,9.128029525514654
00-0038393,2023_19_GB_DAL,2023,19,10.5,6.925117551822815,2,7.961823993463608,7.094967394749942
00-0038618,2023_19_CLE_HOU,2023,19,3.2,4.094407712944853,2,4.012277044739144,4.655146991774013
00-0039052,2023_19_PHI_TB,2023,19,13.5,4.852295077585841,2,4.539868165861378,5.39921927379411
00-0039067,2023_19_MIA_KC,2023,19,27.0,12.79123922444011,2,11.720147486712486,12.909927368774646
00-0039075,2023_19_LA_DET,2023,19,32.900000000000006,18.385149052911892,2,17.092355165108152,18.148455611935457
00-0039146,2023_19_GB_DAL,2023,19,0.0,9.842219923155596,2,9.31663744357013,10.074772477936
00-0030431,2023_20_HOU_BAL,2023,20,1.6,6.257381959320009,2,6.7500744587615635,6.567459166051579
00-0031408,2023_20_TB_DET,2023,20,28.700000000000003,17.17262755940701,2,17.62840721177839,16.721419117432532
00-0031549,2023_20_HOU_BAL,2023,20,9.2,3.488056618439617,2,4.306740230623252,3.9369967212180255
00-0031588,2023_20_KC_BUF,2023,20,5.800000000000001,15.858424394092706,2,16.510104530547704,15.466050927878308
00-0032128,2023_20_GB_SF,2023,20,2.7,4.9925594588362285,2,4.333803856564048,5.588996154900196
00-0033921,2023_20_TB_DET,2023,20,8.0,15.572026331505212,2,15.877737404002104,15.259108727586428
00-0033943,2023_20_TB_DET,2023,20,10.7,10.380362254727368,2,11.303976214892778,10.326611382199289
00-0034272,2023_20_KC_BUF,2023,20,8.2,4.527516060066393,2,5.451752082689747,4.885259706586065
00-0034386,2023_20_KC_BUF,2023,20,0.0,4.2941956245887685,2,5.158306571052348,4.67865571076046
00-0034487,2023_20_KC_BUF,2023,20,1.7000000000000002,7.265491560772102,2,7.421858214995623,7.562335142325432
00-0035140,2023_20_KC_BUF,2023,20,-0.8999999999999999,4.919960898233519,2,6.498616775903217,5.137908365969249
00-0036259,2023_20_GB_SF,2023,20,11.0,6.5573800236567354,2,7.718685700618201,6.731728982183061
00-0036261,2023_20_GB_SF,2023,20,6.2,14.949975550956642,2,14.060552176183617,14.885704380343563
00-0036550,2023_20_HOU_BAL,2023,20,6.9,5.671576902891678,2,6.053645792146283,6.041816775527589
00-0036554,2023_20_HOU_BAL,2023,20,11.8,14.753503995570302,2,12.219904976354185,14.984936627506558
00-0036963,2023_20_TB_DET,2023,20,21.7,20.499377554285694,2,21.478302395987537,19.724524528787203
00-0037240,2023_20_TB_DET,2023,20,5.5,6.919217619040393,2,7.421973765067272,7.1810258905270405
00-0037261,2023_20_KC_BUF,2023,20,17.4,8.543166926045984,2,9.272889140370443,8.651858658166631
00-0037816,2023_20_GB_SF,2023,20,12.3,11.58177519064216,2,10.931685865839857,11.713339763576762
00-0038124,2023_20_GB_SF,2023,20,2.1,7.696194263333922,2,7.806683555680111,7.970614174290834
00-0038393,2023_20_GB_SF,2023,20,0.0,5.48655484226427,2,5.946470130939404,5.8564599483653685
00-0038618,2023_20_HOU_BAL,2023,20,1.7,3.4292415620876318,2,4.596351424258242,3.822581626892185
00-0039052,2023_20_TB_DET,2023,20,5.2,6.80861492762859,2,7.882415418766761,6.9802981952002785
00-0039064,2023_20_HOU_BAL,2023,20,8.100000000000001,13.301747758668714,2,13.172729574707402,13.223019891666835
00-0039067,2023_20_KC_BUF,2023,20,8.7,9.97699518848723,2,9.471648535986931,10.19660033142911
00-0039146,2023_20_GB_SF,2023,20,8.4,9.315529353464008,2,9.043703417930134,9.54161591659229
00-0031235,2023_21_KC_BAL,2023,21,5.2,6.610725372776895,2,6.641347040185219,6.975173804947792
00-0031549,2023_21_KC_BAL,2023,21,4.9,4.231210954347428,2,4.787378720775193,4.672895988448144
00-0033943,2023_21_DET_SF,2023,21,3.5,10.734371296189272,2,11.42037972572346,10.696461213891482
00-0034272,2023_21_KC_BAL,2023,21,5.800000000000001,8.015353988657704,2,8.394378258017998,8.221289820874597
00-0034386,2023_21_KC_BAL,2023,21,2.6,4.003400454817218,2,4.354972256927231,4.49618336425366
00-0035719,2023_21_DET_SF,2023,21,17.6,16.028778172291204,2,14.175502561561924,16.053888633859895
00-0036259,2023_21_DET_SF,2023,21,1.8,4.909192482444005,2,4.6246332020853815,5.447337583652467
00-0036261,2023_21_DET_SF,2023,21,15.8,15.756371250285836,2,16.69069330020903,15.322716908619288
00-0036550,2023_21_KC_BAL,2023,21,1.2,5.465036673963922,2,5.9807828402219405,5.826883076943487
00-0036963,2023_21_DET_SF,2023,21,15.9,19.885672721823916,2,18.96843691636724,19.47906717314929
00-0037240,2023_21_DET_SF,2023,21,20.7,8.72027334696819,2,9.003513130191319,8.893057598515583
00-0039064,2023_21_KC_BAL,2023,21,20.9,13.57718405476577,2,12.867075609953812,13.57871160487033
00-0039067,2023_21_KC_BAL,2023,21,12.6,14.526944837850904,2,13.348749359716503,14.541932038515906
00-0034272,2023_22_SF_KC,2023,22,11.0,7.995700892506688,2,9.14634968186664,8.070727073046697
00-0034386,2023_22_SF_KC,2023,22,8.4,4.883147840784277,2,5.559340018987467,5.258407763138241
00-0035719,2023_22_SF_KC,2023,22,7.1000000000000005,14.838872534023894,2,14.126913556388455,14.751989159491409
00-0036259,2023_22_SF_KC,2023,22,19.04,5.3603822956178915,2,5.819645461968816,5.739272284506001
00-0036261,2023_22_SF_KC,2023,22,7.9,14.228301550961017,2,13.130918535219475,14.250435874245934
00-0039067,2023_22_SF_KC,2023,22,10.4,15.094479500551746,2,14.257459691120062,15.0110617263367
00-0030035,2024_01_CAR_NO,2024,1,7.9,9.530371365456464,3,9.826100530044751,9.685686414409895
00-0030279,2024_01_TEN_CHI,2024,1,6.9,9.782738777177821,3,9.59253363698094,10.01288230431789
00-0031236,2024_01_DAL_CLE,2024,1,14.5,12.333919504709275,3,12.15883730543584,12.388856172296943
00-0031381,2024_01_LV_LAC,2024,1,10.9,13.013465911387641,3,13.72392687964112,12.855062218216514
00-0031408,2024_01_WAS_TB,2024,1,23.1,10.824493422922773,3,10.64625508010354,10.9819975893526
00-0031544,2024_01_DAL_CLE,2024,1,3.6,12.884515809446768,3,13.210418910569867,12.807533252057612
00-0031549,2024_01_BAL_KC,2024,1,1.6,5.777289436638623,3,6.085629493855697,6.183763217146275
00-0031588,2024_01_HOU_IND,2024,1,21.9,12.87502680850157,3,12.54825442218322,12.922089070600416
00-0032211,2024_01_DEN_SEA,2024,1,13.7,8.206162000347032,3,9.456219551990904,8.270496892044909
00-0032464,2024_01_LA_DET,2024,1,1.2000000000000002,9.440729052081366,3,10.734970753014936,9.413307497932903
00-0032775,2024_01_LA_DET,2024,1,8.2,14.460787789087986,3,15.31199141907567,14.177998112838951
00-0033009,2024_01_TEN_CHI,2024,1,4.8,12.132642713881054,3,12.350923351068754,12.126802258078262
00-0033040,2024_01_JAX_MIA,2024,1,26.0,10.965662909759475,3,12.099912522354284,10.865473256513642
00-0033555,2024_01_ARI_BUF,2024,1,10.5,7.982391313746902,3,8.11234467122204,8.273625517017006
00-0033908,2024_01_LA_DET,2024,1,32.0,14.70563318242065,3,15.798575612084392,14.360596282661078
00-0033921,2024_01_WAS_TB,2024,1,22.3,11.981040320579185,3,11.333673034420505,12.149112783647643
00-0033943,2024_01_DEN_SEA,2024,1,9.5,12.279811804229706,3,12.51180847451612,12.261435855241512
00-0034348,2024_01_DEN_SEA,2024,1,7.800000000000001,12.906137269636078,3,13.688230171805069,12.741440551777911
00-0034386,2024_01_BAL_KC,2024,1,3.5,6.898124018289126,3,7.515807423517388,7.170390025748985
00-0034407,2024_01_PIT_ATL,2024,1,9.2,8.522356925823374,3,9.09052931922607,8.694257521913775
00-0034418,2024_01_CAR_NO,2024,1,0.0,6.270714215048739,3,6.423230014860712,6.673316473750848
00-0034419,2024_01_JAX_MIA,2024,1,0.0,7.432097374049405,3,7.610690165339792,7.751310783987829
00-0034521,2024_01_NYJ_SF,2024,1,26.9,12.33920373708843,3,12.91973569090075,12.250916646249792
00-0034646,2024_01_MIN_NYG,2024,1,0.0,7.432186901388972,3,8.846095289658766,7.517828550979699
00-0034775,2024_01_JAX_MIA,2024,1,4.0,11.167418286579402,3,10.891272818265564,11.320267492682468
00-0034827,2024_01_TEN_CHI,2024,1,10.0,7.63969536714003,3,8.885851935331301,7.743036039645101
00-0034837,2024_01_TEN_CHI,2024,1,8.0,13.206870295256481,3,13.794816893233476,13.058565227238336
00-0034960,2024_01_LV_LAC,2024,1,9.4,12.267928511974839,3,13.573394780970196,12.04739046273504
00-0035208,2024_01_WAS_TB,2024,1,2.5,6.798741388993706,3,7.474573262749639,7.066726940050543
00-0035216,2024_01_CAR_NO,2024,1,3.9,10.013836608193747,3,11.024493140849698,10.001316714642282
00-0035341,2024_01_NE_CIN,2024,1,1.6,7.183355316248145,3,7.619749200414697,7.470629328137709
00-0035500,2024_01_ARI_BUF,2024,1,11.1,8.251108417969714,3,9.28638261702943,8.353016797407342
00-0035535,2024_01_MIN_NYG,2024,1,5.6,9.612812184832745,3,9.799320177217846,9.78320871667409
00-0035640,2024_01_DEN_SEA,2024,1,5.9,13.137342975983195,3,13.785161467454737,12.982414692532092
00-0035659,2024_01_WAS_TB,2024,1,3.7,12.425819256820262,3,12.674999139425143,12.394330737756986
00-0035676,2024_01_GB_PHI,2024,1,22.9,12.309393069005738,3,12.187054688054776,12.356014174135352
00-0035719,2024_01_NYJ_SF,2024,1,18.7,11.259171127595177,3,10.573689001896998,11.483216684328715
00-0036196,2024_01_JAX_MIA,2024,1,9.2,7.536378027095173,3,8.811010687062556,7.641314323010018
00-0036252,2024_01_HOU_IND,2024,1,7.1,13.891661509128598,3,14.747017895011153,13.646534538285604
00-0036259,2024_01_NYJ_SF,2024,1,11.4,6.353100266101081,3,6.903422601459371,6.674922094025091
00-0036261,2024_01_NYJ_SF,2024,1,4.800000000000001,8.316100893005025,3,8.30682873328177,8.611114905419392
00-0036309,2024_01_PIT_ATL,2024,1,2.5,13.58687066115736,3,13.754467105354427,13.492371463050333
00-0036322,2024_01_MIN_NYG,2024,1,15.9,13.123739452799779,3,14.308205534214052,12.868264213827752
00-0036345,2024_01_NE_CIN,2024,1,5.1,8.581969137547238,3,9.149593022474589,8.749946280915353
00-0036358,2024_01_DAL_CLE,2024,1,13.6,10.519957046087594,3,11.252203753542698,10.52588567205723
00-0036407,2024_01_DAL_CLE,2024,1,11.5,12.618762955316257,3,13.01568161449938,12.546306416307484
00-0036415,2024_01_PIT_ATL,2024,1,1.1,11.58823302132567,3,11.74151545117965,11.63146014738431
00-0036427,2024_01_LA_DET,2024,1,12.9,9.026813579831218,3,8.763357947480856,9.32187411577252
00-0036550,2024_01_BAL_KC,2024,1,7.300000000000001,13.306535275288983,3,13.725146545480657,13.183514102013763
00-0036554,2024_01_HOU_IND,2024,1,17.700000000000003,13.199347344767551,3,13.291017114880278,13.145383401793609
00-0036613,2024_01_JAX_MIA,2024,1,16.200000000000003,11.533584513790506,3,12.150019488437485,11.492933499791022
00-0036900,2024_01_NE_CIN,2024,1,12.2,12.636366401144162,3,13.586390965366371,12.458142854485564
00-0036912,2024_01_GB_PHI,2024,1,15.4,12.773796544398818,3,12.670204239398398,12.785500028331056
00-0036963,2024_01_LA_DET,2024,1,4.3,14.503120716040655,3,15.016634168251969,14.281319534797966
00-0036980,2024_01_DAL_CLE,2024,1,3.9,13.019896518740845,3,13.005613674129336,12.99808840655488
00-0036988,2024_01_LV_LAC,2024,1,3.5,12.46822789616742,3,12.771181199420724,12.423707279454735
00-0037238,2024_01_PIT_ATL,2024,1,3.5,13.775316740894512,3,14.544367350680927,13.554367708575729
00-0037239,2024_01_CAR_NO,2024,1,3.1,12.665912610506089,3,12.61315272962005,12.675293223695764
00-0037240,2024_01_LA_DET,2024,1,24.4,14.586178566981811,3,15.872063053418424,14.212731268643472
00-0037247,2024_01_PIT_ATL,2024,1,13.5,10.397018646964423,3,10.61989374521658,10.507561280465424
00-0037261,2024_01_ARI_BUF,2024,1,13.2,8.155415055612844,3,8.469332718345305,8.400177655710905
00-0037291,2024_01_MIN_NYG,2024,1,9.1,6.2679037051097515,3,6.783373576600612,6.602070754935129
00-0037545,2024_01_CAR_NO,2024,1,16.3,9.736136528870283,3,11.02582077516739,9.689620128633855
00-0037664,2024_01_HOU_IND,2024,1,21.5,13.698174521170154,3,14.14873461910246,13.542655092017084
00-0037666,2024_01_DAL_CLE,2024,1,2.2,9.352084311462221,3,9.12265146691822,9.618738050069126
00-0037740,2024_01_NYJ_SF,2024,1,12.0,13.46386472740462,3,14.169400312798029,13.275965162212287
00-0037741,2024_01_GB_PHI,2024,1,0.0,7.157207810968765,3,7.784187445924706,7.410213486738036
00-0037742,2024_01_TEN_CHI,2024,1,1.3,8.72471568795762,3,8.884129505514188,8.96023124348843
00-0037816,2024_01_GB_PHI,2024,1,9.0,12.422292409283168,3,13.318521626880043,12.268702126663529
00-0037837,2024_01_PIT_ATL,2024,1,1.7000000000000002,7.754564838184228,3,7.834588517222976,8.070630471723337
00-0038104,2024_01_NE_CIN,2024,1,4.7,7.0538996164196295,3,8.389002451857122,7.1799968923159465
00-0038117,2024_01_MIN_NYG,2024,1,11.8,9.922519413719133,3,10.400237397367102,10.016933215215763
00-0038124,2024_01_GB_PHI,2024,1,10.3,8.434101515293944,3,7.857619846020408,8.828388290862415
00-0038393,2024_01_GB_PHI,2024,1,0.0,6.025059648916958,3,6.741967045040822,6.3375457248079154
00-0038496,2024_01_NYJ_SF,2024,1,0.0,8.007410558887422,3,8.950580462277344,8.143196687094244
00-0038543,2024_01_DEN_SEA,2024,1,3.9,12.348012914407848,3,12.441838499644518,12.351154093431704
00-0038544,2024_01_LV_LAC,2024,1,6.800000000000001,9.691050774434263,3,9.854341837322066,9.86055153301384
00-0038559,2024_01_ARI_BUF,2024,1,7.5,12.76191232410705,3,13.056732215767758,12.699089383031826
00-0038563,2024_01_LV_LAC,2024,1,4.2,12.283631939713992,3,12.232766604889765,12.31847968859096
00-0038619,2024_01_NE_CIN,2024,1,5.6,12.525442610787973,3,13.15913843052045,12.414522080942689
00-0038621,2024_01_NE_CIN,2024,1,3.2,8.28692842470134,3,9.21391013677732,8.406892211649534
00-0038977,2024_01_HOU_IND,2024,1,8.9,10.177905993941232,3,11.150874391903727,10.161428068322484
00-0038979,2024_01_DAL_CLE,2024,1,1.3,5.978810771579209,3,6.246755053199531,6.379308360698246
00-0038994,2024_01_MIN_NYG,2024,1,6.5,7.715036950383846,3,8.4304441290699,7.913638608704301
00-0039062,2024_01_CAR_NO,2024,1,4.3,6.885937814401175,3,7.198704539625486,7.216678803006305
00-0039064,2024_01_BAL_KC,2024,1,11.1,13.812695677320534,3,14.643302024042454,13.577582902380437
00-0039067,2024_01_BAL_KC,2024,1,17.3,12.511288739904172,3,11.39079865607562,12.73299483866855
00-0039146,2024_01_GB_PHI,2024,1,33.1,10.627233902070953,3,10.465999948820476,10.794849045185364
00-0039337,2024_01_MIN_NYG,2024,1,11.6,13.263621403787484,3,13.995218959338375,13.084321838559742
00-0039342,2024_01_CAR_NO,2024,1,7.5,7.269804083389987,3,7.26386720976419,7.634871085028141
00-0039355,2024_01_WAS_TB,2024,1,4.8,8.712881761242075,3,9.1359810350758,8.899340779788472
00-0039424,2024_01_DEN_SEA,2024,1,11.9,6.084923368969847,3,6.318858375956941,6.4846826777881414
00-0039849,2024_01_ARI_BUF,2024,1,1.4,13.587300893608827,3,15.15689181961743,13.227692322098523
00-0039855,2024_01_WAS_TB,2024,1,10.2,11.510275180390336,3,11.972570026274242,11.500342698368716
00-0039890,2024_01_HOU_IND,2024,1,1.2,8.6132150228136,3,8.607163591823815,8.887548244480927
00-0039893,2024_01_JAX_MIA,2024,1,14.7,12.298946366791474,3,11.896166686942689,12.399297288036063
00-0039894,2024_01_BAL_KC,2024,1,20.8,9.727549870285294,3,10.925718300580268,9.698916785710711
00-0039901,2024_01_ARI_BUF,2024,1,9.1,11.095984785352048,3,10.812522954403306,11.255043083368744
00-0039907,2024_01_NE_CIN,2024,1,1.6,6.547165275544551,3,6.970196516084716,6.879944252481506
00-0039915,2024_01_LV_LAC,2024,1,14.9,8.779857240779368,3,10.050104316230644,8.801618281161982
00-0039919,2024_01_TEN_CHI,2024,1,2.1,10.746942679889075,3,10.545966951469596,10.913984904625051
00-0030035,2024_02_LAC_CAR,2024,2,4.0,8.687556194429852,3,9.237918921958968,8.85166393211297
00-0030564,2024_02_NYJ_TEN,2024,2,1.9,4.967176121693568,3,4.764452285822913,5.525006649576351
00-0031236,2024_02_NO_DAL,2024,2,3.6,13.988390678156028,3,13.569409687005855,13.977672778966207
00-0031381,2024_02_LV_BAL,2024,2,26.0,14.081510511528384,3,14.418675950744154,13.92153439434709
00-0031408,2024_02_TB_DET,2024,2,7.2,15.440410607749884,3,14.82212251447804,15.369283816988796
00-0031544,2024_02_CLE_JAX,2024,2,4.1,11.990440702801713,3,12.127183729844194,12.00962346198766
00-0031549,2024_02_LV_BAL,2024,2,2.3,3.9446254376649934,3,4.596958514819838,4.409866587733886
00-0031588,2024_02_CHI_HOU,2024,2,7.7,14.312680355474622,3,14.33848040320814,14.195958345497546
00-0031763,2024_02_CHI_HOU,2024,2,6.2,8.47942894285076,3,8.741325161533409,8.712138355755343
00-0032211,2024_02_SEA_NE,2024,2,3.5,14.444525203349192,3,12.77669365187429,14.639117508325144
00-0032464,2024_02_TB_DET,2024,2,5.7,6.330087754930489,3,6.337451753832576,6.756123366687334
00-0032775,2024_02_LA_ARI,2024,2,7.0,12.99633999239938,3,12.665952393403368,13.03589036542637
00-0033009,2024_02_NYJ_TEN,2024,2,4.6,9.010459141525166,3,9.547988349483528,9.1551793360991
00-0033040,2024_02_BUF_MIA,2024,2,6.6,16.16548416623278,3,14.667405712240145,16.21171955631286
00-0033375,2024_02_TB_DET,2024,2,3.2,5.786423540087063,3,6.089544998415622,6.193266957195995
00-0033536,2024_02_NYJ_TEN,2024,2,2.9000000000000004,6.957745843689101,3,7.697547235172135,7.202894738790679
00-0033555,2024_02_BUF_MIA,2024,2,0.0,8.488648098904322,3,8.314803468319704,8.803121844955731
00-0033908,2024_02_LA_ARI,2024,2,7.7,13.596362591099034,3,14.785605830266952,13.30805559885718
00-0033921,2024_02_TB_DET,2024,2,24.700000000000003,19.260268272872814,3,18.118216021054263,19.03011729860374
00-0033943,2024_02_PIT_DEN,2024,2,13.3,10.127714871083894,3,9.2409424172683,10.466255772336163
00-0034348,2024_02_PIT_DEN,2024,2,3.6,12.676907175380425,3,12.026803481589017,12.798487055336368
00-0034386,2024_02_CIN_KC,2024,2,4.2,5.100152246782071,3,5.188742015950004,5.593919696223839
00-0034407,2024_02_ATL_PHI,2024,2,7.5,13.646248954532096,3,13.714089512336235,13.566599614034653
00-0034419,2024_02_BUF_MIA,2024,2,0.0,5.7140033644325925,3,6.080078079186002,6.113836391106087
00-0034521,2024_02_NYJ_TEN,2024,2,3.1,13.419850511064874,3,12.625633358210845,13.518488194892274
00-0034646,2024_02_SF_MIN,2024,2,3.6,5.568340500251141,3,5.647724844765772,6.032219538241052
00-0034775,2024_02_CLE_JAX,2024,2,0.9,10.346281684221303,3,11.445655775834142,10.294528979773064
00-0034827,2024_02_CHI_HOU,2024,2,11.3,9.226871988641374,3,10.284799558566684,9.25857854880215
00-0034837,2024_02_NYJ_TEN,2024,2,24.700000000000003,12.077414464878807,3,12.092772735507252,12.113672293660876
00-0034960,2024_02_LV_BAL,2024,2,6.9,9.386542386125175,3,10.745937729557625,9.350462623787733
00-0035021,2024_02_IND_GB,2024,2,2.3,4.037102322837086,3,4.5365739621848,4.524998186806243
00-0035216,2024_02_LAC_CAR,2024,2,4.5,10.763933120771533,3,10.475814558921384,10.946303959131075
00-0035341,2024_02_CIN_KC,2024,2,1.5,4.593792451012308,3,5.226972768580431,5.01879977211887
00-0035406,2024_02_PIT_DEN,2024,2,9.0,7.579554805071055,3,7.179460889099167,7.998221031081527
00-0035500,2024_02_LA_ARI,2024,2,3.1,9.68600631010266,3,9.47770774061864,9.926105685590484
00-0035535,2024_02_NYG_WAS,2024,2,6.300000000000001,9.892209604212468,3,11.210307843912783,9.829777195382196
00-0035640,2024_02_SEA_NE,2024,2,28.9,11.062514745044346,3,11.90338730210854,11.011252061879237
00-0035659,2024_02_NYG_WAS,2024,2,8.2,12.22125629147168,3,12.052247448454889,12.2826557205596
00-0035719,2024_02_SF_MIN,2024,2,18.0,16.36090321837922,3,16.651910317139038,16.055667826854062
00-0036196,2024_02_CLE_JAX,2024,2,7.3,6.268967060995545,3,7.573848128557103,6.453805365275189
00-0036252,2024_02_IND_GB,2024,2,5.1,13.567976888084093,3,13.991011071737992,13.426457514297628
00-0036259,2024_02_SF_MIN,2024,2,5.7,8.789856036994294,3,9.32918638719491,8.949138741366855
00-0036261,2024_02_SF_MIN,2024,2,8.3,10.579637071975476,3,11.228586030081532,10.597283370565236
00-0036309,2024_02_ATL_PHI,2024,2,17.8,9.967313545426787,3,10.218761904886186,10.101482874559858
00-0036322,2024_02_SF_MIN,2024,2,23.3,13.871281196732033,3,13.74029871552622,13.814021794165605
00-0036345,2024_02_SEA_NE,2024,2,1.7000000000000002,10.653487083865082,3,11.50480120744982,10.627882438547296
00-0036358,2024_02_NO_DAL,2024,2,19.0,16.151788596145607,3,15.052828620024933,16.123486389510855
00-0036407,2024_02_CLE_JAX,2024,2,12.3,11.528160745627689,3,11.452767229963197,11.618682724145136
00-0036415,2024_02_PIT_DEN,2024,2,3.4000000000000004,8.637751461424894,3,8.333434106442372,8.96682134704834
00-0036427,2024_02_LA_ARI,2024,2,4.0,13.708512636825668,3,14.66377458054078,13.45686895193447
00-0036550,2024_02_LV_BAL,2024,2,7.0,9.554210653232467,3,10.133417365611871,9.654317061990865
00-0036554,2024_02_CHI_HOU,2024,2,27.5,15.504989456795764,3,13.317041317734972,15.726281438846469
00-0036613,2024_02_BUF_MIA,2024,2,8.5,13.235684143581379,3,12.656096930819922,13.306182485797567
00-0036626,2024_02_NYG_WAS,2024,2,3.7,7.608212872566137,3,8.921421855917943,7.701002526375815
00-0036900,2024_02_CIN_KC,2024,2,7.5,14.10771383908278,3,15.245001543075356,13.794685439405912
00-0036912,2024_02_ATL_PHI,2024,2,20.6,15.47707966722673,3,15.725515816844007,15.23960088761904
00-0036963,2024_02_TB_DET,2024,2,22.9,12.669596584741157,3,13.72956278846969,12.468341066040756
00-0036980,2024_02_CLE_JAX,2024,2,10.4,8.926909040748308,3,9.908674422866367,8.993280159176695
00-0036988,2024_02_LAC_CAR,2024,2,3.9,5.776086152370258,3,5.995292574876832,6.199494049594833
00-0037238,2024_02_ATL_PHI,2024,2,17.4,10.111899410098408,3,10.919155480933584,10.13121246953025
00-0037239,2024_02_NO_DAL,2024,2,12.8,8.976258322552518,3,9.30383501180157,9.162985490114371
00-0037240,2024_02_TB_DET,2024,2,14.4,17.43976354789625,3,16.362040928403115,17.320435507895013
00-0037247,2024_02_PIT_DEN,2024,2,4.9,15.334621201798823,3,14.014295242445716,15.403378026995172
00-0037261,2024_02_BUF_MIA,2024,2,10.6,10.002094759919723,3,10.113381854319096,10.160415221532844
00-0037291,2024_02_SF_MIN,2024,2,14.4,9.979769205937432,3,10.506770461811366,10.060997270243508
00-0037545,2024_02_NO_DAL,2024,2,20.9,10.171338877458762,3,10.587888897251114,10.260508691077389
00-0037664,2024_02_IND_GB,2024,2,16.6,12.560529795159097,3,12.74600114667778,12.53198638275327
00-0037666,2024_02_NO_DAL,2024,2,14.2,9.73733524153603,3,9.972716809444144,9.890078787895536
00-0037740,2024_02_NYJ_TEN,2024,2,10.2,14.914989065992806,3,14.322894963203517,14.874405046146494
00-0037741,2024_02_ATL_PHI,2024,2,1.6,10.355237346770211,3,11.080290567464807,10.373653872393266
00-0037742,2024_02_NYJ_TEN,2024,2,0.0,4.8149517854859525,3,5.485164263858756,5.218016663165196
00-0037816,2024_02_IND_GB,2024,2,9.2,12.603805104556523,3,12.588233231240316,12.610350176207952
00-0037837,2024_02_PIT_DEN,2024,2,1.6,5.082059388199483,3,5.809361145596182,5.45628546835226
00-0038117,2024_02_NYG_WAS,2024,2,9.8,11.622591755356158,3,12.079555641283918,11.606079561693305
00-0038393,2024_02_IND_GB,2024,2,11.6,4.650231725135036,3,5.1565338300908925,5.0954155712171545
00-0038507,2024_02_BUF_MIA,2024,2,2.3,4.62527419898714,3,4.262368628454686,5.2364884016626725
00-0038543,2024_02_SEA_NE,2024,2,23.700000000000003,9.58116221602523,3,9.572547968718473,9.79058937969127
00-0038544,2024_02_LAC_CAR,2024,2,22.1,9.230562341402779,3,9.900495935460322,9.335379059569531
00-0038559,2024_02_LA_ARI,2024,2,5.1,7.7081916225328015,3,8.174230508648764,7.954404713780136
00-0038563,2024_02_LV_BAL,2024,2,3.3,6.192889724503613,3,5.715135677528071,6.719916955748076
00-0038619,2024_02_CIN_KC,2024,2,14.7,10.630263382024289,3,11.413409779569989,10.61911636197282
00-0038640,2024_02_NO_DAL,2024,2,2.0,4.687471972975282,3,4.512268989702794,5.258994718241979
00-0038977,2024_02_CHI_HOU,2024,2,2.3,10.995495529373445,3,10.571998552479757,11.187819442976284
00-0038979,2024_02_CLE_JAX,2024,2,1.2,4.136467544908779,3,4.322955180098874,4.676827743322672
00-0039062,2024_02_LAC_CAR,2024,2,1.1,7.187425031995651,3,7.895791787718455,7.423001188366251
00-0039064,2024_02_LV_BAL,2024,2,22.1,13.169799878255404,3,13.01613453215959,13.164218465738282
00-0039067,2024_02_CIN_KC,2024,2,18.5,16.38348464589879,3,16.308293452760324,16.145962216356242
00-0039146,2024_02_IND_GB,2024,2,6.6000000000000005,11.29477965174872,3,10.794685568515389,11.48136763343688
00-0039337,2024_02_NYG_WAS,2024,2,28.700000000000003,14.316292923523704,3,13.970015407939044,14.269676951084456
00-0039751,2024_02_LA_ARI,2024,2,4.2,5.396605205859357,3,5.774910267226461,5.815567938423503
00-0039849,2024_02_LA_ARI,2024,2,29.0,7.974025056351474,3,7.404458058098754,8.398085364465127
00-0039855,2024_02_TB_DET,2024,2,3.1,10.216949689011727,3,11.310252197643957,10.175082110741284
00-0039890,2024_02_IND_GB,2024,2,4.0,7.33544120760034,3,8.09709348722616,7.550943094385643
00-0039893,2024_02_CLE_JAX,2024,2,11.4,11.178372032864067,3,10.981287675791938,11.315532869710683
00-0039894,2024_02_CIN_KC,2024,2,4.2,11.094304127044342,3,11.303077752515456,11.160407175932365
00-0039901,2024_02_BUF_MIA,2024,2,0.0,11.859415706748212,3,11.68748365357316,11.945812332599017
00-0039907,2024_02_SEA_NE,2024,2,9.2,5.2743181293356844,3,5.2759476046310185,5.772761538301506
00-0039915,2024_02_LAC_CAR,2024,2,4.6,9.677701424269893,3,9.932079295658474,9.83088188975342
00-0039919,2024_02_CHI_HOU,2024,2,5.300000000000001,10.448318901134694,3,11.619838332149032,10.376032185190985
00-0030564,2024_03_GB_TEN,2024,3,19.3,4.820389661018989,3,5.449680960633716,5.230824297092207
00-0031236,2024_03_BAL_DAL,2024,3,3.6,9.922913043638074,3,10.59153978163948,9.981204425186425
00-0031381,2024_03_CAR_LV,2024,3,8.0,15.896003554908477,3,14.801061288820938,15.88422151349919
00-0031408,2024_03_DEN_TB,2024,3,3.7,14.117649393010584,3,12.80867016402185,14.266474570355586
00-0031544,2024_03_NYG_CLE,2024,3,27.6,11.836588228073474,3,11.391882319985775,11.976101353362203
00-0031549,2024_03_BAL_DAL,2024,3,6.6000000000000005,4.693587669175466,3,4.923502455663582,5.188100139839587
00-0031588,2024_03_HOU_MIN,2024,3,19.92,13.094236114613178,3,13.7551169966022,12.939750202601932
00-0031763,2024_03_CHI_IND,2024,3,5.2,6.799866124620102,3,8.049035697870638,6.959372602819634
00-0032211,2024_03_MIA_SEA,2024,3,9.6,7.239730028781432,3,8.226640044196188,7.419107460341998
00-0032775,2024_03_SF_LA,2024,3,4.2,10.75530236286335,3,9.857607068852554,11.053511199381486
00-0033009,2024_03_GB_TEN,2024,3,6.300000000000001,7.1243170449564115,3,7.02308351198068,7.517230659401486
00-0033040,2024_03_MIA_SEA,2024,3,7.0,14.457614524796645,3,13.599083772003263,14.49830505725717
00-0033375,2024_03_DET_ARI,2024,3,1.8,5.47947399170407,3,5.909430679212659,5.883072477430743
00-0033536,2024_03_NE_NYJ,2024,3,6.4,5.151962662951665,3,5.505611129489219,5.5921143757881
00-0033555,2024_03_JAX_BUF,2024,3,2.6,7.2091218266361805,3,8.34232259871644,7.362907288022285
00-0033591,2024_03_WAS_CIN,2024,3,5.9,5.388254989291147,3,6.293409441186613,5.708168456057031
00-0033857,2024_03_KC_ATL,2024,3,9.7,5.922540573867213,3,6.87108382394408,6.198156174108754
00-0033921,2024_03_DEN_TB,2024,3,17.3,15.894521375953845,3,14.67577297451622,15.906247950856654
00-0033943,2024_03_DEN_TB,2024,3,5.6,8.986069936270734,3,8.705789090529011,9.287064154540776
00-0034272,2024_03_JAX_BUF,2024,3,1.7000000000000002,8.871825159990989,3,8.87139837817918,9.127624247612111
00-0034348,2024_03_DEN_TB,2024,3,13.8,9.896742015868503,3,10.042072978218036,10.055742884459915
00-0034386,2024_03_KC_ATL,2024,3,2.3,5.3524384865143215,3,5.633853158226425,5.792704371159986
00-0034407,2024_03_KC_ATL,2024,3,5.7,11.891843351354956,3,11.925797449337216,11.937121635976036
00-0034418,2024_03_PHI_NO,2024,3,1.3,4.307405922344746,3,4.489403735097079,4.837067118926709
00-0034521,2024_03_NE_NYJ,2024,3,13.8,13.18826354483522,3,12.66669712515271,13.250995224931792
00-0034646,2024_03_HOU_MIN,2024,3,2.3,4.636594322380115,3,4.898362441508311,5.128934406303871
00-0034775,2024_03_JAX_BUF,2024,3,15.9,7.524145759077392,3,6.9707738478965195,7.975536037744769
00-0034827,2024_03_CHI_IND,2024,3,15.2,10.482245770194028,3,12.025584507711669,10.337365832904233
00-0034837,2024_03_GB_TEN,2024,3,1.9,12.862691572299088,3,12.55535706091588,12.906911962067609
00-0034960,2024_03_CAR_LV,2024,3,21.2,9.75804397517599,3,9.367896676668728,10.027659590977
00-0035216,2024_03_CAR_LV,2024,3,26.200000000000003,9.780021651416066,3,9.655599661782157,9.997910871816474
00-0035298,2024_03_LAC_PIT,2024,3,5.1,5.451252394038545,3,7.74333207355943,5.5046789008005215
00-0035406,2024_03_DEN_TB,2024,3,9.7,8.178255147207294,3,9.261153992906031,8.27608063160977
00-0035500,2024_03_DET_ARI,2024,3,6.5,8.480535699090964,3,9.443438819450192,8.580628363082932
00-0035535,2024_03_NYG_CLE,2024,3,1.7000000000000002,7.624920217231152,3,7.69970631698362,7.95073440850696
00-0035639,2024_03_PHI_NO,2024,3,3.3,5.918058515187468,3,6.362473889721066,6.289294236824459
00-0035640,2024_03_MIA_SEA,2024,3,20.4,16.104703780495974,3,15.72391211824344,15.94379568171391
00-0035659,2024_03_WAS_CIN,2024,3,20.0,10.803672564357562,3,11.653698647276274,10.768165526673185
00-0036196,2024_03_JAX_BUF,2024,3,3.8,7.517031761210772,3,8.75319491061174,7.630548586410745
00-0036252,2024_03_CHI_IND,2024,3,7.6,11.43730621799497,3,11.357505125939344,11.534799319828414
00-0036259,2024_03_SF_LA,2024,3,46.5,9.520996167043037,3,9.494661827269884,9.73783831074304
00-0036261,2024_03_SF_LA,2024,3,9.8,9.860582365006213,3,10.286798585938383,9.968918014133854
00-0036309,2024_03_KC_ATL,2024,3,14.6,10.860018474369056,3,10.292808396212912,11.08866704322118
00-0036322,2024_03_HOU_MIN,2024,3,20.1,15.675461922978522,3,13.989770934435874,15.790273844265
00-0036358,2024_03_BAL_DAL,2024,3,8.7,16.256182540358736,3,17.13087621460125,15.84766186594794
00-0036407,2024_03_NYG_CLE,2024,3,8.7,12.635109295311539,3,11.957061612077228,12.764796345896926
00-0036410,2024_03_WAS_CIN,2024,3,6.9,11.387167871263795,3,12.36326205092377,11.288406073798736
00-0036427,2024_03_SF_LA,2024,3,5.0,7.2037972827774635,3,7.479687059424186,7.520037425914811
00-0036550,2024_03_BAL_DAL,2024,3,11.8,7.527727629157146,3,9.158350996621074,7.565939824692416
00-0036554,2024_03_HOU_MIN,2024,3,12.6,16.87771362690249,3,14.805695128380936,16.984350637122585
00-0036613,2024_03_MIA_SEA,2024,3,6.6,12.508025195504455,3,11.949754235875965,12.623650906324617
00-0036620,2024_03_MIA_SEA,2024,3,4.0,5.480210857670658,3,6.023667230867137,5.862299756185141
00-0036646,2024_03_LAC_PIT,2024,3,2.7,7.296660080776318,3,7.089898501269283,7.697883472960449
00-0036849,2024_03_SF_LA,2024,3,13.3,9.355189991729366,3,9.494293935474062,9.5519533024613
00-0036900,2024_03_WAS_CIN,2024,3,29.8,12.642594130966383,3,12.071318874557363,12.751587676490256
00-0036912,2024_03_PHI_NO,2024,3,14.9,16.735874132047755,3,16.907115293423384,16.427951804773592
00-0036963,2024_03_DET_ARI,2024,3,20.5,16.566889577770354,3,16.3465537441828,16.344420085449286
00-0036980,2024_03_NYG_CLE,2024,3,3.7,10.471577077868563,3,10.128042782666055,10.684175973320883
00-0037238,2024_03_KC_ATL,2024,3,18.7,11.084666179226303,3,12.33496772137178,10.954494773989891
00-0037239,2024_03_PHI_NO,2024,3,20.6,12.12253516591931,3,11.976013312780069,12.18635209841286
00-0037240,2024_03_DET_ARI,2024,3,1.2,16.03629070924474,3,15.319536161901024,15.943526074028856
00-0037247,2024_03_LAC_PIT,2024,3,10.7,11.01239512955598,3,9.954284126313778,11.323566207298947
00-0037261,2024_03_JAX_BUF,2024,3,19.2,9.823135067499603,3,11.040691921970083,9.784378790016929
00-0037291,2024_03_HOU_MIN,2024,3,12.4,10.427084793746209,3,10.27024031590156,10.607391271169789
00-0037545,2024_03_PHI_NO,2024,3,0.0,14.152877862975341,3,15.477221461483678,13.801431010136186
00-0037664,2024_03_CHI_IND,2024,3,5.4,12.218182737369325,3,11.062788814859104,12.466289297303891
00-0037666,2024_03_BAL_DAL,2024,3,13.2,10.183492971541149,3,10.821577391115872,10.229955370921244
00-0037740,2024_03_NE_NYJ,2024,3,14.3,14.61031339271984,3,13.364766798412983,14.713862727727982
00-0037741,2024_03_PHI_NO,2024,3,2.8,8.936220734396565,3,9.24976199655184,9.128306410757451
00-0037742,2024_03_GB_TEN,2024,3,1.9,3.9353828957579298,3,3.970306313755151,4.517984374278175
00-0037816,2024_03_GB_TEN,2024,3,2.8,9.48016010386052,3,8.507697924158007,9.878648875694909
00-0037837,2024_03_LAC_PIT,2024,3,19.5,5.061439274728802,3,6.413118114420591,5.319005070723288
00-0038117,2024_03_NYG_CLE,2024,3,13.1,8.655837724681186,3,9.67269221634999,8.733886902564315
00-0038124,2024_03_GB_TEN,2024,3,8.7,5.9721435353904075,3,6.583405374773593,6.308179209231464
00-0038393,2024_03_GB_TEN,2024,3,0.0,4.468579937088416,3,5.574649407945767,4.812635201829711
00-0038543,2024_03_MIA_SEA,2024,3,6.9,14.14674411901711,3,13.653795567532296,14.139313819882275
00-0038544,2024_03_LAC_PIT,2024,3,12.4,12.427916433119941,3,11.855859649144437,12.551560506781202
00-0038559,2024_03_DET_ARI,2024,3,14.4,9.521672990394102,3,9.533878181153105,9.731182598321263
00-0038563,2024_03_CAR_LV,2024,3,22.6,9.157815903723273,3,9.584034705264598,9.31362714046497
00-0038608,2024_03_NE_NYJ,2024,3,1.2,4.426656774527437,3,4.286547380123615,5.009163870272179
00-0038619,2024_03_WAS_CIN,2024,3,16.2,10.177320627595462,3,10.7347825466717,10.239443601592468
00-0038621,2024_03_NE_NYJ,2024,3,14.8,8.634819704864762,3,8.758079241923646,8.883244095662477
00-0038647,2024_03_SF_LA,2024,3,2.2,4.627430489979363,3,5.125695396860866,5.075674318718568
00-0038977,2024_03_HOU_MIN,2024,3,11.2,8.476167109923617,3,9.530792712920476,8.559212587455745
00-0038997,2024_03_CHI_IND,2024,3,5.2,6.44624843040928,3,8.221465818324047,6.530182081834236
00-0039062,2024_03_CAR_LV,2024,3,5.0,6.330949954882919,3,6.449016542142738,6.7359963699580945
00-0039064,2024_03_BAL_DAL,2024,3,5.300000000000001,14.067413995981276,3,13.53993822617008,14.07187111041128
00-0039067,2024_03_KC_ATL,2024,3,29.1,15.529970591124,3,15.062534673235252,15.424271306507013
00-0039146,2024_03_GB_TEN,2024,3,10.9,8.95865048563818,3,10.421051774142576,8.932001662118816
00-0039337,2024_03_NYG_CLE,2024,3,28.200000000000003,15.967737058962632,3,14.964220918350817,15.933822713114694
00-0039342,2024_03_CAR_LV,2024,3,6.2,7.745695858301479,3,8.481245715321247,7.938417873042165
00-0039355,2024_03_WAS_CIN,2024,3,7.4,4.918126806452004,3,5.367552052053221,5.3559666575760065
00-0039751,2024_03_SF_LA,2024,3,5.800000000000001,5.006372110313649,3,5.489372082583975,5.431902365252371
00-0039849,2024_03_DET_ARI,2024,3,17.4,14.90390418997875,3,15.214376640032793,14.6934174063095
00-0039855,2024_03_DEN_TB,2024,3,1.6,7.728075985111049,3,8.12321655590906,7.986350776842757
00-0039893,2024_03_JAX_BUF,2024,3,9.8,10.441060332106156,3,11.308804954697472,10.426699808211223
00-0039894,2024_03_KC_ATL,2024,3,5.0,8.868953197912791,3,9.579848532478854,8.990453986837485
00-0039907,2024_03_NE_NYJ,2024,3,3.3,5.179388827052701,3,5.610179017523445,5.603102266032235
00-0039915,2024_03_LAC_PIT,2024,3,7.4,8.915430639908834,3,9.675446244332912,9.02450424776038
00-0039919,2024_03_CHI_IND,2024,3,23.4,8.786006133528133,3,9.221283335588646,8.965222637433538
00-0030279,2024_04_LA_CHI,2024,4,4.9,9.758935802905736,3,10.32285729493932,9.848101837407713
00-0030431,2024_04_JAX_HOU,2024,4,2.0,8.023996163966714,3,8.0602812240914,8.330129924088649
00-0031236,2024_04_DAL_NYG,2024,4,2.6,10.344569760751503,3,10.590639815448297,10.45427007340841
00-0031408,2024_04_PHI_TB,2024,4,23.4,13.06825239015711,3,12.340411637744266,13.17809259608879
00-0031544,2024_04_CLE_LV,2024,4,7.5,13.197701957544842,3,12.563992415159923,13.280999333545326
00-0031549,2024_04_BUF_BAL,2024,4,3.0,4.380743983211542,3,5.146923409300818,4.794997366028207
00-0031588,2024_04_JAX_HOU,2024,4,18.5,15.265429098492929,3,13.946254739686731,15.338642526495748
00-0032211,2024_04_SEA_DET,2024,4,11.1,10.046657945698476,3,9.876048100421889,10.255267200061391
00-0032385,2024_04_PHI_TB,2024,4,8.100000000000001,7.004596763427448,3,7.581242699649549,7.277429007290872
00-0032775,2024_04_LA_CHI,2024,4,5.7,8.196907148061825,3,8.280972702491992,8.482325701876935
00-0033009,2024_04_TEN_MIA,2024,4,5.1,4.779234531490403,3,5.244849341383746,5.223396364968725
00-0033040,2024_04_TEN_MIA,2024,4,8.2,13.058763612268125,3,12.224959880806905,13.18927965623831
00-0033282,2024_04_BUF_BAL,2024,4,3.5,5.596677166805566,3,5.203577500750587,6.147976201926223
00-0033375,2024_04_SEA_DET,2024,4,7.2,4.57677322022109,3,5.487194719805539,4.950511271171579
00-0033536,2024_04_DEN_NYJ,2024,4,10.7,5.290516703022602,3,5.872258036778734,5.678181895841112
00-0033555,2024_04_BUF_BAL,2024,4,1.5,6.116079064685548,3,6.688562755776854,6.449722961744415
00-0033591,2024_04_WAS_ARI,2024,4,5.6,7.885084787244173,3,9.168577871024867,7.964788583701541
00-0033921,2024_04_PHI_TB,2024,4,12.9,16.844285910747843,3,14.639821700290728,16.978223166148553
00-0033943,2024_04_DEN_NYJ,2024,4,0.0,6.237403291273417,3,5.966752906883783,6.7222655055854625
00-0034272,2024_04_BUF_BAL,2024,4,0.0,4.3101828928003965,3,5.167888356870006,4.7118979308311815
00-0034348,2024_04_DEN_NYJ,2024,4,15.0,11.415339515728657,3,11.01817637635382,11.574321421704132
00-0034386,2024_04_KC_LAC,2024,4,4.7,6.223078665673456,3,5.963136769644822,6.70688390037269
00-0034407,2024_04_NO_ATL,2024,4,11.2,10.223696018033587,3,10.839128457779326,10.27172535532826
00-0034521,2024_04_DEN_NYJ,2024,4,10.8,10.59592335994095,3,10.994358674223582,10.65983496834964
00-0034646,2024_04_MIN_GB,2024,4,0.0,4.354658200711284,3,4.72149019060509,4.846179938421084
00-0034775,2024_04_JAX_HOU,2024,4,19.1,10.512705632677292,3,10.618971894840389,10.637480584862086
00-0034827,2024_04_LA_CHI,2024,4,11.2,9.8569474323388,3,11.833443299616723,9.67241150695549
00-0034837,2024_04_TEN_MIA,2024,4,2.5,7.980959778490568,3,8.425963165972618,8.212723010144249
00-0034960,2024_04_CLE_LV,2024,4,9.9,11.67126760945199,3,12.13029232406326,11.651077422324354
00-0035216,2024_04_CIN_CAR,2024,4,21.3,14.167609439857706,3,13.770825202432164,14.14058741921625
00-0035406,2024_04_DEN_NYJ,2024,4,0.0,8.128135245716518,3,8.70004849591277,8.325960575222027
00-0035500,2024_04_WAS_ARI,2024,4,7.800000000000001,9.746835177841534,3,10.634756520715577,9.77555882562634
00-0035535,2024_04_DAL_NYG,2024,4,8.600000000000001,8.254927906681454,3,8.133709074126882,8.57524069360609
00-0035639,2024_04_PHI_TB,2024,4,11.7,9.044381533833231,3,9.95384734613432,9.11648663155383
00-0035640,2024_04_SEA_DET,2024,4,15.4,16.000653134420503,3,14.739576078710876,16.01321311061317
00-0035659,2024_04_WAS_ARI,2024,4,18.2,11.547450933334027,3,11.208931104982474,11.686420014475836
00-0035719,2024_04_NE_SF,2024,4,10.2,16.662641611721746,3,15.499382778148602,16.61198545405908
00-0036196,2024_04_JAX_HOU,2024,4,0.8,7.010860729226995,3,9.038391351069006,7.008945643541173
00-0036252,2024_04_PIT_IND,2024,4,17.3,11.604480877001626,3,11.88264239391845,11.622999010048591
00-0036259,2024_04_NE_SF,2024,4,11.8,11.272260419913462,3,10.343035237644958,11.541507122531485
00-0036261,2024_04_NE_SF,2024,4,6.800000000000001,11.03840600460418,3,10.776549176688505,11.197269155220926
00-0036309,2024_04_NO_ATL,2024,4,8.600000000000001,13.047480290035464,3,13.36478579433266,12.961114087388037
00-0036322,2024_04_MIN_GB,2024,4,20.5,14.79522596077422,3,12.243806134481778,15.133189653009548
00-0036345,2024_04_NE_SF,2024,4,1.3,6.692806458447644,3,6.707883500781143,7.09287991968448
00-0036358,2024_04_DAL_NYG,2024,4,23.6,14.741020432953631,3,12.99197934148208,14.930937302371724
00-0036407,2024_04_CLE_LV,2024,4,13.2,11.3913902265322,3,9.781305702499385,11.781321605425772
00-0036410,2024_04_CIN_CAR,2024,4,12.0,8.704403419547674,3,9.338328528240648,8.851573576410656
00-0036415,2024_04_PIT_IND,2024,4,4.1,8.33580942923463,3,8.254173298161335,8.643174137288899
00-0036527,2024_04_CLE_LV,2024,4,7.8,3.076359200602508,3,3.36965710465103,3.668141040311074
00-0036550,2024_04_BUF_BAL,2024,4,3.3000000000000003,7.97624152694147,3,8.35393572101409,8.221049904114313
00-0036554,2024_04_JAX_HOU,2024,4,33.1,16.458598773882706,3,13.996846870166465,16.66723784162305
00-0036613,2024_04_TEN_MIA,2024,4,7.6,9.99435917901802,3,9.985758260157873,10.175869897717687
00-0036849,2024_04_LA_CHI,2024,4,12.2,12.482198360691529,3,12.224394475853613,12.542758401768689
00-0036900,2024_04_CIN_CAR,2024,4,17.5,14.057394541653167,3,13.627743514971266,14.044032442268865
00-0036963,2024_04_SEA_DET,2024,4,20.78,15.78146216387904,3,15.319582537804322,15.65772257137769
00-0036980,2024_04_CLE_LV,2024,4,2.1,7.968799829541561,3,8.27968071410801,8.226743578668273
00-0036988,2024_04_KC_LAC,2024,4,6.6,8.151428720937737,3,8.128512738031153,8.46014701134243
00-0037238,2024_04_NO_ATL,2024,4,12.4,14.069091325380352,3,14.18445454281306,13.95189116909263
00-0037239,2024_04_NO_ATL,2024,4,16.700000000000003,13.58383045225792,3,12.62806208130474,13.701935400176328
00-0037240,2024_04_SEA_DET,2024,4,16.0,14.00649365785023,3,13.511031412976571,14.009013389126622
00-0037247,2024_04_PIT_IND,2024,4,16.3,13.057013419801237,3,12.584109288504902,13.119411070677668
00-0037261,2024_04_BUF_BAL,2024,4,10.2,10.962084168234236,3,9.647939808299702,11.32506323073014
00-0037545,2024_04_NO_ATL,2024,4,17.700000000000003,11.507636506273077,3,11.456660500606032,11.594928310463146
00-0037664,2024_04_PIT_IND,2024,4,1.9,10.58349039602554,3,9.825223447266277,10.866943922415864
00-0037666,2024_04_DAL_NYG,2024,4,5.4,9.299600571434675,3,9.440117583806948,9.499852105677933
00-0037740,2024_04_DEN_NYJ,2024,4,7.1000000000000005,13.298604544409388,3,12.209621651274862,13.461165572397332
00-0037741,2024_04_PHI_TB,2024,4,3.1,7.702281324746956,3,7.920224390527379,7.995802090994895
00-0037742,2024_04_TEN_MIA,2024,4,2.3,4.135763992459038,3,4.511391975001459,4.6404102514383245
00-0037816,2024_04_MIN_GB,2024,4,7.9,9.904780538617553,3,9.835674610916053,10.10378273692065
00-0037837,2024_04_PIT_IND,2024,4,2.7,6.674461025300932,3,6.9870797139696625,7.019516525022425
00-0038117,2024_04_DAL_NYG,2024,4,18.1,11.291457565012713,3,11.687915756613602,11.308755501958322
00-0038393,2024_04_MIN_GB,2024,4,24.8,7.797277399552399,3,7.950772870163434,8.096565959472946
00-0038543,2024_04_SEA_DET,2024,4,13.1,13.90899927473922,3,14.117568487002924,13.784991489550784
00-0038544,2024_04_KC_LAC,2024,4,2.3,11.445085217446767,3,12.057546533503062,11.4111641743587
00-0038559,2024_04_WAS_ARI,2024,4,4.800000000000001,10.513343675207096,3,10.458859092922978,10.66846928356017
00-0038563,2024_04_CLE_LV,2024,4,15.4,10.220616045882325,3,10.5985454071294,10.313759043683625
00-0038619,2024_04_CIN_CAR,2024,4,3.9,11.308459529150468,3,10.822247599219269,11.491498603010845
00-0038621,2024_04_NE_SF,2024,4,4.3,9.217260962548666,3,9.32299989286748,9.42965065085387
00-0038994,2024_04_MIN_GB,2024,4,22.9,7.383855940696289,3,8.232048280092028,7.579724672025934
00-0038997,2024_04_PIT_IND,2024,4,22.200000000000003,8.076512007815008,3,9.105977632294517,8.191313667270895
00-0039062,2024_04_CIN_CAR,2024,4,5.4,8.83019557842329,3,7.825932509642617,9.27860605170381
00-0039064,2024_04_BUF_BAL,2024,4,2.0,12.54753469807114,3,11.989974187615491,12.66035697854216
00-0039146,2024_04_MIN_GB,2024,4,27.1,13.502566244043138,3,13.17316016124682,13.507732428676256
00-0039236,2024_04_PHI_TB,2024,4,0.0,5.93276759459673,3,6.317134834874148,6.314363153964377
00-0039337,2024_04_DAL_NYG,2024,4,23.1,18.138795619981884,3,17.276625688795594,17.931488436654135
00-0039342,2024_04_CIN_CAR,2024,4,19.6,9.154321410616308,3,9.089363455862598,9.40323733653302
00-0039355,2024_04_WAS_ARI,2024,4,2.7,5.655798095457119,3,6.636648132029714,5.943325380455611
00-0039623,2024_04_NO_ATL,2024,4,1.6,4.138426207648788,3,4.294839479691002,4.684340358328514
00-0039751,2024_04_LA_CHI,2024,4,12.2,7.9923546663967695,3,8.299165617795985,8.249476662879065
00-0039849,2024_04_WAS_ARI,2024,4,15.5,15.07120070915343,3,13.594659596593312,15.18728934308488
00-0039893,2024_04_JAX_HOU,2024,4,21.9,11.61168023033718,3,10.107874831997906,11.966635113207849
00-0039894,2024_04_KC_LAC,2024,4,16.3,9.461773577381688,3,9.14493639462518,9.737543013516255
00-0039901,2024_04_BUF_BAL,2024,4,8.100000000000001,7.655758643277137,3,8.07022035455645,7.915265783899139
00-0039907,2024_04_NE_SF,2024,4,6.0,8.507963621362586,3,8.176258941488344,8.850979674773624
00-0039915,2024_04_KC_LAC,2024,4,17.7,10.09566894449183,3,10.49407299526256,10.193381640252031
00-0039919,2024_04_LA_CHI,2024,4,2.0,11.589971773864994,3,12.09050651388024,11.567425151593245
00-0030279,2024_05_CAR_CHI,2024,5,6.300000000000001,10.971010729595069,3,11.883646564074414,10.912361140034143
00-0031408,2024_05_TB_ATL,2024,5,23.2,15.15575797373629,3,14.094709939835225,15.18757543797978
00-0031544,2024_05_CLE_WAS,2024,5,10.0,13.245153864404566,3,12.772815326517724,13.294734564711488
00-0031549,2024_05_BAL_CIN,2024,5,1.4,4.177991874289401,3,4.943869806752492,4.605999378619803
00-0031588,2024_05_BUF_HOU,2024,5,14.2,16.371700293946176,3,14.544182342466884,16.466292902346492
00-0032211,2024_05_NYG_SEA,2024,5,11.5,11.36474514054693,3,10.56345728315002,11.603554361796146
00-0032385,2024_05_TB_ATL,2024,5,7.4,8.093839482005965,3,9.099189940854352,8.212030111012716
00-0032775,2024_05_GB_LA,2024,5,11.8,9.770287137107681,3,9.976243225596562,9.926368170721444
00-0033040,2024_05_MIA_NE,2024,5,12.9,14.202780975052082,3,13.812091631274209,14.172230522755818
00-0033282,2024_05_BUF_HOU,2024,5,0.9,6.131228612723377,3,7.397871156249233,6.332601872465052
00-0033536,2024_05_NYJ_MIN,2024,5,4.5,7.705500333219522,3,7.422725625459435,8.093476207077618
00-0033555,2024_05_BUF_HOU,2024,5,4.7,5.6120725862068115,3,6.057424840134656,6.003802347235066
00-0033589,2024_05_CAR_CHI,2024,5,3.3,3.744136087716571,3,3.329202289487112,4.4247136076062
00-0033857,2024_05_NO_KC,2024,5,20.0,7.141038517015072,3,7.939367553969243,7.36273885681768
00-0033921,2024_05_TB_ATL,2024,5,11.6,16.445229331486637,3,14.298971352507625,16.595119975774818
00-0033943,2024_05_LV_DEN,2024,5,7.9,5.709975313827075,3,6.263133034126274,6.074707980053547
00-0034272,2024_05_BUF_HOU,2024,5,0.0,4.037091649691979,3,4.6277247146377745,4.5077520050629465
00-0034348,2024_05_LV_DEN,2024,5,5.2,11.76422622763812,3,11.116241916516817,11.947062441984947
00-0034407,2024_05_TB_ATL,2024,5,12.6,10.824530214867218,3,11.072895022957384,10.901372452129833
00-0034521,2024_05_NYJ_MIN,2024,5,13.4,11.651829635663258,3,11.032110436450498,11.836914721910633
00-0034775,2024_05_IND_JAX,2024,5,12.8,9.58620403573022,3,9.512414807989591,9.807613470176024
00-0034827,2024_05_CAR_CHI,2024,5,27.5,10.752870531294839,3,12.950539235201852,10.465991674385306
00-0034960,2024_05_LV_DEN,2024,5,13.2,12.343568129268355,3,12.403966152302807,12.3533298535524
00-0035208,2024_05_CLE_WAS,2024,5,2.0,5.395381317471879,3,6.1959042282609404,5.734596432616185
00-0035216,2024_05_CAR_CHI,2024,5,5.9,13.313123247362087,3,11.69835237295319,13.574116138424849
00-0035406,2024_05_LV_DEN,2024,5,6.800000000000001,5.307553230667565,3,5.980535632388446,5.676816216289421
00-0035500,2024_05_ARI_SF,2024,5,1.7000000000000002,6.429848886833931,3,6.776974724274502,6.784905003880425
00-0035535,2024_05_NYG_SEA,2024,5,26.200000000000003,8.781098139935143,3,9.03732571384355,8.994499786963985
00-0035640,2024_05_NYG_SEA,2024,5,7.5,15.715903493971195,3,14.387656046357392,15.760400166291108
00-0035659,2024_05_CLE_WAS,2024,5,13.4,11.867050612043402,3,11.572006014791995,11.97620880078348
00-0035719,2024_05_ARI_SF,2024,5,3.0,16.217702210194233,3,16.331170349458024,15.95570885389364
00-0036196,2024_05_IND_JAX,2024,5,4.800000000000001,6.3871843905119725,3,8.573038472440171,6.397467564621572
00-0036252,2024_05_IND_JAX,2024,5,14.7,13.845829317087942,3,13.860555548821935,13.762739653109012
00-0036259,2024_05_ARI_SF,2024,5,2.3,11.217597765291837,3,9.976991929161406,11.549411154790224
00-0036261,2024_05_ARI_SF,2024,5,22.700000000000003,11.62214654539294,3,12.207650059892568,11.581360962900831
00-0036309,2024_05_TB_ATL,2024,5,31.5,12.16078884168321,3,11.745028069436849,12.272927513040296
00-0036322,2024_05_NYJ_MIN,2024,5,15.2,14.800844325749264,3,13.268100545936615,14.945823596780157
00-0036358,2024_05_DAL_PIT,2024,5,11.4,15.144119900549597,3,13.20306293637308,15.343110146112952
00-0036407,2024_05_CLE_WAS,2024,5,2.6,13.842381367840062,3,14.231696489717436,13.688699719440436
00-0036410,2024_05_BAL_CIN,2024,5,29.3,12.184774500684881,3,12.95524613200994,12.071007426997172
00-0036415,2024_05_DAL_PIT,2024,5,5.6,7.972981156961497,3,7.354069129110555,8.406441834906932
00-0036527,2024_05_LV_DEN,2024,5,2.7,6.750061357178836,3,6.1445767689386654,7.263598802188884
00-0036550,2024_05_BAL_CIN,2024,5,15.8,6.87559843568323,3,7.529524045380031,7.142533732573925
00-0036613,2024_05_MIA_NE,2024,5,8.600000000000001,10.978925242944639,3,10.233521864680226,11.23323261845464
00-0036626,2024_05_CLE_WAS,2024,5,13.7,6.019868665245065,3,7.32596968217634,6.221304394884726
00-0036849,2024_05_GB_LA,2024,5,12.5,12.738190366439778,3,13.607876503877044,12.56827788724277
00-0036900,2024_05_BAL_CIN,2024,5,41.3,14.228423250503269,3,13.795477721688924,14.204130043206256
00-0036980,2024_05_CLE_WAS,2024,5,4.1,7.891984495439791,3,8.716029323252089,8.058091765130175
00-0037238,2024_05_TB_ATL,2024,5,33.4,13.526437138603944,3,12.611834626870747,13.640635965914218
00-0037239,2024_05_NO_KC,2024,5,3.0,14.024542097801685,3,13.161230815920588,14.09539313398322
00-0037247,2024_05_DAL_PIT,2024,5,5.6,11.947912620752728,3,12.267369866943136,11.935421949450989
00-0037382,2024_05_DAL_PIT,2024,5,1.9,4.450823808648547,3,5.075130686393205,4.887167250456176
00-0037545,2024_05_NO_KC,2024,5,18.6,12.799354354518428,3,11.869184480559218,12.965615349382574
00-0037664,2024_05_IND_JAX,2024,5,22.4,9.755867422984021,3,9.12610512553162,10.070934976522777
00-0037666,2024_05_DAL_PIT,2024,5,21.700000000000003,9.260761408515512,3,9.624337461700735,9.421462158316617
00-0037740,2024_05_NYJ_MIN,2024,5,29.1,13.003515466033484,3,11.91986740679355,13.185002848406972
00-0037837,2024_05_DAL_PIT,2024,5,1.6,8.155734943874727,3,7.936504235600712,8.50128027810841
00-0038117,2024_05_NYG_SEA,2024,5,16.0,12.62828675790525,3,11.53634208155148,12.836691754839588
00-0038393,2024_05_GB_LA,2024,5,4.0,9.734042924719338,3,9.339307804669868,10.006147391429328
00-0038465,2024_05_GB_LA,2024,5,3.4000000000000004,7.939133820405319,3,7.981059829875194,8.249933983871813
00-0038543,2024_05_NYG_SEA,2024,5,13.1,13.095977470882014,3,12.002010201826694,13.273169583459511
00-0038559,2024_05_ARI_SF,2024,5,12.8,9.460343309375913,3,10.171311019542086,9.541878476666348
00-0038563,2024_05_LV_DEN,2024,5,4.6,11.791711325218566,3,11.474096855140674,11.910226502915116
00-0038608,2024_05_MIA_NE,2024,5,5.4,5.289669262515954,3,5.442267156235441,5.758531450566927
00-0038618,2024_05_BUF_HOU,2024,5,5.1,7.493569726033423,3,7.095885022994252,7.917589239299071
00-0038619,2024_05_BAL_CIN,2024,5,4.9,9.374616142775603,3,8.932454695021063,9.679969109317335
00-0038621,2024_05_MIA_NE,2024,5,11.9,7.999126212163851,3,7.960103895346986,8.321178731916174
00-0038640,2024_05_DAL_PIT,2024,5,2.0,4.105190073517848,3,4.5207542130438565,4.604350905825316
00-0038977,2024_05_BUF_HOU,2024,5,7.300000000000001,9.078249419946589,3,10.32898433394922,9.083541521764795
00-0038994,2024_05_NYJ_MIN,2024,5,6.6,11.285000921769704,3,11.013799338893998,11.428971959167583
00-0038997,2024_05_IND_JAX,2024,5,15.9,11.78332307696422,3,11.228949022718608,11.947169945713483
00-0039062,2024_05_CAR_CHI,2024,5,5.7,6.4922158173361195,3,6.5263492980043845,6.902237303855504
00-0039064,2024_05_BAL_CIN,2024,5,19.0,12.617085516689132,3,12.72457716187299,12.599465340176964
00-0039146,2024_05_GB_LA,2024,5,13.7,14.488601692140731,3,14.228719721130256,14.41401010554338
00-0039342,2024_05_CAR_CHI,2024,5,1.8,8.195875348267148,3,7.953924482378978,8.543004742891029
00-0039355,2024_05_CLE_WAS,2024,5,4.9,6.801245718548509,3,7.521268777406608,7.060706695524028
00-0039491,2024_05_CAR_CHI,2024,5,10.8,4.829131174368768,3,5.843061502298894,5.166250137969368
00-0039623,2024_05_NO_KC,2024,5,1.2,3.967413005137206,3,3.914812302545093,4.564399169148697
00-0039751,2024_05_GB_LA,2024,5,15.9,9.622392829505857,3,9.44515610523468,9.860916697336458
00-0039849,2024_05_ARI_SF,2024,5,5.6,14.059605413281332,3,13.51427926475957,14.06796508161386
00-0039893,2024_05_IND_JAX,2024,5,23.200000000000003,12.429894851749838,3,12.18967986441622,12.490662709283708
00-0039894,2024_05_NO_KC,2024,5,11.8,9.819074700177056,3,10.234696451135411,9.932217576016477
00-0039901,2024_05_BUF_HOU,2024,5,11.9,6.670914403767834,3,7.5360318239516175,6.911746509878464
00-0039907,2024_05_MIA_NE,2024,5,2.3,8.340548714413497,3,7.205957357269683,8.846679414406147
00-0039919,2024_05_CAR_CHI,2024,5,9.0,9.96717889084427,3,10.6090581011668,10.02753710428919
00-0030279,2024_06_JAX_CHI,2024,6,21.1,10.775630151837179,3,10.698262720345978,10.917363286134242
00-0030564,2024_06_IND_TEN,2024,6,9.4,8.282627480433858,3,8.905740866388122,8.46033533593673
00-0031408,2024_06_TB_NO,2024,6,5.4,11.946779189294784,3,10.461066005651968,12.275675372003048
00-0031544,2024_06_CLE_PHI,2024,6,8.2,12.887542066220606,3,12.4453326137447,12.955584963084243
00-0031549,2024_06_WAS_BAL,2024,6,3.5,4.942051026210044,3,5.605405878032808,5.337826187334862
00-0031588,2024_06_HOU_NE,2024,6,19.7,13.794777241673799,3,13.907138995054863,13.69667613953362
00-0032211,2024_06_SF_SEA,2024,6,16.5,11.36337403758168,3,11.072338442070857,11.50580059300087
00-0032385,2024_06_TB_NO,2024,6,8.4,8.154861555058607,3,8.66711818725813,8.36216086114016
00-0032464,2024_06_DET_DAL,2024,6,11.3,4.310221770753577,3,4.646737402456878,4.810477481489299
00-0033009,2024_06_IND_TEN,2024,6,4.9,6.187475567812086,3,6.6095814017168735,6.544728704774457
00-0033282,2024_06_BUF_NYJ,2024,6,7.4,3.9998188983052883,3,4.469443395818407,4.495876790543036
00-0033307,2024_06_HOU_NE,2024,6,2.9,4.272600023563252,3,4.7287156358300955,4.752784095279996
00-0033375,2024_06_DET_DAL,2024,6,9.8,4.5676031307531915,3,4.954509368025167,5.040943652893129
00-0033536,2024_06_BUF_NYJ,2024,6,0.0,4.924434292685531,3,5.969325345965886,5.249261101490359
00-0033555,2024_06_BUF_NYJ,2024,6,7.8,5.747634590596384,3,5.783819913600974,6.207569040568695
00-0033591,2024_06_WAS_BAL,2024,6,9.8,6.60909798098014,3,6.859909678093771,6.970255222742892
00-0033921,2024_06_TB_NO,2024,6,35.5,16.43268149078296,3,14.810341148436995,16.484360761484144
00-0034348,2024_06_LAC_DEN,2024,6,15.3,11.692998451667346,3,11.235146387138355,11.844697517389667
00-0034407,2024_06_ATL_CAR,2024,6,4.300000000000001,12.623157459446483,3,12.041988147189087,12.735334774243018
00-0034418,2024_06_TB_NO,2024,6,4.800000000000001,4.505232827436567,3,4.634782962700801,5.03144611134507
00-0034521,2024_06_BUF_NYJ,2024,6,23.4,11.01025464213691,3,11.400062832879994,11.047806857914331
00-0034775,2024_06_JAX_CHI,2024,6,6.9,11.458078848767506,3,11.1677414313434,11.593975520927216
00-0034827,2024_06_JAX_CHI,2024,6,6.0,10.839367097934403,3,11.86586286347428,10.768082902203842
00-0034837,2024_06_IND_TEN,2024,6,0.9,10.008742562650237,3,10.351869724269651,10.122779062067757
00-0035208,2024_06_WAS_BAL,2024,6,6.7,4.869141104000867,3,5.201380892719192,5.33244692213094
00-0035216,2024_06_ATL_CAR,2024,6,19.8,13.982524485413833,3,13.470262972637991,13.989839777608042
00-0035406,2024_06_LAC_DEN,2024,6,1.8,4.20433059462263,3,4.646552614783301,4.691753587482635
00-0035500,2024_06_ARI_GB,2024,6,4.6,6.321517247004298,3,7.434064223660664,6.539170793653122
00-0035535,2024_06_CIN_NYG,2024,6,11.7,10.260542670656822,3,9.624197383380924,10.54276106466678
00-0035602,2024_06_PIT_LV,2024,6,6.1,3.838774707806433,3,3.8217574921299136,4.437723255637989
00-0035640,2024_06_SF_SEA,2024,6,7.800000000000001,15.569766905488217,3,15.40002286899096,15.40509343124438
00-0035659,2024_06_WAS_BAL,2024,6,23.3,15.910990566669623,3,15.92236413662521,15.689020815144426
00-0035676,2024_06_CLE_PHI,2024,6,23.6,15.221018127468243,3,14.430345223173113,15.19730604732574
00-0035719,2024_06_SF_SEA,2024,6,20.700000000000003,14.050794187167316,3,14.056754424470462,13.955515340106356
00-0036183,2024_06_PIT_LV,2024,6,9.8,3.5771655466757872,3,3.771609252657682,4.15380565464987
00-0036196,2024_06_JAX_CHI,2024,6,21.5,5.945928401207147,3,7.728846829177147,6.062205597204373
00-0036252,2024_06_IND_TEN,2024,6,12.5,12.046510811705971,3,12.303654127968793,12.039141169578675
00-0036259,2024_06_SF_SEA,2024,6,5.7,9.3022377085369,3,8.355671901988371,9.707849878238052
00-0036261,2024_06_SF_SEA,2024,6,5.7,13.807476693037069,3,14.356565357430451,13.625944086431588
00-0036309,2024_06_ATL_CAR,2024,6,6.800000000000001,14.830144170717043,3,14.722751287926773,14.703647669186996
00-0036358,2024_06_DET_DAL,2024,6,16.1,15.204396360390023,3,14.005433645963723,15.25900405220734
00-0036407,2024_06_CLE_PHI,2024,6,4.5,11.718594870448523,3,12.093725726884104,11.711069567565133
00-0036410,2024_06_CIN_NYG,2024,6,14.7,14.623146607015173,3,13.85998377470194,14.634622890526687
00-0036527,2024_06_PIT_LV,2024,6,5.7,5.389040696754319,3,5.568410143569788,5.846127953320434
00-0036550,2024_06_WAS_BAL,2024,6,11.1,8.87922344895281,3,8.825556656276943,9.14458902470348
00-0036646,2024_06_LAC_DEN,2024,6,6.4,4.94556146920595,3,4.9307696344401215,5.469319193983585
00-0036900,2024_06_CIN_NYG,2024,6,12.2,14.820762720575665,3,13.23958061845485,14.973554798635124
00-0036912,2024_06_CLE_PHI,2024,6,15.4,14.54737528827685,3,14.29968314859506,14.46650841719146
00-0036963,2024_06_DET_DAL,2024,6,13.7,12.744685361448388,3,12.02488164270215,12.874864862593029
00-0036980,2024_06_CLE_PHI,2024,6,1.3,6.771150935439182,3,7.653113925876327,7.002026410038043
00-0036988,2024_06_LAC_DEN,2024,6,5.800000000000001,4.55320801254021,3,4.795542682735362,5.054855694604266
00-0037238,2024_06_ATL_CAR,2024,6,19.4,15.510810827661432,3,15.297755079095364,15.358309295322684
00-0037240,2024_06_DET_DAL,2024,6,17.700000000000003,12.474273245113011,3,11.958784841171454,12.58409004509942
00-0037247,2024_06_PIT_LV,2024,6,8.3,11.516128138809378,3,10.448803360331931,11.79501112323922
00-0037261,2024_06_BUF_NYJ,2024,6,3.9,7.942999633116855,3,7.376366360161634,8.368601203689217
00-0037545,2024_06_TB_NO,2024,6,8.3,14.16779032628717,3,13.130541209221995,14.261851161425408
00-0037664,2024_06_IND_TEN,2024,6,0.0,9.831674307738085,3,10.227215397420988,9.94776273004511
00-0037666,2024_06_DET_DAL,2024,6,8.3,12.817382465862618,3,13.092921628643555,12.754457664201826
00-0037740,2024_06_BUF_NYJ,2024,6,24.700000000000003,13.985112709491348,3,14.423135107548926,13.812579439948992
00-0037741,2024_06_CLE_PHI,2024,6,3.3000000000000003,4.090309006682165,3,4.750331468267146,4.544254500279921
00-0037801,2024_06_DET_DAL,2024,6,5.0,5.550422152445949,3,6.8737363683922394,5.7803172368092905
00-0037816,2024_06_ARI_GB,2024,6,19.9,8.903625683741707,3,8.818800519466778,9.173233971808187
00-0037837,2024_06_PIT_LV,2024,6,5.6,4.763844289582988,3,4.917342415161514,5.26805888770954
00-0038117,2024_06_CIN_NYG,2024,6,10.0,14.366703036609298,3,13.622165726653703,14.391982019547124
00-0038124,2024_06_ARI_GB,2024,6,15.8,7.222351397208798,3,8.21399876905847,7.402007149627713
00-0038543,2024_06_SF_SEA,2024,6,10.3,13.022429512974085,3,13.322138892359208,12.941082604819831
00-0038544,2024_06_LAC_DEN,2024,6,5.2,6.981475205501382,3,6.286377336070201,7.496322777899033
00-0038559,2024_06_ARI_GB,2024,6,10.1,10.724757429769303,3,10.360728497773028,10.92412747612751
00-0038563,2024_06_PIT_LV,2024,6,0.0,10.776914084954742,3,11.1807849893127,10.827570960718672
00-0038608,2024_06_HOU_NE,2024,6,14.9,7.147838736778253,3,6.703887793611019,7.603962175136372
00-0038618,2024_06_HOU_NE,2024,6,0.0,4.956739608769899,3,5.202049110339472,5.430563856803166
00-0038619,2024_06_CIN_NYG,2024,6,5.6,7.022386776616991,3,6.861119091059126,7.433537270426427
00-0038621,2024_06_HOU_NE,2024,6,21.200000000000003,8.536545400859074,3,8.470966317910767,8.827313228265572
00-0038640,2024_06_DET_DAL,2024,6,2.5,6.9227457136674735,3,7.173291327942697,7.26276448539843
00-0038824,2024_06_TB_NO,2024,6,4.9,4.222388150849986,3,4.516614929038269,4.736573258416373
00-0038938,2024_06_CIN_NYG,2024,6,1.6,9.155169488791126,3,9.338610035380764,9.357062493880116
00-0038977,2024_06_HOU_NE,2024,6,18.7,8.378568700768904,3,8.511626385072113,8.642451806616227
00-0038979,2024_06_CLE_PHI,2024,6,-0.5,3.7934890549267877,3,4.387443133706954,4.279978305378675
00-0038997,2024_06_IND_TEN,2024,6,19.5,13.431023306277854,3,12.560466279961153,13.543340064669747
00-0039062,2024_06_ATL_CAR,2024,6,1.1,5.836634301733856,3,5.5007345206017275,6.360907803061695
00-0039064,2024_06_WAS_BAL,2024,6,22.4,14.16215644056889,3,14.906590979666124,13.91972832603751
00-0039146,2024_06_ARI_GB,2024,6,14.8,11.213753874712424,3,10.94120581084441,11.36279266021477
00-0039342,2024_06_ATL_CAR,2024,6,11.3,9.342027350177334,3,9.664364444425294,9.505035303091343
00-0039355,2024_06_WAS_BAL,2024,6,1.5,5.436755939596869,3,5.390364484042317,5.933305199354682
00-0039386,2024_06_TB_NO,2024,6,15.5,7.540711866386708,3,8.005249225724414,7.798523115591768
00-0039424,2024_06_LAC_DEN,2024,6,11.8,8.093470113308962,3,8.693353998434619,8.288348767806186
00-0039491,2024_06_ATL_CAR,2024,6,6.0,7.848486401334702,3,7.896080798798402,8.164338596651806
00-0039521,2024_06_ARI_GB,2024,6,0.0,6.578659957537317,3,7.394701437258318,6.835003373484726
00-0039623,2024_06_TB_NO,2024,6,2.5,3.9072462537952157,3,4.690043600193307,4.350345226793839
00-0039868,2024_06_LAC_DEN,2024,6,11.6,6.172374016071409,3,7.108889453516422,6.43338601705644
00-0039893,2024_06_JAX_CHI,2024,6,5.7,14.363193742349202,3,12.435953974734522,14.612327749491197
00-0039901,2024_06_BUF_NYJ,2024,6,5.6,6.2294446838453625,3,7.454751489598621,6.431998362462611
00-0039907,2024_06_HOU_NE,2024,6,1.4,6.312914345462584,3,6.184140012405459,6.765850304211742
00-0039915,2024_06_LAC_DEN,2024,6,8.3,9.39342469046888,3,9.829661212728904,9.53142505751864
00-0039919,2024_06_JAX_CHI,2024,6,6.0,10.151934595639249,3,9.983790915615277,10.352965495931214
00-0030564,2024_07_TEN_BUF,2024,7,0.8,7.324041344664357,3,7.51649433754687,7.647933985497039
00-0031381,2024_07_NYJ_PIT,2024,7,6.0,13.878419215246506,3,14.307351794880772,13.714812374806217
00-0031544,2024_07_TEN_BUF,2024,7,16.6,7.809860606962985,3,8.052530220153681,8.0914386093567
00-0031549,2024_07_BAL_TB,2024,7,3.0,4.6728191797952485,3,5.406892022243828,5.073411648207383
00-0031588,2024_07_HOU_GB,2024,7,7.300000000000001,16.242048461458246,3,15.114941772468352,16.212970464993983
00-0032128,2024_07_KC_SF,2024,7,0.0,6.307357020364424,3,6.100931806105274,6.775350150423353
00-0032211,2024_07_SEA_ATL,2024,7,8.5,9.725615944811027,3,8.607435382342349,10.13507422361621
00-0032385,2024_07_BAL_TB,2024,7,4.5,5.6819784202343975,3,6.726854376301225,5.955631449173471
00-0032775,2024_07_LV_LA,2024,7,1.9,9.17704378454262,3,10.06190798796413,9.244838271831863
00-0033009,2024_07_TEN_BUF,2024,7,9.3,4.727438197387351,3,5.776815635423037,5.064725012611981
00-0033040,2024_07_MIA_IND,2024,7,2.3,14.473538396025997,3,14.157259501104908,14.410627601189235
00-0033307,2024_07_NE_JAX,2024,7,2.4000000000000004,5.042176574454741,3,6.702380097147302,5.242709772239588
00-0033375,2024_07_DET_MIN,2024,7,4.5,5.615629638030932,3,6.664383079604104,5.8930317932360365
00-0033555,2024_07_TEN_BUF,2024,7,0.0,7.003512553922451,3,6.696810274927681,7.443435973541675
00-0033591,2024_07_CAR_WAS,2024,7,2.6,7.372680334045867,3,7.337007867972003,7.736419648973545
00-0033921,2024_07_BAL_TB,2024,7,13.5,19.06688581527699,3,18.29879356746557,18.779092973878587
00-0034386,2024_07_KC_SF,2024,7,1.8,7.470078351047235,3,7.366831545000578,7.840014379357312
00-0034407,2024_07_SEA_ATL,2024,7,2.9,11.301050910502145,3,12.187189300696597,11.225115104063978
00-0034418,2024_07_DEN_NO,2024,7,17.7,5.666935670473087,3,5.714100167579423,6.130245941648394
00-0034521,2024_07_NYJ_PIT,2024,7,9.8,9.785536783512823,3,9.889264122176852,9.959916382118378
00-0034775,2024_07_NE_JAX,2024,7,3.4000000000000004,8.230475100765716,3,7.300058447618269,8.705437861061538
00-0034837,2024_07_TEN_BUF,2024,7,7.2,10.377554497234918,3,10.169242770884642,10.570938146281726
00-0035208,2024_07_CAR_WAS,2024,7,6.5,5.577987593808805,3,6.011518506147929,5.974255104831153
00-0035216,2024_07_CAR_WAS,2024,7,2.7,13.647559583551326,3,12.514149916609917,13.794946547902306
00-0035406,2024_07_DEN_NO,2024,7,3.2,4.481199845166447,3,5.214169622890063,4.894945905665507
00-0035535,2024_07_PHI_NYG,2024,7,2.1,11.482041244078767,3,12.21725015808876,11.422415255808948
00-0035602,2024_07_LV_LA,2024,7,0.0,4.9431111092979245,3,5.607920823585169,5.338539579218416
00-0035640,2024_07_SEA_ATL,2024,7,19.9,15.962550049389046,3,14.23739373775664,16.065429306897432
00-0035659,2024_07_CAR_WAS,2024,7,15.8,14.40021003590268,3,13.135372306181573,14.521600555332403
00-0035676,2024_07_PHI_NYG,2024,7,19.9,14.972897687597825,3,13.108353373138646,15.168988486078351
00-0036182,2024_07_TEN_BUF,2024,7,9.0,3.526681207463822,3,4.459329133453248,3.9671568181714902
00-0036196,2024_07_NE_JAX,2024,7,2.3,6.0365022360378955,3,7.428307985898618,6.22060975607171
00-0036252,2024_07_MIA_IND,2024,7,9.3,12.914745646136918,3,13.294585308276025,12.825522896465928
00-0036261,2024_07_KC_SF,2024,7,4.300000000000001,8.535435248645978,3,7.737417734217817,8.96476293057085
00-0036309,2024_07_SEA_ATL,2024,7,9.6,15.156847303930588,3,15.502476682695988,14.922625449632577
00-0036322,2024_07_DET_MIN,2024,7,21.4,16.773732439865313,3,15.228301802784904,16.787830076293112
00-0036345,2024_07_NE_JAX,2024,7,10.6,4.439205252531492,3,5.340143607310659,4.8240298555115295
00-0036407,2024_07_CIN_CLE,2024,7,2.8,9.931900019235687,3,9.143670507672317,10.265037503867552
00-0036410,2024_07_CIN_CLE,2024,7,18.200000000000003,15.005521251281388,3,14.697267145571956,14.905154557694008
00-0036415,2024_07_NYJ_PIT,2024,7,9.5,5.684773014872551,3,5.703044654951276,6.152341146691709
00-0036427,2024_07_LV_LA,2024,7,9.7,9.161324742193264,3,9.131992700788594,9.403031627319397
00-0036527,2024_07_LV_LA,2024,7,3.7,8.057696623873312,3,7.814759817552322,8.414347232773872
00-0036550,2024_07_BAL_TB,2024,7,22.1,9.830569012738188,3,10.244463074816322,9.94326203961137
00-0036613,2024_07_MIA_IND,2024,7,2.1,11.737135724234522,3,10.962188644768856,11.945807386629513
00-0036646,2024_07_LAC_ARI,2024,7,7.5,8.632074226501945,3,8.684484803842556,8.894079766972208
00-0036849,2024_07_LV_LA,2024,7,11.1,12.217270226561245,3,12.572315598083575,12.179854059633316
00-0036900,2024_07_CIN_CLE,2024,7,17.6,14.814510924168218,3,13.039509185524633,15.004371547654928
00-0036912,2024_07_PHI_NYG,2024,7,0.8,14.850685512955733,3,13.25944419781506,15.003358060315009
00-0036963,2024_07_DET_MIN,2024,7,25.200000000000003,15.254992486470185,3,13.96747057039168,15.32292632498899
00-0036980,2024_07_CIN_CLE,2024,7,10.1,5.9652379475043675,3,6.859900746051014,6.248156462188236
00-0036988,2024_07_LAC_ARI,2024,7,10.3,6.20431159437461,3,6.470675253676458,6.589874109026318
00-0037238,2024_07_SEA_ATL,2024,7,18.3,15.87090661870011,3,14.011722680436613,16.005318039406923
00-0037240,2024_07_DET_MIN,2024,7,0.6,13.282863706207213,3,12.701561632666465,13.350499022035088
00-0037247,2024_07_NYJ_PIT,2024,7,22.1,12.928193964712582,3,11.983711903971322,13.088457132076416
00-0037261,2024_07_TEN_BUF,2024,7,13.5,9.56336339566186,3,11.334582817729242,9.437473207593964
00-0037291,2024_07_DET_MIN,2024,7,11.6,9.523957604294262,3,10.245781668386,9.599142594486468
00-0037664,2024_07_MIA_IND,2024,7,3.5,9.340398114176637,3,8.379825041898469,9.746080726160976
00-0037740,2024_07_NYJ_PIT,2024,7,13.1,15.614781503561487,3,16.25020621665888,15.294830775401346
00-0037741,2024_07_PHI_NYG,2024,7,0.0,5.77256495782018,3,6.872181265113143,6.029748362921415
00-0037816,2024_07_HOU_GB,2024,7,17.4,10.257619563895028,3,9.92249997785135,10.483081568094004
00-0037837,2024_07_NYJ_PIT,2024,7,4.6,5.466431241351346,3,6.544801606775689,5.748312858253554
00-0038090,2024_07_KC_SF,2024,7,0.0,4.882758668951301,3,5.570655601045882,5.2778991209009005
00-0038117,2024_07_PHI_NYG,2024,7,8.3,14.511643160623715,3,13.892081457603709,14.503500969140717
00-0038124,2024_07_HOU_GB,2024,7,1.5,7.599302161008444,3,7.886086306239336,7.886763746557525
00-0038393,2024_07_HOU_GB,2024,7,13.8,6.658244906639889,3,6.698590826014341,7.055875526787554
00-0038543,2024_07_SEA_ATL,2024,7,5.300000000000001,13.27346407396095,3,12.245663651922758,13.42615549375763
00-0038559,2024_07_LAC_ARI,2024,7,2.5,10.349990918719877,3,10.169864533874716,10.539907544970012
00-0038563,2024_07_LV_LA,2024,7,7.7,10.505321460476257,3,11.283468169277686,10.503560323855186
00-0038606,2024_07_NE_JAX,2024,7,6.0,4.075055211744233,3,3.9845271570028262,4.671940566690059
00-0038608,2024_07_NE_JAX,2024,7,4.300000000000001,7.9151227163514335,3,7.139290527399727,8.382161556047402
00-0038618,2024_07_HOU_GB,2024,7,2.1,6.095215593362661,3,6.708656112335514,6.4225250829237925
00-0038619,2024_07_CIN_CLE,2024,7,0.0,7.2497412962730134,3,6.968539670717188,7.668208989066324
00-0038647,2024_07_KC_SF,2024,7,2.0,4.209958152447949,3,4.58964195720404,4.708825303009864
00-0038752,2024_07_SEA_ATL,2024,7,0.0,4.2910246516374055,3,5.587321474391311,4.611107844723211
00-0038977,2024_07_HOU_GB,2024,7,0.0,10.74792551411437,3,11.653377765253545,10.70570489125142
00-0038979,2024_07_CIN_CLE,2024,7,18.1,6.812968804819379,3,7.161493044804543,7.141878479979079
00-0038994,2024_07_DET_MIN,2024,7,9.6,12.66163813657965,3,13.291787047223249,12.54218741208872
00-0038997,2024_07_MIA_IND,2024,7,1.3,12.284813630402748,3,12.004765197156784,12.362914049422733
00-0039052,2024_07_BAL_TB,2024,7,2.6,8.635517482370359,3,8.28897913478636,8.972721166662346
00-0039064,2024_07_BAL_TB,2024,7,4.0,14.872437112292689,3,14.23961881941079,14.842427605304987
00-0039146,2024_07_HOU_GB,2024,7,3.0,14.893390353043076,3,13.812239287728431,14.94673327335926
00-0039337,2024_07_PHI_NYG,2024,7,8.100000000000001,18.5246007773749,3,19.9059267319748,17.867044041970477
00-0039342,2024_07_CAR_WAS,2024,7,2.9,10.812471353027778,3,11.176200070308107,10.868315955315424
00-0039386,2024_07_DEN_NO,2024,7,6.7,11.954448476011175,3,12.655265849470554,11.869411091636383
00-0039424,2024_07_DEN_NO,2024,7,3.0,7.800177573460333,3,7.75452391668783,8.13692407515318
00-0039491,2024_07_CAR_WAS,2024,7,2.0,6.222747887808789,3,7.199542075046523,6.47274117966645
00-0039623,2024_07_DEN_NO,2024,7,10.5,6.507366875799045,3,6.307724750815496,6.960565640575339
00-0039849,2024_07_LAC_ARI,2024,7,5.1,13.409693766377629,3,13.480103578231102,13.345539364532982
00-0039855,2024_07_BAL_TB,2024,7,5.6,6.027141024764641,3,6.221230498075513,6.438337619531104
00-0039868,2024_07_DEN_NO,2024,7,10.0,7.0436220877210385,3,8.283871146304872,7.188348028330417
00-0039880,2024_07_MIA_IND,2024,7,2.9,3.9201555089030293,3,3.846343048882157,4.52434478511889
00-0039893,2024_07_NE_JAX,2024,7,22.1,11.425558934271962,3,10.540531712285627,11.676092733181545
00-0039894,2024_07_KC_SF,2024,7,5.4,9.296070307252528,3,10.36445746604555,9.321124473978267
00-0039901,2024_07_TEN_BUF,2024,7,16.5,7.730026058805379,3,7.097949305915786,8.182388909500022
00-0039907,2024_07_NE_JAX,2024,7,0.0,5.388368450693073,3,5.548216516841437,5.849192101513258
00-0039915,2024_07_LAC_ARI,2024,7,9.6,12.346049335685146,3,11.906303613559006,12.45020747683898
00-0039916,2024_07_KC_SF,2024,7,5.1,9.055582646609732,3,8.590558102650517,9.386811043566922
00-0030279,2024_08_CHI_WAS,2024,8,5.9,10.917256429670825,3,10.409586182151168,11.13078081535915
00-0030431,2024_08_IND_HOU,2024,8,3.8,4.376087804653219,3,4.123696273198902,4.983240737674162
00-0031381,2024_08_NYJ_NE,2024,8,9.4,13.143216848945636,3,13.387085619704708,13.064268025651735
00-0031428,2024_08_TEN_DET,2024,8,0.0,4.4718069657649275,3,4.8820552352117055,4.947205726713431
00-0031544,2024_08_BUF_SEA,2024,8,1.3,7.89301828758858,3,8.875444735773428,8.029109916687508
00-0031549,2024_08_BAL_CLE,2024,8,12.6,4.1033225320081685,3,4.922240798205714,4.526345863698739
00-0031588,2024_08_IND_HOU,2024,8,12.7,12.173678993953521,3,10.038911408408223,12.609965867114184
00-0032128,2024_08_DAL_SF,2024,8,0.0,7.026738503196206,3,6.910225993837146,7.429132984318445
00-0032211,2024_08_BUF_SEA,2024,8,1.9,11.443640594424467,3,11.324688154224257,11.548108262203636
00-0032385,2024_08_ATL_TB,2024,8,4.8,6.246930613333395,3,7.478915261357143,6.4470404084211435
00-0032775,2024_08_MIN_LA,2024,8,17.5,9.804697027604009,3,11.048251220845405,9.762270936450117
00-0033009,2024_08_TEN_DET,2024,8,4.4,6.852273204414432,3,6.886897830207811,7.237877799408757
00-0033040,2024_08_ARI_MIA,2024,8,13.2,13.699427075773634,3,14.238591472158708,13.52707028497204
00-0033307,2024_08_NYJ_NE,2024,8,0.0,6.354947202677407,3,6.7756218884431325,6.701157222072034
00-0033375,2024_08_TEN_DET,2024,8,0.0,7.320865609697172,3,7.310962051760676,7.68323309574058
00-0033536,2024_08_NYJ_NE,2024,8,0.0,4.99431950563615,3,5.765250736075892,5.366223752695821
00-0033555,2024_08_BUF_SEA,2024,8,0.0,4.280154892048605,3,4.776683288155428,4.75218759196052
00-0033589,2024_08_CAR_DEN,2024,8,7.9,7.843532946337509,3,7.711333348741745,8.19371409618605
00-0033591,2024_08_CHI_WAS,2024,8,16.3,8.308075300634147,3,8.30757408554218,8.601973134681828
00-0033908,2024_08_MIN_LA,2024,8,16.1,14.569106504940384,3,14.583751940265849,14.43717041970816
00-0034348,2024_08_CAR_DEN,2024,8,17.12,12.098591821831013,3,11.71060520797663,12.20968091030938
00-0034386,2024_08_KC_LV,2024,8,6.300000000000001,7.056157652562713,3,6.6339348826701405,7.514366469725404
00-0034407,2024_08_ATL_TB,2024,8,5.6,10.489931220990902,3,10.448304816677052,10.644207337074524
00-0034775,2024_08_GB_JAX,2024,8,7.9,8.872841031776309,3,8.947831984013542,9.114311979841377
00-0034827,2024_08_CHI_WAS,2024,8,5.4,10.635384163531315,3,12.620606529765446,10.396610231926928
00-0034837,2024_08_TEN_DET,2024,8,22.6,11.679252400542243,3,10.184367073503095,12.02795582833339
00-0034960,2024_08_KC_LV,2024,8,17.2,12.86925501382954,3,12.71148552605458,12.884753188861254
00-0035208,2024_08_CHI_WAS,2024,8,0.0,5.011276709798175,3,5.387271819042294,5.456707436968324
00-0035406,2024_08_CAR_DEN,2024,8,4.2,5.037781726029792,3,5.453275732111049,5.473953677645464
00-0035500,2024_08_ARI_MIA,2024,8,1.9,5.350692226882206,3,6.370596306245412,5.651447144145667
00-0035535,2024_08_NYG_PIT,2024,8,14.8,9.370386757071335,3,9.510287804047346,9.565972724188216
00-0035659,2024_08_CHI_WAS,2024,8,17.5,14.394024905664388,3,14.463888173593013,14.263476388202475
00-0035676,2024_08_PHI_CIN,2024,8,13.4,15.552408224847609,3,14.706309654250314,15.51678829937874
00-0035719,2024_08_DAL_SF,2024,8,12.6,11.486455250290236,3,11.584708885973129,11.5469625718864
00-0036182,2024_08_TEN_DET,2024,8,11.9,8.719698183860803,3,9.258709003338858,8.883780885471952
00-0036196,2024_08_GB_JAX,2024,8,0.0,6.472422850835792,3,8.328935283130058,6.539217507435014
00-0036252,2024_08_IND_HOU,2024,8,2.6,13.08191080698893,3,13.17536618598088,13.035542792458996
00-0036309,2024_08_ATL_TB,2024,8,18.6,14.976144312149309,3,15.409789692463196,14.737488512558969
00-0036322,2024_08_MIN_LA,2024,8,19.5,17.328163288511185,3,16.806180401773815,17.111298735918602
00-0036358,2024_08_DAL_SF,2024,8,39.6,15.992527357945653,3,15.37054619627959,15.88480004237097
00-0036407,2024_08_BAL_CLE,2024,8,12.9,9.857655015816768,3,9.543022609908869,10.106263428883477
00-0036415,2024_08_NYG_PIT,2024,8,10.2,7.725157237145217,3,7.394782552609608,8.120805074198962
00-0036427,2024_08_MIN_LA,2024,8,1.6,6.918597859808169,3,6.182308888557147,7.445481327533102
00-0036497,2024_08_GB_JAX,2024,8,3.0,4.114829036987246,3,5.09827600803457,4.505966981615596
00-0036527,2024_08_KC_LV,2024,8,13.2,5.063270054735851,3,6.294877352644319,5.343414543370852
00-0036550,2024_08_BAL_CLE,2024,8,3.8,10.664500244925291,3,9.293897412693882,11.058257693615886
00-0036613,2024_08_ARI_MIA,2024,8,8.5,10.700342483832026,3,10.098664026043728,10.94629518504899
00-0036620,2024_08_ARI_MIA,2024,8,1.6,4.844145466611662,3,5.0562425078534154,5.3318557253686025
00-0036646,2024_08_NO_LAC,2024,8,0.0,8.119751938134186,3,8.099816245566949,8.430046690004673
00-0036900,2024_08_PHI_CIN,2024,8,20.4,16.511771026768777,3,16.175838519724753,16.31488141484624
00-0036912,2024_08_PHI_CIN,2024,8,20.5,14.864144671099115,3,14.709724888844963,14.744242783221514
00-0036963,2024_08_TEN_DET,2024,8,8.7,15.694868493531553,3,13.241024971205407,15.95360684015699
00-0036980,2024_08_BAL_CLE,2024,8,16.5,7.573832734653969,3,7.854207336752455,7.864226808355117
00-0036988,2024_08_NO_LAC,2024,8,9.2,8.741574681671368,3,8.958257974892545,8.965123158730382
00-0037238,2024_08_ATL_TB,2024,8,7.4,15.857832977748386,3,14.37040544653319,15.922838235159308
00-0037239,2024_08_NO_LAC,2024,8,18.700000000000003,12.073136971447084,3,11.088266388116711,12.298800758277332
00-0037247,2024_08_NYG_PIT,2024,8,11.4,13.729802441472648,3,12.435970486969843,13.901965047413556
00-0037261,2024_08_BUF_SEA,2024,8,19.9,9.307868454968728,3,8.667179933704524,9.655266878652318
00-0037291,2024_08_MIN_LA,2024,8,3.6,7.322034071273189,3,7.332654578307831,7.680442059489298
00-0037664,2024_08_IND_HOU,2024,8,2.1,8.970958972788468,3,7.417353076199993,9.51372632795844
00-0037666,2024_08_DAL_SF,2024,8,7.4,10.529538083142253,3,10.21603448840624,10.732543350025084
00-0037740,2024_08_NYJ_NE,2024,8,16.3,14.84216442680776,3,15.525242438842106,14.56539861444083
00-0037816,2024_08_GB_JAX,2024,8,10.2,12.230116539236654,3,11.875419905349396,12.32602608654159
00-0037837,2024_08_NYG_PIT,2024,8,20.4,5.606918123138786,3,5.966381234553245,6.015235478430503
00-0038117,2024_08_NYG_PIT,2024,8,8.0,12.558144761828661,3,12.173196630613406,12.637613804832514
00-0038124,2024_08_GB_JAX,2024,8,7.9,8.39391983702222,3,7.837010487917361,8.787220513825762
00-0038543,2024_08_BUF_SEA,2024,8,12.9,12.126830898743654,3,11.529608768276258,12.275573205730538
00-0038559,2024_08_ARI_MIA,2024,8,14.1,8.153963066104613,3,8.926380979783453,8.31213340984006
00-0038563,2024_08_KC_LV,2024,8,5.300000000000001,10.769567354563103,3,10.651209708161169,10.919460239374358
00-0038606,2024_08_GB_JAX,2024,8,7.6,7.602282938399684,3,6.86669008563439,8.082847774342993
00-0038608,2024_08_NYJ_NE,2024,8,7.6,6.931251596975484,3,6.652236174888809,7.370821819244229
00-0038618,2024_08_IND_HOU,2024,8,2.9000000000000004,5.954630359838578,3,6.044465414089242,6.390437254063945
00-0038619,2024_08_PHI_CIN,2024,8,0.0,8.432291959785866,3,8.481423831042859,8.70841390380257
00-0038621,2024_08_NYJ_NE,2024,8,3.2,10.084833756221652,3,9.951027060310988,10.283905498104552
00-0038640,2024_08_DAL_SF,2024,8,0.0,5.144403114862933,3,5.614067787630178,5.563129904957818
00-0038752,2024_08_BUF_SEA,2024,8,2.5,6.562716822030575,3,6.453577327946861,6.995064698191271
00-0038824,2024_08_ATL_TB,2024,8,4.9,3.9875607478921866,3,3.919366398171228,4.586134160271503
00-0038977,2024_08_IND_HOU,2024,8,13.5,10.103073623143725,3,10.699356395254693,10.162872423133027
00-0038979,2024_08_BAL_CLE,2024,8,28.9,8.669270807170637,3,9.700054149612324,8.74377892043323
00-0038994,2024_08_MIN_LA,2024,8,4.2,11.868439687537604,3,11.800060108566386,11.934647638284575
00-0038997,2024_08_IND_HOU,2024,8,22.200000000000003,12.10411006453416,3,11.628458886229094,12.23140142782646
00-0039052,2024_08_ATL_TB,2024,8,4.9,7.022912490644335,3,7.083263895179623,7.392125124089553
00-0039062,2024_08_CAR_DEN,2024,8,0.0,4.676606666037626,3,4.704723361097534,5.210421020311046
00-0039064,2024_08_BAL_CLE,2024,8,18.5,14.091232067982803,3,14.053021659892435,14.001572908468598
00-0039075,2024_08_MIN_LA,2024,8,18.1,6.722234852793792,3,7.578521385194232,6.961269644565586
00-0039146,2024_08_GB_JAX,2024,8,7.5,11.20548655280398,3,11.45570170029942,11.256243061563456
00-0039337,2024_08_NYG_PIT,2024,8,14.1,15.62378829906478,3,16.542213982451464,15.249721062510002
00-0039342,2024_08_CAR_DEN,2024,8,13.4,6.610394785693601,3,6.807371926999176,6.981643120143844
00-0039355,2024_08_CHI_WAS,2024,8,1.8,4.365318376600034,3,4.147634192481727,4.9666366016783785
00-0039424,2024_08_CAR_DEN,2024,8,5.800000000000001,6.2558421616854485,3,6.130255851235893,6.71203091633557
00-0039491,2024_08_CAR_DEN,2024,8,17.8,5.923068891213079,3,7.308139416081736,6.116112965812595
00-0039623,2024_08_NO_LAC,2024,8,3.4000000000000004,7.668429528988925,3,7.343868098087288,8.06681052836667
00-0039810,2024_08_PHI_CIN,2024,8,5.1000000000000005,4.117133983293582,3,3.939615867338108,4.727624199939531
00-0039849,2024_08_ARI_MIA,2024,8,23.1,13.155842714205981,3,13.514609924931008,13.05431666305488
00-0039855,2024_08_ATL_TB,2024,8,9.2,8.949874449381877,3,8.181275680155673,9.345641974293455
00-0039868,2024_08_CAR_DEN,2024,8,1.9,6.600066565599788,3,6.8588488692377,6.960326901254042
00-0039893,2024_08_GB_JAX,2024,8,15.0,11.849056362985287,3,11.4495394848182,11.97918313334869
00-0039894,2024_08_KC_LV,2024,8,13.7,8.575533865844807,3,9.55414714868321,8.666238456958471
00-0039901,2024_08_BUF_SEA,2024,8,18.0,9.428932630064072,3,8.916832059796736,9.743839843084114
00-0039915,2024_08_NO_LAC,2024,8,29.1,10.203826101251963,3,10.681259177283444,10.27928982291985
00-0039916,2024_08_DAL_SF,2024,8,11.7,6.669879331968729,3,7.210411184959382,6.972151963211971
00-0039919,2024_08_CHI_WAS,2024,8,8.4,8.912004165815741,3,9.289103449305715,9.093708664776456
00-0030279,2024_09_CHI_ARI,2024,9,7.6,11.510723147820915,3,10.441487835837536,11.790332503375044
00-0030431,2024_09_HOU_NYJ,2024,9,6.4,4.3653075149129394,3,5.033976136644961,4.799040453720038
00-0030564,2024_09_TB_KC,2024,9,28.6,5.881562757803834,3,6.370042274353401,6.246932614880083
00-0031381,2024_09_HOU_NYJ,2024,9,22.1,13.21171390147915,3,12.25229306291855,13.3556481325133
00-0032211,2024_09_LA_SEA,2024,9,15.3,10.102907526131329,3,9.61897649738088,10.366957586020217
00-0032385,2024_09_TB_KC,2024,9,10.9,5.33557639414547,3,6.036728556529725,5.697620086183754
00-0032464,2024_09_DET_GB,2024,9,1.0,5.174352401268501,3,5.061966905805539,5.701106327127183
00-0032775,2024_09_LA_SEA,2024,9,27.4,7.405438062529557,3,8.136880673790055,7.6219230976320915
00-0033040,2024_09_MIA_BUF,2024,9,12.0,13.777858318336365,3,13.51036575078105,13.752720659185917
00-0033307,2024_09_NE_TEN,2024,9,8.100000000000001,6.038430789724284,3,6.205143275706096,6.454040962147454
00-0033375,2024_09_DET_GB,2024,9,3.2,6.726758967716034,3,6.813977952341342,7.110898588767724
00-0033536,2024_09_HOU_NYJ,2024,9,1.6,6.547042981045548,3,6.5899218303089775,6.951707045552675
00-0033555,2024_09_MIA_BUF,2024,9,14.0,6.102705863430958,3,5.781449434447451,6.6062359671845705
00-0033589,2024_09_NO_CAR,2024,9,4.0,8.445582942171773,3,8.79128349307904,8.664733658112189
00-0033591,2024_09_WAS_NYG,2024,9,11.0,5.9934063226381955,3,6.799050571071331,6.291252963392437
00-0033908,2024_09_LA_SEA,2024,9,21.4,16.10154931640114,3,15.370434313161455,16.007091256942935
00-0034272,2024_09_NO_CAR,2024,9,1.5,4.0547653707474485,3,4.702125487935768,4.513506165957201
00-0034348,2024_09_DEN_BAL,2024,9,23.28,14.268441792305508,3,15.102229282499527,14.00193917226335
00-0034386,2024_09_TB_KC,2024,9,7.3,6.830416447246174,3,6.90735371095274,7.209497389096455
00-0034407,2024_09_DAL_ATL,2024,9,12.5,10.466076661011844,3,11.083653001142288,10.49732638172616
00-0034418,2024_09_NO_CAR,2024,9,5.4,5.164370980043768,3,6.014013200801727,5.509905053903816
00-0034827,2024_09_CHI_ARI,2024,9,7.300000000000001,10.508780197289404,3,12.098649322998718,10.353310027355304
00-0034837,2024_09_NE_TEN,2024,9,12.3,12.56691621278493,3,13.174930416685854,12.458049611776378
00-0034854,2024_09_DAL_ATL,2024,9,1.9,8.967838773620004,3,9.629047297023854,9.092053720874418
00-0034960,2024_09_LV_CIN,2024,9,18.5,13.395052061324456,3,12.185606989807113,13.573873714877823
00-0035208,2024_09_WAS_NYG,2024,9,6.800000000000001,4.211907477178893,3,4.839815442276495,4.663710274426395
00-0035406,2024_09_DEN_BAL,2024,9,3.1,4.881532941733618,3,4.773458732950096,5.427253421534574
00-0035500,2024_09_CHI_ARI,2024,9,0.0,5.38750810665558,3,5.982647049839161,5.766087814531665
00-0035535,2024_09_WAS_NYG,2024,9,9.0,10.134019078249073,3,9.235058534825818,10.474438540032986
00-0035659,2024_09_WAS_NYG,2024,9,15.9,14.096423380456306,3,12.974045538768864,14.211401083843832
00-0035676,2024_09_JAX_PHI,2024,9,5.6,11.968337695262843,3,11.537336225407993,12.096359207372206
00-0035891,2024_09_LA_SEA,2024,9,6.4,4.063320761408734,3,4.832500618889529,4.498450677670554
00-0036182,2024_09_NE_TEN,2024,9,16.0,8.048293413656083,3,9.359370360519774,8.111756108214786
00-0036252,2024_09_IND_MIN,2024,9,2.4000000000000004,11.985966105600037,3,11.242446915399803,12.171885600388896
00-0036309,2024_09_DAL_ATL,2024,9,19.8,15.85543919148615,3,16.61492413177519,15.495774069522511
00-0036322,2024_09_IND_MIN,2024,9,21.58,18.013510831962527,3,18.29370450613837,17.598676451373535
00-0036358,2024_09_DAL_ATL,2024,9,16.2,18.745369179665687,3,18.15934034917654,18.444873301863772
00-0036407,2024_09_LAC_CLE,2024,9,14.3,10.238708390034644,3,10.350894680633516,10.380874172108571
00-0036427,2024_09_LA_SEA,2024,9,6.800000000000001,5.074053830027585,3,4.860828008595905,5.626649779257751
00-0036527,2024_09_LV_CIN,2024,9,0.0,4.826782428633398,3,5.6228297072423485,5.205256022170434
00-0036550,2024_09_DEN_BAL,2024,9,5.5,7.912771509824827,3,8.154658455640837,8.187545247367481
00-0036613,2024_09_MIA_BUF,2024,9,7.6,10.563993883331847,3,10.2098590340891,10.772353757275347
00-0036620,2024_09_MIA_BUF,2024,9,0.0,4.213924494785109,3,3.667304164256733,4.887663461631106
00-0036626,2024_09_WAS_NYG,2024,9,3.4000000000000004,5.12607131983691,3,5.804069775220325,5.5066460895059315
00-0036630,2024_09_DEN_BAL,2024,9,0.0,4.466478189514039,3,4.085478984675698,5.091841042600684
00-0036841,2024_09_JAX_PHI,2024,9,6.0,5.82819068432202,3,7.538015834140093,5.96624178474763
00-0036849,2024_09_LA_SEA,2024,9,2.6,9.633375949586027,3,11.56911377344088,9.471649889143643
00-0036900,2024_09_LV_CIN,2024,9,11.3,15.839887536327593,3,14.994083482299406,15.78479097949812
00-0036912,2024_09_JAX_PHI,2024,9,18.700000000000003,15.832824872751567,3,16.341373693882883,15.522132908116074
00-0036963,2024_09_DET_GB,2024,9,18.6,13.490661710825707,3,13.650695493805458,13.404091902913487
00-0036980,2024_09_LAC_CLE,2024,9,5.800000000000001,8.751383747138007,3,8.245943935195161,9.110804063192903
00-0036988,2024_09_LAC_CLE,2024,9,14.3,6.624320171611675,3,7.633192401826231,6.841119740295927
00-0037261,2024_09_MIA_BUF,2024,9,11.0,10.134925963173641,3,9.775790952428626,10.373217339179826
00-0037614,2024_09_HOU_NYJ,2024,9,0.0,6.169138421690291,3,7.198967906863159,6.4127257725164295
00-0037664,2024_09_IND_MIN,2024,9,7.1000000000000005,9.80674333513801,3,9.112085206971877,10.13064401264386
00-0037666,2024_09_DAL_ATL,2024,9,10.9,11.208709350157799,3,11.399888942502686,11.270410211569027
00-0037740,2024_09_HOU_NYJ,2024,9,30.0,15.410024816287047,3,14.606717114655298,15.375933112551127
00-0037741,2024_09_JAX_PHI,2024,9,4.6,5.225827470308855,3,5.831511414629275,5.613335889117353
00-0037816,2024_09_DET_GB,2024,9,6.800000000000001,11.42471495427937,3,11.387152890494772,11.51507238114638
00-0038117,2024_09_WAS_NYG,2024,9,4.0,12.136307448925612,3,12.842479227970175,12.037972026423416
00-0038124,2024_09_DET_GB,2024,9,8.7,6.327155271207138,3,6.9314402146626195,6.640526927712846
00-0038393,2024_09_DET_GB,2024,9,0.0,6.454377324331185,3,6.947195858813398,6.780229738949483
00-0038543,2024_09_LA_SEA,2024,9,37.0,13.310028775139587,3,13.565896011099344,13.217542214623274
00-0038544,2024_09_LAC_CLE,2024,9,22.0,7.843302206744216,3,8.552702533164158,8.03437451812703
00-0038559,2024_09_CHI_ARI,2024,9,0.0,8.779692725798679,3,8.886614684734312,9.021419084624537
00-0038563,2024_09_LV_CIN,2024,9,2.5,10.84319059770171,3,11.262266398265778,10.886495252583764
00-0038606,2024_09_JAX_PHI,2024,9,7.1000000000000005,7.7625346895809795,3,6.968061316537079,8.243406320619318
00-0038608,2024_09_NE_TEN,2024,9,3.8,7.279912525192323,3,7.179001893561551,7.662253682652869
00-0038618,2024_09_HOU_NYJ,2024,9,0.0,7.022949610445551,3,6.634836189635038,7.476952647934793
00-0038619,2024_09_LV_CIN,2024,9,8.0,8.268371363353715,3,8.851513546739241,8.45459980865096
00-0038621,2024_09_NE_TEN,2024,9,10.5,9.618424055067214,3,10.014798744018767,9.748761195021869
00-0038640,2024_09_DAL_ATL,2024,9,4.6,6.926920725975402,3,6.539963495251667,7.387192483505453
00-0038752,2024_09_LA_SEA,2024,9,0.0,3.926308021155002,3,4.0621573725024085,4.490440120290062
00-0038821,2024_09_TB_KC,2024,9,1.9,9.433699906465593,3,9.874034478404557,9.568204608425456
00-0038824,2024_09_TB_KC,2024,9,7.1,5.473039966517646,3,6.680701735897282,5.730029518138268
00-0038976,2024_09_DEN_BAL,2024,9,1.4,5.191035942616619,3,5.482615148281326,5.640283687732272
00-0038977,2024_09_HOU_NYJ,2024,9,18.6,9.37801701616388,3,9.966309071569196,9.488308558796325
00-0038979,2024_09_LAC_CLE,2024,9,19.5,9.644753472154642,3,11.14108451935568,9.565339064817616
00-0038994,2024_09_IND_MIN,2024,9,16.1,10.532948375691825,3,9.714548387151051,10.831185895069432
00-0038997,2024_09_IND_MIN,2024,9,12.0,11.136206499729282,3,11.19940254281206,11.22700368754436
00-0039052,2024_09_TB_KC,2024,9,5.300000000000001,4.70534839345607,3,5.447062340429463,5.102298586989945
00-0039064,2024_09_DEN_BAL,2024,9,29.700000000000003,12.05101219213259,3,12.61505279681128,11.98531224362867
00-0039075,2024_09_LA_SEA,2024,9,2.1,11.199536543317905,3,13.042949678940108,10.94946314441421
00-0039146,2024_09_DET_GB,2024,9,16.3,11.107787150231472,3,10.93612220002553,11.244910276096972
00-0039236,2024_09_JAX_PHI,2024,9,0.0,5.614815388675369,3,5.221684744002397,6.164894935722399
00-0039337,2024_09_WAS_NYG,2024,9,14.9,17.097646985893363,3,17.42130999428745,16.73646577444554
00-0039342,2024_09_NO_CAR,2024,9,13.9,9.63075438606347,3,8.652136380311958,10.020233518810429
00-0039424,2024_09_DEN_BAL,2024,9,3.1,5.846735816348541,3,5.529050663847838,6.36688299242941
00-0039491,2024_09_NO_CAR,2024,9,5.6,5.451903716139049,3,6.314938659719335,5.775481022937121
00-0039543,2024_09_LV_CIN,2024,9,1.7000000000000002,4.153476050247568,3,4.333173410051974,4.693971085060597
00-0039623,2024_09_NO_CAR,2024,9,0.0,7.450870982181581,3,7.150544783449226,7.859367116501762
00-0039849,2024_09_CHI_ARI,2024,9,3.4000000000000004,13.301861203098248,3,12.27365143856684,13.452711622972949
00-0039868,2024_09_DEN_BAL,2024,9,2.9000000000000004,5.466024952943299,3,6.122072971833318,5.827784073110453
00-0039880,2024_09_MIA_BUF,2024,9,0.9,4.812651169637122,3,4.822253713505107,5.340775443822334
00-0039893,2024_09_JAX_PHI,2024,9,6.2,14.186795919422313,3,13.474435142222148,14.218144966930762
00-0039894,2024_09_TB_KC,2024,9,-1.0,10.23411059933505,3,10.406627929323845,10.365179975756192
00-0039901,2024_09_MIA_BUF,2024,9,5.1,10.11536970027624,3,9.81927281985748,10.343063365100091
00-0039915,2024_09_LAC_CLE,2024,9,11.4,13.15118228582114,3,13.598166837163117,13.033291493926246
00-0039919,2024_09_CHI_ARI,2024,9,15.4,10.731549672351404,3,10.96500266320384,10.817492733811182
00-0030279,2024_10_NE_CHI,2024,10,9.4,10.395846021444394,3,10.359899654297877,10.555404209448
00-0030431,2024_10_DET_HOU,2024,10,1.1,5.071524073888981,3,5.233063408176681,5.553432682077311
00-0030564,2024_10_DEN_KC,2024,10,9.6,8.030019059469872,3,8.429956921704171,8.266988749812004
00-0031381,2024_10_NYJ_ARI,2024,10,9.1,14.872132767702862,3,14.712652794450063,14.75264798527101
00-0031549,2024_10_CIN_BAL,2024,10,7.6,5.001396618912272,3,5.444843759318858,5.434741398997455
00-0032385,2024_10_SF_TB,2024,10,2.0,9.01806053686429,3,9.366533604591888,9.198012758997404
00-0032775,2024_10_MIA_LA,2024,10,3.3000000000000003,10.540578558230479,3,11.691305057235274,10.465990547882695
00-0033040,2024_10_MIA_LA,2024,10,11.7,14.409391596900157,3,13.765004530306836,14.412850933577856
00-0033282,2024_10_BUF_IND,2024,10,7.5,8.566841481135869,3,8.94676554409055,8.771329691246091
00-0033555,2024_10_BUF_IND,2024,10,12.6,8.754283654396188,3,8.306310581131102,9.102642614464395
00-0033589,2024_10_NYG_CAR,2024,10,3.8,7.535795724198296,3,7.962615022109021,7.801070582288408
00-0033591,2024_10_PIT_WAS,2024,10,6.300000000000001,9.235942858250704,3,8.46142687953021,9.613503540846388
00-0033908,2024_10_MIA_LA,2024,10,15.0,17.476909461375683,3,17.752568416648668,17.099183107289328
00-0034272,2024_10_ATL_NO,2024,10,25.9,4.767784932120711,3,4.873081448525352,5.280846973724323
00-0034348,2024_10_DEN_KC,2024,10,19.0,13.74462204851911,3,13.994248945005904,13.623955998606167
00-0034386,2024_10_DEN_KC,2024,10,2.6,7.466985895691989,3,7.274430054262528,7.854016829176386
00-0034407,2024_10_ATL_NO,2024,10,6.6,10.208035364349222,3,10.736210868331868,10.27362066564316
00-0034827,2024_10_NE_CHI,2024,10,5.7,9.974316042831886,3,11.204921849741758,9.922879372770597
00-0034837,2024_10_TEN_LAC,2024,10,25.4,13.080867082431974,3,13.692718682698484,12.93655447702652
00-0035406,2024_10_DEN_KC,2024,10,4.300000000000001,4.801849873020916,3,5.198181941869248,5.257583450396094
00-0035659,2024_10_PIT_WAS,2024,10,16.3,14.682533185970392,3,14.085617163189587,14.658564648760027
00-0035676,2024_10_PHI_DAL,2024,10,15.9,14.659333739164529,3,13.332268073391727,14.77498457062222
00-0035719,2024_10_SF_TB,2024,10,12.6,14.485152845734145,3,14.07351405569751,14.439487475261917
00-0036182,2024_10_TEN_LAC,2024,10,6.1,9.574076771524238,3,10.105283633793968,9.68191661533502
00-0036196,2024_10_MIN_JAX,2024,10,2.9000000000000004,5.465842475243947,3,7.830904970942502,5.504484202431854
00-0036259,2024_10_SF_TB,2024,10,16.3,11.79759627319436,3,12.620418230686742,11.700087332510806
00-0036309,2024_10_ATL_NO,2024,10,14.6,16.630044483583518,3,18.585261382006976,15.991968657121326
00-0036322,2024_10_MIN_JAX,2024,10,9.8,17.799791766974046,3,17.558094915408624,17.498071168664243
00-0036345,2024_10_NE_CHI,2024,10,0.0,3.6773516724698645,3,4.060098857215729,4.211620369988903
00-0036358,2024_10_PHI_DAL,2024,10,8.4,18.092344273997966,3,17.314445174397157,17.872241757366723
00-0036415,2024_10_PIT_WAS,2024,10,0.0,7.137822445111468,3,7.726246547266466,7.399427556146444
00-0036550,2024_10_CIN_BAL,2024,10,17.4,9.735300703218549,3,8.84773224048419,10.100502031695006
00-0036613,2024_10_MIA_LA,2024,10,8.600000000000001,10.119450270457309,3,9.803818596165176,10.35056178447089
00-0036900,2024_10_CIN_BAL,2024,10,55.400000000000006,17.319947629091203,3,17.10712877767301,17.045183299921344
00-0036912,2024_10_PHI_DAL,2024,10,3.4000000000000004,14.55854065458108,3,14.40572912449198,14.458980066679228
00-0036963,2024_10_DET_HOU,2024,10,18.0,15.741820521147547,3,14.951997992046476,15.682764342399157
00-0036988,2024_10_TEN_LAC,2024,10,4.6,6.60963613400009,3,7.891838025061663,6.775748242118063
00-0037231,2024_10_ATL_NO,2024,10,5.6,4.7948678442020745,3,5.734965981155387,5.148261227399982
00-0037238,2024_10_ATL_NO,2024,10,17.700000000000003,15.910160216145202,3,15.275359436217345,15.810421146265142
00-0037240,2024_10_DET_HOU,2024,10,8.3,10.901873272111972,3,10.75795653991319,11.04766065264719
00-0037247,2024_10_PIT_WAS,2024,10,20.5,13.471112747278823,3,11.790562642348515,13.733869626824838
00-0037261,2024_10_BUF_IND,2024,10,11.8,13.527983919557107,3,14.208447733656188,13.34049313263927
00-0037291,2024_10_MIN_JAX,2024,10,1.4,6.56741141175233,3,6.652639736467219,6.962692294245469
00-0037614,2024_10_DET_HOU,2024,10,18.4,5.960106665003735,3,6.682692937679237,6.275906976940596
00-0037664,2024_10_BUF_IND,2024,10,18.1,8.8081739007823,3,7.7924100113749395,9.260246572941742
00-0037666,2024_10_PHI_DAL,2024,10,4.4,10.861509325770934,3,11.025678271856188,10.951772627663646
00-0037740,2024_10_NYJ_ARI,2024,10,9.1,16.851519031338825,3,16.330586480162523,16.666656056808982
00-0037741,2024_10_PHI_DAL,2024,10,3.7,4.6337461408437,3,4.9311933084349935,5.119532666125669
00-0037837,2024_10_PIT_WAS,2024,10,4.0,5.314702102243481,3,5.226914043356909,5.827323838027255
00-0038117,2024_10_NYG_CAR,2024,10,10.1,9.279637576888097,3,9.384205535191048,9.488034752044593
00-0038496,2024_10_NYJ_ARI,2024,10,0.0,4.0687095306728125,3,4.283020151215163,4.608386592726881
00-0038544,2024_10_TEN_LAC,2024,10,10.4,11.60341563932196,3,11.551129211744792,11.684484756856923
00-0038559,2024_10_NYJ_ARI,2024,10,5.4,7.650699219840796,3,8.384157601089036,7.850234268490787
00-0038608,2024_10_NE_CHI,2024,10,8.7,7.317042768953794,3,7.251527171680052,7.690183285758827
00-0038618,2024_10_DET_HOU,2024,10,2.6,8.198997498737912,3,7.877250171585724,8.56100338701027
00-0038619,2024_10_CIN_BAL,2024,10,4.9,9.228755666144982,3,9.07190432153006,9.490017737976183
00-0038621,2024_10_NE_CHI,2024,10,9.0,8.008135092501655,3,8.047777653611902,8.314705547624284
00-0038640,2024_10_PHI_DAL,2024,10,1.4,4.934584947491624,3,5.550668579294416,5.339802232166713
00-0038821,2024_10_SF_TB,2024,10,3.0,7.9829816967402305,3,8.651804815336803,8.172289907111436
00-0038824,2024_10_SF_TB,2024,10,2.1,7.626465479889374,3,7.700356852811972,7.952344448763062
00-0038938,2024_10_NYG_CAR,2024,10,7.9,6.833657693893593,3,7.170508486567668,7.163376852999333
00-0038977,2024_10_DET_HOU,2024,10,8.3,11.65430248546857,3,11.502958263520798,11.750663117780707
00-0038994,2024_10_MIN_JAX,2024,10,4.9,10.80465855218679,3,10.496863194169617,10.987998509201304
00-0038997,2024_10_BUF_IND,2024,10,14.2,13.17333769137403,3,13.06093496487717,13.15971560154949
00-0039064,2024_10_CIN_BAL,2024,10,7.4,16.88602469765445,3,16.63344264954714,16.64809263187731
00-0039075,2024_10_MIA_LA,2024,10,18.8,11.494359923399644,3,10.20733721669929,11.81625258493122
00-0039337,2024_10_NYG_CAR,2024,10,10.8,15.23384100817165,3,14.819732662606052,15.13806420477538
00-0039342,2024_10_NYG_CAR,2024,10,7.0,9.35866889427657,3,9.898278222375277,9.479472142435217
00-0039355,2024_10_PIT_WAS,2024,10,3.3000000000000003,4.3826427666707435,3,4.748318641759876,4.872492570584571
00-0039424,2024_10_DEN_KC,2024,10,13.9,6.473273783636933,3,7.762962120613814,6.647182493524507
00-0039491,2024_10_NYG_CAR,2024,10,7.1000000000000005,7.70387077126097,3,7.933402537165728,7.995093042281487
00-0039810,2024_10_CIN_BAL,2024,10,2.1,5.525076828143383,3,6.51051529163929,5.8205675652538424
00-0039849,2024_10_NYJ_ARI,2024,10,16.4,12.367755951448967,3,12.012007138240298,12.454566073117748
00-0039868,2024_10_DEN_KC,2024,10,1.9,4.616535949428429,3,5.1450371000709545,5.059798890496545
00-0039880,2024_10_MIA_LA,2024,10,10.5,4.046676274683152,3,3.962350687992834,4.644306072782127
00-0039890,2024_10_BUF_IND,2024,10,13.1,8.547995658594187,3,9.043398425239657,8.731923028873782
00-0039893,2024_10_MIN_JAX,2024,10,3.2,13.142944119702463,3,12.2533429688975,13.278323092675118
00-0039894,2024_10_DEN_KC,2024,10,2.1,9.962290661861436,3,10.245740478540624,10.090748682322884
00-0039907,2024_10_NE_CHI,2024,10,7.2,4.403433321496294,3,5.036481549546254,4.841325514409034
00-0039915,2024_10_TEN_LAC,2024,10,7.2,13.385755054634211,3,13.225042325351096,13.36691705392859
00-0039916,2024_10_SF_TB,2024,10,17.3,7.202942894212629,3,7.423296556932876,7.52974117592211
00-0039919,2024_10_NE_CHI,2024,10,5.300000000000001,8.69845659321277,3,8.717578941715615,8.962271537159687
00-0030279,2024_11_GB_CHI,2024,11,8.100000000000001,10.878286030355767,3,10.697123101703552,11.03270914690141
00-0030564,2024_11_KC_BUF,2024,11,5.9,6.712772941376536,3,6.617451639499603,7.132370972682299
00-0031381,2024_11_IND_NYJ,2024,11,13.2,14.691698283459996,3,14.958459738848957,14.503811877583596
00-0031544,2024_11_KC_BUF,2024,11,7.5,6.496147417528605,3,7.250348260374332,6.769757487915022
00-0031549,2024_11_BAL_PIT,2024,11,0.0,4.061214110758663,3,4.540871377937179,4.551227456321951
00-0032211,2024_11_SEA_SF,2024,11,3.9,9.713488221748037,3,8.969017918692261,10.053107012719249
00-0032775,2024_11_LA_NE,2024,11,3.9,9.111947114252844,3,9.945151072077437,9.193906865446069
00-0033009,2024_11_MIN_TEN,2024,11,5.4,5.745686850229145,3,6.231214821342911,6.120793996784997
00-0033040,2024_11_LV_MIA,2024,11,19.1,12.850339628379865,3,13.194342415258122,12.772243701452352
00-0033282,2024_11_KC_BUF,2024,11,16.8,5.849602431617597,3,6.5016480998178015,6.186205339429643
00-0033307,2024_11_LA_NE,2024,11,18.0,4.025931757631208,3,4.810994344369663,4.460584517941341
00-0033375,2024_11_JAX_DET,2024,11,5.6,6.7524989331576135,3,6.764893455975697,7.149047004828235
00-0033555,2024_11_KC_BUF,2024,11,4.7,5.453723805431479,3,5.632314393693717,5.9065885930182676
00-0033591,2024_11_WAS_PHI,2024,11,1.4,8.92994875917161,3,8.501171185231858,9.262811126883538
00-0033857,2024_11_KC_BUF,2024,11,1.8,7.280697356317713,3,6.732474735532826,7.747560434428117
00-0033908,2024_11_LA_NE,2024,11,28.6,15.368062233465205,3,13.9639621822819,15.450399396039604
00-0034272,2024_11_CLE_NO,2024,11,16.700000000000003,6.527517217823824,3,6.841406763884186,6.882259364426836
00-0034348,2024_11_ATL_DEN,2024,11,14.8,14.204573833518067,3,13.887632583624416,14.1599584366436
00-0034386,2024_11_KC_BUF,2024,11,4.6,5.355837956700597,3,6.1532653703860785,5.698309739396912
00-0034407,2024_11_ATL_DEN,2024,11,10.6,9.847629015162276,3,10.672819879300866,9.881404121515644
00-0034827,2024_11_GB_CHI,2024,11,13.7,9.294028399204493,3,9.860613817282283,9.414098029604084
00-0034837,2024_11_MIN_TEN,2024,11,9.8,13.868628625758598,3,14.770056184786668,13.616346815898437
00-0034854,2024_11_ATL_DEN,2024,11,4.2,3.5550907013138424,3,4.672881323455738,3.958641463047708
00-0034960,2024_11_LV_MIA,2024,11,8.8,12.982320146242046,3,12.096643337055728,13.12780823896009
00-0035208,2024_11_WAS_PHI,2024,11,2.0,3.984166161705965,3,4.246165903428674,4.520537874299815
00-0035406,2024_11_ATL_DEN,2024,11,15.2,4.396766487582875,3,4.88595994690521,4.862308220887653
00-0035640,2024_11_SEA_SF,2024,11,14.0,15.006255510215272,3,15.032279147782464,14.84263607743952
00-0035659,2024_11_WAS_PHI,2024,11,2.0,13.153821813958809,3,12.35997437708034,13.270361422999336
00-0035676,2024_11_WAS_PHI,2024,11,11.5,14.748801363685669,3,13.747312650353324,14.796850077537677
00-0035719,2024_11_SEA_SF,2024,11,6.1,14.889903964628632,3,15.985858631125373,14.531848937159332
00-0036182,2024_11_MIN_TEN,2024,11,19.700000000000003,8.929071958456161,3,9.608935362094453,9.052378688263747
00-0036196,2024_11_JAX_DET,2024,11,1.3,6.015386308626679,3,7.675079469368504,6.150269867132255
00-0036252,2024_11_IND_NYJ,2024,11,9.6,9.43114257411664,3,9.588309637860831,9.619359572621608
00-0036259,2024_11_SEA_SF,2024,11,25.1,14.565417694799967,3,15.44988109735974,14.26927109410684
00-0036309,2024_11_ATL_DEN,2024,11,4.7,11.075258261499803,3,11.309363836549442,11.137858366580934
00-0036322,2024_11_MIN_TEN,2024,11,14.1,16.449176024812203,3,14.291665226545662,16.600927658748592
00-0036358,2024_11_HOU_DAL,2024,11,18.6,16.731297498109875,3,17.110538089769523,16.384357124289537
00-0036407,2024_11_CLE_NO,2024,11,26.200000000000003,11.534939338367227,3,12.195418306555954,11.485869236274857
00-0036410,2024_11_CIN_LAC,2024,11,29.8,15.18152675300158,3,14.90506644966901,15.063258463216942
00-0036415,2024_11_BAL_PIT,2024,11,0.0,5.531635449915444,3,5.760244445135944,5.96977967401957
00-0036527,2024_11_LV_MIA,2024,11,5.9,3.4237904445967606,3,4.550698337388575,3.8344874873184502
00-0036550,2024_11_BAL_PIT,2024,11,5.0,10.233848025259666,3,9.60684794484737,10.51610286914182
00-0036554,2024_11_HOU_DAL,2024,11,9.4,13.484423547657812,3,13.834992658341402,13.362249942229504
00-0036613,2024_11_LV_MIA,2024,11,5.7,9.815499704877746,3,10.058792996422442,9.961466875477806
00-0036626,2024_11_WAS_PHI,2024,11,1.4,4.418144174670499,3,4.314084372531066,4.994410316998412
00-0036900,2024_11_CIN_LAC,2024,11,26.5,16.998639299201564,3,15.512268821692151,16.986376408878744
00-0036912,2024_11_WAS_PHI,2024,11,6.9,13.76837640334771,3,13.260830150402974,13.789267146939627
00-0036963,2024_11_JAX_DET,2024,11,38.7,15.874435384459,3,15.254326635481627,15.77433186360959
00-0036980,2024_11_CLE_NO,2024,11,18.6,8.520852906328669,3,9.04871841122571,8.700476081178577
00-0036988,2024_11_CIN_LAC,2024,11,4.300000000000001,8.7503977330371,3,7.78111635280425,9.197584909899245
00-0037231,2024_11_CLE_NO,2024,11,2.8,6.588074830677862,3,7.399583076114266,6.844639331121908
00-0037238,2024_11_ATL_DEN,2024,11,9.1,14.380617114391049,3,13.641129098417773,14.404001429413384
00-0037240,2024_11_JAX_DET,2024,11,22.6,9.913388991180241,3,9.75584800507508,10.12853038230426
00-0037247,2024_11_BAL_PIT,2024,11,16.9,15.810431373114879,3,15.304769098015154,15.693012885568477
00-0037261,2024_11_KC_BUF,2024,11,15.0,12.3314885529616,3,12.248947804507448,12.369092289740053
00-0037291,2024_11_MIN_TEN,2024,11,0.0,5.183349866533275,3,5.47400400469431,5.633291757986969
00-0037614,2024_11_HOU_DAL,2024,11,6.300000000000001,6.759531072598229,3,8.10474594352731,6.903602783198314
00-0037664,2024_11_IND_NYJ,2024,11,10.4,8.918467479239085,3,8.19826460346392,9.30720634124422
00-0037666,2024_11_HOU_DAL,2024,11,4.1,9.88397373367977,3,9.8769041391863,10.07265211589635
00-0037740,2024_11_IND_NYJ,2024,11,5.8,15.747527529141903,3,15.012129414638691,15.67779558149519
00-0037741,2024_11_WAS_PHI,2024,11,1.8,4.212334096532758,3,3.93934556135625,4.834443923507041
00-0037816,2024_11_GB_CHI,2024,11,2.7,9.726178720306208,3,9.125312457893616,10.037788442420675
00-0038124,2024_11_GB_CHI,2024,11,19.0,6.845058014702168,3,6.948831586667665,7.218075790577485
00-0038393,2024_11_GB_CHI,2024,11,0.0,4.576977002683524,3,4.92517219627019,5.057003504677291
00-0038496,2024_11_IND_NYJ,2024,11,2.7,4.31523131375828,3,5.135680137242421,4.7236495523124
00-0038543,2024_11_SEA_SF,2024,11,21.8,13.686298478164373,3,13.434642712507609,13.664351910545983
00-0038544,2024_11_CIN_LAC,2024,11,12.8,11.558837948648065,3,11.822670696498603,11.58314872798992
00-0038563,2024_11_LV_MIA,2024,11,6.5,10.016367256735276,3,10.375429719989944,10.126875715767458
00-0038606,2024_11_JAX_DET,2024,11,2.0,5.952117868928389,3,7.176167133483315,6.173644399719347
00-0038608,2024_11_LA_NE,2024,11,7.300000000000001,9.160208698127322,3,9.00000968843915,9.426734482896656
00-0038619,2024_11_CIN_LAC,2024,11,7.6,6.857098046585544,3,7.244128069285349,7.175746096178816
00-0038621,2024_11_LA_NE,2024,11,9.9,9.169714100290758,3,9.347104232890386,9.371768504192136
00-0038977,2024_11_HOU_DAL,2024,11,9.8,9.792227027041593,3,9.651963196040336,10.01228697719558
00-0038979,2024_11_CLE_NO,2024,11,7.7,11.72742791369377,3,13.352725739004978,11.482932169600438
00-0038994,2024_11_MIN_TEN,2024,11,15.1,7.4064560648155595,3,7.892741079454488,7.669225185951513
00-0038997,2024_11_IND_NYJ,2024,11,19.4,12.71853853008755,3,11.96962111369247,12.85598904103965
00-0039064,2024_11_BAL_PIT,2024,11,11.9,15.461705798896018,3,15.740143260041313,15.219593156496474
00-0039075,2024_11_LA_NE,2024,11,25.3,14.406427535928207,3,14.41532239392523,14.286568670567592
00-0039146,2024_11_GB_CHI,2024,11,9.8,9.638013439626311,3,9.792755550074231,9.81271356944374
00-0039410,2024_11_HOU_DAL,2024,11,3.9,6.341877108915462,3,7.093451803678309,6.626405596444645
00-0039424,2024_11_ATL_DEN,2024,11,10.6,7.352179128699968,3,8.568638060556271,7.480558284363584
00-0039868,2024_11_ATL_DEN,2024,11,9.5,4.824294066574618,3,5.046911850039384,5.311356210230833
00-0039880,2024_11_LV_MIA,2024,11,4.8,4.617343515180003,3,5.31584641781343,5.028409037118913
00-0039893,2024_11_JAX_DET,2024,11,13.6,12.91891554148003,3,12.006818354250129,13.073682393372415
00-0039894,2024_11_KC_BUF,2024,11,16.8,8.09684347127485,3,8.519880567552129,8.324931315076205
00-0039907,2024_11_LA_NE,2024,11,0.0,4.10758026726195,3,4.8968204766227545,4.535927304018856
00-0039915,2024_11_CIN_LAC,2024,11,18.3,11.987010591516983,3,12.715924138391763,11.89446119363019
00-0039916,2024_11_SEA_SF,2024,11,0.0,8.885545589992484,3,9.965525674540372,8.93614123788244
00-0039919,2024_11_GB_CHI,2024,11,12.5,10.521336697147339,3,10.491329033162677,10.67129438715023
00-0030035,2024_12_KC_CAR,2024,12,8.7,5.652390443558732,3,7.680103772583858,5.742213601366439
00-0030279,2024_12_MIN_CHI,2024,12,23.6,10.820889459701739,3,10.783629475055864,10.951981793120568
00-0030564,2024_12_KC_CAR,2024,12,14.5,6.909134615775523,3,6.245416127098431,7.422936211282327
00-0031408,2024_12_TB_NYG,2024,12,11.8,10.822655115738607,3,9.002025052276073,11.290816579066552
00-0032211,2024_12_ARI_SEA,2024,12,4.0,8.025456836407303,3,8.271430175885788,8.291845376874706
00-0032385,2024_12_TB_NYG,2024,12,6.6,5.191466769538538,3,5.502207704091192,5.637062430405067
00-0032775,2024_12_PHI_LA,2024,12,9.5,9.995007608096026,3,10.77855765556574,10.026699593488154
00-0033009,2024_12_TEN_HOU,2024,12,11.5,5.634381530557426,3,6.413551343251452,5.961488062221863
00-0033040,2024_12_NE_MIA,2024,12,9.8,14.530196334952237,3,15.295685890776308,14.258923975158076
00-0033307,2024_12_NE_MIA,2024,12,6.0,5.476218771402849,3,5.452373154319122,5.965839255472169
00-0033375,2024_12_DET_IND,2024,12,9.5,5.160394009057336,3,6.183618885200604,5.473376833129509
00-0033589,2024_12_KC_CAR,2024,12,20.1,7.790458469764896,3,7.111055838415802,8.247686829614867
00-0033591,2024_12_DAL_WAS,2024,12,13.1,8.217923345242397,3,8.682785479602465,8.42992350431573
00-0033857,2024_12_KC_CAR,2024,12,1.6,6.523687628803067,3,7.992446142554688,6.66033311805875
00-0033908,2024_12_PHI_LA,2024,12,20.0,18.59789124741168,3,18.092364278982405,18.292137599216844
00-0034348,2024_12_DEN_LV,2024,12,29.700000000000003,14.81245269716526,3,14.25063457280289,14.773071230194214
00-0034386,2024_12_KC_CAR,2024,12,2.5,6.138303564309839,3,6.64035045172058,6.483763811885511
00-0034827,2024_12_MIN_CHI,2024,12,26.9,9.29427457887838,3,10.18839855315017,9.352398645916136
00-0034837,2024_12_TEN_HOU,2024,12,14.3,13.429952597541874,3,12.525903454298527,13.54867416776468
00-0034960,2024_12_DEN_LV,2024,12,22.1,13.288863007580595,3,13.448770160357068,13.21594985085182
00-0035208,2024_12_DAL_WAS,2024,12,1.8,4.04150985178283,3,4.3786948153027465,4.559792105927817
00-0035406,2024_12_DEN_LV,2024,12,2.4,5.227210560580731,3,5.306973989930689,5.714063290262859
00-0035535,2024_12_TB_NYG,2024,12,0.0,7.1268594684412445,3,7.19745302915056,7.487113339606527
00-0035640,2024_12_ARI_SEA,2024,12,9.9,15.20537108339846,3,16.874139802826516,14.71770028378015
00-0035659,2024_12_DAL_WAS,2024,12,21.200000000000003,13.020916557427375,3,12.515903753105013,13.091823673315126
00-0035676,2024_12_PHI_LA,2024,12,22.9,15.512998150983163,3,13.824297422762095,15.639354533932703
00-0035719,2024_12_SF_GB,2024,12,3.1,10.939929614496839,3,10.436087601315435,11.151198472513842
00-0036182,2024_12_TEN_HOU,2024,12,12.8,9.83781052233445,3,10.167392741325765,9.965955495549288
00-0036252,2024_12_DET_IND,2024,12,15.6,11.061827394294072,3,12.182089923302158,10.957785845145706
00-0036259,2024_12_SF_GB,2024,12,9.0,13.421869836152643,3,13.162972229798976,13.419156245776994
00-0036322,2024_12_MIN_CHI,2024,12,4.7,15.589884887238705,3,13.970624573005898,15.697917754312218
00-0036358,2024_12_DAL_WAS,2024,12,16.8,16.959552963074337,3,16.243975505776582,16.804193886636053
00-0036407,2024_12_PIT_CLE,2024,12,14.5,11.422301239051672,3,10.775296423176938,11.628051333569235
00-0036527,2024_12_DEN_LV,2024,12,2.5,5.2519079219140705,3,6.338355275998121,5.546754725174601
00-0036550,2024_12_BAL_LAC,2024,12,12.3,8.041654184624628,3,8.827404887331085,8.204890784690788
00-0036554,2024_12_TEN_HOU,2024,12,20.200000000000003,15.858421184145287,3,15.067728538651124,15.791652449723404
00-0036613,2024_12_NE_MIA,2024,12,28.4,9.55056452995824,3,9.550028911009315,9.7605312939324
00-0036626,2024_12_DAL_WAS,2024,12,5.6,4.6784169423880035,3,5.286117588839339,5.1025249093633605
00-0036963,2024_12_DET_IND,2024,12,12.2,18.97731668724827,3,19.03204158131852,18.54000168002404
00-0036980,2024_12_PIT_CLE,2024,12,5.1,7.470914936866102,3,7.466731327690049,7.822064201900582
00-0036988,2024_12_BAL_LAC,2024,12,6.800000000000001,9.170846269389978,3,7.961662958471641,9.634988784091677
00-0037240,2024_12_DET_IND,2024,12,11.8,12.819946843015492,3,11.658845264527496,13.028479808051712
00-0037247,2024_12_PIT_CLE,2024,12,8.8,13.72298407052633,3,13.773498588549778,13.641426712978667
00-0037291,2024_12_MIN_CHI,2024,12,7.5,4.454301757022542,3,4.876284726298644,4.928664376145482
00-0037614,2024_12_TEN_HOU,2024,12,1.6,7.610616559141368,3,8.422973004230911,7.79794188089623
00-0037664,2024_12_DET_IND,2024,12,4.9,9.132106643174927,3,8.156124616330821,9.554774017497609
00-0037666,2024_12_DAL_WAS,2024,12,10.2,9.409245313487268,3,9.708094551385315,9.572153227473102
00-0037741,2024_12_PHI_LA,2024,12,1.4,6.378571822987288,3,6.684678903166686,6.744847581150399
00-0037816,2024_12_SF_GB,2024,12,8.4,6.717638012851731,3,6.982252123303572,7.06885305301752
00-0037837,2024_12_PIT_CLE,2024,12,16.8,5.454525275042431,3,6.363452413691258,5.769248471938006
00-0038117,2024_12_TB_NYG,2024,12,9.7,11.623945879144355,3,11.687764393959707,11.681675663169758
00-0038124,2024_12_SF_GB,2024,12,0.4,8.058038504634453,3,7.64556097504245,8.446721712267031
00-0038393,2024_12_SF_GB,2024,12,3.5,4.740524598051423,3,5.656960537763125,5.102063091983579
00-0038543,2024_12_ARI_SEA,2024,12,19.7,12.899743468244896,3,13.23371577296414,12.820206517152831
00-0038544,2024_12_BAL_LAC,2024,12,0.0,10.13784601071748,3,10.142289524809929,10.307196976752056
00-0038559,2024_12_ARI_SEA,2024,12,7.4,8.924744877886388,3,9.2003931864108,9.124770378567346
00-0038563,2024_12_DEN_LV,2024,12,15.2,9.80225439153996,3,9.570546844725632,10.03892653657264
00-0038608,2024_12_NE_MIA,2024,12,1.6,9.332735491593771,3,9.551918453124363,9.515874900452271
00-0038621,2024_12_NE_MIA,2024,12,11.3,10.618815884991642,3,10.856445086907552,10.711585175949873
00-0038977,2024_12_TEN_HOU,2024,12,10.2,11.730948877013734,3,11.71707963730046,11.796138681433092
00-0038979,2024_12_PIT_CLE,2024,12,2.8000000000000003,6.873338763315364,3,7.307217070128446,7.1820318761707895
00-0038994,2024_12_MIN_CHI,2024,12,30.2,10.772751582689246,3,10.527913873122705,10.946343409591185
00-0038997,2024_12_DET_IND,2024,12,5.7,11.885203100950184,3,12.274137435473383,11.863812541209352
00-0039064,2024_12_BAL_LAC,2024,12,11.2,15.925279792804469,3,16.222080634843415,15.64837792321749
00-0039075,2024_12_PHI_LA,2024,12,20.700000000000003,16.847773112030353,3,17.98869167133657,16.348950829306297
00-0039146,2024_12_SF_GB,2024,12,5.6,8.989025834591457,3,9.228871378934432,9.191478134102294
00-0039236,2024_12_PHI_LA,2024,12,0.0,7.98796251270646,3,6.114056934098875,8.657697406628737
00-0039337,2024_12_TB_NYG,2024,12,12.4,15.522298982697214,3,16.236724363198615,15.193659051801076
00-0039342,2024_12_KC_CAR,2024,12,9.6,9.597343924046031,3,9.324365699519928,9.855662196555596
00-0039424,2024_12_DEN_LV,2024,12,14.0,7.289724350299927,3,7.908113783898448,7.53540192296943
00-0039849,2024_12_ARI_SEA,2024,12,7.7,12.00948232913955,3,10.973204714459904,12.24916608610412
00-0039855,2024_12_TB_NYG,2024,12,2.1,5.890673312914209,3,6.746349899324821,6.186000382466738
00-0039868,2024_12_DEN_LV,2024,12,5.1,4.736963878608388,3,5.788890187087494,5.073125252712568
00-0039880,2024_12_NE_MIA,2024,12,1.3,5.283970819820547,3,5.5022539818110205,5.740798613881621
00-0039894,2024_12_KC_CAR,2024,12,9.1,9.092772844882084,3,9.625982228328176,9.23274902200935
00-0039915,2024_12_BAL_LAC,2024,12,14.3,14.82885658850054,3,15.89022943188353,14.481464190079857
00-0039916,2024_12_SF_GB,2024,12,0.0,7.141059591117212,3,7.7601468640425715,7.396648413899374
00-0039919,2024_12_MIN_CHI,2024,12,8.9,11.097257695878397,3,11.13221975770804,11.196024412022467
00-0030035,2024_13_TB_CAR,2024,13,23.9,7.575416011995037,3,8.220148990037897,7.7968125331949745
00-0030279,2024_13_CHI_DET,2024,13,24.3,13.461544212711688,3,12.75311503379618,13.541144986599631
00-0030564,2024_13_LV_KC,2024,13,13.0,7.669117210104991,3,7.651367107352439,8.009441794119716
00-0031236,2024_13_NYG_DAL,2024,13,10.6,5.338829945605496,3,6.6011653689607845,5.5945488354271395
00-0031381,2024_13_SEA_NYJ,2024,13,17.6,13.407925576901121,3,13.269231407211224,13.38342669396593
00-0031408,2024_13_TB_CAR,2024,13,25.8,14.488464217414439,3,14.438018065118255,14.374283109228914
00-0031544,2024_13_SF_BUF,2024,13,4.2,6.061728664615814,3,6.492554082411086,6.4258281124522085
00-0031549,2024_13_PHI_BAL,2024,13,0.0,4.5169854923114245,3,5.107271471547437,4.9552917746332135
00-0032211,2024_13_SEA_NYJ,2024,13,4.6,5.633755623429053,3,5.658601994725707,6.103527176144846
00-0032385,2024_13_TB_CAR,2024,13,8.2,5.453125028747222,3,5.696267559214247,5.893825191592184
00-0032775,2024_13_LA_NO,2024,13,12.9,7.230270484128911,3,7.029144124712863,7.6349134184264
00-0033009,2024_13_TEN_WAS,2024,13,6.7,8.580684919508263,3,9.167736891404369,8.745075478854227
00-0033040,2024_13_MIA_GB,2024,13,20.3,13.531128763205139,3,13.29634507197554,13.516474771589616
00-0033282,2024_13_SF_BUF,2024,13,0.7000000000000001,5.099317762408667,3,5.249844258567409,5.581430979034693
00-0033307,2024_13_IND_NE,2024,13,7.5,5.615381750707505,3,5.798500029938256,6.056469510349844
00-0033375,2024_13_CHI_DET,2024,13,6.800000000000001,7.142362751179069,3,6.848860396129959,7.57041025124713
00-0033555,2024_13_SF_BUF,2024,13,7.7,5.894645242791642,3,7.489191058722672,6.0500032327449045
00-0033589,2024_13_TB_CAR,2024,13,9.0,9.133269866579068,3,8.277269618366356,9.533173257285736
00-0033591,2024_13_TEN_WAS,2024,13,5.7,6.611682631992178,3,6.682301232251579,7.006735043823277
00-0033857,2024_13_LV_KC,2024,13,2.0,5.7389388919646525,3,6.411770558470897,6.079087697445494
00-0033908,2024_13_LA_NO,2024,13,4.7,19.29690180709177,3,19.52294118498616,18.80560584824576
00-0034272,2024_13_LA_NO,2024,13,11.6,7.614437521223669,3,7.139696053402576,8.044861101364503
00-0034348,2024_13_CLE_DEN,2024,13,16.200000000000003,14.583390561386059,3,14.664890648928775,14.437849045123292
00-0034386,2024_13_LV_KC,2024,13,7.6,4.28330054659637,3,4.763677714725109,4.758174511455572
00-0034407,2024_13_LAC_ATL,2024,13,13.3,10.491368951987324,3,11.490189802826738,10.448826710324289
00-0034827,2024_13_CHI_DET,2024,13,23.700000000000003,10.686896945493158,3,11.902769581327265,10.590106831133689
00-0034837,2024_13_TEN_WAS,2024,13,6.5,13.307246477757907,3,13.076569148057256,13.306940667834333
00-0034960,2024_13_LV_KC,2024,13,15.7,14.129027047018369,3,13.192699585389024,14.2066249408226
00-0035208,2024_13_TEN_WAS,2024,13,4.4,3.7291234700178304,3,3.970604332870336,4.28660442176681
00-0035535,2024_13_NYG_DAL,2024,13,2.8,7.927577336012982,3,9.257479562574868,7.995635757631167
00-0035639,2024_13_PHI_BAL,2024,13,0.0,4.9411452409338175,3,5.504281952728506,5.355930209567564
00-0035640,2024_13_SEA_NYJ,2024,13,10.6,13.200714046338428,3,12.538799760536309,13.28914071342469
00-0035659,2024_13_TEN_WAS,2024,13,27.3,13.684864687842818,3,13.814601884127718,13.590903596178556
00-0035676,2024_13_PHI_BAL,2024,13,11.6,16.124611567975712,3,15.247992070887836,16.05610659112826
00-0035719,2024_13_SF_BUF,2024,13,6.0,11.494047486848489,3,11.840834163385532,11.507050841516648
00-0036182,2024_13_TEN_WAS,2024,13,21.1,9.451442586480646,3,9.96062399329242,9.571731537331807
00-0036252,2024_13_IND_NE,2024,13,9.2,11.33583947002609,3,11.985102791105485,11.30234033833614
00-0036259,2024_13_SF_BUF,2024,13,8.600000000000001,13.762177075319473,3,13.10416191870469,13.811936335567964
00-0036309,2024_13_LAC_ATL,2024,13,5.0,14.563324407605958,3,15.1800287881606,14.317945414668348
00-0036322,2024_13_ARI_MIN,2024,13,16.9,16.769682957020038,3,16.532042893896552,16.536785334655924
00-0036331,2024_13_HOU_JAX,2024,13,4.300000000000001,5.214305214686315,3,5.723120299754816,5.620907386072625
00-0036358,2024_13_NYG_DAL,2024,13,5.9,14.335659540551735,3,14.04452131618538,14.277309846587729
00-0036407,2024_13_CLE_DEN,2024,13,40.5,11.879512031492705,3,11.160233843603558,12.068039798937608
00-0036410,2024_13_PIT_CIN,2024,13,17.9,14.908600091106466,3,14.078345295809026,14.913477612207952
00-0036415,2024_13_PIT_CIN,2024,13,5.3,5.197419957550287,3,5.88410514152899,5.571532268156852
00-0036554,2024_13_HOU_JAX,2024,13,19.9,14.68264970211958,3,14.308895252569064,14.616479305286855
00-0036613,2024_13_MIA_GB,2024,13,11.3,10.758561134692847,3,10.388127750815984,10.956858452233506
00-0036626,2024_13_TEN_WAS,2024,13,7.9,5.7748952064394095,3,7.493843039482725,5.914821875360723
00-0036630,2024_13_PHI_BAL,2024,13,3.4000000000000004,4.969298099932497,3,5.0918400513140165,5.46548606391992
00-0036849,2024_13_LA_NO,2024,13,5.9,8.230682770582968,3,8.482675124817685,8.482069034877338
00-0036900,2024_13_PIT_CIN,2024,13,20.6,16.050049894537516,3,15.530244286731811,15.919117875942264
00-0036963,2024_13_CHI_DET,2024,13,12.3,17.412812636141027,3,18.202685469615343,16.942192076208986
00-0036980,2024_13_CLE_DEN,2024,13,19.200000000000003,8.46196628323906,3,8.94700685253982,8.6536646712741
00-0036988,2024_13_LAC_ATL,2024,13,4.1,7.544277512768838,3,7.872270240930214,7.82766488227059
00-0037231,2024_13_LA_NO,2024,13,7.0,5.442462000635949,3,7.444982967332117,5.551230293296791
00-0037238,2024_13_LAC_ATL,2024,13,17.3,14.969582103239084,3,14.436603616380278,14.914132788106215
00-0037240,2024_13_CHI_DET,2024,13,9.6,12.907830477671459,3,11.46737346282758,13.163245148688922
00-0037247,2024_13_PIT_CIN,2024,13,16.4,14.38934726522302,3,12.816223946895532,14.56976033204689
00-0037261,2024_13_SF_BUF,2024,13,7.0,9.527380380601098,3,9.12323478706831,9.81522541078305
00-0037291,2024_13_ARI_MIN,2024,13,2.8,6.17968748221353,3,7.425358866638239,6.38175215065015
00-0037300,2024_13_CLE_DEN,2024,13,7.3,4.099322591207337,3,4.875126236872003,4.530767984394262
00-0037614,2024_13_HOU_JAX,2024,13,3.6,5.2836813068909505,3,5.740375110824897,5.695451472910709
00-0037664,2024_13_IND_NE,2024,13,9.6,7.975033061091924,3,7.463054877915007,8.3881367411052
00-0037666,2024_13_NYG_DAL,2024,13,6.1000000000000005,8.393794947815074,3,7.814328708018226,8.791368976810134
00-0037740,2024_13_SEA_NYJ,2024,13,9.1,13.899100939335176,3,13.151130038208768,13.956618441077651
00-0037741,2024_13_PHI_BAL,2024,13,1.7000000000000002,5.861659718275019,3,6.094713223368987,6.276668490189321
00-0038117,2024_13_NYG_DAL,2024,13,2.6,11.621919367788546,3,10.835760895067205,11.840494363616823
00-0038124,2024_13_MIA_GB,2024,13,8.7,9.261626871274519,3,8.830759994967703,9.572477431935162
00-0038393,2024_13_MIA_GB,2024,13,7.0,7.807423888850522,3,8.551226029577718,7.9944155161639054
00-0038543,2024_13_SEA_NYJ,2024,13,11.9,13.014798121866061,3,12.498441657340392,13.08826336265649
00-0038544,2024_13_LAC_ATL,2024,13,3.2,8.963122362989575,3,9.588005780217902,9.094524054840576
00-0038559,2024_13_ARI_MIN,2024,13,10.5,9.712427324682977,3,10.04322236409038,9.84881336996479
00-0038563,2024_13_LV_KC,2024,13,13.9,9.817838424718524,3,10.353327357801412,9.908401084621676
00-0038606,2024_13_HOU_JAX,2024,13,24.3,7.31177904362937,3,7.549374234399674,7.627964873027975
00-0038608,2024_13_IND_NE,2024,13,9.1,8.709108976549219,3,8.954037376102088,8.929510298810438
00-0038619,2024_13_PIT_CIN,2024,13,12.5,6.628488815520672,3,7.624310221852383,6.84747433517739
00-0038621,2024_13_IND_NE,2024,13,6.0,9.703807894319539,3,9.988417748618884,9.849508638291724
00-0038976,2024_13_CLE_DEN,2024,13,19.9,4.226184020185924,3,4.625881065082516,4.720171038672108
00-0038977,2024_13_HOU_JAX,2024,13,3.3000000000000003,10.006999578152266,3,9.4175609409652,10.297477509011475
00-0038994,2024_13_ARI_MIN,2024,13,9.4,13.581448860565748,3,13.773335191892963,13.482723358241737
00-0039062,2024_13_NYG_DAL,2024,13,1.2,4.210028301957927,3,4.606858926081189,4.705648700619571
00-0039064,2024_13_PHI_BAL,2024,13,10.1,15.232443384573301,3,15.072788296118508,15.088650575747032
00-0039075,2024_13_LA_NO,2024,13,17.3,18.165052548125537,3,18.688952278089715,17.693902208754
00-0039146,2024_13_MIA_GB,2024,13,19.7,9.909497812826526,3,10.34491609712427,10.012789062711953
00-0039337,2024_13_NYG_DAL,2024,13,15.3,16.20085703622822,3,16.72285451665257,15.862759510875762
00-0039342,2024_13_TB_CAR,2024,13,9.3,9.919781680814339,3,9.211512036092154,10.238619522372314
00-0039424,2024_13_CLE_DEN,2024,13,2.6,6.336899422698153,3,6.725294551352808,6.690431893381648
00-0039849,2024_13_ARI_MIN,2024,13,17.0,13.599307657580745,3,11.981606578381076,13.84152110565942
00-0039855,2024_13_TB_CAR,2024,13,4.5,7.977523419620876,3,7.581312992966002,8.368570220932911
00-0039868,2024_13_CLE_DEN,2024,13,4.800000000000001,4.853677088119616,3,5.712627208567881,5.218440512484699
00-0039880,2024_13_MIA_GB,2024,13,2.8,4.868439836114923,3,5.561445901074097,5.2635816080753655
00-0039890,2024_13_IND_NE,2024,13,0.0,5.938447515445097,3,6.421757802545491,6.300951832519013
00-0039893,2024_13_HOU_JAX,2024,13,18.700000000000003,12.65476883733029,3,11.57904253324216,12.858318343555275
00-0039894,2024_13_LV_KC,2024,13,10.4,8.242867875856287,3,8.34362565640023,8.52202544651431
00-0039915,2024_13_LAC_ATL,2024,13,20.700000000000003,11.813161440401517,3,12.331270145156846,11.77221424710076
00-0039916,2024_13_SF_BUF,2024,13,0.0,6.791186924101745,3,7.321647774162879,7.0871686642927685
00-0039919,2024_13_CHI_DET,2024,13,4.5,11.938329117946598,3,12.507863212030076,11.879202910250072
00-0039920,2024_13_SEA_NYJ,2024,13,0.8,4.495506793457503,3,5.310803207536343,4.892720530886524
00-0030035,2024_14_CAR_PHI,2024,14,19.200000000000003,9.5780756382293,3,9.615489923262222,9.77900853295496
00-0030279,2024_14_CHI_SF,2024,14,6.0,12.510507052301937,3,11.981145490278225,12.620499091582476
00-0030564,2024_14_LAC_KC,2024,14,13.2,7.958421504827951,3,8.33836516439806,8.204008416217121
00-0031236,2024_14_CIN_DAL,2024,14,7.3,6.938173220333879,3,8.43329547489001,7.041833039639242
00-0031381,2024_14_NYJ_MIA,2024,14,25.9,14.363606812570936,3,13.433136383098589,14.42425003007006
00-0031408,2024_14_LV_TB,2024,14,10.9,15.677480565577381,3,15.259499006588005,15.5524655808986
00-0031544,2024_14_BUF_LA,2024,14,15.5,7.397986894310639,3,8.078877092962617,7.624533432950711
00-0032211,2024_14_SEA_ARI,2024,14,0.0,8.280457806577832,3,8.545423976170127,8.526028462139529
00-0032385,2024_14_LV_TB,2024,14,10.3,6.542265258299538,3,7.282810178146077,6.815341768980969
00-0032775,2024_14_BUF_LA,2024,14,0.0,7.279349110938071,3,7.33673959825152,7.631797749351973
00-0033009,2024_14_JAX_TEN,2024,14,1.7000000000000002,6.068389985954548,3,5.643909017322965,6.593755379820505
00-0033040,2024_14_NYJ_MIA,2024,14,28.1,13.7643822073661,3,13.255896218369491,13.78572046216237
00-0033282,2024_14_BUF_LA,2024,14,3.6,5.946799858686984,3,6.363989144925472,6.3212416684849
00-0033375,2024_14_GB_DET,2024,14,22.3,7.03463864827082,3,7.433270050742769,7.339099252895256
00-0033555,2024_14_BUF_LA,2024,14,15.7,8.136571642646203,3,7.812143675426898,8.503301609257003
00-0033589,2024_14_CAR_PHI,2024,14,4.5,8.760585686306218,3,8.25654572089287,9.119119682174569
00-0033857,2024_14_LAC_KC,2024,14,5.1,4.739940664753453,3,4.907484861551416,5.243114352729014
00-0033891,2024_14_SEA_ARI,2024,14,2.3,4.353786092394489,3,3.834567739695406,5.01289557842512
00-0033908,2024_14_BUF_LA,2024,14,20.200000000000003,17.147441924668158,3,17.491658435673838,16.779010640289087
00-0034272,2024_14_NO_NYG,2024,14,9.1,6.605830866474619,3,6.509970410423809,7.032755414114858
00-0034407,2024_14_ATL_MIN,2024,14,18.1,8.684155924589923,3,9.524879654662564,8.793593736651314
00-0034418,2024_14_NO_NYG,2024,14,2.8,4.431450762459546,3,4.215737596529699,5.027928681802943
00-0034521,2024_14_NYJ_MIA,2024,14,2.8,11.703466050544627,3,12.320913005596337,11.651147184302443
00-0034827,2024_14_CHI_SF,2024,14,10.9,10.391257621772278,3,11.518468818121574,10.33120325900231
00-0034837,2024_14_JAX_TEN,2024,14,12.9,13.049213196973614,3,12.32750486340592,13.159180134991072
00-0034960,2024_14_LV_TB,2024,14,13.7,14.765897138193129,3,13.074068349383207,14.94331609470886
00-0035298,2024_14_CLE_PIT,2024,14,6.800000000000001,5.337738526392428,3,6.941265029116798,5.529020882342763
00-0035500,2024_14_SEA_ARI,2024,14,1.5,4.743525688444613,3,4.659298872118883,5.294060468055848
00-0035535,2024_14_NO_NYG,2024,14,4.7,8.900923137933134,3,9.339380138805064,9.071775094844371
00-0035640,2024_14_SEA_ARI,2024,14,8.9,15.985365390971515,3,16.754748593746047,15.615051476259374
00-0035676,2024_14_CAR_PHI,2024,14,8.3,15.013451649468275,3,13.10870704667325,15.214403603357562
00-0035719,2024_14_CHI_SF,2024,14,5.5,12.22215556959145,3,12.201828899133746,12.255382355970744
00-0036182,2024_14_JAX_TEN,2024,14,2.9000000000000004,10.663126175194675,3,11.208871387768854,10.69464540160151
00-0036259,2024_14_CHI_SF,2024,14,28.0,14.493303088617985,3,14.829725275171722,14.305648450736207
00-0036309,2024_14_ATL_MIN,2024,14,20.200000000000003,14.968533146059741,3,15.216218567613812,14.76555166695167
00-0036322,2024_14_ATL_MIN,2024,14,32.2,17.647212285625187,3,18.406370000672133,17.166564049774138
00-0036331,2024_14_JAX_TEN,2024,14,3.1,4.73651679313118,3,4.227201298455001,5.367898162214047
00-0036358,2024_14_CIN_DAL,2024,14,21.4,16.834726350162953,3,15.834349740202844,16.741648092172575
00-0036407,2024_14_CLE_PIT,2024,14,17.4,13.631220819190501,3,12.855151118541857,13.712147968897677
00-0036410,2024_14_CIN_DAL,2024,14,4.300000000000001,16.6858343237369,3,16.26699981082383,16.492860286008334
00-0036415,2024_14_CLE_PIT,2024,14,8.0,6.864648721740789,3,6.236501633281742,7.374729988445745
00-0036613,2024_14_NYJ_MIA,2024,14,20.9,10.425299906947908,3,10.55545901762262,10.551462128719502
00-0036620,2024_14_NYJ_MIA,2024,14,0.0,3.5681477372620574,3,3.5429354983637737,4.1869282182452885
00-0036849,2024_14_BUF_LA,2024,14,7.5,7.707579755293038,3,7.688456202295146,8.045565647798123
00-0036900,2024_14_CIN_DAL,2024,14,45.1,17.7626713192273,3,17.134191588915254,17.536588905826406
00-0036912,2024_14_CAR_PHI,2024,14,13.7,12.68282499737698,3,12.108798554760588,12.789620884381865
00-0036963,2024_14_GB_DET,2024,14,10.3,17.17044085776267,3,17.402436202552632,16.821673931049034
00-0036980,2024_14_CLE_PIT,2024,14,6.4,10.040804745408035,3,9.753725072900194,10.271830801654929
00-0036988,2024_14_LAC_KC,2024,14,13.8,7.519124799870847,3,7.013668870476416,7.961794621542156
00-0037231,2024_14_NO_NYG,2024,14,1.5,6.006352802529922,3,6.4884531382158945,6.364498481541023
00-0037238,2024_14_ATL_MIN,2024,14,12.0,16.723928457824748,3,15.085927613045309,16.75889324426543
00-0037240,2024_14_GB_DET,2024,14,13.0,11.396717194154766,3,11.55496232913591,11.451944042097182
00-0037261,2024_14_BUF_LA,2024,14,21.6,15.008591139390486,3,15.232748025774978,14.807352130982045
00-0037300,2024_14_CLE_PIT,2024,14,2.2,5.914304348296908,3,7.126022677584133,6.1407168642242755
00-0037666,2024_14_CIN_DAL,2024,14,0.0,7.447962062154446,3,6.81229405173434,7.920059034389985
00-0037740,2024_14_NYJ_MIA,2024,14,18.4,14.87611976681904,3,14.744825350962524,14.751036490645436
00-0037741,2024_14_CAR_PHI,2024,14,1.5,4.200274363383535,3,4.510339629066896,4.712958747776963
00-0037837,2024_14_CLE_PIT,2024,14,1.4,5.315244289275836,3,4.654151417758946,5.936226269284904
00-0038117,2024_14_NO_NYG,2024,14,7.800000000000001,11.277383630087366,3,11.604294770843934,11.308781864916217
00-0038124,2024_14_GB_DET,2024,14,13.4,10.378338677359766,3,10.255366913272145,10.555533806432711
00-0038393,2024_14_GB_DET,2024,14,8.9,8.987319529426363,3,9.958931353849778,9.051529329115104
00-0038543,2024_14_SEA_ARI,2024,14,19.6,16.253492687077966,3,15.639797298142648,16.12656898163846
00-0038544,2024_14_LAC_KC,2024,14,15.8,9.37920024523089,3,9.47695622155584,9.58215933371975
00-0038559,2024_14_SEA_ARI,2024,14,13.7,9.763566115659627,3,9.365478990310102,10.03430989043766
00-0038563,2024_14_LV_TB,2024,14,2.7,10.01811450477222,3,10.50545194364648,10.104251500248443
00-0038573,2024_14_LAC_KC,2024,14,2.1,4.568699323836649,3,4.226595220715239,5.179802486755085
00-0038606,2024_14_JAX_TEN,2024,14,3.5,8.590111528891509,3,9.729458645473349,8.649440768243968
00-0038619,2024_14_CIN_DAL,2024,14,8.100000000000001,7.260873047434952,3,7.531120648128829,7.574324168657837
00-0038994,2024_14_ATL_MIN,2024,14,39.3,12.417475714228036,3,11.737284064973174,12.562270581836913
00-0039075,2024_14_BUF_LA,2024,14,41.8,17.972114132668843,3,18.606094865234404,17.493184512240283
00-0039146,2024_14_GB_DET,2024,14,0.0,9.923635130011641,3,10.053392285669789,10.08376380550507
00-0039236,2024_14_CAR_PHI,2024,14,0.0,4.9050602081503945,3,4.182019628207139,5.565465258410473
00-0039337,2024_14_NO_NYG,2024,14,14.9,15.572010877036975,3,16.9219243605507,15.119858512423496
00-0039342,2024_14_CAR_PHI,2024,14,5.9,9.786896774798373,3,10.156141839382368,9.91098207435351
00-0039849,2024_14_SEA_ARI,2024,14,8.9,13.777034908094823,3,13.546582107392904,13.74494962881314
00-0039855,2024_14_LV_TB,2024,14,21.9,8.278785547510564,3,8.075875871029698,8.612932199727304
00-0039880,2024_14_NYJ_MIA,2024,14,0.0,4.8066241666298595,3,5.052464129145539,5.290489313934295
00-0039893,2024_14_JAX_TEN,2024,14,16.6,12.633820114597972,3,10.969701986786063,12.950034261747556
00-0039894,2024_14_LAC_KC,2024,14,9.6,11.107031865928768,3,10.998014492481891,11.23236100553201
00-0039916,2024_14_CHI_SF,2024,14,1.5,4.852041537997752,3,5.26912025762281,5.300461721973522
00-0039919,2024_14_CHI_SF,2024,14,20.2,10.855981676999512,3,10.757453288761525,10.996287566195647
00-0030035,2024_15_DAL_CAR,2024,15,10.1,11.958756911212053,3,11.965834891075689,12.00459635242646
00-0030279,2024_15_CHI_MIN,2024,15,20.200000000000003,13.492256252422797,3,12.418729157518015,13.638812664671892
00-0030431,2024_15_MIA_HOU,2024,15,3.2,4.419369031580943,3,4.8816629204004665,4.888469829717375
00-0030564,2024_15_KC_CLE,2024,15,8.6,7.282344324166706,3,6.901048931138817,7.717534588244881
00-0031236,2024_15_DAL_CAR,2024,15,6.4,6.363315218674552,3,7.478678188452341,6.577612632184236
00-0031381,2024_15_NYJ_JAX,2024,15,42.8,15.140396997444542,3,14.688238789308754,15.058127124541013
00-0031408,2024_15_TB_LAC,2024,15,36.9,13.913995105270898,3,12.277375793708352,14.138526475604476
00-0032211,2024_15_GB_SEA,2024,15,3.2,8.521418150246138,3,8.847567686753974,8.739142327518467
00-0032385,2024_15_TB_LAC,2024,15,2.6,6.944389312721616,3,7.895937451968641,7.150404776560169
00-0032775,2024_15_LA_SF,2024,15,0.0,8.453101036798298,3,9.202145093475458,8.595482204427615
00-0033009,2024_15_CIN_TEN,2024,15,5.9,5.443630003706557,3,6.315947167301074,5.766011225394012
00-0033040,2024_15_MIA_HOU,2024,15,5.6,16.898231996078337,3,15.99124186308654,16.783206623707674
00-0033307,2024_15_NE_ARI,2024,15,7.4,5.788015972334627,3,6.030461683922125,6.2062240001259035
00-0033375,2024_15_BUF_DET,2024,15,13.0,8.682944309145597,3,8.98399077913948,8.894502758901389
00-0033536,2024_15_PIT_PHI,2024,15,2.5,3.7162004560306263,3,4.124737075345699,4.242968581718387
00-0033555,2024_15_BUF_DET,2024,15,1.7000000000000002,5.965477093009863,3,6.330883647309385,6.348447897609742
00-0033589,2024_15_DAL_CAR,2024,15,3.9,6.508856855679825,3,7.520316897949691,6.732967374339862
00-0033857,2024_15_KC_CLE,2024,15,7.7,4.686404014110355,3,5.550940687682609,5.061411464202043
00-0033908,2024_15_LA_SF,2024,15,0.0,16.11765103007945,3,15.313771278300608,16.03586310511882
00-0034272,2024_15_WAS_NO,2024,15,8.8,8.484249020351081,3,7.621489955697311,8.929275563563964
00-0034348,2024_15_IND_DEN,2024,15,12.2,13.581332470982483,3,14.642194029228254,13.318314454877708
00-0034386,2024_15_KC_CLE,2024,15,0.0,4.416608737793487,3,5.074453128338502,4.848922549950444
00-0034407,2024_15_ATL_LV,2024,15,2.4000000000000004,8.537503542590768,3,8.657478962662513,8.793123162105612
00-0034418,2024_15_WAS_NO,2024,15,4.84,4.992385058465913,3,5.020443639103658,5.5048776825435395
00-0034521,2024_15_NYJ_JAX,2024,15,0.0,9.905042654089328,3,9.601337067426602,10.148383774575906
00-0034827,2024_15_CHI_MIN,2024,15,15.0,10.888915092692368,3,11.7819821662998,10.839511492530606
00-0034837,2024_15_CIN_TEN,2024,15,9.0,12.966426820338379,3,13.13044234098699,12.914519371168108
00-0034860,2024_15_WAS_NO,2024,15,4.4,5.344812053294441,3,5.694260341889447,5.772729780233397
00-0034960,2024_15_ATL_LV,2024,15,10.9,15.31898265651314,3,15.027762147753483,15.194219165657849
00-0035208,2024_15_WAS_NO,2024,15,6.6,4.29747912711278,3,4.636280364592226,4.798163531620009
00-0035535,2024_15_BAL_NYG,2024,15,2.6,8.21018220049901,3,9.167775708969687,8.329542767530105
00-0035640,2024_15_GB_SEA,2024,15,5.800000000000001,14.865612228274033,3,15.47302711776582,14.601568284607907
00-0035659,2024_15_WAS_NO,2024,15,26.3,15.292210025258003,3,15.271492870315624,15.118110110978655
00-0035676,2024_15_PIT_PHI,2024,15,25.0,15.159204530810328,3,14.00874888044239,15.207693789940908
00-0035719,2024_15_LA_SF,2024,15,4.9,11.520356390530303,3,10.36246944693862,11.816076656505755
00-0036182,2024_15_CIN_TEN,2024,15,2.9,9.713200007375988,3,10.48856634454374,9.765477105349236
00-0036252,2024_15_IND_DEN,2024,15,9.8,11.37513034191463,3,11.200028111022077,11.494842736464056
00-0036259,2024_15_LA_SF,2024,15,5.1,15.753643772547791,3,16.35960463275299,15.429882908209487
00-0036309,2024_15_ATL_LV,2024,15,0.0,14.48382224804621,3,13.602149938289344,14.52711775233809
00-0036322,2024_15_CHI_MIN,2024,15,20.3,16.38101281941787,3,14.824757628234826,16.42368765253706
00-0036331,2024_15_NYJ_JAX,2024,15,7.2,4.5101853390686495,3,5.377094761698209,4.896648789595038
00-0036358,2024_15_DAL_CAR,2024,15,26.6,13.560702357823695,3,13.222032081952266,13.563692715862665
00-0036407,2024_15_KC_CLE,2024,15,21.8,13.629166006934469,3,12.69832783655943,13.739494621420263
00-0036410,2024_15_CIN_TEN,2024,15,19.8,14.821829639868206,3,15.238603757694449,14.59678863118872
00-0036415,2024_15_PIT_PHI,2024,15,1.0,7.633790722964404,3,7.480164529498436,8.002192419958597
00-0036550,2024_15_BAL_NYG,2024,15,23.0,8.808319247370061,3,8.838623444064469,9.062598118672389
00-0036554,2024_15_MIA_HOU,2024,15,17.7,16.255576932670117,3,15.59836619553096,16.136740032635817
00-0036613,2024_15_MIA_HOU,2024,15,0.0,8.638612360647262,3,8.265971992177182,8.980542173534632
00-0036626,2024_15_WAS_NO,2024,15,6.0,8.339156545555504,3,8.848959643375823,8.534469522194943
00-0036900,2024_15_CIN_TEN,2024,15,18.4,18.173991313519373,3,16.921177765516983,18.03816689155607
00-0036912,2024_15_PIT_PHI,2024,15,28.0,13.047854144725754,3,12.851087410250791,13.058660235221511
00-0036955,2024_15_ATL_LV,2024,15,1.7000000000000002,4.303778163861677,3,4.2783721347703425,4.8728990526225004
00-0036963,2024_15_BUF_DET,2024,15,37.3,17.366732792160782,3,16.598319132933675,17.193856221299203
00-0036980,2024_15_KC_CLE,2024,15,1.9,9.433406439012893,3,9.651812509466216,9.60989181325473
00-0036988,2024_15_TB_LAC,2024,15,3.0,8.99199448830848,3,8.641545259073904,9.305855464791785
00-0037231,2024_15_WAS_NO,2024,15,1.8,7.453878850529112,3,7.596644701985962,7.77839472422543
00-0037238,2024_15_ATL_LV,2024,15,14.3,15.539047426647228,3,15.209318682359626,15.406698140287087
00-0037240,2024_15_BUF_DET,2024,15,12.7,12.601671223987736,3,11.761359655633049,12.76429705216125
00-0037261,2024_15_BUF_DET,2024,15,15.9,13.180322665945557,3,12.213152804038586,13.327842699245515
00-0037291,2024_15_CHI_MIN,2024,15,1.5,5.5026601481270605,3,6.932940031069137,5.71555744509274
00-0037300,2024_15_KC_CLE,2024,15,2.7,4.248715075515386,3,5.414876499437498,4.596261717030442
00-0037614,2024_15_MIA_HOU,2024,15,3.7,4.49763325797369,3,5.022562117612814,4.949604212980128
00-0037664,2024_15_IND_DEN,2024,15,0.0,5.753704159827956,3,5.765890175605966,6.217766212350709
00-0037666,2024_15_DAL_CAR,2024,15,8.1,5.320707449892113,3,5.997818482931422,5.688301173698841
00-0037740,2024_15_NYJ_JAX,2024,15,14.6,14.906402224703532,3,14.934980211741722,14.749045517928431
00-0037741,2024_15_PIT_PHI,2024,15,0.0,4.428849690862804,3,5.041453906001193,4.8688902816102555
00-0037816,2024_15_GB_SEA,2024,15,19.0,8.964765150289537,3,8.598908330162159,9.283378801819
00-0037837,2024_15_PIT_PHI,2024,15,11.5,8.31983066995136,3,7.4072668879985395,8.785381418663182
00-0038117,2024_15_BAL_NYG,2024,15,7.800000000000001,11.48470049271309,3,12.178090682753172,11.432801677904507
00-0038124,2024_15_GB_SEA,2024,15,8.600000000000001,9.384563333067407,3,8.71603542675565,9.732044255284418
00-0038393,2024_15_GB_SEA,2024,15,3.4000000000000004,5.1880492654941746,3,6.085605298661119,5.522924486992129
00-0038543,2024_15_GB_SEA,2024,15,18.3,15.359564097309933,3,15.20337895492256,15.206527448818616
00-0038544,2024_15_TB_LAC,2024,15,15.5,10.19079780362904,3,10.368831343476357,10.32375024801582
00-0038559,2024_15_NE_ARI,2024,15,2.9,8.927873494945464,3,8.83518716028907,9.197330039121864
00-0038563,2024_15_ATL_LV,2024,15,3.8,10.439731813999309,3,10.72767862606292,10.5350855668951
00-0038606,2024_15_NYJ_JAX,2024,15,8.4,8.28438130500376,3,8.496186176660627,8.53973830902168
00-0038608,2024_15_NE_ARI,2024,15,3.9,9.333462171097057,3,9.900422412366574,9.450796945259205
00-0038619,2024_15_CIN_TEN,2024,15,1.5,8.157132587880625,3,8.474860382401223,8.40105876262528
00-0038621,2024_15_NE_ARI,2024,15,10.1,9.83695401921022,3,9.923510524784431,10.011106629421771
00-0038977,2024_15_MIA_HOU,2024,15,6.1000000000000005,8.645200592949653,3,9.362246065515391,8.780654378459259
00-0038994,2024_15_CHI_MIN,2024,15,13.3,14.024062360506493,3,13.150977548871651,14.096793723414056
00-0038997,2024_15_IND_DEN,2024,15,6.2,12.862550720530825,3,12.694112375094177,12.880519011232446
00-0039064,2024_15_BAL_NYG,2024,15,11.3,13.766650026233075,3,12.569263273274782,13.918088104757883
00-0039075,2024_15_LA_SF,2024,15,17.8,19.482115393763834,3,18.155609683318023,19.271852621428323
00-0039146,2024_15_GB_SEA,2024,15,11.1,8.7335493972046,3,9.882174013622953,8.78143441970935
00-0039337,2024_15_BAL_NYG,2024,15,24.200000000000003,16.01964044658211,3,15.768567674599206,15.839952451690664
00-0039342,2024_15_DAL_CAR,2024,15,2.9,6.614106174501754,3,6.628979471065636,7.019534833353012
00-0039424,2024_15_IND_DEN,2024,15,0.0,6.2182958787266225,3,6.252534145780833,6.64680248221827
00-0039491,2024_15_DAL_CAR,2024,15,21.0,7.7962988986342285,3,7.71394048692836,8.140247332464167
00-0039849,2024_15_NE_ARI,2024,15,5.2,13.538146428560822,3,12.850704668109612,13.608604095616094
00-0039855,2024_15_TB_LAC,2024,15,18.5,7.5806832108844215,3,8.668881590167882,7.717876249305073
00-0039868,2024_15_IND_DEN,2024,15,2.9,4.543339652151583,3,5.587123609209032,4.894121004875235
00-0039880,2024_15_MIA_HOU,2024,15,10.2,5.270786797681133,3,5.416175583003191,5.742287662034272
00-0039890,2024_15_IND_DEN,2024,15,-3.0,4.496800705573302,3,5.188460454016853,4.917303475498382
00-0039893,2024_15_NYJ_JAX,2024,15,32.5,14.111421861415673,3,13.95878143169636,14.042034470248309
00-0039894,2024_15_KC_CLE,2024,15,19.6,10.385003669462952,3,10.57122883560449,10.503287525430007
00-0039901,2024_15_BUF_DET,2024,15,7.4,8.741783892656075,3,9.994936463796162,8.769349136783152
00-0039907,2024_15_NE_ARI,2024,15,0.0,4.0502657244245865,3,4.858338052600805,4.4789240424584005
00-0039915,2024_15_TB_LAC,2024,15,16.8,15.94559401241103,3,16.129095565879798,15.6887417135361
00-0039916,2024_15_LA_SF,2024,15,2.6,5.10286356117765,3,5.526074110416329,5.533179850274023
00-0039919,2024_15_CHI_MIN,2024,15,5.9,11.550785541243409,3,11.648827924715594,11.606986909365345
00-0030035,2024_16_ARI_CAR,2024,16,15.3,8.785124312798095,3,8.040039846924936,9.18757575754856
00-0030279,2024_16_DET_CHI,2024,16,29.1,14.055872155312997,3,14.406533928078218,13.895076260400836
00-0030431,2024_16_HOU_KC,2024,16,4.9,4.908100272951285,3,6.017794656687057,5.221777935835205
00-0030564,2024_16_HOU_KC,2024,16,7.7,7.985999242383054,3,8.062222717678356,8.287148617071947
00-0031236,2024_16_TB_DAL,2024,16,7.800000000000001,9.173669881076178,3,9.900384402585594,9.271594243998422
00-0031381,2024_16_LA_NYJ,2024,16,19.8,17.122466806258984,3,17.574363382886073,16.73536327011699
00-0031408,2024_16_TB_DAL,2024,16,11.9,16.714996030609996,3,17.52526759178551,16.287660290592207
00-0031544,2024_16_NE_BUF,2024,16,2.0,7.486053625909815,3,8.824689213801646,7.582288364444511
00-0031941,2024_16_PHI_WAS,2024,16,15.5,4.338080098781591,3,5.5599516183525095,4.669056283870162
00-0032211,2024_16_MIN_SEA,2024,16,3.9,7.4053310901576275,3,7.62549939418027,7.718491885829167
00-0032775,2024_16_LA_NYJ,2024,16,0.0,7.418981185604457,3,7.925100311964171,7.677154050720077
00-0033009,2024_16_TEN_IND,2024,16,4.0,6.029130096144904,3,7.523313149828969,6.194378790874201
00-0033040,2024_16_SF_MIA,2024,16,11.9,14.320764413524083,3,14.297865421910494,14.212703985509314
00-0033307,2024_16_NE_BUF,2024,16,3.8,7.381365842080665,3,8.277918948123041,7.568259044525034
00-0033375,2024_16_DET_CHI,2024,16,0.0,6.628436979813199,3,6.555255688055144,7.049546315456691
00-0033536,2024_16_PIT_BAL,2024,16,5.4,3.688502179736725,3,4.291003791904605,4.180467807297248
00-0033555,2024_16_NE_BUF,2024,16,4.5,7.171915635191095,3,7.2145601653340865,7.534410120060855
00-0033589,2024_16_ARI_CAR,2024,16,11.9,9.077660911122186,3,9.169617536230508,9.302087289101053
00-0033857,2024_16_HOU_KC,2024,16,0.0,4.593302468197958,3,5.230653283256038,5.01755435910834
00-0033908,2024_16_LA_NYJ,2024,16,5.4,14.48504895136741,3,14.36486829805734,14.384283526166168
00-0033943,2024_16_JAX_LV,2024,16,0.0,4.809431668986789,3,5.058957179326447,5.292410312495791
00-0034348,2024_16_DEN_LAC,2024,16,10.0,15.078812507154584,3,14.652698148374904,14.99577882730064
00-0034386,2024_16_HOU_KC,2024,16,0.0,4.6057894768818235,3,4.66228969169374,5.139021378025984
00-0034407,2024_16_NYG_ATL,2024,16,5.7,11.06450092268868,3,11.211903280485092,11.144221049920654
00-0034418,2024_16_NO_GB,2024,16,2.3,6.163473034974244,3,5.315109009262058,6.7625601458795135
00-0034521,2024_16_LA_NYJ,2024,16,4.0,8.788925179976884,3,8.456883053332314,9.113024402853908
00-0034827,2024_16_DET_CHI,2024,16,14.0,11.06233417396615,3,11.609660358989885,11.06658559328524
00-0034837,2024_16_TEN_IND,2024,16,16.8,13.567723846833646,3,13.493915553049336,13.520161421731173
00-0034860,2024_16_NO_GB,2024,16,5.1,6.581108738460724,3,6.488899481500795,7.00901306784959
00-0034960,2024_16_JAX_LV,2024,16,6.1000000000000005,14.407803932463056,3,14.273120532130672,14.314998958347005
00-0035208,2024_16_PHI_WAS,2024,16,24.0,6.013157228595411,3,6.434840228020555,6.382266558319442
00-0035535,2024_16_NYG_ATL,2024,16,3.7,9.01449823631748,3,9.59026730912545,9.15171541248795
00-0035640,2024_16_MIN_SEA,2024,16,14.7,14.283112961688941,3,14.445785755359111,14.142509367011067
00-0035659,2024_16_PHI_WAS,2024,16,17.0,14.794100330655725,3,14.926725613073616,14.624657679218853
00-0035676,2024_16_PHI_WAS,2024,16,23.700000000000003,15.566501471185822,3,14.428462270270614,15.585127762950105
00-0035719,2024_16_SF_MIA,2024,16,25.1,10.76163865787115,3,10.32887690436542,10.971512726877098
00-0036182,2024_16_TEN_IND,2024,16,9.7,9.386335550335291,3,9.958465060987391,9.499121038678144
00-0036252,2024_16_TEN_IND,2024,16,3.9,12.55301847212822,3,12.677317824008249,12.536548511875475
00-0036259,2024_16_SF_MIA,2024,16,9.1,14.386356904133143,3,14.252270381630954,14.294887951079073
00-0036309,2024_16_NYG_ATL,2024,16,13.2,13.511423017759798,3,13.800023135224086,13.399142144644918
00-0036322,2024_16_MIN_SEA,2024,16,36.4,15.848800073425783,3,14.430667735119547,15.901313657791562
00-0036358,2024_16_TB_DAL,2024,16,17.5,14.073166292056497,3,14.633033148247272,13.871646891975455
00-0036407,2024_16_CLE_CIN,2024,16,4.0,15.660649408592237,3,16.543236979505135,15.290868028890806
00-0036410,2024_16_CLE_CIN,2024,16,19.8,14.31397835896805,3,14.360654242035126,14.193221589302626
00-0036415,2024_16_PIT_BAL,2024,16,4.7,7.404588311204188,3,7.326626269262956,7.774167898853483
00-0036463,2024_16_NYG_ATL,2024,16,2.7,4.440434322524801,3,4.7280641829993435,4.941136411488942
00-0036550,2024_16_PIT_BAL,2024,16,8.4,10.046852275826973,3,9.288564502619764,10.366562852570778
00-0036554,2024_16_HOU_KC,2024,16,13.0,15.492293995243896,3,14.560736102887349,15.47689325700506
00-0036626,2024_16_PHI_WAS,2024,16,7.6,6.90438959002618,3,8.005009286852525,7.084921760678691
00-0036900,2024_16_CLE_CIN,2024,16,22.4,18.825696554721233,3,19.27806989210927,18.323439524374656
00-0036912,2024_16_PHI_WAS,2024,16,11.1,14.655151238724741,3,15.150412016156633,14.426530587924224
00-0036955,2024_16_JAX_LV,2024,16,0.0,4.305903554759731,3,4.570242438534317,4.82009771284971
00-0036963,2024_16_DET_CHI,2024,16,19.0,17.42584034382226,3,16.583543011660293,17.262940165212274
00-0036980,2024_16_CLE_CIN,2024,16,4.1,9.446819816650462,3,9.19718603035616,9.710893072715177
00-0036988,2024_16_DEN_LAC,2024,16,9.1,6.512172141893896,3,7.508062200859153,6.739002567776911
00-0037231,2024_16_NO_GB,2024,16,2.7,7.285657308301246,3,8.3639533106141,7.444653389308019
00-0037238,2024_16_NYG_ATL,2024,16,10.9,14.5227029479051,3,14.217714015308283,14.454336158539885
00-0037240,2024_16_DET_CHI,2024,16,26.0,11.826194507882041,3,11.05399066226028,12.028331043634688
00-0037261,2024_16_NE_BUF,2024,16,4.2,14.08152285382081,3,13.93044698458741,14.013859502082903
00-0037291,2024_16_MIN_SEA,2024,16,1.5,4.820340483958189,3,4.9884325296119645,5.317979099703192
00-0037300,2024_16_CLE_CIN,2024,16,0.0,4.095873523378328,3,4.659055593651129,4.56775307340126
00-0037740,2024_16_LA_NYJ,2024,16,11.4,15.26985522870701,3,16.395305283832755,14.88055541925399
00-0037801,2024_16_TB_DAL,2024,16,2.8,6.887906800565668,3,7.810687450748178,7.103177171849502
00-0037816,2024_16_NO_GB,2024,16,4.0,8.414384164461618,3,8.391373276543462,8.705356186773738
00-0037837,2024_16_PIT_BAL,2024,16,10.5,8.893064594589891,3,8.257699608809984,9.26747895806082
00-0038117,2024_16_NYG_ATL,2024,16,13.2,12.359317883674795,3,11.90811101654673,12.464746656386282
00-0038124,2024_16_NO_GB,2024,16,2.3000000000000003,6.848797955860218,3,6.042943876651781,7.393549757926603
00-0038393,2024_16_NO_GB,2024,16,10.3,5.6920147811444,3,6.529809927445957,6.004143332438413
00-0038543,2024_16_MIN_SEA,2024,16,24.0,15.405756345776277,3,15.36118134748242,15.228496589910064
00-0038544,2024_16_DEN_LAC,2024,16,4.8,9.80536574225798,3,10.010506302508707,9.959231201352576
00-0038559,2024_16_ARI_CAR,2024,16,6.4,8.88305139206832,3,9.77005130055562,8.970303017235066
00-0038563,2024_16_JAX_LV,2024,16,5.300000000000001,9.787429224069971,3,10.326636993202516,9.879343073103836
00-0038606,2024_16_JAX_LV,2024,16,11.4,8.978936487547085,3,8.698899418920904,9.280366521076092
00-0038608,2024_16_NE_BUF,2024,16,20.5,9.044495083776681,3,9.602332599465337,9.183076179748218
00-0038618,2024_16_HOU_KC,2024,16,1.8,4.875113315491289,3,6.022605967524689,5.183872785441796
00-0038619,2024_16_CLE_CIN,2024,16,14.3,6.836191105871493,3,7.1315502048223856,7.173584106632357
00-0038621,2024_16_NE_BUF,2024,16,7.9,8.658913769889327,3,9.37652629590457,8.793333933416687
00-0038824,2024_16_TB_DAL,2024,16,9.7,4.226478532589901,3,4.698971014557281,4.706681951096606
00-0038976,2024_16_DEN_LAC,2024,16,9.5,6.729494117558565,3,7.275543609914964,7.0266961730761
00-0038977,2024_16_HOU_KC,2024,16,21.8,7.078895573474969,3,7.708588347544671,7.3366787257326145
00-0038994,2024_16_MIN_SEA,2024,16,14.5,13.971330236852314,3,13.76793342371771,13.92100357048093
00-0038997,2024_16_TEN_IND,2024,16,15.1,10.923858877693284,3,11.25284969008264,10.978746611641226
00-0039064,2024_16_PIT_BAL,2024,16,15.3,14.60699349849176,3,14.358796209090416,14.52219457144901
00-0039075,2024_16_LA_NYJ,2024,16,13.6,19.365893424026467,3,18.517607371780933,19.07306337194133
00-0039146,2024_16_NO_GB,2024,16,11.1,9.070902768063668,3,10.119176745331574,9.114971222096797
00-0039337,2024_16_NYG_ATL,2024,16,13.8,17.530217771716785,3,16.516263857658537,17.39272202197011
00-0039410,2024_16_TB_DAL,2024,16,7.1000000000000005,4.544124447580215,3,4.704934144663119,5.061800008495788
00-0039424,2024_16_DEN_LAC,2024,16,10.1,6.261785247154705,3,6.78765531719315,6.594399231188165
00-0039491,2024_16_ARI_CAR,2024,16,2.8,8.70234872104949,3,9.05097862787299,8.903599509489089
00-0039623,2024_16_NO_GB,2024,16,0.0,3.691648034863606,3,5.200752652957523,4.011986340452515
00-0039849,2024_16_ARI_CAR,2024,16,7.9,12.459727962822136,3,11.695985560436318,12.617465689954736
00-0039855,2024_16_TB_DAL,2024,16,16.7,10.269276556390716,3,11.049665301760452,10.28303775390873
00-0039868,2024_16_DEN_LAC,2024,16,4.5,5.190990336387421,3,5.728428871189927,5.593755625127562
00-0039880,2024_16_SF_MIA,2024,16,5.800000000000001,8.575739407869923,3,7.719991512558297,9.013259600632209
00-0039890,2024_16_TEN_IND,2024,16,4.6,8.042902816076767,3,8.226727413506115,8.31986347002577
00-0039893,2024_16_JAX_LV,2024,16,28.200000000000003,15.630046214084787,3,14.660218213322583,15.612575361658322
00-0039894,2024_16_HOU_KC,2024,16,20.5,12.181524078297992,3,11.85882706521596,12.274666049555927
00-0039901,2024_16_NE_BUF,2024,16,2.7,7.96967130121395,3,9.13344591502194,8.066296389175932
00-0039915,2024_16_DEN_LAC,2024,16,14.7,15.023098841177712,3,13.773733777841334,15.09948402367994
00-0039916,2024_16_SF_MIA,2024,16,7.7,6.439722709294685,3,6.30078096814576,6.886014394662615
00-0039919,2024_16_DET_CHI,2024,16,9.7,11.368995065204329,3,11.84128461383485,11.366717163920477
00-0030035,2024_17_CAR_TB,2024,17,28.0,12.848581235625588,3,11.830236340486064,13.02818823944436
00-0030279,2024_17_SEA_CHI,2024,17,7.5,13.976973816001594,3,14.504823964310344,13.788006310690973
00-0030431,2024_17_BAL_HOU,2024,17,4.1,4.899780404968247,3,4.225461575293603,5.551330135047769
00-0030564,2024_17_KC_PIT,2024,17,2.7,7.367320176113445,3,7.137925292369239,7.7680494194294045
00-0031236,2024_17_DAL_PHI,2024,17,9.2,6.398309071306189,3,7.345734959426399,6.641994929219983
00-0031381,2024_17_NYJ_BUF,2024,17,9.7,15.820601105609699,3,15.915368890905418,15.588970048205166
00-0031408,2024_17_CAR_TB,2024,17,29.700000000000003,13.779251452482395,3,13.38614713383894,13.777769559535727
00-0031941,2024_17_ATL_WAS,2024,17,5.5,5.280658906614126,3,5.295911800020697,5.776098127862422
00-0032211,2024_17_SEA_CHI,2024,17,5.0,7.008255180394278,3,7.872615072369555,7.226441129123055
00-0032775,2024_17_ARI_LA,2024,17,0.0,8.482774090004755,3,8.933310549449086,8.679590606625961
00-0033009,2024_17_TEN_JAX,2024,17,3.4000000000000004,7.075223849983128,3,6.994300735258107,7.467613836940503
00-0033040,2024_17_MIA_CLE,2024,17,19.5,13.46828266591562,3,13.779517387989364,13.35463657261899
00-0033307,2024_17_LAC_NE,2024,17,4.2,7.533242407290869,3,8.061407740272577,7.779527885594042
00-0033375,2024_17_DET_SF,2024,17,2.0,5.547029175493843,3,5.94909778283097,5.951336807708944
00-0033536,2024_17_KC_PIT,2024,17,0.0,4.211108600084937,3,4.701498973979722,4.688966328449914
00-0033555,2024_17_NYJ_BUF,2024,17,5.300000000000001,5.173196913559672,3,5.405855493937082,5.634790133390482
00-0033857,2024_17_KC_PIT,2024,17,3.8,4.597086578957637,3,5.035427092129849,5.058710448168953
00-0033891,2024_17_ARI_LA,2024,17,2.9000000000000004,4.7041566229093945,3,4.809900610145816,5.221432532191349
00-0033908,2024_17_ARI_LA,2024,17,3.9,15.299627923658454,3,14.344826488454244,15.301637673351768
00-0034272,2024_17_LV_NO,2024,17,0.0,8.30509729909995,3,7.089510838907119,8.828936999357666
00-0034348,2024_17_DEN_CIN,2024,17,16.5,14.592250592377148,3,15.098136944247358,14.36587023939235
00-0034386,2024_17_KC_PIT,2024,17,14.0,3.989343215786193,3,4.043797596272976,4.564606560433407
00-0034407,2024_17_ATL_WAS,2024,17,3.7,8.14103009060946,3,8.48794539873426,8.380525493601645
00-0034418,2024_17_LV_NO,2024,17,4.7,5.920075423482737,3,5.122926531913991,6.525922062248865
00-0034521,2024_17_NYJ_BUF,2024,17,1.9,8.929435750094814,3,9.531554922139062,9.067417294486306
00-0034777,2024_17_LAC_NE,2024,17,0.0,2.9399576233764892,3,3.4471930933594352,3.500504234113988
00-0034827,2024_17_SEA_CHI,2024,17,12.2,10.6778585056728,3,12.130801080753594,10.536855297226827
00-0034837,2024_17_TEN_JAX,2024,17,14.1,12.73970636124468,3,12.78279488154038,12.72597935190852
00-0034854,2024_17_ATL_WAS,2024,17,1.9,3.5737501080264824,3,3.902084873289465,4.1253056689765515
00-0034960,2024_17_LV_NO,2024,17,17.1,13.406248480447358,3,13.08576415332854,13.416234636278176
00-0035208,2024_17_ATL_WAS,2024,17,23.3,7.911739858786458,3,7.992947654637368,8.216963494736955
00-0035535,2024_17_IND_NYG,2024,17,10.2,8.135985234082433,3,7.957096345086591,8.475237201531968
00-0035640,2024_17_SEA_CHI,2024,17,7.2,13.945618882564203,3,14.337971796343524,13.784388556291663
00-0035659,2024_17_ATL_WAS,2024,17,1.5,15.467336788560077,3,16.24227342016408,15.130968795239138
00-0035662,2024_17_KC_PIT,2024,17,8.600000000000001,4.2726470073057055,3,4.470679553588819,4.801624629706245
00-0035676,2024_17_DAL_PHI,2024,17,12.6,16.01931104077704,3,16.42676912729891,15.715134421692747
00-0035719,2024_17_DET_SF,2024,17,9.1,13.027748275469603,3,13.211985436658985,12.967874814679082
00-0036182,2024_17_TEN_JAX,2024,17,6.7,8.972604592788107,3,9.914498088327049,9.04342742933233
00-0036252,2024_17_IND_NYG,2024,17,25.9,11.502602047636252,3,11.358703050236304,11.607803255093543
00-0036259,2024_17_DET_SF,2024,17,13.7,14.944987046779891,3,15.239926577036938,14.734661737433882
00-0036309,2024_17_ATL_WAS,2024,17,5.7,13.818871741881075,3,14.950135261174836,13.526495367540416
00-0036322,2024_17_GB_MIN,2024,17,17.200000000000003,18.90404723835669,3,17.137320316643667,18.81607068651133
00-0036407,2024_17_MIA_CLE,2024,17,21.4,12.956545153035101,3,13.071099304366854,12.9146571145337
00-0036410,2024_17_DEN_CIN,2024,17,40.1,13.567368809715482,3,13.213979523900916,13.572691787005938
00-0036415,2024_17_KC_PIT,2024,17,0.0,4.542179640968571,3,4.654981493527681,5.069063606831254
00-0036550,2024_17_BAL_HOU,2024,17,2.2,7.616370542494369,3,7.084883309839332,8.057392668204027
00-0036554,2024_17_BAL_HOU,2024,17,8.9,15.917605114751245,3,15.515567413495392,15.773353716877674
00-0036620,2024_17_MIA_CLE,2024,17,1.8,3.399066992145986,3,3.5076521146466315,4.003972323697433
00-0036630,2024_17_BAL_HOU,2024,17,1.2,4.452985742156545,3,3.981108942578812,5.096442655396267
00-0036900,2024_17_DEN_CIN,2024,17,19.200000000000003,18.492871539407382,3,17.95538283889377,18.200255723791173
00-0036912,2024_17_DAL_PHI,2024,17,30.0,13.92292873084353,3,13.445382647677455,13.927706297185567
00-0036955,2024_17_LV_NO,2024,17,3.8,3.0881506228422704,3,2.8085626143718008,3.78745355068955
00-0036963,2024_17_DET_SF,2024,17,20.0,16.81074235643956,3,15.067947359429608,16.85965616499989
00-0036980,2024_17_MIA_CLE,2024,17,1.1,6.818369970545801,3,7.620191865675187,7.061208091868298
00-0036988,2024_17_LAC_NE,2024,17,8.100000000000001,5.493272419623204,3,5.0803775705594605,6.055299812401659
00-0037231,2024_17_LV_NO,2024,17,3.3000000000000003,5.396481505593227,3,5.735738866330424,5.8228354887688205
00-0037238,2024_17_ATL_WAS,2024,17,17.6,15.488175677258559,3,15.68256037265169,15.26016700523012
00-0037240,2024_17_DET_SF,2024,17,24.5,12.633894375811364,3,11.613333555256428,12.828423733646927
00-0037247,2024_17_KC_PIT,2024,17,8.0,14.193890925054825,3,12.755156529409122,14.362098822872914
00-0037261,2024_17_NYJ_BUF,2024,17,5.5,10.61608903022941,3,9.972998208315092,10.87556354553432
00-0037291,2024_17_GB_MIN,2024,17,19.1,5.40535637670043,3,6.190350210938372,5.746833757197059
00-0037300,2024_17_MIA_CLE,2024,17,1.3,3.2981420079918387,3,4.438272344809282,3.7148273370754232
00-0037614,2024_17_BAL_HOU,2024,17,9.8,7.312940890593653,3,6.920788659675863,7.748116916406383
00-0037664,2024_17_IND_NYG,2024,17,24.200000000000003,8.568927037719185,3,8.694075945307747,8.821445641773662
00-0037666,2024_17_DAL_PHI,2024,17,12.0,6.256061922821951,3,6.422969620323396,6.656932901855745
00-0037740,2024_17_NYJ_BUF,2024,17,17.6,14.318590558692744,3,13.510661996883366,14.359105446772968
00-0037801,2024_17_DAL_PHI,2024,17,4.4,4.597657677024493,3,5.720762853904992,4.929771964548554
00-0037816,2024_17_GB_MIN,2024,17,14.8,10.582407610962395,3,10.7387088506162,10.693013478640792
00-0037837,2024_17_KC_PIT,2024,17,7.1,8.544921379167347,3,8.295835175343448,8.86981973270495
00-0038117,2024_17_IND_NYG,2024,17,18.1,9.076713510841246,3,9.33556332207577,9.269648776241665
00-0038393,2024_17_GB_MIN,2024,17,8.3,8.361682403531491,3,8.636518533622906,8.599899701891628
00-0038543,2024_17_SEA_CHI,2024,17,6.2,15.73675882270233,3,15.150447215303554,15.639566025418604
00-0038544,2024_17_LAC_NE,2024,17,9.8,8.628207994771419,3,8.882386555221407,8.852325699662556
00-0038559,2024_17_ARI_LA,2024,17,6.9,9.774234798211335,3,9.761281683838964,9.971439120504735
00-0038563,2024_17_LV_NO,2024,17,10.9,9.388338846984947,3,9.259454355396532,9.633532324106088
00-0038606,2024_17_TEN_JAX,2024,17,12.1,8.474667274809677,3,8.477965435427391,8.756592463039048
00-0038608,2024_17_LAC_NE,2024,17,6.800000000000001,9.39272858242189,3,9.824249274071269,9.531667615356286
00-0038618,2024_17_BAL_HOU,2024,17,4.1,6.41106274208957,3,6.351948182998418,6.844197357497702
00-0038619,2024_17_DEN_CIN,2024,17,8.9,8.511546689049899,3,8.150888625326658,8.85979500873871
00-0038621,2024_17_LAC_NE,2024,17,14.6,11.581085036579314,3,11.467920267044471,11.675173214250892
00-0038824,2024_17_CAR_TB,2024,17,4.6,4.471505861730887,3,4.762147265856829,4.969539478724899
00-0038976,2024_17_DEN_CIN,2024,17,30.200000000000003,6.601287584604194,3,6.590372625942546,7.012458097115543
00-0038994,2024_17_GB_MIN,2024,17,18.9,15.008885451270384,3,14.977272723225784,14.855985872165792
00-0038997,2024_17_IND_NYG,2024,17,5.2,11.054246962624424,3,11.32577534543415,11.111190837164871
00-0039062,2024_17_DAL_PHI,2024,17,2.2,3.774741111414274,3,4.317878857594453,4.272104930439886
00-0039064,2024_17_BAL_HOU,2024,17,5.1,14.540645842734078,3,14.229864757350065,14.472162047421987
00-0039075,2024_17_ARI_LA,2024,17,22.9,20.06851707933926,3,20.736804944813645,19.441476330582965
00-0039146,2024_17_GB_MIN,2024,17,1.6,11.51760190167097,3,12.475294381340284,11.413507783554127
00-0039337,2024_17_IND_NYG,2024,17,36.1,15.52293946608526,3,15.711062899406006,15.293766132402965
00-0039342,2024_17_CAR_TB,2024,17,7.800000000000001,8.552112539097307,3,8.429676656604427,8.852578839713361
00-0039379,2024_17_MIA_CLE,2024,17,0.0,3.8320150942525455,3,3.722120277986232,4.448981007606633
00-0039424,2024_17_DEN_CIN,2024,17,4.7,5.412449507884065,3,5.40618574582945,5.903053720220074
00-0039491,2024_17_CAR_TB,2024,17,5.5,8.8491124475565,3,9.11517036833694,9.056060661293936
00-0039849,2024_17_ARI_LA,2024,17,15.6,13.319424823585287,3,12.837718347041676,13.365759307601309
00-0039855,2024_17_CAR_TB,2024,17,23.0,8.982172736849783,3,9.816489158431208,9.072689185358955
00-0039880,2024_17_MIA_CLE,2024,17,7.0,7.594141881284505,3,6.640544340582788,8.116475651089093
00-0039893,2024_17_TEN_JAX,2024,17,23.9,15.505700453205327,3,14.775338654374384,15.451353135233582
00-0039894,2024_17_KC_PIT,2024,17,22.9,13.298346554299947,3,13.699848106513649,13.179113576062976
00-0039901,2024_17_NYJ_BUF,2024,17,11.7,8.620694683572545,3,8.270176243771276,8.95965226736441
00-0039915,2024_17_LAC_NE,2024,17,29.4,13.784944585179746,3,13.39886571673561,13.781749759099805
00-0039916,2024_17_DET_SF,2024,17,28.700000000000003,6.662835511061722,3,7.016280716408479,7.0009571624844185
00-0039919,2024_17_SEA_CHI,2024,17,2.5,11.258504760081097,3,11.184079664670318,11.367060509585889
00-0030035,2024_18_CAR_ATL,2024,18,9.4,13.17185501608642,3,11.928360057552288,13.372192903018744
00-0030279,2024_18_CHI_GB,2024,18,3.5,12.278675473425142,3,12.37662066467072,12.285721901858013
00-0030431,2024_18_HOU_TEN,2024,18,3.9,4.63073933202128,3,5.595366880374673,4.990582710361489
00-0031236,2024_18_WAS_DAL,2024,18,4.0,8.40194479060396,3,9.769026632971428,8.43092716675852
00-0031381,2024_18_MIA_NYJ,2024,18,20.8,14.566423562096476,3,13.713609784118615,14.598682463954594
00-0031408,2024_18_NO_TB,2024,18,17.9,16.510305036911213,3,15.494947759038675,16.441975828568005
00-0031941,2024_18_WAS_DAL,2024,18,0.0,4.6996751623792274,3,4.933574722266283,5.193022970566862
00-0032128,2024_18_SF_ARI,2024,18,9.9,3.431790484963037,3,3.916488898786326,3.963372010754447
00-0032211,2024_18_SEA_LA,2024,18,4.800000000000001,5.949244268679325,3,7.2633685254893745,6.153934114703305
00-0032385,2024_18_NO_TB,2024,18,2.1,6.654395087729583,3,7.399842847748079,6.918969559912417
00-0032775,2024_18_SEA_LA,2024,18,10.2,7.802429688653536,3,8.227885249855591,8.049949675298155
00-0033040,2024_18_MIA_NYJ,2024,18,4.0,9.833330274915923,3,9.894567725952207,10.012514858482769
00-0033282,2024_18_BUF_NE,2024,18,12.2,5.34611755704801,3,6.000345884441338,5.716321194440415
00-0033307,2024_18_BUF_NE,2024,18,3.2,3.874865058693482,3,4.221045393457008,4.402704376518869
00-0033375,2024_18_MIN_DET,2024,18,3.5,5.956390700184168,3,6.409188629499793,6.323451932782985
00-0033555,2024_18_BUF_NE,2024,18,5.5,7.471998716715467,3,7.378738642597833,7.839916784313097
00-0033589,2024_18_CAR_ATL,2024,18,7.9,6.808388820970311,3,7.636946181178849,7.046846254840774
00-0033857,2024_18_KC_DEN,2024,18,1.4,7.971729704433081,3,8.116780054813901,8.260829718574385
00-0033891,2024_18_SF_ARI,2024,18,8.600000000000001,4.871793611248214,3,4.691151258914781,5.431892769719429
00-0033943,2024_18_JAX_IND,2024,18,2.1,5.393498231604138,3,6.136456840032649,5.743724457099932
00-0034054,2024_18_MIA_NYJ,2024,18,7.800000000000001,2.6403954084877843,3,3.137647273486564,3.2230668749078335
00-0034272,2024_18_NO_TB,2024,18,6.300000000000001,7.768581190829947,3,8.40045829736815,7.979358956891572
00-0034348,2024_18_KC_DEN,2024,18,20.8,12.125670490476276,3,12.224107709494062,12.142960290638452
00-0034386,2024_18_KC_DEN,2024,18,1.5,7.740803390814776,3,7.857882846177187,8.050792419003098
00-0034407,2024_18_CAR_ATL,2024,18,10.6,10.49988385990223,3,10.585114195078235,10.629502340402563
00-0034418,2024_18_NO_TB,2024,18,5.2,5.693073837969253,3,5.488215547311644,6.20226920506259
00-0034521,2024_18_MIA_NYJ,2024,18,16.1,8.051488603856725,3,8.756672340021977,8.229293925988278
00-0034777,2024_18_LAC_LV,2024,18,7.6,3.6299633600196426,3,4.393246492907655,4.0954840749599795
00-0034827,2024_18_CHI_GB,2024,18,22.1,9.025604094981881,3,10.77723710678264,8.939746037757656
00-0034837,2024_18_HOU_TEN,2024,18,10.3,9.290729756225211,3,8.76781557991766,9.617017968232314
00-0034854,2024_18_CAR_ATL,2024,18,3.4000000000000004,7.982811342688619,3,7.776034234964764,8.337684051352783
00-0034960,2024_18_LAC_LV,2024,18,27.3,14.304590383005381,3,14.600267071368116,14.137388319312162
00-0035208,2024_18_WAS_DAL,2024,18,7.1000000000000005,7.960972663963084,3,7.868150608675635,8.295774800529768
00-0035216,2024_18_HOU_TEN,2024,18,3.2,7.5731078757489545,3,9.174808141505906,7.613722962709755
00-0035500,2024_18_SF_ARI,2024,18,21.4,4.832317560163094,3,4.82624947007305,5.362076157122681
00-0035535,2024_18_NYG_PHI,2024,18,0.0,7.980523303645931,3,8.231109162985808,8.249075266582944
00-0035640,2024_18_SEA_LA,2024,18,14.3,13.493706009152314,3,12.907699676777089,13.547987118724452
00-0035659,2024_18_WAS_DAL,2024,18,20.2,16.206038786433957,3,17.558253608204105,15.710618923794897
00-0036176,2024_18_HOU_TEN,2024,18,0.0,3.955770345489909,3,4.707092748628495,4.401542310552594
00-0036182,2024_18_HOU_TEN,2024,18,9.0,7.902233430137478,3,8.595185762517357,8.092434468473128
00-0036252,2024_18_JAX_IND,2024,18,13.2,14.246274058881282,3,14.769438894720404,14.039999581755978
00-0036322,2024_18_MIN_DET,2024,18,8.4,20.30608870802417,3,19.27667368643084,19.983989571681903
00-0036407,2024_18_CLE_BAL,2024,18,12.3,15.261982309513035,3,15.233795884569046,15.091336700777465
00-0036410,2024_18_CIN_PIT,2024,18,9.3,13.759200400075843,3,13.89240585345131,13.65956173041605
00-0036415,2024_18_CIN_PIT,2024,18,4.8,5.610096499413671,3,5.532102582082884,6.10091076307139
00-0036427,2024_18_SEA_LA,2024,18,13.5,8.04966191385426,3,7.806611221599466,8.406876848284318
00-0036550,2024_18_CLE_BAL,2024,18,18.6,8.27953751572578,3,8.631155170858936,8.508786823935456
00-0036613,2024_18_MIA_NYJ,2024,18,9.0,9.845774618199188,3,10.233645272602889,9.962360757957368
00-0036626,2024_18_WAS_DAL,2024,18,5.4,5.846480068423147,3,5.940411492180746,6.288818645536077
00-0036630,2024_18_CLE_BAL,2024,18,0.0,6.352128187301163,3,6.848019376912079,6.684307184034856
00-0036849,2024_18_SEA_LA,2024,18,8.7,7.440039267413525,3,9.002911980324969,7.496985204099515
00-0036900,2024_18_CIN_PIT,2024,18,25.6,18.247982331004437,3,18.33384029679934,17.854051773835884
00-0036963,2024_18_MIN_DET,2024,18,13.7,20.482880507201614,3,19.438868796622312,20.151597878228337
00-0036980,2024_18_CLE_BAL,2024,18,6.6,8.66310307513487,3,8.434208806182479,8.976199784439236
00-0037231,2024_18_NO_TB,2024,18,2.3,4.681194419873107,3,6.121123226092074,4.947762279642396
00-0037238,2024_18_CAR_ATL,2024,18,40.7,16.437388656990855,3,16.032346007820003,16.25859093028925
00-0037240,2024_18_MIN_DET,2024,18,9.4,15.324992532709397,3,14.460028587354929,15.308302843254548
00-0037247,2024_18_CIN_PIT,2024,18,1.0,14.337853732549195,3,13.650422749482608,14.354284352915784
00-0037291,2024_18_MIN_DET,2024,18,8.3,5.777264497705044,3,6.680553972992919,6.071250664771214
00-0037614,2024_18_HOU_TEN,2024,18,4.4,4.961946534381775,3,5.39381720180772,5.400145210288641
00-0037664,2024_18_JAX_IND,2024,18,13.7,10.265711471295436,3,9.21886929684223,10.625194854415716
00-0037666,2024_18_WAS_DAL,2024,18,13.8,8.431740918845806,3,9.086356827373413,8.593418971141714
00-0037740,2024_18_MIA_NYJ,2024,18,9.1,13.586681969228941,3,13.3203627507691,13.574237565821656
00-0037741,2024_18_NYG_PHI,2024,18,16.4,7.078543780489794,3,6.849962164180058,7.498627828114351
00-0037801,2024_18_WAS_DAL,2024,18,8.8,5.6901194658821455,3,6.956240014249363,5.921390980972103
00-0037837,2024_18_CIN_PIT,2024,18,0.0,7.27058831652287,3,7.3433355668272675,7.620725238702934
00-0038117,2024_18_NYG_PHI,2024,18,14.3,10.141736507139644,3,10.359990761373512,10.270398655397972
00-0038393,2024_18_CHI_GB,2024,18,9.9,7.516980227142577,3,8.027847759751728,7.767634872350223
00-0038465,2024_18_CHI_GB,2024,18,8.3,4.087448869316787,3,5.125394523180888,4.470132239387128
00-0038519,2024_18_KC_DEN,2024,18,6.800000000000001,7.505048902453215,3,7.927543838840544,7.773218515263324
00-0038543,2024_18_SEA_LA,2024,18,5.3,14.62837377382698,3,13.07642892695868,14.78863487878362
00-0038544,2024_18_LAC_LV,2024,18,31.6,10.124396907799404,3,10.205284845590544,10.280202809760755
00-0038563,2024_18_LAC_LV,2024,18,5.4,10.503688886715052,3,11.498613375650567,10.46105105944361
00-0038606,2024_18_JAX_IND,2024,18,9.5,9.524518859398068,3,9.569609386941302,9.7276184589837
00-0038608,2024_18_BUF_NE,2024,18,24.700000000000003,7.06276025197486,3,7.045625063365093,7.443931609160064
00-0038618,2024_18_HOU_TEN,2024,18,1.5,5.915403274542366,3,5.69286385555994,6.4129219957906685
00-0038619,2024_18_CIN_PIT,2024,18,3.2,8.304121959993498,3,8.677953690365143,8.527510344242335
00-0038621,2024_18_BUF_NE,2024,18,6.4,10.192567975873205,3,10.497774489852906,10.301355767554696
00-0038938,2024_18_NYG_PHI,2024,18,0.0,3.2216158025127655,3,4.22540673307404,3.669249132630145
00-0038994,2024_18_MIN_DET,2024,18,1.0,16.465913009838616,3,16.27326527584931,16.245029996388592
00-0038997,2024_18_JAX_IND,2024,18,19.4,13.469478619296446,3,13.598561800445898,13.390191801195568
00-0039062,2024_18_WAS_DAL,2024,18,4.4,4.326953530411901,3,4.322034032041532,4.890635320099176
00-0039146,2024_18_CHI_GB,2024,18,5.1000000000000005,9.67200878368394,3,10.65656677302346,9.687515951703457
00-0039236,2024_18_NYG_PHI,2024,18,5.4,8.14322643446221,3,7.456927144428284,8.577927186375234
00-0039337,2024_18_NYG_PHI,2024,18,17.4,13.226164356184446,3,13.243604408641271,13.184423652447643
00-0039342,2024_18_CAR_ATL,2024,18,6.0,7.881774146170448,3,7.403608431822813,8.294784974200407
00-0039365,2024_18_SF_ARI,2024,18,5.7,7.826283379090906,3,8.726129977867618,7.982497029315079
00-0039379,2024_18_CLE_BAL,2024,18,0.0,4.5954928062247085,3,5.732245335077572,4.925172988140891
00-0039424,2024_18_KC_DEN,2024,18,15.0,5.2587127736693535,3,6.670849644948904,5.491520540739052
00-0039491,2024_18_CAR_ATL,2024,18,13.96,8.701892815536798,3,9.363552307394054,8.843988735780691
00-0039747,2024_18_NYG_PHI,2024,18,13.9,5.377175259621768,3,5.655860794981848,5.8162860353253585
00-0039751,2024_18_SEA_LA,2024,18,12.8,6.96844518552169,3,7.254487715156196,7.29866515099349
00-0039849,2024_18_SF_ARI,2024,18,17.3,12.668908573106355,3,12.318319389232196,12.734398484617383
00-0039853,2024_18_BUF_NE,2024,18,2.2,4.798270277507278,3,5.110385942749731,5.270168786464496
00-0039855,2024_18_NO_TB,2024,18,19.0,11.502277936376675,3,12.80938153252148,11.333154584983369
00-0039868,2024_18_KC_DEN,2024,18,3.2,4.370403619609856,3,5.22098459945262,4.769397440268376
00-0039880,2024_18_MIA_NYJ,2024,18,8.8,5.6616865394133935,3,5.712108773154763,6.124735468394343
00-0039893,2024_18_JAX_IND,2024,18,17.3,17.99973470599891,3,17.60214048830055,17.713982861483153
00-0039901,2024_18_BUF_NE,2024,18,6.0,8.439813061991616,3,8.512230890576339,8.711024148075653
00-0039915,2024_18_LAC_LV,2024,18,16.5,13.502656556562187,3,12.990130686109843,13.54243977904975
00-0039916,2024_18_SF_ARI,2024,18,18.9,9.916920600918447,3,10.268151512464604,10.035628016630474
00-0039919,2024_18_CHI_GB,2024,18,3.8,10.179763524380911,3,9.803995991302664,10.41817062792172
00-0030431,2024_19_LAC_HOU,2024,19,4.2,5.269285539999653,3,5.36313906043911,5.750631787398693
00-0031408,2024_19_WAS_TB,2024,19,22.200000000000003,16.954837028239368,3,16.005701417459633,16.843956249728375
00-0031544,2024_19_DEN_BUF,2024,19,2.8,5.995361415639891,3,6.9936931809902525,6.256643833029782
00-0032775,2024_19_MIN_LA,2024,19,3.3000000000000003,7.771749866526175,3,8.258018700464923,8.009844267005588
00-0033282,2024_19_DEN_BUF,2024,19,15.8,5.091892510236605,3,5.543279636306481,5.517622509279404
00-0033555,2024_19_DEN_BUF,2024,19,2.9000000000000004,6.5593960289449775,3,6.808194382396828,6.924291605052655
00-0033908,2024_19_MIN_LA,2024,19,3.9,10.755142866482302,3,10.207503217319092,10.98717615582158
00-0034348,2024_19_DEN_BUF,2024,19,12.5,14.41416926313531,3,13.91679561695309,14.389509465974756
00-0034777,2024_19_LAC_HOU,2024,19,2.0,3.643965077190784,3,4.713023108179818,4.050725895724521
00-0035208,2024_19_WAS_TB,2024,19,4.9,7.816179804169245,3,7.544619390127521,8.19455828992919
00-0035659,2024_19_WAS_TB,2024,19,21.9,15.753438451476134,3,15.416369058194269,15.607993693571403
00-0035676,2024_19_GB_PHI,2024,19,2.0,15.559379172693086,3,13.98542624121787,15.660906447855371
00-0036322,2024_19_MIN_LA,2024,19,10.8,17.548248971045176,3,17.116083570444424,17.299534188940587
00-0036415,2024_19_PIT_BAL,2024,19,11.7,7.025765459570222,3,7.277431102591652,7.358612863623147
00-0036550,2024_19_PIT_BAL,2024,19,10.4,7.107459593825651,3,6.576142177033223,7.582829588628988
00-0036554,2024_19_LAC_HOU,2024,19,25.200000000000003,16.00021509406413,3,15.224076267123143,15.9211155888169
00-0036626,2024_19_WAS_TB,2024,19,19.9,8.160416709189233,3,8.74307359093193,8.354029894505011
00-0036630,2024_19_PIT_BAL,2024,19,3.1,4.293625374556874,3,4.606647736986096,4.799444230826094
00-0036912,2024_19_GB_PHI,2024,19,9.5,14.675184111872975,3,14.430781092471074,14.58506110452438
00-0037247,2024_19_PIT_BAL,2024,19,19.700000000000003,13.414562830429835,3,13.27662388409556,13.389472768454416
00-0037261,2024_19_DEN_BUF,2024,19,12.1,9.47558272038192,3,9.303630862794767,9.723025259311942
00-0037291,2024_19_MIN_LA,2024,19,6.300000000000001,7.705068989580264,3,7.549239759124268,8.06907194996253
00-0037614,2024_19_LAC_HOU,2024,19,4.800000000000001,5.664092005971542,3,6.0815608268862515,6.057579568564127
00-0037741,2024_19_GB_PHI,2024,19,8.1,5.727806208998482,3,6.731640582132621,6.006123181510112
00-0037816,2024_19_GB_PHI,2024,19,3.3,7.680285207407428,3,8.612326010526743,7.840274828995909
00-0037837,2024_19_PIT_BAL,2024,19,3.5,7.739828671323712,3,7.481005918145296,8.120956775636097
00-0038393,2024_19_GB_PHI,2024,19,5.9,8.76706289661663,3,8.787635215775188,9.02596892330363
00-0038465,2024_19_GB_PHI,2024,19,0.0,4.152013619540283,3,4.6284597473089715,4.636500057559137
00-0038544,2024_19_LAC_HOU,2024,19,0.0,12.924870042098213,3,12.771829147124112,12.935717036888809
00-0038618,2024_19_LAC_HOU,2024,19,4.4,4.075121317730891,3,4.919467796069508,4.495242003430824
00-0038976,2024_19_DEN_BUF,2024,19,3.3,10.573215163349648,3,11.07319880687374,10.6194607260674
00-0038994,2024_19_MIN_LA,2024,19,5.9,14.362196266398499,3,13.992915137621052,14.3168286274046
00-0039075,2024_19_MIN_LA,2024,19,10.1,21.435127320267682,3,21.77851168615629,20.777194592758136
00-0039146,2024_19_GB_PHI,2024,19,8.600000000000001,8.698934184937315,3,10.315454861458258,8.660690824457483
00-0039424,2024_19_DEN_BUF,2024,19,0.0,5.705780306498385,3,6.951101335984687,5.9399264805431065
00-0039855,2024_19_WAS_TB,2024,19,6.1000000000000005,11.972128628902448,3,13.085431114601285,11.807906750913457
00-0039868,2024_19_DEN_BUF,2024,19,13.4,4.285245482651167,3,5.008701298437311,4.714028271889034
00-0039901,2024_19_DEN_BUF,2024,19,3.5,8.252832310139569,3,8.301622965437792,8.541142341254622
00-0039915,2024_19_LAC_HOU,2024,19,34.7,15.575917353695525,3,14.373514465381117,15.606077027959262
00-0031544,2024_20_BAL_BUF,2024,20,0.0,5.90089308043904,3,6.169692209995569,6.306492846102888
00-0031549,2024_20_BAL_BUF,2024,20,0.0,4.164614229387436,3,5.460518750253976,4.4933113761435095
00-0031941,2024_20_WAS_DET,2024,20,4.5,4.041826566815086,3,5.000401597198338,4.442598894989774
00-0032464,2024_20_WAS_DET,2024,20,6.7,5.117003064041329,3,6.112426368925224,5.4381737522679305
00-0032775,2024_20_LA_PHI,2024,20,10.4,7.825246756198075,3,8.311672080524412,8.059697533760833
00-0033375,2024_20_WAS_DET,2024,20,3.2,4.786923162063378,3,6.09985566902773,5.070360075672359
00-0033555,2024_20_BAL_BUF,2024,20,2.2,5.476518218779056,3,5.860860408363727,5.88894088733181
00-0033857,2024_20_HOU_KC,2024,20,0.0,3.8305808202755456,3,4.592481765751005,4.282809961813429
00-0033908,2024_20_LA_PHI,2024,20,11.1,12.539200205613712,3,12.07832334416031,12.63430519393215
00-0035208,2024_20_WAS_DET,2024,20,0.0,6.202893409888127,3,6.204850813193001,6.638544005138589
00-0035659,2024_20_WAS_DET,2024,20,18.700000000000003,17.66344252806652,3,16.925508805543846,17.464758485895537
00-0035662,2024_20_HOU_KC,2024,20,0.0,8.119122997626018,3,7.811770351944942,8.483803229993276
00-0035676,2024_20_LA_PHI,2024,20,3.4000000000000004,14.875657196123514,3,13.65385303761524,14.956791900408836
00-0036550,2024_20_BAL_BUF,2024,20,16.6,8.152605044444648,3,8.719725123719039,8.349683555412582
00-0036554,2024_20_HOU_KC,2024,20,13.1,14.605965549403262,3,13.930266768421966,14.602065362728048
00-0036626,2024_20_WAS_DET,2024,20,15.8,10.594780358135075,3,10.471848742459136,10.75734596679174
00-0036630,2024_20_BAL_BUF,2024,20,3.7,4.733295838242327,3,5.56195087455886,5.111919739845371
00-0036912,2024_20_LA_PHI,2024,20,6.1,14.496150160685719,3,14.315006297550442,14.40616132314698
00-0036963,2024_20_WAS_DET,2024,20,21.700000000000003,18.657700557632744,3,17.512516714844665,18.468848736174472
00-0037240,2024_20_WAS_DET,2024,20,13.0,14.28911873076041,3,12.803429128779085,14.459771416458295
00-0037261,2024_20_BAL_BUF,2024,20,12.7,11.523335224758053,3,10.046008719264472,11.879251878168375
00-0037614,2024_20_HOU_KC,2024,20,5.5,5.311725076648918,3,6.433379025418871,5.5958742317863575
00-0038618,2024_20_HOU_KC,2024,20,9.2,4.592506861649224,3,5.5328751014901,4.95951986955872
00-0038728,2024_20_HOU_KC,2024,20,0.0,3.015127523187761,3,3.7335037685922696,3.530674786502952
00-0039075,2024_20_LA_PHI,2024,20,15.7,18.17037894832579,3,17.510644870206075,17.922662823065714
00-0039894,2024_20_HOU_KC,2024,20,8.7,12.718750266385372,3,12.662797972789306,12.725164981400235
00-0039901,2024_20_BAL_BUF,2024,20,1.5,8.623641355515808,3,8.696179480523956,8.882410996569973
00-0031544,2024_21_BUF_KC,2024,21,7.300000000000001,4.670530295882932,3,5.139996476743753,5.121307557275067
00-0033555,2024_21_BUF_KC,2024,21,16.3,6.250003163769498,3,6.245239262961981,6.683742035482226
00-0033857,2024_21_BUF_KC,2024,21,8.0,4.7492870608377835,3,4.718142250979605,5.289396213006208
00-0035208,2024_21_WAS_PHI,2024,21,8.6,7.358926872890757,3,8.264472414048532,7.545635728705312
00-0035659,2024_21_WAS_PHI,2024,21,14.1,14.267017568098115,3,14.90525903065245,14.037583777308653
00-0035662,2024_21_BUF_KC,2024,21,6.5,5.977985981590695,3,6.565456562490572,6.3181252649513615
00-0035676,2024_21_WAS_PHI,2024,21,21.6,15.060796712809344,3,15.40226228678675,14.833850916174384
00-0036626,2024_21_WAS_PHI,2024,21,5.2,10.340420826576779,3,10.60379898201754,10.44712891758817
00-0036912,2024_21_WAS_PHI,2024,21,8.5,14.117478366901285,3,14.045713919897082,14.032390299872436
00-0037261,2024_21_BUF_KC,2024,21,10.6,13.143654010706598,3,13.07809225743157,13.123180834018068
00-0039894,2024_21_BUF_KC,2024,21,22.1,13.033309634717462,3,12.711275363579688,13.06878309265252
00-0039901,2024_21_BUF_KC,2024,21,2.2,6.402884468553864,3,7.288333443871693,6.657979436336663
00-0030564,2024_22_KC_PHI,2024,22,11.8,6.2315590259065194,3,5.0111265859612875,6.896394879365534
00-0033857,2024_22_KC_PHI,2024,22,3.6,5.310479045988785,3,6.332859879205762,5.613482314954132
00-0035662,2024_22_KC_PHI,2024,22,3.5,8.22150289300944,3,9.1982176534761,8.33648335338863
00-0035676,2024_22_KC_PHI,2024,22,13.3,16.024179073055386,3,15.360985911237885,15.92210560098909
00-0036912,2024_22_KC_PHI,2024,22,16.9,14.27936609534463,3,13.8206526409446,14.25650343182993
00-0037741,2024_22_KC_PHI,2024,22,6.2,6.116150103950659,3,6.86073916529618,6.417248599722073
00-0039894,2024_22_KC_PHI,2024,22,35.7,14.290218604402352,3,14.888653716581452,14.066743779563314
00-0030035,2025_01_MIN_CHI,2025,1,2.0,5.645456040783437,4,6.92193986134306,5.888020941087509
00-0030279,2025_01_KC_LAC,2025,1,19.8,7.680901457688446,4,8.008414380721348,7.955765124826447
00-0030564,2025_01_BAL_BUF,2025,1,11.5,5.362916296798033,4,6.002589147012433,5.7581989423441415
00-0031236,2025_01_ARI_NO,2025,1,5.6,10.676614678187482,4,11.59102970329768,10.593283463545411
00-0031381,2025_01_HOU_LA,2025,1,9.1,10.874250876402305,4,10.702584447306911,10.99736186307112
00-0031408,2025_01_TB_ATL,2025,1,10.1,14.246022117640926,4,14.18408916679883,14.078646060321413
00-0031588,2025_01_LV_NE,2025,1,11.7,6.859883911028242,4,6.491035630332033,7.342452778019306
00-0032211,2025_01_TEN_DEN,2025,1,0.0,6.711634372072396,4,8.091972381320703,6.84819967347278
00-0032385,2025_01_TB_ATL,2025,1,6.9,7.982894234817989,4,8.361678812792684,8.223263352968976
00-0032464,2025_01_DET_GB,2025,1,3.6,9.317701494725721,4,10.61412885887946,9.26425908253268
00-0033040,2025_01_MIA_IND,2025,1,8.0,9.889610675265715,4,11.223253324658472,9.78309167635028
00-0033555,2025_01_LV_NE,2025,1,1.3,6.158715982808281,4,7.097256244533026,6.429603842304049
00-0033591,2025_01_NYG_WAS,2025,1,4.7,5.657628599062174,4,6.684861789284015,5.950209011630899
00-0033857,2025_01_KC_LAC,2025,1,10.5,10.945214725456454,4,11.2780181157115,10.95949718509424
00-0033891,2025_01_ARI_NO,2025,1,1.4,5.947067909322537,4,6.728485850621872,6.26691960998448
00-0033908,2025_01_SF_SEA,2025,1,3.5,10.805422129555284,4,10.846696423877386,10.890448571070694
00-0033943,2025_01_PIT_NYJ,2025,1,3.8,9.889695652072476,4,9.416396046492132,10.152772415499044
00-0034348,2025_01_TEN_DEN,2025,1,18.1,12.475817639658949,4,11.874212521426966,12.559553028549004
00-0034386,2025_01_HOU_LA,2025,1,4.7,6.346566465402773,4,7.337797647826111,6.591743299472497
00-0034407,2025_01_TB_ATL,2025,1,8.100000000000001,11.284774988905339,4,11.22390101539885,11.35258891354344
00-0034487,2025_01_TEN_DEN,2025,1,1.3,4.96190232132129,4,6.03987014400759,5.29941246525597
00-0034827,2025_01_MIN_CHI,2025,1,10.6,7.622802293606121,4,8.944709932976076,7.698885297466323
00-0034837,2025_01_TEN_DEN,2025,1,6.7,12.677387243371072,4,13.024495950128651,12.551043239109555
00-0034960,2025_01_LV_NE,2025,1,17.700000000000003,12.327423490144831,4,13.223139807944207,12.116684716959693
00-0034983,2025_01_CAR_JAX,2025,1,3.1,8.247390949550727,4,9.755779107714735,8.235677989477596
00-0035208,2025_01_MIN_CHI,2025,1,8.2,5.256864239321454,4,6.325528881822972,5.572829088168363
00-0035535,2025_01_NYG_WAS,2025,1,0.0,12.927818285133657,4,13.272883381477884,12.781984086857191
00-0035640,2025_01_PIT_NYJ,2025,1,12.3,12.149401008102268,4,10.751574972353554,12.421948809981837
00-0035659,2025_01_NYG_WAS,2025,1,4.7,12.08298568482779,4,11.816428310352784,12.129416927067613
00-0035662,2025_01_KC_LAC,2025,1,19.9,12.174666160049526,4,12.83771790890992,12.023661516142925
00-0035676,2025_01_DAL_PHI,2025,1,1.8,13.062483308558065,4,13.28234265953691,12.93155412598426
00-0035719,2025_01_NYG_WAS,2025,1,22.6,12.066054541769889,4,12.156416303786164,12.04082541424908
00-0036182,2025_01_MIA_IND,2025,1,1.7000000000000002,5.081729719974993,4,6.306423300068438,5.379701950777006
00-0036252,2025_01_MIA_IND,2025,1,20.0,12.973472887405451,4,13.165413042586763,12.855330411217423
00-0036259,2025_01_SF_SEA,2025,1,3.6,8.910746994191664,4,8.792911225830007,9.178937376844033
00-0036322,2025_01_MIN_CHI,2025,1,14.8,7.592839890607019,4,8.924752037879946,7.669258398016163
00-0036358,2025_01_DAL_PHI,2025,1,18.0,13.525580190654095,4,14.762881973325053,13.149723154696964
00-0036407,2025_01_CIN_CLE,2025,1,11.6,13.304628229890678,4,14.105223760689777,13.035662384220796
00-0036410,2025_01_CIN_CLE,2025,1,6.300000000000001,10.405450974135858,4,10.60112899275294,10.49069078750658
00-0036427,2025_01_PIT_NYJ,2025,1,5.1,6.8369389000800584,4,7.447489392380037,7.120999855465235
00-0036550,2025_01_BAL_BUF,2025,1,3.0,9.284996767380083,4,9.407219079008634,9.474332998718998
00-0036554,2025_01_HOU_LA,2025,1,5.5,12.361634417182627,4,12.375580407088435,12.328538470931033
00-0036613,2025_01_MIA_IND,2025,1,7.0,10.373719007332458,4,11.763238278191904,10.217286118226449
00-0036620,2025_01_MIA_IND,2025,1,1.9,6.52204434010547,4,7.992295474225389,6.655289889737881
00-0036626,2025_01_CAR_JAX,2025,1,8.8,9.29411169125225,4,9.85686371739884,9.39261480519968
00-0036849,2025_01_HOU_LA,2025,1,1.4,5.7296057375472405,4,6.1883626312604045,6.132743733195488
00-0036900,2025_01_CIN_CLE,2025,1,4.6,13.103073026667618,4,13.964049469588687,12.837779300816438
00-0036912,2025_01_DAL_PHI,2025,1,4.6,11.888548541510227,4,12.9447863673475,11.679864459591114
00-0036963,2025_01_DET_GB,2025,1,8.5,13.276154306154455,4,13.396269109808948,13.148641517225451
00-0036988,2025_01_BAL_BUF,2025,1,11.1,7.357161133313154,4,7.743907116898859,7.645644907610681
00-0037238,2025_01_TB_ATL,2025,1,13.5,13.674084655158802,4,14.388935605268651,13.393287287240938
00-0037239,2025_01_ARI_NO,2025,1,12.4,13.424763742436504,4,14.320413404774325,13.126804705896456
00-0037240,2025_01_DET_GB,2025,1,6.6,11.81617164538061,4,12.540351612654776,11.681162272755149
00-0037247,2025_01_DAL_PHI,2025,1,6.0,11.355287847483526,4,12.15522461265133,11.2414210449888
00-0037261,2025_01_BAL_BUF,2025,1,12.4,10.976103330834563,4,11.44426943425238,10.960242397720563
00-0037291,2025_01_MIN_CHI,2025,1,3.8,12.504486113216277,4,12.639834359284707,12.435201736592294
00-0037545,2025_01_ARI_NO,2025,1,9.3,12.79508285399941,4,13.762782870110494,12.532443178324808
00-0037664,2025_01_MIA_IND,2025,1,4.6,12.708770474728164,4,12.74570356750459,12.64337676750308
00-0037666,2025_01_DAL_PHI,2025,1,1.0,5.321193521424234,4,6.028014486622405,5.7060580832675685
00-0037740,2025_01_PIT_NYJ,2025,1,22.5,11.847574119174654,4,11.173955413397929,11.99598228386484
00-0037741,2025_01_DAL_PHI,2025,1,8.9,7.453944466461879,4,7.701987095837704,7.763105569935851
00-0037801,2025_01_DAL_PHI,2025,1,4.7,6.617884266320767,4,7.122383495437534,6.941051480813178
00-0037816,2025_01_DET_GB,2025,1,8.8,10.556383265889998,4,9.981481066462564,10.787243578396588
00-0037837,2025_01_PIT_NYJ,2025,1,17.0,11.136459528823423,4,10.346786053814652,11.365136808415446
00-0038104,2025_01_KC_LAC,2025,1,6.1000000000000005,9.823785621385206,4,10.31995131616319,9.89380186059235
00-0038117,2025_01_NYG_WAS,2025,1,11.5,12.005461287318628,4,12.467318119846135,11.909061296132538
00-0038393,2025_01_DET_GB,2025,1,5.0,5.713483394231129,4,6.1661158313053885,6.119155779931081
00-0038543,2025_01_SF_SEA,2025,1,19.4,11.76981853046853,4,11.740207371846283,11.792678871418378
00-0038544,2025_01_KC_LAC,2025,1,24.9,11.202197978935446,4,11.936171652978866,11.113993647652268
00-0038559,2025_01_ARI_NO,2025,1,1.5,9.575325113387605,4,8.801684676471952,9.924826468752848
00-0038563,2025_01_LV_NE,2025,1,13.4,12.682559435793353,4,12.410564471130924,12.682439343401064
00-0038608,2025_01_LV_NE,2025,1,16.3,11.977632220220904,4,11.574842457775022,12.060304384160531
00-0038618,2025_01_HOU_LA,2025,1,5.5,7.948224784530744,4,8.056792523881592,8.24662170666441
00-0038621,2025_01_LV_NE,2025,1,8.2,7.986356542845243,4,9.119027044534429,8.072246194216708
00-0038976,2025_01_TEN_DEN,2025,1,4.2,8.315897999546744,4,9.50795496400365,8.363443248542264
00-0038979,2025_01_CIN_CLE,2025,1,16.2,11.18292995192726,4,11.825422783837666,11.114969372605668
00-0038997,2025_01_MIA_IND,2025,1,3.2,8.03713817471587,4,8.301739125735427,8.296550915287098
00-0039064,2025_01_BAL_BUF,2025,1,28.1,13.843399001127697,4,14.628863814517956,13.534698088745689
00-0039075,2025_01_HOU_LA,2025,1,23.1,8.987892449782608,4,8.757649107116286,9.27294259727999
00-0039146,2025_01_DET_GB,2025,1,13.5,7.018379122321994,4,6.593735030331521,7.4997610929921805
00-0039337,2025_01_NYG_WAS,2025,1,12.1,13.236632127606269,4,14.235401927122451,12.932535961920555
00-0039342,2025_01_CAR_JAX,2025,1,4.0,10.669836062854039,4,11.454487952197043,10.613586228728533
00-0039394,2025_01_TB_ATL,2025,1,6.300000000000001,11.530672197892793,4,12.011981651740696,11.46803697353326
00-0039751,2025_01_HOU_LA,2025,1,0.5,7.3284513842279555,4,7.365596896978386,7.690726783099848
00-0039849,2025_01_ARI_NO,2025,1,18.1,13.477577437946245,4,14.478367450569712,13.15391391548796
00-0039868,2025_01_TEN_DEN,2025,1,8.4,8.574270244858267,4,9.289880810498254,8.69873112369774
00-0039880,2025_01_MIA_IND,2025,1,4.9,8.341561676104613,4,8.691992569838586,8.55921788148629
00-0039893,2025_01_CAR_JAX,2025,1,9.0,13.014376561868128,4,13.88597836106108,12.753960456503048
00-0039901,2025_01_BAL_BUF,2025,1,25.200000000000003,13.147312401803653,4,13.525126034965908,12.977330774978965
00-0039915,2025_01_KC_LAC,2025,1,13.4,13.522890445466762,4,13.828730803051265,13.33777379054325
00-0039916,2025_01_SF_SEA,2025,1,14.8,10.995048120264453,4,11.888411608611204,10.890708801327955
00-0039919,2025_01_MIN_CHI,2025,1,15.7,12.83713962360964,4,13.324808051060144,12.669345076603529
00-0040124,2025_01_CAR_JAX,2025,1,11.8,12.862634238891632,4,14.13097988038898,12.533128703163564
00-0040129,2025_01_TB_ATL,2025,1,23.6,13.918431532361836,4,14.541828910014168,13.636916071321076
00-0040130,2025_01_HOU_LA,2025,1,5.2,5.437525218788206,4,6.282631825919777,5.7848561514218275
00-0040170,2025_01_TEN_DEN,2025,1,3.3,11.419901684565442,4,10.579018224701802,11.636521303802947
00-0040581,2025_01_LV_NE,2025,1,6.5,6.4703127205990905,4,7.0292961171826684,6.794066737600323
00-0040648,2025_01_SF_SEA,2025,1,0.0,7.868880643445538,4,8.634259648627335,8.039237077652388
00-0040667,2025_01_DET_GB,2025,1,3.6,7.441000589056573,4,7.400171935821327,7.810278094459729
00-0030035,2025_02_ATL_MIN,2025,2,4.6,8.160779762604927,4,8.244613593641144,8.447338683193562
00-0030279,2025_02_LAC_LV,2025,2,17.1,11.764277206918468,4,12.017379588240496,11.72975018167336
00-0031236,2025_02_SF_NO,2025,2,4.6,9.174575712591887,4,9.65746143883667,9.298917749259006
00-0031381,2025_02_LA_TEN,2025,2,22.6,12.655014578037592,4,13.192060495694456,12.49159823985456
00-0031408,2025_02_TB_HOU,2025,2,10.6,15.16613123742925,4,14.007481453069271,15.149939269936429
00-0031588,2025_02_NE_MIA,2025,2,7.2,8.726498336723523,4,8.762074814015378,8.977955870113856
00-0032211,2025_02_LA_TEN,2025,2,2.9,4.84605492388516,4,5.183609694031331,5.344222852982927
00-0032385,2025_02_TB_HOU,2025,2,7.4,10.339306448284702,4,10.379622101106955,10.461583196309462
00-0032464,2025_02_CHI_DET,2025,2,3.3000000000000003,6.198374202580867,4,6.946577222199885,6.505042092427458
00-0033040,2025_02_NE_MIA,2025,2,16.9,11.961599526019215,4,12.239949277319612,11.90622196858328
00-0033307,2025_02_SF_NO,2025,2,6.2,4.847902946823691,4,5.6689535500909205,5.247026905610984
00-0033555,2025_02_NE_MIA,2025,2,7.8,6.039586530506421,4,6.715934772431828,6.373574962752965
00-0033591,2025_02_WAS_GB,2025,2,1.9,4.658203803875608,4,5.007477017062604,5.16890814179448
00-0033857,2025_02_PHI_KC,2025,2,1.5,10.11153337093282,4,9.762635561317014,10.331529106682352
00-0033908,2025_02_SEA_PIT,2025,2,16.0,8.102996930829518,4,8.474916266102266,8.33522265069122
00-0034348,2025_02_DEN_IND,2025,2,1.6,14.387795592637383,4,13.765069134119582,14.323857123094228
00-0034386,2025_02_TB_HOU,2025,2,1.3,5.666048650222462,4,5.839314580367105,6.132635153202871
00-0034487,2025_02_DEN_IND,2025,2,1.3,3.441358247062655,4,4.143313824977306,3.976656937636447
00-0034827,2025_02_CHI_DET,2025,2,9.6,7.990692358468804,4,9.7185282313567,7.95449873132176
00-0034837,2025_02_LA_TEN,2025,2,8.7,12.63638474248924,4,13.408033016137852,12.426462461756689
00-0034960,2025_02_LAC_LV,2025,2,12.8,17.236189605889216,4,17.67087726503157,16.729526232440115
00-0034983,2025_02_CAR_ARI,2025,2,23.8,10.807494997736502,4,11.311125429958286,10.797783631370642
00-0035208,2025_02_CHI_DET,2025,2,4.1,7.166391128313405,4,7.756670571908417,7.428408387039277
00-0035535,2025_02_NYG_DAL,2025,2,8.100000000000001,10.312850068192773,4,10.76356888957866,10.353283726258912
00-0035640,2025_02_SEA_PIT,2025,2,11.0,14.539509301980805,4,14.047587183735972,14.436754752408463
00-0035659,2025_02_WAS_GB,2025,2,9.8,10.466668374273429,4,11.101655362189804,10.457182842652148
00-0035662,2025_02_PHI_KC,2025,2,8.0,15.946638762781406,4,16.24739791236201,15.5698837330133
00-0035676,2025_02_PHI_KC,2025,2,7.7,9.714729646036545,4,10.198966322522548,9.795855403940498
00-0035719,2025_02_WAS_GB,2025,2,17.4,17.382739576690923,4,16.968789058454654,17.038011509012087
00-0036252,2025_02_DEN_IND,2025,2,8.0,16.490352345363924,4,15.03592566185028,16.4293903480241
00-0036259,2025_02_SF_NO,2025,2,19.9,11.34857925802183,4,12.163293223127637,11.232223145202004
00-0036309,2025_02_ATL_MIN,2025,2,4.0,9.252993600346347,4,9.163848409261004,9.488108290728611
00-0036322,2025_02_ATL_MIN,2025,2,11.1,10.98000011344446,4,11.437835252430972,10.96594255841116
00-0036358,2025_02_NYG_DAL,2025,2,20.200000000000003,18.355947302052535,4,17.197124939378735,18.086213782076157
00-0036407,2025_02_CLE_BAL,2025,2,9.1,14.538998612323164,4,14.407712439637208,14.362518078740669
00-0036410,2025_02_JAX_CIN,2025,2,14.6,11.968437291886094,4,12.029047263535997,11.957053926734831
00-0036427,2025_02_BUF_NYJ,2025,2,0.0,10.404931560024608,4,10.308042540845348,10.55005603451219
00-0036550,2025_02_CLE_BAL,2025,2,3.5,8.372636827535167,4,8.271185344550446,8.680253349525964
00-0036554,2025_02_TB_HOU,2025,2,14.2,11.542745019593525,4,11.460923791364626,11.59433609432676
00-0036613,2025_02_NE_MIA,2025,2,17.8,11.006767711141647,4,11.321148885836912,11.019925156913756
00-0036620,2025_02_NE_MIA,2025,2,1.8,5.1259696668847905,4,6.133509299291463,5.464842945669897
00-0036626,2025_02_JAX_CIN,2025,2,17.6,10.193177514681382,4,10.999695030084665,10.17034749135005
00-0036630,2025_02_CLE_BAL,2025,2,10.5,6.415420595566477,4,6.143849614749583,6.91342474484438
00-0036849,2025_02_LA_TEN,2025,2,0.0,4.3273403854705474,4,4.772852328729574,4.844661730643119
00-0036900,2025_02_JAX_CIN,2025,2,36.5,13.77041118425771,4,13.533073196153008,13.676722549927126
00-0036912,2025_02_PHI_KC,2025,2,9.3,9.623178467278006,4,9.521255088706974,9.831478755349869
00-0036963,2025_02_CHI_DET,2025,2,39.2,12.420684757501991,4,12.376393202046907,12.394806807077057
00-0036980,2025_02_BUF_NYJ,2025,2,10.7,5.422852337479086,4,5.503643019553358,5.927687343300803
00-0036988,2025_02_BUF_NYJ,2025,2,6.7,10.219686663956551,4,8.831368311361615,10.643693817396256
00-0037238,2025_02_ATL_MIN,2025,2,5.9,15.452449976373492,4,14.817444412515789,15.306387637234582
00-0037239,2025_02_SF_NO,2025,2,11.4,14.650818586454688,4,14.391938598742088,14.49154762284298
00-0037240,2025_02_CHI_DET,2025,2,18.8,11.616032719672683,4,12.275994677806674,11.5100690695633
00-0037247,2025_02_NYG_DAL,2025,2,17.8,10.595834398733736,4,10.9181371943048,10.64003896594926
00-0037261,2025_02_BUF_NYJ,2025,2,2.2,10.02983730695889,4,9.746228398564451,10.242972960403824
00-0037291,2025_02_ATL_MIN,2025,2,6.1,10.300798422641739,4,9.681214202452646,10.561116167911408
00-0037545,2025_02_SF_NO,2025,2,15.2,9.787984666650365,4,10.085378124509262,9.90150496372491
00-0037664,2025_02_DEN_IND,2025,2,10.8,9.562037243811504,4,10.013543152161168,9.661996342687528
00-0037666,2025_02_NYG_DAL,2025,2,3.6,6.896929370877633,4,7.350488373615101,7.208333293968293
00-0037740,2025_02_BUF_NYJ,2025,2,9.0,17.900033451763946,4,17.089640672774475,17.59527332870472
00-0037741,2025_02_PHI_KC,2025,2,1.4,5.918289792356915,4,5.762888491314159,6.43205170821699
00-0037816,2025_02_WAS_GB,2025,2,11.8,10.182791489555697,4,10.00315931376156,10.362499926098383
00-0037837,2025_02_SEA_PIT,2025,2,3.2,14.22320679804905,4,13.004134729395808,14.294332452358926
00-0038104,2025_02_PHI_KC,2025,2,13.9,8.963991116803166,4,10.108530220157135,8.969735291538173
00-0038117,2025_02_NYG_DAL,2025,2,28.200000000000003,12.955121326704015,4,12.15679502167398,13.040992604662788
00-0038393,2025_02_WAS_GB,2025,2,8.4,6.6602925380859395,4,7.744931852707597,6.861423234872121
00-0038543,2025_02_SEA_PIT,2025,2,18.3,12.840875171293012,4,13.33754586305368,12.67094228838779
00-0038544,2025_02_LAC_LV,2025,2,15.9,14.856165049165032,4,14.842019953086288,14.630510408934446
00-0038559,2025_02_CAR_ARI,2025,2,8.1,9.036929670553427,4,9.676345533421925,9.140196396000864
00-0038563,2025_02_LAC_LV,2025,2,4.9,11.424234117056951,4,10.274171480630834,11.703750640021465
00-0038608,2025_02_NE_MIA,2025,2,8.6,12.465998608731514,4,11.9203933233678,12.53906003621058
00-0038618,2025_02_TB_HOU,2025,2,4.9,6.712382056474814,4,8.31287518250864,6.80385610729744
00-0038619,2025_02_JAX_CIN,2025,2,2.2,10.630054746183793,4,9.585787563055748,10.951065142253093
00-0038976,2025_02_DEN_IND,2025,2,10.4,5.409847045895832,4,5.17280594633046,5.9807270853542125
00-0038979,2025_02_CLE_BAL,2025,2,10.2,14.779730375236502,4,14.68396823102678,14.57684639500788
00-0038997,2025_02_DEN_IND,2025,2,11.1,6.605958872649772,4,7.653157832288672,6.8190671342516245
00-0039064,2025_02_CLE_BAL,2025,2,14.9,15.794392505950436,4,14.288142334228546,15.799356643868974
00-0039075,2025_02_LA_TEN,2025,2,27.6,16.046912059000682,4,15.419850940668114,15.851967501481576
00-0039337,2025_02_NYG_DAL,2025,2,37.7,16.13970180099541,4,15.790500098159445,15.88054586543629
00-0039342,2025_02_CAR_ARI,2025,2,0.8,11.72703078992989,4,11.261726056575412,11.842411882162232
00-0039424,2025_02_SF_NO,2025,2,7.3,5.128357552591493,4,5.645116267004608,5.5674281986992264
00-0039739,2025_02_SEA_PIT,2025,2,1.7000000000000002,5.00682311398395,4,5.080073421391447,5.546273031408752
00-0039751,2025_02_LA_TEN,2025,2,6.2,6.119021479036907,4,6.554666910529686,6.4959299277234255
00-0039849,2025_02_CAR_ARI,2025,2,4.7,15.619812593652965,4,15.205674195602947,15.415268176538142
00-0039868,2025_02_DEN_IND,2025,2,24.0,11.666482086557178,4,11.752906039408169,11.67382273755673
00-0039880,2025_02_NE_MIA,2025,2,9.5,6.95245076804204,4,8.42714386794157,7.050572245918158
00-0039893,2025_02_JAX_CIN,2025,2,8.9,12.09164633837959,4,12.368766853837924,12.02618204582088
00-0039901,2025_02_BUF_NYJ,2025,2,5.6,12.390027673195007,4,12.3818404468293,12.359201840743175
00-0039915,2025_02_LAC_LV,2025,2,9.8,14.988488171441684,4,14.60507375210365,14.82784690717454
00-0039916,2025_02_SF_NO,2025,2,9.2,13.847386859793625,4,12.99091483115905,13.874220276738832
00-0039919,2025_02_CHI_DET,2025,2,31.8,14.5528703163643,4,12.870956564349544,14.69246145865904
00-0040124,2025_02_CAR_ARI,2025,2,16.0,14.560940540629078,4,13.512906333480462,14.57023271165918
00-0040129,2025_02_TB_HOU,2025,2,12.9,14.705584190319392,4,14.594229015802522,14.511784006869878
00-0040130,2025_02_TB_HOU,2025,2,3.8,6.046162817830021,4,6.956630048110702,6.331740398468218
00-0040164,2025_02_WAS_GB,2025,2,1.2,5.701387098060739,4,6.171353348861203,6.1044755285660575
00-0040170,2025_02_LA_TEN,2025,2,15.6,11.206842527749018,4,11.971977167474687,11.11189512869131
00-0040581,2025_02_LAC_LV,2025,2,3.0,10.80428554858033,4,11.07418934144769,10.8426371311084
00-0040582,2025_02_BUF_NYJ,2025,2,0.8,5.729888422517633,4,6.510551090104664,6.067159459657175
00-0040648,2025_02_SEA_PIT,2025,2,11.2,3.8335388317157326,4,3.8445552983532254,4.478989548089284
00-0040667,2025_02_WAS_GB,2025,2,1.5,7.040923115744404,4,7.323553422017697,7.375842900081054
00-0040705,2025_02_LA_TEN,2025,2,2.8,4.514259019345266,4,4.258446905244056,5.160174042614247
00-0040782,2025_02_CLE_BAL,2025,2,2.5,4.208311714213803,4,5.364827102422064,4.5896625386629415
00-0030035,2025_03_CIN_MIN,2025,3,0.0,6.856566632023091,4,6.50740293807638,7.335372808339139
00-0030279,2025_03_DEN_LAC,2025,3,19.5,13.977460917426365,4,13.095060507833391,13.99925754069918
00-0031236,2025_03_NO_SEA,2025,3,5.4,8.137156564812084,4,8.77390148591961,8.312497767245004
00-0031381,2025_03_LA_PHI,2025,3,14.6,15.786733736389747,4,15.159287184474016,15.612551091225251
00-0031408,2025_03_NYJ_TB,2025,3,13.3,15.487952312817681,4,12.507769633555494,15.81876390662645
00-0031588,2025_03_PIT_NE,2025,3,5.300000000000001,8.681208985324439,4,7.485602618065722,9.188100156714857
00-0032211,2025_03_IND_TEN,2025,3,7.7,4.914389230661506,4,7.036046967381643,5.042194035846209
00-0032385,2025_03_NYJ_TB,2025,3,12.0,7.5644217514132155,4,8.714160942962767,7.680362100275355
00-0032398,2025_03_LV_WAS,2025,3,4.5,6.227324887759369,4,7.951846123884558,6.331989493198737
00-0032464,2025_03_DET_BAL,2025,3,1.4,5.546156057345223,4,6.627270052009112,5.83657697005578
00-0033040,2025_03_MIA_BUF,2025,3,15.9,14.183865074335356,4,13.935133304230463,14.059639159430215
00-0033307,2025_03_ARI_SF,2025,3,7.800000000000001,8.053637845330488,4,8.682914453478462,8.237146044184026
00-0033555,2025_03_PIT_NE,2025,3,6.7,6.083217871640637,4,6.81336913295163,6.402732613575735
00-0033589,2025_03_ATL_CAR,2025,3,1.5,9.774450144012787,4,10.595731061300777,9.78188737888121
00-0033857,2025_03_KC_NYG,2025,3,9.5,8.156873707770771,4,8.355691603210794,8.420223631355189
00-0033891,2025_03_ARI_SF,2025,3,4.5,4.653071213116434,4,5.17808230693365,5.128237118189158
00-0033908,2025_03_NO_SEA,2025,3,5.1,9.101865830167485,4,8.625131309905736,9.428274321623237
00-0034348,2025_03_DEN_LAC,2025,3,23.8,11.422649296611064,4,11.631889856950812,11.42425199469571
00-0034407,2025_03_ATL_CAR,2025,3,4.0,9.765773465125562,4,10.57089533465629,9.77720572514102
00-0034775,2025_03_HOU_JAX,2025,3,5.5,7.269739374832952,4,7.914604885715066,7.512375533273365
00-0034827,2025_03_DAL_CHI,2025,3,12.8,7.6823202296052315,4,8.656974265225273,7.824701089257037
00-0034837,2025_03_IND_TEN,2025,3,3.7,12.595056054434144,4,13.5277007504457,12.355488081056516
00-0034960,2025_03_LV_WAS,2025,3,9.3,15.091302431984053,4,14.41531846011468,14.982331754201088
00-0035208,2025_03_DAL_CHI,2025,3,6.6,7.38891543677383,4,8.468520089214426,7.53315352159184
00-0035359,2025_03_ATL_CAR,2025,3,1.9,3.7235322202959695,4,4.18902620020284,4.284766512088306
00-0035535,2025_03_KC_NYG,2025,3,7.0,7.5597576968671625,4,6.573710345444241,8.112935066366386
00-0035640,2025_03_PIT_NE,2025,3,12.2,14.959071240387345,4,15.71007028495206,14.568728944879282
00-0035659,2025_03_LV_WAS,2025,3,10.4,8.0872468818659,4,8.485536347194396,8.315330763493067
00-0035662,2025_03_KC_NYG,2025,3,8.2,13.590616143197868,4,12.213561012835582,13.744344850188153
00-0035676,2025_03_LA_PHI,2025,3,22.9,11.121403165754229,4,10.86266487421797,11.242676780382029
00-0035719,2025_03_LV_WAS,2025,3,4.9,10.721423808471505,4,11.762251423142246,10.608673288900974
00-0036252,2025_03_IND_TEN,2025,3,19.3,15.080826423642552,4,15.486537362757897,14.751432352151651
00-0036309,2025_03_ATL_CAR,2025,3,8.4,10.517196059939563,4,11.096326507686651,10.515119014352695
00-0036322,2025_03_CIN_MIN,2025,3,12.5,11.003440066854662,4,12.208941514782332,10.834587103252394
00-0036407,2025_03_GB_CLE,2025,3,2.7,12.32645002250659,4,11.704800618492472,12.426159478888623
00-0036410,2025_03_CIN_MIN,2025,3,2.5,10.76910004097509,4,10.446000903530866,10.93154500345159
00-0036415,2025_03_IND_TEN,2025,3,1.8,4.423766409232103,4,4.445413910580908,5.0201220017916555
00-0036427,2025_03_NYJ_TB,2025,3,5.2,6.7090146453518456,4,7.179706056366124,7.0318526295767425
00-0036550,2025_03_DET_BAL,2025,3,17.3,7.406639597811161,4,7.656403116379925,7.7192092370533345
00-0036554,2025_03_HOU_JAX,2025,3,22.4,12.693404371833182,4,13.128086106789905,12.547874375336615
00-0036613,2025_03_MIA_BUF,2025,3,14.9,12.938743351636441,4,13.027230627483393,12.844522582182446
00-0036620,2025_03_MIA_BUF,2025,3,0.0,4.218625915559909,4,4.897389015185958,4.696879046925023
00-0036630,2025_03_DET_BAL,2025,3,0.0,6.385293730862036,4,7.017089279541205,6.700912974413951
00-0036849,2025_03_LA_PHI,2025,3,0.0,3.49074321312074,4,3.2967568582486098,4.205377201659984
00-0036900,2025_03_CIN_MIN,2025,3,8.9,17.488496689568613,4,17.5126672045657,17.04574554595656
00-0036912,2025_03_LA_PHI,2025,3,20.0,11.710142089765892,4,12.26455440322844,11.618286884260463
00-0036963,2025_03_DET_BAL,2025,3,20.7,18.599539784525952,4,16.661465176114962,18.469834498563507
00-0036988,2025_03_MIA_BUF,2025,3,1.5,6.584712162681463,4,5.557300993001179,7.223862314925413
00-0037238,2025_03_ATL_CAR,2025,3,10.5,13.443514284658612,4,13.543454730449284,13.306823667960888
00-0037239,2025_03_NO_SEA,2025,3,15.7,13.050607636331797,4,12.533380556085072,13.071390481051598
00-0037240,2025_03_DET_BAL,2025,3,6.3,12.520314585504467,4,11.17245576328698,12.753155745053508
00-0037247,2025_03_DAL_CHI,2025,3,17.8,12.953077695740173,4,13.339921787941018,12.796689761702243
00-0037261,2025_03_MIA_BUF,2025,3,14.5,9.113808558890407,4,10.257295462509814,9.107858105265752
00-0037291,2025_03_CIN_MIN,2025,3,6.7,9.2252736911207,4,8.46736700427601,9.59938437728358
00-0037545,2025_03_NO_SEA,2025,3,8.2,10.762923539686563,4,10.852908819342623,10.841364809595452
00-0037664,2025_03_IND_TEN,2025,3,10.7,6.57969208424482,4,7.93385650704304,6.732099936278452
00-0037666,2025_03_DAL_CHI,2025,3,7.4,9.251253996505412,4,9.479619679611092,9.421561450203436
00-0037740,2025_03_NYJ_TB,2025,3,24.4,15.114584568181554,4,13.761147778303071,15.142333213603582
00-0037741,2025_03_LA_PHI,2025,3,1.7000000000000002,8.30405810193542,4,8.22815701255141,8.611900115176406
00-0037801,2025_03_DAL_CHI,2025,3,8.8,6.9557822212749985,4,7.889010543577752,7.164393229388187
00-0037816,2025_03_GB_CLE,2025,3,4.5,10.819338718423237,4,11.28625338406031,10.816195883720267
00-0037837,2025_03_PIT_NE,2025,3,12.4,10.320130755589611,4,10.478824762160688,10.419718090320208
00-0038090,2025_03_ARI_SF,2025,3,2.0,5.8531819249847175,4,6.952222379708778,6.1155288001805435
00-0038104,2025_03_KC_NYG,2025,3,18.1,10.552563683282228,4,11.103254731900376,10.553492222319656
00-0038117,2025_03_KC_NYG,2025,3,3.6,16.285162504416604,4,15.9704191119032,16.007394755714646
00-0038393,2025_03_GB_CLE,2025,3,4.1,7.728467020859858,4,8.10777573127017,7.988954814668171
00-0038543,2025_03_NO_SEA,2025,3,20.6,12.185101599726252,4,11.890920131540613,12.22906545308733
00-0038544,2025_03_DEN_LAC,2025,3,14.9,15.546994872328836,4,14.837695519911549,15.408613100055751
00-0038559,2025_03_ARI_SF,2025,3,1.5,8.39770374515569,4,8.931484834112467,8.573393374767354
00-0038563,2025_03_LV_WAS,2025,3,40.9,10.216665255336592,4,10.546258615920983,10.289520907086017
00-0038606,2025_03_HOU_JAX,2025,3,7.4,7.727827185276929,4,8.396153901189582,7.9292484131883985
00-0038608,2025_03_PIT_NE,2025,3,4.800000000000001,10.54303933993499,4,9.903339786536195,10.788214467042025
00-0038618,2025_03_HOU_JAX,2025,3,4.6,6.464671232513871,4,6.963713101699451,6.801134513847109
00-0038621,2025_03_PIT_NE,2025,3,2.7,6.1194260055458365,4,7.401524444253195,6.323163856459447
00-0038976,2025_03_DEN_LAC,2025,3,1.4,4.743315129957755,4,5.13191417821488,5.239209542429208
00-0038979,2025_03_GB_CLE,2025,3,5.6,10.503339192320805,4,10.546366801711969,10.612021313247125
00-0038997,2025_03_IND_TEN,2025,3,5.4,6.912533835142503,4,7.568410974695857,7.181313936661556
00-0039064,2025_03_DET_BAL,2025,3,3.3,18.60057690689245,4,18.096562709430444,18.177458085696777
00-0039075,2025_03_LA_PHI,2025,3,22.8,18.438749243671417,4,17.41571304216415,18.134658826292345
00-0039337,2025_03_KC_NYG,2025,3,3.3,16.956771474065242,4,16.15992450461066,16.72422593994161
00-0039355,2025_03_LV_WAS,2025,3,14.6,5.003311099357561,4,6.074760806644678,5.338862674383201
00-0039751,2025_03_LA_PHI,2025,3,3.4000000000000004,4.931155247354449,4,4.7461748663077925,5.529440451902214
00-0039849,2025_03_ARI_SF,2025,3,7.4,12.436969186635523,4,10.812507330756835,12.733013951313795
00-0039868,2025_03_DEN_LAC,2025,3,2.8,16.06919713105296,4,15.143102811219256,15.933647001562496
00-0039880,2025_03_MIA_BUF,2025,3,6.2,5.976640071667222,4,7.262666880777997,6.190925267111255
00-0039890,2025_03_IND_TEN,2025,3,0.0,4.346049821797018,4,5.362657460079553,4.745068598629812
00-0039893,2025_03_HOU_JAX,2025,3,7.5,12.03328605387027,4,12.044838292108226,12.026782042280848
00-0039901,2025_03_MIA_BUF,2025,3,5.0,14.266609960014714,4,14.503442094553495,14.036486101782732
00-0039915,2025_03_DEN_LAC,2025,3,8.100000000000001,14.410654255673215,4,13.6507427183866,14.3729592562255
00-0039916,2025_03_ARI_SF,2025,3,19.700000000000003,14.016383900815054,4,12.679046436497355,14.12814179300264
00-0039919,2025_03_DAL_CHI,2025,3,15.2,17.303504965376376,4,16.13461858391293,17.11949470207935
00-0040124,2025_03_ATL_CAR,2025,3,7.800000000000001,15.497768089595448,4,14.461881162851888,15.430101766882066
00-0040129,2025_03_NYJ_TB,2025,3,14.5,12.080272137808242,4,10.496605971744373,12.396328216953854
00-0040130,2025_03_HOU_JAX,2025,3,1.5,4.218394705704487,4,6.586961331968518,4.351023938976527
00-0040170,2025_03_IND_TEN,2025,3,13.8,11.01111461355229,4,11.552626162115386,10.977467926370595
00-0040581,2025_03_LV_WAS,2025,3,4.9,5.717679852263071,4,7.345313968663976,5.882676934272877
00-0040582,2025_03_NYJ_TB,2025,3,2.2,8.700599112581564,4,8.351224345768117,9.032855699269655
00-0040648,2025_03_NO_SEA,2025,3,18.2,5.222609635524613,4,5.756630358536672,5.650656768644635
00-0040667,2025_03_GB_CLE,2025,3,10.1,6.389867012780866,4,6.952133820697421,6.719344514350091
00-0040705,2025_03_IND_TEN,2025,3,3.5,5.227587063474159,4,6.049282565311113,5.596395833489369
00-0040782,2025_03_GB_CLE,2025,3,3.6,6.231640698384091,4,7.899215099148168,6.34761045333387
00-0030279,2025_04_LAC_NYG,2025,4,8.7,15.425140842469526,4,14.415375853420263,15.357904944336829
00-0031236,2025_04_NO_BUF,2025,4,5.2,9.203081791955382,4,9.727819066244985,9.316597156212255
00-0031381,2025_04_IND_LA,2025,4,15.6,15.428484201771111,4,14.163500565116369,15.413186432879709
00-0031588,2025_04_CAR_NE,2025,4,16.1,8.779549578297482,4,9.603528001239258,8.865525426314239
00-0032211,2025_04_TEN_HOU,2025,4,0.0,7.057005908776892,4,7.685427971136735,7.319916914758146
00-0032385,2025_04_PHI_TB,2025,4,4.0,8.665220028860666,4,8.843475130143334,8.892364609213482
00-0032398,2025_04_WAS_ATL,2025,4,0.9,7.364934935028371,4,7.897110912474184,7.623053625095091
00-0032464,2025_04_CLE_DET,2025,4,9.3,5.410066566795846,4,6.827802282494142,5.6424514450052
00-0032775,2025_04_JAX_SF,2025,4,3.0,4.9670775105402,4,5.316698092876891,5.453156645456849
00-0033040,2025_04_NYJ_MIA,2025,4,12.7,10.082680664995467,4,10.426025625048458,10.163374691160504
00-0033282,2025_04_NO_BUF,2025,4,1.9,5.024416736873866,4,5.722950354362235,5.434568937268735
00-0033307,2025_04_JAX_SF,2025,4,2.7,7.227831307016601,4,7.85897706805627,7.476605296890437
00-0033555,2025_04_CAR_NE,2025,4,7.4,4.832288251761685,4,5.6958930783113075,5.223949223342941
00-0033857,2025_04_BAL_KC,2025,4,13.6,9.3046631035615,4,9.285072937066166,9.521443096724186
00-0033908,2025_04_SEA_ARI,2025,4,6.6,10.419562828201398,4,10.586863111927014,10.50948535656864
00-0033921,2025_04_PHI_TB,2025,4,5.6,8.754879075852111,4,8.539973151657826,9.055315593512164
00-0033943,2025_04_NYJ_MIA,2025,4,0.0,6.458002895904007,4,6.801469385614312,6.826818578081024
00-0034348,2025_04_CIN_DEN,2025,4,19.1,14.02852544688071,4,13.14790061438448,14.04589946966497
00-0034407,2025_04_WAS_ATL,2025,4,0.2999999999999999,5.564470434043763,4,5.422945712977314,6.1035210920547005
00-0034521,2025_04_NYJ_MIA,2025,4,1.8,3.2863266960608515,4,3.788459506873006,3.87482265295696
00-0034775,2025_04_TEN_HOU,2025,4,5.0,9.307031948136343,4,10.478738094288818,9.279948925703367
00-0034827,2025_04_CHI_LV,2025,4,7.800000000000001,7.993633252510223,4,9.305703290493378,8.042249007839967
00-0034837,2025_04_TEN_HOU,2025,4,5.0,9.061845478041059,4,9.301404294396452,9.24492059706554
00-0034960,2025_04_CHI_LV,2025,4,7.0,16.498362883214156,4,14.891629815064649,16.46791771914677
00-0034983,2025_04_CAR_NE,2025,4,3.0,8.123341337624016,4,7.351210478195821,8.587960469114801
00-0035208,2025_04_CHI_LV,2025,4,9.1,6.3469882390752925,4,7.54726080075127,6.549372999844676
00-0035500,2025_04_SEA_ARI,2025,4,7.9,7.5364137022692255,4,9.080902370790335,7.573836209746899
00-0035535,2025_04_LAC_NYG,2025,4,7.4,8.551968258436123,4,8.566941646442302,8.821514469223402
00-0035640,2025_04_MIN_PIT,2025,4,23.6,12.286588705468127,4,11.737416458442327,12.374642066739916
00-0035662,2025_04_BAL_KC,2025,4,12.8,9.929302463843655,4,9.64254182256124,10.1510748849038
00-0035676,2025_04_PHI_TB,2025,4,2.7,13.56175702427654,4,13.869322984274296,13.373197676336224
00-0035719,2025_04_WAS_ATL,2025,4,20.1,14.618752073417365,4,13.491195022505018,14.639714539417874
00-0036182,2025_04_NYJ_MIA,2025,4,1.1,3.597116065360317,4,5.264196010544916,3.922620497364269
00-0036252,2025_04_IND_LA,2025,4,15.1,16.472797993267974,4,16.500083195574575,16.1101534932326
00-0036259,2025_04_JAX_SF,2025,4,6.4,12.42665401634761,4,13.186521313186478,12.235814188880727
00-0036309,2025_04_WAS_ATL,2025,4,2.5,7.757447542375752,4,8.066369495730566,8.030028825799075
00-0036322,2025_04_MIN_PIT,2025,4,22.6,11.613162326877452,4,11.271579634139956,11.712288650663751
00-0036407,2025_04_CLE_DET,2025,4,7.800000000000001,11.304913420952882,4,11.35512976344886,11.348403363855164
00-0036410,2025_04_CIN_DEN,2025,4,6.2,9.416783943575775,4,10.48653038192771,9.401831536709404
00-0036415,2025_04_TEN_HOU,2025,4,1.6,3.974938580123915,4,4.375888542820696,4.529389342329669
00-0036550,2025_04_BAL_KC,2025,4,3.4000000000000004,10.252297409953284,4,10.606047258682125,10.317379347378203
00-0036554,2025_04_TEN_HOU,2025,4,11.9,15.813160572582275,4,14.521408385394103,15.77275805879704
00-0036613,2025_04_NYJ_MIA,2025,4,7.800000000000001,12.576628177349312,4,12.752853608133464,12.4932475545014
00-0036630,2025_04_BAL_KC,2025,4,2.4000000000000004,3.5285621318106166,4,4.078813226245043,4.087959003973542
00-0036862,2025_04_MIN_PIT,2025,4,0.0,4.291899612060738,4,4.2902959865746855,4.903493977115624
00-0036900,2025_04_CIN_DEN,2025,4,7.300000000000001,16.297398866169644,4,15.15209587949762,16.188545886728654
00-0036912,2025_04_PHI_TB,2025,4,4.9,14.003250832676837,4,14.109131923085853,13.820848399503314
00-0036963,2025_04_CLE_DET,2025,4,26.0,17.70984634483718,4,15.984331715189091,17.607389656158354
00-0037238,2025_04_WAS_ATL,2025,4,25.0,14.235772411438765,4,13.71858836790948,14.162330878527737
00-0037239,2025_04_NO_BUF,2025,4,9.0,15.264425738985237,4,14.210037442048614,15.21909352206784
00-0037240,2025_04_CLE_DET,2025,4,5.7,10.447731699871817,4,10.177954807858764,10.624817239526587
00-0037247,2025_04_GB_DAL,2025,4,33.4,13.76457138744519,4,13.020061131468037,13.77508696870883
00-0037261,2025_04_NO_BUF,2025,4,17.9,7.802388846164922,4,8.737318359155353,7.943350245646009
00-0037291,2025_04_MIN_PIT,2025,4,9.2,7.600079917146747,4,7.541568727786181,7.960328179614546
00-0037545,2025_04_NO_BUF,2025,4,9.2,10.016087807620325,4,10.72479063188851,10.02734325311924
00-0037666,2025_04_GB_DAL,2025,4,10.1,8.631917436829522,4,7.581097778201037,9.113111558696245
00-0037740,2025_04_NYJ_MIA,2025,4,20.200000000000003,15.313717881898883,4,14.157840932115707,15.28522623015032
00-0037741,2025_04_PHI_TB,2025,4,0.0,5.816853785454119,4,7.481463402560991,5.966403775487232
00-0037801,2025_04_GB_DAL,2025,4,6.4,7.475036069953054,4,8.304682157132419,7.663555913755157
00-0037816,2025_04_GB_DAL,2025,4,29.8,10.754343992552217,4,10.561527634533714,10.891313198028556
00-0037837,2025_04_MIN_PIT,2025,4,3.3,7.718129836041772,4,7.505882339611566,8.100439752226517
00-0038104,2025_04_BAL_KC,2025,4,8.1,7.758652244016673,4,7.512956076448176,8.144582587043768
00-0038117,2025_04_LAC_NYG,2025,4,4.4,15.507629306551314,4,15.299807242005118,15.269801837800404
00-0038393,2025_04_GB_DAL,2025,4,3.9,10.399159173506684,4,10.185674713988629,10.568591640291269
00-0038543,2025_04_SEA_ARI,2025,4,13.0,17.0313268444353,4,15.855631099573769,16.870346414689077
00-0038544,2025_04_LAC_NYG,2025,4,23.8,16.144701013389813,4,15.574155053173238,15.930422708238776
00-0038559,2025_04_SEA_ARI,2025,4,4.5,9.706309798410429,4,9.96792771496358,9.83364063929121
00-0038563,2025_04_CHI_LV,2025,4,4.2,16.281340364422547,4,16.369299636331025,15.921505305713112
00-0038606,2025_04_JAX_SF,2025,4,5.9,11.980654467304282,4,13.254006097909972,11.720238629680876
00-0038608,2025_04_CAR_NE,2025,4,2.8,8.280770245967682,4,9.39921098081734,8.346165895805223
00-0038618,2025_04_TEN_HOU,2025,4,3.7,7.002059443724205,4,7.764281504667895,7.241970227884419
00-0038619,2025_04_CIN_DEN,2025,4,3.7,8.905315293861245,4,9.51331420563807,9.02547101081117
00-0038840,2025_04_CAR_NE,2025,4,6.6,7.814713515357182,4,8.311365882464228,8.044342921943835
00-0038976,2025_04_CIN_DEN,2025,4,20.5,4.238007772525541,4,4.62879891854,4.773623592991223
00-0038994,2025_04_MIN_PIT,2025,4,15.4,9.829486255113064,4,9.8612626908514,9.99403820822571
00-0038997,2025_04_IND_LA,2025,4,6.4,7.555193411008183,4,7.776845478608332,7.861703732247291
00-0039064,2025_04_BAL_KC,2025,4,14.4,16.20789026448589,4,14.726538700143356,16.174890177277288
00-0039075,2025_04_IND_LA,2025,4,36.0,19.830024593215228,4,18.404133618325744,19.497735951592063
00-0039355,2025_04_WAS_ATL,2025,4,10.1,6.3391989065969865,4,6.5118468659551185,6.752399221632896
00-0039394,2025_04_WAS_ATL,2025,4,2.9000000000000004,6.809430225623911,4,8.348594495346289,6.905733920776643
00-0039751,2025_04_IND_LA,2025,4,1.7000000000000002,8.204424681550474,4,8.025862100975782,8.541186110015968
00-0039849,2025_04_SEA_ARI,2025,4,18.6,12.513706968479674,4,11.440305209232944,12.690934355644943
00-0039868,2025_04_CIN_DEN,2025,4,9.5,9.881197273332265,4,10.242226073973278,9.974291218875615
00-0039880,2025_04_NYJ_MIA,2025,4,4.1,5.095786144681893,4,6.421157058335223,5.372047819763696
00-0039890,2025_04_IND_LA,2025,4,10.6,8.733398644346511,4,8.42298261221524,9.05507896029546
00-0039893,2025_04_JAX_SF,2025,4,10.6,11.894715538387418,4,12.009278425112422,11.878156895844068
00-0039894,2025_04_BAL_KC,2025,4,17.1,6.245574680355754,4,7.833232913082437,6.376783262372884
00-0039901,2025_04_NO_BUF,2025,4,7.5,12.069041959742279,4,11.833373598745268,12.110263449861757
00-0039915,2025_04_LAC_NYG,2025,4,2.1,13.276821738250415,4,12.34327418425132,13.364778141143072
00-0039916,2025_04_JAX_SF,2025,4,8.600000000000001,10.626426636066311,4,9.912359950004422,10.88018431414926
00-0039919,2025_04_CHI_LV,2025,4,16.9,15.863170243674313,4,14.800781868845378,15.771876759882655
00-0040124,2025_04_CAR_NE,2025,4,10.2,15.463522757910484,4,15.035005907546752,15.274343772661709
00-0040129,2025_04_PHI_TB,2025,4,20.1,15.88090850575085,4,15.26309336778175,15.69726930007689
00-0040130,2025_04_TEN_HOU,2025,4,9.4,4.346328652930856,4,5.0537520744661695,4.808567608560572
00-0040164,2025_04_WAS_ATL,2025,4,3.8,4.2434594564270425,4,4.718359408239013,4.761437784977816
00-0040170,2025_04_TEN_HOU,2025,4,6.4,11.136343274146215,4,11.500797032718692,11.128957873419385
00-0040581,2025_04_CHI_LV,2025,4,0.0,6.702119052496727,4,7.840475046818812,6.8889371954669505
00-0040648,2025_04_SEA_ARI,2025,4,2.0,5.085787839630529,4,5.034458962247756,5.644442549910187
00-0040667,2025_04_GB_DAL,2025,4,11.3,6.282429256757315,4,7.284197234042626,6.5305494694453055
00-0040705,2025_04_TEN_HOU,2025,4,-0.4,4.955891425311336,4,5.823338935854203,5.336940463642295
00-0040782,2025_04_CLE_DET,2025,4,8.8,5.207291803714741,4,6.0451124659722755,5.574415626381087
00-0030279,2025_05_WAS_LAC,2025,5,10.8,11.6578231923166,4,9.94102123742366,12.034694542975306
00-0031236,2025_05_NYG_NO,2025,5,1.5,5.151352850567957,4,5.544618075209089,5.613855547328692
00-0031381,2025_05_SF_LA,2025,5,13.8,14.652242443680846,4,13.61104064591504,14.652878959626316
00-0031588,2025_05_NE_BUF,2025,5,24.6,8.963481429879598,4,7.341888082813958,9.535067002465432
00-0032385,2025_05_TB_SEA,2025,5,11.9,5.909899842564285,4,6.69737214787965,6.231467851984088
00-0032398,2025_05_WAS_LAC,2025,5,0.0,5.455782068412181,4,6.091030451391911,5.8445872852138
00-0032775,2025_05_SF_LA,2025,5,6.9,8.395986463666073,4,9.106674464569094,8.5356270373351
00-0033282,2025_05_NE_BUF,2025,5,10.6,5.512904167931919,4,5.902958577335607,5.947321826794236
00-0033307,2025_05_SF_LA,2025,5,24.200000000000003,8.140288209536182,4,8.75439874740793,8.320010228376407
00-0033857,2025_05_KC_JAX,2025,5,3.7,7.978458745769046,4,8.334851635631187,8.223760593101115
00-0033891,2025_05_TEN_ARI,2025,5,2.8,4.479004121066077,4,5.233851144560098,4.920995639108418
00-0033908,2025_05_TB_SEA,2025,5,11.9,11.311424507980743,4,11.132256313460609,11.40131649940318
00-0033921,2025_05_TB_SEA,2025,5,5.6,11.132827794792764,4,11.887405220857664,11.045923687305011
00-0033943,2025_05_DAL_NYJ,2025,5,7.9,7.953727031789626,4,7.998448829923442,8.264745970139932
00-0034272,2025_05_SF_LA,2025,5,1.9,4.896680140374154,4,6.3498674712776015,5.162625582442441
00-0034348,2025_05_DEN_PHI,2025,5,17.9,15.443511033654017,4,15.174794960859384,15.223236311686042
00-0034775,2025_05_HOU_BAL,2025,5,10.4,6.47678582792877,4,7.635850550299198,6.6772811227322775
00-0034837,2025_05_TEN_ARI,2025,5,18.1,8.653532574977636,4,9.23299112182249,8.799541763406959
00-0034960,2025_05_LV_IND,2025,5,7.2,15.357228184524066,4,15.062850178467368,15.149061624873926
00-0034983,2025_05_MIA_CAR,2025,5,1.7000000000000002,5.603529909682807,4,4.636295591008964,6.308370966519364
00-0035021,2025_05_LV_IND,2025,5,7.5,7.12215447988604,4,7.505680898509473,7.429978835340986
00-0035535,2025_05_NYG_NO,2025,5,4.1,8.46778015505791,4,9.238950924068364,8.589341936175874
00-0035662,2025_05_KC_JAX,2025,5,8.8,9.470525034274756,4,9.003420905804088,9.765656825520969
00-0035676,2025_05_DEN_PHI,2025,5,9.3,12.764063650814169,4,12.599065234699516,12.735578620218345
00-0035719,2025_05_WAS_LAC,2025,5,23.6,16.128898614049042,4,15.467063743142733,15.93454929937603
00-0036252,2025_05_LV_IND,2025,5,14.9,16.533102861119488,4,15.945810876838127,16.291373585380494
00-0036322,2025_05_MIN_CLE,2025,5,19.3,10.637939520714772,4,11.258846512546748,10.617718663719868
00-0036407,2025_05_MIN_CLE,2025,5,3.5,11.286831322848206,4,11.628421231716924,11.272159465598763
00-0036410,2025_05_DET_CIN,2025,5,11.2,10.666255468835313,4,11.06471290509094,10.68928474476433
00-0036550,2025_05_HOU_BAL,2025,5,0.0,9.59468966953201,4,10.32997892064856,9.6340063373687
00-0036554,2025_05_HOU_BAL,2025,5,16.0,12.311857553893946,4,11.955481430486229,12.358466504197628
00-0036613,2025_05_MIA_CAR,2025,5,23.0,12.81656611926522,4,12.675414173284992,12.779029668817014
00-0036620,2025_05_MIA_CAR,2025,5,0.0,2.9773697714636502,4,3.434839779184578,3.5995620844036713
00-0036626,2025_05_KC_JAX,2025,5,3.5,9.751017283773347,4,8.912039294374933,10.099916380929892
00-0036849,2025_05_SF_LA,2025,5,9.2,6.557050013472984,4,6.731172505203112,6.952630479718005
00-0036900,2025_05_DET_CIN,2025,5,29.0,16.578114936445132,4,16.26968253147229,16.275767825249158
00-0036912,2025_05_DEN_PHI,2025,5,19.4,12.217726306625885,4,12.162843986940308,12.210148989267388
00-0036963,2025_05_DET_CIN,2025,5,18.0,18.22039711911509,4,17.717024028599493,17.82736984336861
00-0036988,2025_05_NE_BUF,2025,5,5.6,6.274837582133483,4,7.530232673969796,6.4716829300981225
00-0037239,2025_05_NYG_NO,2025,5,12.9,13.756434596459586,4,12.623234517243278,13.847101903697476
00-0037240,2025_05_DET_CIN,2025,5,2.0,11.019456463460429,4,10.61200407940415,11.179253257344271
00-0037247,2025_05_DAL_NYJ,2025,5,13.7,15.351222141321541,4,14.105275789464413,15.338172381282147
00-0037261,2025_05_NE_BUF,2025,5,11.0,9.860476215327969,4,10.00121896669286,10.000275991661464
00-0037291,2025_05_MIN_CLE,2025,5,7.2,6.168634794946058,4,6.783005137234949,6.505041758734864
00-0037545,2025_05_NYG_NO,2025,5,21.4,8.983366989749783,4,9.170763466076563,9.18335040540268
00-0037666,2025_05_DAL_NYJ,2025,5,0.0,8.648319543696145,4,8.938563003524063,8.85390088832605
00-0037740,2025_05_DAL_NYJ,2025,5,19.1,17.78608092293929,4,16.447753758581563,17.59836632400328
00-0037741,2025_05_DEN_PHI,2025,5,3.4000000000000004,7.004741824505459,4,7.060314158519908,7.3889816312855885
00-0038104,2025_05_KC_JAX,2025,5,12.0,6.794336223557168,4,6.0243180623496,7.364173483149209
00-0038117,2025_05_NYG_NO,2025,5,8.2,14.240717816977915,4,14.097920062440132,14.09030398810257
00-0038543,2025_05_TB_SEA,2025,5,27.200000000000003,16.05958446428042,4,14.106164881389992,16.134933607802136
00-0038544,2025_05_WAS_LAC,2025,5,6.9,17.579400341510954,4,16.409992333127963,17.373564262193398
00-0038559,2025_05_TEN_ARI,2025,5,3.6,7.256932685738986,4,7.792104427658169,7.5230243255518
00-0038563,2025_05_LV_IND,2025,5,11.1,12.975451104956548,4,12.729747249419592,12.94666962974884
00-0038608,2025_05_NE_BUF,2025,5,7.3,6.993996955017065,4,7.571157276057667,7.272402281503002
00-0038618,2025_05_HOU_BAL,2025,5,16.8,6.527365790576833,4,6.813250557950878,6.902445518363425
00-0038619,2025_05_DET_CIN,2025,5,13.2,8.645122097367905,4,8.94695280833705,8.848587501430067
00-0038740,2025_05_DAL_NYJ,2025,5,0.0,3.9408092892302005,4,5.2247820652370995,4.317354544096057
00-0038938,2025_05_NYG_NO,2025,5,0.0,5.131660907256997,4,6.449572560854939,5.406596451417608
00-0038976,2025_05_DEN_PHI,2025,5,3.9,5.935258416440329,4,6.608157228741337,6.2782460578880155
00-0038994,2025_05_MIN_CLE,2025,5,15.1,11.084801994658447,4,12.055966526443838,10.957413743632308
00-0038997,2025_05_LV_IND,2025,5,11.4,6.64737518437572,4,7.013983904040231,6.996402925719847
00-0039064,2025_05_HOU_BAL,2025,5,12.2,15.632932552912314,4,14.686773644987822,15.536167735652771
00-0039075,2025_05_SF_LA,2025,5,24.5,19.73370544398602,4,17.721013332235195,19.529101496582346
00-0039342,2025_05_MIA_CAR,2025,5,11.1,10.327938079241493,4,10.412542190599426,10.442059544542634
00-0039355,2025_05_WAS_LAC,2025,5,6.0,5.959197241378682,4,5.989598552298343,6.4317020375309575
00-0039379,2025_05_MIN_CLE,2025,5,3.2,3.5870332415869157,4,4.389156397264603,4.090262526615251
00-0039410,2025_05_DAL_NYJ,2025,5,18.4,5.068196756961635,4,6.197366880309641,5.386783726447036
00-0039424,2025_05_NYG_NO,2025,5,3.3,4.2647070636434705,4,4.9035697500575015,4.747458402569347
00-0039751,2025_05_SF_LA,2025,5,5.300000000000001,4.671624774896652,4,4.889556995069461,5.208127455993711
00-0039849,2025_05_TEN_ARI,2025,5,13.8,13.564048717075938,4,13.46376917107028,13.458730290046788
00-0039868,2025_05_DEN_PHI,2025,5,8.5,10.751059511447501,4,11.34530424779716,10.727299748194762
00-0039880,2025_05_MIA_CAR,2025,5,4.0,5.962554179266656,4,6.331487294868669,6.365546841434577
00-0039893,2025_05_KC_JAX,2025,5,12.0,12.653573697359437,4,13.152702329029273,12.498027726115456
00-0039894,2025_05_KC_JAX,2025,5,11.1,15.077365996880795,4,13.06479261213242,15.242897008027654
00-0039901,2025_05_NE_BUF,2025,5,10.3,10.02503933137321,4,9.418634959013858,10.30458287219159
00-0039915,2025_05_WAS_LAC,2025,5,14.9,11.516727268049078,4,12.186053379676762,11.416742581676411
00-0040124,2025_05_MIA_CAR,2025,5,13.3,15.026150504910156,4,14.246615828478523,14.943539994725494
00-0040129,2025_05_TB_SEA,2025,5,31.3,16.330805363488864,4,14.096914979813926,16.441962730432923
00-0040130,2025_05_HOU_BAL,2025,5,7.2,4.284060258581197,4,4.8899604347686205,4.772015444839633
00-0040134,2025_05_DEN_PHI,2025,5,0.0,5.109079475631195,4,6.350060418799988,5.401546004490627
00-0040164,2025_05_WAS_LAC,2025,5,2.6,4.254748321666926,4,4.412469750271901,4.836706780098052
00-0040170,2025_05_TEN_ARI,2025,5,3.8,10.474082233515174,4,10.856827925967773,10.515602238659786
00-0040237,2025_05_TB_SEA,2025,5,9.9,4.3942210912693955,4,4.615649757059275,4.9520610056544125
00-0040432,2025_05_NYG_NO,2025,5,1.7000000000000002,3.8670506913393687,4,5.016459684394465,4.276983903748147
00-0040581,2025_05_LV_IND,2025,5,0.0,4.904433792886867,4,5.991906441886082,5.244568268509112
00-0040582,2025_05_DAL_NYJ,2025,5,2.4000000000000004,5.809974004862299,4,7.055867814964552,6.04571748388198
00-0040648,2025_05_TB_SEA,2025,5,12.9,5.3613507901094435,4,6.217197344922025,5.712540455253858
00-0040669,2025_05_DET_CIN,2025,5,8.2,4.131858731972094,4,4.244703481950807,4.732765729578477
00-0040705,2025_05_TEN_ARI,2025,5,3.7,4.44928723775582,4,5.889723941297057,4.753406606442275
00-0040729,2025_05_LV_IND,2025,5,5.7,5.363240980697678,4,6.16452692244471,5.725440530022099
00-0040782,2025_05_MIN_CLE,2025,5,4.9,4.903278245274439,4,7.141547546550282,5.008113916503442
00-0030279,2025_06_LAC_MIA,2025,6,6.7,11.130971499936999,4,10.242821644910602,11.380227988224036
00-0031236,2025_06_NE_NO,2025,6,3.1,7.185947670625035,4,7.640175890520101,7.474238978708127
00-0031381,2025_06_LA_BAL,2025,6,7.9,14.314992796081755,4,13.082398605088894,14.381587746555397
00-0031588,2025_06_NE_NO,2025,6,5.800000000000001,12.646664381489312,4,12.464524219356152,12.631018367847467
00-0032385,2025_06_SF_TB,2025,6,7.1000000000000005,6.305920054978234,4,6.729295901064906,6.670480551935312
00-0032398,2025_06_CHI_WAS,2025,6,13.6,6.17530763232129,4,5.994838819284175,6.67376517487804
00-0033307,2025_06_SF_TB,2025,6,19.200000000000003,10.491507418205327,4,9.30810392728626,10.851991492086947
00-0033555,2025_06_NE_NO,2025,6,4.800000000000001,5.327428323127193,4,6.768900169753778,5.561527464540923
00-0033857,2025_06_DET_KC,2025,6,8.7,6.9939962116315,4,8.034324013175588,7.177662616811092
00-0033891,2025_06_ARI_IND,2025,6,12.9,7.760826550133238,4,7.144445307628534,8.22240613430453
00-0033908,2025_06_SEA_JAX,2025,6,12.0,10.617960592611096,4,10.512284240701415,10.747947574564847
00-0033943,2025_06_DEN_NYJ,2025,6,5.5,8.875067873358628,4,8.34680631729252,9.230045481496402
00-0034272,2025_06_SF_TB,2025,6,4.2,5.352108261277396,4,6.632963323305258,5.617098947040135
00-0034348,2025_06_DEN_NYJ,2025,6,2.7,16.43050394077477,4,16.82823133421824,15.995449230198972
00-0034827,2025_06_CHI_WAS,2025,6,8.2,6.729229373651343,4,8.188767674424593,6.848195857032708
00-0034960,2025_06_TEN_LV,2025,6,7.9,13.731974771365747,4,12.924049463759726,13.75805293027446
00-0035208,2025_06_CHI_WAS,2025,6,4.800000000000001,8.456186893122108,4,9.452380067395202,8.532642892971904
00-0035406,2025_06_PHI_NYG,2025,6,9.5,7.261929038937977,4,7.52746259592448,7.582776858330938
00-0035500,2025_06_ARI_IND,2025,6,9.9,6.119705567441794,4,7.128129876054062,6.379400098630544
00-0035640,2025_06_CLE_PIT,2025,6,19.5,12.671130979925302,4,11.189174940745264,12.91941190317116
00-0035662,2025_06_DET_KC,2025,6,20.5,9.626630754099326,4,9.375398263478386,9.86519715744132
00-0035676,2025_06_PHI_NYG,2025,6,14.0,12.752443542507995,4,12.586578919949456,12.725059440177384
00-0035719,2025_06_CHI_WAS,2025,6,5.4,15.331237746743605,4,14.690156575373138,15.196054006163056
00-0036182,2025_06_LAC_MIA,2025,6,0.0,5.36018962188415,4,5.889707603910961,5.7782207463408
00-0036252,2025_06_ARI_IND,2025,6,4.0,15.287066251211177,4,13.815570459556852,15.325251811579829
00-0036259,2025_06_SF_TB,2025,6,1.7000000000000002,10.054340116220008,4,11.35348623269798,9.941781947414674
00-0036407,2025_06_CLE_PIT,2025,6,9.3,10.719635561931701,4,9.407041759473026,11.088409756152489
00-0036410,2025_06_CIN_GB,2025,6,11.2,8.994615271963948,4,8.70401743693239,9.291476243815753
00-0036415,2025_06_TEN_LV,2025,6,11.5,6.594644870735554,4,6.76292833370967,6.988431054255972
00-0036550,2025_06_LA_BAL,2025,6,1.8,5.621980218210282,4,6.485869063609734,5.950805931794535
00-0036613,2025_06_LAC_MIA,2025,6,15.82,14.079641691080402,4,13.043691707032112,14.124723302454283
00-0036620,2025_06_LAC_MIA,2025,6,0.0,3.527351557892679,4,3.5525672011223115,4.194238481859962
00-0036626,2025_06_SEA_JAX,2025,6,4.0,8.834822799111878,4,9.105148847469083,9.029651949308754
00-0036900,2025_06_CIN_GB,2025,6,25.1,15.552152438434819,4,14.107844070384733,15.56370369651387
00-0036912,2025_06_PHI_NYG,2025,6,8.9,14.482097120711963,4,14.09779066477151,14.361894260308365
00-0036963,2025_06_DET_KC,2025,6,13.7,18.298886026545453,4,17.261758816245734,18.008796399123604
00-0037238,2025_06_BUF_ATL,2025,6,31.8,15.75664353235645,4,15.506081009149726,15.507762871377963
00-0037239,2025_06_NE_NO,2025,6,15.8,15.554159758700939,4,14.72106579662644,15.440530080503397
00-0037240,2025_06_DET_KC,2025,6,18.6,9.798367712582811,4,10.064969536900364,9.917360902012732
00-0037247,2025_06_DAL_CAR,2025,6,31.8,14.693012873344436,4,13.500790513543295,14.72129894040035
00-0037261,2025_06_BUF_ATL,2025,6,6.300000000000001,11.058783846303891,4,10.4303746604497,11.26065007416605
00-0037545,2025_06_NE_NO,2025,6,6.800000000000001,9.980724278874808,4,9.731634987017989,10.19070336592868
00-0037664,2025_06_ARI_IND,2025,6,6.800000000000001,9.065773395807282,4,8.46750391346921,9.419910553422527
00-0037666,2025_06_DAL_CAR,2025,6,1.8,8.261196338743105,4,7.763854981329791,8.658649533190856
00-0037740,2025_06_DEN_NYJ,2025,6,4.3,15.262162458495458,4,13.86228617744781,15.287678291986287
00-0037741,2025_06_PHI_NYG,2025,6,2.7,7.430015446192558,4,7.495546321523253,7.778410824985022
00-0037816,2025_06_CIN_GB,2025,6,10.5,10.942883007057494,4,10.900016910641405,11.034192458358318
00-0038117,2025_06_PHI_NYG,2025,6,20.4,12.788977202104698,4,12.792975704381297,12.723944033531833
00-0038393,2025_06_CIN_GB,2025,6,3.5,4.437093861721267,4,5.685806474254742,4.7813989169507565
00-0038543,2025_06_SEA_JAX,2025,6,30.2,17.066488296642746,4,15.332845436515417,17.016838440740493
00-0038559,2025_06_ARI_IND,2025,6,8.4,8.042229014661459,4,7.283440270191468,8.510567157836306
00-0038563,2025_06_TEN_LV,2025,6,12.0,12.680101296760109,4,12.312998280758418,12.699630572053966
00-0038608,2025_06_NE_NO,2025,6,26.3,8.027757028504546,4,8.678147694244286,8.209003849961608
00-0038619,2025_06_CIN_GB,2025,6,1.5,8.857013451261976,4,9.538868403681992,8.965902014184222
00-0038679,2025_06_BUF_ATL,2025,6,5.7,4.489046555372563,4,5.577413817877765,4.862019565710628
00-0038740,2025_06_DAL_CAR,2025,6,0.0,3.1870305282942244,4,3.913580128634927,3.737516589262591
00-0038938,2025_06_PHI_NYG,2025,6,4.7,4.610896429736949,4,5.26494525235351,5.063020920909704
00-0038976,2025_06_DEN_NYJ,2025,6,4.800000000000001,5.8082247262108195,4,6.406649270761637,6.176544408923843
00-0038997,2025_06_ARI_IND,2025,6,16.2,6.9958081140608215,4,7.21114094102669,7.34807976904418
00-0039064,2025_06_LA_BAL,2025,6,8.600000000000001,16.627438953835615,4,16.449183781919707,16.294543581170373
00-0039075,2025_06_LA_BAL,2025,6,4.800000000000001,14.784524536838692,4,12.917633637289942,14.943536456435355
00-0039342,2025_06_DAL_CAR,2025,6,3.1,8.510783838579748,4,9.06552642942873,8.673196492242823
00-0039355,2025_06_CHI_WAS,2025,6,10.3,5.021235114492935,4,4.851825218542863,5.609174473611085
00-0039379,2025_06_CLE_PIT,2025,6,3.3,4.301202432862299,4,4.629345603560335,4.844608928375623
00-0039394,2025_06_BUF_ATL,2025,6,0.0,9.021458522607126,4,9.708839109813963,9.116144153989332
00-0039410,2025_06_DAL_CAR,2025,6,6.300000000000001,15.499325743438527,4,14.228295426093483,15.479633195713609
00-0039589,2025_06_SF_TB,2025,6,16.4,4.4250126120248785,4,5.630732271189812,4.779072105053959
00-0039751,2025_06_LA_BAL,2025,6,5.300000000000001,8.532139512692352,4,8.644808561828153,8.783278783826445
00-0039868,2025_06_DEN_NYJ,2025,6,3.1,9.245664171170311,4,9.695388758129235,9.37113794980989
00-0039880,2025_06_LAC_MIA,2025,6,6.300000000000001,5.526853951281991,4,6.7106926581866055,5.797797387244132
00-0039893,2025_06_SEA_JAX,2025,6,23.0,13.282900914749609,4,13.752719048467297,13.083321438366871
00-0039894,2025_06_DET_KC,2025,6,10.6,13.750838955102033,4,14.550151165625984,13.446663746484507
00-0039901,2025_06_BUF_ATL,2025,6,4.1,12.001144719603289,4,11.634590462436591,12.07453591774228
00-0039915,2025_06_LAC_MIA,2025,6,23.0,10.052632448893258,4,10.425613286927444,10.129653285342696
00-0039919,2025_06_CHI_WAS,2025,6,5.2,15.31787100576882,4,14.330993825774993,15.254480998759554
00-0040124,2025_06_DAL_CAR,2025,6,17.9,16.790766236828006,4,16.63187580006098,16.440926061677686
00-0040129,2025_06_SF_TB,2025,6,4.4,13.100131611588573,4,11.429814849586633,13.352837205416938
00-0040134,2025_06_DEN_NYJ,2025,6,4.2,4.508073009493719,4,5.069499307321181,4.987317078559877
00-0040164,2025_06_CHI_WAS,2025,6,5.4,4.089074356239528,4,4.659782216950587,4.599728536672675
00-0040170,2025_06_TEN_LV,2025,6,5.7,10.209670873836705,4,9.042881021598008,10.58916150739392
00-0040237,2025_06_SF_TB,2025,6,11.5,9.271136267275514,4,9.779776525891238,9.382534166847332
00-0040582,2025_06_DEN_NYJ,2025,6,0.0,5.683079322167319,4,6.239367242360077,6.069966405035639
00-0040648,2025_06_SEA_JAX,2025,6,0.0,4.722574105814983,4,5.15990632876061,5.210149173714332
00-0040667,2025_06_CIN_GB,2025,6,13.2,7.287633486665239,4,7.225441101520747,7.673472888893159
00-0040705,2025_06_TEN_LV,2025,6,2.8,4.855050686250007,4,5.336668332520538,5.323036028669115
00-0040727,2025_06_LAC_MIA,2025,6,6.7,9.315079418147375,4,9.100823397755669,9.570849448666484
00-0040729,2025_06_TEN_LV,2025,6,0.0,8.768201435156094,4,8.65965696554817,9.045823088884845
00-0040782,2025_06_CLE_PIT,2025,6,2.9,8.477620062802703,4,8.937246765421532,8.662124655087863
00-0030279,2025_07_IND_LAC,2025,7,28.9,12.758285414771183,4,12.36586543153208,12.776777864452908
00-0031236,2025_07_NO_CHI,2025,7,1.3,6.726197246605061,4,6.354844855979057,7.219905841864504
00-0031381,2025_07_LA_JAX,2025,7,26.5,11.68356465929254,4,11.79701998082003,11.684018164231528
00-0031588,2025_07_NE_TEN,2025,7,13.9,9.724967981034574,4,9.35947867800494,9.979087747208071
00-0032385,2025_07_TB_DET,2025,7,7.5,8.49048149163595,4,9.172528601130477,8.628468486362426
00-0032398,2025_07_WAS_DAL,2025,7,7.9,8.960072519493934,4,8.888281959905688,9.21492337620841
00-0032464,2025_07_TB_DET,2025,7,4.7,5.434988290240562,4,6.936275229977275,5.648301941970331
00-0032688,2025_07_WAS_DAL,2025,7,7.6,4.542154113899208,4,5.696320257575917,4.897446411220559
00-0032775,2025_07_ATL_SF,2025,7,0.0,4.788175457419759,4,5.213035944651693,5.273086537641248
00-0033307,2025_07_ATL_SF,2025,7,3.4000000000000004,12.651246782101333,4,12.159976004662871,12.698467867777715
00-0033555,2025_07_NE_TEN,2025,7,7.300000000000001,5.3386765332536275,4,6.580423115855749,5.612734461139545
00-0033857,2025_07_LV_KC,2025,7,6.5,4.986555494653651,4,4.470091456185162,5.648240216900286
00-0033891,2025_07_GB_ARI,2025,7,8.7,5.890909319064524,4,7.08983280064659,6.129826368967277
00-0033908,2025_07_HOU_SEA,2025,7,2.2,10.235333443517401,4,10.176604319567389,10.386134801444417
00-0033943,2025_07_CAR_NYJ,2025,7,5.9,8.3111022822405,4,8.484312808266946,8.567429568901126
00-0034348,2025_07_NYG_DEN,2025,7,16.700000000000003,14.988350391454762,4,15.125352685526462,14.721271007394298
00-0034419,2025_07_HOU_SEA,2025,7,0.9,3.4790449219354427,4,4.905961261103135,3.863059975266131
00-0034521,2025_07_CAR_NYJ,2025,7,3.6,3.946837337374922,4,4.726253285703126,4.426108387073301
00-0034827,2025_07_NO_CHI,2025,7,8.2,7.564300009813467,4,8.62064774055587,7.699352871223087
00-0035208,2025_07_NO_CHI,2025,7,2.9,6.181749876506134,4,7.034092515428151,6.468438004098076
00-0035406,2025_07_NYG_DEN,2025,7,0.0,10.817340089297526,4,11.451669056091326,10.780112238624206
00-0035640,2025_07_PIT_CIN,2025,7,8.0,15.139240723967092,4,14.121192925155771,15.096426887332692
00-0035676,2025_07_PHI_MIN,2025,7,28.1,13.594699056935553,4,13.857100177798046,13.41275923693551
00-0036182,2025_07_MIA_CLE,2025,7,4.6,4.838128840773479,4,5.049123195654409,5.362814266062307
00-0036252,2025_07_IND_LAC,2025,7,20.8,13.9498670970182,4,13.472073968310774,13.891096576716585
00-0036259,2025_07_ATL_SF,2025,7,7.1,9.96925642088955,4,11.14703971168605,9.888286305990029
00-0036309,2025_07_ATL_SF,2025,7,9.8,9.416524051956655,4,9.586964129674174,9.585541678465454
00-0036322,2025_07_PHI_MIN,2025,7,12.9,11.927398135501955,4,11.1940546110128,12.081677092428253
00-0036358,2025_07_WAS_DAL,2025,7,22.0,19.116721055488995,4,18.78961465263083,18.61638520979185
00-0036407,2025_07_MIA_CLE,2025,7,3.7,9.494003181557769,4,9.581666438846504,9.67379319986242
00-0036410,2025_07_PIT_CIN,2025,7,21.6,11.239346611034804,4,10.792964303963636,11.38962602422084
00-0036415,2025_07_NE_TEN,2025,7,8.100000000000001,7.7830097073748306,4,8.05168988193406,8.061790195425175
00-0036554,2025_07_HOU_SEA,2025,7,6.7,10.803560878097516,4,10.56526397159208,10.94592040674718
00-0036613,2025_07_MIA_CLE,2025,7,2.5,12.36624133055848,4,13.33845557030638,12.136769372098938
00-0036620,2025_07_MIA_CLE,2025,7,6.5,2.360644039407441,4,2.8698217123301673,3.0212868454887367
00-0036900,2025_07_PIT_CIN,2025,7,38.1,17.48972335228838,4,17.23552795235426,17.103813283512277
00-0036912,2025_07_PHI_MIN,2025,7,33.3,13.005726331610537,4,12.269091542289985,13.07495598346496
00-0036963,2025_07_TB_DET,2025,7,20.6,19.96214687701182,4,19.339324989691896,19.455090634577104
00-0037238,2025_07_ATL_SF,2025,7,8.2,16.780275887462942,4,14.926073822073224,16.778038588241337
00-0037239,2025_07_NO_CHI,2025,7,26.8,13.598903328582931,4,12.120778540308638,13.772646617338973
00-0037240,2025_07_TB_DET,2025,7,0.0,12.108303185170092,4,11.057701292944849,12.313094836335246
00-0037247,2025_07_WAS_DAL,2025,7,12.2,17.45171863560909,4,15.835260553891064,17.347474942401774
00-0037291,2025_07_PHI_MIN,2025,7,5.7,6.378011358042846,4,7.457283267298662,6.602680092228584
00-0037545,2025_07_NO_CHI,2025,7,8.0,11.18144006939163,4,11.171496050471632,11.247051171765367
00-0037664,2025_07_IND_LAC,2025,7,14.8,9.357757063824746,4,9.25843187384755,9.586625779449813
00-0037666,2025_07_WAS_DAL,2025,7,2.6,5.321979927575401,4,5.714408660999029,5.771089595951568
00-0037816,2025_07_GB_ARI,2025,7,13.2,13.27893152774298,4,12.893210956431952,13.25466448210068
00-0038117,2025_07_NYG_DEN,2025,7,15.5,13.260878930560304,4,12.06042845186554,13.404696601446853
00-0038359,2025_07_LA_JAX,2025,7,3.5,4.234136911687784,4,5.562075633440809,4.5783708130328336
00-0038465,2025_07_GB_ARI,2025,7,0.0,3.5446963028614533,4,3.849019277788106,4.153114150108703
00-0038543,2025_07_HOU_SEA,2025,7,26.3,16.10669082079346,4,14.530890460542205,16.10105476838441
00-0038544,2025_07_IND_LAC,2025,7,11.0,17.145255983231877,4,16.31209632219919,16.905154339710013
00-0038559,2025_07_GB_ARI,2025,7,7.0,9.027884606274657,4,8.298857568914745,9.411779675671196
00-0038563,2025_07_LV_KC,2025,7,8.3,13.268269617580716,4,12.879786008718115,13.245415316422182
00-0038606,2025_07_LA_JAX,2025,7,10.2,10.334172669699738,4,11.069448605540016,10.31470629793609
00-0038608,2025_07_NE_TEN,2025,7,13.5,7.869927444152442,4,8.419539863948838,8.084334819146756
00-0038618,2025_07_HOU_SEA,2025,7,2.3,7.956632813764411,4,8.921677510598446,8.079172536285467
00-0038619,2025_07_PIT_CIN,2025,7,7.9,7.991825474765845,4,8.666365951662327,8.170988959040248
00-0038976,2025_07_NYG_DEN,2025,7,15.8,6.803781360659272,4,8.276392084679879,6.9141473673990115
00-0038994,2025_07_PHI_MIN,2025,7,21.8,13.30574254005097,4,13.013930296297133,13.260135575057042
00-0039067,2025_07_LV_KC,2025,7,23.2,3.642899443686952,4,3.763366230277659,4.281117575711487
00-0039342,2025_07_CAR_NYJ,2025,7,24.200000000000003,7.742161002313676,4,8.0504644052729,8.016084022767611
00-0039355,2025_07_WAS_DAL,2025,7,0.0,6.239883682359706,4,6.664229294010994,6.609495429442805
00-0039379,2025_07_MIA_CLE,2025,7,3.3000000000000003,3.3298149175226452,4,4.374725426186197,3.8038308261802314
00-0039491,2025_07_CAR_NYJ,2025,7,0.0,2.402745870897085,4,3.6895701435888286,2.9009773845176383
00-0039739,2025_07_PIT_CIN,2025,7,3.7,5.232095541589204,4,6.105908189157929,5.5898855614654135
00-0039751,2025_07_LA_JAX,2025,7,2.9,5.695132551456751,4,6.4175517118960395,6.047079999958085
00-0039816,2025_07_IND_LAC,2025,7,1.3,7.31478369268236,4,8.79833600850036,7.38228912355887
00-0039849,2025_07_GB_ARI,2025,7,7.800000000000001,14.04106530252327,4,13.412835101498397,14.005816188567794
00-0039868,2025_07_NYG_DEN,2025,7,12.9,8.994524866596079,4,9.69431187420047,9.088813927779396
00-0039880,2025_07_MIA_CLE,2025,7,8.0,5.943740753512252,4,6.428054655512577,6.324628343625667
00-0039893,2025_07_LA_JAX,2025,7,6.1,12.012051040560845,4,11.650593782415326,12.083532662489617
00-0039894,2025_07_LV_KC,2025,7,7.800000000000001,10.142089925790362,4,10.122684471472384,10.29226025507872
00-0039915,2025_07_IND_LAC,2025,7,15.7,14.688166480052304,4,14.865280843519034,14.436745687355144
00-0039919,2025_07_NO_CHI,2025,7,5.1,14.812794246209064,4,13.643047004639332,14.82696101009116
00-0040124,2025_07_CAR_NYJ,2025,7,6.300000000000001,13.938518267537663,4,13.053625306211266,13.963920507446872
00-0040129,2025_07_TB_DET,2025,7,9.8,16.40536055079825,4,15.386416920669744,16.26207879471054
00-0040130,2025_07_HOU_SEA,2025,7,0.0,5.644762550893965,4,6.537765919610314,5.965821911056675
00-0040134,2025_07_NYG_DEN,2025,7,1.6,4.961395373241483,4,5.754548395274486,5.357203499454109
00-0040138,2025_07_HOU_SEA,2025,7,11.7,3.0041854123558673,4,3.701924401663761,3.575099975372674
00-0040164,2025_07_WAS_DAL,2025,7,9.0,7.355691477417324,4,7.429407218965471,7.708321116282951
00-0040170,2025_07_NE_TEN,2025,7,4.9,9.702079897277022,4,9.749682756751309,9.8735228865438
00-0040237,2025_07_TB_DET,2025,7,15.8,8.763737003640811,4,9.97302673295551,8.772156060272506
00-0040581,2025_07_LV_KC,2025,7,0.0,7.6392196046885665,4,7.869378295882559,7.937310205341166
00-0040582,2025_07_CAR_NYJ,2025,7,1.0,7.964798306192469,4,7.431754551625886,8.393116664273998
00-0040590,2025_07_LA_JAX,2025,7,7.5,4.367675021699875,4,4.62699840141629,4.91987403004989
00-0040648,2025_07_HOU_SEA,2025,7,0.0,4.51788379442503,4,5.148136407520391,4.982269811357594
00-0040667,2025_07_GB_ARI,2025,7,7.7,9.755030513904444,4,9.504248558490172,9.983297525641785
00-0040705,2025_07_NE_TEN,2025,7,16.9,4.532325071238798,4,5.2248411831224875,4.982827328361909
00-0040727,2025_07_IND_LAC,2025,7,4.300000000000001,5.623656502665727,4,5.023826281496523,6.251746601711076
00-0040729,2025_07_LV_KC,2025,7,3.3,5.144084216745135,4,6.262435258175899,5.458851453108858
00-0030564,2025_08_CHI_BAL,2025,8,2.4000000000000004,4.793363879649871,4,5.5300168617567635,5.214086645177376
00-0031236,2025_08_TB_NO,2025,8,5.2,6.499724518504645,4,7.171587579784353,6.7980513566745255
00-0031588,2025_08_CLE_NE,2025,8,10.4,10.675968599844534,4,10.0667926502303,10.90433293828176
00-0032385,2025_08_TB_NO,2025,8,1.8,6.3052247677614774,4,6.880776533370184,6.638713586132669
00-0032775,2025_08_SF_HOU,2025,8,4.5,4.731442432145605,4,5.1608252323647275,5.219938527035089
00-0033307,2025_08_SF_HOU,2025,8,7.4,10.860092058005666,4,9.678872693269438,11.190828461862305
00-0033555,2025_08_CLE_NE,2025,8,15.9,6.848812792278134,4,7.267618971584321,7.1711503247475665
00-0034348,2025_08_DAL_DEN,2025,8,10.7,16.833304068741803,4,16.864847292714973,16.44112990360366
00-0034521,2025_08_NYJ_CIN,2025,8,1.5,6.5350502764729494,4,6.340268081460543,7.007837546799666
00-0034827,2025_08_CHI_BAL,2025,8,11.6,7.349776487480703,4,8.49485489074648,7.483733569597493
00-0034854,2025_08_MIA_ATL,2025,8,6.1,6.217269181313932,4,6.737191332194332,6.569128902043869
00-0035208,2025_08_CHI_BAL,2025,8,10.3,6.09079142346024,4,7.011401539200711,6.370746534165919
00-0035359,2025_08_MIA_ATL,2025,8,3.4000000000000004,8.464634631250334,4,9.344524722311276,8.56420838334612
00-0035535,2025_08_NYG_PHI,2025,8,4.6,8.130599485197232,4,8.927407468258643,8.273721714528932
00-0035640,2025_08_GB_PIT,2025,8,16.5,13.691209543147624,4,13.214498438503195,13.652779878179787
00-0035659,2025_08_WAS_KC,2025,8,14.4,6.067826414469673,4,5.419002772898022,6.670628288988786
00-0035662,2025_08_WAS_KC,2025,8,0.0,8.679483566353028,4,7.010285176537014,9.28338317832788
00-0035719,2025_08_WAS_KC,2025,8,4.2,14.761637703434214,4,14.052850858606469,14.68558366496369
00-0036182,2025_08_MIA_ATL,2025,8,2.8,5.447656235797345,4,6.767481963589827,5.697079975215333
00-0036252,2025_08_TEN_IND,2025,8,23.5,15.178986814263252,4,14.059112239452531,15.15384157519016
00-0036259,2025_08_SF_HOU,2025,8,8.5,9.659509759396077,4,9.946578932929755,9.78535505626585
00-0036309,2025_08_MIA_ATL,2025,8,2.1,10.301683542229183,4,10.45554313040646,10.403726212369
00-0036322,2025_08_MIN_LAC,2025,8,14.4,12.489313683969682,4,12.645955503287205,12.41687993935853
00-0036358,2025_08_DAL_DEN,2025,8,14.6,15.667808577699459,4,14.888289214438506,15.534185839044165
00-0036407,2025_08_CLE_NE,2025,8,0.0,10.80121096147728,4,10.68801832415246,10.918167740966464
00-0036410,2025_08_NYJ_CIN,2025,8,11.4,11.720795704346225,4,12.117932117832687,11.660263712398931
00-0036415,2025_08_TEN_IND,2025,8,1.6,8.88267647212352,4,9.24964124295428,9.053934409745402
00-0036427,2025_08_NYJ_CIN,2025,8,15.4,7.401237682071663,4,7.209918791960349,7.804458321592026
00-0036550,2025_08_CHI_BAL,2025,8,7.1000000000000005,8.420413572661568,4,7.576732579222837,8.87605200313662
00-0036613,2025_08_MIA_ATL,2025,8,20.9,13.06476748059189,4,12.512454978494622,13.091601254740844
00-0036620,2025_08_MIA_ATL,2025,8,0.0,3.968648303098746,4,4.3588304669864,4.525801624087994
00-0036900,2025_08_NYJ_CIN,2025,8,21.1,17.38303331771786,4,16.662480531128377,17.10099611676491
00-0036912,2025_08_NYG_PHI,2025,8,14.4,16.04536400497326,4,15.37838291776432,15.858707974669784
00-0036980,2025_08_BUF_CAR,2025,8,2.4000000000000004,6.944993278378922,4,7.329002935052698,7.266802353877251
00-0037239,2025_08_TB_NO,2025,8,14.0,15.788151912391127,4,14.79097432330456,15.689483473054937
00-0037247,2025_08_DAL_DEN,2025,8,14.8,15.613021317855319,4,14.432727447004172,15.565730691542267
00-0037261,2025_08_BUF_CAR,2025,8,20.8,8.115639576407053,4,7.424720121402066,8.564259510492583
00-0037291,2025_08_MIN_LAC,2025,8,0.0,7.409082846111083,4,8.195082083644783,7.611773473007879
00-0037545,2025_08_TB_NO,2025,8,14.5,12.437195630957493,4,12.023390018851863,12.485587698442345
00-0037664,2025_08_TEN_IND,2025,8,8.9,11.288699141618926,4,10.420275807202088,11.52138197345298
00-0037741,2025_08_NYG_PHI,2025,8,11.0,6.919913372758604,4,7.7245603338164255,7.15767658452703
00-0037801,2025_08_DAL_DEN,2025,8,0.8,5.519905525006512,4,5.936033193066304,5.948433429126977
00-0037816,2025_08_GB_PIT,2025,8,9.4,13.631979818758515,4,13.16465686733113,13.596338358085518
00-0037837,2025_08_GB_PIT,2025,8,6.800000000000001,9.573006146422717,4,9.95223973611152,9.68687626602788
00-0038117,2025_08_NYG_PHI,2025,8,7.800000000000001,15.527442250010262,4,15.43816561250481,15.263791762552088
00-0038124,2025_08_GB_PIT,2025,8,12.5,5.3277128009930195,4,6.614533026937747,5.593422672962453
00-0038608,2025_08_CLE_NE,2025,8,16.5,8.745498595964944,4,8.431331818363454,9.0669842164378
00-0038618,2025_08_SF_HOU,2025,8,17.9,7.417793195998277,4,7.714814729510907,7.719809741208949
00-0038619,2025_08_NYJ_CIN,2025,8,0.0,8.168020709153561,4,8.967405740542024,8.307640985333263
00-0038728,2025_08_SF_HOU,2025,8,4.0,3.38475955014065,4,4.597371868560645,3.8201048862651463
00-0038994,2025_08_MIN_LAC,2025,8,11.6,15.410941683189984,4,13.348510078986026,15.560153132876746
00-0038997,2025_08_TEN_IND,2025,8,12.9,9.496388486372503,4,9.94832067715048,9.601479188824738
00-0039064,2025_08_CHI_BAL,2025,8,14.1,15.416468423186567,4,14.036914043870343,15.425560826307184
00-0039067,2025_08_WAS_KC,2025,8,25.5,15.333968278459318,4,15.02583994953359,15.130463354034896
00-0039342,2025_08_BUF_CAR,2025,8,3.7,11.25691032756884,4,12.241270303439052,11.113141120629995
00-0039355,2025_08_WAS_KC,2025,8,5.4,4.776540674830996,4,5.385394482765854,5.224741602981028
00-0039379,2025_08_CLE_NE,2025,8,5.1,4.111190016236049,4,4.7764002486800194,4.60075602865485
00-0039410,2025_08_DAL_DEN,2025,8,1.7000000000000002,10.898059517737703,4,12.669366447113614,10.621850704678767
00-0039424,2025_08_TB_NO,2025,8,2.0,5.215925979135376,4,6.60605418102125,5.469391212974431
00-0039451,2025_08_NYJ_CIN,2025,8,8.600000000000001,3.3356840405130574,4,3.911491743689862,3.9051864052018024
00-0039491,2025_08_BUF_CAR,2025,8,6.6,5.825016125504718,4,6.963095401413135,6.08161683394821
00-0039739,2025_08_GB_PIT,2025,8,17.4,4.415191860867961,4,5.9300546057356645,4.706798130469188
00-0039868,2025_08_DAL_DEN,2025,8,26.9,9.63986183350239,4,9.861805529927269,9.78059020246154
00-0039880,2025_08_MIA_ATL,2025,8,13.6,7.8436040930911215,4,8.071055186815803,8.126000821277183
00-0039894,2025_08_WAS_KC,2025,8,10.3,11.657066633776079,4,12.612729685806508,11.487356533446476
00-0039901,2025_08_BUF_CAR,2025,8,6.0,9.904760214466608,4,9.681168010138968,10.115562799427964
00-0039915,2025_08_MIN_LAC,2025,8,20.8,10.510461438468768,4,9.472425766727923,10.83970436572033
00-0039919,2025_08_CHI_BAL,2025,8,18.4,15.01567783839744,4,14.829861979144058,14.812457147841954
00-0040124,2025_08_BUF_CAR,2025,8,16.9,14.532213631776623,4,13.576175410360385,14.524972074273489
00-0040129,2025_08_TB_NO,2025,8,6.5,16.414597307926584,4,15.75788729899535,16.196487889235165
00-0040130,2025_08_SF_HOU,2025,8,13.4,7.6152605544894865,4,6.891388434184341,8.110398829799953
00-0040134,2025_08_DAL_DEN,2025,8,12.0,5.184743369109637,4,5.796570536150162,5.599885725570443
00-0040138,2025_08_SF_HOU,2025,8,11.3,7.507705893375745,4,7.969291147015154,7.768913936338601
00-0040164,2025_08_WAS_KC,2025,8,1.0,4.6599476680832,4,5.6575687155137455,5.0378965251647525
00-0040170,2025_08_TEN_IND,2025,8,9.2,10.808927954382554,4,9.681537968967666,11.132721112048284
00-0040237,2025_08_TB_NO,2025,8,9.3,9.956059482746888,4,10.622531380674808,9.980725085774482
00-0040259,2025_08_CLE_NE,2025,8,0.3,4.115749931726028,4,5.441122660186337,4.469919959278118
00-0040582,2025_08_NYJ_CIN,2025,8,3.3000000000000003,3.6663231763326367,4,3.886164735677411,4.282352524763692
00-0040667,2025_08_GB_PIT,2025,8,3.4,8.816071153280676,4,8.438398590440073,9.144936398722262
00-0040705,2025_08_TEN_IND,2025,8,16.4,9.5823602227892,4,9.682062627840567,9.752663673373243
00-0040727,2025_08_MIN_LAC,2025,8,8.8,6.549944920572872,4,6.655871335967193,6.960039435156389
00-0040782,2025_08_CLE_NE,2025,8,0.0,5.08299609163463,4,6.754115505595399,5.289553104996189
00-0030279,2025_09_LAC_TEN,2025,9,6.1000000000000005,9.717963613460523,4,9.908217184629098,9.85896530528089
00-0031236,2025_09_NO_LA,2025,9,3.6,5.2345251157626365,4,6.111260402598373,5.591524181095349
00-0031381,2025_09_NO_LA,2025,9,23.0,12.079847403460365,4,11.725580085188245,12.144468829711853
00-0031588,2025_09_ATL_NE,2025,9,12.8,10.869836001788004,4,9.366958783338845,11.26559157864228
00-0032464,2025_09_MIN_DET,2025,9,0.0,4.3596862781744985,4,5.1776186160937705,4.798259220331552
00-0033282,2025_09_KC_BUF,2025,9,1.6,4.661270287365582,4,5.0894290820246795,5.155595135485615
00-0033307,2025_09_SF_NYG,2025,9,5.4,10.083664251897774,4,8.803511839819768,10.49635971743699
00-0033555,2025_09_ATL_NE,2025,9,2.9,6.940057084524185,4,8.13091668758068,7.097220768136953
00-0034348,2025_09_DEN_HOU,2025,9,10.0,14.52240371508507,4,13.687805529953604,14.491101950385586
00-0034407,2025_09_SF_NYG,2025,9,1.5,8.274748000245719,4,8.039686876728668,8.617475564846345
00-0034775,2025_09_DEN_HOU,2025,9,6.6,6.559954904816926,4,7.205325006479228,6.858912707269598
00-0034827,2025_09_CHI_CIN,2025,9,22.98,8.522297062876138,4,8.570657990816839,8.78737272557536
00-0034960,2025_09_JAX_LV,2025,9,6.300000000000001,12.817665450795491,4,12.275476660265015,12.862072025561732
00-0035208,2025_09_CHI_CIN,2025,9,17.8,7.180742275679151,4,7.900252046486447,7.415185153470935
00-0035359,2025_09_ATL_NE,2025,9,0.0,5.537147776297326,4,6.7712481804719795,5.796992075831488
00-0035535,2025_09_SF_NYG,2025,9,11.2,9.368960197285583,4,8.629903203741227,9.727792789112865
00-0035640,2025_09_IND_PIT,2025,9,2.6,16.056135764978528,4,15.933991525317753,15.75717931590788
00-0035662,2025_09_KC_BUF,2025,9,9.3,7.889567477614099,4,8.565393248462193,8.076597137570797
00-0035719,2025_09_SEA_WAS,2025,9,9.4,13.441870252533258,4,12.860306423263236,13.444709192415374
00-0035891,2025_09_SEA_WAS,2025,9,13.0,6.02434651422924,4,6.703879327919798,6.358895072253628
00-0036182,2025_09_BAL_MIA,2025,9,4.2,5.972655523713053,4,7.038798590263685,6.232233778194931
00-0036252,2025_09_IND_PIT,2025,9,20.5,16.17277914458306,4,15.89112763619875,15.897176589326548
00-0036259,2025_09_SF_NYG,2025,9,14.1,10.381603494653035,4,10.5501070168371,10.47429751167515
00-0036309,2025_09_ATL_NE,2025,9,2.5,9.45285838087927,4,10.022518264413486,9.537328832592634
00-0036322,2025_09_MIN_DET,2025,9,16.7,11.9681296824415,4,12.328605427397868,11.895434475068814
00-0036358,2025_09_ARI_DAL,2025,9,15.5,18.570724651079182,4,17.28174424939765,18.310540527640523
00-0036410,2025_09_CHI_CIN,2025,9,33.1,11.486666058440289,4,11.523731952772373,11.518397306712885
00-0036415,2025_09_LAC_TEN,2025,9,3.1,8.542187950626284,4,8.440911168697069,8.836290142836138
00-0036550,2025_09_BAL_MIA,2025,9,9.3,7.982718142766762,4,7.686536021619019,8.36116288853727
00-0036554,2025_09_DEN_HOU,2025,9,14.5,14.07105672863731,4,12.894014215678384,14.145680697678037
00-0036613,2025_09_BAL_MIA,2025,9,14.2,15.852881221969996,4,14.06527411348424,15.910746145339154
00-0036620,2025_09_BAL_MIA,2025,9,0.0,3.984149384151733,4,4.265485424126252,4.562334456541632
00-0036626,2025_09_JAX_LV,2025,9,5.9,6.829532364015863,4,7.950241043122543,7.0098313738170805
00-0036862,2025_09_IND_PIT,2025,9,0.0,4.122944742297673,4,4.8202497747976505,4.605011446062643
00-0036900,2025_09_CHI_CIN,2025,9,17.1,19.222803012488853,4,19.962492259732773,18.495825490834218
00-0036963,2025_09_MIN_DET,2025,9,18.700000000000003,19.45352913054534,4,18.09838027874033,19.13670027506064
00-0037238,2025_09_ATL_NE,2025,9,38.8,15.287477529403466,4,15.26158386104296,15.029938497274484
00-0037239,2025_09_NO_LA,2025,9,8.7,14.900227988484813,4,13.756510163522618,14.902119931734818
00-0037240,2025_09_MIN_DET,2025,9,16.6,10.238909532380331,4,10.14834413126668,10.395938584394044
00-0037247,2025_09_ARI_DAL,2025,9,13.9,17.591336959653255,4,15.432506482185593,17.58693421781084
00-0037261,2025_09_KC_BUF,2025,9,11.3,11.504540269184169,4,10.833567834179338,11.679676886849414
00-0037291,2025_09_MIN_DET,2025,9,2.6,4.673231949283427,4,5.8599915703018635,5.011437254313729
00-0037545,2025_09_NO_LA,2025,9,11.8,12.425527536866737,4,12.592379877560653,12.356076000853188
00-0037664,2025_09_IND_PIT,2025,9,17.5,11.403738189820476,4,10.187731674627992,11.698372598038496
00-0037742,2025_09_SEA_WAS,2025,9,2.4000000000000004,4.84378321593459,4,6.07254685728858,5.159838670849173
00-0037816,2025_09_CAR_GB,2025,9,16.1,12.37272141484027,4,12.088167593656712,12.399800993264336
00-0037837,2025_09_IND_PIT,2025,9,10.6,7.2339893921836165,4,7.2492033593489955,7.608260125283149
00-0038117,2025_09_SF_NYG,2025,9,13.6,14.667288957451852,4,13.73150807318036,14.645165930261902
00-0038124,2025_09_CAR_GB,2025,9,7.800000000000001,7.821082409403802,4,9.269182583360562,7.85559082701673
00-0038465,2025_09_CAR_GB,2025,9,2.1,2.817833732950361,4,3.3030996973719535,3.447022937282033
00-0038543,2025_09_SEA_WAS,2025,9,22.0,16.133361558362182,4,15.365725741033604,15.960298601778597
00-0038544,2025_09_LAC_TEN,2025,9,15.3,12.424989782101509,4,12.02369028878575,12.471794088271771
00-0038559,2025_09_ARI_DAL,2025,9,9.1,8.117921710169352,4,8.83391656391677,8.278581758114782
00-0038563,2025_09_JAX_LV,2025,9,6.800000000000001,14.767643232828025,4,14.182376133451184,14.665846330399116
00-0038606,2025_09_JAX_LV,2025,9,17.0,10.641273404855475,4,10.770928049121402,10.721271141275558
00-0038618,2025_09_DEN_HOU,2025,9,6.0,6.794651319499318,4,7.080789195331202,7.148431208716968
00-0038619,2025_09_CHI_CIN,2025,9,18.0,8.622629248863936,4,8.088193373758841,8.998937588597817
00-0038679,2025_09_KC_BUF,2025,9,1.7000000000000002,5.770557000609927,4,7.029238341940545,6.006818328053614
00-0038994,2025_09_MIN_DET,2025,9,8.4,15.257594475403154,4,14.671405480935247,15.117037096334158
00-0038997,2025_09_IND_PIT,2025,9,17.7,9.455715477396014,4,8.701402305167196,9.810771980140254
00-0039064,2025_09_BAL_MIA,2025,9,11.4,16.839676152657297,4,15.70053748562999,16.6864535422111
00-0039067,2025_09_KC_BUF,2025,9,18.6,16.471342360057264,4,16.4778197138002,16.113069735510425
00-0039075,2025_09_NO_LA,2025,9,22.8,15.137877295746893,4,13.973654376644058,15.12507135834002
00-0039342,2025_09_CAR_GB,2025,9,3.2,5.657049972344608,4,6.820506930148199,5.921812378597829
00-0039410,2025_09_ARI_DAL,2025,9,9.2,9.320612289373827,4,9.699317184451528,9.454654792773717
00-0039491,2025_09_CAR_GB,2025,9,1.9,4.451230777220866,4,5.685182276380627,4.7974313319109765
00-0039739,2025_09_IND_PIT,2025,9,-0.6000000000000001,5.701305880748026,4,6.528629764217219,6.031304751269804
00-0039849,2025_09_ARI_DAL,2025,9,22.6,12.108433568894805,4,12.850360670484209,11.946560510049794
00-0039868,2025_09_DEN_HOU,2025,9,8.3,12.628349577503466,4,11.897119249215018,12.726473621262032
00-0039880,2025_09_BAL_MIA,2025,9,7.1000000000000005,9.543225899278996,4,9.624529119249772,9.720403839386334
00-0039893,2025_09_JAX_LV,2025,9,8.5,10.615669699606995,4,9.788799760063077,10.893355944535116
00-0039894,2025_09_KC_BUF,2025,9,6.0,13.55039882773802,4,13.311957401087495,13.474425946683905
00-0039901,2025_09_KC_BUF,2025,9,3.7,9.367411252152657,4,9.610905527569097,9.525390205930105
00-0039915,2025_09_LAC_TEN,2025,9,9.6,12.583572914414116,4,12.056447849888164,12.643507630837444
00-0039919,2025_09_CHI_CIN,2025,9,0.0,16.13914366977523,4,15.202427389458569,16.000205764829637
00-0040124,2025_09_CAR_GB,2025,9,8.600000000000001,13.934248481204392,4,13.084573264930125,13.952786507851902
00-0040130,2025_09_DEN_HOU,2025,9,1.4,4.96176812274618,4,5.304557852046735,5.449666554039283
00-0040131,2025_09_ATL_NE,2025,9,0.0,4.305206936341005,4,4.566013061436786,4.862068603223002
00-0040134,2025_09_DEN_HOU,2025,9,4.0,4.930059310049261,4,5.975804057497896,5.27669193429434
00-0040164,2025_09_SEA_WAS,2025,9,5.9,6.277265353435448,4,6.929424395863484,6.597307127071955
00-0040170,2025_09_LAC_TEN,2025,9,7.6,8.262124405453863,4,8.109342736894044,8.589025572258953
00-0040648,2025_09_SEA_WAS,2025,9,20.8,6.9022423745544526,4,7.85651017672552,7.110806035439401
00-0040667,2025_09_CAR_GB,2025,9,2.9,5.680622073286298,4,5.640991615634642,6.189597120957332
00-0040705,2025_09_LAC_TEN,2025,9,7.5,9.817589074001347,4,11.057470476729364,9.73597395978713
00-0040727,2025_09_LAC_TEN,2025,9,3.8,4.629845753916794,4,5.113743599589805,5.115267528314188
00-0030279,2025_10_PIT_LAC,2025,10,3.9,11.416132139639265,4,10.075038209970549,11.735367391404472
00-0031381,2025_10_LA_SF,2025,10,19.7,11.569746127483707,4,11.75614440181703,11.564327545720236
00-0031588,2025_10_NE_TB,2025,10,15.6,10.2500228617617,4,9.598564884742482,10.520896693137248
00-0032211,2025_10_LV_DEN,2025,10,9.4,4.7485049195032785,4,6.979862587115592,4.867058159807962
00-0032385,2025_10_NE_TB,2025,10,6.1,7.196039294935382,4,7.413967339286981,7.531862579083177
00-0032464,2025_10_DET_WAS,2025,10,9.9,3.990511674762839,4,4.922162311347131,4.435171827941759
00-0032775,2025_10_LA_SF,2025,10,6.4,4.33257423679531,4,4.939318932359642,4.816500024556192
00-0033282,2025_10_BUF_MIA,2025,10,3.1,4.135490840693629,4,4.019340184456573,4.78294915830334
00-0033307,2025_10_LA_SF,2025,10,2.9000000000000004,8.806122707128848,4,8.949153515442376,9.029271104492524
00-0033555,2025_10_NE_TB,2025,10,16.6,9.061309383615537,4,10.172560499019536,9.066126088146271
00-0033908,2025_10_ARI_SEA,2025,10,9.4,7.343438237414402,4,8.184731518639929,7.540037165876898
00-0034348,2025_10_LV_DEN,2025,10,5.4,14.00085788451878,4,14.414257801504538,13.755743984516036
00-0034775,2025_10_JAX_HOU,2025,10,1.3,5.448463076860168,4,5.58975341795017,5.938887184039918
00-0034827,2025_10_NYG_CHI,2025,10,0.0,9.197295100018271,4,9.575449432562625,9.341253412394982
00-0034960,2025_10_JAX_HOU,2025,10,7.1000000000000005,7.3499120352059,4,7.691933102780777,7.648120377489418
00-0035208,2025_10_NYG_CHI,2025,10,1.5,6.533621808416269,4,6.782760504678914,6.915720465215655
00-0035359,2025_10_ATL_IND,2025,10,0.0,3.2903656475148315,4,4.948539101698447,3.6420772228134375
00-0035500,2025_10_ARI_SEA,2025,10,6.2,5.168995532707124,4,5.648519869142443,5.612451768739683
00-0035535,2025_10_NYG_CHI,2025,10,12.9,7.0612300032796,4,7.574692313508137,7.347319750485726
00-0035640,2025_10_PIT_LAC,2025,10,6.5,13.779302321852368,4,12.14417828543013,13.970818198282968
00-0035645,2025_10_NYG_CHI,2025,10,0.0,2.7007577260564184,4,4.040415454319162,3.164491697289523
00-0035676,2025_10_PHI_GB,2025,10,3.3,12.632467774590625,4,11.574914124951867,12.797012516343765
00-0035719,2025_10_DET_WAS,2025,10,12.9,15.660106344894425,4,15.331179667579985,15.434929042577622
00-0035891,2025_10_ARI_SEA,2025,10,0.0,8.210833513699258,4,8.538989591437609,8.443438274621366
00-0036182,2025_10_BUF_MIA,2025,10,1.7000000000000002,4.340572211106209,4,6.106348536415465,4.586787097924294
00-0036252,2025_10_ATL_IND,2025,10,3.9,16.10118878306308,4,15.141436129655178,15.969980124923309
00-0036259,2025_10_LA_SF,2025,10,17.1,10.918428458911903,4,11.35444938273196,10.913727596276772
00-0036309,2025_10_ATL_IND,2025,10,2.7,9.273097275111432,4,9.190129844425206,9.50535017340992
00-0036322,2025_10_BAL_MIN,2025,10,7.7,12.755917355502987,4,12.155255912209286,12.817192979795225
00-0036407,2025_10_CLE_NYJ,2025,10,19.8,9.353592851963716,4,10.26416997402541,9.376221290130667
00-0036427,2025_10_CLE_NYJ,2025,10,0.0,5.6288310206222265,4,6.963285396388624,5.8608599037506695
00-0036550,2025_10_BAL_MIN,2025,10,4.0,6.488334204471471,4,7.043528634183315,6.811430607317684
00-0036554,2025_10_JAX_HOU,2025,10,22.6,14.817239458139627,4,13.752466363214056,14.80958082173396
00-0036613,2025_10_BUF_MIA,2025,10,19.4,15.553919336629713,4,14.8123037888512,15.421597242062624
00-0036626,2025_10_JAX_HOU,2025,10,0.0,5.540263771214246,4,6.668929303727431,5.8214266265352235
00-0036912,2025_10_PHI_GB,2025,10,16.9,13.86589091077301,4,13.351084732000684,13.821367006567794
00-0036963,2025_10_DET_WAS,2025,10,16.8,19.899064735169176,4,19.889614953801235,19.27156054417349
00-0036980,2025_10_BUF_MIA,2025,10,2.8,5.655371529459066,4,5.860037403407369,6.1163840904539875
00-0037238,2025_10_ATL_IND,2025,10,24.4,17.055220207510317,4,15.453763159708254,16.979428059173838
00-0037239,2025_10_NO_CAR,2025,10,21.4,10.14229504456234,4,10.750461237930033,10.164081899239902
00-0037240,2025_10_DET_WAS,2025,10,23.9,10.711768162362722,4,10.21057562396664,10.915199030035708
00-0037261,2025_10_BUF_MIA,2025,10,12.8,12.408736909503316,4,12.398931679785491,12.376754727941565
00-0037291,2025_10_BAL_MIN,2025,10,23.4,6.900105322784765,4,7.157594083449375,7.251362123122787
00-0037545,2025_10_ARI_SEA,2025,10,3.3000000000000003,7.924903266434891,4,8.905368071910928,8.046811234395587
00-0037664,2025_10_ATL_IND,2025,10,18.4,11.828913046223864,4,11.173644367621725,11.975051265408192
00-0037740,2025_10_CLE_NYJ,2025,10,0.0,10.25799031546477,4,10.816457119383712,10.280745689900629
00-0037742,2025_10_DET_WAS,2025,10,8.8,3.874763156036698,4,4.811949052905756,4.327492611239916
00-0037816,2025_10_PHI_GB,2025,10,1.5,10.953765821884732,4,8.813965968574268,11.473129207940191
00-0037837,2025_10_PIT_LAC,2025,10,3.4000000000000004,9.747199110265877,4,9.482991236715051,9.978834901063417
00-0038117,2025_10_NYG_CHI,2025,10,12.2,14.946671195144193,4,14.94478875404541,14.711313425006477
00-0038124,2025_10_PHI_GB,2025,10,6.5,9.051088052832606,4,8.72381235183633,9.350961982871194
00-0038359,2025_10_LA_SF,2025,10,2.4000000000000004,4.6338040242835286,4,5.855963884965933,4.967902710496094
00-0038393,2025_10_PHI_GB,2025,10,7.800000000000001,5.992806346267821,4,6.587332654758554,6.347249940753962
00-0038543,2025_10_ARI_SEA,2025,10,20.3,13.737640587550022,4,14.133276141119024,13.517084973243575
00-0038544,2025_10_PIT_LAC,2025,10,9.2,14.926215356866397,4,14.280314605182609,14.824215004123236
00-0038559,2025_10_ARI_SEA,2025,10,7.4,9.083528199719602,4,9.086619072450388,9.31324816797576
00-0038563,2025_10_LV_DEN,2025,10,5.5,12.80176803765136,4,12.741651408327556,12.74883253520162
00-0038606,2025_10_JAX_HOU,2025,10,17.9,11.615268806745318,4,11.11879638962714,11.745909722773844
00-0038679,2025_10_BUF_MIA,2025,10,3.4000000000000004,3.9235435595124475,4,4.847600139555974,4.375080726574575
00-0038979,2025_10_CLE_NYJ,2025,10,3.1,7.584704505891244,4,8.834078425323865,7.6786525928671345
00-0038994,2025_10_BAL_MIN,2025,10,6.5,14.76677193521786,4,14.878719323573035,14.522431975643416
00-0038997,2025_10_ATL_IND,2025,10,1.3,7.748981546543392,4,7.055418801765869,8.22728991333376
00-0039064,2025_10_BAL_MIN,2025,10,12.1,16.413366194225915,4,15.279541622060895,16.292946441980032
00-0039075,2025_10_LA_SF,2025,10,17.4,16.417942083042824,4,15.31904232395192,16.290014841882414
00-0039342,2025_10_NO_CAR,2025,10,0.0,8.361471540660702,4,9.152920829859257,8.48733651898222
00-0039424,2025_10_NO_CAR,2025,10,2.5,6.6781035394346935,4,6.292610437825691,7.178527804078986
00-0039451,2025_10_CLE_NYJ,2025,10,7.4,4.483142063389349,4,5.848466817911357,4.799933953529599
00-0039491,2025_10_NO_CAR,2025,10,5.1,5.762705223675216,4,5.721529129854397,6.265471162359448
00-0039739,2025_10_PIT_LAC,2025,10,11.5,4.945012770719946,4,5.39382182736889,5.4125573693087965
00-0039849,2025_10_ARI_SEA,2025,10,14.3,15.033452739698038,4,14.954412392191164,14.806978533332044
00-0039868,2025_10_LV_DEN,2025,10,15.0,12.932387522311817,4,13.493767424040556,12.741943795928336
00-0039880,2025_10_BUF_MIA,2025,10,9.3,6.709079099756674,4,7.6000084482473245,6.945954039077831
00-0039901,2025_10_BUF_MIA,2025,10,13.6,8.378092760313544,4,9.58380377377232,8.417900910632973
00-0039915,2025_10_PIT_LAC,2025,10,20.700000000000003,14.185123631681966,4,13.885939592650242,14.071117468427117
00-0039919,2025_10_NYG_CHI,2025,10,20.6,13.903041771949812,4,13.899679173062978,13.750950876194192
00-0040124,2025_10_NO_CAR,2025,10,11.0,14.160480288375465,4,13.449897319714966,14.132583105213511
00-0040129,2025_10_NE_TB,2025,10,23.5,14.737487215156131,4,13.418823138248564,14.788100887579526
00-0040130,2025_10_JAX_HOU,2025,10,15.2,5.33448312947057,4,5.939169092315409,5.739182513459263
00-0040131,2025_10_NE_TB,2025,10,14.2,4.7159890403900055,4,5.118160897281358,5.211279499607229
00-0040134,2025_10_LV_DEN,2025,10,5.3,4.436256531366798,4,5.158214508813154,4.888373619027631
00-0040237,2025_10_NE_TB,2025,10,20.2,10.629602822856006,4,11.889682781167254,10.479304527982311
00-0040581,2025_10_LV_DEN,2025,10,1.4,5.351420101412619,4,7.776132352234281,5.382494265810743
00-0040582,2025_10_CLE_NYJ,2025,10,1.3,5.32864795264616,4,5.735258883171253,5.77432663191108
00-0040590,2025_10_LA_SF,2025,10,0.0,4.315338930516115,4,5.474277779680556,4.687685836201167
00-0040727,2025_10_PIT_LAC,2025,10,2.4,5.1884566513918084,4,5.959523266099752,5.570732051400172
00-0040735,2025_10_NYG_CHI,2025,10,8.100000000000001,4.23203183737925,4,5.14354137452841,4.661611939710592
00-0030279,2025_11_LAC_JAX,2025,11,9.3,13.30775575231499,4,12.298099206898126,13.408820809670107
00-0030564,2025_11_BAL_CLE,2025,11,2.1,5.303193727668748,4,5.187939075932148,5.85764134270767
00-0031381,2025_11_SEA_LA,2025,11,7.1,16.0972463552649,4,16.311389744227082,15.7262355537882
00-0031588,2025_11_NYJ_NE,2025,11,19.5,11.476187168910236,4,10.492813899959716,11.717478028183168
00-0032211,2025_11_DAL_LV,2025,11,6.300000000000001,5.681017708225483,4,6.475325034046581,6.01938280189288
00-0032385,2025_11_TB_BUF,2025,11,10.1,6.910881808363676,4,7.267280461811197,7.241050316890293
00-0032398,2025_11_WAS_MIA,2025,11,4.800000000000001,8.615260064798903,4,7.924548201563923,9.024119826362051
00-0032464,2025_11_DET_PHI,2025,11,0.0,5.36334801158161,4,6.4098789633331394,5.6753752063345955
00-0032688,2025_11_WAS_MIA,2025,11,0.0,4.418031237472041,4,4.883911884124573,4.923976710926776
00-0032775,2025_11_SF_ARI,2025,11,2.3,4.749536039016142,4,5.476929425435323,5.175636943807535
00-0033282,2025_11_TB_BUF,2025,11,3.9,4.0671152345901325,4,4.627841896638465,4.5815566847341165
00-0033375,2025_11_LAC_JAX,2025,11,11.0,5.105415699486636,4,6.623317316410262,5.341530511761722
00-0033555,2025_11_NYJ_NE,2025,11,10.4,9.409126969005715,4,10.002726163176536,9.492177196192856
00-0033857,2025_11_KC_DEN,2025,11,0.0,5.089307299282517,4,4.634590952792756,5.73019345532165
00-0033908,2025_11_SEA_LA,2025,11,5.300000000000001,10.137285793422034,4,8.73381998597136,10.570941815544376
00-0034348,2025_11_KC_DEN,2025,11,9.9,12.904266735142956,4,11.99746697013955,13.01636853227643
00-0034775,2025_11_HOU_TEN,2025,11,1.6,5.007500496802093,4,6.261245404545101,5.305431307965292
00-0034827,2025_11_CHI_MIN,2025,11,3.1,8.512807761747439,4,9.112668533481468,8.66583078598481
00-0034960,2025_11_LAC_JAX,2025,11,11.4,9.220552062177127,4,10.375255794296969,9.203821597037631
00-0035359,2025_11_CAR_ATL,2025,11,2.1,4.323185889693984,4,5.133644710204243,4.766189134858228
00-0035500,2025_11_SF_ARI,2025,11,18.6,7.071222689037504,4,7.50175421534584,7.373481206781092
00-0035640,2025_11_CIN_PIT,2025,11,9.9,12.88059385049459,4,12.896959347820092,12.80574792945452
00-0035662,2025_11_KC_DEN,2025,11,8.0,6.988827258035276,4,6.451801861375979,7.495545604750873
00-0035676,2025_11_DET_PHI,2025,11,11.9,12.64498900574779,4,11.945211382626034,12.735356765576784
00-0035719,2025_11_WAS_MIA,2025,11,20.7,13.947181301752257,4,13.180686303410695,13.94767705662359
00-0036165,2025_11_GB_NYG,2025,11,10.7,7.70047458312599,4,7.543035612578429,8.072977161208689
00-0036176,2025_11_HOU_TEN,2025,11,2.4000000000000004,4.325982613833198,4,6.503601935307758,4.489116541029184
00-0036196,2025_11_TB_BUF,2025,11,7.0,4.335018387139937,4,6.165611648743233,4.568416744869286
00-0036259,2025_11_SF_ARI,2025,11,9.4,10.854441896817347,4,10.132421309349075,11.091700265858847
00-0036309,2025_11_CAR_ATL,2025,11,6.4,9.488922125300164,4,9.44216057769261,9.696612100390489
00-0036322,2025_11_CHI_MIN,2025,11,11.1,13.212799139170905,4,14.144780133593711,12.924258967118774
00-0036358,2025_11_DAL_LV,2025,11,17.6,16.80551900588665,4,16.646412489713747,16.454550246289458
00-0036407,2025_11_BAL_CLE,2025,11,5.1,10.873073214505359,4,11.298285310740711,10.874188802194547
00-0036410,2025_11_CIN_PIT,2025,11,15.3,11.643070545445923,4,12.535209076730352,11.48746675112186
00-0036415,2025_11_HOU_TEN,2025,11,11.2,8.342280735170975,4,8.56528343377838,8.58594468535391
00-0036554,2025_11_HOU_TEN,2025,11,24.200000000000003,15.049823217248791,4,14.854762400398918,14.845779131445587
00-0036613,2025_11_WAS_MIA,2025,11,8.2,15.461316143776687,4,14.063892627641788,15.470498400823608
00-0036630,2025_11_BAL_CLE,2025,11,0.0,3.1751291072763514,4,3.781403706008963,3.751163031741065
00-0036900,2025_11_CIN_PIT,2025,11,6.0,16.987032409694294,4,17.911810563130675,16.399930006125107
00-0036912,2025_11_DET_PHI,2025,11,1.8,14.91047638245195,4,13.987180168247557,14.86646729876293
00-0036963,2025_11_DET_PHI,2025,11,6.2,16.256627521750517,4,15.920149766303693,15.985573856663375
00-0036988,2025_11_TB_BUF,2025,11,3.7,5.259487587465261,4,6.287274750174148,5.583605209614176
00-0037238,2025_11_CAR_ATL,2025,11,18.9,16.903850037463883,4,16.740992674809014,16.545831597805943
00-0037240,2025_11_DET_PHI,2025,11,19.700000000000003,10.922711925812818,4,11.367898030410268,10.915795846138597
00-0037247,2025_11_DAL_LV,2025,11,29.4,13.842124577043158,4,13.59830977069281,13.744059838258416
00-0037261,2025_11_TB_BUF,2025,11,0.7,10.153746629652295,4,9.345585774911967,10.464326934709424
00-0037291,2025_11_CHI_MIN,2025,11,2.6,6.706596717772245,4,7.515304873212636,6.960486998764349
00-0037545,2025_11_SEA_LA,2025,11,4.9,8.476293203518019,4,9.393511207356903,8.56730487935221
00-0037614,2025_11_NYJ_NE,2025,11,13.5,7.932850991147195,4,7.967571698990187,8.247575167610167
00-0037801,2025_11_DAL_LV,2025,11,1.0,4.60371443285359,4,5.093732451628524,5.0899616805460886
00-0037816,2025_11_GB_NYG,2025,11,9.3,11.866171651152863,4,12.336042167211003,11.77920542985613
00-0038117,2025_11_GB_NYG,2025,11,7.6,13.957014963388565,4,13.847231555053146,13.822401361396151
00-0038124,2025_11_GB_NYG,2025,11,20.6,8.29492734893453,4,8.063059170872284,8.635397637169147
00-0038393,2025_11_GB_NYG,2025,11,1.9,5.066579491706993,4,5.629401761064373,5.501139123278496
00-0038543,2025_11_SEA_LA,2025,11,20.6,18.955120444481082,4,17.74129866236398,18.64900510244733
00-0038544,2025_11_LAC_JAX,2025,11,0.0,14.676708745566593,4,14.326352196987957,14.534090773870451
00-0038559,2025_11_SF_ARI,2025,11,33.5,9.618166736321813,4,8.77329011646879,9.978833429037662
00-0038563,2025_11_DAL_LV,2025,11,14.7,13.318509930707364,4,13.3324144463876,13.209354921560385
00-0038606,2025_11_LAC_JAX,2025,11,4.0,12.379878643792066,4,12.998220964317529,12.221705604989086
00-0038618,2025_11_HOU_TEN,2025,11,7.2,5.057217716522622,4,4.952842031718867,5.6289941341286305
00-0038619,2025_11_CIN_PIT,2025,11,5.0,7.782478894709344,4,9.782012094965166,7.707262797638108
00-0038679,2025_11_TB_BUF,2025,11,19.0,3.893265163954739,4,5.319165268361299,4.244559330885069
00-0038840,2025_11_CAR_ATL,2025,11,3.7,4.5943468464616615,4,5.1608762927267415,5.0656886835074255
00-0038938,2025_11_GB_NYG,2025,11,3.8,5.306464477858245,4,7.217467908979964,5.446189424700397
00-0038979,2025_11_BAL_CLE,2025,11,8.2,7.5358303438940215,4,7.033615122216636,7.991943988108069
00-0038994,2025_11_CHI_MIN,2025,11,10.0,14.210401915805058,4,13.430090137803235,14.192798912659509
00-0039064,2025_11_BAL_CLE,2025,11,11.3,14.118625729934159,4,13.138069178215618,14.149277779475504
00-0039067,2025_11_KC_DEN,2025,11,9.8,15.406190699537047,4,15.085469518788832,15.199520214280252
00-0039075,2025_11_SEA_LA,2025,11,14.3,17.412526312673315,4,15.493289935585306,17.37333028310216
00-0039342,2025_11_CAR_ATL,2025,11,18.3,6.405451826610209,4,7.721700355104994,6.579466578737008
00-0039410,2025_11_DAL_LV,2025,11,7.2,6.128465566704014,4,6.207075013068343,6.57765347521282
00-0039451,2025_11_NYJ_NE,2025,11,1.6,7.3500113420271145,4,8.579848040838668,7.466612797619141
00-0039491,2025_11_CAR_ATL,2025,11,11.2,5.929476476004216,4,6.438168972681321,6.306511475624752
00-0039521,2025_11_SF_ARI,2025,11,3.5,7.731211422844991,4,8.363730726720942,7.939687875317818
00-0039739,2025_11_CIN_PIT,2025,11,2.7,5.469649489593256,4,6.390005828748158,5.799034659410486
00-0039751,2025_11_SEA_LA,2025,11,1.9,5.1921495429413485,4,4.902496452811995,5.791097174565703
00-0039868,2025_11_KC_DEN,2025,11,12.4,12.246493753823497,4,12.47218728479685,12.179238923907226
00-0039880,2025_11_WAS_MIA,2025,11,7.2,6.555338116237587,4,7.068287229317602,6.881749095876949
00-0039890,2025_11_NYJ_NE,2025,11,2.0,4.735802345952498,4,6.045264816472156,5.043935212571537
00-0039894,2025_11_KC_DEN,2025,11,5.5,11.31143422609095,4,11.914546261034094,11.241313279931784
00-0039915,2025_11_LAC_JAX,2025,11,4.3,12.416446559078361,4,12.349477778137356,12.395544059547584
00-0039916,2025_11_SF_ARI,2025,11,1.0,13.258967156613135,4,12.867420090682636,13.237478979053009
00-0039919,2025_11_CHI_MIN,2025,11,6.1000000000000005,15.599699744714757,4,16.322042061730343,15.164291813657774
00-0040124,2025_11_CAR_ATL,2025,11,33.0,15.115595324552638,4,14.669131306973924,14.95774611343728
00-0040129,2025_11_TB_BUF,2025,11,9.0,15.085837810343023,4,15.483362167983266,14.757719886024798
00-0040130,2025_11_HOU_TEN,2025,11,9.5,5.7386504756966215,4,6.2346888221906935,6.133443687012328
00-0040131,2025_11_NYJ_NE,2025,11,0.0,6.619428539222615,4,7.1011178219705995,6.9471386701600615
00-0040134,2025_11_KC_DEN,2025,11,13.2,5.566548953209888,4,6.767252525946936,5.8308871667080115
00-0040170,2025_11_HOU_TEN,2025,11,3.1,10.073178451235089,4,9.991652913298186,10.241533355129553
00-0040237,2025_11_TB_BUF,2025,11,1.6,10.566677630304184,4,11.056556074676424,10.578923135487283
00-0040667,2025_11_GB_NYG,2025,11,3.4000000000000004,4.68318225158874,4,5.261491637221994,5.145052513010647
00-0040669,2025_11_DET_PHI,2025,11,0.0,3.239325902412646,4,3.749442808372753,3.8299251096932942
00-0040727,2025_11_LAC_JAX,2025,11,2.2,4.956608990643528,4,5.837572516342358,5.334836340927403
00-0040735,2025_11_CHI_MIN,2025,11,5.7,5.2549444501093525,4,5.338724200421087,5.7725160195982514
00-0040782,2025_11_BAL_CLE,2025,11,0.8,3.697455434069415,4,5.2816638630670525,4.031934335408302
00-0030564,2025_12_NYJ_BAL,2025,12,3.3,5.200839927755451,4,6.292101365101182,5.516636391498799
00-0031381,2025_12_TB_LA,2025,12,23.2,14.86014600757484,4,13.824271135422272,14.843165471216402
00-0031588,2025_12_NE_CIN,2025,12,4.0,9.995386237006318,4,9.608643493450364,10.23235620117587
00-0032211,2025_12_CLE_LV,2025,12,10.2,7.536579419918613,4,6.795641370630847,8.041463276571722
00-0032385,2025_12_TB_LA,2025,12,4.2,7.373355097789954,4,7.953627971666179,7.620966400635439
00-0032464,2025_12_NYG_DET,2025,12,5.7,3.92373020861867,4,4.617765931058204,4.422302346928626
00-0032775,2025_12_CAR_SF,2025,12,1.8,4.849356758627016,4,5.846431013994478,5.212360240125292
00-0033375,2025_12_JAX_ARI,2025,12,0.0,5.407149155426521,4,6.220385149847077,5.763413857488518
00-0033555,2025_12_NE_CIN,2025,12,5.0,9.766138858352797,4,10.291371188381284,9.834792311541747
00-0033857,2025_12_IND_KC,2025,12,1.8,5.1606039216622825,4,5.688882409858271,5.594754796368834
00-0033908,2025_12_SEA_TEN,2025,12,4.4,9.457013480794169,4,9.7233241297096,9.603202443062546
00-0033921,2025_12_TB_LA,2025,12,2.9,5.537678277411096,4,6.1246571259600575,5.929846425195168
00-0034521,2025_12_NYJ_BAL,2025,12,1.9,3.161207232733979,4,4.066191182025595,3.6772481327894
00-0034827,2025_12_PIT_CHI,2025,12,23.4,8.173678387334705,4,8.9916744274665,8.309042097708796
00-0034960,2025_12_JAX_ARI,2025,12,15.0,11.71453845295563,4,12.226739987077956,11.630967794446626
00-0035208,2025_12_PIT_CHI,2025,12,1.6,5.404618646473433,4,6.025369523035646,5.80045654298985
00-0035359,2025_12_ATL_NO,2025,12,9.6,5.390340659312516,4,5.815723569604702,5.827275299636825
00-0035500,2025_12_JAX_ARI,2025,12,16.8,8.291641828659206,4,8.781619534863204,8.484722730570597
00-0035535,2025_12_NYG_DET,2025,12,3.3000000000000003,7.991452713205954,4,9.576359176447248,7.984434256942391
00-0035640,2025_12_PIT_CHI,2025,12,14.4,14.18672923111562,4,14.32253602196448,13.983619865722792
00-0035662,2025_12_IND_KC,2025,12,2.0,6.926756394850916,4,7.186114973280889,7.275512084515771
00-0035676,2025_12_PHI_DAL,2025,12,25.0,15.850283150598704,4,16.782914861270417,15.351941080987164
00-0036133,2025_12_SEA_TEN,2025,12,7.2,3.6820606076489764,4,4.349156976956263,4.205354787142595
00-0036165,2025_12_NYG_DET,2025,12,12.2,10.061626579040473,4,10.53699994320489,10.116988455222096
00-0036196,2025_12_BUF_HOU,2025,12,3.2,6.727406470845514,4,7.415103840479595,7.004394717280952
00-0036252,2025_12_IND_KC,2025,12,13.7,13.833948086659676,4,13.130008571543982,13.83064993830051
00-0036259,2025_12_CAR_SF,2025,12,15.1,11.60732693527663,4,11.032287358637808,11.754669781892304
00-0036309,2025_12_ATL_NO,2025,12,16.4,7.512263069072194,4,8.563144003702819,7.65257085703118
00-0036322,2025_12_MIN_GB,2025,12,8.8,10.73747577532664,4,12.400807345120867,10.496118599333151
00-0036358,2025_12_PHI_DAL,2025,12,11.5,17.427101629497564,4,17.24563276505079,17.031293812032803
00-0036407,2025_12_CLE_LV,2025,12,2.9000000000000004,8.908443070093,4,9.92425961451726,8.944932742700704
00-0036410,2025_12_NE_CIN,2025,12,8.1,11.789389803159589,4,11.887917479405903,11.7844840455608
00-0036415,2025_12_SEA_TEN,2025,12,2.1,8.962672281971088,4,7.887577136654509,9.422538245779965
00-0036554,2025_12_BUF_HOU,2025,12,8.5,15.947805878444248,4,16.134308334742705,15.594328798996106
00-0036862,2025_12_PIT_CHI,2025,12,3.1,2.8439511043558356,4,3.267410317751549,3.4837064020740582
00-0036912,2025_12_PHI_DAL,2025,12,14.9,16.748780554267903,4,16.741574942903945,16.371251563152708
00-0036963,2025_12_NYG_DET,2025,12,29.9,19.5479455403755,4,18.6241259600403,19.135384373367454
00-0036980,2025_12_BUF_HOU,2025,12,0.7,5.550744480284541,4,5.771570667238156,6.0167689233164525
00-0036988,2025_12_BUF_HOU,2025,12,4.1,5.5621053975734815,4,6.511265703736404,5.878248983142007
00-0037239,2025_12_ATL_NO,2025,12,16.0,14.967416491719653,4,14.6335557318966,14.798314341840667
00-0037240,2025_12_NYG_DET,2025,12,0.0,12.850335359543708,4,12.59767397177631,12.832923189878985
00-0037247,2025_12_PHI_DAL,2025,12,29.6,17.67146277851443,4,16.863645761984532,17.384346193372785
00-0037261,2025_12_BUF_HOU,2025,12,17.0,12.205060756155312,4,11.36671827423949,12.35874381172822
00-0037291,2025_12_MIN_GB,2025,12,0.0,3.918762907940547,4,4.85623131809745,4.367936782504452
00-0037545,2025_12_SEA_TEN,2025,12,0.5,7.9813535700407225,4,8.650221566597825,8.16250980858519
00-0037614,2025_12_NYJ_BAL,2025,12,18.5,10.276404068555697,4,10.212246533182784,10.425050844890352
00-0037664,2025_12_IND_KC,2025,12,3.6,12.034983588191148,4,11.14356528676813,12.21304349548326
00-0037741,2025_12_PHI_DAL,2025,12,0.0,5.330371571967369,4,6.143189052414927,5.692825371676938
00-0037801,2025_12_PHI_DAL,2025,12,4.2,4.967226885095457,4,5.833589192583547,5.347596776202878
00-0037816,2025_12_MIN_GB,2025,12,4.300000000000001,11.25299265102746,4,10.609761233824129,11.44245192806994
00-0037837,2025_12_PIT_CHI,2025,12,7.6,6.672287780349372,4,6.139805845481292,7.203240327248348
00-0038117,2025_12_NYG_DET,2025,12,30.6,14.904390265239028,4,14.598904313803263,14.734494484183076
00-0038124,2025_12_MIN_GB,2025,12,9.9,8.586905348789042,4,8.93129089740498,8.786294322605935
00-0038393,2025_12_MIN_GB,2025,12,5.2,4.199869142204524,4,5.170137296097528,4.6199872119382945
00-0038543,2025_12_SEA_TEN,2025,12,37.1,19.094469565533338,4,18.516422483696072,18.647231490396692
00-0038559,2025_12_JAX_ARI,2025,12,21.8,10.847287031638178,4,9.340695529660128,11.245594897250882
00-0038563,2025_12_CLE_LV,2025,12,5.800000000000001,12.676887347835022,4,12.119813210747711,12.735529920586927
00-0038606,2025_12_JAX_ARI,2025,12,18.1,11.69723771064457,4,11.192592273232808,11.823034203636857
00-0038608,2025_12_NE_CIN,2025,12,3.5,9.327207873532354,4,8.96204298968102,9.612881523199391
00-0038618,2025_12_BUF_HOU,2025,12,0.9,4.836916373439727,4,4.8102464948463295,5.410311414523282
00-0038619,2025_12_NE_CIN,2025,12,10.6,9.656426387351775,4,10.937509387018448,9.579195408243738
00-0038839,2025_12_NE_CIN,2025,12,10.9,7.294081717516416,4,7.554305715132154,7.613459583556844
00-0038979,2025_12_CLE_LV,2025,12,1.5,5.338774285517435,4,6.4226636949454665,5.645113470273279
00-0038994,2025_12_MIN_GB,2025,12,0.0,11.904291015885338,4,12.391498582058851,11.81074824527128
00-0038997,2025_12_IND_KC,2025,12,3.0,5.518371326460749,4,5.73847203463103,5.987117691628589
00-0039064,2025_12_NYJ_BAL,2025,12,11.9,15.345854649786505,4,14.00677105173846,15.35228241863134
00-0039067,2025_12_IND_KC,2025,12,24.1,12.676196415560062,4,12.703092259326665,12.615445285437566
00-0039075,2025_12_TB_LA,2025,12,16.700000000000003,20.787914380969525,4,21.78087327333501,19.884711889641025
00-0039342,2025_12_CAR_SF,2025,12,5.2,7.45256978103188,4,6.783789996357047,7.949372375085664
00-0039410,2025_12_PHI_DAL,2025,12,0.0,5.699485934060338,4,6.500561579045747,6.034998450562307
00-0039424,2025_12_ATL_NO,2025,12,6.7,7.624834817439922,4,7.941872706472414,7.906298169368114
00-0039491,2025_12_CAR_SF,2025,12,6.2,7.7939402122646,4,8.554773170553082,7.971183967982009
00-0039521,2025_12_JAX_ARI,2025,12,1.9,6.932512836691675,4,7.805543772787112,7.1552867870226216
00-0039623,2025_12_ATL_NO,2025,12,6.300000000000001,6.395767474155969,4,7.958000893320636,6.52023690566163
00-0039751,2025_12_TB_LA,2025,12,4.7,6.253728126115083,4,6.476329219458382,6.663505300164042
00-0039792,2025_12_NYJ_BAL,2025,12,4.0,3.695356721289869,4,3.731026768266686,4.346749542316414
00-0039890,2025_12_NYJ_BAL,2025,12,6.2,8.45057944717825,4,8.982144940872221,8.622518873455977
00-0039894,2025_12_IND_KC,2025,12,9.9,11.157425411904551,4,10.194123358872316,11.419950995665438
00-0039916,2025_12_CAR_SF,2025,12,2.8,11.577475564807026,4,11.569320944813086,11.611237510340564
00-0039919,2025_12_PIT_CHI,2025,12,8.3,14.860090168139914,4,14.930391355911132,14.616850361702593
00-0040124,2025_12_CAR_SF,2025,12,11.5,15.95021357271971,4,15.70465124212303,15.684922145661323
00-0040129,2025_12_TB_LA,2025,12,6.2,16.697290567970846,4,16.440826126670583,16.374839668685464
00-0040130,2025_12_BUF_HOU,2025,12,13.8,6.382175802304669,4,6.48263889671893,6.806724750035187
00-0040237,2025_12_TB_LA,2025,12,12.3,10.810650804572886,4,11.52951419789822,10.75666355856435
00-0040581,2025_12_CLE_LV,2025,12,2.4000000000000004,3.6620129784247437,4,4.667476529569915,4.117689260704239
00-0040590,2025_12_TB_LA,2025,12,4.5,4.181468834016102,4,4.830683644255108,4.66871977543403
00-0040669,2025_12_NYG_DET,2025,12,0.0,4.3179358544789235,4,3.7970551694730528,5.033676409910683
00-0040705,2025_12_SEA_TEN,2025,12,21.4,8.858869499611286,4,8.79999768347413,9.119123092112249
00-0040735,2025_12_PIT_CHI,2025,12,9.1,6.565537568648211,4,6.808805513795645,6.946299895534709
00-0030279,2025_13_LV_LAC,2025,13,7.0,10.451245792652827,4,9.477504916971192,10.77204487974418
00-0030564,2025_13_CIN_BAL,2025,13,4.5,4.167655144720944,4,5.154450514816689,4.5869535173838925
00-0031381,2025_13_LA_CAR,2025,13,21.8,13.68590288702718,4,14.02855673092223,13.480297388750312
00-0031588,2025_13_NYG_NE,2025,13,5.6,9.079488213086886,4,8.647383228356556,9.398546844480066
00-0032211,2025_13_LV_LAC,2025,13,2.1,5.675330209399081,4,6.726157992096836,5.961677243310307
00-0032775,2025_13_SF_CLE,2025,13,0.6000000000000001,2.549026282291065,4,4.15223076438499,2.970914868381854
00-0033307,2025_13_SF_CLE,2025,13,0.0,4.054878007851105,4,5.6241599333413905,4.3639964841750505
00-0033555,2025_13_NYG_NE,2025,13,5.300000000000001,8.893695747514025,4,8.282687635018188,9.264117982357524
00-0033908,2025_13_MIN_SEA,2025,13,5.4,9.219488443223542,4,9.732750490219724,9.33404675824923
00-0033921,2025_13_ARI_TB,2025,13,10.8,7.245265320261225,4,7.8122064173784524,7.505786176781605
00-0034348,2025_13_DEN_WAS,2025,13,17.2,11.674828937739218,4,11.790931888580111,11.67543533394673
00-0034827,2025_13_CHI_PHI,2025,13,4.7,8.815950925226826,4,9.307699161747628,8.966989322368224
00-0034960,2025_13_JAX_TEN,2025,13,21.3,11.252558097823735,4,11.27703089100529,11.305475802799684
00-0035359,2025_13_ATL_NYJ,2025,13,9.5,6.101903357986838,4,6.218336205868362,6.545466230110977
00-0035535,2025_13_NYG_NE,2025,13,14.1,9.001251220876918,4,9.078928106109068,9.222255601680416
00-0035544,2025_13_GB_DET,2025,13,7.6,6.703359801385713,4,7.6856115679365,6.922009780154081
00-0035640,2025_13_BUF_PIT,2025,13,6.2,14.17564010704724,4,15.213440850639472,13.788913171127842
00-0035659,2025_13_DEN_WAS,2025,13,22.6,5.628678097114093,4,5.9854200930742145,6.060706134996821
00-0035662,2025_13_KC_DAL,2025,13,10.0,7.268873458977737,4,6.848350297918943,7.72949927268245
00-0035676,2025_13_CHI_PHI,2025,13,35.2,14.373229225982493,4,14.383991455057403,14.180871246404603
00-0035719,2025_13_DEN_WAS,2025,13,11.1,13.087005065372148,4,12.256591976264165,13.16895536341548
00-0036165,2025_13_NYG_NE,2025,13,1.4,10.622796326420113,4,10.947385629283051,10.6643898391503
00-0036196,2025_13_BUF_PIT,2025,13,1.5,4.476829137686613,4,5.952677314087628,4.77151577271477
00-0036252,2025_13_HOU_IND,2025,13,2.3,14.796839035179508,4,13.654532197329267,14.80666135031808
00-0036259,2025_13_SF_CLE,2025,13,13.9,10.439178760942452,4,10.958956573974255,10.455444094242168
00-0036309,2025_13_ATL_NYJ,2025,13,4.5,9.144634670265615,4,9.617653401289804,9.27337514565613
00-0036322,2025_13_MIN_SEA,2025,13,2.4,11.574067022210993,4,12.5846059759942,11.399730401785074
00-0036358,2025_13_KC_DAL,2025,13,24.200000000000003,18.03096637204868,4,18.445467151735937,17.465250757631573
00-0036407,2025_13_SF_CLE,2025,13,5.6,9.954509905548923,4,10.815985810108476,9.93941143545719
00-0036415,2025_13_JAX_TEN,2025,13,5.0,7.57825890799845,4,8.127462322361236,7.8159363553328145
00-0036550,2025_13_CIN_BAL,2025,13,0.0,7.434076924459415,4,7.444344495514994,7.793453311829731
00-0036554,2025_13_HOU_IND,2025,13,21.5,14.531478707472054,4,13.976627058630775,14.442234529680803
00-0036613,2025_13_NO_MIA,2025,13,7.0,12.981324249165624,4,13.232311597585522,12.850479765388087
00-0036841,2025_13_JAX_TEN,2025,13,0.0,4.324796955595356,4,6.240426408368307,4.541614074817399
00-0036900,2025_13_CIN_BAL,2025,13,18.0,17.592974198459224,4,17.591094171978487,17.14724606569896
00-0036912,2025_13_CHI_PHI,2025,13,9.8,13.991773268967123,4,12.98849559476882,14.037157062350886
00-0037239,2025_13_NO_MIA,2025,13,14.7,14.56981184654455,4,14.00580992933214,14.47939199603671
00-0037240,2025_13_GB_DET,2025,13,26.9,11.373970453783082,4,11.196751185104832,11.458491663032945
00-0037247,2025_13_KC_DAL,2025,13,16.8,17.207286063899957,4,15.311044279510424,17.179702315678217
00-0037261,2025_13_BUF_PIT,2025,13,1.5,9.194301052303883,4,8.946942704232013,9.466443394173057
00-0037291,2025_13_MIN_SEA,2025,13,0.0,6.3007616040215195,4,6.873469309235618,6.635186965703245
00-0037545,2025_13_MIN_SEA,2025,13,2.6,6.856029440464773,4,7.885802894100767,7.052822466924484
00-0037614,2025_13_ATL_NYJ,2025,13,5.7,11.928501189812287,4,11.78306853054375,11.962437738041986
00-0037664,2025_13_HOU_IND,2025,13,17.8,12.332153614051261,4,11.523284930413595,12.469704583515696
00-0037741,2025_13_CHI_PHI,2025,13,2.2,4.645644642610726,4,5.364788250202994,5.081691930850868
00-0037742,2025_13_DEN_WAS,2025,13,7.5,5.848362217212097,4,7.276525981112726,6.043771435682395
00-0037801,2025_13_KC_DAL,2025,13,8.100000000000001,5.783469361399295,4,6.299067496559815,6.170698787966362
00-0037816,2025_13_GB_DET,2025,13,12.0,12.255324099349362,4,11.625557452219322,12.362348113350947
00-0037837,2025_13_BUF_PIT,2025,13,0.0,6.211763884963792,4,7.1297291813319,6.482643184684907
00-0038117,2025_13_NYG_NE,2025,13,10.4,15.323777807084086,4,15.697144794971422,14.981685951303367
00-0038124,2025_13_GB_DET,2025,13,18.3,10.022629695643595,4,9.075463323529004,10.372066241061132
00-0038359,2025_13_LA_CAR,2025,13,11.2,3.4164864419451852,4,4.3419903097917,3.9080364632896942
00-0038393,2025_13_GB_DET,2025,13,28.0,5.7054604797458,4,6.028639362213669,6.1382498389312525
00-0038543,2025_13_MIN_SEA,2025,13,4.300000000000001,18.33613010199985,4,15.866836127419251,18.336023479348174
00-0038544,2025_13_LV_LAC,2025,13,11.3,11.294813866695986,4,11.835539690219896,11.238775008530313
00-0038559,2025_13_ARI_TB,2025,13,6.6,13.01522793734951,4,13.699960029039511,12.792967572148662
00-0038563,2025_13_LV_LAC,2025,13,5.0,13.114708927601523,4,13.03323978586038,13.041263518780926
00-0038606,2025_13_JAX_TEN,2025,13,3.6,7.816289446106632,4,7.325339574697674,8.247803500301059
00-0038608,2025_13_NYG_NE,2025,13,13.5,9.131064333910599,4,9.477507810067578,9.28677403507281
00-0038618,2025_13_HOU_IND,2025,13,5.9,5.146081301579214,4,6.686481054701289,5.374361470785118
00-0038619,2025_13_CIN_BAL,2025,13,9.9,9.840851796809831,4,10.85304949487222,9.803959148918038
00-0038621,2025_13_NYG_NE,2025,13,6.300000000000001,5.0398259539430486,4,6.021059781387235,5.390928035585437
00-0038839,2025_13_CIN_BAL,2025,13,4.2,7.071381279214041,4,7.444580541455295,7.385354265705128
00-0038979,2025_13_SF_CLE,2025,13,0.0,5.203953648073799,4,5.627615268351216,5.656057348239033
00-0038994,2025_13_MIN_SEA,2025,13,8.6,10.739723695726479,4,11.69241518388248,10.643546290558758
00-0038997,2025_13_HOU_IND,2025,13,6.4,7.360051486061677,4,8.517904832396551,7.490578687921571
00-0039064,2025_13_CIN_BAL,2025,13,0.6000000000000001,16.560538832944815,4,15.736125252123651,16.365130749427248
00-0039067,2025_13_KC_DAL,2025,13,29.4,18.461890965984892,4,17.454728340569375,18.152714005877662
00-0039075,2025_13_LA_CAR,2025,13,13.2,18.943446612604745,4,16.595566966750727,18.870226106710575
00-0039342,2025_13_LA_CAR,2025,13,1.1,7.4331456825437865,4,7.620981231929491,7.756275308780637
00-0039410,2025_13_KC_DAL,2025,13,6.4,5.456409011209858,4,6.105120217849648,5.842410624170756
00-0039424,2025_13_NO_MIA,2025,13,23.3,7.39855427652909,4,7.239529218258672,7.795382666518812
00-0039451,2025_13_ATL_NYJ,2025,13,0.0,4.322760516183591,4,5.633517436387922,4.663463682720763
00-0039491,2025_13_LA_CAR,2025,13,17.4,4.972039017455056,4,6.710721049485702,5.173596995441821
00-0039521,2025_13_ARI_TB,2025,13,0.0,4.149006982670797,4,5.661221551333771,4.462315494914137
00-0039623,2025_13_NO_MIA,2025,13,4.9,7.917033127014021,4,9.621655973374033,7.891443224422465
00-0039739,2025_13_BUF_PIT,2025,13,0.0,4.309650080081143,4,5.284501194886502,4.7201036051331045
00-0039751,2025_13_LA_CAR,2025,13,0.0,4.135933148422555,4,4.2430225286259144,4.737693484129522
00-0039849,2025_13_ARI_TB,2025,13,12.9,10.578071620557402,4,10.7236076473025,10.659845160173674
00-0039868,2025_13_DEN_WAS,2025,13,4.1,9.055314844438243,4,9.22173061498042,9.25387022673971
00-0039880,2025_13_NO_MIA,2025,13,7.0,6.419039187787661,4,7.204439136299627,6.700556669917297
00-0039890,2025_13_ATL_NYJ,2025,13,24.200000000000003,8.472809940180639,4,8.682572012792818,8.708805686934078
00-0039893,2025_13_JAX_TEN,2025,13,4.800000000000001,11.62644085166575,4,11.611853029830206,11.657626149162862
00-0039894,2025_13_KC_DAL,2025,13,11.4,12.847097931055142,4,12.683528653394768,12.811719702913956
00-0039901,2025_13_BUF_PIT,2025,13,8.9,5.027940993000123,4,5.399065387007301,5.504783223938982
00-0039915,2025_13_LV_LAC,2025,13,13.9,13.766140777626772,4,13.13947044574848,13.752427933008402
00-0039916,2025_13_SF_CLE,2025,13,3.4000000000000004,8.591276920649387,4,8.883707298050343,8.800945587069437
00-0039919,2025_13_CHI_PHI,2025,13,2.8,13.40474018809938,4,13.351293371110613,13.302506673873388
00-0039920,2025_13_SF_CLE,2025,13,0.9,2.9657403698357436,4,4.5250674502430455,3.3634768926840533
00-0040124,2025_13_LA_CAR,2025,13,11.3,13.985709430007395,4,13.656461453566108,13.893705303559802
00-0040129,2025_13_ARI_TB,2025,13,8.2,15.59687706129404,4,14.669132354728474,15.499211954499922
00-0040130,2025_13_HOU_IND,2025,13,11.5,6.3194646856506305,4,6.295380571970048,6.774474514308558
00-0040134,2025_13_DEN_WAS,2025,13,7.2,7.191380871956026,4,7.614957544323003,7.485509910042536
00-0040164,2025_13_DEN_WAS,2025,13,0.0,4.403729812466114,4,5.051639438542344,4.873578918448221
00-0040170,2025_13_JAX_TEN,2025,13,1.5,10.24631667159335,4,10.56786619187042,10.31846049552504
00-0040237,2025_13_ARI_TB,2025,13,1.5,8.212848875515819,4,9.576689271967732,8.233448506914339
00-0040590,2025_13_LA_CAR,2025,13,0.0,3.660231072186809,4,4.309679602357067,4.188870399238749
00-0040669,2025_13_GB_DET,2025,13,11.5,8.68723222196091,4,8.411412014512166,9.005506140800202
00-0040705,2025_13_JAX_TEN,2025,13,1.9,9.317473950253929,4,9.489298369220618,9.494082478645485
00-0040727,2025_13_LV_LAC,2025,13,6.0,4.461160173939334,4,5.65682447661243,4.814402870377328
00-0040729,2025_13_LV_LAC,2025,13,4.2,4.326590531270264,4,5.834450108771823,4.6266726996514524
00-0040735,2025_13_CHI_PHI,2025,13,7.6,6.324380155581138,4,7.746473186221905,6.483189709437628
00-0030035,2025_14_PIT_BAL,2025,14,1.4,3.2856725150260617,4,4.753276540404462,3.676737357958294
00-0030279,2025_14_PHI_LAC,2025,14,5.2,10.33595820865038,4,9.73943379319414,10.58876411292446
00-0031381,2025_14_LA_ARI,2025,14,6.9,10.399233798386081,4,10.821044389401148,10.438713374363934
00-0032211,2025_14_DEN_LV,2025,14,7.1000000000000005,6.388841482068539,4,7.529632265751021,6.600065837594576
00-0032385,2025_14_NO_TB,2025,14,1.5,7.121073541288943,4,8.396154134004117,7.246620131178107
00-0033375,2025_14_IND_JAX,2025,14,18.8,5.992077167257679,4,6.93575179628996,6.275161892595834
00-0033591,2025_14_WAS_MIN,2025,14,2.9000000000000004,5.261401421719254,4,6.929074177582183,5.454480967327249
00-0033857,2025_14_HOU_KC,2025,14,1.5,4.463145393223819,4,5.444785270853463,4.860008078504198
00-0033908,2025_14_SEA_ATL,2025,14,11.5,8.964696288882704,4,9.69265828796476,9.055593518283745
00-0033921,2025_14_NO_TB,2025,14,10.5,8.387293722982927,4,9.750524234485557,8.394150478063258
00-0034348,2025_14_DEN_LV,2025,14,12.2,11.217410875517198,4,10.24607534388211,11.476811083865142
00-0034775,2025_14_HOU_KC,2025,14,1.6,3.5283467214184316,4,4.571420216728581,3.9869559468555336
00-0034827,2025_14_CHI_GB,2025,14,0.6,8.26975067710811,4,8.8524458774459,8.445606855223145
00-0034960,2025_14_IND_JAX,2025,14,14.8,12.940187102192093,4,12.86085615908543,12.88017807890636
00-0035208,2025_14_CHI_GB,2025,14,8.7,7.732109841055713,4,9.254698149371189,7.758454962759782
00-0035359,2025_14_SEA_ATL,2025,14,0.0,7.913895810029283,4,7.687820781575128,8.283471525433134
00-0035406,2025_14_DEN_LV,2025,14,5.7,4.59452545748941,4,4.823837761919293,5.134829458557406
00-0035640,2025_14_PIT_BAL,2025,14,21.8,13.49251410860233,4,13.707655350070963,13.328364370372723
00-0035659,2025_14_WAS_MIN,2025,14,7.1000000000000005,11.320587265079514,4,11.369542566720886,11.36308914448742
00-0035662,2025_14_HOU_KC,2025,14,4.5,6.205873435969642,4,6.343362045452224,6.6368642593161535
00-0035676,2025_14_PHI_LAC,2025,14,16.0,15.679399842861896,4,14.938477973056196,15.53696069113104
00-0035719,2025_14_WAS_MIN,2025,14,6.7,12.483727833808755,4,12.428274531115967,12.45512131505484
00-0035876,2025_14_LA_ARI,2025,14,1.3,8.850262731498136,4,8.789136782763597,9.11166159901326
00-0036182,2025_14_MIA_NYJ,2025,14,0.0,2.8877218684786796,4,4.117843091259262,3.358998219395107
00-0036196,2025_14_CIN_BUF,2025,14,4.1,4.130070393479516,4,5.943902096911107,4.383189754708619
00-0036252,2025_14_IND_JAX,2025,14,16.9,13.871092446682201,4,13.515449396463127,13.793598886928388
00-0036309,2025_14_SEA_ATL,2025,14,1.6,9.812417385339572,4,9.23339722457922,10.103262142865749
00-0036322,2025_14_WAS_MIN,2025,14,3.1,12.24816045000399,4,13.060617019651474,12.060753187394974
00-0036358,2025_14_DAL_DET,2025,14,18.1,12.560759920934391,4,11.92061972357197,12.64562494865972
00-0036407,2025_14_TEN_CLE,2025,14,16.6,10.094629400407744,4,9.581734338222544,10.349513885588316
00-0036410,2025_14_CIN_BUF,2025,14,27.200000000000003,10.295769239378323,4,10.696378420288818,10.347810469313828
00-0036415,2025_14_TEN_CLE,2025,14,3.7,6.61945424832854,4,7.041580723025297,6.959345659983478
00-0036550,2025_14_PIT_BAL,2025,14,4.300000000000001,8.146300499201114,4,8.135095251474533,8.453450307841631
00-0036554,2025_14_HOU_KC,2025,14,16.1,15.016434417558976,4,14.57276188309094,14.865897091866051
00-0036613,2025_14_MIA_NYJ,2025,14,18.1,13.352715792091088,4,13.868377111094045,13.13820929621966
00-0036620,2025_14_MIA_NYJ,2025,14,0.0,2.9685670199537517,4,3.339053477408683,3.609251237491528
00-0036900,2025_14_CIN_BUF,2025,14,10.2,17.62488055332482,4,18.777357234942496,16.940497140502085
00-0036912,2025_14_PHI_LAC,2025,14,7.7,14.786829490970048,4,13.374982705338525,14.852580796908892
00-0036963,2025_14_DAL_DET,2025,14,15.2,20.91484855919029,4,19.62630802880844,20.46822655004732
00-0037239,2025_14_NO_TB,2025,14,6.0,14.498636395058428,4,13.642501501795568,14.4736292755412
00-0037240,2025_14_DAL_DET,2025,14,17.3,13.90378677825408,4,13.568631350936926,13.81950349976706
00-0037247,2025_14_DAL_DET,2025,14,8.7,19.410564537575333,4,17.863080287787167,19.13649259021089
00-0037261,2025_14_CIN_BUF,2025,14,9.6,8.78800147677755,4,8.077177860133878,9.187242803946726
00-0037291,2025_14_WAS_MIN,2025,14,6.0,5.373414887041488,4,6.170392427011848,5.735686919599405
00-0037545,2025_14_SEA_ATL,2025,14,16.7,7.036721442208482,4,9.242741006608275,6.978553974304086
00-0037614,2025_14_MIA_NYJ,2025,14,7.4,12.578998646505484,4,13.946697017481032,12.25171875048568
00-0037664,2025_14_IND_JAX,2025,14,13.0,11.54381491187462,4,10.250948056712575,11.843035277242418
00-0037741,2025_14_PHI_LAC,2025,14,1.3,4.740744137768241,4,5.312430122276027,5.199393262428273
00-0037742,2025_14_WAS_MIN,2025,14,0.0,3.9800663538548484,4,4.243999438083917,4.562135712007182
00-0037801,2025_14_DAL_DET,2025,14,5.0,6.081609278120001,4,7.478731310695491,6.2648258011354105
00-0037816,2025_14_CHI_GB,2025,14,0.0,11.300514179454844,4,11.282337689664056,11.358343312592533
00-0038124,2025_14_CHI_GB,2025,14,24.9,11.776849977735825,4,10.931575284106422,11.965991929678957
00-0038543,2025_14_SEA_ATL,2025,14,28.1,17.255364954308284,4,15.094948197872013,17.277995029166334
00-0038544,2025_14_PHI_LAC,2025,14,2.8,12.15328450219635,4,12.03962254298238,12.162853165684323
00-0038559,2025_14_LA_ARI,2025,14,37.2,12.70596990653939,4,13.03136041624864,12.581796068557038
00-0038563,2025_14_DEN_LV,2025,14,4.4,12.539829735025856,4,11.705124276687997,12.666156138127809
00-0038618,2025_14_HOU_KC,2025,14,0.0,3.9438251442937204,4,4.870120818901655,4.393292013883597
00-0038619,2025_14_CIN_BUF,2025,14,3.7,6.695419280813535,4,7.156739858246943,7.0212548038832585
00-0038640,2025_14_LA_ARI,2025,14,5.2,4.076967047564993,4,4.215916229136146,4.676898148513073
00-0038679,2025_14_CIN_BUF,2025,14,2.6,4.726044759880931,4,6.43754379399592,4.952718407441713
00-0038953,2025_14_SEA_ATL,2025,14,5.1,6.0818057211934855,4,7.8943225432265,6.180039352535358
00-0038979,2025_14_TEN_CLE,2025,14,3.3000000000000003,5.429840889818974,4,5.638366354139723,5.90799271729274
00-0038994,2025_14_WAS_MIN,2025,14,10.2,10.921106299310377,4,10.901974321046865,11.009292191461098
00-0038997,2025_14_IND_JAX,2025,14,6.300000000000001,7.853313748552006,4,8.201404701560616,8.110262219191618
00-0039064,2025_14_PIT_BAL,2025,14,20.6,14.277852837742147,4,13.267945747682036,14.301850537777453
00-0039067,2025_14_HOU_KC,2025,14,7.4,15.03801310427693,4,14.79920480210897,14.843856238423172
00-0039075,2025_14_LA_ARI,2025,14,35.7,15.463473449080274,4,14.68461575163184,15.345959145803114
00-0039146,2025_14_CHI_GB,2025,14,9.3,7.057074349943959,4,7.023193157163348,7.455451289430276
00-0039410,2025_14_DAL_DET,2025,14,26.5,7.384022317660907,4,7.559445049987001,7.7135960331946976
00-0039424,2025_14_NO_TB,2025,14,7.0,9.10221720572563,4,8.986601358718207,9.354732442700676
00-0039451,2025_14_MIA_NYJ,2025,14,10.4,5.371329507111762,4,6.201078729846577,5.7270640072208145
00-0039623,2025_14_NO_TB,2025,14,0.0,4.6455408679551065,4,6.155210459993496,4.919897605944985
00-0039880,2025_14_MIA_NYJ,2025,14,4.0,6.74251019609912,4,7.186978880713231,7.068049175601533
00-0039890,2025_14_MIA_NYJ,2025,14,3.4000000000000004,11.233299515458116,4,12.259092576142727,11.0829323029233
00-0039893,2025_14_IND_JAX,2025,14,11.7,11.716001711777581,4,11.524004664792576,11.776355619239276
00-0039894,2025_14_HOU_KC,2025,14,8.5,10.414439370254504,4,11.152530455654276,10.388016308993407
00-0039915,2025_14_PHI_LAC,2025,14,2.2,14.290246730417854,4,13.697913017299916,14.22784627224957
00-0040129,2025_14_NO_TB,2025,14,3.5,15.164883988379161,4,14.018294559152256,15.146324276451171
00-0040130,2025_14_HOU_KC,2025,14,6.4,6.378840242263152,4,6.961697419991281,6.704982650889776
00-0040134,2025_14_DEN_LV,2025,14,7.2,5.28677344688719,4,5.973752183746742,5.67843290394075
00-0040138,2025_14_HOU_KC,2025,14,3.3,6.745330513766468,4,7.078117934854736,7.093489227601346
00-0040170,2025_14_TEN_CLE,2025,14,8.4,8.531023847251875,4,8.510396290660212,8.809517074970174
00-0040259,2025_14_TEN_CLE,2025,14,3.8,3.4490771444926125,4,4.451310420169606,3.92234166214699
00-0040590,2025_14_LA_ARI,2025,14,1.5,3.8575809810899324,4,4.43112732395979,4.386057303628751
00-0040669,2025_14_DAL_DET,2025,14,10.0,8.951528374956709,4,8.234888162266074,9.338959767569497
00-0040705,2025_14_TEN_CLE,2025,14,13.4,6.67159103822901,4,7.223217814167276,6.980849048511397
00-0040727,2025_14_PHI_LAC,2025,14,3.1,5.163062687571779,4,6.1539034417529,5.502402914521869
00-0040729,2025_14_DEN_LV,2025,14,11.0,7.548487701163525,4,6.939122909901571,8.025512137635193
00-0040735,2025_14_CHI_GB,2025,14,11.0,9.036912284163048,4,9.789032910103336,9.11712710155338
00-0040782,2025_14_TEN_CLE,2025,14,0.0,4.1382072944157,4,5.95434843290811,4.3902074211903
00-0030035,2025_15_MIA_PIT,2025,15,1.7000000000000002,3.9684878513172546,4,4.6868605005160395,4.458523929723624
00-0030279,2025_15_LAC_KC,2025,15,8.6,7.916639747014166,4,7.58361224655821,8.307874014066204
00-0031236,2025_15_BUF_NE,2025,15,0.0,3.678387527425002,4,4.322503692694307,4.206674206313754
00-0031381,2025_15_DET_LA,2025,15,11.1,11.342159287917905,4,11.172412418029229,11.42768090190634
00-0031408,2025_15_ATL_TB,2025,15,19.200000000000003,11.818244535751825,4,10.096484632878823,12.183377197400734
00-0031588,2025_15_BUF_NE,2025,15,5.6,8.167010680504367,4,7.741729773464812,8.55721157024156
00-0032211,2025_15_LV_PHI,2025,15,3.0,6.683025919224586,4,7.440535912053399,6.949262349835522
00-0033307,2025_15_TEN_SF,2025,15,3.7,5.422121653164757,4,6.385742278683671,5.746435554758271
00-0033555,2025_15_BUF_NE,2025,15,8.100000000000001,8.939147439074562,4,9.323408365994702,9.10237831751438
00-0033857,2025_15_LAC_KC,2025,15,0.0,5.384848686031388,4,6.398856729781088,5.701819093795384
00-0033908,2025_15_IND_SEA,2025,15,9.6,8.954155741101365,4,8.79060199695215,9.22824673408886
00-0033921,2025_15_ATL_TB,2025,15,14.0,10.8749296503634,4,10.358722464395944,11.06846105519629
00-0034272,2025_15_MIA_PIT,2025,15,8.9,4.412141173155437,4,6.03508071269716,4.681883300967641
00-0034348,2025_15_GB_DEN,2025,15,24.3,14.489581801497218,4,14.409214477302056,14.306614456322333
00-0034827,2025_15_CLE_CHI,2025,15,22.9,7.133716010520265,4,9.002798454583719,7.136756971291178
00-0034960,2025_15_NYJ_JAX,2025,15,12.1,12.639259285255376,4,12.911039970416546,12.531354325302782
00-0035208,2025_15_CLE_CHI,2025,15,0.0,7.4899191591730325,4,7.86661117687803,7.769905730170104
00-0035359,2025_15_ATL_TB,2025,15,13.8,7.839419458507569,4,8.071037858502368,8.12129644224768
00-0035406,2025_15_GB_DEN,2025,15,13.2,6.505511972452661,4,7.383613521978664,6.7611935081797325
00-0035535,2025_15_WAS_NYG,2025,15,9.3,8.873746144182387,4,9.54037119953595,8.984419741019357
00-0035640,2025_15_MIA_PIT,2025,15,14.5,14.356406148106904,4,14.538476870505502,14.130345092580349
00-0035659,2025_15_WAS_NYG,2025,15,15.9,12.166910472106673,4,11.819017688263411,12.223306869052683
00-0035676,2025_15_LV_PHI,2025,15,12.1,14.185716245843256,4,13.102125807942429,14.232110036410951
00-0035719,2025_15_WAS_NYG,2025,15,7.3,12.297798610408515,4,11.3417532635895,12.468185030895452
00-0036133,2025_15_TEN_SF,2025,15,0.0,4.618168773631269,4,4.492903149121073,5.229120670898284
00-0036165,2025_15_WAS_NYG,2025,15,1.4,8.972496072870829,4,10.601416883737086,8.878485877416622
00-0036182,2025_15_MIA_PIT,2025,15,0.0,2.506640715582094,4,3.966436884433573,2.9612323481145486
00-0036252,2025_15_IND_SEA,2025,15,5.6,13.914708201571413,4,13.855153549609737,13.77318372470659
00-0036259,2025_15_TEN_SF,2025,15,18.7,11.34881697732283,4,11.034845724723162,11.46330983044328
00-0036309,2025_15_ATL_TB,2025,15,6.5,9.249803902344206,4,9.337772587167455,9.448944254036594
00-0036322,2025_15_MIN_DAL,2025,15,4.2,11.872373811363166,4,11.933098930667263,11.868603532641204
00-0036358,2025_15_MIN_DAL,2025,15,17.1,16.568189847793136,4,16.0004145522131,16.319679247934587
00-0036407,2025_15_CLE_CHI,2025,15,4.2,10.550054331229635,4,10.789486481798756,10.614849065231027
00-0036415,2025_15_TEN_SF,2025,15,5.3,5.292949374310421,4,5.995036698982519,5.681027472565021
00-0036554,2025_15_ARI_HOU,2025,15,23.5,15.477698560461532,4,14.845289288953866,15.32909800514466
00-0036613,2025_15_MIA_PIT,2025,15,4.6,13.183413653376533,4,12.002265941722865,13.329441184695895
00-0036620,2025_15_MIA_PIT,2025,15,0.0,3.2348927766957356,4,3.4836354670401506,3.879307406621779
00-0036900,2025_15_BAL_CIN,2025,15,23.200000000000003,18.41730678383385,4,16.793201890398713,18.23786705034309
00-0036912,2025_15_LV_PHI,2025,15,7.0,9.642899377043753,4,10.36960595015473,9.6801391286016
00-0036963,2025_15_DET_LA,2025,15,41.400000000000006,19.276666573771998,4,19.1881185252231,18.714819619045382
00-0037231,2025_15_CAR_NO,2025,15,6.300000000000001,3.4453624631463153,4,3.982555275260614,4.014044373509497
00-0037239,2025_15_CAR_NO,2025,15,20.5,15.560052776487867,4,15.253629321882723,15.33822636809774
00-0037240,2025_15_DET_LA,2025,15,26.4,13.55044712928848,4,13.588032796957414,13.418010215166444
00-0037247,2025_15_MIN_DAL,2025,15,6.300000000000001,17.02362540038748,4,15.45774622380271,16.943067599778697
00-0037261,2025_15_BUF_NE,2025,15,11.5,10.77007271237559,4,10.483047292384876,10.925061622835932
00-0037291,2025_15_MIN_DAL,2025,15,19.5,5.028853194802032,4,6.3224365707549595,5.316937764145469
00-0037545,2025_15_IND_SEA,2025,15,12.1,7.910925361816211,4,8.425995464645139,8.129139063351248
00-0037614,2025_15_NYJ_JAX,2025,15,6.9,11.36395910487631,4,11.9804686892383,11.286922240581452
00-0037664,2025_15_IND_SEA,2025,15,2.6,11.574321433705576,4,10.942415551740613,11.73591984382938
00-0037742,2025_15_WAS_NYG,2025,15,0.0,3.527265070826658,4,5.2104526520933785,3.855027610815789
00-0037816,2025_15_GB_DEN,2025,15,5.6,10.277715359052761,4,9.27834882520882,10.617551001586246
00-0038104,2025_15_LAC_KC,2025,15,6.7,7.320169455811939,4,7.882167752147954,7.575746780469066
00-0038117,2025_15_WAS_NYG,2025,15,16.4,15.000284697441185,4,14.979006084276495,14.764632287454251
00-0038124,2025_15_GB_DEN,2025,15,5.9,7.708643340784491,4,7.212756209212406,8.149724699961233
00-0038393,2025_15_GB_DEN,2025,15,1.6,5.565686380037063,4,5.261728267933328,6.137865449574839
00-0038543,2025_15_IND_SEA,2025,15,18.3,18.266623567064805,4,16.053492122368542,18.21964543991828
00-0038559,2025_15_ARI_HOU,2025,15,16.4,13.613175726311304,4,12.967729061640725,13.615463575441376
00-0038563,2025_15_LV_PHI,2025,15,0.0,9.804241594746003,4,8.979021846148878,10.146095393952429
00-0038606,2025_15_NYJ_JAX,2025,15,8.3,6.57410105308784,4,6.160015917171686,7.088641456052844
00-0038608,2025_15_BUF_NE,2025,15,4.0,8.919599365221181,4,8.763850086006332,9.19484107275621
00-0038619,2025_15_BAL_CIN,2025,15,0.0,9.727841414739913,4,10.649812993800468,9.718387990185336
00-0038640,2025_15_ARI_HOU,2025,15,2.9000000000000004,7.356318550984367,4,8.681091682947185,7.452999757937
00-0038839,2025_15_BAL_CIN,2025,15,2.6,5.838649381778742,4,6.927766322593839,6.104181346010755
00-0038953,2025_15_ATL_TB,2025,15,0.0,4.741379641173832,4,5.584745673086784,5.144407223061744
00-0038994,2025_15_MIN_DAL,2025,15,8.600000000000001,10.730078521324122,4,11.014071372140554,10.771447389725358
00-0038997,2025_15_IND_SEA,2025,15,10.3,7.861584338429548,4,8.33833430718172,8.091558666057564
00-0039064,2025_15_BAL_CIN,2025,15,15.8,16.204078185333955,4,14.897277502470589,16.135677485941237
00-0039067,2025_15_LAC_KC,2025,15,12.1,16.008849356011034,4,15.067187886366984,15.881280814470475
00-0039075,2025_15_DET_LA,2025,15,27.9,17.210582319171422,4,15.333008703112496,17.17891803649754
00-0039146,2025_15_GB_DEN,2025,15,10.5,8.958637018064152,4,9.782941538427124,9.030309472060742
00-0039342,2025_15_CAR_NO,2025,15,5.9,8.615599445314311,4,9.383161154901934,8.726148437678624
00-0039410,2025_15_MIN_DAL,2025,15,8.0,8.236870206923891,4,9.085142091177977,8.361017637662096
00-0039424,2025_15_CAR_NO,2025,15,11.9,6.367746264356474,4,7.753433672954096,6.530555014899222
00-0039451,2025_15_NYJ_JAX,2025,15,11.3,5.177561406760146,4,6.96294673147245,5.353228262054313
00-0039491,2025_15_CAR_NO,2025,15,14.0,6.638817875164575,4,7.480456824938008,6.8913604298483495
00-0039623,2025_15_CAR_NO,2025,15,1.1,7.43039528561464,4,7.527485356943848,7.772305166593559
00-0039855,2025_15_ATL_TB,2025,15,5.800000000000001,4.302993384383173,4,5.420618920081372,4.684772174962694
00-0039868,2025_15_GB_DEN,2025,15,20.8,9.34428718647252,4,8.754125915369567,9.674625177737282
00-0039880,2025_15_MIA_PIT,2025,15,2.0,6.425745252810548,4,7.162102928246308,6.716761024044315
00-0039890,2025_15_NYJ_JAX,2025,15,17.4,10.498715795897247,4,10.805596759617954,10.553795351784082
00-0039893,2025_15_NYJ_JAX,2025,15,17.1,11.2081335091158,4,11.513154853427254,11.20719774206712
00-0039894,2025_15_LAC_KC,2025,15,5.5,9.456740175313506,4,9.374510824285894,9.674243270549908
00-0039915,2025_15_LAC_KC,2025,15,4.0,12.798591544987646,4,13.997758634212586,12.488327316832258
00-0039916,2025_15_TEN_SF,2025,15,15.6,7.052197613894077,4,9.040393459986896,7.037354790940505
00-0040124,2025_15_CAR_NO,2025,15,4.5,14.056069103104269,4,12.942493093519106,14.11890271571576
00-0040129,2025_15_ATL_TB,2025,15,10.4,12.717076291810217,4,12.220968897981846,12.760053520327036
00-0040130,2025_15_ARI_HOU,2025,15,1.4,8.800384465828301,4,9.17688378708822,8.976234016434532
00-0040164,2025_15_WAS_NYG,2025,15,6.0,3.588404660006332,4,4.862490258872322,3.994986969670701
00-0040170,2025_15_TEN_SF,2025,15,2.7,9.439790244474832,4,9.69620382621091,9.589372784905189
00-0040259,2025_15_CLE_CHI,2025,15,1.8,4.157615980279889,4,5.629056349420782,4.478580306521775
00-0040590,2025_15_DET_LA,2025,15,0.0,4.727566680902906,4,4.925096758691549,5.263795390969726
00-0040667,2025_15_GB_DEN,2025,15,8.5,5.393692885150775,4,5.913676505773193,5.811010856170579
00-0040669,2025_15_DET_LA,2025,15,0.0,6.479671857831058,4,7.965788905208905,6.613040533627606
00-0040705,2025_15_TEN_SF,2025,15,5.0,8.658774541083138,4,9.246563874527506,8.80266298770682
00-0040727,2025_15_LAC_KC,2025,15,7.9,7.764422412480041,4,7.443127468299325,8.165357466687958
00-0040729,2025_15_LV_PHI,2025,15,3.7,6.523493545289362,4,6.749409774092987,6.911147415129836
00-0040735,2025_15_CLE_CHI,2025,15,14.4,6.664939362932874,4,6.940533043601047,7.031187573967843
00-0040782,2025_15_CLE_CHI,2025,15,10.9,5.427611258646678,4,6.31058763561575,5.767984205273727
00-0030035,2025_16_PIT_DET,2025,16,8.9,3.508160796679509,4,4.066063734064634,4.067614335857811
00-0030279,2025_16_LAC_DAL,2025,16,9.4,9.707248336974283,4,8.53661241706584,10.127466129128612
00-0030564,2025_16_NE_BAL,2025,16,8.100000000000001,4.359189296254663,4,4.8410789225768385,4.866537884391696
00-0031408,2025_16_TB_CAR,2025,16,14.1,14.610293215471605,4,13.166770548879011,14.696557576431102
00-0031588,2025_16_NE_BAL,2025,16,22.8,9.188695216080179,4,8.380250976087783,9.576050982075587
00-0032775,2025_16_SF_IND,2025,16,10.3,3.7687693582993997,4,5.258100670632834,4.11698582435403
00-0033307,2025_16_SF_IND,2025,16,5.7,8.10286165807,4,8.858196448867139,8.256672095916302
00-0033555,2025_16_NE_BAL,2025,16,13.9,7.737431063324074,4,7.477295088848093,8.128002002644163
00-0033857,2025_16_KC_TEN,2025,16,2.2,7.894898176841158,4,8.485284268735802,8.098980399535057
00-0033908,2025_16_LA_SEA,2025,16,6.9,9.74459952394855,4,9.103468818864304,10.05353996724798
00-0033921,2025_16_TB_CAR,2025,16,8.0,8.167286781398193,4,9.490090606692752,8.199902265933897
00-0034272,2025_16_PIT_DET,2025,16,1.6,3.9531189796415083,4,4.20205284646461,4.540398567282448
00-0034348,2025_16_JAX_DEN,2025,16,20.6,15.755290675743533,4,15.8736134487249,15.431063609120292
00-0034418,2025_16_CIN_MIA,2025,16,2.1,5.095556419836394,4,6.38340170441922,5.37951206831155
00-0034775,2025_16_LV_HOU,2025,16,6.7,6.2697296793308235,4,7.481840460007533,6.4758347096067554
00-0034827,2025_16_GB_CHI,2025,16,21.9,8.025235476763502,4,9.40944313934548,8.056583538385176
00-0034960,2025_16_JAX_DEN,2025,16,8.600000000000001,13.485293511236344,4,13.877106052063656,13.285580400916954
00-0035208,2025_16_GB_CHI,2025,16,5.300000000000001,8.302495536680402,4,8.909462355289618,8.470783978796844
00-0035359,2025_16_ATL_ARI,2025,16,0.0,4.175052239156889,4,5.492204159382879,4.526189516812418
00-0035535,2025_16_MIN_NYG,2025,16,1.8,8.96744297245384,4,9.39608372366792,9.119346767612566
00-0035640,2025_16_PIT_DET,2025,16,8.2,16.065514774983043,4,15.403892537244753,15.876160713545566
00-0035659,2025_16_PHI_WAS,2025,16,8.3,12.462292726046392,4,12.680435017033298,12.379427367513363
00-0035662,2025_16_KC_TEN,2025,16,5.2,5.606525272887557,4,6.534114833279723,5.923549872972616
00-0035676,2025_16_PHI_WAS,2025,16,18.5,15.475309550691046,4,15.026826790411585,15.289277509164735
00-0035719,2025_16_PHI_WAS,2025,16,6.5,14.036744232179924,4,14.295758724399136,13.820356415765715
00-0036252,2025_16_SF_IND,2025,16,7.2,14.802875311877996,4,13.602048740499615,14.824187736542264
00-0036259,2025_16_SF_IND,2025,16,18.1,12.072610616584386,4,12.200662212825351,12.03915101018988
00-0036309,2025_16_ATL_ARI,2025,16,4.4,8.590040094081814,4,9.107442680906203,8.753789953882091
00-0036322,2025_16_MIN_NYG,2025,16,14.5,9.724753336394441,4,10.517565944676337,9.741964330879537
00-0036358,2025_16_LAC_DAL,2025,16,11.1,17.601251189231164,4,17.742114047417314,17.125667607845095
00-0036407,2025_16_BUF_CLE,2025,16,4.2,9.070833730670095,4,9.411206917108396,9.23257316191562
00-0036410,2025_16_CIN_MIA,2025,16,14.3,10.708376851745289,4,10.429907691901493,10.86652017414059
00-0036415,2025_16_KC_TEN,2025,16,4.4,6.42995532697347,4,7.269561361242569,6.6995173930889
00-0036550,2025_16_NE_BAL,2025,16,0.0,6.759216652117294,4,7.0823953128324595,7.108236908771022
00-0036554,2025_16_LV_HOU,2025,16,9.9,15.90573304434921,4,13.858217773993356,16.012559604680316
00-0036613,2025_16_CIN_MIA,2025,16,12.2,13.050405405201287,4,13.449596432160243,12.883754816804265
00-0036620,2025_16_CIN_MIA,2025,16,0.0,3.8439786149139152,4,3.788949556268357,4.50210875009744
00-0036900,2025_16_CIN_MIA,2025,16,19.9,18.717938713945443,4,17.698874015559575,18.390841562979205
00-0036912,2025_16_PHI_WAS,2025,16,16.2,13.775133293550283,4,13.2814258205974,13.733508582650591
00-0036963,2025_16_PIT_DET,2025,16,9.4,21.438406269110416,4,20.548763845965883,20.8685706942631
00-0036988,2025_16_BUF_CLE,2025,16,1.2,6.6635424708607705,4,7.699558288137474,6.874360545778318
00-0037231,2025_16_NYJ_NO,2025,16,3.8,8.589728237371508,4,9.49322429565748,8.674529075817908
00-0037238,2025_16_ATL_ARI,2025,16,5.7,15.646033418261633,4,17.368383446266794,15.002394741424856
00-0037239,2025_16_NYJ_NO,2025,16,36.8,14.980489594486308,4,14.1274680538688,14.916540365294855
00-0037240,2025_16_PIT_DET,2025,16,12.0,15.155753289215317,4,14.566639464636006,15.023890114478489
00-0037247,2025_16_LAC_DAL,2025,16,26.0,16.96470511369361,4,15.773973122858372,16.812096430604395
00-0037261,2025_16_BUF_CLE,2025,16,7.4,7.87377795669002,4,7.376944777655162,8.301925324126339
00-0037291,2025_16_MIN_NYG,2025,16,0.0,5.922883948188037,4,5.619734859826517,6.466501843097953
00-0037545,2025_16_LA_SEA,2025,16,9.1,6.6314420655181445,4,7.913984390117549,6.794386015545431
00-0037614,2025_16_NYJ_NO,2025,16,1.4,11.43269572352352,4,10.61178828194512,11.644212259510516
00-0037664,2025_16_SF_IND,2025,16,24.6,11.512179392682091,4,10.674188124740978,11.72087173955166
00-0037741,2025_16_PHI_WAS,2025,16,4.3,5.84327398245338,4,6.819428151550067,6.13154437533581
00-0037742,2025_16_PHI_WAS,2025,16,5.0,7.02527826127232,4,6.303237303614362,7.566943070733812
00-0037816,2025_16_GB_CHI,2025,16,19.4,8.217823308298797,4,8.539108363842312,8.451277849178513
00-0038117,2025_16_MIN_NYG,2025,16,5.2,14.183456884324189,4,14.886053684660046,13.864673119204989
00-0038124,2025_16_GB_CHI,2025,16,3.7,9.179220983650406,4,8.273755629498293,9.587175176047127
00-0038393,2025_16_GB_CHI,2025,16,3.2,4.651919860502023,4,4.98946940819777,5.165521772257389
00-0038543,2025_16_LA_SEA,2025,16,23.6,18.318983704652737,4,15.94153666761078,18.301453239090957
00-0038544,2025_16_LAC_DAL,2025,16,20.4,8.797664589498822,4,8.56100410889967,9.099149644198622
00-0038559,2025_16_ATL_ARI,2025,16,13.2,14.787042032286472,4,13.701428556655458,14.786046776336494
00-0038563,2025_16_LV_HOU,2025,16,9.4,11.103091780389438,4,11.227607505107386,11.147428058619983
00-0038606,2025_16_JAX_DEN,2025,16,26.5,7.497546295144206,4,8.307565717976509,7.688291223989232
00-0038608,2025_16_NE_BAL,2025,16,2.6,7.289872198212668,4,8.227013291575435,7.471124128629897
00-0038618,2025_16_LV_HOU,2025,16,1.4,4.7265611965625,4,5.468770950878641,5.151457877531498
00-0038619,2025_16_CIN_MIA,2025,16,3.1,5.157520624268074,4,5.316176535362948,5.667521367796272
00-0038679,2025_16_BUF_CLE,2025,16,3.1,3.818406308229277,4,4.948813372472755,4.236093308299431
00-0038839,2025_16_CIN_MIA,2025,16,0.0,4.571943512037852,4,5.6377250431161,4.942946383155266
00-0038979,2025_16_BUF_CLE,2025,16,1.8,3.8602391202615776,4,5.210780182034059,4.229573096159955
00-0038994,2025_16_MIN_NYG,2025,16,4.6,8.22468218493596,4,8.515444158882763,8.463834843505381
00-0038997,2025_16_SF_IND,2025,16,11.8,9.903102662233607,4,8.170941288283728,10.422608560448104
00-0039062,2025_16_LAC_DAL,2025,16,0.0,4.697336630199542,4,4.8154701891314255,5.252208728603529
00-0039064,2025_16_NE_BAL,2025,16,21.200000000000003,15.784391669409436,4,14.8099862224503,15.681364206554305
00-0039075,2025_16_LA_SEA,2025,16,46.5,19.35879022767479,4,17.943009183464536,19.061894775886675
00-0039146,2025_16_GB_CHI,2025,16,7.1000000000000005,9.166743358567475,4,9.002715878043238,9.424031438118911
00-0039342,2025_16_TB_CAR,2025,16,2.2,7.711398623948305,4,7.748775313643152,8.043184054635873
00-0039410,2025_16_LAC_DAL,2025,16,9.8,6.101135429019339,4,6.433062599285476,6.500680881498752
00-0039451,2025_16_NYJ_NO,2025,16,6.5,8.291938280232158,4,8.033620037826383,8.638056437329778
00-0039491,2025_16_TB_CAR,2025,16,7.7,9.003164021465702,4,9.186167883469093,9.202472148011964
00-0039521,2025_16_ATL_ARI,2025,16,3.9,3.7630023332277807,4,5.0182392634902,4.159560284859879
00-0039623,2025_16_NYJ_NO,2025,16,8.100000000000001,4.4897251884954965,4,6.467408117358111,4.680738432216666
00-0039849,2025_16_ATL_ARI,2025,16,2.4000000000000004,11.027949293559601,4,11.40213458264002,11.027190210648442
00-0039855,2025_16_TB_CAR,2025,16,3.6,5.456652403401588,4,7.238749519943704,5.610805297074135
00-0039868,2025_16_JAX_DEN,2025,16,10.6,11.929628010135316,4,11.426581660532124,12.036623372872317
00-0039880,2025_16_CIN_MIA,2025,16,10.2,6.849454771224893,4,7.334144741108845,7.158265013940128
00-0039890,2025_16_NYJ_NO,2025,16,7.3,11.677919713918618,4,12.629863746190171,11.507312592145372
00-0039893,2025_16_JAX_DEN,2025,16,3.8,12.082228272847416,4,12.195236881270636,12.05108108410601
00-0039894,2025_16_KC_TEN,2025,16,6.1000000000000005,9.71560103833924,4,8.963948849335102,10.049453447832
00-0039915,2025_16_LAC_DAL,2025,16,14.3,13.151336884151018,4,12.95957999572705,13.097538607642194
00-0039920,2025_16_BUF_CLE,2025,16,6.1000000000000005,3.86641538868229,4,4.345971862968976,4.4134146497009015
00-0040124,2025_16_TB_CAR,2025,16,19.3,14.450849082762186,4,13.468153552849463,14.455528303432155
00-0040129,2025_16_TB_CAR,2025,16,5.0,11.371584771203377,4,11.106334748695984,11.474301956409036
00-0040130,2025_16_LV_HOU,2025,16,2.7,6.271361134607622,4,6.776419887582826,6.621961020573826
00-0040131,2025_16_NE_BAL,2025,16,12.6,4.511388476248045,4,4.400772655343189,5.127832398066021
00-0040134,2025_16_JAX_DEN,2025,16,9.2,7.609608298503188,4,8.532975097598527,7.768260039156964
00-0040170,2025_16_KC_TEN,2025,16,8.8,5.989164898594686,4,6.230188446464549,6.416205491113894
00-0040311,2025_16_CIN_MIA,2025,16,5.2,3.5000549539892383,4,4.088156101198637,4.053975955160966
00-0040590,2025_16_LA_SEA,2025,16,7.0,3.0009528744459044,4,3.574016357718832,3.5976262663724325
00-0040669,2025_16_PIT_DET,2025,16,15.2,5.647085681852804,4,6.5652696710503005,5.962809771838153
00-0040705,2025_16_KC_TEN,2025,16,13.0,6.656125182990728,4,7.678407900958495,6.870341949150985
00-0040727,2025_16_LAC_DAL,2025,16,9.4,4.9740666502005375,4,5.898386393593626,5.34203785669041
00-0040729,2025_16_LV_HOU,2025,16,6.3,7.379427539513291,4,8.119857686760552,7.593796605305721
00-0040782,2025_16_BUF_CLE,2025,16,2.0,4.3239515166547005,4,5.371951443130832,4.718305853158709
00-0030035,2025_17_PIT_CLE,2025,17,3.4000000000000004,5.881030963948178,4,6.909510874759611,6.155596824202881
00-0030279,2025_17_HOU_LAC,2025,17,2.7,10.19230822177894,4,9.185936891772084,10.540366171509271
00-0031236,2025_17_PHI_BUF,2025,17,14.1,4.374550508096726,4,5.555666429733787,4.737654116543075
00-0031408,2025_17_TB_MIA,2025,17,12.1,16.31954761951259,4,14.422121666877729,16.362777530389796
00-0031588,2025_17_NE_NYJ,2025,17,22.1,10.059199741380095,4,9.129708068086025,10.40211383713422
00-0032211,2025_17_NYG_LV,2025,17,8.9,5.897937189199985,4,6.761151882662906,6.204963388591285
00-0032775,2025_17_CHI_SF,2025,17,5.0,4.0331264532435265,4,4.54677081157655,4.559900356660982
00-0033857,2025_17_DEN_KC,2025,17,4.6,7.554730681493238,4,7.362545186621289,7.94592653875037
00-0033908,2025_17_SEA_CAR,2025,17,1.6,9.538742368980301,4,9.624039916352292,9.715459707691444
00-0033921,2025_17_TB_MIA,2025,17,23.8,10.422397561378679,4,10.836761973416872,10.461558801328705
00-0034272,2025_17_PIT_CLE,2025,17,5.1,6.0187311173196525,4,6.1746880483363995,6.460821343232068
00-0034348,2025_17_DEN_KC,2025,17,8.0,14.240015255183247,4,14.248209470384488,14.058772498020549
00-0034418,2025_17_TB_MIA,2025,17,1.8,6.605850900397479,4,6.808154956457028,6.991787481352542
00-0034775,2025_17_HOU_LAC,2025,17,2.1,4.863943933516825,4,6.22011269422484,5.1523365099678315
00-0034827,2025_17_CHI_SF,2025,17,1.7000000000000002,8.600325527750284,4,9.262879757425424,8.73356757476897
00-0034860,2025_17_NO_TEN,2025,17,6.300000000000001,6.2880316783496655,4,7.133876300553054,6.567599995593101
00-0034960,2025_17_JAX_IND,2025,17,7.9,14.079664563208064,4,14.02820864953096,13.923370191781808
00-0035298,2025_17_PIT_CLE,2025,17,5.5,5.101112327710102,4,6.762807874851263,5.308156789849734
00-0035406,2025_17_DEN_KC,2025,17,4.300000000000001,5.231572395979256,4,6.735683994619748,5.460478976618867
00-0035535,2025_17_NYG_LV,2025,17,5.6,9.23124214945196,4,9.158911944887446,9.464646552448794
00-0035659,2025_17_DAL_WAS,2025,17,11.3,13.345598358531278,4,13.358604616611998,13.2344736690777
00-0035662,2025_17_DEN_KC,2025,17,1.7000000000000002,6.680254304418692,4,8.223494867726513,6.785993148728088
00-0035676,2025_17_PHI_BUF,2025,17,11.8,15.351081966973647,4,15.263005483287778,15.101205887799516
00-0035719,2025_17_DAL_WAS,2025,17,11.3,14.759335794429175,4,15.10350473667153,14.468087024193313
00-0036133,2025_17_NO_TEN,2025,17,1.5,4.154818854196911,4,5.524238915297956,4.49687336949695
00-0036165,2025_17_NYG_LV,2025,17,1.8,8.096193783327914,4,8.442974328667587,8.334102359422829
00-0036196,2025_17_PHI_BUF,2025,17,0.0,3.769023472149555,4,4.750715450704564,4.221055250125362
00-0036252,2025_17_JAX_IND,2025,17,3.6,14.520987922686938,4,13.53654030341306,14.52044978555056
00-0036259,2025_17_CHI_SF,2025,17,12.2,12.55808726415929,4,11.800587482396123,12.66717017129704
00-0036309,2025_17_LA_ATL,2025,17,5.5,8.683050559609473,4,9.099376095173612,8.860081371900407
00-0036322,2025_17_DET_MIN,2025,17,7.0,11.869146973234475,4,11.829571179027376,11.88614934886177
00-0036358,2025_17_DAL_WAS,2025,17,9.6,16.772386636588635,4,15.85390578297599,16.579378620028457
00-0036407,2025_17_PIT_CLE,2025,17,10.4,9.059700225752472,4,9.255538276606297,9.251888783852795
00-0036410,2025_17_ARI_CIN,2025,17,9.9,9.337855230721969,4,9.133397437244524,9.589810494173978
00-0036550,2025_17_BAL_GB,2025,17,1.7000000000000002,3.913986950740772,4,5.327899657174077,4.266085795842828
00-0036554,2025_17_HOU_LAC,2025,17,8.7,14.31592713956071,4,14.31102804145791,14.131327892189336
00-0036900,2025_17_ARI_CIN,2025,17,25.0,19.005584658136783,4,18.89522669273513,18.469748694062776
00-0036912,2025_17_PHI_BUF,2025,17,4.5,13.783250675063043,4,13.200938336531616,13.75910442322451
00-0036963,2025_17_DET_MIN,2025,17,14.8,18.46445376123414,4,17.85350885841809,18.07402838369804
00-0036988,2025_17_PHI_BUF,2025,17,2.2,4.687155156227531,4,5.610240138609331,5.078187175239977
00-0037231,2025_17_NO_TEN,2025,17,15.2,6.897773570141732,4,7.268002606636291,7.226155180740195
00-0037238,2025_17_LA_ATL,2025,17,1.4,17.31681961049628,4,15.618118597140342,17.240122267193872
00-0037239,2025_17_NO_TEN,2025,17,25.9,14.529772615940413,4,14.017195514233856,14.432016982525422
00-0037240,2025_17_DET_MIN,2025,17,5.7,14.47460852479593,4,14.273229353156262,14.31758396136892
00-0037247,2025_17_DAL_WAS,2025,17,11.8,17.093208997754765,4,16.37658597837745,16.833407783887537
00-0037261,2025_17_PHI_BUF,2025,17,9.5,11.945429364108874,4,11.547184261058808,12.029731927408516
00-0037291,2025_17_DET_MIN,2025,17,0.0,5.129485417674697,4,4.588671446286564,5.784788494481343
00-0037614,2025_17_NE_NYJ,2025,17,7.1000000000000005,9.314938420266607,4,9.504974073243606,9.48802348042137
00-0037664,2025_17_JAX_IND,2025,17,0.0,11.893687804983742,4,10.838053106613351,12.116569908477612
00-0037666,2025_17_DAL_WAS,2025,17,7.1,5.298300987292008,4,6.159268721393413,5.653455328527173
00-0037741,2025_17_PHI_BUF,2025,17,0.0,4.7155302314496685,4,5.686396813003739,5.094533025048818
00-0037742,2025_17_DAL_WAS,2025,17,2.1,9.280346778754396,4,8.821101749175416,9.588989389010871
00-0037816,2025_17_BAL_GB,2025,17,9.2,7.149319528866906,4,5.910098690600987,7.78691057551673
00-0038117,2025_17_NYG_LV,2025,17,22.3,14.618752260649277,4,13.75005023365644,14.58676699399517
00-0038124,2025_17_BAL_GB,2025,17,22.3,8.584756614191292,4,8.62588517413665,8.8463463581546
00-0038359,2025_17_LA_ATL,2025,17,10.7,5.028681544311822,4,6.264623954899618,5.3285699787012595
00-0038543,2025_17_SEA_CAR,2025,17,16.2,18.143224863302997,4,17.1474312841871,17.857055016147022
00-0038544,2025_17_HOU_LAC,2025,17,14.8,11.402090769922072,4,10.85648363161842,11.559728738742448
00-0038559,2025_17_ARI_CIN,2025,17,19.9,13.982116226872153,4,13.958413467021357,13.82789974248546
00-0038563,2025_17_NYG_LV,2025,17,9.9,11.665980789800587,4,10.658588626612849,11.89709682576529
00-0038606,2025_17_JAX_IND,2025,17,19.0,13.042660425215532,4,12.950009004400297,12.977229855499893
00-0038618,2025_17_HOU_LAC,2025,17,4.9,4.247477068666867,4,5.122761429727571,4.683239049594208
00-0038619,2025_17_ARI_CIN,2025,17,8.100000000000001,7.457147812041882,4,7.119501380924338,7.885854522770189
00-0038679,2025_17_PHI_BUF,2025,17,5.6,4.738595655717463,4,6.210432509071066,5.013293461858093
00-0038976,2025_17_DEN_KC,2025,17,4.0,6.811906064312648,4,7.752128408615586,7.03052401879432
00-0038979,2025_17_PIT_CLE,2025,17,5.2,4.194089059183901,4,5.101587193016156,4.6275059673612
00-0038994,2025_17_DET_MIN,2025,17,12.5,10.889357766171777,4,10.181579537688156,11.120927256386503
00-0038997,2025_17_JAX_IND,2025,17,5.4,8.627420137789604,4,9.367740995458286,8.742601438102335
00-0039064,2025_17_BAL_GB,2025,17,13.0,13.284288596101295,4,12.217393489361523,13.39892710236498
00-0039075,2025_17_LA_ATL,2025,17,15.7,21.48216528452584,4,20.844027421994195,20.8574068423923
00-0039146,2025_17_BAL_GB,2025,17,8.100000000000001,6.367409578198702,4,7.729123364381428,6.535148798548595
00-0039342,2025_17_SEA_CAR,2025,17,1.3,5.699682815075427,4,6.7032957956309644,5.993751511354785
00-0039451,2025_17_NE_NYJ,2025,17,7.5,8.148969577531165,4,7.971943995065718,8.489825065076342
00-0039491,2025_17_SEA_CAR,2025,17,3.6,7.8369376300561395,4,8.636506552319034,8.002839993154323
00-0039521,2025_17_ARI_CIN,2025,17,4.4,6.07463760561367,4,7.243261978936045,6.305146592211572
00-0039855,2025_17_TB_MIA,2025,17,18.4,5.714861611867665,4,6.862156700996787,5.978334080864521
00-0039868,2025_17_DEN_KC,2025,17,5.7,8.848752129972011,4,8.622858361681015,9.143973655619046
00-0039880,2025_17_TB_MIA,2025,17,1.5,7.558178010248287,4,7.060966097130379,8.011491703797152
00-0039890,2025_17_NE_NYJ,2025,17,5.2,11.245998832617254,4,12.278399184017324,11.093270584396178
00-0039893,2025_17_JAX_IND,2025,17,7.9,11.735412983802755,4,11.696700656315128,11.762870026048429
00-0039894,2025_17_DEN_KC,2025,17,0.1,10.19176058988844,4,9.350380413276207,10.506113820309729
00-0039915,2025_17_HOU_LAC,2025,17,4.1,13.709793225535638,4,13.292450538818832,13.657742673819085
00-0039916,2025_17_CHI_SF,2025,17,13.5,10.51447232591032,4,9.886044700626051,10.759612783529946
00-0039920,2025_17_PIT_CLE,2025,17,1.4,3.0657653867575987,4,5.217609779502235,3.3343533947148334
00-0040124,2025_17_SEA_CAR,2025,17,1.5,14.251605440472575,4,13.512605403452836,14.222276787138885
00-0040129,2025_17_TB_MIA,2025,17,5.0,10.86159626645974,4,11.068159447146014,10.908347948501392
00-0040130,2025_17_HOU_LAC,2025,17,16.8,5.308850039901612,4,5.508988911128877,5.798335569667274
00-0040131,2025_17_NE_NYJ,2025,17,5.0,7.884462067774841,4,7.417551987926807,8.305639448282717
00-0040170,2025_17_NO_TEN,2025,17,13.7,9.21065524730159,4,9.239338695155862,9.425034299556568
00-0040277,2025_17_CHI_SF,2025,17,5.0,5.47334225513617,4,5.928413765057895,5.897605941022122
00-0040563,2025_17_NE_NYJ,2025,17,12.0,4.724787979893179,4,5.733153457759417,5.095384578575241
00-0040581,2025_17_NYG_LV,2025,17,3.2,6.97566986044823,4,6.928578404987091,7.383220215952436
00-0040590,2025_17_LA_ATL,2025,17,3.0,6.287582227151794,4,7.491699620355457,6.493903069707436
00-0040667,2025_17_BAL_GB,2025,17,2.2,5.406398123142581,4,7.021599597210723,5.598683828059962
00-0040669,2025_17_DET_MIN,2025,17,13.9,5.291007796384531,4,6.385298854041768,5.599016600648732
00-0040705,2025_17_NO_TEN,2025,17,10.2,9.335981691190296,4,9.27421994522763,9.558898010483
00-0040727,2025_17_HOU_LAC,2025,17,2.5,5.369254404679295,4,5.940787570146898,5.777970886434685
00-0040735,2025_17_CHI_SF,2025,17,27.8,8.649592855428537,4,8.178832039511429,9.01073323442637
00-0030035,2025_18_BAL_PIT,2025,18,7.3,5.395771834018495,4,6.617164621721084,5.669454211604378
00-0030279,2025_18_LAC_DEN,2025,18,10.6,8.083207330256375,4,8.092268188443947,8.3912274307039
00-0031408,2025_18_CAR_TB,2025,18,5.4,14.961453310024869,4,12.243979545652916,15.280383327127955
00-0031588,2025_18_MIA_NE,2025,18,7.3,9.484309818481622,4,8.322470081494608,9.92045105501443
00-0032211,2025_18_KC_LV,2025,18,1.5,5.702347509938229,4,6.602079004183156,6.0174528999370205
00-0032775,2025_18_SEA_SF,2025,18,5.4,8.202048845140023,4,8.02456762644752,8.538777954454556
00-0033307,2025_18_SEA_SF,2025,18,0.0,6.163492583737171,4,7.811737095207013,6.288833673263499
00-0033375,2025_18_TEN_JAX,2025,18,1.4,5.032643966769923,4,5.097726693548519,5.571711880499502
00-0033857,2025_18_KC_LV,2025,18,3.3,7.4540576423857985,4,7.804939679516668,7.742174376022007
00-0033908,2025_18_SEA_SF,2025,18,4.9,9.58890487604565,4,9.356638896176046,9.826590805904958
00-0033921,2025_18_CAR_TB,2025,18,1.8,10.433024070098368,4,10.792103640910469,10.482648831833954
00-0034272,2025_18_BAL_PIT,2025,18,8.4,7.935661930199052,4,8.015077028408669,8.241020597397089
00-0034348,2025_18_LAC_DEN,2025,18,1.5,14.423489521032382,4,12.839804796624865,14.553273549234156
00-0034418,2025_18_MIA_NE,2025,18,0.0,5.1994043298372565,4,5.691728726618777,5.637824996358917
00-0034775,2025_18_IND_HOU,2025,18,0.7,5.895513560188421,4,7.541425230262843,6.042635018882527
00-0034827,2025_18_DET_CHI,2025,18,2.1,8.56565827701633,4,10.285366516755737,8.485419770671381
00-0034860,2025_18_NO_ATL,2025,18,11.0,8.584185740476725,4,9.590395275287657,8.648417569803982
00-0034960,2025_18_TEN_JAX,2025,18,9.4,12.89936820246413,4,13.766085072554528,12.64909396596507
00-0035021,2025_18_IND_HOU,2025,18,0.0,4.387275843933243,4,5.605606105206794,4.741755803850625
00-0035359,2025_18_NO_ATL,2025,18,2.1,6.83423384749313,4,7.1882385998341185,7.17098520643758
00-0035535,2025_18_DAL_NYG,2025,18,9.4,9.968814476596174,4,10.097873029278755,10.102391774711498
00-0035645,2025_18_DAL_NYG,2025,18,18.200000000000003,7.426014174751373,4,7.749706837282522,7.721921718573563
00-0035659,2025_18_WAS_PHI,2025,18,9.7,9.789630233676258,4,9.334298526735276,10.056986514715614
00-0035662,2025_18_KC_LV,2025,18,9.4,8.48353953900919,4,7.719676961959811,8.917833197944185
00-0035719,2025_18_WAS_PHI,2025,18,4.1,11.205630714258922,4,10.931170297947563,11.323424491082568
00-0036133,2025_18_TEN_JAX,2025,18,1.5,4.123324747473218,4,5.192360862452376,4.529325196686916
00-0036165,2025_18_DAL_NYG,2025,18,0.0,8.989597098484829,4,9.085574214438338,9.207784696579022
00-0036196,2025_18_NYJ_BUF,2025,18,15.1,3.3912247495524506,4,4.800940585400247,3.7857394256038863
00-0036252,2025_18_IND_HOU,2025,18,3.1,12.595495531915299,4,12.314897688152923,12.60405633385382
00-0036259,2025_18_SEA_SF,2025,18,7.5,11.594421422371724,4,10.98310613153549,11.75021024890243
00-0036309,2025_18_NO_ATL,2025,18,5.0,9.363603924417419,4,8.848926365455922,9.676966437766282
00-0036322,2025_18_GB_MIN,2025,18,18.4,11.229080310779938,4,11.487577487682548,11.235995686617873
00-0036358,2025_18_DAL_NYG,2025,18,1.4,10.45175960438423,4,11.331466795858592,10.393402757661947
00-0036407,2025_18_CLE_CIN,2025,18,4.2,11.248701887120157,4,11.867034967960697,11.180454494343495
00-0036410,2025_18_CLE_CIN,2025,18,18.7,12.080965956881242,4,11.560342580764852,12.179525902125103
00-0036900,2025_18_CLE_CIN,2025,18,23.6,18.48363408909097,4,17.682799815290444,18.13052503731514
00-0036963,2025_18_DET_CHI,2025,18,24.9,18.55623331799231,4,18.90990869486917,17.961202791433617
00-0036988,2025_18_NYJ_BUF,2025,18,1.1,7.03217533090281,4,7.072409543411105,7.417371639155252
00-0037132,2025_18_WAS_PHI,2025,18,4.0,4.020515176656241,4,5.832658788763614,4.282689005174836
00-0037231,2025_18_NO_ATL,2025,18,7.7,9.300845387566396,4,9.970570977542636,9.376932203956915
00-0037238,2025_18_NO_ATL,2025,18,17.8,16.10506232785429,4,15.591258447393498,15.882328773889906
00-0037240,2025_18_DET_CHI,2025,18,13.4,12.849298482957325,4,11.97076714701276,12.959987833571205
00-0037247,2025_18_DAL_NYG,2025,18,1.9,10.770656248242272,4,10.877236425230922,10.845088383426551
00-0037291,2025_18_GB_MIN,2025,18,7.9,7.261265946203633,4,7.3971879019515345,7.6086779922385634
00-0037545,2025_18_SEA_SF,2025,18,1.2,6.314928815257104,4,7.71807265511531,6.478365688703434
00-0037614,2025_18_NYJ_BUF,2025,18,5.0,7.41341321434998,4,8.69369920334814,7.514655297575196
00-0037664,2025_18_IND_HOU,2025,18,29.200000000000003,8.661681004335074,4,9.559290739303565,8.741965925815201
00-0037666,2025_18_DAL_NYG,2025,18,0.0,3.69461146729049,4,3.9608384104567502,4.298904079328164
00-0037741,2025_18_WAS_PHI,2025,18,7.0,7.776013076723544,4,7.116275566936802,8.24525374044095
00-0037742,2025_18_WAS_PHI,2025,18,3.2,5.264158555273867,4,6.619182324755553,5.5209699693521
00-0037837,2025_18_BAL_PIT,2025,18,14.5,6.103335043445198,4,6.756772390044502,6.436942067482216
00-0038543,2025_18_SEA_SF,2025,18,14.4,19.480339003244886,4,18.84236679454756,19.014683379141985
00-0038559,2025_18_ARI_LA,2025,18,20.9,14.438730965540264,4,13.780161941073532,14.3780747974975
00-0038563,2025_18_KC_LV,2025,18,5.4,11.38996129466321,4,10.915488908281825,11.534013187900982
00-0038573,2025_18_LAC_DEN,2025,18,1.7000000000000002,6.01827877981266,4,7.917352695270538,6.103857640443357
00-0038606,2025_18_TEN_JAX,2025,18,19.700000000000003,13.438774911782899,4,13.233801165289623,13.36482998409238
00-0038608,2025_18_MIA_NE,2025,18,4.4,6.686326237153411,4,8.607423644960207,6.714293343678433
00-0038618,2025_18_IND_HOU,2025,18,13.4,7.495892378425378,4,7.675134046827722,7.815791750965735
00-0038619,2025_18_CLE_CIN,2025,18,3.0,5.727641036261747,4,6.851929511426511,5.994803502333975
00-0038647,2025_18_NO_ATL,2025,18,10.3,4.971035118414999,4,6.4512191721524745,5.225547587692677
00-0038979,2025_18_CLE_CIN,2025,18,3.3000000000000003,7.392997491001086,4,7.331377719219059,7.770343775936354
00-0038994,2025_18_GB_MIN,2025,18,1.8,10.145030677286858,4,10.1231480305033,10.295473928708306
00-0038997,2025_18_IND_HOU,2025,18,9.6,8.07032395844171,4,9.571626813870738,8.07413634260161
00-0039062,2025_18_DAL_NYG,2025,18,0.0,3.2308506804054167,4,4.360100956432523,3.695482477929714
00-0039064,2025_18_BAL_PIT,2025,18,29.8,15.514169589099092,4,13.674551021087302,15.60959937875128
00-0039075,2025_18_ARI_LA,2025,18,26.0,19.880903539725537,4,17.83782810095543,19.67081275089903
00-0039410,2025_18_DAL_NYG,2025,18,11.8,9.593486821900742,4,10.099528310037789,9.679790786796806
00-0039451,2025_18_NYJ_BUF,2025,18,7.4,4.94786073242207,4,6.436324390249639,5.202521908572922
00-0039491,2025_18_CAR_TB,2025,18,16.7,8.559875261630557,4,9.42155731714877,8.655602165308359
00-0039792,2025_18_BAL_PIT,2025,18,12.6,6.64698364785684,4,6.6762223112928,7.065050155538512
00-0039855,2025_18_CAR_TB,2025,18,2.1,7.293134286445111,4,8.410744479477993,7.437212691465945
00-0039868,2025_18_LAC_DEN,2025,18,0.0,7.978289263608017,4,7.705151604499395,8.352372437696193
00-0039880,2025_18_MIA_NE,2025,18,11.8,7.80500267186382,4,7.804790671001929,8.13703558781992
00-0039884,2025_18_MIA_NE,2025,18,4.6,3.2693683575425005,4,3.860132218568886,3.841083318016435
00-0039890,2025_18_NYJ_BUF,2025,18,0.0,7.334500152529571,4,6.8546169447620064,7.802050772840776
00-0039893,2025_18_TEN_JAX,2025,18,7.9,8.277428043118753,4,7.781360649494613,8.673330301898575
00-0039901,2025_18_NYJ_BUF,2025,18,8.9,8.50213950998014,4,9.512451301594314,8.57205456720942
00-0039920,2025_18_CLE_CIN,2025,18,5.800000000000001,3.5711802397064716,4,4.926622714217766,3.962490607454601
00-0040024,2025_18_WAS_PHI,2025,18,6.300000000000001,7.148796178308706,4,7.474164436379107,7.466398641379888
00-0040124,2025_18_CAR_TB,2025,18,12.5,13.675816528405472,4,12.783049412126308,13.723713068371293
00-0040129,2025_18_CAR_TB,2025,18,1.8,10.411297569843384,4,10.15362412658641,10.588803758290933
00-0040130,2025_18_IND_HOU,2025,18,10.3,8.736066964221582,4,8.113928447265515,9.121296696914523
00-0040131,2025_18_MIA_NE,2025,18,0.5,5.363244969863446,4,5.722744043195445,5.815809867253321
00-0040134,2025_18_LAC_DEN,2025,18,7.1,7.05993314115588,4,8.58453008127644,7.1393026032691616
00-0040170,2025_18_TEN_JAX,2025,18,8.0,9.970772434327495,4,9.363982272827942,10.254708874938132
00-0040277,2025_18_DET_CHI,2025,18,11.6,3.9145891844503637,4,4.379991529569808,4.4606540011678515
00-0040311,2025_18_MIA_NE,2025,18,7.4,4.211512865673122,4,4.842588478118028,4.700085731369996
00-0040388,2025_18_GB_MIN,2025,18,3.5,7.669102255412632,4,8.329526891984901,7.876808203700987
00-0040563,2025_18_MIA_NE,2025,18,4.5,5.262830666133966,4,6.408325993231589,5.562605812586706
00-0040590,2025_18_ARI_LA,2025,18,0.0,5.0243032387541415,4,6.439660544575267,5.287841159788922
00-0040646,2025_18_KC_LV,2025,18,2.4,5.652957341549674,4,6.513529300965589,5.9799989603909545
00-0040667,2025_18_GB_MIN,2025,18,1.8,8.573334229132376,4,8.430570061116883,8.873446496408496
00-0040669,2025_18_DET_CHI,2025,18,2.8,5.981373883496793,4,6.8980933416636265,6.27082304252443
00-0040705,2025_18_TEN_JAX,2025,18,5.7,8.817659045994665,4,9.495732365652042,8.930449634519388
00-0040727,2025_18_LAC_DEN,2025,18,4.800000000000001,7.815777626931293,4,7.867659590505703,8.136298376037372
00-0040729,2025_18_KC_LV,2025,18,0.0,5.451510922361353,4,6.835420121324655,5.687520223232747
00-0040735,2025_18_DET_CHI,2025,18,7.5,11.188215104062184,4,10.09416289676481,11.475037437705408
00-0040782,2025_18_CLE_CIN,2025,18,2.7,5.023796432538325,4,6.328804209829492,5.309946179296998
00-0030279,2025_19_LAC_NE,2025,19,5.5,9.486125363152897,4,8.58640737379985,9.868506359072118
00-0031236,2025_19_BUF_JAX,2025,19,8.8,5.303715065744912,4,5.910682344470879,5.71039374667801
00-0031381,2025_19_LA_CAR,2025,19,12.2,12.875879027220156,4,13.30949714230153,12.716060628311949
00-0031588,2025_19_LAC_NE,2025,19,3.6,10.257783252139985,4,9.523837686534408,10.544912658310054
00-0032775,2025_19_SF_PHI,2025,19,23.1,5.466017595398529,4,6.170000100530583,5.839949852592116
00-0034272,2025_19_HOU_PIT,2025,19,5.6,5.31618382725978,4,7.068662947524976,5.487561615030219
00-0034775,2025_19_HOU_PIT,2025,19,28.4,4.640058329785038,4,6.268071392383264,4.890644241964643
00-0034827,2025_19_GB_CHI,2025,19,17.9,7.917556531337169,4,9.641400275067015,7.887993465762789
00-0034960,2025_19_BUF_JAX,2025,19,2.2,13.272575426831722,4,13.752433992562304,13.071763054380218
00-0035640,2025_19_HOU_PIT,2025,19,6.2,13.19212324661592,4,12.898081138496218,13.156004643191643
00-0035676,2025_19_SF_PHI,2025,19,5.5,14.97421907854994,4,15.339290839949037,14.661612413649015
00-0036196,2025_19_BUF_JAX,2025,19,3.4000000000000004,5.041524698194026,4,5.766923724960494,5.444821680547694
00-0036259,2025_19_SF_PHI,2025,19,10.66,10.688270061336217,4,12.003788719130595,10.521968214506522
00-0036554,2025_19_HOU_PIT,2025,19,5.1,10.559599225962815,4,9.9759143315299,10.792000346988138
00-0036912,2025_19_SF_PHI,2025,19,15.0,13.253330261988232,4,13.263572841110015,13.150105794031417
00-0037261,2025_19_BUF_JAX,2025,19,20.200000000000003,12.078428246110322,4,11.855022225725904,12.116395355524782
00-0037741,2025_19_SF_PHI,2025,19,0.0,5.034336362922853,4,6.6155903227840245,5.263143223014889
00-0037816,2025_19_GB_CHI,2025,19,26.4,9.930708760482835,4,10.177425434153948,10.043248822517937
00-0037837,2025_19_HOU_PIT,2025,19,3.8,7.042517828315799,4,7.974945710611597,7.244397450090858
00-0038124,2025_19_GB_CHI,2025,19,12.6,11.999906728903994,4,11.377805465731852,12.125667418528977
00-0038359,2025_19_LA_CAR,2025,19,0.0,4.433385586274924,4,5.165972128677501,4.883556873173078
00-0038544,2025_19_LAC_NE,2025,19,5.0,11.512405859473047,4,12.530691300345485,11.34138652835538
00-0038606,2025_19_BUF_JAX,2025,19,23.9,13.698973594064059,4,13.339945388433764,13.63585517277802
00-0038608,2025_19_LAC_NE,2025,19,10.6,5.6557623718262136,4,7.434211611868595,5.794833025169236
00-0038618,2025_19_HOU_PIT,2025,19,4.1,5.919552645014252,4,5.866964800841062,6.4121841047563795
00-0038679,2025_19_BUF_JAX,2025,19,2.4000000000000004,5.0203350340517625,4,6.404805651642398,5.290506154060663
00-0039075,2025_19_LA_CAR,2025,19,34.5,20.22541882898819,4,17.829043574101107,20.060206542302
00-0039146,2025_19_GB_CHI,2025,19,15.7,8.50583687263811,4,8.664140703899358,8.749732687387457
00-0039342,2025_19_LA_CAR,2025,19,1.8,4.5793536997058295,4,5.113977527231089,5.058413589869216
00-0039491,2025_19_LA_CAR,2025,19,28.4,8.918246682527137,4,9.08937923843794,9.126733603730653
00-0039893,2025_19_BUF_JAX,2025,19,10.1,11.080350994415332,4,10.860876191764746,11.196856899373522
00-0039901,2025_19_BUF_JAX,2025,19,4.6,5.9964395798287216,4,6.079158945266266,6.455282327677419
00-0039915,2025_19_LAC_NE,2025,19,6.2,11.280449121341787,4,11.864006441570464,11.216791195143443
00-0039919,2025_19_GB_CHI,2025,19,6.4,11.748290169532972,4,11.590525606593946,11.799075169369042
00-0040124,2025_19_LA_CAR,2025,19,13.1,13.896641485583489,4,12.884655132923388,13.951369176330934
00-0040130,2025_19_HOU_PIT,2025,19,6.9,4.782317300243683,4,5.206232920768564,5.267887347675041
00-0040667,2025_19_GB_CHI,2025,19,18.4,5.692876931634075,4,6.919669284626018,5.941836255046708
00-0040727,2025_19_LAC_NE,2025,19,4.0,5.09705452993742,4,6.266376489995469,5.4051345377407545
00-0040735,2025_19_GB_CHI,2025,19,6.800000000000001,10.790756676634182,4,10.004582305293749,11.046200140140364
00-0031236,2025_20_BUF_DEN,2025,20,4.0,5.383238710955828,4,6.469153290047265,5.685628922387962
00-0031381,2025_20_LA_CHI,2025,20,4.4,14.591479148313772,4,14.13135014011351,14.478090067970012
00-0031588,2025_20_HOU_NE,2025,20,14.0,9.496906728217487,4,8.809692919406514,9.834963805652915
00-0032775,2025_20_SF_SEA,2025,20,1.1,4.556436773580434,4,4.576413603422276,5.142587363585719
00-0033282,2025_20_BUF_DEN,2025,20,1.2,3.2311926849997894,4,4.187931910992074,3.731083711890764
00-0033307,2025_20_SF_SEA,2025,20,0.0,4.358364977042671,4,5.082234035923035,4.816283209267155
00-0033908,2025_20_SF_SEA,2025,20,11.0,8.662486508278606,4,9.136869218943456,8.829276721932043
00-0034348,2025_20_BUF_DEN,2025,20,9.3,13.179973787159911,4,11.791340856870535,13.368715011163134
00-0034775,2025_20_HOU_NE,2025,20,10.0,7.735412668453803,4,8.482747242421867,7.920070154085204
00-0034827,2025_20_LA_CHI,2025,20,17.0,8.06786829623606,4,8.433664788658128,8.304138995627714
00-0035406,2025_20_BUF_DEN,2025,20,11.3,6.143983469344699,4,7.420801893677887,6.346849110971769
00-0036259,2025_20_SF_SEA,2025,20,4.300000000000001,11.86526871452146,4,11.0034808877476,12.050759444432012
00-0037261,2025_20_BUF_DEN,2025,20,14.5,11.562328472064268,4,10.93095483205205,11.72477140391348
00-0037545,2025_20_SF_SEA,2025,20,8.7,4.998549378491919,4,6.185803943782798,5.3107920884202375
00-0038543,2025_20_SF_SEA,2025,20,10.9,16.604989008911694,4,16.646822146041874,16.228860164089717
00-0038608,2025_20_HOU_NE,2025,20,16.5,8.284700410952116,4,8.486747091239604,8.53722821910301
00-0038618,2025_20_HOU_NE,2025,20,8.4,7.829881260980583,4,8.111736585739095,8.102240737112243
00-0038976,2025_20_BUF_DEN,2025,20,23.3,7.88001304603897,4,9.396830348971053,7.895780925172459
00-0039075,2025_20_LA_CHI,2025,20,11.2,22.83909677196865,4,20.887557802597595,22.37511875976648
00-0039751,2025_20_LA_CHI,2025,20,5.5,5.175479595273737,4,5.105019938775355,5.730917312507681
00-0039901,2025_20_BUF_DEN,2025,20,8.0,5.061481783136459,4,5.829328903034567,5.454509681074886
00-0039916,2025_20_SF_SEA,2025,20,0.0,9.291924042279708,4,9.89844418179597,9.381648479621166
00-0039919,2025_20_LA_CHI,2025,20,6.4,12.757683737784827,4,12.374481307023482,12.77433860624068
00-0040130,2025_20_HOU_NE,2025,20,11.9,8.796474041111834,4,9.070748925329058,8.993544037035246
00-0040131,2025_20_HOU_NE,2025,20,0.0,4.51422372260898,4,5.513094079492831,4.903501474452862
00-0040563,2025_20_HOU_NE,2025,20,0.0,4.1695322030939455,4,4.855298574188194,4.650255586417299
00-0040590,2025_20_LA_CHI,2025,20,3.1,3.904448167037928,4,5.342460802296288,4.252375764865323
00-0040735,2025_20_LA_CHI,2025,20,5.4,9.423473615309069,4,9.429336703934206,9.62560231913495
00-0031381,2025_21_LA_SEA,2025,21,18.9,10.906772591998234,4,11.553427832020049,10.859913948658432
00-0031588,2025_21_NE_DEN,2025,21,6.7,8.26345142978924,4,7.926950773053653,8.627826058166503
00-0033555,2025_21_NE_DEN,2025,21,7.1000000000000005,7.028149816300794,4,7.773812934673406,7.269373589245018
00-0033908,2025_21_LA_SEA,2025,21,13.6,9.456553886783185,4,9.27827179182568,9.693718980160693
00-0034348,2025_21_NE_DEN,2025,21,10.7,12.586020965668164,4,11.872220526966409,12.683944743228292
00-0035406,2025_21_NE_DEN,2025,21,1.5,6.904836109553704,4,7.920471401502906,7.100641114884931
00-0037545,2025_21_LA_SEA,2025,21,6.1000000000000005,6.542134780032867,4,7.815860025543567,6.713981777433226
00-0038543,2025_21_LA_SEA,2025,21,31.3,17.434526683546224,4,14.655249378723584,17.569499509989008
00-0038608,2025_21_NE_DEN,2025,21,1.6,6.870773935804166,4,8.1368003445274,7.018070278737292
00-0038976,2025_21_NE_DEN,2025,21,10.2,8.601550846132048,4,9.674046890232182,8.650843593599758
00-0039075,2025_21_LA_SEA,2025,21,31.9,20.305961083315736,4,18.762757281794578,19.95983335907281
00-0031588,2025_22_SEA_NE,2025,22,6.7,10.7711861689893,4,10.811536118996578,10.859123294995316
00-0033555,2025_22_SEA_NE,2025,22,17.8,8.81891816947447,4,9.66937375723365,8.896348587547628
00-0033908,2025_22_SEA_NE,2025,22,12.1,9.799044599353282,4,10.495800106117764,9.82999783373932
00-0037545,2025_22_SEA_NE,2025,22,4.2,6.608621655291692,4,8.876620604097809,6.571808680232085
00-0038543,2025_22_SEA_NE,2025,22,6.7,16.42557990845667,4,15.069177002219384,16.349716689562555
00-0038608,2025_22_SEA_NE,2025,22,3.1,8.28632612757053,4,8.27364997204563,8.582645360517462
00-0038621,2025_22_SEA_NE,2025,22,9.5,4.959123962277838,4,5.604428361278177,5.385354476516813
