player_id,game_id,season,week,y_true,y_pred,fold_idx,max_train_season,catboost_pred,lgbm_pred
00-0019596,2021_02_ATL_TB,2021,2,29.64,21.82908071503275,0,2020,20.168919509065013,21.82908071503275
00-0022924,2021_02_LV_PIT,2021,2,13.8,12.12837742264961,0,2020,14.2891192559317,12.12837742264961
00-0023459,2021_02_DET_GB,2021,2,26.800000000000004,12.863617571442624,0,2020,14.127705922176125,12.863617571442624
00-0026143,2021_02_ATL_TB,2021,2,16.3,14.08421051786514,0,2020,14.58700419323402,14.08421051786514
00-0026498,2021_02_LA_IND,2021,2,17.220000000000002,23.22501388897078,0,2020,20.19032653230945,23.22501388897078
00-0027973,2021_02_CIN_CHI,2021,2,8.74,16.56244057079183,0,2020,16.520946936067016,16.56244057079183
00-0028118,2021_02_HOU_CLE,2021,2,16.5,21.280693606836145,0,2020,20.18688693909844,21.280693606836145
00-0029263,2021_02_TEN_SEA,2021,2,23.32,24.698665276900293,0,2020,21.795449679426692,24.698665276900293
00-0029604,2021_02_MIN_ARI,2021,2,25.26,20.30900551230227,0,2020,20.079017647690783,20.30900551230227
00-0029701,2021_02_TEN_SEA,2021,2,14.580000000000002,15.753737343858628,0,2020,14.69000058549084,15.753737343858628
00-0031237,2021_02_DEN_JAX,2021,2,21.22,20.259511347270347,0,2020,19.40193837460382,20.259511347270347
00-0031280,2021_02_LV_PIT,2021,2,24.18,16.088454327462234,0,2020,16.952181035079747,16.088454327462234
00-0031345,2021_02_SF_PHI,2021,2,19.56,16.147995981130087,0,2020,16.004627356238828,16.147995981130087
00-0031503,2021_02_NO_CAR,2021,2,8.34,24.726933483957403,0,2020,22.983106920545083,24.726933483957403
00-0031800,2021_02_NYG_WAS,2021,2,20.04,13.571186808641444,0,2020,15.051016812134153,13.571186808641444
00-0032950,2021_02_LA_IND,2021,2,17.580000000000002,15.731663208708904,0,2020,16.988533290045684,15.731663208708904
00-0033077,2021_02_DAL_LAC,2021,2,7.48,18.12565061426408,0,2020,19.05092649845306,18.12565061426408
00-0033106,2021_02_DET_GB,2021,2,18.44,17.75760920550145,0,2020,18.602306748249916,17.75760920550145
00-0033873,2021_02_KC_BAL,2021,2,24.02,25.571054672696793,0,2020,21.772107283924505,25.571054672696793
00-0034796,2021_02_KC_BAL,2021,2,32.260000000000005,17.92515503401683,0,2020,18.26964848116462,17.92515503401683
00-0034855,2021_02_HOU_CLE,2021,2,17.52,16.765518652445937,0,2020,15.928201931877313,16.765518652445937
00-0034857,2021_02_BUF_MIA,2021,2,16.66,20.663385622982968,0,2020,18.725618933862012,20.663385622982968
00-0034869,2021_02_NO_CAR,2021,2,18.9,17.693131297619896,0,2020,15.05512994072752,17.693131297619896
00-0035228,2021_02_MIN_ARI,2021,2,33.1,21.700732842384003,0,2020,20.82824416557416,21.700732842384003
00-0035710,2021_02_NYG_WAS,2021,2,29.46,20.133978729138317,0,2020,16.951308785949358,20.133978729138317
00-0036212,2021_02_BUF_MIA,2021,2,0.52,13.421585142716845,0,2020,14.37700412324026,13.421585142716845
00-0036355,2021_02_DAL_LAC,2021,2,14.72,15.616206624788145,0,2020,16.70776596619443,15.616206624788145
00-0036389,2021_02_SF_PHI,2021,2,21.8,24.683950944276805,0,2020,21.82874599580798,24.683950944276805
00-0036442,2021_02_CIN_CHI,2021,2,10.28,14.601859275763658,0,2020,16.18596945959208,14.601859275763658
00-0036971,2021_02_DEN_JAX,2021,2,6.8199999999999985,15.32506020386475,0,2020,14.973099375646711,15.32506020386475
00-0036972,2021_02_NE_NYJ,2021,2,7.44,18.24472430786164,0,2020,17.204622328631675,18.24472430786164
00-0037013,2021_02_NE_NYJ,2021,2,2.3000000000000007,14.963320970986253,0,2020,14.78234947569495,14.963320970986253
00-0019596,2021_03_TB_LA,2021,3,28.68,19.496708369054502,0,2020,19.51682157493178,19.496708369054502
00-0022924,2021_03_CIN_PIT,2021,3,13.22,14.78269589944892,0,2020,14.69969527938477,14.78269589944892
00-0023459,2021_03_GB_SF,2021,3,19.04,14.052996208015616,0,2020,14.02632101361013,14.052996208015616
00-0026143,2021_03_ATL_NYG,2021,3,15.619999999999996,18.040624568305233,0,2020,15.888689535440305,18.040624568305233
00-0026498,2021_03_TB_LA,2021,3,29.52,19.948876109416016,0,2020,17.82079518214322,19.948876109416016
00-0029263,2021_03_SEA_MIN,2021,3,16.62,22.710255180161376,0,2020,20.81838242617696,22.710255180161376
00-0029604,2021_03_SEA_MIN,2021,3,25.12,19.357151786175788,0,2020,20.744772465466983,19.357151786175788
00-0029701,2021_03_IND_TEN,2021,3,21.48,17.017149540855993,0,2020,16.346214681618115,17.017149540855993
00-0031237,2021_03_NYJ_DEN,2021,3,11.8,19.450074907300525,0,2020,18.955475688292253,19.450074907300525
00-0031280,2021_03_MIA_LV,2021,3,21.24,17.062913007466932,0,2020,18.935499760905348,17.062913007466932
00-0031345,2021_03_GB_SF,2021,3,14.68,16.579827165690894,0,2020,17.201004603250837,16.579827165690894
00-0031503,2021_03_NO_NE,2021,3,13.52,18.944527654733584,0,2020,17.62233976017358,18.944527654733584
00-0031800,2021_03_WAS_BUF,2021,3,21.380000000000003,14.356036902125382,0,2020,14.963720758267105,14.356036902125382
00-0032950,2021_03_IND_TEN,2021,3,7.76,17.552688340861454,0,2020,18.53268408750056,17.552688340861454
00-0033077,2021_03_PHI_DAL,2021,3,20.12,17.84907747005869,0,2020,16.562821163624424,17.84907747005869
00-0033106,2021_03_BAL_DET,2021,3,9.08,17.462430428425815,0,2020,18.90045123218397,17.462430428425815
00-0033119,2021_03_MIA_LV,2021,3,20.3,14.036140389039952,0,2020,13.918479272698976,14.036140389039952
00-0033873,2021_03_LAC_KC,2021,3,22.9,22.65589013907687,0,2020,21.54703078496008,22.65589013907687
00-0034796,2021_03_BAL_DET,2021,3,19.28,25.194066580420795,0,2020,24.635733238444733,25.194066580420795
00-0034855,2021_03_CHI_CLE,2021,3,16.94,19.113176522026677,0,2020,16.53896732546875,19.113176522026677
00-0034857,2021_03_WAS_BUF,2021,3,37.22,20.564578494467646,0,2020,18.28927778227789,20.564578494467646
00-0034869,2021_03_CAR_HOU,2021,3,25.26,17.99806328855499,0,2020,16.712372890239152,17.99806328855499
00-0035228,2021_03_ARI_JAX,2021,3,18.54,22.434642719621745,0,2020,20.414142525583735,22.434642719621745
00-0035710,2021_03_ATL_NYG,2021,3,16.54,23.19576867256024,0,2020,21.264149980288447,23.19576867256024
00-0036355,2021_03_LAC_KC,2021,3,30.840000000000003,14.440242166521124,0,2020,16.210484736831944,14.440242166521124
00-0036389,2021_03_PHI_DAL,2021,3,20.54,26.32802829175817,0,2020,21.575821421196505,26.32802829175817
00-0036442,2021_03_CIN_PIT,2021,3,17.58,13.674280371568637,0,2020,14.103410677264408,13.674280371568637
00-0036898,2021_03_CAR_HOU,2021,3,10.72,13.51341321621399,0,2020,11.46283698489106,13.51341321621399
00-0036945,2021_03_CHI_CLE,2021,3,3.92,9.267709647933549,0,2020,13.406112865022257,9.267709647933549
00-0036971,2021_03_ARI_JAX,2021,3,7.460000000000001,16.910210158433937,0,2020,15.628599721305594,16.910210158433937
00-0036972,2021_03_NO_NE,2021,3,11.6,17.30367145603592,0,2020,15.926042598297563,17.30367145603592
00-0037013,2021_03_NYJ_DEN,2021,3,2.6000000000000005,14.57735481577362,0,2020,14.373638981716566,14.57735481577362
00-0019596,2021_04_TB_NE,2021,4,11.06,19.431149206511325,0,2020,18.621972336410288,19.431149206511325
00-0022924,2021_04_PIT_GB,2021,4,9.28,13.549955033912436,0,2020,13.740247192296325,13.549955033912436
00-0023459,2021_04_PIT_GB,2021,4,24.12,14.725511442018831,0,2020,16.269398534835528,14.725511442018831
00-0026143,2021_04_WAS_ATL,2021,4,29.02,15.345464111592308,0,2020,15.112527054773825,15.345464111592308
00-0026498,2021_04_ARI_LA,2021,4,19.300000000000004,23.611344473414334,0,2020,20.414153084426083,23.611344473414334
00-0029263,2021_04_SEA_SF,2021,4,22.56,21.431272275055836,0,2020,19.389086090067323,21.431272275055836
00-0029604,2021_04_CLE_MIN,2021,4,10.12,22.072002047145375,0,2020,21.634197782559134,22.072002047145375
00-0029701,2021_04_TEN_NYJ,2021,4,18.82,20.580348208637258,0,2020,18.436789051482943,20.580348208637258
00-0031237,2021_04_BAL_DEN,2021,4,6.8,18.2798636354284,0,2020,18.27396127418536,18.2798636354284
00-0031280,2021_04_LV_LAC,2021,4,14.44,16.438782074445342,0,2020,17.84967953671778,16.438782074445342
00-0031345,2021_04_SEA_SF,2021,4,8.600000000000001,16.202723919597737,0,2020,16.5673415234774,16.202723919597737
00-0031503,2021_04_NYG_NO,2021,4,13.04,18.471200901889997,0,2020,18.449951288005032,18.471200901889997
00-0031800,2021_04_WAS_ATL,2021,4,27.9,15.174831772761465,0,2020,16.11572600852365,15.174831772761465
00-0032950,2021_04_IND_MIA,2021,4,17.92,15.912209984616773,0,2020,14.889198768858474,15.912209984616773
00-0033077,2021_04_CAR_DAL,2021,4,27.02,18.30118595067424,0,2020,18.100421299039873,18.30118595067424
00-0033106,2021_04_DET_CHI,2021,4,16.76,17.427175157750362,0,2020,17.220235539140475,17.427175157750362
00-0033119,2021_04_IND_MIA,2021,4,14.760000000000002,12.715601779752898,0,2020,14.057372088727174,12.715601779752898
00-0033873,2021_04_KC_PHI,2021,4,31.72,21.92622291525331,0,2020,21.66016918132781,21.92622291525331
00-0034796,2021_04_BAL_DEN,2021,4,19.44,20.047926968843967,0,2020,19.607291851602096,20.047926968843967
00-0034855,2021_04_CLE_MIN,2021,4,9.3,16.790485064627617,0,2020,17.1271213398914,16.790485064627617
00-0034857,2021_04_HOU_BUF,2021,4,20.020000000000003,24.268904589526063,0,2020,21.45165716189129,24.268904589526063
00-0034869,2021_04_CAR_DAL,2021,4,31.54,22.17180933917068,0,2020,19.864567707164777,22.17180933917068
00-0035228,2021_04_ARI_LA,2021,4,22.619999999999997,21.472799444236895,0,2020,21.166846179499515,21.472799444236895
00-0035710,2021_04_NYG_NO,2021,4,26.78,20.803740190209275,0,2020,17.968529460505316,20.803740190209275
00-0036355,2021_04_LV_LAC,2021,4,21.28,20.721442160564784,0,2020,19.83154723334996,20.721442160564784
00-0036389,2021_04_KC_PHI,2021,4,28.18,22.6394147095579,0,2020,20.603407697923338,22.6394147095579
00-0036442,2021_04_JAX_CIN,2021,4,22.32,16.770049089300855,0,2020,16.24091953588687,16.770049089300855
00-0036898,2021_04_HOU_BUF,2021,4,-4.319999999999999,11.145727348152018,0,2020,11.597443874637817,11.145727348152018
00-0036945,2021_04_DET_CHI,2021,4,7.26,9.54627655340649,0,2020,12.746105735839436,9.54627655340649
00-0036971,2021_04_JAX_CIN,2021,4,17.759999999999998,15.452634631623413,0,2020,15.496597416718664,15.452634631623413
00-0036972,2021_04_TB_NE,2021,4,16.9,17.317600866301028,0,2020,16.90721195527755,17.317600866301028
00-0037013,2021_04_TEN_NYJ,2021,4,17.680000000000003,15.438531113201574,0,2020,15.020972440997388,15.438531113201574
00-0019596,2021_05_MIA_TB,2021,5,37.739999999999995,19.40203292662874,0,2020,18.723818450050803,19.40203292662874
00-0022924,2021_05_DEN_PIT,2021,5,16.02,14.139102810976812,0,2020,13.419968343231291,14.139102810976812
00-0023459,2021_05_GB_CIN,2021,5,19.76,17.05737672953123,0,2020,17.34798268593701,17.05737672953123
00-0026143,2021_05_NYJ_ATL,2021,5,21.58,16.95512840231685,0,2020,16.76181955364864,16.95512840231685
00-0026498,2021_05_LA_SEA,2021,5,16.5,19.488471755367296,0,2020,18.100204452108,19.488471755367296
00-0027973,2021_05_CHI_LV,2021,5,0.32,11.35830846263898,0,2020,13.66472950540004,11.35830846263898
00-0029263,2021_05_LA_SEA,2021,5,9.08,21.296723817359595,0,2020,19.31114135739933,21.296723817359595
00-0029604,2021_05_DET_MIN,2021,5,13.4,19.80892728084036,0,2020,19.3449861272414,19.80892728084036
00-0029701,2021_05_TEN_JAX,2021,5,13.98,20.202519611641456,0,2020,19.005819275608708,20.202519611641456
00-0031237,2021_05_DEN_PIT,2021,5,18.62,15.019387351839368,0,2020,14.259191787249144,15.019387351839368
00-0031280,2021_05_CHI_LV,2021,5,7.24,16.25820005213054,0,2020,17.40935354650482,16.25820005213054
00-0031503,2021_05_NO_WAS,2021,5,25.76,15.564440365306536,0,2020,15.9109706454662,15.564440365306536
00-0031800,2021_05_NO_WAS,2021,5,9.92,17.43240481189006,0,2020,17.671419427986454,17.43240481189006
00-0032950,2021_05_IND_BAL,2021,5,22.58,16.33471154599022,0,2020,15.060776319939482,16.33471154599022
00-0033077,2021_05_NYG_DAL,2021,5,20.68,23.05129900755198,0,2020,20.845435257111273,23.05129900755198
00-0033106,2021_05_DET_MIN,2021,5,6.120000000000001,19.442703609359295,0,2020,18.704816970804146,19.442703609359295
00-0033119,2021_05_MIA_TB,2021,5,15.0,14.93747159677478,0,2020,15.01218349731595,14.93747159677478
00-0033873,2021_05_BUF_KC,2021,5,18.980000000000004,20.711802277866436,0,2020,21.37533400080995,20.711802277866436
00-0034796,2021_05_IND_BAL,2021,5,41.88,23.438157241606135,0,2020,21.64457956096963,23.438157241606135
00-0034855,2021_05_CLE_LAC,2021,5,23.000000000000004,16.37223571027705,0,2020,14.902256202715751,16.37223571027705
00-0034857,2021_05_BUF_KC,2021,5,36.5,24.309016926693698,0,2020,21.8992390605506,24.309016926693698
00-0034869,2021_05_PHI_CAR,2021,5,6.08,19.03535304622268,0,2020,18.884260679937817,19.03535304622268
00-0035228,2021_05_SF_ARI,2021,5,13.66,20.50234508572546,0,2020,21.474936980018228,20.50234508572546
00-0035710,2021_05_NYG_DAL,2021,5,4.82,21.302629021554544,0,2020,21.770728999936523,21.302629021554544
00-0036355,2021_05_CLE_LAC,2021,5,42.82,17.047632470356355,0,2020,18.50706442339666,17.047632470356355
00-0036389,2021_05_PHI_CAR,2021,5,22.92,18.685881746558938,0,2020,19.032181967619387,18.685881746558938
00-0036442,2021_05_GB_CIN,2021,5,18.340000000000003,15.634092622181202,0,2020,15.4639115018132,15.634092622181202
00-0036898,2021_05_NE_HOU,2021,5,24.68,11.64036198136653,0,2020,12.974791455997682,11.64036198136653
00-0036945,2021_05_CHI_LV,2021,5,8.840000000000002,15.791310305945114,0,2020,16.243594694002745,15.791310305945114
00-0036971,2021_05_TEN_JAX,2021,5,21.72,17.054149886426192,0,2020,16.744748661939937,17.054149886426192
00-0036972,2021_05_NE_HOU,2021,5,11.54,15.987524216583656,0,2020,14.718240920358744,15.987524216583656
00-0037012,2021_05_SF_ARI,2021,5,14.58,16.694289162184397,0,2020,17.215100190906032,16.694289162184397
00-0037013,2021_05_NYJ_ATL,2021,5,7.98,14.2124932652051,0,2020,14.600103410914471,14.2124932652051
00-0019596,2021_06_TB_PHI,2021,6,17.980000000000004,20.626345354949244,0,2020,20.07661540886326,20.626345354949244
00-0022924,2021_06_SEA_PIT,2021,6,10.86,14.702703209948554,0,2020,15.123333672551729,14.702703209948554
00-0023459,2021_06_GB_CHI,2021,6,23.7,16.151806157758337,0,2020,17.225181729758308,16.151806157758337
00-0026498,2021_06_LA_NYG,2021,6,25.24,20.70897444450539,0,2020,19.36753126403716,20.70897444450539
00-0029604,2021_06_MIN_CAR,2021,6,28.520000000000003,19.24978658530884,0,2020,17.885398848736077,19.24978658530884
00-0029701,2021_06_BUF_TEN,2021,6,12.94,16.989594284515466,0,2020,16.79675367105233,16.989594284515466
00-0030565,2021_06_SEA_PIT,2021,6,10.26,15.477400518194951,0,2020,13.026593634437422,15.477400518194951
00-0031237,2021_06_LV_DEN,2021,6,18.26,18.226875880750143,0,2020,17.326074590282023,18.226875880750143
00-0031280,2021_06_LV_DEN,2021,6,21.54,16.211596676084124,0,2020,15.924355593222876,16.211596676084124
00-0031800,2021_06_KC_WAS,2021,6,9.28,16.281302393316963,0,2020,16.908169451132434,16.281302393316963
00-0032950,2021_06_HOU_IND,2021,6,17.020000000000003,18.23433643544783,0,2020,17.62705568748949,18.23433643544783
00-0033077,2021_06_DAL_NE,2021,6,26.8,18.7744650097478,0,2020,18.65536417910982,18.7744650097478
00-0033106,2021_06_CIN_DET,2021,6,8.18,19.093880113944437,0,2020,17.198333936304508,19.093880113944437
00-0033119,2021_06_MIA_JAX,2021,6,1.0,20.063664503169775,0,2020,16.622025305584497,20.063664503169775
00-0033873,2021_06_KC_WAS,2021,6,22.980000000000004,22.787696052250386,0,2020,22.477393056148667,22.787696052250386
00-0034796,2021_06_LAC_BAL,2021,6,11.78,23.231813302789348,0,2020,22.94255603384262,23.231813302789348
00-0034855,2021_06_ARI_CLE,2021,6,12.16,16.596623558765838,0,2020,16.77339554544919,16.596623558765838
00-0034857,2021_06_BUF_TEN,2021,6,28.72,25.11476655435998,0,2020,22.815057747224227,25.11476655435998
00-0034869,2021_06_MIN_CAR,2021,6,15.079999999999998,17.938468159161353,0,2020,17.610618657765595,17.938468159161353
00-0035228,2021_06_ARI_CLE,2021,6,25.76,20.87211864086289,0,2020,20.608601257768605,20.87211864086289
00-0035710,2021_06_LA_NYG,2021,6,4.08,16.346837121340222,0,2020,17.70028091262125,16.346837121340222
00-0036212,2021_06_MIA_JAX,2021,6,21.36,13.159918344151771,0,2020,12.659208583029171,13.159918344151771
00-0036355,2021_06_LAC_BAL,2021,6,11.0,19.08542433879485,0,2020,19.229680777108847,19.08542433879485
00-0036389,2021_06_TB_PHI,2021,6,25.0,21.75585848039668,0,2020,20.755747808563015,21.75585848039668
00-0036442,2021_06_CIN_DET,2021,6,22.84,18.29571129560951,0,2020,17.00888273993191,18.29571129560951
00-0036898,2021_06_HOU_IND,2021,6,6.220000000000001,16.10739356055682,0,2020,14.345329573667897,16.10739356055682
00-0036945,2021_06_GB_CHI,2021,6,13.260000000000002,11.094232493823467,0,2020,14.000327494405733,11.094232493823467
00-0036971,2021_06_MIA_JAX,2021,6,15.86,17.316102554131998,0,2020,16.806750963721203,17.316102554131998
00-0036972,2021_06_DAL_NE,2021,6,14.759999999999998,17.295354336458196,0,2020,16.56691668453695,17.295354336458196
00-0019596,2021_07_CHI_TB,2021,7,24.44,19.233548404244175,0,2020,18.42538855093404,19.233548404244175
00-0023459,2021_07_WAS_GB,2021,7,24.66,18.01440948228666,0,2020,18.636698989095496,18.01440948228666
00-0026143,2021_07_ATL_MIA,2021,7,17.439999999999998,15.74594621830994,0,2020,16.133016631275844,15.74594621830994
00-0026498,2021_07_DET_LA,2021,7,27.16,22.942130279930023,0,2020,19.732968591867667,22.942130279930023
00-0029701,2021_07_KC_TEN,2021,7,19.4,15.46312546427962,0,2020,16.82892918730652,15.46312546427962
00-0030565,2021_07_NO_SEA,2021,7,11.88,14.301199680242178,0,2020,13.263985167564998,14.301199680242178
00-0031237,2021_07_DEN_CLE,2021,7,13.78,16.38593051264132,0,2020,16.973196299744863,16.38593051264132
00-0031280,2021_07_PHI_LV,2021,7,19.020000000000003,19.90694874480936,0,2020,18.262612377024183,19.90694874480936
00-0031345,2021_07_IND_SF,2021,7,5.24,10.967263997560195,0,2020,13.144673968310984,10.967263997560195
00-0031503,2021_07_NO_SEA,2021,7,16.880000000000003,15.3486871566888,0,2020,15.904611654642745,15.3486871566888
00-0031800,2021_07_WAS_GB,2021,7,20.22,13.54345482876839,0,2020,16.215825144844324,13.54345482876839
00-0032950,2021_07_IND_SF,2021,7,20.3,14.590682627478497,0,2020,15.691211806942668,14.590682627478497
00-0033106,2021_07_DET_LA,2021,7,11.02,17.49729785912349,0,2020,16.343547948839927,17.49729785912349
00-0033873,2021_07_KC_TEN,2021,7,7.74,22.63647420448,0,2020,22.425341510461813,22.63647420448
00-0034796,2021_07_CIN_BAL,2021,7,23.08,22.336352256633095,0,2020,21.568146739379344,22.336352256633095
00-0034869,2021_07_CAR_NYG,2021,7,2.4800000000000004,21.133867741182232,0,2020,18.891246152522307,21.133867741182232
00-0035228,2021_07_HOU_ARI,2021,7,21.44,22.192074366794714,0,2020,21.12499778052612,22.192074366794714
00-0035710,2021_07_CAR_NYG,2021,7,17.520000000000003,16.89973486293456,0,2020,17.758052150344824,16.89973486293456
00-0036212,2021_07_ATL_MIA,2021,7,26.54,13.91127995750882,0,2020,14.247186481311983,13.91127995750882
00-0036389,2021_07_PHI_LV,2021,7,23.54,17.644660690747976,0,2020,19.901979837305458,17.644660690747976
00-0036442,2021_07_CIN_BAL,2021,7,26.64,15.162684310488512,0,2020,15.748364691844252,15.162684310488512
00-0036898,2021_07_HOU_ARI,2021,7,3.4000000000000004,16.18483021480568,0,2020,14.385043760731554,16.18483021480568
00-0036945,2021_07_CHI_TB,2021,7,1.16,12.391756948086268,0,2020,15.014069573918423,12.391756948086268
00-0036972,2021_07_NYJ_NE,2021,7,22.18,19.49519624005819,0,2020,17.128502075726573,19.49519624005819
00-0037013,2021_07_NYJ_NE,2021,7,2.04,14.69540434940122,0,2020,12.960919061417435,14.69540434940122
00-0019596,2021_08_TB_NO,2021,8,25.2,19.63414783599575,0,2020,19.350199634002237,19.63414783599575
00-0022924,2021_08_PIT_CLE,2021,8,14.64,15.027078234471174,0,2020,14.926803703513263,15.027078234471174
00-0023459,2021_08_GB_ARI,2021,8,15.66,20.08741414696456,0,2020,18.42148595352947,20.08741414696456
00-0026143,2021_08_CAR_ATL,2021,8,6.14,18.359983812883534,0,2020,16.907548047846035,18.359983812883534
00-0026498,2021_08_LA_HOU,2021,8,24.200000000000003,22.487691765121717,0,2020,19.947929089898818,22.487691765121717
00-0029604,2021_08_DAL_MIN,2021,8,13.16,17.260969694825626,0,2020,19.531930528097607,17.260969694825626
00-0029701,2021_08_TEN_IND,2021,8,21.200000000000003,18.131729057751578,0,2020,16.539855780558174,18.131729057751578
00-0030565,2021_08_JAX_SEA,2021,8,22.6,16.185748849221618,0,2020,14.70383821799982,16.185748849221618
00-0031237,2021_08_WAS_DEN,2021,8,12.62,18.694619803710296,0,2020,17.504328674746393,18.694619803710296
00-0031345,2021_08_SF_CHI,2021,8,27.28,14.3366049895034,0,2020,14.298373675964855,14.3366049895034
00-0031503,2021_08_TB_NO,2021,8,10.24,14.325794946802985,0,2020,16.233272977910183,14.325794946802985
00-0031800,2021_08_WAS_DEN,2021,8,11.8,16.310407974011998,0,2020,16.979380307833935,16.310407974011998
00-0032950,2021_08_TEN_IND,2021,8,18.340000000000003,16.53897672671604,0,2020,17.70082715944205,16.53897672671604
00-0033106,2021_08_PHI_DET,2021,8,8.88,20.802082267414463,0,2020,17.19032411743663,20.802082267414463
00-0033275,2021_08_CAR_ATL,2021,8,-0.1,9.594139148068551,0,2020,11.38241119964693,9.594139148068551
00-0033873,2021_08_NYG_KC,2021,8,14.0,23.900870510556977,0,2020,22.09195451394399,23.900870510556977
00-0034401,2021_08_CIN_NYJ,2021,8,26.1,10.26861857355702,0,2020,10.78772967062726,10.26861857355702
00-0034855,2021_08_PIT_CLE,2021,8,9.5,16.303841677577203,0,2020,16.777703971622817,16.303841677577203
00-0034857,2021_08_MIA_BUF,2021,8,29.46,22.748491849409223,0,2020,22.66067895711158,22.748491849409223
00-0034869,2021_08_CAR_ATL,2021,8,11.760000000000002,16.535158170439047,0,2020,16.292032392341188,16.535158170439047
00-0035228,2021_08_GB_ARI,2021,8,9.06,22.762603654543277,0,2020,20.093741958479672,22.762603654543277
00-0035710,2021_08_NYG_KC,2021,8,16.080000000000002,16.67274960639104,0,2020,17.463452966795792,16.67274960639104
00-0036212,2021_08_MIA_BUF,2021,8,15.2,13.098109611660504,0,2020,15.54937558015909,13.098109611660504
00-0036355,2021_08_NE_LAC,2021,8,13.820000000000002,18.896857411753032,0,2020,18.024189523209458,18.896857411753032
00-0036389,2021_08_PHI_DET,2021,8,11.22,22.58251062021174,0,2020,21.059007405766664,22.58251062021174
00-0036442,2021_08_CIN_NYJ,2021,8,20.26,20.358700652833356,0,2020,18.35759211001221,20.358700652833356
00-0036898,2021_08_LA_HOU,2021,8,20.4,14.154564127245006,0,2020,13.659614479422716,14.154564127245006
00-0036945,2021_08_SF_CHI,2021,8,25.3,12.361954805772417,0,2020,15.103950621408805,12.361954805772417
00-0036971,2021_08_JAX_SEA,2021,8,12.62,14.354427094168075,0,2020,14.513117905987668,14.354427094168075
00-0036972,2021_08_NE_LAC,2021,8,11.68,16.640837334503033,0,2020,16.72798721720209,16.640837334503033
00-0022924,2021_09_CHI_PIT,2021,9,16.2,16.087971539703354,0,2020,14.484730377831148,16.087971539703354
00-0026143,2021_09_ATL_NO,2021,9,28.52,16.698359030107937,0,2020,15.853906109648596,16.698359030107937
00-0026300,2021_09_NYJ_IND,2021,9,24.48,8.014428024173881,0,2020,8.341449904857523,8.014428024173881
00-0026498,2021_09_TEN_LA,2021,9,13.06,23.508345459114405,0,2020,20.7996497013115,23.508345459114405
00-0028118,2021_09_HOU_MIA,2021,9,5.9,14.711796382396576,0,2020,15.75270576984894,14.711796382396576
00-0029604,2021_09_MIN_BAL,2021,9,21.58,18.690191483525535,0,2020,19.318437697760757,18.690191483525535
00-0029701,2021_09_TEN_LA,2021,9,14.02,17.867258111073156,0,2020,16.936302185530238,17.867258111073156
00-0031237,2021_09_DEN_DAL,2021,9,21.86,18.82652909875601,0,2020,16.832895901934855,18.82652909875601
00-0031280,2021_09_LV_NYG,2021,9,10.34,18.555020271723237,0,2020,17.165823166461443,18.555020271723237
00-0031345,2021_09_ARI_SF,2021,9,19.34,16.324068590858992,0,2020,15.101152441862045,16.324068590858992
00-0032156,2021_09_ATL_NO,2021,9,15.96,11.19427029051587,0,2020,10.307689901872354,11.19427029051587
00-0032950,2021_09_NYJ_IND,2021,9,24.180000000000003,18.811245100665072,0,2020,18.193648760040517,18.811245100665072
00-0033077,2021_09_DEN_DAL,2021,9,18.880000000000003,19.818877251442633,0,2020,19.596208975974218,19.818877251442633
00-0033119,2021_09_HOU_MIA,2021,9,8.459999999999999,16.53664670986186,0,2020,15.867398131262862,16.53664670986186
00-0033873,2021_09_GB_KC,2021,9,10.44,21.907609363947874,0,2020,20.598714903651715,21.907609363947874
00-0034401,2021_09_NYJ_IND,2021,9,7.800000000000001,11.18809307334648,0,2020,13.348109718660858,11.18809307334648
00-0034796,2021_09_MIN_BAL,2021,9,30.64,22.6832455470082,0,2020,22.419799544854452,22.6832455470082
00-0034855,2021_09_CLE_CIN,2021,9,16.72,16.871443725592947,0,2020,16.692303356332417,16.871443725592947
00-0034857,2021_09_BUF_JAX,2021,9,9.56,22.772255346359017,0,2020,22.846846566362853,22.772255346359017
00-0034869,2021_09_NE_CAR,2021,9,1.7799999999999998,14.161325471843412,0,2020,15.467600006409652,14.161325471843412
00-0035710,2021_09_LV_NYG,2021,9,8.100000000000001,16.63677688737148,0,2020,17.32090757674274,16.63677688737148
00-0036355,2021_09_LAC_PHI,2021,9,31.64,18.28656839162676,0,2020,17.91425240532962,18.28656839162676
00-0036389,2021_09_LAC_PHI,2021,9,16.68,18.563798362356945,0,2020,18.85488559412439,18.563798362356945
00-0036442,2021_09_CLE_CIN,2021,9,7.379999999999999,17.114257974091544,0,2020,17.245216011916703,17.114257974091544
00-0036945,2021_09_CHI_PIT,2021,9,18.14,14.374606590239248,0,2020,14.906663915431372,14.374606590239248
00-0036971,2021_09_BUF_JAX,2021,9,5.12,13.206218895747115,0,2020,13.44573636909906,13.206218895747115
00-0036972,2021_09_NE_CAR,2021,9,5.960000000000001,15.822495798493556,0,2020,15.9884728063109,15.822495798493556
00-0019596,2021_10_TB_WAS,2021,10,13.0,20.60306264101916,0,2020,19.85788512353234,20.60306264101916
00-0023459,2021_10_SEA_GB,2021,10,10.48,16.546727196151704,0,2020,18.314425335022246,16.546727196151704
00-0026143,2021_10_ATL_DAL,2021,10,0.6799999999999997,16.72895591072011,0,2020,17.33687971610316,16.72895591072011
00-0026498,2021_10_LA_SF,2021,10,9.82,19.363380167318105,0,2020,19.95318768650309,19.363380167318105
00-0027688,2021_10_CAR_ARI,2021,10,0.1800000000000001,15.085679940507225,0,2020,15.104200698249413,15.085679940507225
00-0028986,2021_10_CLE_NE,2021,10,3.24,8.571929931795262,0,2020,10.46177944414909,8.571929931795262
00-0029263,2021_10_SEA_GB,2021,10,5.640000000000001,16.653070410096177,0,2020,17.113628879864304,16.653070410096177
00-0029604,2021_10_MIN_LAC,2021,10,17.459999999999997,19.559319642377677,0,2020,19.38869419030409,19.559319642377677
00-0029701,2021_10_NO_TEN,2021,10,18.619999999999997,18.79405097930434,0,2020,17.182904456589316,18.79405097930434
00-0031237,2021_10_PHI_DEN,2021,10,9.04,16.92103358186279,0,2020,16.584605477743764,16.92103358186279
00-0031280,2021_10_KC_LV,2021,10,18.24,16.538095266166806,0,2020,17.12559844465116,16.538095266166806
00-0031345,2021_10_LA_SF,2021,10,15.38,14.535561464953611,0,2020,15.440624715574724,14.535561464953611
00-0031800,2021_10_TB_WAS,2021,10,15.74,15.859381987697573,0,2020,16.83630431681364,15.859381987697573
00-0032156,2021_10_NO_TEN,2021,10,19.92,11.164535849977904,0,2020,10.943125723664584,11.164535849977904
00-0032950,2021_10_JAX_IND,2021,10,7.1000000000000005,20.94288026485317,0,2020,19.209482264207423,20.94288026485317
00-0033077,2021_10_ATL_DAL,2021,10,26.34,22.461328382676975,0,2020,20.3905102101656,22.461328382676975
00-0033106,2021_10_DET_PIT,2021,10,4.5600000000000005,16.600072923705696,0,2020,14.366788320620648,16.600072923705696
00-0033119,2021_10_BAL_MIA,2021,10,6.640000000000001,17.787141625124267,0,2020,15.786572396587855,17.787141625124267
00-0033275,2021_10_CAR_ARI,2021,10,5.279999999999999,8.184089433016588,0,2020,9.224641056000609,8.184089433016588
00-0033662,2021_10_ATL_DAL,2021,10,0.0799999999999999,11.99753479205074,0,2020,13.199766628431124,11.99753479205074
00-0033873,2021_10_KC_LV,2021,10,36.24,24.11075102030457,0,2020,21.96103635036383,24.11075102030457
00-0034401,2021_10_BUF_NYJ,2021,10,2.040000000000001,11.65837817919254,0,2020,11.979870490769551,11.65837817919254
00-0034796,2021_10_BAL_MIA,2021,10,15.42,20.709628172263276,0,2020,21.1222589710196,20.709628172263276
00-0034855,2021_10_CLE_NE,2021,10,4.92,17.473121199681966,0,2020,15.378671669550023,17.473121199681966
00-0034857,2021_10_BUF_NYJ,2021,10,20.94,20.208484707803063,0,2020,21.322285654654657,20.208484707803063
00-0036212,2021_10_BAL_MIA,2021,10,12.32,14.798873239879024,0,2020,15.839299717680364,14.798873239879024
00-0036355,2021_10_MIN_LAC,2021,10,12.0,21.467088768256335,0,2020,19.157395785143898,21.467088768256335
00-0036389,2021_10_PHI_DEN,2021,10,18.62,19.25598619419692,0,2020,18.48294207180298,19.25598619419692
00-0036971,2021_10_JAX_IND,2021,10,9.78,15.140881450582844,0,2020,14.764629260093402,15.140881450582844
00-0036972,2021_10_CLE_NE,2021,10,19.92,19.125701673607654,0,2020,16.93746022453569,19.125701673607654
00-0019596,2021_11_NYG_TB,2021,11,19.28,19.52554981887018,0,2020,19.061572113629925,19.52554981887018
00-0022924,2021_11_PIT_LAC,2021,11,22.92,15.234377444913846,0,2020,15.19221271888108,15.234377444913846
00-0023459,2021_11_GB_MIN,2021,11,33.5,18.267143478353383,0,2020,18.65067933687134,18.267143478353383
00-0026143,2021_11_NE_ATL,2021,11,2.12,16.091547886148007,0,2020,15.288450654456677,16.091547886148007
00-0027688,2021_11_ARI_SEA,2021,11,22.92,12.302618685684646,0,2020,12.428005629547036,12.302618685684646
00-0027973,2021_11_BAL_CHI,2021,11,16.04,10.3722716843542,0,2020,12.736760893697776,10.3722716843542
00-0028118,2021_11_HOU_TEN,2021,11,19.08,11.377988437020395,0,2020,14.588743638315544,11.377988437020395
00-0029263,2021_11_ARI_SEA,2021,11,8.479999999999999,16.34198593838998,0,2020,16.953669493802185,16.34198593838998
00-0029604,2021_11_GB_MIN,2021,11,25.24,17.655741502307446,0,2020,18.489584290860872,17.655741502307446
00-0029701,2021_11_HOU_TEN,2021,11,9.220000000000002,19.406660006675818,0,2020,18.957782521733055,19.406660006675818
00-0031280,2021_11_CIN_LV,2021,11,8.6,17.712655473565484,0,2020,17.200691586093228,17.712655473565484
00-0031345,2021_11_SF_JAX,2021,11,15.64,16.44056442536928,0,2020,16.493762234606518,16.44056442536928
00-0031800,2021_11_WAS_CAR,2021,11,23.14,16.333687588112493,0,2020,15.938402479880246,16.333687588112493
00-0032156,2021_11_NO_PHI,2021,11,24.160000000000004,12.181774473667584,0,2020,11.950865013332333,12.181774473667584
00-0032950,2021_11_IND_BUF,2021,11,10.04,15.160554610991824,0,2020,15.223099568853126,15.160554610991824
00-0033077,2021_11_DAL_KC,2021,11,2.640000000000001,20.96264340829705,0,2020,20.003449414676936,20.96264340829705
00-0033873,2021_11_DAL_KC,2021,11,7.5,22.405833418091,0,2020,21.807419309476373,22.405833418091
00-0034855,2021_11_DET_CLE,2021,11,7.94,16.84043769482326,0,2020,17.065490429593204,16.84043769482326
00-0034857,2021_11_IND_BUF,2021,11,16.16,22.06192310101972,0,2020,22.877625017642945,22.06192310101972
00-0035710,2021_11_NYG_TB,2021,11,7.68,14.94352899189251,0,2020,16.888759444247892,14.94352899189251
00-0036212,2021_11_MIA_NYJ,2021,11,17.520000000000003,16.58977295852759,0,2020,16.070207359833294,16.58977295852759
00-0036264,2021_11_GB_MIN,2021,11,-0.1,13.56457457718795,0,2020,13.185014723776552,13.56457457718795
00-0036355,2021_11_PIT_LAC,2021,11,34.28,17.42493345876533,0,2020,18.2226185535878,17.42493345876533
00-0036389,2021_11_NO_PHI,2021,11,30.78,20.51654614142636,0,2020,19.55468681432282,20.51654614142636
00-0036442,2021_11_CIN_LV,2021,11,9.02,17.372654943059,0,2020,17.319659003455975,17.372654943059
00-0036945,2021_11_BAL_CHI,2021,11,3.460000000000001,15.06556401711802,0,2020,14.860029245310844,15.06556401711802
00-0036971,2021_11_SF_JAX,2021,11,8.620000000000001,13.963526666160758,0,2020,14.576256184678051,13.963526666160758
00-0036972,2021_11_NE_ATL,2021,11,10.38,16.365017468017886,0,2020,16.188848549701948,16.365017468017886
00-0037012,2021_11_SF_JAX,2021,11,0.4,12.952302005710653,0,2020,15.932056390795935,12.952302005710653
00-0019596,2021_12_TB_IND,2021,12,11.24,20.065434355292965,0,2020,20.856134058708992,20.065434355292965
00-0022924,2021_12_PIT_CIN,2021,12,8.52,16.434393588153746,0,2020,15.766606149056749,16.434393588153746
00-0023459,2021_12_LA_GB,2021,12,26.28,20.0881393892613,0,2020,20.12900961789451,20.0881393892613
00-0026143,2021_12_ATL_JAX,2021,12,10.2,19.528134569497308,0,2020,16.747021056749027,19.528134569497308
00-0026300,2021_12_NYJ_HOU,2021,12,2.0,11.900875206203258,0,2020,11.972160149316192,11.900875206203258
00-0026498,2021_12_LA_GB,2021,12,21.979999999999997,18.286136200438197,0,2020,17.545496007402033,18.286136200438197
00-0027939,2021_12_CAR_MIA,2021,12,6.18,16.50857531399729,0,2020,17.52151627452969,16.50857531399729
00-0027973,2021_12_CHI_DET,2021,12,15.78,14.521117316523265,0,2020,12.57539291339424,14.521117316523265
00-0028118,2021_12_NYJ_HOU,2021,12,15.32,15.80793105999753,0,2020,16.252888289809487,15.80793105999753
00-0029263,2021_12_SEA_WAS,2021,12,19.480000000000004,19.06503649088966,0,2020,18.218709307839575,19.06503649088966
00-0029604,2021_12_MIN_SF,2021,12,15.52,20.799887332628327,0,2020,20.11574147158124,20.799887332628327
00-0029701,2021_12_TEN_NE,2021,12,8.120000000000001,17.293234977672633,0,2020,16.640273078994113,17.293234977672633
00-0031237,2021_12_LAC_DEN,2021,12,16.16,12.792660841309496,0,2020,14.29970082383246,12.792660841309496
00-0031280,2021_12_LV_DAL,2021,12,21.020000000000003,17.877667333172134,0,2020,16.653432844259896,17.877667333172134
00-0031345,2021_12_MIN_SF,2021,12,11.2,13.88091248867028,0,2020,14.99894429815088,13.88091248867028
00-0031800,2021_12_SEA_WAS,2021,12,11.22,15.894100943351354,0,2020,17.33804192199954,15.894100943351354
00-0032156,2021_12_BUF_NO,2021,12,8.82,12.640464061634322,0,2020,12.74150317887473,12.640464061634322
00-0032950,2021_12_TB_IND,2021,12,20.340000000000003,18.497707646799007,0,2020,16.441212585457688,18.497707646799007
00-0033077,2021_12_LV_DAL,2021,12,25.3,21.400521478208685,0,2020,19.63588729568965,21.400521478208685
00-0033106,2021_12_CHI_DET,2021,12,12.84,15.229355574990969,0,2020,14.941494688148625,15.229355574990969
00-0033275,2021_12_CAR_MIA,2021,12,1.48,7.784686021191512,0,2020,8.321269134320893,7.784686021191512
00-0034796,2021_12_CLE_BAL,2021,12,9.400000000000002,22.118520083385583,0,2020,21.719293474334616,22.118520083385583
00-0034855,2021_12_CLE_BAL,2021,12,12.28,17.558167241276795,0,2020,15.208649577935285,17.558167241276795
00-0034857,2021_12_BUF_NO,2021,12,26.7,19.53630732689214,0,2020,21.318701134628867,19.53630732689214
00-0035704,2021_12_LAC_DEN,2021,12,-0.96,6.424035625569202,0,2020,7.524645067071296,6.424035625569202
00-0035710,2021_12_PHI_NYG,2021,12,15.08,17.81055079411347,0,2020,16.887640873975453,17.81055079411347
00-0036212,2021_12_CAR_MIA,2021,12,13.2,13.70535110406776,0,2020,13.858283385500773,13.70535110406776
00-0036355,2021_12_LAC_DEN,2021,12,19.72,17.611171734920248,0,2020,18.40640650681166,17.611171734920248
00-0036389,2021_12_PHI_NYG,2021,12,6.86,21.683086929098145,0,2020,20.866887793441244,21.683086929098145
00-0036442,2021_12_PIT_CIN,2021,12,16.400000000000002,15.759208745772318,0,2020,15.23419203288782,15.759208745772318
00-0036971,2021_12_ATL_JAX,2021,12,17.020000000000003,14.551671253593002,0,2020,14.94462197977652,14.551671253593002
00-0036972,2021_12_TEN_NE,2021,12,21.5,17.660929348154706,0,2020,15.72479067173088,17.660929348154706
00-0037013,2021_12_NYJ_HOU,2021,12,10.1,14.749972178488576,0,2020,13.265956695334694,14.749972178488576
00-0019596,2021_13_TB_ATL,2021,13,28.619999999999997,20.10217061664182,0,2020,19.948502079568662,20.10217061664182
00-0022924,2021_13_BAL_PIT,2021,13,19.339999999999996,17.18464200113899,0,2020,15.740410071562248,17.18464200113899
00-0026143,2021_13_TB_ATL,2021,13,12.08,16.717749164972727,0,2020,15.605089762387992,16.717749164972727
00-0026498,2021_13_JAX_LA,2021,13,24.0,21.162416771510284,0,2020,18.9218088613775,21.162416771510284
00-0027973,2021_13_ARI_CHI,2021,13,11.76,15.581076358138692,0,2020,12.71373634097936,15.581076358138692
00-0028118,2021_13_IND_HOU,2021,13,1.3,16.265732020460742,0,2020,15.490907045572984,16.265732020460742
00-0029263,2021_13_SF_SEA,2021,13,16.740000000000002,18.62977060925512,0,2020,18.140178614712077,18.62977060925512
00-0029604,2021_13_MIN_DET,2021,13,20.200000000000003,20.66624798750225,0,2020,18.907028916512857,20.66624798750225
00-0030520,2021_13_NYG_MIA,2021,13,5.48,8.431226111181024,0,2020,10.064363708696645,8.431226111181024
00-0031237,2021_13_DEN_KC,2021,13,11.98,14.08819974124891,0,2020,14.474749024936798,14.08819974124891
00-0031280,2021_13_WAS_LV,2021,13,12.36,17.450965384537724,0,2020,16.848128054145,17.450965384537724
00-0031345,2021_13_SF_SEA,2021,13,15.96,15.257928690325164,0,2020,14.230084954206644,15.257928690325164
00-0031800,2021_13_WAS_LV,2021,13,14.84,16.39224762092991,0,2020,17.532895327034666,16.39224762092991
00-0032950,2021_13_IND_HOU,2021,13,11.12,18.21715611201241,0,2020,17.335175235950548,18.21715611201241
00-0033077,2021_13_DAL_NO,2021,13,11.22,20.249808675307733,0,2020,19.84303137369777,20.249808675307733
00-0033106,2021_13_MIN_DET,2021,13,19.94,16.328951152772078,0,2020,16.023758906118143,16.328951152772078
00-0033873,2021_13_DEN_KC,2021,13,12.56,20.415315889280812,0,2020,19.718470896200603,20.415315889280812
00-0034796,2021_13_BAL_PIT,2021,13,17.62,21.593620065420797,0,2020,19.908637762308455,21.593620065420797
00-0034857,2021_13_NE_BUF,2021,13,11.7,18.6075476343411,0,2020,18.818986257814796,18.6075476343411
00-0035228,2021_13_ARI_CHI,2021,13,30.82,20.25762689654664,0,2020,19.295367826246544,20.25762689654664
00-0036212,2021_13_NYG_MIA,2021,13,17.86,16.313721607507322,0,2020,16.022675211371023,16.313721607507322
00-0036355,2021_13_LAC_CIN,2021,13,25.28,17.743567911615017,0,2020,19.94824581371834,17.743567911615017
00-0036442,2021_13_LAC_CIN,2021,13,16.6,16.136925019981188,0,2020,16.348109737884222,16.136925019981188
00-0036898,2021_13_IND_HOU,2021,13,3.06,11.445722698083328,0,2020,13.289462722376047,11.445722698083328
00-0036971,2021_13_JAX_LA,2021,13,6.8,14.627055981520895,0,2020,14.43918583793658,14.627055981520895
00-0036972,2021_13_NE_BUF,2021,13,0.4599999999999999,13.21169986920832,0,2020,14.080004852902778,13.21169986920832
00-0037013,2021_13_PHI_NYJ,2021,13,21.04,16.43126828644117,0,2020,14.96559979758312,16.43126828644117
00-0019596,2021_14_BUF_TB,2021,14,30.12,17.32958171472604,0,2020,17.527930190709895,17.32958171472604
00-0022924,2021_14_PIT_MIN,2021,14,24.82,16.37852535121079,0,2020,15.423522535585912,16.37852535121079
00-0023459,2021_14_CHI_GB,2021,14,29.64,20.44403174416264,0,2020,20.026511661154625,20.44403174416264
00-0026143,2021_14_ATL_CAR,2021,14,11.900000000000002,13.537388736885696,0,2020,14.079484047552173,13.537388736885696
00-0026498,2021_14_LA_ARI,2021,14,23.48,20.6093194843234,0,2020,19.84692741769989,20.6093194843234
00-0027939,2021_14_ATL_CAR,2021,14,13.82,11.442354216723375,0,2020,12.874865875413134,11.442354216723375
00-0029263,2021_14_SEA_HOU,2021,14,21.2,17.490824315697076,0,2020,17.09245481196561,17.490824315697076
00-0029604,2021_14_PIT_MIN,2021,14,14.04,18.86563359094021,0,2020,18.00988095463428,18.86563359094021
00-0029701,2021_14_JAX_TEN,2021,14,16.54,19.896338682303167,0,2020,18.142753768234194,19.896338682303167
00-0030520,2021_14_NYG_LAC,2021,14,18.34,9.842025398118327,0,2020,11.02258668521307,9.842025398118327
00-0031237,2021_14_DET_DEN,2021,14,15.16,17.142743272536315,0,2020,17.109409787719944,17.142743272536315
00-0031280,2021_14_LV_KC,2021,14,10.52,17.1084540700012,0,2020,16.741168850500838,17.1084540700012
00-0031345,2021_14_SF_CIN,2021,14,20.14,15.897590846481052,0,2020,15.494336842942264,15.897590846481052
00-0031800,2021_14_DAL_WAS,2021,14,7.68,17.006392469814525,0,2020,16.72587270631456,17.006392469814525
00-0033077,2021_14_DAL_WAS,2021,14,9.94,19.715280094211273,0,2020,18.78402552560604,19.715280094211273
00-0033106,2021_14_DET_DEN,2021,14,11.6,15.718150383646032,0,2020,15.107657674521846,15.718150383646032
00-0033275,2021_14_ATL_CAR,2021,14,4.5,7.8858886375420925,0,2020,9.419255618354471,7.8858886375420925
00-0033873,2021_14_LV_KC,2021,14,20.32,21.770760366151144,0,2020,20.89730092586941,21.770760366151144
00-0034796,2021_14_BAL_CLE,2021,14,1.1800000000000002,22.335296512479477,0,2020,20.232209814382323,22.335296512479477
00-0034855,2021_14_BAL_CLE,2021,14,15.000000000000002,14.947205598872063,0,2020,13.778563777372394,14.947205598872063
00-0034857,2021_14_BUF_TB,2021,14,35.22,22.8989731086343,0,2020,22.08629492814135,22.8989731086343
00-0035228,2021_14_LA_ARI,2021,14,17.42,20.47461808290587,0,2020,20.24826269027828,20.47461808290587
00-0035993,2021_14_BAL_CLE,2021,14,15.3,9.049621929160454,0,2020,13.75612873208518,9.049621929160454
00-0036355,2021_14_NYG_LAC,2021,14,24.9,20.535178691592396,0,2020,20.37962855991409,20.535178691592396
00-0036442,2021_14_SF_CIN,2021,14,22.22,17.791771544186275,0,2020,16.967780956700235,17.791771544186275
00-0036898,2021_14_SEA_HOU,2021,14,18.040000000000003,12.74382898698914,0,2020,12.774825706548851,12.74382898698914
00-0036945,2021_14_CHI_GB,2021,14,18.36,10.644529247474468,0,2020,13.4129830396537,10.644529247474468
00-0036971,2021_14_JAX_TEN,2021,14,1.0399999999999998,15.466880732732164,0,2020,16.409124546197702,15.466880732732164
00-0037013,2021_14_NO_NYJ,2021,14,11.38,13.23814546809145,0,2020,15.032282370720212,13.23814546809145
00-0019596,2021_15_NO_TB,2021,15,4.760000000000001,19.361292317218243,0,2020,18.70450595563091,19.361292317218243
00-0022924,2021_15_TEN_PIT,2021,15,11.92,17.278924289834713,0,2020,16.746708607162024,17.278924289834713
00-0023459,2021_15_GB_BAL,2021,15,23.82,21.961224175336227,0,2020,21.103898297944333,21.961224175336227
00-0026143,2021_15_ATL_SF,2021,15,13.44,15.36094468314123,0,2020,15.382800690710036,15.36094468314123
00-0026498,2021_15_SEA_LA,2021,15,15.459999999999996,20.78941146486527,0,2020,18.39134947416197,20.78941146486527
00-0027688,2021_15_ARI_DET,2021,15,2.54,12.173350512120711,0,2020,14.512541988554135,12.173350512120711
00-0027939,2021_15_CAR_BUF,2021,15,23.34,11.544153551323715,0,2020,12.439641519107766,11.544153551323715
00-0029263,2021_15_SEA_LA,2021,15,4.24,17.633536118927946,0,2020,17.11694864363054,17.633536118927946
00-0029604,2021_15_MIN_CHI,2021,15,10.48,18.28428959713676,0,2020,18.381002237961344,18.28428959713676
00-0029701,2021_15_TEN_PIT,2021,15,9.92,16.293870541232668,0,2020,15.83406481425176,16.293870541232668
00-0030520,2021_15_DAL_NYG,2021,15,-2.04,12.306576585839814,0,2020,12.057940654883602,12.306576585839814
00-0031237,2021_15_CIN_DEN,2021,15,4.92,16.44018761823528,0,2020,15.88370709263333,16.44018761823528
00-0031280,2021_15_LV_CLE,2021,15,10.14,16.49026672420136,0,2020,15.665613328031329,16.49026672420136
00-0031345,2021_15_ATL_SF,2021,15,13.8,14.787379761815856,0,2020,16.00162237368258,14.787379761815856
00-0032950,2021_15_NE_IND,2021,15,5.98,15.248794637839628,0,2020,15.084319564277267,15.248794637839628
00-0033077,2021_15_DAL_NYG,2021,15,10.58,20.346885459065177,0,2020,17.848789490750754,20.346885459065177
00-0033106,2021_15_ARI_DET,2021,15,20.64,17.339429268673925,0,2020,16.967487438276223,17.339429268673925
00-0033119,2021_15_NYJ_MIA,2021,15,0.2,10.084604762469215,0,2020,12.302790175156396,10.084604762469215
00-0033873,2021_15_KC_LAC,2021,15,29.6,23.424593349353856,0,2020,21.00045797898616,23.424593349353856
00-0034857,2021_15_CAR_BUF,2021,15,20.799999999999997,19.431234153525864,0,2020,20.01683540731974,19.431234153525864
00-0035228,2021_15_ARI_DET,2021,15,12.58,20.928025633946216,0,2020,20.03617729092355,20.928025633946216
00-0035704,2021_15_CIN_DEN,2021,15,5.319999999999999,6.542950275198635,0,2020,8.716743401652849,6.542950275198635
00-0035993,2021_15_GB_BAL,2021,15,35.900000000000006,10.66140465451998,0,2020,13.137378463156704,10.66140465451998
00-0036212,2021_15_NYJ_MIA,2021,15,13.74,17.785319993272523,0,2020,16.574211806894922,17.785319993272523
00-0036355,2021_15_KC_LAC,2021,15,23.04,22.39825912501909,0,2020,20.995908319022856,22.39825912501909
00-0036389,2021_15_WAS_PHI,2021,15,27.64,20.317880802702376,0,2020,18.185000660959496,20.317880802702376
00-0036442,2021_15_CIN_DEN,2021,15,12.78,16.978005802697066,0,2020,15.73029371536424,16.978005802697066
00-0036898,2021_15_HOU_JAX,2021,15,14.56,13.96226042238114,0,2020,14.190445538920502,13.96226042238114
00-0036945,2021_15_MIN_CHI,2021,15,16.9,14.340767765287511,0,2020,16.46178525698029,14.340767765287511
00-0036971,2021_15_HOU_JAX,2021,15,10.5,15.089552493921063,0,2020,15.509473240895966,15.089552493921063
00-0036972,2021_15_NE_IND,2021,15,17.16,13.574896013551816,0,2020,14.809193992389394,13.574896013551816
00-0037013,2021_15_NYJ_MIA,2021,15,12.0,13.489402316269938,0,2020,14.17446006827016,13.489402316269938
00-0019596,2021_16_TB_CAR,2021,16,14.38,19.59993022275912,0,2020,18.867521781827104,19.59993022275912
00-0022924,2021_16_PIT_KC,2021,16,6.359999999999999,13.861759254000424,0,2020,15.146255415449584,13.861759254000424
00-0023459,2021_16_CLE_GB,2021,16,19.979999999999997,22.95362111027429,0,2020,20.343042877598663,22.95362111027429
00-0026143,2021_16_DET_ATL,2021,16,13.1,17.52896126824398,0,2020,15.644972715060955,17.52896126824398
00-0026300,2021_16_BAL_CIN,2021,16,19.16,9.539811023850834,0,2020,10.18319751180444,9.539811023850834
00-0026498,2021_16_LA_MIN,2021,16,6.679999999999999,19.809954498268024,0,2020,19.285445977715955,19.809954498268024
00-0027939,2021_16_TB_CAR,2021,16,4.640000000000001,12.027961576639331,0,2020,15.525342370507946,12.027961576639331
00-0029263,2021_16_CHI_SEA,2021,16,16.54,19.50079342288505,0,2020,17.37915760668642,19.50079342288505
00-0029604,2021_16_LA_MIN,2021,16,16.3,16.97469601603066,0,2020,17.258605003863636,16.97469601603066
00-0029701,2021_16_SF_TEN,2021,16,14.56,15.43238143573355,0,2020,16.792799760409213,15.43238143573355
00-0030520,2021_16_NYG_PHI,2021,16,6.82,10.655962574026915,0,2020,10.751891942082455,10.655962574026915
00-0031280,2021_16_DEN_LV,2021,16,8.540000000000001,18.04237777495057,0,2020,15.514833841333171,18.04237777495057
00-0031345,2021_16_SF_TEN,2021,16,13.180000000000003,18.955653910734707,0,2020,17.187232784220686,18.955653910734707
00-0031800,2021_16_WAS_DAL,2021,16,4.74,14.681292337718448,0,2020,17.14071324612521,14.681292337718448
00-0032950,2021_16_IND_ARI,2021,16,17.4,17.326121106951803,0,2020,16.49195836478077,17.326121106951803
00-0033077,2021_16_WAS_DAL,2021,16,31.300000000000004,18.271159650985012,0,2020,17.632864138204294,18.271159650985012
00-0033119,2021_16_MIA_NO,2021,16,0.0,10.006607029242415,0,2020,10.872902920681469,10.006607029242415
00-0033662,2021_16_WAS_DAL,2021,16,6.800000000000001,10.181488400406636,0,2020,12.49209120610535,10.181488400406636
00-0033873,2021_16_PIT_KC,2021,16,22.32,20.094745344578577,0,2020,19.164848251334565,20.094745344578577
00-0034177,2021_16_DET_ATL,2021,16,9.48,5.041672154468373,0,2020,8.140805034553752,5.041672154468373
00-0034771,2021_16_PIT_KC,2021,16,3.1000000000000005,8.80909949093801,0,2020,10.674107475103115,8.80909949093801
00-0034855,2021_16_CLE_GB,2021,16,9.980000000000002,12.972897450757587,0,2020,13.807716358783177,12.972897450757587
00-0034857,2021_16_BUF_NE,2021,16,30.96,18.013194607758123,0,2020,19.525690747908456,18.013194607758123
00-0034869,2021_16_TB_CAR,2021,16,8.700000000000001,11.467504258111392,0,2020,12.065678875618351,11.467504258111392
00-0035228,2021_16_IND_ARI,2021,16,21.9,19.91516446133512,0,2020,19.39168325485819,19.91516446133512
00-0035704,2021_16_DEN_LV,2021,16,7.12,10.423647433369036,0,2020,11.808819549841775,10.423647433369036
00-0036212,2021_16_MIA_NO,2021,16,10.02,14.9142855590707,0,2020,15.948340213832331,14.9142855590707
00-0036355,2021_16_LAC_HOU,2021,16,16.939999999999998,19.38436264549019,0,2020,19.602462453464515,19.38436264549019
00-0036389,2021_16_NYG_PHI,2021,16,16.66,21.408068575621716,0,2020,20.036279003160814,21.408068575621716
00-0036442,2021_16_BAL_CIN,2021,16,38.1,15.02025322611391,0,2020,16.170399071322805,15.02025322611391
00-0036898,2021_16_LAC_HOU,2021,16,18.06,14.70838668704736,0,2020,14.326167190386958,14.70838668704736
00-0036971,2021_16_JAX_NYJ,2021,16,12.900000000000002,17.05446477564024,0,2020,16.073841350071426,17.05446477564024
00-0036972,2021_16_BUF_NE,2021,16,5.1,16.257132686327154,0,2020,13.966670386888566,16.257132686327154
00-0037013,2021_16_JAX_NYJ,2021,16,23.18,16.584606393524457,0,2020,15.737926875576646,16.584606393524457
00-0019596,2021_17_TB_NYJ,2021,17,26.4,21.217820464384033,0,2020,20.21027326776651,21.217820464384033
00-0022924,2021_17_CLE_PIT,2021,17,6.82,15.346271979276535,0,2020,15.808934962894938,15.346271979276535
00-0023459,2021_17_MIN_GB,2021,17,20.32,20.547242467200984,0,2020,19.095443324028995,20.547242467200984
00-0026143,2021_17_ATL_BUF,2021,17,6.58,14.621564391362664,0,2020,14.247210339793448,14.621564391362664
00-0026498,2021_17_LA_BAL,2021,17,14.259999999999998,19.21570323217944,0,2020,18.763233161463805,19.21570323217944
00-0027939,2021_17_CAR_NO,2021,17,0.5,10.140537548562492,0,2020,11.955429697826252,10.140537548562492
00-0027973,2021_17_NYG_CHI,2021,17,10.32,13.438634623708523,0,2020,12.504183688607045,13.438634623708523
00-0029263,2021_17_DET_SEA,2021,17,27.839999999999996,17.808962620184957,0,2020,17.07007919287698,17.808962620184957
00-0029701,2021_17_MIA_TEN,2021,17,13.5,15.02418160495736,0,2020,15.909062187209098,15.02418160495736
00-0030520,2021_17_NYG_CHI,2021,17,-5.74,12.013212133586224,0,2020,10.257907517803616,12.013212133586224
00-0031280,2021_17_LV_IND,2021,17,10.2,17.17203033308337,0,2020,15.923315666361807,17.17203033308337
00-0031800,2021_17_PHI_WAS,2021,17,9.28,17.903552261503865,0,2020,17.07388727061187,17.903552261503865
00-0032950,2021_17_LV_IND,2021,17,10.92,17.087689242541025,0,2020,15.155142613672002,17.087689242541025
00-0033077,2021_17_ARI_DAL,2021,17,23.04,19.408174481203673,0,2020,19.435417684764666,19.408174481203673
00-0033873,2021_17_KC_CIN,2021,17,20.86,22.883263395838817,0,2020,20.572946792767787,22.883263395838817
00-0034177,2021_17_DET_SEA,2021,17,15.88,7.2704895629943245,0,2020,8.964505830728244,7.2704895629943245
00-0034855,2021_17_CLE_PIT,2021,17,13.0,16.21372175504043,0,2020,14.656416128792005,16.21372175504043
00-0034857,2021_17_ATL_BUF,2021,17,20.9,23.25767305525469,0,2020,22.181799232430585,23.25767305525469
00-0034869,2021_17_CAR_NO,2021,17,1.9800000000000004,13.296726556133905,0,2020,13.28161181504889,13.296726556133905
00-0035228,2021_17_ARI_DAL,2021,17,22.92,21.734192364121338,0,2020,19.776807938234064,21.734192364121338
00-0035704,2021_17_DEN_LAC,2021,17,15.9,9.332739163793535,0,2020,11.425942023985671,9.332739163793535
00-0035993,2021_17_LA_BAL,2021,17,11.28,16.752741138646922,0,2020,17.076098994571222,16.752741138646922
00-0036212,2021_17_MIA_TEN,2021,17,4.299999999999999,17.18414831020916,0,2020,15.748821569901308,17.18414831020916
00-0036264,2021_17_MIN_GB,2021,17,1.66,11.360845415717288,0,2020,10.68211333201161,11.360845415717288
00-0036355,2021_17_DEN_LAC,2021,17,17.68,19.322982914205543,0,2020,18.909622651473747,19.322982914205543
00-0036389,2021_17_PHI_WAS,2021,17,12.96,20.565069570047484,0,2020,20.367592255807786,20.565069570047484
00-0036442,2021_17_KC_CIN,2021,17,34.84,16.347510030667735,0,2020,17.418149369590473,16.347510030667735
00-0036898,2021_17_HOU_SF,2021,17,8.92,13.013046838093029,0,2020,12.417869704376256,13.013046838093029
00-0036971,2021_17_JAX_NE,2021,17,7.3199999999999985,14.433910746110923,0,2020,14.486358295105951,14.433910746110923
00-0036972,2021_17_JAX_NE,2021,17,22.28,17.036568209791078,0,2020,16.515845647937883,17.036568209791078
00-0037012,2021_17_HOU_SF,2021,17,19.06,12.699105579463875,0,2020,14.911269895529877,12.699105579463875
00-0037013,2021_17_TB_NYJ,2021,17,13.36,12.586818553796608,0,2020,14.385206345669673,12.586818553796608
00-0019596,2021_18_CAR_TB,2021,18,25.04,18.665752180202308,0,2020,18.13648446346573,18.665752180202308
00-0022924,2021_18_PIT_BAL,2021,18,11.36,15.839863901946584,0,2020,15.015770490548542,15.839863901946584
00-0023459,2021_18_GB_DET,2021,18,14.22,21.692774794375303,0,2020,20.61823990798437,21.692774794375303
00-0026143,2021_18_NO_ATL,2021,18,10.84,12.645983941360718,0,2020,14.01866856689094,12.645983941360718
00-0026498,2021_18_SF_LA,2021,18,17.52,17.75369948653887,0,2020,17.21742364491443,17.75369948653887
00-0027973,2021_18_CHI_MIN,2021,18,15.7,13.861978532240393,0,2020,12.256114576379314,13.861978532240393
00-0028986,2021_18_CIN_CLE,2021,18,12.54,5.832785293711075,0,2020,8.216206469944801,5.832785293711075
00-0029263,2021_18_SEA_ARI,2021,18,24.02,19.092580146481907,0,2020,18.080992847120186,19.092580146481907
00-0029604,2021_18_CHI_MIN,2021,18,21.9,19.830561992549047,0,2020,17.532317062352124,19.830561992549047
00-0029701,2021_18_TEN_HOU,2021,18,27.28,17.08892950843533,0,2020,16.883057904404318,17.08892950843533
00-0031280,2021_18_LAC_LV,2021,18,15.340000000000002,18.57976476673508,0,2020,17.086341091888542,18.57976476673508
00-0031345,2021_18_SF_LA,2021,18,12.74,14.570556998825996,0,2020,14.501096228221307,14.570556998825996
00-0031800,2021_18_WAS_NYG,2021,18,5.1,15.829743929567254,0,2020,15.720004592472712,15.829743929567254
00-0032156,2021_18_NO_ATL,2021,18,10.74,14.638034791907396,0,2020,12.989755504362414,14.638034791907396
00-0032950,2021_18_IND_JAX,2021,18,11.1,17.587987393269913,0,2020,15.821163273801233,17.587987393269913
00-0033077,2021_18_DAL_PHI,2021,18,31.8,20.13047093734359,0,2020,18.3490091839948,20.13047093734359
00-0033106,2021_18_GB_DET,2021,18,17.52,13.548133714195838,0,2020,14.97527795200098,13.548133714195838
00-0033662,2021_18_DAL_PHI,2021,18,0.0,11.835948315828386,0,2020,12.785818920791858,11.835948315828386
00-0033873,2021_18_KC_DEN,2021,18,26.200000000000003,19.89155709717886,0,2020,19.046824219688087,19.89155709717886
00-0034177,2021_18_GB_DET,2021,18,-0.1,11.742963242482896,0,2020,10.72242935978253,11.742963242482896
00-0034857,2021_18_NYJ_BUF,2021,18,23.860000000000003,21.863751081719855,0,2020,21.053836981576687,21.863751081719855
00-0034869,2021_18_CAR_TB,2021,18,14.659999999999997,13.080226242524658,0,2020,13.890411136609432,13.080226242524658
00-0035228,2021_18_SEA_ARI,2021,18,17.1,20.16146496640324,0,2020,19.33491640729767,20.16146496640324
00-0035289,2021_18_DAL_PHI,2021,18,14.44,13.853432381533564,0,2020,15.0033628150905,13.853432381533564
00-0035704,2021_18_KC_DEN,2021,18,21.98,11.689309071106043,0,2020,12.42262465855017,11.689309071106043
00-0035993,2021_18_PIT_BAL,2021,18,6.84,11.81913192757568,0,2020,14.254651463585844,11.81913192757568
00-0036197,2021_18_WAS_NYG,2021,18,7.420000000000002,9.50848376211935,0,2020,9.918240912455085,9.50848376211935
00-0036212,2021_18_NE_MIA,2021,18,12.16,16.054953179482183,0,2020,15.058227141723602,16.054953179482183
00-0036264,2021_18_GB_DET,2021,18,7.26,14.016585043620246,0,2020,13.158370820698194,14.016585043620246
00-0036355,2021_18_LAC_LV,2021,18,27.42,21.266980936246497,0,2020,20.622520741124656,21.266980936246497
00-0036898,2021_18_TEN_HOU,2021,18,27.24,17.30730035903147,0,2020,15.366565966641287,17.30730035903147
00-0036971,2021_18_IND_JAX,2021,18,18.62,15.275304565486636,0,2020,15.495942663099756,15.275304565486636
00-0036972,2021_18_NE_MIA,2021,18,10.84,15.828798362259771,0,2020,15.827649738309251,15.828798362259771
00-0037013,2021_18_NYJ_BUF,2021,18,9.88,12.264059056415674,0,2020,14.442629861795997,12.264059056415674
00-0019596,2021_19_PHI_TB,2021,19,18.84,19.108571653659418,0,2020,17.930730669478777,19.108571653659418
00-0022924,2021_19_PIT_KC,2021,19,16.5,16.36447580884941,0,2020,15.538519083717938,16.36447580884941
00-0026498,2021_19_ARI_LA,2021,19,24.28,18.50733294807226,0,2020,18.65948524643477,18.50733294807226
00-0031280,2021_19_LV_CIN,2021,19,14.4,17.283538500717853,0,2020,16.28918057817243,17.283538500717853
00-0031345,2021_19_SF_DAL,2021,19,4.9799999999999995,16.95009010825094,0,2020,16.7457888783002,16.95009010825094
00-0033077,2021_19_SF_DAL,2021,19,20.86,19.91071395239839,0,2020,19.75932924708861,19.91071395239839
00-0033873,2021_19_PIT_KC,2021,19,37.059999999999995,21.695726652611665,0,2020,20.720731823152704,21.695726652611665
00-0034857,2021_19_NE_BUF,2021,19,38.92,21.185383397668257,0,2020,18.885787891171347,21.185383397668257
00-0035228,2021_19_ARI_LA,2021,19,4.08,19.14074594760517,0,2020,18.54814252202539,19.14074594760517
00-0036389,2021_19_PHI_TB,2021,19,16.22,19.084163061952133,0,2020,19.433439509296743,19.084163061952133
00-0036442,2021_19_LV_CIN,2021,19,17.56,20.08706365978889,0,2020,18.83914632958271,20.08706365978889
00-0036972,2021_19_NE_BUF,2021,19,15.080000000000002,15.78198151429262,0,2020,14.443894760156317,15.78198151429262
00-0019596,2021_20_LA_TB,2021,20,13.16,16.6862003932571,0,2020,17.602145742105968,16.6862003932571
00-0023459,2021_20_SF_GB,2021,20,9.0,19.900208267744976,0,2020,18.543057652129676,19.900208267744976
00-0026498,2021_20_LA_TB,2021,20,29.24,17.269710917910608,0,2020,17.154160907858063,17.269710917910608
00-0029701,2021_20_CIN_TEN,2021,20,8.0,16.373930327215586,0,2020,17.004503234813868,16.373930327215586
00-0031345,2021_20_SF_GB,2021,20,3.24,13.845026785470733,0,2020,14.375679531137672,13.845026785470733
00-0033873,2021_20_BUF_KC,2021,20,40.02,21.47160329193192,0,2020,20.556023356829535,21.47160329193192
00-0034857,2021_20_BUF_KC,2021,20,37.96,25.637547562804382,0,2020,22.53474045113545,25.637547562804382
00-0036442,2021_20_CIN_TEN,2021,20,12.42,20.421952469267485,0,2020,18.93499454170608,20.421952469267485
00-0026498,2021_21_SF_LA,2021,21,20.28,17.77152757760886,0,2020,18.3392245000602,17.77152757760886
00-0031345,2021_21_SF_LA,2021,21,15.68,14.692498643623049,0,2020,13.925405053881198,14.692498643623049
00-0033873,2021_21_CIN_KC,2021,21,20.9,24.554717509312223,0,2020,22.707952527406697,24.554717509312223
00-0036442,2021_21_CIN_KC,2021,21,20.5,18.698554625615323,0,2020,18.11604121804795,18.698554625615323
00-0026498,2021_22_LA_CIN,2021,22,19.92,20.089471551865877,0,2020,19.26691934069081,20.089471551865877
00-0036442,2021_22_LA_CIN,2021,22,14.82,17.33604537479651,0,2020,18.049535004605183,17.33604537479651
00-0019596,2022_02_TB_NO,2022,2,9.400000000000002,16.002210143725797,1,2021,14.861852584500944,16.002210143725797
00-0023459,2022_02_CHI_GB,2022,2,16.36,14.343706183901627,1,2021,13.601910161033915,14.343706183901627
00-0026143,2022_02_IND_JAX,2022,2,1.7999999999999998,16.943922794061095,1,2021,15.47934969463583,16.943922794061095
00-0026158,2022_02_NYJ_CLE,2022,2,26.880000000000003,10.942608060233846,1,2021,11.885239037096524,10.942608060233846
00-0026498,2022_02_ATL_LA,2022,2,18.880000000000003,17.246970077073943,1,2021,15.450321907692883,17.246970077073943
00-0029263,2022_02_HOU_DEN,2022,2,11.06,15.503598173408198,1,2021,16.43058749188756,15.503598173408198
00-0029604,2022_02_MIN_PHI,2022,2,8.84,19.356856231620636,1,2021,18.2939730278806,19.356856231620636
00-0029701,2022_02_TEN_BUF,2022,2,0.8799999999999997,15.744298590063488,1,2021,16.045366920325826,15.744298590063488
00-0030565,2022_02_SEA_SF,2022,2,6.08,16.33124173855244,1,2021,15.949518643858127,16.33124173855244
00-0031280,2022_02_ARI_LV,2022,2,18.979999999999997,18.302700560218316,1,2021,15.256199838773911,18.302700560218316
00-0031503,2022_02_TB_NO,2022,2,7.64,18.755231862422164,1,2021,17.591101027493252,18.755231862422164
00-0032268,2022_02_ATL_LA,2022,2,13.44,19.665861141032696,1,2021,17.57929562448816,19.665861141032696
00-0032950,2022_02_WAS_DET,2022,2,27.78,17.181818777808505,1,2021,18.94202812289136,17.181818777808505
00-0033106,2022_02_WAS_DET,2022,2,26.040000000000003,11.786383815032124,1,2021,13.570678461152394,11.786383815032124
00-0033119,2022_02_NYJ_CLE,2022,2,15.46,14.306636491684865,1,2021,14.202054930386238,14.306636491684865
00-0033869,2022_02_NE_PIT,2022,2,11.419999999999998,11.59594158644539,1,2021,12.573534899107592,11.59594158644539
00-0033873,2022_02_LAC_KC,2022,2,17.299999999999997,20.403266687170916,1,2021,19.885977668598493,20.403266687170916
00-0034796,2022_02_MIA_BAL,2022,2,42.62,16.671951386215024,1,2021,16.772242670334396,16.671951386215024
00-0034855,2022_02_CAR_NYG,2022,2,13.3,13.284768396324209,1,2021,15.39219149199513,13.284768396324209
00-0034857,2022_02_TEN_BUF,2022,2,29.68,22.48648248629612,1,2021,21.266982197176,22.48648248629612
00-0035228,2022_02_ARI_LV,2022,2,25.880000000000003,19.51519402169923,1,2021,19.314909067215197,19.51519402169923
00-0035710,2022_02_CAR_NYG,2022,2,13.14,18.056100540553913,1,2021,15.055979302173284,18.056100540553913
00-0036212,2022_02_MIA_BAL,2022,2,38.86000000000001,14.314262155824869,1,2021,14.506534141338456,14.314262155824869
00-0036355,2022_02_LAC_KC,2022,2,23.46,21.31961833125172,1,2021,19.590799773970907,21.31961833125172
00-0036389,2022_02_MIN_PHI,2022,2,33.019999999999996,23.12781680587898,1,2021,20.54919542673086,23.12781680587898
00-0036442,2022_02_CIN_DAL,2022,2,16.560000000000002,16.36378537286746,1,2021,16.583482924831685,16.36378537286746
00-0036898,2022_02_HOU_DEN,2022,2,7.18,13.025902896622323,1,2021,13.519248520184462,13.025902896622323
00-0036945,2022_02_CHI_GB,2022,2,8.8,11.92644569181414,1,2021,13.217199812683354,11.92644569181414
00-0036971,2022_02_IND_JAX,2022,2,18.5,13.041029608007776,1,2021,12.94980610359461,13.041029608007776
00-0036972,2022_02_NE_PIT,2022,2,12.68,12.811465495280231,1,2021,13.399138284107906,12.811465495280231
00-0037012,2022_02_SEA_SF,2022,2,2.5,13.716057501698756,1,2021,13.495296233010649,13.716057501698756
00-0019596,2022_03_GB_TB,2022,3,14.74,12.985615702240525,1,2021,13.071711432818454,12.985615702240525
00-0023459,2022_03_GB_TB,2022,3,16.1,12.379854505023236,1,2021,13.419407810139502,12.379854505023236
00-0026143,2022_03_KC_IND,2022,3,15.28,15.97085712459642,1,2021,14.861309777832966,15.97085712459642
00-0026158,2022_03_CIN_NYJ,2022,3,3.4000000000000004,13.590081567385017,1,2021,15.741729642795018,13.590081567385017
00-0026498,2022_03_LA_ARI,2022,3,10.16,17.256932280357795,1,2021,16.702320821616834,17.256932280357795
00-0029263,2022_03_SF_DEN,2022,3,9.06,11.937460382287904,1,2021,13.568500211131154,11.937460382287904
00-0029604,2022_03_DET_MIN,2022,3,18.299999999999997,18.619750689220428,1,2021,16.660680745269442,18.619750689220428
00-0029701,2022_03_LV_TEN,2022,3,18.76,14.475615665298516,1,2021,13.923021042162349,14.475615665298516
00-0030565,2022_03_ATL_SEA,2022,3,18.9,18.028529720251836,1,2021,16.412745567939936,18.028529720251836
00-0031280,2022_03_LV_TEN,2022,3,19.82,14.510951265149904,1,2021,14.7307983190132,14.510951265149904
00-0031345,2022_03_SF_DEN,2022,3,8.44,14.708395633995094,1,2021,12.041595357545107,14.708395633995094
00-0031503,2022_03_NO_CAR,2022,3,14.62,14.23202443880977,1,2021,14.357068511549128,14.23202443880977
00-0032268,2022_03_ATL_SEA,2022,3,15.560000000000002,14.811857167579074,1,2021,14.480353537608831,14.811857167579074
00-0032950,2022_03_PHI_WAS,2022,3,8.64,17.02020805377011,1,2021,17.91076889598827,17.02020805377011
00-0033106,2022_03_DET_MIN,2022,3,13.88,16.636693344364872,1,2021,15.876372856345482,16.636693344364872
00-0033119,2022_03_PIT_CLE,2022,3,17.900000000000002,14.705927872598782,1,2021,14.653784504438612,14.705927872598782
00-0033662,2022_03_DAL_NYG,2022,3,12.4,11.896451827381968,1,2021,13.132282869680402,11.896451827381968
00-0033869,2022_03_PIT_CLE,2022,3,14.98,12.973091139515857,1,2021,13.762336976947635,12.973091139515857
00-0033873,2022_03_KC_IND,2022,3,17.08,18.980222382853157,1,2021,19.99285535081212,18.980222382853157
00-0034796,2022_03_BAL_NE,2022,3,39.42,19.43929442873234,1,2021,18.473078178329175,19.43929442873234
00-0034855,2022_03_NO_CAR,2022,3,10.7,11.551963279881123,1,2021,13.773060105868996,11.551963279881123
00-0034857,2022_03_BUF_MIA,2022,3,26.7,24.589788852944817,1,2021,23.162434744015258,24.589788852944817
00-0035228,2022_03_LA_ARI,2022,3,13.36,18.34456976902005,1,2021,19.267129222886933,18.34456976902005
00-0035710,2022_03_DAL_NYG,2022,3,13.74,14.43311618985988,1,2021,14.491037365695997,14.43311618985988
00-0036212,2022_03_BUF_MIA,2022,3,11.44,17.6213365284514,1,2021,18.745550457641325,17.6213365284514
00-0036355,2022_03_JAX_LAC,2022,3,12.58,20.068101542696223,1,2021,19.43773581942046,20.068101542696223
00-0036389,2022_03_PHI_WAS,2022,3,27.6,20.80911187024672,1,2021,20.049590511912555,20.80911187024672
00-0036442,2022_03_CIN_NYJ,2022,3,23.0,21.329817549251928,1,2021,18.06102442792231,21.329817549251928
00-0036898,2022_03_HOU_CHI,2022,3,9.8,11.509093490063815,1,2021,12.695742043176294,11.509093490063815
00-0036945,2022_03_HOU_CHI,2022,3,4.94,13.01123636089167,1,2021,13.237867688694305,13.01123636089167
00-0036971,2022_03_JAX_LAC,2022,3,25.18,15.098664742858464,1,2021,15.46076809720846,15.098664742858464
00-0036972,2022_03_BAL_NE,2022,3,15.94,14.012265658214588,1,2021,15.021740105063325,14.012265658214588
00-0019596,2022_04_KC_TB,2022,4,25.4,16.10392748699077,1,2021,14.777153466119918,16.10392748699077
00-0023459,2022_04_NE_GB,2022,4,16.14,13.49344910925724,1,2021,14.22895768760852,13.49344910925724
00-0026143,2022_04_TEN_IND,2022,4,17.840000000000003,17.459200938833874,1,2021,15.481012491170889,17.459200938833874
00-0026498,2022_04_LA_SF,2022,4,6.76,12.087685173097398,1,2021,13.701352484441369,12.087685173097398
00-0029263,2022_04_DEN_LV,2022,4,27.48,18.02963181649064,1,2021,16.465888656739946,18.02963181649064
00-0029604,2022_04_MIN_NO,2022,4,12.92,14.359044759637015,1,2021,15.211460906902778,14.359044759637015
00-0029701,2022_04_TEN_IND,2022,4,14.38,14.168334946314715,1,2021,13.691867131749657,14.168334946314715
00-0030565,2022_04_SEA_DET,2022,4,31.700000000000003,16.548848622494123,1,2021,16.189732090309082,16.548848622494123
00-0031280,2022_04_DEN_LV,2022,4,11.52,14.151811860428648,1,2021,15.384708022749908,14.151811860428648
00-0031345,2022_04_LA_SF,2022,4,13.86,12.077797063478648,1,2021,13.422603257708795,12.077797063478648
00-0032268,2022_04_CLE_ATL,2022,4,3.86,14.578311549098078,1,2021,15.734378156709054,14.578311549098078
00-0032950,2022_04_WAS_DAL,2022,4,7.300000000000001,16.509203916019622,1,2021,17.796694196945513,16.509203916019622
00-0033106,2022_04_SEA_DET,2022,4,33.22,13.018795620852355,1,2021,14.488831616495588,13.018795620852355
00-0033119,2022_04_CLE_ATL,2022,4,14.96,15.54637474342196,1,2021,16.054149741656,15.54637474342196
00-0033662,2022_04_WAS_DAL,2022,4,17.62,12.927577719827616,1,2021,14.300762548252267,12.927577719827616
00-0033869,2022_04_NYJ_PIT,2022,4,1.46,16.723053862243894,1,2021,15.235602088616892,16.723053862243894
00-0033873,2022_04_KC_TB,2022,4,23.36,19.28591011306157,1,2021,19.331836655180503,19.28591011306157
00-0034796,2022_04_BUF_BAL,2022,4,13.06,21.73698160496651,1,2021,21.000588358135545,21.73698160496651
00-0034855,2022_04_ARI_CAR,2022,4,5.879999999999999,12.39837564116814,1,2021,13.51824546840611,12.39837564116814
00-0034857,2022_04_BUF_BAL,2022,4,23.52,19.783802521531484,1,2021,21.15785876865213,19.783802521531484
00-0035228,2022_04_ARI_CAR,2022,4,22.880000000000003,17.879037844931677,1,2021,18.05957776666093,17.879037844931677
00-0035710,2022_04_CHI_NYG,2022,4,21.64,14.750008630992149,1,2021,14.393354066396617,14.750008630992149
00-0036212,2022_04_MIA_CIN,2022,4,2.4000000000000004,18.75462402676673,1,2021,18.023299620730334,18.75462402676673
00-0036355,2022_04_LAC_HOU,2022,4,21.1,17.06117239580311,1,2021,17.04591953511453,17.06117239580311
00-0036389,2022_04_JAX_PHI,2022,4,15.96,20.566941671383685,1,2021,20.18973410427668,20.566941671383685
00-0036442,2022_04_MIA_CIN,2022,4,20.08,18.15020300718685,1,2021,19.123853292888622,18.15020300718685
00-0036898,2022_04_LAC_HOU,2022,4,13.84,14.76266358431972,1,2021,13.964657445832106,14.76266358431972
00-0036945,2022_04_CHI_NYG,2022,4,10.16,13.18052832253072,1,2021,13.711983549458912,13.18052832253072
00-0036971,2022_04_JAX_PHI,2022,4,5.66,16.164095236176326,1,2021,16.223305113173463,16.164095236176326
00-0019596,2022_05_ATL_TB,2022,5,19.74,17.79658756593696,1,2021,16.314319552685692,17.79658756593696
00-0023459,2022_05_NYG_GB,2022,5,16.880000000000003,14.76751795587134,1,2021,15.195263584477836,14.76751795587134
00-0026143,2022_05_IND_DEN,2022,5,6.140000000000001,14.041598157731409,1,2021,13.639317148219314,14.041598157731409
00-0026498,2022_05_DAL_LA,2022,5,10.32,13.66040320749795,1,2021,15.103883976763631,13.66040320749795
00-0027973,2022_05_SEA_NO,2022,5,9.88,14.018535194119965,1,2021,12.352735794876478,14.018535194119965
00-0029263,2022_05_IND_DEN,2022,5,9.16,16.029073960703396,1,2021,16.529419962286656,16.029073960703396
00-0029604,2022_05_CHI_MIN,2022,5,22.24,16.555868597998384,1,2021,16.318724972110253,16.555868597998384
00-0029701,2022_05_TEN_WAS,2022,5,11.54,15.625204566074862,1,2021,14.279137485177747,15.625204566074862
00-0030565,2022_05_SEA_NO,2022,5,24.02,17.721509981700198,1,2021,18.430354641302976,17.721509981700198
00-0031237,2022_05_MIA_NYJ,2022,5,0.0,14.59703206718766,1,2021,12.532964757254032,14.59703206718766
00-0031280,2022_05_LV_KC,2022,5,17.94,15.266016056216015,1,2021,15.019553779387916,15.266016056216015
00-0031345,2022_05_SF_CAR,2022,5,18.02,12.856256537140888,1,2021,14.227383126507451,12.856256537140888
00-0032268,2022_05_ATL_TB,2022,5,17.98,12.716517794197856,1,2021,13.7263155438732,12.716517794197856
00-0032950,2022_05_TEN_WAS,2022,5,21.86,13.696565010937729,1,2021,15.93621642307686,13.696565010937729
00-0033106,2022_05_DET_NE,2022,5,5.86,14.6586124382796,1,2021,16.48059186693468,14.6586124382796
00-0033119,2022_05_LAC_CLE,2022,5,14.400000000000002,15.099701500462505,1,2021,15.294610896635009,15.099701500462505
00-0033662,2022_05_DAL_LA,2022,5,3.98,12.338958196326592,1,2021,13.504938223307123,12.338958196326592
00-0033873,2022_05_LV_KC,2022,5,30.48,23.692949218127264,1,2021,22.021041980979145,23.692949218127264
00-0034796,2022_05_CIN_BAL,2022,5,14.760000000000002,22.21785242967186,1,2021,20.827800878885455,22.21785242967186
00-0034855,2022_05_SF_CAR,2022,5,6.6,10.502791463909029,1,2021,12.040949953937044,10.502791463909029
00-0034857,2022_05_PIT_BUF,2022,5,35.160000000000004,23.36956936772115,1,2021,20.39251208741456,23.36956936772115
00-0035228,2022_05_PHI_ARI,2022,5,16.2,15.550849049845736,1,2021,17.54488461935602,15.550849049845736
00-0035710,2022_05_NYG_GB,2022,5,12.38,13.026910011604148,1,2021,14.51199295485276,13.026910011604148
00-0036355,2022_05_LAC_CLE,2022,5,14.420000000000002,17.609737230150706,1,2021,19.247743496738636,17.609737230150706
00-0036389,2022_05_PHI_ARI,2022,5,27.66,18.62232736243001,1,2021,20.106873633215635,18.62232736243001
00-0036442,2022_05_CIN_BAL,2022,5,17.28,16.549029477689448,1,2021,17.828792652254318,16.549029477689448
00-0036898,2022_05_HOU_JAX,2022,5,5.800000000000001,15.940159670119174,1,2021,13.334133030179627,15.940159670119174
00-0036945,2022_05_CHI_MIN,2022,5,17.02,12.761311051402618,1,2021,12.721738959348624,12.761311051402618
00-0036971,2022_05_HOU_JAX,2022,5,10.34,13.78348006462619,1,2021,13.97729449031558,13.78348006462619
00-0037013,2022_05_MIA_NYJ,2022,5,14.6,11.95342531046498,1,2021,14.4700295346786,11.95342531046498
00-0038102,2022_05_PIT_BUF,2022,5,12.08,12.541090323374666,1,2021,12.95711870815555,12.541090323374666
00-0038108,2022_05_DET_NE,2022,5,10.02,15.5499236584676,1,2021,13.283708068065309,15.5499236584676
00-0019596,2022_06_TB_PIT,2022,6,13.72,15.300415509471868,1,2021,15.984007051031371,15.300415509471868
00-0023459,2022_06_NYJ_GB,2022,6,11.84,17.582963929225546,1,2021,15.862573731385364,17.582963929225546
00-0026143,2022_06_JAX_IND,2022,6,27.160000000000004,14.096065206638675,1,2021,13.376534888405889,14.096065206638675
00-0026498,2022_06_CAR_LA,2022,6,11.82,15.74256290987754,1,2021,15.898047950647356,15.74256290987754
00-0027973,2022_06_CIN_NO,2022,6,10.48,12.922624807300911,1,2021,11.71994444741456,12.922624807300911
00-0029263,2022_06_DEN_LAC,2022,6,13.82,13.38220808006077,1,2021,15.77947531785676,13.38220808006077
00-0029604,2022_06_MIN_MIA,2022,6,16.5,15.019890232826798,1,2021,15.488173871352346,15.019890232826798
00-0030565,2022_06_ARI_SEA,2022,6,12.68,16.48041751640298,1,2021,19.201480250011446,16.48041751640298
00-0031237,2022_06_MIN_MIA,2022,6,18.16,14.288369546204096,1,2021,12.44150186055336,14.288369546204096
00-0031345,2022_06_SF_ATL,2022,6,16.94,13.992574835935589,1,2021,15.02785181271447,13.992574835935589
00-0032268,2022_06_SF_ATL,2022,6,24.16,12.830068979645455,1,2021,13.835633621355246,12.830068979645455
00-0032950,2022_06_WAS_CHI,2022,6,4.16,14.448993644082636,1,2021,14.955848025893816,14.448993644082636
00-0033119,2022_06_NE_CLE,2022,6,8.64,14.645858836488776,1,2021,14.8065418821966,14.645858836488776
00-0033275,2022_06_CAR_LA,2022,6,2.3,7.945984657167339,1,2021,10.934226658880466,7.945984657167339
00-0033662,2022_06_DAL_PHI,2022,6,5.24,11.509214384224297,1,2021,12.36074127361304,11.509214384224297
00-0033869,2022_06_TB_PIT,2022,6,10.26,10.707758637890034,1,2021,11.203453436246583,10.707758637890034
00-0033873,2022_06_BUF_KC,2022,6,19.62,23.353327653393144,1,2021,22.569287454603707,23.353327653393144
00-0034796,2022_06_BAL_NYG,2022,6,16.1,21.890989305099932,1,2021,20.539751031823755,21.890989305099932
00-0034857,2022_06_BUF_KC,2022,6,26.36,22.098975995221107,1,2021,22.903093139416164,22.098975995221107
00-0035228,2022_06_ARI_SEA,2022,6,14.880000000000004,14.435780120613742,1,2021,16.181127547916343,14.435780120613742
00-0035710,2022_06_BAL_NYG,2022,6,13.52,14.270389718971778,1,2021,15.099399123798175,14.270389718971778
00-0036355,2022_06_DEN_LAC,2022,6,8.42,16.69333909195499,1,2021,17.024849785935434,16.69333909195499
00-0036389,2022_06_DAL_PHI,2022,6,16.9,20.479177325822985,1,2021,20.136019494998173,20.479177325822985
00-0036442,2022_06_CIN_NO,2022,6,32.5,17.15065814242142,1,2021,17.707446209515325,17.15065814242142
00-0036945,2022_06_WAS_CHI,2022,6,18.4,14.510356511487874,1,2021,14.504288670713148,14.510356511487874
00-0036971,2022_06_JAX_IND,2022,6,24.9,11.278696297614728,1,2021,13.840331280985918,11.278696297614728
00-0037013,2022_06_NYJ_GB,2022,6,4.5,13.570420062844777,1,2021,13.871591560996606,13.570420062844777
00-0037327,2022_06_MIN_MIA,2022,6,4.46,12.111451478985709,1,2021,11.793425811980915,12.111451478985709
00-0038102,2022_06_TB_PIT,2022,6,8.28,10.163320046092384,1,2021,11.423035789582372,10.163320046092384
00-0038108,2022_06_NE_CLE,2022,6,18.36,14.64280713650456,1,2021,13.87657949756916,14.64280713650456
00-0019596,2022_07_TB_CAR,2022,7,11.7,13.69464559132515,1,2021,15.908776812543843,13.69464559132515
00-0023459,2022_07_GB_WAS,2022,7,15.76,14.501032383773248,1,2021,14.766518132406343,14.501032383773248
00-0026143,2022_07_IND_TEN,2022,7,9.92,14.73473753255452,1,2021,14.81910860331064,14.73473753255452
00-0027973,2022_07_NO_ARI,2022,7,26.54,13.761376373759278,1,2021,12.21861183578863,13.761376373759278
00-0029701,2022_07_IND_TEN,2022,7,3.880000000000001,11.88313341633152,1,2021,12.89036504631321,11.88313341633152
00-0030565,2022_07_SEA_LAC,2022,7,13.099999999999998,18.85043534879475,1,2021,18.940348947060347,18.85043534879475
00-0031280,2022_07_HOU_LV,2022,7,13.54,13.247148578241186,1,2021,14.307464717791742,13.247148578241186
00-0031345,2022_07_KC_SF,2022,7,16.32,12.555217060940276,1,2021,13.857339890508555,12.555217060940276
00-0032268,2022_07_ATL_CIN,2022,7,12.06,14.240820041513642,1,2021,15.186042232212833,14.240820041513642
00-0033077,2022_07_DET_DAL,2022,7,12.28,8.668376143501654,1,2021,10.080891306743627,8.668376143501654
00-0033106,2022_07_DET_DAL,2022,7,1.5200000000000014,14.75115065053236,1,2021,14.678900457441983,14.75115065053236
00-0033119,2022_07_CLE_BAL,2022,7,10.12,12.700828116868196,1,2021,13.14099157670474,12.700828116868196
00-0033275,2022_07_TB_CAR,2022,7,15.08,9.194628794063656,1,2021,9.92713577100846,9.194628794063656
00-0033873,2022_07_KC_SF,2022,7,26.92,20.233677582544715,1,2021,21.22607210549265,20.233677582544715
00-0034796,2022_07_CLE_BAL,2022,7,10.7,24.00934103590377,1,2021,21.295787378855714,24.00934103590377
00-0035228,2022_07_NO_ARI,2022,7,17.16,15.006746899951937,1,2021,16.771280573650007,15.006746899951937
00-0035710,2022_07_NYG_JAX,2022,7,28.78,16.23129186242101,1,2021,15.573249641096348,16.23129186242101
00-0036212,2022_07_PIT_MIA,2022,7,15.94,14.17468988702866,1,2021,13.395116574195129,14.17468988702866
00-0036355,2022_07_SEA_LAC,2022,7,18.119999999999997,16.62893027963823,1,2021,16.895410827927538,16.62893027963823
00-0036442,2022_07_ATL_CIN,2022,7,39.24,18.734523544775133,1,2021,19.290961764330692,18.734523544775133
00-0036898,2022_07_HOU_LV,2022,7,18.08,12.397786996356862,1,2021,11.63469782971426,12.397786996356862
00-0036945,2022_07_CHI_NE,2022,7,23.36,11.707224968911786,1,2021,12.764315269215665,11.707224968911786
00-0036971,2022_07_NYG_JAX,2022,7,18.700000000000003,14.427144359857614,1,2021,15.654385710567762,14.427144359857614
00-0036972,2022_07_CHI_NE,2022,7,0.9200000000000004,13.45572865180441,1,2021,14.896185297819162,13.45572865180441
00-0037013,2022_07_NYJ_DEN,2022,7,7.24,9.259309064439318,1,2021,13.05152041519807,9.259309064439318
00-0038102,2022_07_PIT_MIA,2022,7,10.28,12.533762840097712,1,2021,11.488278847473175,12.533762840097712
00-0038108,2022_07_CHI_NE,2022,7,5.300000000000001,14.005156716032491,1,2021,15.477390162609543,14.005156716032491
00-0019596,2022_08_BAL_TB,2022,8,17.1,14.966216382267849,1,2021,15.161877596211763,14.966216382267849
00-0023459,2022_08_GB_BUF,2022,8,15.22,14.498052151981309,1,2021,13.827033175522782,14.498052151981309
00-0026498,2022_08_SF_LA,2022,8,17.380000000000003,12.623385077577812,1,2021,13.342405483141489,12.623385077577812
00-0027973,2022_08_LV_NO,2022,8,17.16,13.31800952680576,1,2021,14.509468000755485,13.31800952680576
00-0029263,2022_08_DEN_JAX,2022,8,13.78,12.524701818318924,1,2021,13.771524708695198,12.524701818318924
00-0029604,2022_08_ARI_MIN,2022,8,23.48,15.733672768202863,1,2021,15.43101149702675,15.733672768202863
00-0030565,2022_08_NYG_SEA,2022,8,19.08,17.711495718806674,1,2021,17.48521405926627,17.711495718806674
00-0031280,2022_08_LV_NO,2022,8,1.94,15.286798013678478,1,2021,14.727004198309812,15.286798013678478
00-0031345,2022_08_SF_LA,2022,8,17.7,11.366788607730555,1,2021,12.836037067577584,11.366788607730555
00-0031800,2022_08_WAS_IND,2022,8,22.06,9.164114537668508,1,2021,9.9092112491586,9.164114537668508
00-0032268,2022_08_CAR_ATL,2022,8,22.42,15.41516704619728,1,2021,14.45747427011065,15.41516704619728
00-0033077,2022_08_CHI_DAL,2022,8,25.4,12.917418821413865,1,2021,12.411903560068763,12.917418821413865
00-0033106,2022_08_MIA_DET,2022,8,18.64,15.805903963394195,1,2021,16.019349381780415,15.805903963394195
00-0033119,2022_08_CIN_CLE,2022,8,20.32,12.987567847551562,1,2021,14.244415450835742,12.987567847551562
00-0033275,2022_08_CAR_ATL,2022,8,16.68,10.754346072216874,1,2021,11.060686329794883,10.754346072216874
00-0034796,2022_08_BAL_TB,2022,8,21.82,21.53987151605229,1,2021,20.06860070679985,21.53987151605229
00-0034857,2022_08_GB_BUF,2022,8,17.619999999999997,20.50256436288515,1,2021,21.068326305227284,20.50256436288515
00-0035228,2022_08_ARI_MIN,2022,8,24.64,13.82212643610585,1,2021,15.59025581669142,13.82212643610585
00-0035710,2022_08_NYG_SEA,2022,8,9.04,13.835009198633388,1,2021,15.554391035778524,13.835009198633388
00-0036212,2022_08_MIA_DET,2022,8,29.18,15.456263543027566,1,2021,14.459589790833917,15.456263543027566
00-0036389,2022_08_PIT_PHI,2022,8,28.4,21.499519096193865,1,2021,19.99596027236486,21.499519096193865
00-0036442,2022_08_CIN_CLE,2022,8,13.48,18.867557944254305,1,2021,19.87133771789535,18.867557944254305
00-0036898,2022_08_TEN_HOU,2022,8,8.88,14.575400630046106,1,2021,14.596915218171311,14.575400630046106
00-0036945,2022_08_CHI_DAL,2022,8,26.04,11.791607094867825,1,2021,13.532702201969194,11.791607094867825
00-0036971,2022_08_DEN_JAX,2022,8,6.82,12.542872844698874,1,2021,13.440586903914305,12.542872844698874
00-0036972,2022_08_NE_NYJ,2022,8,11.66,12.762386565140678,1,2021,13.430275815508129,12.762386565140678
00-0037013,2022_08_NE_NYJ,2022,8,16.400000000000002,10.873830306760912,1,2021,13.233748291479944,10.873830306760912
00-0038102,2022_08_PIT_PHI,2022,8,7.34,13.208178991907836,1,2021,11.334273208160166,13.208178991907836
00-0019596,2022_09_LA_TB,2022,9,15.2,13.365971862574591,1,2021,14.905037088620023,13.365971862574591
00-0023459,2022_09_GB_DET,2022,9,13.64,17.42288670505222,1,2021,15.992077172608973,17.42288670505222
00-0026498,2022_09_LA_TB,2022,9,10.500000000000002,12.341674533721722,1,2021,14.144994652504652,12.341674533721722
00-0027973,2022_09_BAL_NO,2022,9,10.9,12.345237821412647,1,2021,13.86480023270664,12.345237821412647
00-0029604,2022_09_MIN_WAS,2022,9,16.400000000000002,16.26787993504196,1,2021,16.362208610328,16.26787993504196
00-0030565,2022_09_SEA_ARI,2022,9,20.8,15.641974713993822,1,2021,16.8521826752757,15.641974713993822
00-0031280,2022_09_LV_JAX,2022,9,18.36,12.231920016952422,1,2021,13.69643506550058,12.231920016952422
00-0031800,2022_09_MIN_WAS,2022,9,13.66,12.367092895457596,1,2021,12.318975674979722,12.367092895457596
00-0032268,2022_09_LAC_ATL,2022,9,7.56,14.561806280944545,1,2021,15.240432972744474,14.561806280944545
00-0033106,2022_09_GB_DET,2022,9,11.38,14.899225742278372,1,2021,16.105046693127132,14.899225742278372
00-0033275,2022_09_CAR_CIN,2022,9,-3.04,11.537411990291783,1,2021,10.740345974268733,11.537411990291783
00-0033873,2022_09_TEN_KC,2022,9,34.14,22.23411447653141,1,2021,20.848139328000784,22.23411447653141
00-0034796,2022_09_BAL_NO,2022,9,17.520000000000003,22.183235695139835,1,2021,20.029827716981902,22.183235695139835
00-0034855,2022_09_CAR_CIN,2022,9,14.2,9.068941323163022,1,2021,10.05341131210431,9.068941323163022
00-0034857,2022_09_BUF_NYJ,2022,9,24.799999999999997,21.21073012918904,1,2021,22.101815571981938,21.21073012918904
00-0035228,2022_09_SEA_ARI,2022,9,19.0,15.196414912948846,1,2021,16.611265722433018,15.196414912948846
00-0036212,2022_09_MIA_CHI,2022,9,24.08,17.587231080019507,1,2021,17.111055853668873,17.587231080019507
00-0036355,2022_09_LAC_ATL,2022,9,12.1,15.158877138725328,1,2021,15.221582596397536,15.158877138725328
00-0036389,2022_09_PHI_HOU,2022,9,20.02,17.754570442343816,1,2021,19.820108902882826,17.754570442343816
00-0036442,2022_09_CAR_CIN,2022,9,19.14,18.125732169281797,1,2021,18.992481107386933,18.125732169281797
00-0036879,2022_09_IND_NE,2022,9,6.0200000000000005,11.707032937300694,1,2021,11.55826339688968,11.707032937300694
00-0036898,2022_09_PHI_HOU,2022,9,11.96,13.28695714962622,1,2021,13.46786164060285,13.28695714962622
00-0036945,2022_09_MIA_CHI,2022,9,42.72,16.45013613973017,1,2021,16.003671093983744,16.45013613973017
00-0036971,2022_09_LV_JAX,2022,9,16.700000000000003,15.13228453051273,1,2021,15.036332006128696,15.13228453051273
00-0036972,2022_09_IND_NE,2022,9,9.68,14.531028044557273,1,2021,14.538261788247556,14.531028044557273
00-0037013,2022_09_BUF_NYJ,2022,9,10.56,10.40009573817363,1,2021,12.763450593719233,10.40009573817363
00-0038128,2022_09_TEN_KC,2022,9,7.2,10.208182845257156,1,2021,10.828192622441543,10.208182845257156
00-0019596,2022_10_SEA_TB,2022,10,16.02,14.804159057947476,1,2021,15.376704887388746,14.804159057947476
00-0023459,2022_10_DAL_GB,2022,10,19.36,14.49049662762347,1,2021,14.408657406625066,14.49049662762347
00-0026143,2022_10_IND_LV,2022,10,22.68,11.910847272140376,1,2021,13.564601447336884,11.910847272140376
00-0027973,2022_10_NO_PIT,2022,10,7.0600000000000005,11.695908425313888,1,2021,12.815151744849391,11.695908425313888
00-0029263,2022_10_DEN_TEN,2022,10,14.24,11.693934454048296,1,2021,14.404294912514992,11.693934454048296
00-0029604,2022_10_MIN_BUF,2022,10,15.48,14.975910354887642,1,2021,15.775654163452426,14.975910354887642
00-0029701,2022_10_DEN_TEN,2022,10,19.4,11.576243821836256,1,2021,12.63879379015266,11.576243821836256
00-0030565,2022_10_SEA_TB,2022,10,19.2,16.949146595396673,1,2021,17.248589687131307,16.949146595396673
00-0031280,2022_10_IND_LV,2022,10,17.92,13.018877404433423,1,2021,13.26571629299859,13.018877404433423
00-0031345,2022_10_LAC_SF,2022,10,15.9,12.097470051950085,1,2021,12.77305259054002,12.097470051950085
00-0031800,2022_10_WAS_PHI,2022,10,5.4399999999999995,11.094212370897234,1,2021,11.317723237038408,11.094212370897234
00-0032268,2022_10_ATL_CAR,2022,10,17.740000000000002,14.655916856294189,1,2021,14.38931383199408,14.655916856294189
00-0033077,2022_10_DAL_GB,2022,10,19.200000000000003,12.04493085419986,1,2021,11.791422933617287,12.04493085419986
00-0033106,2022_10_DET_CHI,2022,10,14.84,14.63821526958233,1,2021,16.27463454534828,14.63821526958233
00-0033119,2022_10_CLE_MIA,2022,10,16.48,12.83556765187702,1,2021,13.879222925072725,12.83556765187702
00-0033275,2022_10_ATL_CAR,2022,10,5.720000000000001,9.62096925528301,1,2021,9.695783860999562,9.62096925528301
00-0033873,2022_10_JAX_KC,2022,10,31.14,20.309703877568793,1,2021,22.096949438136587,20.309703877568793
00-0034857,2022_10_MIN_BUF,2022,10,19.6,24.97516307115767,1,2021,22.26130708496344,24.97516307115767
00-0035710,2022_10_HOU_NYG,2022,10,18.28,15.02129711700914,1,2021,14.519153051623414,15.02129711700914
00-0036212,2022_10_CLE_MIA,2022,10,23.4,16.753289693444447,1,2021,18.157264604267592,16.753289693444447
00-0036355,2022_10_LAC_SF,2022,10,12.04,16.02137286088899,1,2021,16.78642808673043,16.02137286088899
00-0036389,2022_10_WAS_PHI,2022,10,21.8,20.85987918033087,1,2021,20.780726719446136,20.85987918033087
00-0036898,2022_10_HOU_NYG,2022,10,14.759999999999998,14.420148790154265,1,2021,13.276267680921748,14.420148790154265
00-0036945,2022_10_DET_CHI,2022,10,39.38,18.16182520554819,1,2021,17.876760173269293,18.16182520554819
00-0036971,2022_10_JAX_KC,2022,10,20.96,13.377802174627014,1,2021,15.358839734566644,13.377802174627014
00-0037327,2022_10_CLE_MIA,2022,10,0.68,8.59082130450191,1,2021,8.956264820680559,8.59082130450191
00-0038102,2022_10_NO_PIT,2022,10,19.06,13.154183970849129,1,2021,13.023985074385294,13.154183970849129
00-0038128,2022_10_DEN_TEN,2022,10,-2.4,10.294449250895196,1,2021,10.515064882458006,10.294449250895196
00-0023459,2022_11_TEN_GB,2022,11,19.08,14.220607500948311,1,2021,14.90899801574983,14.220607500948311
00-0026143,2022_11_PHI_IND,2022,11,8.62,11.533442362392334,1,2021,13.286261622234624,11.533442362392334
00-0026498,2022_11_LA_NO,2022,11,14.76,12.02111457099034,1,2021,13.68227546926325,12.02111457099034
00-0027688,2022_11_SF_ARI,2022,11,7.32,10.487506376351208,1,2021,11.664195848562668,10.487506376351208
00-0027973,2022_11_LA_NO,2022,11,22.2,13.009137804187931,1,2021,13.267239935760706,13.009137804187931
00-0029263,2022_11_LV_DEN,2022,11,10.68,14.554072789796622,1,2021,15.770135421299477,14.554072789796622
00-0029604,2022_11_DAL_MIN,2022,11,2.2,16.700953957941024,1,2021,16.75984786166672,16.700953957941024
00-0029701,2022_11_TEN_GB,2022,11,19.02,12.168320249589769,1,2021,12.856443392926687,12.168320249589769
00-0031280,2022_11_LV_DEN,2022,11,20.28,11.342513729863937,1,2021,12.169213698882722,11.342513729863937
00-0031345,2022_11_SF_ARI,2022,11,25.42,14.901609607078116,1,2021,14.929133380724616,14.901609607078116
00-0031800,2022_11_WAS_HOU,2022,11,7.840000000000001,9.85409421868323,1,2021,10.15166461038103,9.85409421868323
00-0032268,2022_11_CHI_ATL,2022,11,17.740000000000002,15.15374800883025,1,2021,14.782064062127915,15.15374800883025
00-0033077,2022_11_DAL_MIN,2022,11,20.64,12.07904402240448,1,2021,12.19757235438002,12.07904402240448
00-0033106,2022_11_DET_NYG,2022,11,6.500000000000001,16.710234331728405,1,2021,16.424561084103686,16.710234331728405
00-0033119,2022_11_CLE_BUF,2022,11,25.86,12.553745015435942,1,2021,14.333243869834508,12.553745015435942
00-0033662,2022_11_DAL_MIN,2022,11,1.24,9.529883164091569,1,2021,10.366846335069244,9.529883164091569
00-0033873,2022_11_KC_LAC,2022,11,27.46,20.142808797794068,1,2021,21.632429719387872,20.142808797794068
00-0034796,2022_11_CAR_BAL,2022,11,15.46,24.323889953254785,1,2021,20.250150849556455,24.323889953254785
00-0034855,2022_11_CAR_BAL,2022,11,5.04,9.164279451883596,1,2021,10.248791399095708,9.164279451883596
00-0034857,2022_11_CLE_BUF,2022,11,12.579999999999998,25.075855423302215,1,2021,22.27028673918384,25.075855423302215
00-0035710,2022_11_DET_NYG,2022,11,24.64,16.117515331093898,1,2021,15.50679764028629,16.117515331093898
00-0036355,2022_11_KC_LAC,2022,11,19.700000000000003,13.644147786337996,1,2021,17.200629644114102,13.644147786337996
00-0036389,2022_11_PHI_IND,2022,11,24.200000000000003,16.946826843615636,1,2021,18.94241110644535,16.946826843615636
00-0036442,2022_11_CIN_PIT,2022,11,26.700000000000003,15.64179861043649,1,2021,17.40302517915327,15.64179861043649
00-0036898,2022_11_WAS_HOU,2022,11,9.76,15.554083864459727,1,2021,14.220136952523038,15.554083864459727
00-0036945,2022_11_CHI_ATL,2022,11,22.62,20.158851655701977,1,2021,17.674174466355083,20.158851655701977
00-0036972,2022_11_NYJ_NE,2022,11,10.14,13.206838097693804,1,2021,13.16409705334975,13.206838097693804
00-0037013,2022_11_NYJ_NE,2022,11,5.68,11.654409696212843,1,2021,13.1620115349044,11.654409696212843
00-0038102,2022_11_CIN_PIT,2022,11,16.0,13.26253397385709,1,2021,13.681658569862826,13.26253397385709
00-0019596,2022_12_TB_CLE,2022,12,18.04,14.324925749861157,1,2021,15.936387343535523,14.324925749861157
00-0023459,2022_12_GB_PHI,2022,12,9.500000000000002,13.025178988018364,1,2021,13.72676477891277,13.025178988018364
00-0026143,2022_12_PIT_IND,2022,12,10.16,10.384794811426326,1,2021,12.839067400165163,10.384794811426326
00-0027973,2022_12_NO_SF,2022,12,10.26,12.174234544748474,1,2021,12.721143696810032,12.174234544748474
00-0029263,2022_12_DEN_CAR,2022,12,8.48,12.611137416394936,1,2021,15.350627908252694,12.611137416394936
00-0029604,2022_12_NE_MIN,2022,12,21.86,15.025775496343783,1,2021,14.04453105351452,15.025775496343783
00-0029701,2022_12_CIN_TEN,2022,12,12.54,13.821512554057508,1,2021,13.55103048703223,13.821512554057508
00-0030565,2022_12_LV_SEA,2022,12,19.32,16.283754186816708,1,2021,17.41229831823713,16.283754186816708
00-0031280,2022_12_LV_SEA,2022,12,20.8,14.051179365888588,1,2021,13.291185630315084,14.051179365888588
00-0031345,2022_12_NO_SF,2022,12,13.28,15.50824818690036,1,2021,15.836889018278058,15.50824818690036
00-0031800,2022_12_ATL_WAS,2022,12,11.42,12.005675854880298,1,2021,10.866184799927254,12.005675854880298
00-0032268,2022_12_ATL_WAS,2022,12,13.86,14.010853207720524,1,2021,14.669108181077176,14.010853207720524
00-0033077,2022_12_NYG_DAL,2022,12,14.839999999999998,12.441274906340784,1,2021,12.51029800637685,12.441274906340784
00-0033106,2022_12_BUF_DET,2022,12,17.6,12.8578661723942,1,2021,14.912093903529874,12.8578661723942
00-0033119,2022_12_TB_CLE,2022,12,13.1,12.549920182765442,1,2021,14.490610842916684,12.549920182765442
00-0033873,2022_12_LA_KC,2022,12,18.4,20.44980365913864,1,2021,20.146767549207745,20.44980365913864
00-0034796,2022_12_BAL_JAX,2022,12,23.06,22.073991710489786,1,2021,20.479978758507,22.073991710489786
00-0034857,2022_12_BUF_DET,2022,12,29.92,27.573644064460133,1,2021,23.378752242165636,27.573644064460133
00-0035228,2022_12_LAC_ARI,2022,12,25.24,16.041346747032854,1,2021,17.03288715315406,16.041346747032854
00-0035710,2022_12_NYG_DAL,2022,12,14.52,14.270700409590686,1,2021,15.239390750220752,14.270700409590686
00-0035939,2022_12_LA_KC,2022,12,8.4,7.446260323630589,1,2021,10.584497017439642,7.446260323630589
00-0036212,2022_12_HOU_MIA,2022,12,15.96,18.29895319291079,1,2021,17.426394023642516,18.29895319291079
00-0036355,2022_12_LAC_ARI,2022,12,28.76,15.039421889110573,1,2021,17.720312096768804,15.039421889110573
00-0036389,2022_12_GB_PHI,2022,12,29.82,20.022108754497197,1,2021,19.63959041478867,20.022108754497197
00-0036442,2022_12_CIN_TEN,2022,12,18.0,17.800598756479936,1,2021,19.206016640604332,17.800598756479936
00-0036971,2022_12_BAL_JAX,2022,12,24.94,13.433362482886372,1,2021,13.239887205415972,13.433362482886372
00-0036972,2022_12_NE_MIN,2022,12,23.28,13.840400845226592,1,2021,13.83681789871254,13.840400845226592
00-0037327,2022_12_HOU_MIA,2022,12,-1.26,8.291682523923178,1,2021,9.476607325488462,8.291682523923178
00-0038102,2022_12_PIT_IND,2022,12,12.16,12.641549946641192,1,2021,13.25345484393688,12.641549946641192
00-0019596,2022_13_NO_TB,2022,13,17.14,14.86592607494764,1,2021,15.61748075057334,14.86592607494764
00-0023459,2022_13_GB_CHI,2022,13,13.68,13.766362777719294,1,2021,14.167029199158636,13.766362777719294
00-0026143,2022_13_IND_DAL,2022,13,9.12,12.230493840416669,1,2021,13.986284029252095,12.230493840416669
00-0027973,2022_13_NO_TB,2022,13,13.26,11.827708803229514,1,2021,12.554094342343111,11.827708803229514
00-0029263,2022_13_DEN_BAL,2022,13,9.66,12.172653407514114,1,2021,14.941664752044469,12.172653407514114
00-0029604,2022_13_NYJ_MIN,2022,13,11.82,15.48500217064176,1,2021,16.142774905842927,15.48500217064176
00-0029701,2022_13_TEN_PHI,2022,13,13.04,13.418281718394663,1,2021,13.152705341816636,13.418281718394663
00-0030565,2022_13_SEA_LA,2022,13,22.98,16.549452090685868,1,2021,16.816751901720842,16.549452090685868
00-0031280,2022_13_LAC_LV,2022,13,16.0,14.82672492956727,1,2021,14.5569260089535,14.82672492956727
00-0031345,2022_13_MIA_SF,2022,13,2.24,13.220918113438794,1,2021,14.71998085273196,13.220918113438794
00-0031800,2022_13_WAS_NYG,2022,13,17.6,9.82766123983931,1,2021,10.537267157779365,9.82766123983931
00-0032268,2022_13_PIT_ATL,2022,13,10.38,14.21164185276698,1,2021,14.288982142701723,14.21164185276698
00-0033077,2022_13_IND_DAL,2022,13,16.8,14.920779700688012,1,2021,15.39536090539334,14.920779700688012
00-0033106,2022_13_JAX_DET,2022,13,21.6,16.49456509251489,1,2021,16.381269689950315,16.49456509251489
00-0033873,2022_13_KC_CIN,2022,13,19.82,19.80008968870039,1,2021,22.093267820477465,19.80008968870039
00-0034401,2022_13_NYJ_MIN,2022,13,17.46,12.650052814989696,1,2021,14.726941810375637,12.650052814989696
00-0034577,2022_13_CLE_HOU,2022,13,6.140000000000001,12.201710574431562,1,2021,12.026467333327137,12.201710574431562
00-0034796,2022_13_DEN_BAL,2022,13,1.34,23.632803739720178,1,2021,19.625307868004302,23.632803739720178
00-0034857,2022_13_BUF_NE,2022,13,16.92,23.544573411113213,1,2021,22.13435973176147,23.544573411113213
00-0034899,2022_13_SEA_LA,2022,13,6.0200000000000005,9.743752091338326,1,2021,9.431474655768604,9.743752091338326
00-0035710,2022_13_WAS_NYG,2022,13,17.1,15.028016140433996,1,2021,14.47191441650452,15.028016140433996
00-0035939,2022_13_SEA_LA,2022,13,0.5,9.86018224300766,1,2021,10.796144470063728,9.86018224300766
00-0036212,2022_13_MIA_SF,2022,13,13.8,17.461975430610043,1,2021,17.073363985212275,17.461975430610043
00-0036355,2022_13_LAC_LV,2022,13,18.1,15.825481241717506,1,2021,18.86939519048973,15.825481241717506
00-0036389,2022_13_TEN_PHI,2022,13,34.400000000000006,20.998519517682773,1,2021,20.45016440157097,20.998519517682773
00-0036442,2022_13_KC_CIN,2022,13,30.04,20.95091619360733,1,2021,20.740955391206217,20.95091619360733
00-0036945,2022_13_GB_CHI,2022,13,19.26,19.80589656618797,1,2021,18.13191462015101,19.80589656618797
00-0036971,2022_13_JAX_DET,2022,13,16.36,14.965985936604667,1,2021,15.715198700697334,14.965985936604667
00-0036972,2022_13_BUF_NE,2022,13,12.5,12.738876831666545,1,2021,14.17734805376984,12.738876831666545
00-0037327,2022_13_MIA_SF,2022,13,-2.0,10.34713540214146,1,2021,10.800257738412846,10.34713540214146
00-0038102,2022_13_PIT_ATL,2022,13,13.28,13.912559630728008,1,2021,14.309205935204254,13.912559630728008
00-0038128,2022_13_TEN_PHI,2022,13,1.44,7.256540873243139,1,2021,9.26307098126781,7.256540873243139
00-0019596,2022_14_TB_SF,2022,14,10.12,14.37726466428452,1,2021,15.423674021609534,14.37726466428452
00-0026158,2022_14_NYJ_BUF,2022,14,-1.96,8.533858027863952,1,2021,10.907696248539596,8.533858027863952
00-0027688,2022_14_NE_ARI,2022,14,10.24,10.062221129472247,1,2021,11.290423543776209,10.062221129472247
00-0029263,2022_14_KC_DEN,2022,14,25.58,14.233169579488283,1,2021,14.1339826231014,14.233169579488283
00-0029604,2022_14_MIN_DET,2022,14,25.0,17.542220389986618,1,2021,16.62500018300219,17.542220389986618
00-0029701,2022_14_JAX_TEN,2022,14,17.76,14.68362045750661,1,2021,14.24737501643989,14.68362045750661
00-0030565,2022_14_CAR_SEA,2022,14,20.56,17.48667615181033,1,2021,18.767535187818712,17.48667615181033
00-0031280,2022_14_LV_LA,2022,14,2.5800000000000005,12.569028294870394,1,2021,13.894561183191602,12.569028294870394
00-0033077,2022_14_HOU_DAL,2022,14,13.66,14.380759265247248,1,2021,15.592164932073873,14.380759265247248
00-0033106,2022_14_MIN_DET,2022,14,26.1,15.355993673099524,1,2021,16.455677612253275,15.355993673099524
00-0033119,2022_14_CLE_CIN,2022,14,0.0,11.056126512897857,1,2021,13.565486847762894,11.056126512897857
00-0033537,2022_14_CLE_CIN,2022,14,16.34,9.60280403991162,1,2021,9.867578823170383,9.60280403991162
00-0033869,2022_14_BAL_PIT,2022,14,9.04,8.567451696588217,1,2021,8.873076382560217,8.567451696588217
00-0033873,2022_14_KC_DEN,2022,14,19.78,19.379872150693316,1,2021,20.80776850091044,19.379872150693316
00-0034401,2022_14_NYJ_BUF,2022,14,10.72,13.080749973771471,1,2021,14.220689762620502,13.080749973771471
00-0034855,2022_14_LV_LA,2022,14,14.2,9.53038659490087,1,2021,10.678820869734633,9.53038659490087
00-0034857,2022_14_NYJ_BUF,2022,14,20.58,25.697153190492344,1,2021,23.19982360057651,25.697153190492344
00-0034869,2022_14_CAR_SEA,2022,14,11.8,13.14272887133458,1,2021,11.614412106705725,13.14272887133458
00-0034955,2022_14_KC_DEN,2022,14,2.6399999999999997,7.032252073691778,1,2021,8.123632330389139,7.032252073691778
00-0035228,2022_14_NE_ARI,2022,14,0.66,15.204015732754671,1,2021,17.688405351399226,15.204015732754671
00-0035710,2022_14_PHI_NYG,2022,14,19.36,14.142962555492538,1,2021,14.955256106536984,14.142962555492538
00-0035993,2022_14_BAL_PIT,2022,14,6.62,10.194920348219616,1,2021,12.14878877709771,10.194920348219616
00-0036212,2022_14_MIA_LAC,2022,14,12.6,19.74737097317779,1,2021,17.56307736519488,19.74737097317779
00-0036355,2022_14_MIA_LAC,2022,14,19.48,17.214077383723502,1,2021,18.82647522978293,17.214077383723502
00-0036389,2022_14_PHI_NYG,2022,14,30.38,18.793274308145055,1,2021,20.426209728780258,18.793274308145055
00-0036442,2022_14_CLE_CIN,2022,14,16.560000000000002,19.398535346056324,1,2021,19.343814283963425,19.398535346056324
00-0036898,2022_14_HOU_DAL,2022,14,5.2,10.707557372286544,1,2021,12.243999647013306,10.707557372286544
00-0036971,2022_14_JAX_TEN,2022,14,33.42,14.221103215579868,1,2021,14.848054494265682,14.221103215579868
00-0036972,2022_14_NE_ARI,2022,14,7.300000000000001,14.3275279875124,1,2021,14.809701923922026,14.3275279875124
00-0037834,2022_14_TB_SF,2022,14,21.700000000000003,9.94835792223919,1,2021,11.771554873861582,9.94835792223919
00-0038102,2022_14_BAL_PIT,2022,14,1.6,12.745343769545103,1,2021,13.546305258961825,12.745343769545103
00-0019596,2022_15_CIN_TB,2022,15,16.580000000000002,14.284606955222609,1,2021,15.576263320316098,14.284606955222609
00-0023459,2022_15_LA_GB,2022,15,10.86,11.63966719426708,1,2021,12.003033758572249,11.63966719426708
00-0026143,2022_15_IND_MIN,2022,15,11.28,11.73659803811084,1,2021,13.150931019936635,11.73659803811084
00-0027688,2022_15_ARI_DEN,2022,15,1.32,9.730762876906317,1,2021,11.1870893026968,9.730762876906317
00-0027973,2022_15_ATL_NO,2022,15,14.14,10.40897378441301,1,2021,13.309526761705843,10.40897378441301
00-0029604,2022_15_IND_MIN,2022,15,32.400000000000006,15.982951096254547,1,2021,16.20466555108982,15.982951096254547
00-0029701,2022_15_TEN_LAC,2022,15,10.7,14.812372197622786,1,2021,14.37574691662734,14.812372197622786
00-0030565,2022_15_SF_SEA,2022,15,15.32,18.85821282332744,1,2021,18.193900520977724,18.85821282332744
00-0031280,2022_15_NE_LV,2022,15,19.24,12.071676075863062,1,2021,13.20499432873134,12.071676075863062
00-0031800,2022_15_NYG_WAS,2022,15,13.260000000000002,10.75557368533665,1,2021,10.131102517761668,10.75557368533665
00-0032436,2022_15_KC_HOU,2022,15,1.12,12.671208482601958,1,2021,12.352614307550311,12.671208482601958
00-0033077,2022_15_DAL_JAX,2022,15,20.24,15.965157543690044,1,2021,15.21494385585347,15.965157543690044
00-0033106,2022_15_DET_NYJ,2022,15,14.08,15.709707183855196,1,2021,16.481514017117522,15.709707183855196
00-0033119,2022_15_BAL_CLE,2022,15,0.3,11.004987098605476,1,2021,13.112143708720351,11.004987098605476
00-0033537,2022_15_BAL_CLE,2022,15,12.64,11.55966834221694,1,2021,10.587519945932534,11.55966834221694
00-0033869,2022_15_PIT_CAR,2022,15,14.06,10.972496093884972,1,2021,11.132586973430872,10.972496093884972
00-0033873,2022_15_KC_HOU,2022,15,32.739999999999995,20.302953174062683,1,2021,20.861783863984737,20.302953174062683
00-0034855,2022_15_LA_GB,2022,15,6.540000000000001,12.156471497666834,1,2021,10.331914350611008,12.156471497666834
00-0034857,2022_15_MIA_BUF,2022,15,35.86,24.773502786732493,1,2021,23.62449669999736,24.773502786732493
00-0034869,2022_15_PIT_CAR,2022,15,13.2,12.928378879422365,1,2021,11.461700944448818,12.928378879422365
00-0034955,2022_15_ARI_DEN,2022,15,7.68,7.398158128421039,1,2021,9.382049004133462,7.398158128421039
00-0035710,2022_15_NYG_WAS,2022,15,9.9,14.450580279752534,1,2021,15.062428683233504,14.450580279752534
00-0035993,2022_15_BAL_CLE,2022,15,5.0200000000000005,12.172707923245236,1,2021,13.627428329010048,12.172707923245236
00-0036212,2022_15_MIA_BUF,2022,15,18.06,15.290386255301478,1,2021,15.786648220042771,15.290386255301478
00-0036355,2022_15_TEN_LAC,2022,15,8.719999999999999,17.081263616715454,1,2021,19.027348317547705,17.081263616715454
00-0036389,2022_15_PHI_CHI,2022,15,34.7,18.990718460362164,1,2021,20.901401448373804,18.990718460362164
00-0036442,2022_15_CIN_TB,2022,15,24.8,19.188835475417747,1,2021,19.48344863319684,19.188835475417747
00-0036898,2022_15_KC_HOU,2022,15,18.94,13.746584782950482,1,2021,12.734502510938729,13.746584782950482
00-0036945,2022_15_PHI_CHI,2022,15,23.58,18.911259995212166,1,2021,18.45728265772291,18.911259995212166
00-0036971,2022_15_DAL_JAX,2022,15,26.82,14.81752103194389,1,2021,16.928324170681826,14.81752103194389
00-0036972,2022_15_NE_LV,2022,15,7.48,14.182337962793149,1,2021,14.530407585805118,14.182337962793149
00-0037013,2022_15_DET_NYJ,2022,15,19.38,11.080684672614268,1,2021,13.90420261353549,11.080684672614268
00-0037834,2022_15_SF_SEA,2022,15,16.48,13.745297584836235,1,2021,12.995616583166344,13.745297584836235
00-0038128,2022_15_TEN_LAC,2022,15,1.6,8.0375890701863,1,2021,9.407808516257711,8.0375890701863
00-0019596,2022_16_TB_ARI,2022,16,11.34,13.719269467439853,1,2021,15.867947610090736,13.719269467439853
00-0023459,2022_16_GB_MIA,2022,16,13.32,13.540901638015848,1,2021,13.72882108582022,13.540901638015848
00-0027973,2022_16_NO_CLE,2022,16,1.58,13.347293212762873,1,2021,12.28343472433173,13.347293212762873
00-0029263,2022_16_DEN_LA,2022,16,8.260000000000002,10.127846544265685,1,2021,12.022420665862116,10.127846544265685
00-0029604,2022_16_NYG_MIN,2022,16,24.16,18.400950162602147,1,2021,18.299361544137184,18.400950162602147
00-0030565,2022_16_SEA_KC,2022,16,12.2,17.308339348524182,1,2021,18.013258940896005,17.308339348524182
00-0031280,2022_16_LV_PIT,2022,16,6.360000000000001,13.00682065230606,1,2021,12.476825941832402,13.00682065230606
00-0031800,2022_16_WAS_SF,2022,16,10.24,11.521518133808543,1,2021,12.505676353306704,11.521518133808543
00-0032436,2022_16_HOU_TEN,2022,16,3.2,10.807275615932914,1,2021,11.539825651290547,10.807275615932914
00-0032950,2022_16_WAS_SF,2022,16,8.92,8.589165324969967,1,2021,9.847397031845794,8.589165324969967
00-0033077,2022_16_PHI_DAL,2022,16,27.980000000000004,13.200976615156566,1,2021,14.999341096064922,13.200976615156566
00-0033106,2022_16_DET_CAR,2022,16,25.700000000000003,16.039629311698,1,2021,16.628813881409332,16.039629311698
00-0033537,2022_16_NO_CLE,2022,16,11.8,13.149214570488525,1,2021,10.97838662062197,13.149214570488525
00-0033873,2022_16_SEA_KC,2022,16,23.76,19.372744873500537,1,2021,20.691454774826266,19.372744873500537
00-0034855,2022_16_DEN_LA,2022,16,17.400000000000002,10.407295911012213,1,2021,10.711360036943734,10.407295911012213
00-0034857,2022_16_BUF_CHI,2022,16,22.98,22.449405662526175,1,2021,21.360361627832052,22.449405662526175
00-0034869,2022_16_DET_CAR,2022,16,21.9,14.104547446729304,1,2021,12.485132004397736,14.104547446729304
00-0034955,2022_16_DEN_LA,2022,16,-0.1999999999999999,9.773257850212314,1,2021,10.150429571218638,9.773257850212314
00-0035146,2022_16_TB_ARI,2022,16,4.08,9.995116326130484,1,2021,9.645305203532418,9.995116326130484
00-0035710,2022_16_NYG_MIN,2022,16,20.76,14.339747164402551,1,2021,14.892361308516476,14.339747164402551
00-0035939,2022_16_DEN_LA,2022,16,-0.2,6.802452633756332,1,2021,9.819674179140712,6.802452633756332
00-0035993,2022_16_ATL_BAL,2022,16,13.2,11.107647216133746,1,2021,12.272937334813331,11.107647216133746
00-0036212,2022_16_GB_MIA,2022,16,10.4,17.07723896760352,1,2021,16.165582750452586,17.07723896760352
00-0036355,2022_16_LAC_IND,2022,16,5.5,15.081109069018371,1,2021,17.1249129146252,15.081109069018371
00-0036442,2022_16_CIN_NE,2022,16,23.5,18.52294827560802,1,2021,18.16132637114068,18.52294827560802
00-0036898,2022_16_HOU_TEN,2022,16,9.920000000000002,12.784865374538729,1,2021,13.16675305952274,12.784865374538729
00-0036945,2022_16_BUF_CHI,2022,16,9.86,20.14685979518387,1,2021,18.537817459817447,20.14685979518387
00-0036971,2022_16_JAX_NYJ,2022,16,18.26,17.222314509589122,1,2021,17.26113985686484,17.222314509589122
00-0036972,2022_16_CIN_NE,2022,16,17.5,13.774001565819775,1,2021,13.576893020447413,13.774001565819775
00-0037013,2022_16_JAX_NYJ,2022,16,1.7800000000000002,11.37388761306388,1,2021,14.134373736649236,11.37388761306388
00-0037834,2022_16_WAS_SF,2022,16,15.96,12.88610450175576,1,2021,12.914811991456212,12.88610450175576
00-0038102,2022_16_LV_PIT,2022,16,12.66,11.925266428941304,1,2021,13.100122137915015,11.925266428941304
00-0038122,2022_16_ATL_BAL,2022,16,9.52,10.453566830033866,1,2021,9.518217591140456,10.453566830033866
00-0038128,2022_16_HOU_TEN,2022,16,10.26,9.068319703144752,1,2021,9.910841793124929,9.068319703144752
00-0019596,2022_17_CAR_TB,2022,17,37.68,14.775107103552974,1,2021,15.334474128601467,14.775107103552974
00-0023459,2022_17_MIN_GB,2022,17,16.56,13.51504644494041,1,2021,14.295950872762454,13.51504644494041
00-0027973,2022_17_NO_PHI,2022,17,5.999999999999999,10.699868109811389,1,2021,12.465502130920449,10.699868109811389
00-0029263,2022_17_DEN_KC,2022,17,23.58,11.099494710239714,1,2021,14.073225924851709,11.099494710239714
00-0029567,2022_17_IND_NYG,2022,17,2.04,10.246417701485852,1,2021,10.001724406235873,10.246417701485852
00-0029604,2022_17_MIN_GB,2022,17,7.899999999999999,18.087014493196516,1,2021,17.628851566791077,18.087014493196516
00-0030565,2022_17_NYJ_SEA,2022,17,17.12,15.738965180405431,1,2021,16.384428790131427,15.738965180405431
00-0031237,2022_17_MIA_NE,2022,17,9.04,11.940509842293308,1,2021,11.795277303613226,11.940509842293308
00-0032436,2022_17_JAX_HOU,2022,17,1.06,11.917185444543067,1,2021,11.641476409930284,11.917185444543067
00-0032950,2022_17_CLE_WAS,2022,17,6.42,8.421072244806687,1,2021,9.79291416286882,8.421072244806687
00-0033077,2022_17_DAL_TEN,2022,17,14.380000000000004,15.912725709862356,1,2021,16.362435125800744,15.912725709862356
00-0033106,2022_17_CHI_DET,2022,17,22.4,16.27751777087172,1,2021,16.97167051270157,16.27751777087172
00-0033119,2022_17_CLE_WAS,2022,17,0.2,10.49645637804846,1,2021,12.94831394215337,10.49645637804846
00-0033537,2022_17_CLE_WAS,2022,17,21.86,11.920976624674427,1,2021,9.770348031995017,11.920976624674427
00-0033873,2022_17_DEN_KC,2022,17,25.52,20.42557811903872,1,2021,21.35589933023883,20.42557811903872
00-0034401,2022_17_NYJ_SEA,2022,17,3.5999999999999996,9.26792427737064,1,2021,11.47255762433775,9.26792427737064
00-0034855,2022_17_LA_LAC,2022,17,4.08,12.913820235120388,1,2021,11.20375524932595,12.913820235120388
00-0034869,2022_17_CAR_TB,2022,17,21.64,12.512375747441904,1,2021,12.078356143944395,12.512375747441904
00-0035289,2022_17_NO_PHI,2022,17,12.96,15.474130624999129,1,2021,15.010483456680662,15.474130624999129
00-0035710,2022_17_IND_NYG,2022,17,36.18,14.64724267721613,1,2021,14.5375491494559,14.64724267721613
00-0035993,2022_17_PIT_BAL,2022,17,9.6,12.81629090380294,1,2021,11.493459207514997,12.81629090380294
00-0036355,2022_17_LA_LAC,2022,17,16.68,13.371625814686452,1,2021,16.33391897805725,13.371625814686452
00-0036879,2022_17_IND_NYG,2022,17,7.6,9.573435869090098,1,2021,10.221317315352351,9.573435869090098
00-0036898,2022_17_JAX_HOU,2022,17,9.38,14.148887620204292,1,2021,13.477151335376158,14.148887620204292
00-0036945,2022_17_CHI_DET,2022,17,16.200000000000003,22.15637788786446,1,2021,18.91915624699203,22.15637788786446
00-0036971,2022_17_JAX_HOU,2022,17,4.48,15.250862074014671,1,2021,16.762040288064327,15.250862074014671
00-0036972,2022_17_MIA_NE,2022,17,16.26,13.768000642671591,1,2021,14.004336273319044,13.768000642671591
00-0037327,2022_17_MIA_NE,2022,17,6.5600000000000005,8.477963268370111,1,2021,8.36359068081238,8.477963268370111
00-0037834,2022_17_SF_LV,2022,17,17.06,12.611357820747134,1,2021,12.441897805893747,12.611357820747134
00-0038102,2022_17_PIT_BAL,2022,17,10.919999999999998,11.05949813259136,1,2021,12.667496046927171,11.05949813259136
00-0038122,2022_17_ARI_ATL,2022,17,5.66,11.651996360853332,1,2021,11.677708531102263,11.651996360853332
00-0019596,2022_18_TB_ATL,2022,18,7.359999999999999,15.03744492125644,1,2021,16.658682367732194,15.03744492125644
00-0023459,2022_18_DET_GB,2022,18,11.2,14.43817711688534,1,2021,14.879805799072743,14.43817711688534
00-0026158,2022_18_NYJ_MIA,2022,18,5.66,6.639453885228721,1,2021,9.38682779753604,6.639453885228721
00-0027973,2022_18_CAR_NO,2022,18,11.04,12.93227933049459,1,2021,13.927247548020077,12.93227933049459
00-0029263,2022_18_LAC_DEN,2022,18,23.12,12.403859890915422,1,2021,14.146738384569078,12.403859890915422
00-0029604,2022_18_MIN_CHI,2022,18,13.0,14.514391071242075,1,2021,16.05976748398997,14.514391071242075
00-0030565,2022_18_LA_SEA,2022,18,13.62,15.605586380491117,1,2021,16.070152121045336,15.605586380491117
00-0032436,2022_18_HOU_IND,2022,18,1.2200000000000002,10.982930058976304,1,2021,10.86304152600457,10.982930058976304
00-0033077,2022_18_DAL_WAS,2022,18,8.72,14.89751326254261,1,2021,15.317821758091608,14.89751326254261
00-0033106,2022_18_DET_GB,2022,18,9.46,16.72172577832163,1,2021,16.702126315270878,16.72172577832163
00-0033537,2022_18_CLE_PIT,2022,18,17.6,10.914711177264548,1,2021,10.08675457293644,10.914711177264548
00-0033662,2022_18_DAL_WAS,2022,18,0.0,6.586406016749878,1,2021,7.684148707769602,6.586406016749878
00-0033873,2022_18_KC_LV,2022,18,14.98,20.73416232650503,1,2021,21.921902590353625,20.73416232650503
00-0033949,2022_18_TEN_JAX,2022,18,10.36,7.746229420331116,1,2021,9.70871653144806,7.746229420331116
00-0034855,2022_18_LA_SEA,2022,18,5.48,12.510015624169656,1,2021,11.153246406910828,12.510015624169656
00-0034857,2022_18_NE_BUF,2022,18,21.76,23.87968506230792,1,2021,22.11532882844105,23.87968506230792
00-0034869,2022_18_CAR_NO,2022,18,0.92,12.566556823944143,1,2021,12.848051457888776,12.566556823944143
00-0035040,2022_18_ARI_SF,2022,18,4.999999999999999,9.554944445887518,1,2021,10.628267844304258,9.554944445887518
00-0035146,2022_18_ARI_SF,2022,18,0.4599999999999999,7.872889436039798,1,2021,10.970488456278204,7.872889436039798
00-0035264,2022_18_KC_LV,2022,18,13.76,14.487875878937562,1,2021,16.86599786895619,14.487875878937562
00-0036355,2022_18_LAC_DEN,2022,18,18.82,13.385882596170006,1,2021,15.471522615928324,13.385882596170006
00-0036389,2022_18_NYG_PHI,2022,18,8.46,19.877293828784595,1,2021,19.571929945541584,19.877293828784595
00-0036442,2022_18_BAL_CIN,2022,18,11.6,19.443155240553697,1,2021,18.254321765540155,19.443155240553697
00-0036879,2022_18_HOU_IND,2022,18,14.46,12.014555039307782,1,2021,10.962503927473051,12.014555039307782
00-0036898,2022_18_HOU_IND,2022,18,22.520000000000003,11.948730062517882,1,2021,12.86541554413314,11.948730062517882
00-0036971,2022_18_TEN_JAX,2022,18,10.18,14.488960174294844,1,2021,15.15351710159487,14.488960174294844
00-0036972,2022_18_NE_BUF,2022,18,16.22,13.91248858758532,1,2021,12.995537720387004,13.91248858758532
00-0037175,2022_18_BAL_CIN,2022,18,5.4399999999999995,6.735538476587769,1,2021,8.96508299469247,6.735538476587769
00-0037327,2022_18_NYJ_MIA,2022,18,6.38,11.484015034935627,1,2021,10.082828050342313,11.484015034935627
00-0037834,2022_18_ARI_SF,2022,18,19.82,13.761443718724564,1,2021,12.567026055699126,13.761443718724564
00-0038102,2022_18_CLE_PIT,2022,18,13.9,12.59392399404834,1,2021,13.392588295041095,12.59392399404834
00-0038122,2022_18_TB_ATL,2022,18,15.86,13.129189630583086,1,2021,11.62776346423238,13.129189630583086
00-0019596,2022_19_DAL_TB,2022,19,22.04,14.25246509858538,1,2021,16.3010130769168,14.25246509858538
00-0029604,2022_19_NYG_MIN,2022,19,25.82,16.708510320977386,1,2021,17.387222275312787,16.708510320977386
00-0030565,2022_19_SEA_SF,2022,19,16.92,14.598863144114802,1,2021,14.950553197409434,14.598863144114802
00-0033077,2022_19_DAL_TB,2022,19,36.6,14.362799220546266,1,2021,15.073482340830235,14.362799220546266
00-0034857,2022_19_MIA_BUF,2022,19,22.08,24.17884245883877,1,2021,22.89398118376945,24.17884245883877
00-0035710,2022_19_NYG_MIN,2022,19,27.84,14.937051165489065,1,2021,15.932234692225022,14.937051165489065
00-0035993,2022_19_BAL_CIN,2022,19,18.44,10.760126529840043,1,2021,10.63168260413654,10.760126529840043
00-0036355,2022_19_LAC_JAX,2022,19,16.12,15.167137480998894,1,2021,17.305914344764854,15.167137480998894
00-0036442,2022_19_BAL_CIN,2022,19,21.26,18.65250743303882,1,2021,18.535894035251033,18.65250743303882
00-0036971,2022_19_LAC_JAX,2022,19,22.32,13.424092901964263,1,2021,14.754793196766164,13.424092901964263
00-0037327,2022_19_MIA_BUF,2022,19,11.1,12.403187837188565,1,2021,11.802115892922975,12.403187837188565
00-0037834,2022_19_SEA_SF,2022,19,34.88,15.202977817499894,1,2021,13.01171818680147,15.202977817499894
00-0033077,2022_20_DAL_SF,2022,20,10.44,17.491602322237465,1,2021,17.87458138421407,17.491602322237465
00-0033873,2022_20_JAX_KC,2022,20,16.6,22.32962175792366,1,2021,21.817249490677337,22.32962175792366
00-0034857,2022_20_CIN_BUF,2022,20,17.16,23.250876799138855,1,2021,22.845287430284557,23.250876799138855
00-0035710,2022_20_NYG_PHI,2022,20,5.800000000000001,15.944880899083174,1,2021,16.859959531065233,15.944880899083174
00-0036389,2022_20_NYG_PHI,2022,20,23.56,21.38685471815098,1,2021,20.126639179714996,21.38685471815098
00-0036442,2022_20_CIN_BUF,2022,20,20.78,17.028806313072884,1,2021,18.580482237601593,17.028806313072884
00-0036971,2022_20_JAX_KC,2022,20,13.28,14.350737800261005,1,2021,16.410176941697827,14.350737800261005
00-0037834,2022_20_DAL_SF,2022,20,9.36,14.713236129951854,1,2021,15.130010916859035,14.713236129951854
00-0026300,2022_21_SF_PHI,2022,21,1.16,7.620674729588187,1,2021,8.987848268030259,7.620674729588187
00-0033873,2022_21_CIN_KC,2022,21,19.84,19.914929637331134,1,2021,21.721901380010387,19.914929637331134
00-0035289,2022_21_SF_PHI,2022,21,-0.2,11.48779837297744,1,2021,11.864527117703426,11.48779837297744
00-0036389,2022_21_SF_PHI,2022,21,14.74,20.161898135850787,1,2021,20.80254322877954,20.161898135850787
00-0036442,2022_21_CIN_KC,2022,21,13.8,17.09711994679455,1,2021,19.856320790383805,17.09711994679455
00-0037834,2022_21_SF_PHI,2022,21,-1.08,13.156593105627898,1,2021,13.897166654976358,13.156593105627898
00-0033873,2022_22_KC_PHI,2022,22,23.68,22.206734994659055,1,2021,22.15168814188773,22.206734994659055
00-0036389,2022_22_KC_PHI,2022,22,41.16,21.43775926993056,1,2021,20.917687131120022,21.43775926993056
00-0026498,2023_02_SF_LA,2023,2,13.98,15.555920913971104,2,2022,15.110060234914725,15.555920913971104
00-0029263,2023_02_WAS_DEN,2023,2,25.92,13.29721698017062,2,2022,14.348139447126597,13.29721698017062
00-0029604,2023_02_MIN_PHI,2023,2,28.56,16.33183651492513,2,2022,14.625694424784252,16.33183651492513
00-0029701,2023_02_LAC_TEN,2023,2,21.04,12.973959157694944,2,2022,12.221438621825431,12.973959157694944
00-0030565,2023_02_SEA_DET,2023,2,23.12,15.116960931479127,2,2022,13.902655140720164,15.116960931479127
00-0031280,2023_02_NO_CAR,2023,2,6.720000000000001,13.901832296293293,2,2022,14.036231700461425,13.901832296293293
00-0031345,2023_02_LV_BUF,2023,2,7.5,13.133395804575263,2,2022,13.617187501147056,13.133395804575263
00-0033077,2023_02_NYJ_DAL,2023,2,19.6,12.040878912677698,2,2022,13.680581962079556,12.040878912677698
00-0033106,2023_02_SEA_DET,2023,2,22.92,14.91838588168929,2,2022,14.916819016591468,14.91838588168929
00-0033537,2023_02_CLE_PIT,2023,2,11.6,18.38467107688268,2,2022,15.801919773291518,18.38467107688268
00-0033873,2023_02_KC_JAX,2023,2,21.200000000000003,21.74301002344999,2,2022,19.11070301818895,21.74301002344999
00-0033949,2023_02_NYG_ARI,2023,2,25.22,15.559514737073629,2,2022,13.526926970025018,15.559514737073629
00-0034796,2023_02_BAL_CIN,2023,2,22.880000000000003,16.564714140977003,2,2022,15.202663706269666,16.564714140977003
00-0034855,2023_02_CHI_TB,2023,2,18.38,15.138960003916043,2,2022,15.705363066275972,15.138960003916043
00-0034857,2023_02_LV_BUF,2023,2,23.66,16.606457717645966,2,2022,15.9301304093345,16.606457717645966
00-0035710,2023_02_NYG_ARI,2023,2,30.74,13.59173319319049,2,2022,12.623933414813823,13.59173319319049
00-0036212,2023_02_MIA_NE,2023,2,12.260000000000002,17.872404236911958,2,2022,17.60098058040919,17.872404236911958
00-0036264,2023_02_GB_ATL,2023,2,20.34,18.37877448081299,2,2022,17.73833179719334,18.37877448081299
00-0036355,2023_02_LAC_TEN,2023,2,22.200000000000003,18.6206496587409,2,2022,18.268850440745897,18.6206496587409
00-0036389,2023_02_MIN_PHI,2023,2,25.22,15.87623815071271,2,2022,16.36886418455366,15.87623815071271
00-0036442,2023_02_BAL_CIN,2023,2,15.380000000000004,10.786337629003208,2,2022,11.544358083605069,10.786337629003208
00-0036945,2023_02_CHI_TB,2023,2,14.74,15.744032929753358,2,2022,14.152766080396882,15.744032929753358
00-0036971,2023_02_KC_JAX,2023,2,9.24,16.589206460943135,2,2022,16.401610480545845,16.589206460943135
00-0036972,2023_02_MIA_NE,2023,2,13.74,18.70363058190514,2,2022,17.771664828497038,18.70363058190514
00-0037013,2023_02_NYJ_DAL,2023,2,8.4,12.994664835648724,2,2022,12.391740539609607,12.994664835648724
00-0037077,2023_02_WAS_DEN,2023,2,21.26,14.740579116209664,2,2022,12.354028993974724,14.740579116209664
00-0037834,2023_02_SF_LA,2023,2,14.74,16.349698281549212,2,2022,16.452896128049748,16.349698281549212
00-0038102,2023_02_CLE_PIT,2023,2,10.28,13.6650781655824,2,2022,13.102565889405753,13.6650781655824
00-0038122,2023_02_GB_ATL,2023,2,21.380000000000003,14.091129196596848,2,2022,14.10387699420893,14.091129196596848
00-0039150,2023_02_NO_CAR,2023,2,13.52,12.97231062591021,2,2022,12.221899886958449,12.97231062591021
00-0039163,2023_02_IND_HOU,2023,2,21.46,13.994199110892463,2,2022,14.669020778528813,13.994199110892463
00-0039164,2023_02_IND_HOU,2023,2,17.740000000000002,14.412983867392498,2,2022,15.765062035237998,14.412983867392498
00-0026498,2023_03_LA_CIN,2023,3,11.46,15.308010359272032,2,2022,15.488281090907186,15.308010359272032
00-0029263,2023_03_DEN_MIA,2023,3,14.240000000000002,16.898204209608803,2,2022,17.98846038440258,16.898204209608803
00-0029604,2023_03_LAC_MIN,2023,3,25.68,17.069220782275025,2,2022,17.690876014310305,17.069220782275025
00-0029701,2023_03_TEN_CLE,2023,3,4.16,13.089061738807544,2,2022,12.36631577973955,13.089061738807544
00-0030565,2023_03_CAR_SEA,2023,3,15.44,15.717495882824858,2,2022,15.378334526156308,15.717495882824858
00-0031280,2023_03_NO_GB,2023,3,8.120000000000001,13.288888956240266,2,2022,13.645992348572348,13.288888956240266
00-0031345,2023_03_PIT_LV,2023,3,17.66,16.145037228937234,2,2022,14.411738404579204,16.145037228937234
00-0033077,2023_03_DAL_ARI,2023,3,14.36,15.810487550166016,2,2022,15.73620405040693,15.810487550166016
00-0033106,2023_03_ATL_DET,2023,3,18.020000000000003,17.790167369272925,2,2022,17.593931809580905,17.790167369272925
00-0033537,2023_03_TEN_CLE,2023,3,21.160000000000004,13.141180468393909,2,2022,14.20076234844228,13.141180468393909
00-0033873,2023_03_CHI_KC,2023,3,25.680000000000003,19.463681371400455,2,2022,21.100544461616565,19.463681371400455
00-0033949,2023_03_DAL_ARI,2023,3,17.060000000000002,14.950693866455415,2,2022,14.17162107300123,14.950693866455415
00-0034796,2023_03_IND_BAL,2023,3,28.18,17.95968084794754,2,2022,17.117138915450322,17.95968084794754
00-0034855,2023_03_PHI_TB,2023,3,10.04,17.916470812264386,2,2022,15.822134528888965,17.916470812264386
00-0034857,2023_03_BUF_WAS,2023,3,21.32,16.443663114952336,2,2022,17.607643799925324,16.443663114952336
00-0035289,2023_03_IND_BAL,2023,3,13.08,12.937614694919834,2,2022,10.454725374958487,12.937614694919834
00-0035710,2023_03_NYG_SF,2023,3,3.98,15.927322988698632,2,2022,16.10199826871453,15.927322988698632
00-0036212,2023_03_DEN_MIA,2023,3,28.36,19.96519322273388,2,2022,18.28607824542253,19.96519322273388
00-0036264,2023_03_NO_GB,2023,3,24.26,18.34282124660279,2,2022,16.883216401375357,18.34282124660279
00-0036355,2023_03_LAC_MIN,2023,3,29.3,19.77641463919322,2,2022,19.413042171599127,19.77641463919322
00-0036389,2023_03_PHI_TB,2023,3,19.880000000000003,18.35552503124497,2,2022,17.96825470386276,18.35552503124497
00-0036442,2023_03_LA_CIN,2023,3,8.16,12.417332502160692,2,2022,12.939774141053254,12.417332502160692
00-0036945,2023_03_CHI_KC,2023,3,10.66,12.836711435693696,2,2022,13.664767188264433,12.836711435693696
00-0036971,2023_03_HOU_JAX,2023,3,14.36,13.961627812343565,2,2022,15.436599942897717,13.961627812343565
00-0036972,2023_03_NE_NYJ,2023,3,13.340000000000002,15.08311284030507,2,2022,16.097586964701076,15.08311284030507
00-0037013,2023_03_NE_NYJ,2023,3,6.38,11.4572777566438,2,2022,11.646819011336412,11.4572777566438
00-0037077,2023_03_BUF_WAS,2023,3,0.5999999999999999,14.991098716104116,2,2022,15.203658949004192,14.991098716104116
00-0037834,2023_03_NYG_SF,2023,3,20.299999999999997,18.385819133328862,2,2022,16.300894196284553,18.385819133328862
00-0038102,2023_03_PIT_LV,2023,3,18.5,17.103553909673913,2,2022,14.680055206622674,17.103553909673913
00-0038122,2023_03_ATL_DET,2023,3,6.340000000000002,14.436109782068495,2,2022,16.31785523939723,14.436109782068495
00-0039163,2023_03_HOU_JAX,2023,3,20.6,14.798052795602304,2,2022,15.445720446927226,14.798052795602304
00-0026498,2023_04_LA_IND,2023,4,16.159999999999997,15.601437809679252,2,2022,14.514969244378667,15.601437809679252
00-0029263,2023_04_DEN_CHI,2023,4,22.22,17.723620594867864,2,2022,17.49505613188732,17.723620594867864
00-0029604,2023_04_MIN_CAR,2023,4,9.56,16.452681057041335,2,2022,18.16993649263509,16.452681057041335
00-0029701,2023_04_CIN_TEN,2023,4,12.7,12.954967726017802,2,2022,12.475068763720236,12.954967726017802
00-0030565,2023_04_SEA_NYG,2023,4,9.2,17.56580556444774,2,2022,16.53701342975572,17.56580556444774
00-0031280,2023_04_TB_NO,2023,4,3.1799999999999997,13.233186924825256,2,2022,13.65633096558595,13.233186924825256
00-0031503,2023_04_TB_NO,2023,4,-2.0,9.123928194712317,2,2022,8.974287234170816,9.123928194712317
00-0033077,2023_04_NE_DAL,2023,4,14.34,14.589660975409382,2,2022,14.874407537270727,14.589660975409382
00-0033106,2023_04_DET_GB,2023,4,11.4,18.50851304103715,2,2022,16.602563729701714,18.50851304103715
00-0033873,2023_04_KC_NYJ,2023,4,13.220000000000002,19.36596841804492,2,2022,20.892717305086016,19.36596841804492
00-0033949,2023_04_ARI_SF,2023,4,23.4,14.851619241114747,2,2022,13.865951472354284,14.851619241114747
00-0034796,2023_04_BAL_CLE,2023,4,28.14,18.40027852210928,2,2022,18.047689004985823,18.40027852210928
00-0034855,2023_04_TB_NO,2023,4,22.94,13.219833126062312,2,2022,13.354447716398123,13.219833126062312
00-0034857,2023_04_MIA_BUF,2023,4,36.5,18.661742295410807,2,2022,20.425517709095445,18.661742295410807
00-0035710,2023_04_SEA_NYG,2023,4,8.720000000000002,15.677696416727308,2,2022,15.214455681073453,15.677696416727308
00-0036212,2023_04_MIA_BUF,2023,4,13.98,16.014605632685818,2,2022,16.827843233952155,16.014605632685818
00-0036264,2023_04_DET_GB,2023,4,17.64,20.42261765208378,2,2022,19.214934183675386,20.42261765208378
00-0036355,2023_04_LV_LAC,2023,4,23.38,19.099719401276847,2,2022,19.50309962739034,19.099719401276847
00-0036389,2023_04_WAS_PHI,2023,4,24.159999999999997,18.06675881749971,2,2022,17.579023954182944,18.06675881749971
00-0036442,2023_04_CIN_TEN,2023,4,4.7,13.277124043144376,2,2022,13.427923015115969,13.277124043144376
00-0036945,2023_04_DEN_CHI,2023,4,27.9,14.48730387727785,2,2022,14.298370816831696,14.48730387727785
00-0036971,2023_04_ATL_JAX,2023,4,16.48,15.70199650053119,2,2022,14.531625414538114,15.70199650053119
00-0036972,2023_04_NE_DAL,2023,4,0.7000000000000002,16.908143362607895,2,2022,15.987352709864297,16.908143362607895
00-0037013,2023_04_KC_NYJ,2023,4,19.2,10.81676951741195,2,2022,11.299141170791597,10.81676951741195
00-0037077,2023_04_WAS_PHI,2023,4,19.6,14.006013889914826,2,2022,13.486765420626014,14.006013889914826
00-0037834,2023_04_ARI_SF,2023,4,21.32,18.025389751852224,2,2022,17.570141206283125,18.025389751852224
00-0038102,2023_04_PIT_HOU,2023,4,3.4600000000000004,12.977957455653566,2,2022,13.443380532699704,12.977957455653566
00-0038122,2023_04_ATL_JAX,2023,4,6.24,12.964464387639522,2,2022,14.03302134612668,12.964464387639522
00-0039150,2023_04_MIN_CAR,2023,4,7.16,11.90052459376088,2,2022,13.16764843051841,11.90052459376088
00-0039163,2023_04_PIT_HOU,2023,4,21.840000000000003,16.980122575934292,2,2022,15.232949257402288,16.980122575934292
00-0039164,2023_04_LA_IND,2023,4,29.6,11.120146193855131,2,2022,12.875791025361764,11.120146193855131
00-0026498,2023_05_PHI_LA,2023,5,16.880000000000003,16.760928877627105,2,2022,15.22549218011584,16.760928877627105
00-0027973,2023_05_CAR_DET,2023,5,0.1,12.285313930135146,2,2022,13.221876750986478,12.285313930135146
00-0029263,2023_05_NYJ_DEN,2023,5,18.74,16.911801556928705,2,2022,18.239439766584596,16.911801556928705
00-0029604,2023_05_KC_MIN,2023,5,19.86,17.74641753592429,2,2022,17.140050458739086,17.74641753592429
00-0029701,2023_05_TEN_IND,2023,5,9.760000000000002,13.46113047150508,2,2022,13.105331462507174,13.46113047150508
00-0031280,2023_05_NO_NE,2023,5,15.72,11.758673309584225,2,2022,12.49949779453941,11.758673309584225
00-0031345,2023_05_GB_LV,2023,5,10.72,11.919392170932142,2,2022,13.527830546996732,11.919392170932142
00-0031503,2023_05_NO_NE,2023,5,-0.4,6.689094149483398,2,2022,7.907940377210565,6.689094149483398
00-0033077,2023_05_DAL_SF,2023,5,4.320000000000001,15.14592420366264,2,2022,14.140065680238813,15.14592420366264
00-0033106,2023_05_CAR_DET,2023,5,27.44,15.148491696036794,2,2022,16.051131833686323,15.148491696036794
00-0033873,2023_05_KC_MIN,2023,5,19.24,22.64047348079835,2,2022,21.401997644942412,22.64047348079835
00-0033949,2023_05_CIN_ARI,2023,5,8.74,18.24886038041613,2,2022,16.15553807034503,18.24886038041613
00-0034796,2023_05_BAL_PIT,2023,5,9.94,18.06087071321097,2,2022,19.46392048688659,18.06087071321097
00-0034857,2023_05_JAX_BUF,2023,5,27.76,21.854150530626868,2,2022,22.958501719882964,21.854150530626868
00-0035289,2023_05_TEN_IND,2023,5,6.3,10.602706241525503,2,2022,11.29366185020033,10.602706241525503
00-0035710,2023_05_NYG_MIA,2023,5,7.16,14.76434651348718,2,2022,14.910137829501776,14.76434651348718
00-0036212,2023_05_NYG_MIA,2023,5,16.92,18.44804922754103,2,2022,18.870340608091578,18.44804922754103
00-0036264,2023_05_GB_LV,2023,5,4.98,18.425711596046664,2,2022,18.23253304124059,18.425711596046664
00-0036389,2023_05_PHI_LA,2023,5,27.32,20.161600741060916,2,2022,20.19574545940726,20.161600741060916
00-0036442,2023_05_CIN_ARI,2023,5,23.38,14.737066061192554,2,2022,13.596829202022636,14.737066061192554
00-0036945,2023_05_CHI_WAS,2023,5,32.980000000000004,14.641793340858497,2,2022,16.241113558288042,14.641793340858497
00-0036971,2023_05_JAX_BUF,2023,5,15.700000000000005,14.514891051112658,2,2022,14.257498037806336,14.514891051112658
00-0036972,2023_05_NO_NE,2023,5,-1.5999999999999996,14.349331078952318,2,2022,13.685681170203392,14.349331078952318
00-0037013,2023_05_NYJ_DEN,2023,5,8.56,14.242998362874037,2,2022,13.455524467206864,14.242998362874037
00-0037077,2023_05_CHI_WAS,2023,5,25.42,17.830417091127813,2,2022,16.52170843463551,17.830417091127813
00-0037834,2023_05_DAL_SF,2023,5,26.08,15.840975026410057,2,2022,16.497705119591195,15.840975026410057
00-0038102,2023_05_BAL_PIT,2023,5,12.36,11.661565653607758,2,2022,11.615000539879688,11.661565653607758
00-0038122,2023_05_HOU_ATL,2023,5,26.16,14.317397371023146,2,2022,13.426072893686031,14.317397371023146
00-0039150,2023_05_CAR_DET,2023,5,18.28,13.361819500753292,2,2022,12.822276183074566,13.361819500753292
00-0039163,2023_05_HOU_ATL,2023,5,14.16,16.390326294870217,2,2022,16.0350107218622,16.390326294870217
00-0039164,2023_05_TEN_IND,2023,5,4.42,18.62504620074136,2,2022,18.64922422207176,18.62504620074136
00-0026498,2023_06_ARI_LA,2023,6,13.24,18.40057985741613,2,2022,16.90093463799983,18.40057985741613
00-0029263,2023_06_DEN_KC,2023,6,6.9,18.47595161130539,2,2022,16.6042790879254,18.47595161130539
00-0029604,2023_06_MIN_CHI,2023,6,8.74,14.866874463918942,2,2022,16.68928308270605,14.866874463918942
00-0029701,2023_06_BAL_TEN,2023,6,1.04,13.138055563319329,2,2022,12.02788381766519,13.138055563319329
00-0030565,2023_06_SEA_CIN,2023,6,11.04,12.619059186765334,2,2022,14.43051663607304,12.619059186765334
00-0031280,2023_06_NO_HOU,2023,6,16.32,13.91889832396178,2,2022,13.949920856056655,13.91889832396178
00-0031345,2023_06_NE_LV,2023,6,8.88,13.915734879573526,2,2022,13.363035960556765,13.915734879573526
00-0033077,2023_06_DAL_LAC,2023,6,24.880000000000003,15.363597862285662,2,2022,14.689224331613223,15.363597862285662
00-0033106,2023_06_DET_TB,2023,6,22.42,14.216506627915273,2,2022,16.39433946015477,14.216506627915273
00-0033873,2023_06_DEN_KC,2023,6,17.340000000000003,20.84197411319203,2,2022,20.83300251271515,20.84197411319203
00-0033949,2023_06_ARI_LA,2023,6,10.1,16.62463418118657,2,2022,14.529776004742818,16.62463418118657
00-0034796,2023_06_BAL_TEN,2023,6,17.12,18.126848347501372,2,2022,18.098773878938065,18.126848347501372
00-0034855,2023_06_DET_TB,2023,6,6.84,16.364510854400596,2,2022,14.86559540639078,16.364510854400596
00-0034857,2023_06_NYG_BUF,2023,6,13.86,21.45999208061179,2,2022,22.367507933791902,21.45999208061179
00-0035289,2023_06_IND_JAX,2023,6,9.56,15.083184331172246,2,2022,12.343154844844372,15.083184331172246
00-0036212,2023_06_CAR_MIA,2023,6,22.48,17.465301130425708,2,2022,17.817205742647424,17.465301130425708
00-0036355,2023_06_DAL_LAC,2023,6,19.08,19.680515533995912,2,2022,19.535512911981947,19.680515533995912
00-0036389,2023_06_PHI_NYJ,2023,6,19.9,19.782929632666967,2,2022,20.10544825442637,19.782929632666967
00-0036442,2023_06_SEA_CIN,2023,6,13.8,15.417909010687843,2,2022,14.29193076845958,15.417909010687843
00-0036945,2023_06_MIN_CHI,2023,6,4.92,15.912075513552542,2,2022,18.74905068039343,15.912075513552542
00-0036971,2023_06_IND_JAX,2023,6,14.74,15.65143006505899,2,2022,16.25299788904023,15.65143006505899
00-0036972,2023_06_NE_LV,2023,6,5.9,13.677464482265536,2,2022,12.302381880568056,13.677464482265536
00-0037013,2023_06_PHI_NYJ,2023,6,10.94,15.265427844015068,2,2022,13.76828828633666,15.265427844015068
00-0037077,2023_06_WAS_ATL,2023,6,18.34,17.73977366321423,2,2022,15.327754397563307,17.73977366321423
00-0037834,2023_06_SF_CLE,2023,6,7.7,16.639710512711694,2,2022,17.129406067957113,16.639710512711694
00-0038122,2023_06_WAS_ATL,2023,6,16.080000000000002,14.632844438687073,2,2022,15.17872110445676,14.632844438687073
00-0039150,2023_06_CAR_MIA,2023,6,12.68,11.449086227326664,2,2022,14.41276927613853,11.449086227326664
00-0039163,2023_06_NO_HOU,2023,6,14.16,16.244053319774828,2,2022,15.643503563546508,16.244053319774828
00-0026498,2023_07_PIT_LA,2023,7,14.04,17.08325417640902,2,2022,15.968901799862236,17.08325417640902
00-0026625,2023_07_LV_CHI,2023,7,1.16,7.9660691889998,2,2022,10.179387839806225,7.9660691889998
00-0028118,2023_07_WAS_NYG,2023,7,21.66,9.03826299068425,2,2022,11.24055897046766,9.03826299068425
00-0029263,2023_07_GB_DEN,2023,7,13.86,15.854731340021477,2,2022,15.341778784591163,15.854731340021477
00-0029604,2023_07_SF_MIN,2023,7,21.02,13.307025159994414,2,2022,14.840507036022297,13.307025159994414
00-0030565,2023_07_ARI_SEA,2023,7,13.759999999999998,15.585853069444882,2,2022,16.572412736213312,15.585853069444882
00-0031280,2023_07_JAX_NO,2023,7,17.439999999999998,13.303425976956548,2,2022,13.599768201197897,13.303425976956548
00-0033106,2023_07_DET_BAL,2023,7,9.36,13.767199470278282,2,2022,16.292406486811057,13.767199470278282
00-0033275,2023_07_CLE_IND,2023,7,5.42,6.786497789908749,2,2022,8.202755766610249,6.786497789908749
00-0033537,2023_07_CLE_IND,2023,7,-1.8,13.434095988857946,2,2022,15.803994036569126,13.434095988857946
00-0033873,2023_07_LAC_KC,2023,7,33.86,16.417306434963514,2,2022,20.46206116020479,16.417306434963514
00-0033949,2023_07_ARI_SEA,2023,7,16.14,15.956377973676195,2,2022,13.734564675151328,15.956377973676195
00-0034796,2023_07_DET_BAL,2023,7,33.88,17.42520309098457,2,2022,17.450407717023175,17.42520309098457
00-0034855,2023_07_ATL_TB,2023,7,16.2,14.032252955159578,2,2022,14.336446900644304,14.032252955159578
00-0034857,2023_07_BUF_NE,2023,7,24.3,17.987203938152867,2,2022,19.94009757608582,17.987203938152867
00-0035289,2023_07_CLE_IND,2023,7,27.1,15.609625277194851,2,2022,13.398333164432874,15.609625277194851
00-0036212,2023_07_MIA_PHI,2023,7,10.34,17.53471152959425,2,2022,17.56091220834217,17.53471152959425
00-0036264,2023_07_GB_DEN,2023,7,15.3,13.62829175201024,2,2022,14.51831970996882,13.62829175201024
00-0036355,2023_07_LAC_KC,2023,7,10.86,20.105327021943992,2,2022,18.746744238460668,20.105327021943992
00-0036389,2023_07_MIA_PHI,2023,7,23.26,22.27116537571276,2,2022,21.861135677646356,22.27116537571276
00-0036971,2023_07_JAX_NO,2023,7,18.06,14.437438138847106,2,2022,14.58911299875402,14.437438138847106
00-0036972,2023_07_BUF_NE,2023,7,19.980000000000004,13.541962188691109,2,2022,12.583315274248964,13.541962188691109
00-0037077,2023_07_WAS_NYG,2023,7,9.46,16.45491973963346,2,2022,15.278516677106186,16.45491973963346
00-0037834,2023_07_SF_MIN,2023,7,12.78,18.273041925165728,2,2022,16.22610482138605,18.273041925165728
00-0038102,2023_07_PIT_LA,2023,7,15.2,10.82365674229099,2,2022,11.15430875666953,10.82365674229099
00-0038122,2023_07_ATL_TB,2023,7,13.8,14.900704741300371,2,2022,14.112599940660258,14.900704741300371
00-0038416,2023_07_LV_CHI,2023,7,12.88,9.912355329595195,2,2022,9.959051458722078,9.912355329595195
00-0038579,2023_07_LV_CHI,2023,7,5.0,8.119346611835761,2,2022,8.253692342651181,8.119346611835761
00-0026498,2023_08_LA_DAL,2023,8,11.38,14.392678774813287,2,2022,14.175057524147093,14.392678774813287
00-0028118,2023_08_NYJ_NYG,2023,8,3.62,11.17754010963246,2,2022,11.62595778423577,11.17754010963246
00-0029263,2023_08_KC_DEN,2023,8,17.560000000000002,16.885126864774406,2,2022,15.300510286223757,16.885126864774406
00-0029604,2023_08_MIN_GB,2023,8,19.86,14.417746658562267,2,2022,14.500914691150664,14.417746658562267
00-0030565,2023_08_CLE_SEA,2023,8,13.86,14.867115659954006,2,2022,15.02971288597496,14.867115659954006
00-0031280,2023_08_NO_IND,2023,8,18.299999999999997,13.561932148597036,2,2022,13.25034586904724,13.561932148597036
00-0031345,2023_08_LV_DET,2023,8,4.24,10.204436837935242,2,2022,12.018515844827748,10.204436837935242
00-0033077,2023_08_LA_DAL,2023,8,28.06,14.248963352421304,2,2022,14.334555992803368,14.248963352421304
00-0033106,2023_08_LV_DET,2023,8,12.68,17.8039843809221,2,2022,16.39185961475978,17.8039843809221
00-0033275,2023_08_CLE_SEA,2023,8,10.62,7.974682672374026,2,2022,7.602221273056326,7.974682672374026
00-0033873,2023_08_KC_DEN,2023,8,5.6,20.557986469270457,2,2022,20.95526467442451,20.557986469270457
00-0033949,2023_08_BAL_ARI,2023,8,22.92,16.699304876848885,2,2022,14.51925511652199,16.699304876848885
00-0034796,2023_08_BAL_ARI,2023,8,11.98,20.783100114213415,2,2022,22.100408627894865,20.783100114213415
00-0034855,2023_08_TB_BUF,2023,8,21.38,12.6334004036981,2,2022,13.293286528495946,12.6334004036981
00-0034857,2023_08_TB_BUF,2023,8,29.06,20.335258565627473,2,2022,21.484291438705895,20.335258565627473
00-0035289,2023_08_NO_IND,2023,8,14.82,15.036905822885512,2,2022,14.572150879852934,15.036905822885512
00-0036212,2023_08_NE_MIA,2023,8,21.76,17.925060632679497,2,2022,16.40284598109943,17.925060632679497
00-0036264,2023_08_MIN_GB,2023,8,14.56,14.87222264587736,2,2022,14.642672346536488,14.87222264587736
00-0036355,2023_08_CHI_LAC,2023,8,24.020000000000003,20.32395678953229,2,2022,18.522146894976785,20.32395678953229
00-0036389,2023_08_PHI_WAS,2023,8,27.36,20.549951628829422,2,2022,20.190089629835185,20.549951628829422
00-0036442,2023_08_CIN_SF,2023,8,27.62,12.290112957003137,2,2022,11.85424263764602,12.290112957003137
00-0036971,2023_08_JAX_PIT,2023,8,14.68,14.816879549651022,2,2022,14.27593037360026,14.816879549651022
00-0036972,2023_08_NE_MIA,2023,8,12.240000000000002,13.773136590085205,2,2022,13.87614898470509,13.773136590085205
00-0037013,2023_08_NYJ_NYG,2023,8,12.1,12.10797752326379,2,2022,11.682831566204571,12.10797752326379
00-0037077,2023_08_PHI_WAS,2023,8,30.980000000000004,16.323068279152658,2,2022,14.486653004864309,16.323068279152658
00-0037834,2023_08_CIN_SF,2023,8,18.3,17.7808057163621,2,2022,16.223753079146373,17.7808057163621
00-0038102,2023_08_JAX_PIT,2023,8,3.92,13.322959250145765,2,2022,13.242175347697923,13.322959250145765
00-0038122,2023_08_ATL_TEN,2023,8,3.4399999999999995,12.62529936534972,2,2022,13.896221224110308,12.62529936534972
00-0038416,2023_08_CHI_LAC,2023,8,11.18,12.718748861688535,2,2022,11.221561719279933,12.718748861688535
00-0038583,2023_08_CLE_SEA,2023,8,0.36,7.652817405276433,2,2022,7.445409506202946,7.652817405276433
00-0039150,2023_08_HOU_CAR,2023,8,14.5,12.35373875470601,2,2022,12.403089685107892,12.35373875470601
00-0039163,2023_08_HOU_CAR,2023,8,12.9,15.828779891050935,2,2022,15.739017075078534,15.828779891050935
00-0030565,2023_09_SEA_BAL,2023,9,2.6800000000000006,15.623614458350724,2,2022,15.119724592597263,15.623614458350724
00-0031280,2023_09_CHI_NO,2023,9,16.74,13.9392833938662,2,2022,15.169045452268897,13.9392833938662
00-0031800,2023_09_MIN_ATL,2023,9,14.72,12.276626776133064,2,2022,11.113702090191666,12.276626776133064
00-0033077,2023_09_DAL_PHI,2023,9,28.36,16.756541857892902,2,2022,16.286783943230276,16.756541857892902
00-0033537,2023_09_ARI_CLE,2023,9,18.959999999999997,13.302093131040523,2,2022,15.472431145399469,13.302093131040523
00-0033873,2023_09_MIA_KC,2023,9,15.8,18.783890535367444,2,2022,20.426138911032243,18.783890535367444
00-0033949,2023_09_MIN_ATL,2023,9,24.92,13.267526951570082,2,2022,12.31005668093146,13.267526951570082
00-0034796,2023_09_SEA_BAL,2023,9,11.48,17.276077262207128,2,2022,18.51375106671195,17.276077262207128
00-0034855,2023_09_TB_HOU,2023,9,19.0,13.111334176061463,2,2022,14.130070158821916,13.111334176061463
00-0034857,2023_09_BUF_CIN,2023,9,24.72,21.58080255670818,2,2022,22.489489926896,21.58080255670818
00-0035289,2023_09_IND_CAR,2023,9,9.58,15.121903414863434,2,2022,13.56105327308122,15.121903414863434
00-0035710,2023_09_NYG_LV,2023,9,1.9,14.666996092498888,2,2022,14.240038640714571,14.666996092498888
00-0036212,2023_09_MIA_KC,2023,9,12.419999999999998,17.076766839836566,2,2022,16.873100288874955,17.076766839836566
00-0036264,2023_09_LA_GB,2023,9,13.82,13.202155683137716,2,2022,13.38192191651256,13.202155683137716
00-0036355,2023_09_LAC_NYJ,2023,9,7.140000000000001,17.96198225609187,2,2022,17.818678205105776,17.96198225609187
00-0036389,2023_09_DAL_PHI,2023,9,25.880000000000003,20.395306429360325,2,2022,21.424244313236535,20.395306429360325
00-0036442,2023_09_BUF_CIN,2023,9,22.32,15.62893630650353,2,2022,15.991635331749103,15.62893630650353
00-0036972,2023_09_WAS_NE,2023,9,11.1,13.345841643285038,2,2022,14.130338105142796,13.345841643285038
00-0037013,2023_09_LAC_NYJ,2023,9,7.219999999999999,15.284886232266528,2,2022,13.20551808951528,15.284886232266528
00-0037077,2023_09_WAS_NE,2023,9,17.7,15.967842192017144,2,2022,15.14458061946346,15.967842192017144
00-0038102,2023_09_TEN_PIT,2023,9,10.3,12.12935671946285,2,2022,13.059408610489152,12.12935671946285
00-0038416,2023_09_CHI_NO,2023,9,15.8,11.3781670853434,2,2022,10.349063299410004,11.3781670853434
00-0038476,2023_09_NYG_LV,2023,9,8.7,10.150857854383158,2,2022,9.719652686948592,10.150857854383158
00-0038579,2023_09_NYG_LV,2023,9,8.36,5.7435607398420325,2,2022,7.7240633016180436,5.7435607398420325
00-0039150,2023_09_IND_CAR,2023,9,9.02,15.773281533966422,2,2022,14.344617832917557,15.773281533966422
00-0039152,2023_09_TEN_PIT,2023,9,8.68,11.84062259092908,2,2022,13.590661950493727,11.84062259092908
00-0039163,2023_09_TB_HOU,2023,9,41.8,15.222753206860832,2,2022,15.788700557052868,15.222753206860832
00-0029263,2023_10_DEN_BUF,2023,10,18.72,15.57011163188576,2,2022,14.822826265271468,15.57011163188576
00-0030565,2023_10_WAS_SEA,2023,10,24.06,15.241697821940564,2,2022,15.333442255953925,15.241697821940564
00-0031280,2023_10_NO_MIN,2023,10,5.4,12.889921735514328,2,2022,14.13134152547932,12.889921735514328
00-0031503,2023_10_NO_MIN,2023,10,8.879999999999999,6.295345764593734,2,2022,7.116544429635496,6.295345764593734
00-0031800,2023_10_ATL_ARI,2023,10,9.6,12.395065099990562,2,2022,10.761111359386044,12.395065099990562
00-0033077,2023_10_NYG_DAL,2023,10,37.86,15.927838694190187,2,2022,17.301342294424156,15.927838694190187
00-0033106,2023_10_DET_LAC,2023,10,21.12,15.150959491603436,2,2022,14.944044438066166,15.150959491603436
00-0033275,2023_10_CLE_BAL,2023,10,0.0,7.570325141894622,2,2022,6.828359970649352,7.570325141894622
00-0033537,2023_10_CLE_BAL,2023,10,16.22,12.172254703351356,2,2022,13.605747332602544,12.172254703351356
00-0033949,2023_10_NO_MIN,2023,10,25.12,13.72136852733237,2,2022,12.8898351630024,13.72136852733237
00-0034796,2023_10_CLE_BAL,2023,10,13.02,16.16025180832182,2,2022,16.431316750779427,16.16025180832182
00-0034855,2023_10_TEN_TB,2023,10,18.32,15.597660740059206,2,2022,15.614123004907462,15.597660740059206
00-0034857,2023_10_DEN_BUF,2023,10,14.380000000000004,21.93110877943054,2,2022,22.08489068760637,21.93110877943054
00-0035289,2023_10_IND_NE,2023,10,5.66,15.119201482730803,2,2022,12.822386978119752,15.119201482730803
00-0036264,2023_10_GB_PIT,2023,10,16.660000000000004,14.271900969703175,2,2022,13.942130079186969,14.271900969703175
00-0036355,2023_10_DET_LAC,2023,10,28.42,18.508799447444744,2,2022,17.94610646676686,18.508799447444744
00-0036442,2023_10_HOU_CIN,2023,10,19.880000000000003,15.516420013876512,2,2022,16.289628233452504,15.516420013876512
00-0036971,2023_10_SF_JAX,2023,10,2.1000000000000005,13.12061187072958,2,2022,13.782185945191346,13.12061187072958
00-0036972,2023_10_IND_NE,2023,10,7.3,14.360050966576946,2,2022,13.65600690175868,14.360050966576946
00-0037013,2023_10_NYJ_LV,2023,10,13.92,13.313010327500708,2,2022,11.864349827104745,13.313010327500708
00-0037077,2023_10_WAS_SEA,2023,10,24.18,17.136424893683788,2,2022,15.93253948612576,17.136424893683788
00-0037834,2023_10_SF_JAX,2023,10,23.84,17.210255170234376,2,2022,16.600780337089386,17.210255170234376
00-0038102,2023_10_GB_PIT,2023,10,6.640000000000001,12.921470808879556,2,2022,12.59007793496307,12.921470808879556
00-0038122,2023_10_ATL_ARI,2023,10,8.66,13.31093616465666,2,2022,13.263142140451365,13.31093616465666
00-0038416,2023_10_CAR_CHI,2023,10,7.680000000000001,11.56497502585728,2,2022,11.255967596832065,11.56497502585728
00-0038476,2023_10_NYG_DAL,2023,10,13.54,8.22127002140337,2,2022,8.129307880295777,8.22127002140337
00-0038579,2023_10_NYJ_LV,2023,10,8.420000000000002,9.51229836456507,2,2022,10.47054328736074,9.51229836456507
00-0038582,2023_10_ATL_ARI,2023,10,6.1,9.026368698143326,2,2022,9.15186932703369,9.026368698143326
00-0039150,2023_10_CAR_CHI,2023,10,9.2,14.704405568639018,2,2022,13.600028429964311,14.704405568639018
00-0039152,2023_10_TEN_TB,2023,10,5.96,11.48778778750332,2,2022,12.173058856808986,11.48778778750332
00-0039163,2023_10_HOU_CIN,2023,10,19.040000000000003,17.394518889716,2,2022,16.954766540757713,17.394518889716
00-0026498,2023_11_SEA_LA,2023,11,9.7,10.860310200573553,2,2022,12.993483148418283,10.860310200573553
00-0029263,2023_11_MIN_DEN,2023,11,14.46,17.695907829871903,2,2022,16.1621118283147,17.695907829871903
00-0030565,2023_11_SEA_LA,2023,11,13.22,14.504738989913388,2,2022,15.889047856882708,14.504738989913388
00-0033077,2023_11_DAL_CAR,2023,11,16.16,19.757903913931223,2,2022,19.372869309118663,19.757903913931223
00-0033106,2023_11_CHI_DET,2023,11,13.739999999999998,17.396413649150176,2,2022,17.627382978292122,17.396413649150176
00-0033873,2023_11_PHI_KC,2023,11,16.88,16.543466919846065,2,2022,18.864403632081036,16.543466919846065
00-0033949,2023_11_MIN_DEN,2023,11,16.939999999999998,15.829854091789796,2,2022,14.604060731558562,15.829854091789796
00-0034796,2023_11_CIN_BAL,2023,11,23.96,17.293134735746396,2,2022,17.81053548315157,17.293134735746396
00-0034855,2023_11_TB_SF,2023,11,10.34,11.51002419935068,2,2022,13.771970513520056,11.51002419935068
00-0034857,2023_11_NYJ_BUF,2023,11,22.5,18.78612994053877,2,2022,19.22708591538668,18.78612994053877
00-0035228,2023_11_ARI_HOU,2023,11,21.66,11.588944279193663,2,2022,12.210063402661486,11.588944279193663
00-0036212,2023_11_LV_MIA,2023,11,17.6,16.654927119836568,2,2022,16.02695934328834,16.654927119836568
00-0036264,2023_11_LAC_GB,2023,11,20.880000000000003,16.375900270024264,2,2022,15.40067188517753,16.375900270024264
00-0036355,2023_11_LAC_GB,2023,11,25.7,18.173374803600165,2,2022,18.626216584332983,18.173374803600165
00-0036389,2023_11_PHI_KC,2023,11,18.9,21.21020362457667,2,2022,21.204288334186433,21.21020362457667
00-0036442,2023_11_CIN_BAL,2023,11,8.739999999999998,13.326418461964977,2,2022,14.743050692746394,13.326418461964977
00-0036945,2023_11_CHI_DET,2023,11,21.16,16.46048139563198,2,2022,14.656118330064444,16.46048139563198
00-0036971,2023_11_TEN_JAX,2023,11,32.18,14.429062320355133,2,2022,14.18820628328145,14.429062320355133
00-0037013,2023_11_NYJ_BUF,2023,11,6.74,13.332762299775334,2,2022,11.277475210659537,13.332762299775334
00-0037077,2023_11_NYG_WAS,2023,11,17.740000000000002,15.859126300191106,2,2022,16.206188652170347,15.859126300191106
00-0037834,2023_11_TB_SF,2023,11,26.72,16.325343296399296,2,2022,17.450772944365937,16.325343296399296
00-0038102,2023_11_PIT_CLE,2023,11,5.140000000000001,12.406027593854905,2,2022,12.492690616596333,12.406027593854905
00-0038476,2023_11_NYG_WAS,2023,11,22.54,10.1660741873261,2,2022,9.410624862806548,10.1660741873261
00-0038579,2023_11_LV_MIA,2023,11,9.14,11.165544444631603,2,2022,9.6878804913053,11.165544444631603
00-0038583,2023_11_PIT_CLE,2023,11,6.6000000000000005,6.283675504679815,2,2022,6.618904261970565,6.283675504679815
00-0039150,2023_11_DAL_CAR,2023,11,5.22,14.310231949982088,2,2022,13.407416569271073,14.310231949982088
00-0039152,2023_11_TEN_JAX,2023,11,12.52,11.685843476549003,2,2022,10.476172991920972,11.685843476549003
00-0039163,2023_11_ARI_HOU,2023,11,15.339999999999998,18.253839736556905,2,2022,17.858983457448403,18.253839736556905
00-0026498,2023_12_LA_ARI,2023,12,23.36,14.50761980440502,2,2022,14.13044044710936,14.50761980440502
00-0029263,2023_12_CLE_DEN,2023,12,16.759999999999998,16.408377101878962,2,2022,14.924687572810551,16.408377101878962
00-0030565,2023_12_SF_SEA,2023,12,7.300000000000001,13.733298746319177,2,2022,15.238393427208456,13.733298746319177
00-0031280,2023_12_NO_ATL,2023,12,10.86,11.27275349616237,2,2022,12.203504402716192,11.27275349616237
00-0033077,2023_12_WAS_DAL,2023,12,32.24,19.94595148294843,2,2022,20.78812681307857,19.94595148294843
00-0033106,2023_12_GB_DET,2023,12,18.18,15.270769438843825,2,2022,16.217595190295754,15.270769438843825
00-0033275,2023_12_CLE_DEN,2023,12,0.1400000000000001,5.476097288241792,2,2022,5.7760226115666775,5.476097288241792
00-0033873,2023_12_KC_LV,2023,12,20.82,18.109326602184815,2,2022,19.782664158653528,18.109326602184815
00-0033949,2023_12_CHI_MIN,2023,12,4.5,12.99611134376943,2,2022,13.905555530627456,12.99611134376943
00-0034796,2023_12_BAL_LAC,2023,12,14.98,17.083111621947552,2,2022,19.78468451200815,17.083111621947552
00-0034855,2023_12_TB_IND,2023,12,13.36,15.003651455916318,2,2022,14.62230969450226,15.003651455916318
00-0034857,2023_12_BUF_PHI,2023,12,39.66,19.45383029990742,2,2022,21.004430910193623,19.45383029990742
00-0035100,2023_12_PIT_CIN,2023,12,11.98,9.339429049692288,2,2022,9.0651972728085,9.339429049692288
00-0035228,2023_12_LA_ARI,2023,12,20.44,14.293020753202557,2,2022,14.450908741581866,14.293020753202557
00-0035289,2023_12_TB_IND,2023,12,14.64,14.27742934549389,2,2022,13.039177303776048,14.27742934549389
00-0036212,2023_12_MIA_NYJ,2023,12,7.82,15.918674633819194,2,2022,16.13486117908827,15.918674633819194
00-0036264,2023_12_GB_DET,2023,12,26.619999999999997,13.980621518431803,2,2022,14.369541821359435,13.980621518431803
00-0036355,2023_12_BAL_LAC,2023,12,13.38,19.414502473998137,2,2022,19.07047580594134,19.414502473998137
00-0036389,2023_12_BUF_PHI,2023,12,34.5,21.489000867228853,2,2022,20.58776159531425,21.489000867228853
00-0036945,2023_12_CHI_MIN,2023,12,10.58,18.127128789368843,2,2022,17.638865211444077,18.127128789368843
00-0036971,2023_12_JAX_HOU,2023,12,24.56,13.214554543726704,2,2022,15.627787690538852,13.214554543726704
00-0036972,2023_12_NE_NYG,2023,12,-0.4399999999999999,11.666911778453532,2,2022,12.294352395578038,11.666911778453532
00-0037077,2023_12_WAS_DAL,2023,12,17.3,16.457854224471166,2,2022,16.202621796577183,16.457854224471166
00-0037834,2023_12_SF_SEA,2023,12,10.46,18.89204365172826,2,2022,18.364485987792413,18.89204365172826
00-0038102,2023_12_PIT_CIN,2023,12,11.62,13.375626197347255,2,2022,12.857081260037122,13.375626197347255
00-0038122,2023_12_NO_ATL,2023,12,9.72,12.553798199055713,2,2022,13.071029921001616,12.553798199055713
00-0038476,2023_12_NE_NYG,2023,12,10.24,11.140393479014428,2,2022,10.35144652981448,11.140393479014428
00-0038579,2023_12_KC_LV,2023,12,13.92,11.989683554502069,2,2022,9.578792747279664,11.989683554502069
00-0038582,2023_12_LA_ARI,2023,12,2.0,7.430154960192261,2,2022,6.855447316783447,7.430154960192261
00-0038583,2023_12_CLE_DEN,2023,12,11.46,8.875402473376841,2,2022,8.432814992757171,8.875402473376841
00-0039150,2023_12_CAR_TEN,2023,12,8.06,13.548464820143524,2,2022,12.647309006815718,13.548464820143524
00-0039152,2023_12_CAR_TEN,2023,12,7.1000000000000005,10.919102806708878,2,2022,11.07873601363494,10.919102806708878
00-0039163,2023_12_JAX_HOU,2023,12,30.86,17.448467487142718,2,2022,17.73192473602617,17.448467487142718
00-0026498,2023_13_CLE_LA,2023,13,22.96,13.721472461792349,2,2022,14.723643233766197,13.721472461792349
00-0029263,2023_13_DEN_HOU,2023,13,15.840000000000002,17.2285448967413,2,2022,16.368387336840282,17.2285448967413
00-0030565,2023_13_SEA_DAL,2023,13,29.96,13.47148564758332,2,2022,14.689322673778218,13.47148564758332
00-0031280,2023_13_DET_NO,2023,13,8.940000000000001,13.969443416911249,2,2022,14.433635075338422,13.969443416911249
00-0031503,2023_13_DET_NO,2023,13,1.64,7.184748895042864,2,2022,9.020875722533304,7.184748895042864
00-0033077,2023_13_SEA_DAL,2023,13,28.26,17.76004436962472,2,2022,19.93048055865529,17.76004436962472
00-0033106,2023_13_DET_NO,2023,13,16.32,16.677934436225478,2,2022,16.0656585531627,16.677934436225478
00-0033869,2023_13_ARI_PIT,2023,13,7.18,7.985494719145143,2,2022,8.221114393368113,7.985494719145143
00-0033873,2023_13_KC_GB,2023,13,13.0,17.51679994646082,2,2022,19.627122128047297,17.51679994646082
00-0034177,2023_13_ATL_NYJ,2023,13,4.12,6.841099242711768,2,2022,9.193400499977193,6.841099242711768
00-0034855,2023_13_CAR_TB,2023,13,9.88,13.935202322469516,2,2022,14.502024822794631,13.935202322469516
00-0035100,2023_13_CIN_JAX,2023,13,26.66,14.211975064528628,2,2022,12.064379984437624,14.211975064528628
00-0035228,2023_13_ARI_PIT,2023,13,11.8,11.44551483857773,2,2022,12.579251209132966,11.44551483857773
00-0035289,2023_13_IND_TEN,2023,13,18.68,14.596093519278249,2,2022,13.445263705649442,14.596093519278249
00-0036212,2023_13_MIA_WAS,2023,13,19.200000000000003,16.66074428291893,2,2022,15.509627487607595,16.66074428291893
00-0036264,2023_13_KC_GB,2023,13,23.68,15.385547040740802,2,2022,15.986461028044534,15.385547040740802
00-0036355,2023_13_LAC_NE,2023,13,7.98,16.956129670391025,2,2022,17.56430314483144,16.956129670391025
00-0036389,2023_13_SF_PHI,2023,13,23.92,21.66490547090598,2,2022,20.99253346338208,21.66490547090598
00-0036971,2023_13_CIN_JAX,2023,13,25.12,13.881456486432754,2,2022,14.708992570696294,13.881456486432754
00-0037077,2023_13_MIA_WAS,2023,13,19.18,18.057389970056132,2,2022,17.32827255820897,18.057389970056132
00-0037834,2023_13_SF_PHI,2023,13,29.46,18.951023259698633,2,2022,17.445368557030402,18.951023259698633
00-0038102,2023_13_ARI_PIT,2023,13,3.1000000000000005,14.408366237720951,2,2022,14.193754862465129,14.408366237720951
00-0038108,2023_13_LAC_NE,2023,13,7.24,7.835492597400714,2,2022,9.41092387917204,7.835492597400714
00-0038122,2023_13_ATL_NYJ,2023,13,8.84,13.158911495428097,2,2022,13.111354692536704,13.158911495428097
00-0039150,2023_13_CAR_TB,2023,13,7.12,12.463171703062104,2,2022,12.754893404098333,12.463171703062104
00-0039152,2023_13_IND_TEN,2023,13,11.46,13.317029476636806,2,2022,11.454214675691668,13.317029476636806
00-0039163,2023_13_DEN_HOU,2023,13,16.060000000000002,19.86210614588013,2,2022,19.1327688578637,19.86210614588013
00-0026158,2023_14_JAX_CLE,2023,14,20.339999999999996,8.379954752709313,2,2022,9.45833244622678,8.379954752709313
00-0026498,2023_14_LA_BAL,2023,14,23.659999999999997,12.07961818529284,2,2022,12.99770627315811,12.07961818529284
00-0029263,2023_14_DEN_LAC,2023,14,15.46,17.03420527239769,2,2022,16.396836131470323,17.03420527239769
00-0031280,2023_14_CAR_NO,2023,14,10.76,13.440384124834734,2,2022,13.367260921950908,13.440384124834734
00-0031503,2023_14_CAR_NO,2023,14,-0.2,8.23497566643339,2,2022,9.398900020824929,8.23497566643339
00-0033077,2023_14_PHI_DAL,2023,14,17.94,20.84240158797638,2,2022,20.66982524569231,20.84240158797638
00-0033106,2023_14_DET_CHI,2023,14,4.440000000000001,15.572382532205047,2,2022,16.186620321906744,15.572382532205047
00-0033869,2023_14_NE_PIT,2023,14,20.6,10.624348441640782,2,2022,9.828173536518634,10.624348441640782
00-0033873,2023_14_BUF_KC,2023,14,13.64,16.94731647507083,2,2022,19.524313908657085,16.94731647507083
00-0033949,2023_14_MIN_LV,2023,14,4.62,13.08196423061845,2,2022,12.030895918615002,13.08196423061845
00-0034796,2023_14_LA_BAL,2023,14,31.64,16.141660562943677,2,2022,16.511980735150555,16.141660562943677
00-0034855,2023_14_TB_ATL,2023,14,20.06,13.895517504893345,2,2022,13.701550328746736,13.895517504893345
00-0034857,2023_14_BUF_KC,2023,14,20.52,21.366742114367867,2,2022,21.891732027821917,21.366742114367867
00-0035100,2023_14_IND_CIN,2023,14,23.7,12.088299866648793,2,2022,13.708441072935672,12.088299866648793
00-0035289,2023_14_IND_CIN,2023,14,14.1,15.346545731541273,2,2022,14.241391833242284,15.346545731541273
00-0036212,2023_14_TEN_MIA,2023,14,9.1,18.00493327017945,2,2022,16.277886801095065,18.00493327017945
00-0036264,2023_14_GB_NYG,2023,14,8.92,16.438051257381627,2,2022,16.356361019443977,16.438051257381627
00-0036355,2023_14_DEN_LAC,2023,14,1.84,15.690017828107305,2,2022,16.832591119927482,15.690017828107305
00-0036389,2023_14_PHI_DAL,2023,14,8.879999999999999,24.622899619725462,2,2022,22.670121278337987,24.622899619725462
00-0036945,2023_14_DET_CHI,2023,14,24.72,18.613944802978093,2,2022,16.796855991453416,18.613944802978093
00-0036971,2023_14_JAX_CLE,2023,14,17.380000000000003,13.84908994292703,2,2022,15.508354596725894,13.84908994292703
00-0037013,2023_14_HOU_NYJ,2023,14,19.24,9.96470623470602,2,2022,10.58686783937286,9.96470623470602
00-0037834,2023_14_SEA_SF,2023,14,21.42,18.752303313022235,2,2022,18.647336331383578,18.752303313022235
00-0038108,2023_14_NE_PIT,2023,14,20.9,7.992520048946396,2,2022,9.250587935909468,7.992520048946396
00-0038122,2023_14_TB_ATL,2023,14,25.380000000000003,13.891621740011162,2,2022,14.132651361737048,13.891621740011162
00-0038476,2023_14_GB_NYG,2023,14,17.42,9.668012809602086,2,2022,9.836776787756053,9.668012809602086
00-0038579,2023_14_MIN_LV,2023,14,5.04,11.143672811627358,2,2022,11.322440071032617,11.143672811627358
00-0038583,2023_14_JAX_CLE,2023,14,0.5,8.97533940000488,2,2022,8.173622041496508,8.97533940000488
00-0039150,2023_14_CAR_NO,2023,14,7.48,13.721011810315,2,2022,12.0077361150876,13.721011810315
00-0039152,2023_14_TEN_MIA,2023,14,16.58,12.208769199547325,2,2022,12.308066140324057,12.208769199547325
00-0039163,2023_14_HOU_NYJ,2023,14,3.64,15.9192209732227,2,2022,17.51763548063274,15.9192209732227
00-0026158,2023_15_CHI_CLE,2023,15,16.86,8.639011427840314,2,2022,9.955753257413102,8.639011427840314
00-0026498,2023_15_WAS_LA,2023,15,18.52,16.602260172570418,2,2022,17.14150430045563,16.602260172570418
00-0028118,2023_15_NYG_NO,2023,15,0.52,7.763519108341722,2,2022,9.71887742400919,7.763519108341722
00-0029263,2023_15_DEN_DET,2023,15,17.52,17.832487332715985,2,2022,16.266658712508992,17.832487332715985
00-0031280,2023_15_NYG_NO,2023,15,20.32,13.849042492306062,2,2022,13.519413369914146,13.849042492306062
00-0032156,2023_15_NYJ_MIA,2023,15,-1.5999999999999996,6.421999960094754,2,2022,6.478105335596155,6.421999960094754
00-0033077,2023_15_DAL_BUF,2023,15,6.0600000000000005,17.868540302915772,2,2022,19.533553762994828,17.868540302915772
00-0033106,2023_15_DEN_DET,2023,15,31.12,16.68114937375945,2,2022,15.74469066603763,16.68114937375945
00-0033869,2023_15_PIT_IND,2023,15,12.86,11.86918245289666,2,2022,10.66035184795412,11.86918245289666
00-0033873,2023_15_KC_NE,2023,15,15.700000000000005,15.060386117532978,2,2022,17.479199074150653,15.060386117532978
00-0034796,2023_15_BAL_JAX,2023,15,18.54,19.406114440016708,2,2022,18.861425802866123,19.406114440016708
00-0034855,2023_15_TB_GB,2023,15,29.040000000000003,14.2992383125088,2,2022,13.323956694097038,14.2992383125088
00-0034857,2023_15_DAL_BUF,2023,15,16.16,22.48479319906306,2,2022,23.182328939732415,22.48479319906306
00-0035100,2023_15_MIN_CIN,2023,15,18.96,12.756588966624095,2,2022,13.9029585955517,12.756588966624095
00-0035228,2023_15_SF_ARI,2023,15,13.34,11.372989906648762,2,2022,12.212710000197095,11.372989906648762
00-0035282,2023_15_LAC_LV,2023,15,17.380000000000003,7.374089807952614,2,2022,8.38532761707825,7.374089807952614
00-0035289,2023_15_PIT_IND,2023,15,20.6,14.639329268194508,2,2022,13.608708249185243,14.639329268194508
00-0035704,2023_15_PHI_SEA,2023,15,12.12,10.365251175267872,2,2022,11.903076944075316,10.365251175267872
00-0036212,2023_15_NYJ_MIA,2023,15,12.96,14.657139324711586,2,2022,14.60359466348982,14.657139324711586
00-0036264,2023_15_TB_GB,2023,15,17.46,17.051982421858035,2,2022,15.761953134795052,17.051982421858035
00-0036389,2023_15_PHI_SEA,2023,15,21.92,21.593704541143467,2,2022,20.767523563786547,21.593704541143467
00-0036945,2023_15_CHI_CLE,2023,15,9.64,17.177971071376056,2,2022,17.521883358778116,17.177971071376056
00-0036971,2023_15_BAL_JAX,2023,15,14.66,14.454113447928773,2,2022,16.22273755598527,14.454113447928773
00-0037013,2023_15_NYJ_MIA,2023,15,-0.96,12.861231597900384,2,2022,12.215890891474126,12.861231597900384
00-0037077,2023_15_WAS_LA,2023,15,8.280000000000001,18.301649227416114,2,2022,15.90015136397408,18.301649227416114
00-0037834,2023_15_SF_ARI,2023,15,25.68,18.919858844999112,2,2022,19.561319423247525,18.919858844999112
00-0038108,2023_15_KC_NE,2023,15,9.4,12.46153484947968,2,2022,10.928995535683304,12.46153484947968
00-0038122,2023_15_ATL_CAR,2023,15,7.88,13.277510825274929,2,2022,13.517369938670829,13.277510825274929
00-0038476,2023_15_NYG_NO,2023,15,10.68,11.729086441519438,2,2022,10.228848054272628,11.729086441519438
00-0038579,2023_15_LAC_LV,2023,15,25.92,12.197144332689245,2,2022,12.430823636207302,12.197144332689245
00-0038582,2023_15_SF_ARI,2023,15,0.0,6.920622194433767,2,2022,7.270097379706895,6.920622194433767
00-0038583,2023_15_CHI_CLE,2023,15,0.2,7.664595735223044,2,2022,8.043099095278738,7.664595735223044
00-0039150,2023_15_ATL_CAR,2023,15,7.58,13.523843652201045,2,2022,13.224253793290996,13.523843652201045
00-0039152,2023_15_HOU_TEN,2023,15,14.46,13.576634038040185,2,2022,13.14347269969922,13.576634038040185
00-0026158,2023_16_CLE_HOU,2023,16,24.82,7.064807119608635,2,2022,8.753788843088344,7.064807119608635
00-0026498,2023_16_NO_LA,2023,16,20.72,15.09765003337987,2,2022,16.163041696587257,15.09765003337987
00-0028118,2023_16_NYG_PHI,2023,16,9.42,10.72814410085886,2,2022,10.879535940970047,10.72814410085886
00-0028986,2023_16_CLE_HOU,2023,16,-1.52,7.693186620910477,2,2022,9.591940110700964,7.693186620910477
00-0029263,2023_16_NE_DEN,2023,16,23.52,14.808245575191824,2,2022,15.21769449037,14.808245575191824
00-0029701,2023_16_SEA_TEN,2023,16,9.78,10.34511215103408,2,2022,9.635763505934996,10.34511215103408
00-0030565,2023_16_SEA_TEN,2023,16,17.279999999999998,12.799204486348811,2,2022,14.53057905563888,12.799204486348811
00-0031280,2023_16_NO_LA,2023,16,24.959999999999997,12.90928841178575,2,2022,13.544853882916888,12.90928841178575
00-0031800,2023_16_IND_ATL,2023,16,14.16,8.323955274703868,2,2022,9.003538236112572,8.323955274703868
00-0032156,2023_16_WAS_NYJ,2023,16,10.48,8.187115533646445,2,2022,8.288888752620363,8.187115533646445
00-0033077,2023_16_DAL_MIA,2023,16,18.62,20.485380601751125,2,2022,19.250871219643276,20.485380601751125
00-0033106,2023_16_DET_MIN,2023,16,14.28,16.690397610830292,2,2022,16.163026567309785,16.690397610830292
00-0033319,2023_16_DET_MIN,2023,16,16.540000000000003,10.872367364944784,2,2022,12.30545067773026,10.872367364944784
00-0033873,2023_16_LV_KC,2023,16,16.700000000000003,17.29759110103699,2,2022,18.30713537468079,17.29759110103699
00-0034796,2023_16_BAL_SF,2023,16,22.58,18.156196186692167,2,2022,18.85395256423504,18.156196186692167
00-0034855,2023_16_JAX_TB,2023,16,19.82,15.148882929154546,2,2022,15.425438447352622,15.148882929154546
00-0034857,2023_16_BUF_LAC,2023,16,24.98,23.711405377711113,2,2022,22.519213097901577,23.711405377711113
00-0035100,2023_16_CIN_PIT,2023,16,13.4,11.932508286692606,2,2022,13.322616802853592,11.932508286692606
00-0035228,2023_16_ARI_CHI,2023,16,20.4,11.832704827021365,2,2022,10.8756772340124,11.832704827021365
00-0035282,2023_16_BUF_LAC,2023,16,17.1,11.186255653204258,2,2022,10.924925745660872,11.186255653204258
00-0035289,2023_16_IND_ATL,2023,16,9.14,15.219058481037775,2,2022,14.495236254590882,15.219058481037775
00-0036212,2023_16_DAL_MIA,2023,16,15.52,18.124905773661677,2,2022,15.280295376972012,18.124905773661677
00-0036264,2023_16_GB_CAR,2023,16,23.959999999999997,16.195288769927522,2,2022,15.890116732140296,16.195288769927522
00-0036389,2023_16_NYG_PHI,2023,16,23.44,18.489099947373074,2,2022,18.43529690349313,18.489099947373074
00-0036945,2023_16_ARI_CHI,2023,16,24.5,18.105922654916967,2,2022,17.011455004150058,18.105922654916967
00-0036971,2023_16_JAX_TB,2023,16,9.34,15.905737621123874,2,2022,15.598737924592148,15.905737621123874
00-0037077,2023_16_WAS_NYJ,2023,16,-1.7599999999999998,15.320074398803952,2,2022,14.802473781689525,15.320074398803952
00-0037834,2023_16_BAL_SF,2023,16,2.4000000000000012,18.953340356887107,2,2022,18.577263819145585,18.953340356887107
00-0038108,2023_16_NE_DEN,2023,16,16.44,11.579087785920574,2,2022,10.531551934039063,11.579087785920574
00-0038476,2023_16_NYG_PHI,2023,16,2.7,11.198669037400911,2,2022,10.101354303513514,11.198669037400911
00-0038579,2023_16_LV_KC,2023,16,2.08,11.299527290916258,2,2022,11.36705956705651,11.299527290916258
00-0038583,2023_16_CLE_HOU,2023,16,1.74,7.533556393756861,2,2022,7.551919935496436,7.533556393756861
00-0039150,2023_16_GB_CAR,2023,16,22.18,14.766342288138144,2,2022,13.349720511976324,14.766342288138144
00-0026158,2023_17_NYJ_CLE,2023,17,22.66,13.153757168748443,2,2022,14.155187085404949,13.153757168748443
00-0026498,2023_17_LA_NYG,2023,17,12.58,15.69277546359374,2,2022,15.71729531528365,15.69277546359374
00-0028118,2023_17_LA_NYG,2023,17,18.76,12.588142237074956,2,2022,11.619479094863078,12.588142237074956
00-0029701,2023_17_TEN_HOU,2023,17,6.72,13.42421912618152,2,2022,11.39573706720126,13.42421912618152
00-0030565,2023_17_PIT_SEA,2023,17,16.9,14.225342135193086,2,2022,14.861123984597986,14.225342135193086
00-0031280,2023_17_NO_TB,2023,17,15.579999999999998,12.784744512084112,2,2022,13.776202447622698,12.784744512084112
00-0031800,2023_17_ATL_CHI,2023,17,15.12,12.129267399010716,2,2022,10.578212765081949,12.129267399010716
00-0032156,2023_17_NYJ_CLE,2023,17,13.74,7.581091238275306,2,2022,7.999663681474318,7.581091238275306
00-0033077,2023_17_DET_DAL,2023,17,20.3,21.993876286190645,2,2022,20.418704757233183,21.993876286190645
00-0033106,2023_17_DET_DAL,2023,17,10.84,17.888123696962754,2,2022,16.816679874312943,17.888123696962754
00-0033319,2023_17_GB_MIN,2023,17,9.12,9.64950423450099,2,2022,11.366332034909869,9.64950423450099
00-0033873,2023_17_CIN_KC,2023,17,12.0,17.388555521355354,2,2022,18.340658495518344,17.388555521355354
00-0034771,2023_17_PIT_SEA,2023,17,11.46,11.63451433162999,2,2022,13.630467903961918,11.63451433162999
00-0034796,2023_17_MIA_BAL,2023,17,36.34,20.02499186993542,2,2022,20.300574307425684,20.02499186993542
00-0034855,2023_17_NO_TB,2023,17,16.259999999999998,15.510137746658032,2,2022,15.902236718687938,15.510137746658032
00-0034857,2023_17_NE_BUF,2023,17,21.16,19.982746940671905,2,2022,19.979677499747712,19.982746940671905
00-0035100,2023_17_CIN_KC,2023,17,21.08,9.918925109072168,2,2022,12.494185735230811,9.918925109072168
00-0035228,2023_17_ARI_PHI,2023,17,23.68,12.172233507526212,2,2022,12.894359912569309,12.172233507526212
00-0035282,2023_17_LAC_DEN,2023,17,11.9,11.816618842904075,2,2022,10.625585662579711,11.816618842904075
00-0035289,2023_17_LV_IND,2023,17,13.260000000000002,15.65783437065971,2,2022,14.52123557074838,15.65783437065971
00-0036212,2023_17_MIA_BAL,2023,17,14.88,15.086048583938307,2,2022,14.668196351234908,15.086048583938307
00-0036264,2023_17_GB_MIN,2023,17,28.44,17.030574878690093,2,2022,16.36196144958339,17.030574878690093
00-0036389,2023_17_ARI_PHI,2023,17,19.18,21.81022176877523,2,2022,21.19780746675292,21.81022176877523
00-0036945,2023_17_ATL_CHI,2023,17,25.22,18.568166821516133,2,2022,17.59989450527232,18.568166821516133
00-0037077,2023_17_SF_WAS,2023,17,6.66,15.04151800874934,2,2022,14.291589893082277,15.04151800874934
00-0037834,2023_17_SF_WAS,2023,17,17.6,18.32058782213006,2,2022,17.895812019767583,18.32058782213006
00-0038108,2023_17_NE_BUF,2023,17,12.06,11.555100328336286,2,2022,10.836340309997214,11.555100328336286
00-0038122,2023_17_ATL_CHI,2023,17,-1.3199999999999998,11.109506719668277,2,2022,12.208238755293928,11.109506719668277
00-0038579,2023_17_LV_IND,2023,17,20.26,13.691942795684788,2,2022,12.139269043515522,13.691942795684788
00-0039150,2023_17_CAR_JAX,2023,17,2.6800000000000006,13.77767166052418,2,2022,13.16458367282852,13.77767166052418
00-0039152,2023_17_TEN_HOU,2023,17,-1.36,11.117046146519984,2,2022,12.453063129409136,11.117046146519984
00-0039163,2023_17_TEN_HOU,2023,17,12.92,16.477001011109174,2,2022,16.111694621589535,16.477001011109174
00-0028118,2023_18_PHI_NYG,2023,18,17.68,14.235730967729909,2,2022,12.223473727246391,14.235730967729909
00-0029701,2023_18_JAX_TEN,2023,18,12.419999999999998,12.508152509279236,2,2022,12.822941076189457,12.508152509279236
00-0030565,2023_18_SEA_ARI,2023,18,20.36,15.619489274428416,2,2022,16.381238691301455,15.619489274428416
00-0031280,2023_18_ATL_NO,2023,18,27.160000000000004,13.303398890505148,2,2022,14.555814685685178,13.303398890505148
00-0031345,2023_18_DEN_LV,2023,18,0.0,10.332229473368308,2,2022,9.9678806100591,10.332229473368308
00-0032156,2023_18_NYJ_NE,2023,18,2.9000000000000004,10.127240527501904,2,2022,8.967732819751173,10.127240527501904
00-0033077,2023_18_DAL_WAS,2023,18,25.16,18.96264066727015,2,2022,19.47109571337462,18.96264066727015
00-0033106,2023_18_MIN_DET,2023,18,20.8,18.781006558835145,2,2022,17.213252257246612,18.781006558835145
00-0033319,2023_18_MIN_DET,2023,18,20.64,10.731687508755783,2,2022,11.131300329016634,10.731687508755783
00-0034771,2023_18_PIT_BAL,2023,18,7.98,9.879957214512402,2,2022,12.446939094895264,9.879957214512402
00-0034855,2023_18_TB_CAR,2023,18,6.180000000000001,15.274062329623709,2,2022,15.561954590528629,15.274062329623709
00-0034857,2023_18_BUF_MIA,2023,18,23.06,23.09325514754483,2,2022,21.804045824448025,23.09325514754483
00-0035100,2023_18_CLE_CIN,2023,18,18.040000000000003,9.802559474315666,2,2022,12.903633310237948,9.802559474315666
00-0035228,2023_18_SEA_ARI,2023,18,17.78,12.159520502529006,2,2022,14.288023248603483,12.159520502529006
00-0035264,2023_18_DEN_LV,2023,18,13.08,9.77882658268096,2,2022,12.004422643593374,9.77882658268096
00-0035282,2023_18_KC_LAC,2023,18,16.02,10.176895758320958,2,2022,10.879055569422643,10.176895758320958
00-0035289,2023_18_HOU_IND,2023,18,8.54,16.66176168055973,2,2022,15.138936503776264,16.66176168055973
00-0036212,2023_18_BUF_MIA,2023,18,7.62,16.532567142193486,2,2022,15.04020428458776,16.532567142193486
00-0036264,2023_18_CHI_GB,2023,18,18.54,18.237500983626255,2,2022,17.662059914855423,18.237500983626255
00-0036389,2023_18_PHI_NYG,2023,18,0.6000000000000002,18.757377949296988,2,2022,19.69724765522857,18.757377949296988
00-0036945,2023_18_CHI_GB,2023,18,8.620000000000001,20.370089934193757,2,2022,18.931268359435755,20.370089934193757
00-0036971,2023_18_JAX_TEN,2023,18,16.200000000000003,14.505008329599852,2,2022,14.326261404151168,14.505008329599852
00-0037077,2023_18_DAL_WAS,2023,18,7.420000000000001,17.478183494038937,2,2022,16.176106261917766,17.478183494038937
00-0038108,2023_18_NYJ_NE,2023,18,0.8200000000000001,11.359717191200597,2,2022,11.286782176424213,11.359717191200597
00-0038122,2023_18_ATL_NO,2023,18,15.64,11.867986159709092,2,2022,12.060463719622298,11.867986159709092
00-0038476,2023_18_PHI_NYG,2023,18,0.56,10.531845686240768,2,2022,11.701124090161906,10.531845686240768
00-0038579,2023_18_DEN_LV,2023,18,17.86,13.06814881652215,2,2022,13.223827860181292,13.06814881652215
00-0038582,2023_18_SEA_ARI,2023,18,0.1,7.437500023060806,2,2022,6.85096765768524,7.437500023060806
00-0039150,2023_18_TB_CAR,2023,18,4.16,13.187189118767964,2,2022,12.815929056441082,13.187189118767964
00-0039163,2023_18_HOU_IND,2023,18,20.56,17.38425094806222,2,2022,16.43896375950368,17.38425094806222
00-0026158,2023_19_CLE_HOU,2023,19,13.580000000000002,12.693739424944717,2,2022,13.205985746873138,12.693739424944717
00-0026498,2023_19_LA_DET,2023,19,22.68,16.601427494216274,2,2022,16.170542005093345,16.601427494216274
00-0033077,2023_19_GB_DAL,2023,19,30.62,21.449458453425628,2,2022,21.08694235030597,21.449458453425628
00-0033106,2023_19_LA_DET,2023,19,14.78,17.916390731787676,2,2022,17.758768447173114,17.916390731787676
00-0033873,2023_19_MIA_KC,2023,19,18.58,17.13740046068407,2,2022,17.470000457998957,17.13740046068407
00-0034771,2023_19_PIT_BUF,2023,19,16.76,12.438615521359424,2,2022,11.6864022460292,12.438615521359424
00-0034855,2023_19_PHI_TB,2023,19,27.08,15.77115092212336,2,2022,14.924261596587243,15.77115092212336
00-0034857,2023_19_PIT_BUF,2023,19,33.52,19.239417838091143,2,2022,20.350408788191015,19.239417838091143
00-0036212,2023_19_MIA_KC,2023,19,12.46,14.459315662477117,2,2022,14.33092379299018,14.459315662477117
00-0036264,2023_19_GB_DAL,2023,19,22.78,18.60143224949545,2,2022,18.348051881919098,18.60143224949545
00-0036389,2023_19_PHI_TB,2023,19,14.5,18.969781942235635,2,2022,18.282009329320793,18.969781942235635
00-0036898,2023_19_CLE_HOU,2023,19,-0.16,9.238443973687914,2,2022,10.79898687356858,9.238443973687914
00-0039163,2023_19_CLE_HOU,2023,19,23.06,16.99521485573045,2,2022,17.083251904168606,16.99521485573045
00-0033106,2023_20_TB_DET,2023,20,20.08,17.58743744205467,2,2022,16.767807129772674,17.58743744205467
00-0033873,2023_20_KC_BUF,2023,20,18.5,15.649534509059192,2,2022,17.41632852518079,15.649534509059192
00-0034796,2023_20_HOU_BAL,2023,20,36.08,20.728697831294784,2,2022,19.43339923198147,20.728697831294784
00-0034855,2023_20_TB_DET,2023,20,23.46,16.268623846480654,2,2022,15.4706070062538,16.268623846480654
00-0034857,2023_20_KC_BUF,2023,20,30.64,23.1444289983736,2,2022,22.49189500718014,23.1444289983736
00-0036264,2023_20_GB_SF,2023,20,14.06,18.233856141361784,2,2022,16.730626475608236,18.233856141361784
00-0037834,2023_20_GB_SF,2023,20,15.48,18.114710422349937,2,2022,16.69546359468776,18.114710422349937
00-0039163,2023_20_HOU_BAL,2023,20,7.9,15.814646015579422,2,2022,16.052296009145806,15.814646015579422
00-0033106,2023_21_DET_SF,2023,21,14.92,15.869105987847451,2,2022,16.42293859324545,15.869105987847451
00-0033873,2023_21_KC_BAL,2023,21,15.14,16.54200403809699,2,2022,17.70946750427837,16.54200403809699
00-0034796,2023_21_KC_BAL,2023,21,18.58,21.687130156657616,2,2022,22.072781271812115,21.687130156657616
00-0037834,2023_21_DET_SF,2023,21,17.48,19.671325571137046,2,2022,18.549002703368348,19.671325571137046
00-0033873,2023_22_SF_KC,2023,22,25.92,16.52658797255399,2,2022,18.36404678726367,16.52658797255399
00-0037834,2023_22_SF_KC,2023,22,15.400000000000002,19.056186013977293,2,2022,16.696304746490046,19.056186013977293
00-0023459,2024_02_NYJ_TEN,2024,2,15.14,14.188905882703,3,2023,12.411384933740042,14.188905882703
00-0026498,2024_02_LA_ARI,2024,2,6.640000000000001,16.24830838547782,3,2023,16.862047092631148,16.24830838547782
00-0029604,2024_02_ATL_PHI,2024,2,17.54,14.31426004494856,3,2023,11.910341267755108,14.31426004494856
00-0030565,2024_02_SEA_NE,2024,2,17.88,16.820256285532636,3,2023,16.005228297995615,16.820256285532636
00-0031280,2024_02_NO_DAL,2024,2,21.82,14.79487193503423,3,2023,16.457220436226464,14.79487193503423
00-0033077,2024_02_NO_DAL,2024,2,12.920000000000002,16.869406033327508,3,2023,15.074281863873075,16.869406033327508
00-0033106,2024_02_TB_DET,2024,2,8.780000000000001,16.651818081148914,3,2023,15.869687079947632,16.651818081148914
00-0033119,2024_02_SEA_NE,2024,2,10.56,14.985314554019627,3,2023,14.324664445240009,14.985314554019627
00-0033537,2024_02_CLE_JAX,2024,2,15.44,13.739638073376048,3,2023,13.0359270619186,13.739638073376048
00-0033873,2024_02_CIN_KC,2024,2,12.94,16.100486679552052,3,2023,16.33641895673429,16.100486679552052
00-0034796,2024_02_LV_BAL,2024,2,16.380000000000003,19.3919405280869,3,2023,18.72233211650898,19.3919405280869
00-0034855,2024_02_TB_DET,2024,2,18.8,17.59014860210668,3,2023,17.86437339425343,17.59014860210668
00-0034857,2024_02_BUF_MIA,2024,2,9.76,22.983449508535458,3,2023,23.21984016659289,22.983449508535458
00-0034869,2024_02_SF_MIN,2024,2,19.92,15.206774734638492,3,2023,15.3135523506929,15.206774734638492
00-0035228,2024_02_LA_ARI,2024,2,28.54,17.071232400071334,3,2023,16.11448686566754,17.071232400071334
00-0035289,2024_02_LV_BAL,2024,2,12.94,10.612001306843354,3,2023,13.151412773622653,10.612001306843354
00-0035710,2024_02_NYG_WAS,2024,2,18.32,12.98029324254307,3,2023,12.794427407835856,12.98029324254307
00-0036212,2024_02_BUF_MIA,2024,2,5.500000000000001,15.119480297435668,3,2023,16.205403959796723,15.119480297435668
00-0036355,2024_02_LAC_CAR,2024,2,11.0,13.66478196536899,3,2023,13.300084550465868,13.66478196536899
00-0036389,2024_02_ATL_PHI,2024,2,23.82,18.946075526711095,3,2023,17.19471094232339,18.946075526711095
00-0036442,2024_02_CIN_KC,2024,2,17.22,14.714750061687342,3,2023,13.702253220749496,14.714750061687342
00-0036945,2024_02_PIT_DEN,2024,2,11.38,12.228792764264092,3,2023,14.448065722899036,12.228792764264092
00-0036971,2024_02_CLE_JAX,2024,2,13.3,14.751404547481055,3,2023,14.454797999368475,14.751404547481055
00-0037834,2024_02_SF_MIN,2024,2,13.959999999999996,16.777986907835736,3,2023,15.78338715149046,16.777986907835736
00-0039150,2024_02_LAC_CAR,2024,2,1.96,12.727923212315751,3,2023,11.777060783713692,12.727923212315751
00-0039152,2024_02_NYJ_TEN,2024,2,11.48,18.29321161907823,3,2023,15.380990421746915,18.29321161907823
00-0039163,2024_02_CHI_HOU,2024,2,14.3,17.02462620759893,3,2023,16.98539182800142,17.02462620759893
00-0039164,2024_02_IND_GB,2024,2,9.86,14.726972296583014,3,2023,16.712359683837715,14.726972296583014
00-0039732,2024_02_PIT_DEN,2024,2,8.34,12.384540069745452,3,2023,14.464804456212986,12.384540069745452
00-0039910,2024_02_NYG_WAS,2024,2,13.44,17.55774379478579,3,2023,20.23388383745352,17.55774379478579
00-0039918,2024_02_CHI_HOU,2024,2,7.36,14.31886053622963,3,2023,13.272869174740636,14.31886053622963
00-0023459,2024_03_NE_NYJ,2024,3,21.040000000000003,12.593064682822542,3,2023,12.788759902950824,12.593064682822542
00-0026498,2024_03_SF_LA,2024,3,12.84,14.328774032021036,3,2023,14.621189880589077,14.328774032021036
00-0029604,2024_03_KC_ATL,2024,3,11.1,15.986554041060462,3,2023,14.80028061179694,15.986554041060462
00-0030565,2024_03_MIA_SEA,2024,3,11.36,16.096835500928073,3,2023,16.696301730788612,16.096835500928073
00-0031280,2024_03_PHI_NO,2024,3,7.98,14.683632664691125,3,2023,16.52813331719856,14.683632664691125
00-0033077,2024_03_BAL_DAL,2024,3,29.86,13.797816821644092,3,2023,14.59598501110844,13.797816821644092
00-0033106,2024_03_DET_ARI,2024,3,14.56,16.92232901756682,3,2023,15.777199734274737,16.92232901756682
00-0033119,2024_03_NE_NYJ,2024,3,3.92,13.285722696536338,3,2023,13.315661262562942,13.285722696536338
00-0033537,2024_03_NYG_CLE,2024,3,16.44,16.358522546550073,3,2023,14.35626967725097,16.358522546550073
00-0033873,2024_03_KC_ATL,2024,3,16.38,17.688733058299306,3,2023,16.19617503063854,17.688733058299306
00-0034796,2024_03_BAL_DAL,2024,3,25.980000000000004,21.056890628047196,3,2023,18.88604366466955,21.056890628047196
00-0034855,2024_03_DEN_TB,2024,3,8.52,16.19453164429816,3,2023,17.280977750480353,16.19453164429816
00-0034857,2024_03_JAX_BUF,2024,3,30.92,22.82107680620783,3,2023,22.140990601595853,22.82107680620783
00-0034869,2024_03_HOU_MIN,2024,3,23.24,16.514546026223915,3,2023,16.775899196377036,16.514546026223915
00-0035228,2024_03_DET_ARI,2024,3,14.78,16.981074379056103,3,2023,17.68919602124629,16.981074379056103
00-0035289,2024_03_CAR_LV,2024,3,13.96,17.010645499964447,3,2023,15.634176841992051,17.010645499964447
00-0035710,2024_03_NYG_CLE,2024,3,19.44,10.080173809022233,3,2023,12.142466035718336,10.080173809022233
00-0036355,2024_03_LAC_PIT,2024,3,9.0,9.06961590409939,3,2023,12.30264646942487,9.06961590409939
00-0036389,2024_03_PHI_NO,2024,3,10.94,15.920939994665122,3,2023,19.1220106823384,15.920939994665122
00-0036442,2024_03_WAS_CIN,2024,3,25.36,16.393519621631203,3,2023,15.786835348135009,16.393519621631203
00-0036945,2024_03_LAC_PIT,2024,3,18.4,13.810017363785068,3,2023,15.93144250503966,13.810017363785068
00-0036971,2024_03_JAX_BUF,2024,3,9.420000000000002,11.64092691609678,3,2023,12.771781159837795,11.64092691609678
00-0037834,2024_03_SF_LA,2024,3,25.78,16.14213898238604,3,2023,16.843753364093743,16.14213898238604
00-0038128,2024_03_GB_TEN,2024,3,25.380000000000003,12.98014194106035,3,2023,12.313645643483314,12.98014194106035
00-0039152,2024_03_GB_TEN,2024,3,13.599999999999998,14.379849431521288,3,2023,14.297996841861291,14.379849431521288
00-0039163,2024_03_HOU_MIN,2024,3,9.8,14.202642847266176,3,2023,15.053284724086648,14.202642847266176
00-0039164,2024_03_CHI_IND,2024,3,5.08,14.710007712915791,3,2023,16.14286649990069,14.710007712915791
00-0039732,2024_03_DEN_TB,2024,3,19.34,13.314210911670518,3,2023,13.526195306578224,13.314210911670518
00-0039910,2024_03_WAS_CIN,2024,3,28.06,17.033781047766396,3,2023,18.84528815004444,17.033781047766396
00-0039918,2024_03_CHI_IND,2024,3,17.32,14.535136853026064,3,2023,13.26143313431299,14.535136853026064
00-0023459,2024_04_DEN_NYJ,2024,4,11.6,12.28562309270028,3,2023,13.622608173714095,12.28562309270028
00-0026498,2024_04_LA_CHI,2024,4,4.860000000000001,11.52353810075268,3,2023,12.966338245736027,11.52353810075268
00-0027973,2024_04_CIN_CAR,2024,4,15.7,12.567892057064828,3,2023,13.155346124369562,12.567892057064828
00-0029604,2024_04_NO_ATL,2024,4,7.52,17.174584680359686,3,2023,14.637035603727265,17.174584680359686
00-0030565,2024_04_SEA_DET,2024,4,21.6,17.65673509215896,3,2023,16.561298294923795,17.65673509215896
00-0031280,2024_04_NO_ATL,2024,4,8.06,14.181028827548792,3,2023,15.360864054251024,14.181028827548792
00-0033077,2024_04_DAL_NYG,2024,4,16.74,14.560757821424072,3,2023,15.492870701050618,14.560757821424072
00-0033106,2024_04_SEA_DET,2024,4,27.18,15.252731057476089,3,2023,15.206581927237124,15.252731057476089
00-0033119,2024_04_NE_SF,2024,4,7.02,13.485358324853596,3,2023,12.10258374273856,13.485358324853596
00-0033537,2024_04_CLE_LV,2024,4,12.239999999999998,12.42486675862484,3,2023,13.526478794463925,12.42486675862484
00-0033873,2024_04_KC_LAC,2024,4,13.0,16.287061734936213,3,2023,16.070038365496583,16.287061734936213
00-0034796,2024_04_BUF_BAL,2024,4,23.64,23.46142369917786,3,2023,19.962228638615898,23.46142369917786
00-0034855,2024_04_PHI_TB,2024,4,28.880000000000003,15.029541251448322,3,2023,15.205433564959094,15.029541251448322
00-0034857,2024_04_BUF_BAL,2024,4,7.300000000000001,23.283026217499582,3,2023,21.378502613853488,23.283026217499582
00-0034869,2024_04_MIN_GB,2024,4,20.5,15.635252581855408,3,2023,16.43567558489491,15.635252581855408
00-0035228,2024_04_WAS_ARI,2024,4,9.98,19.17360473477925,3,2023,18.20755616745524,19.17360473477925
00-0035289,2024_04_CLE_LV,2024,4,5.0,12.282590444810404,3,2023,13.746525584294334,12.282590444810404
00-0035710,2024_04_DAL_NYG,2024,4,9.54,13.96394733824313,3,2023,14.592930628386185,13.96394733824313
00-0036264,2024_04_MIN_GB,2024,4,28.160000000000004,12.090503473918147,3,2023,12.885221336688495,12.090503473918147
00-0036355,2024_04_KC_LAC,2024,4,11.16,15.966687947852671,3,2023,13.784279428997158,15.966687947852671
00-0036389,2024_04_PHI_TB,2024,4,16.32,18.746843864815,3,2023,17.48928410040919,18.746843864815
00-0036442,2024_04_CIN_CAR,2024,4,16.28,16.21930687292767,3,2023,15.947596654895657,16.21930687292767
00-0036945,2024_04_PIT_IND,2024,4,31.980000000000004,16.464028136866354,3,2023,15.448633778320591,16.464028136866354
00-0036971,2024_04_JAX_HOU,2024,4,14.76,11.2872353162743,3,2023,12.427497820371032,11.2872353162743
00-0037834,2024_04_NE_SF,2024,4,14.62,19.4262916868322,3,2023,18.335379633361796,19.4262916868322
00-0039152,2024_04_TEN_MIA,2024,4,-0.5,10.158127128209346,3,2023,12.690255532955694,10.158127128209346
00-0039163,2024_04_JAX_HOU,2024,4,23.5,14.375399358330217,3,2023,15.612034576257177,14.375399358330217
00-0039164,2024_04_PIT_IND,2024,4,5.24,14.63352147194169,3,2023,14.028672752701684,14.63352147194169
00-0039732,2024_04_DEN_NYJ,2024,4,6.7,15.27592554668528,3,2023,13.813483245527276,15.27592554668528
00-0039910,2024_04_WAS_ARI,2024,4,24.02,18.49955100042804,3,2023,20.080662324069156,18.49955100042804
00-0039918,2024_04_LA_CHI,2024,4,11.48,12.769270472704216,3,2023,12.723359137765392,12.769270472704216
00-0023459,2024_05_NYJ_MIN,2024,5,11.759999999999998,12.059886937481512,3,2023,10.963172639866375,12.059886937481512
00-0026158,2024_05_IND_JAX,2024,5,26.56,13.300661781144251,3,2023,12.060473086581236,13.300661781144251
00-0026498,2024_05_GB_LA,2024,5,12.4,16.58599779985799,3,2023,14.97827006215044,16.58599779985799
00-0027973,2024_05_CAR_CHI,2024,5,3.74,13.08150970728359,3,2023,14.148956017658724,13.08150970728359
00-0029604,2024_05_TB_ATL,2024,5,34.36,17.429876515472728,3,2023,15.203807267015735,17.429876515472728
00-0030565,2024_05_NYG_SEA,2024,5,22.56,17.089925538197114,3,2023,17.551295064057978,17.089925538197114
00-0031280,2024_05_NO_KC,2024,5,12.6,13.184575807280083,3,2023,13.817068819860149,13.184575807280083
00-0033077,2024_05_DAL_PIT,2024,5,16.38,12.556903154150698,3,2023,15.373972970073789,12.556903154150698
00-0033119,2024_05_MIA_NE,2024,5,7.4,11.942598706109516,3,2023,12.602764849149256,11.942598706109516
00-0033537,2024_05_CLE_WAS,2024,5,8.4,14.19303872420724,3,2023,13.865711358567031,14.19303872420724
00-0033873,2024_05_NO_KC,2024,5,13.44,16.522894047353216,3,2023,15.916125666147115,16.522894047353216
00-0034796,2024_05_BAL_CIN,2024,5,33.42,22.73746986766122,3,2023,21.83739879705653,22.73746986766122
00-0034855,2024_05_TB_ATL,2024,5,23.4,14.916797586384272,3,2023,18.36654540218143,14.916797586384272
00-0034857,2024_05_BUF_HOU,2024,5,14.64,22.439606554070217,3,2023,21.083003084060156,22.439606554070217
00-0034869,2024_05_NYJ_MIN,2024,5,4.26,17.533771972797325,3,2023,17.609150513715953,17.533771972797325
00-0035228,2024_05_ARI_SF,2024,5,24.1,16.395031364275987,3,2023,14.472415175458504,16.395031364275987
00-0035289,2024_05_LV_DEN,2024,5,7.680000000000001,9.083389708284637,3,2023,11.967060460204904,9.083389708284637
00-0035710,2024_05_NYG_SEA,2024,5,22.08,11.576183235081825,3,2023,12.566297884595471,11.576183235081825
00-0035993,2024_05_MIA_NE,2024,5,6.46,10.13071480507646,3,2023,10.441998151028688,10.13071480507646
00-0036264,2024_05_GB_LA,2024,5,15.96,18.91032128657721,3,2023,17.065935316433613,18.91032128657721
00-0036442,2024_05_BAL_CIN,2024,5,33.78,15.433720928441945,3,2023,15.58389543380692,15.433720928441945
00-0036945,2024_05_DAL_PIT,2024,5,15.94,17.446118460591723,3,2023,18.617704249027835,17.446118460591723
00-0036971,2024_05_IND_JAX,2024,5,21.24,13.470284724013483,3,2023,13.872847443665766,13.470284724013483
00-0037834,2024_05_ARI_SF,2024,5,13.06,20.664560497755087,3,2023,18.55498339591547,20.664560497755087
00-0039150,2024_05_CAR_CHI,2024,5,3.12,8.174806075265439,3,2023,7.9244639480473715,8.174806075265439
00-0039163,2024_05_BUF_HOU,2024,5,15.94,15.762242627268032,3,2023,16.452493293653635,15.762242627268032
00-0039732,2024_05_LV_DEN,2024,5,23.14,9.891247274642597,3,2023,13.099482649875176,9.891247274642597
00-0039910,2024_05_CLE_WAS,2024,5,19.72,17.661583896021895,3,2023,19.081392764216936,17.661583896021895
00-0039918,2024_05_CAR_CHI,2024,5,23.56,14.012621116290536,3,2023,13.08247098593177,14.012621116290536
00-0023459,2024_06_BUF_NYJ,2024,6,17.759999999999998,12.242372129964394,3,2023,12.78384602566442,12.242372129964394
00-0026158,2024_06_IND_TEN,2024,6,13.66,11.119602881754597,3,2023,13.939462544083955,11.119602881754597
00-0027973,2024_06_ATL_CAR,2024,6,14.94,13.358239311541212,3,2023,14.030581417629428,13.358239311541212
00-0029604,2024_06_ATL_CAR,2024,6,12.5,16.16421320184914,3,2023,15.058784898431384,16.16421320184914
00-0030565,2024_06_SF_SEA,2024,6,12.48,17.561090841444262,3,2023,18.19301255014381,17.561090841444262
00-0033077,2024_06_DET_DAL,2024,6,3.22,19.09395830105726,3,2023,17.821958578567454,19.09395830105726
00-0033106,2024_06_DET_DAL,2024,6,25.1,17.042516741909598,3,2023,16.56547787095072,17.042516741909598
00-0033537,2024_06_CLE_PHI,2024,6,8.42,13.26528323560505,3,2023,12.060588046422556,13.26528323560505
00-0034796,2024_06_WAS_BAL,2024,6,18.92,23.87250004143553,3,2023,23.20580678245119,23.87250004143553
00-0034855,2024_06_TB_NO,2024,6,25.9,14.50032247464708,3,2023,17.658684551657394,14.50032247464708
00-0034857,2024_06_BUF_NYJ,2024,6,24.4,18.86717061445218,3,2023,17.96941758006586,18.86717061445218
00-0035228,2024_06_ARI_GB,2024,6,11.96,16.558054816784477,3,2023,16.10784292776144,16.558054816784477
00-0035710,2024_06_CIN_NYG,2024,6,11.8,14.86466687882386,3,2023,15.41187863495256,14.86466687882386
00-0036264,2024_06_ARI_GB,2024,6,25.62,19.39480514258031,3,2023,17.43009737497215,19.39480514258031
00-0036355,2024_06_LAC_DEN,2024,6,13.68,10.307971984283876,3,2023,10.83072253462576,10.307971984283876
00-0036389,2024_06_CLE_PHI,2024,6,21.860000000000003,18.32981363922112,3,2023,17.617121656450976,18.32981363922112
00-0036442,2024_06_CIN_NYG,2024,6,19.82,15.432470077944892,3,2023,17.086741409160865,15.432470077944892
00-0036945,2024_06_PIT_LV,2024,6,23.7,12.946511741050433,3,2023,16.17118631289626,12.946511741050433
00-0036971,2024_06_JAX_CHI,2024,6,17.06,15.09173294978175,3,2023,14.143807983288506,15.09173294978175
00-0037834,2024_06_SF_SEA,2024,6,24.1,18.413794351917357,3,2023,16.637919764120493,18.413794351917357
00-0038579,2024_06_PIT_LV,2024,6,11.08,6.948346638394164,3,2023,7.124015691376927,6.948346638394164
00-0039152,2024_06_IND_TEN,2024,6,7.300000000000001,12.991741542573418,3,2023,12.371276413389976,12.991741542573418
00-0039163,2024_06_HOU_NE,2024,6,18.38,14.273727924042817,3,2023,14.589269510297992,14.273727924042817
00-0039732,2024_06_LAC_DEN,2024,6,20.74,10.380694653932595,3,2023,13.954495297482916,10.380694653932595
00-0039910,2024_06_WAS_BAL,2024,6,20.959999999999997,17.14333837213247,3,2023,18.848622025841617,17.14333837213247
00-0039918,2024_06_JAX_CHI,2024,6,28.64,13.028274399575777,3,2023,14.192425442418594,13.028274399575777
00-0023459,2024_07_NYJ_PIT,2024,7,13.04,14.190428151273276,3,2023,12.347238437621854,14.190428151273276
00-0026498,2024_07_LV_LA,2024,7,3.96,13.69999136151533,3,2023,13.644615760521,13.69999136151533
00-0027973,2024_07_CAR_WAS,2024,7,0.0200000000000002,16.010846172248613,3,2023,14.94560295973442,16.010846172248613
00-0029604,2024_07_SEA_ATL,2024,7,7.18,18.68201773351232,3,2023,16.493345381199276,18.68201773351232
00-0030565,2024_07_SEA_ATL,2024,7,17.78,18.20884460175477,3,2023,18.25564544468308,18.20884460175477
00-0033106,2024_07_DET_MIN,2024,7,18.800000000000004,17.713095332490234,3,2023,17.20228722886395,17.713095332490234
00-0033537,2024_07_CIN_CLE,2024,7,5.12,13.758284750152628,3,2023,13.034488580268956,13.758284750152628
00-0033873,2024_07_KC_SF,2024,7,12.06,15.813053275377534,3,2023,15.52414876494196,15.813053275377534
00-0034177,2024_07_MIA_IND,2024,7,3.36,6.113243195584125,3,2023,5.355075279054811,6.113243195584125
00-0034771,2024_07_TEN_BUF,2024,7,9.9,8.181063257451797,3,2023,6.87008463171022,8.181063257451797
00-0034796,2024_07_BAL_TB,2024,7,34.440000000000005,22.54248677978162,3,2023,22.124507220056856,22.54248677978162
00-0034855,2024_07_BAL_TB,2024,7,27.0,17.508624330611656,3,2023,18.46516267986814,17.508624330611656
00-0034857,2024_07_TEN_BUF,2024,7,21.020000000000003,20.41104901686665,3,2023,21.00397284891276,20.41104901686665
00-0034869,2024_07_DET_MIN,2024,7,16.259999999999998,15.870810302305134,3,2023,15.606322173308891,15.870810302305134
00-0035228,2024_07_LAC_ARI,2024,7,20.200000000000003,16.923559216773768,3,2023,16.70749584216281,16.923559216773768
00-0035289,2024_07_LV_LA,2024,7,-1.64,9.61992139657251,3,2023,11.007439689451084,9.61992139657251
00-0035710,2024_07_PHI_NYG,2024,7,5.96,14.36748770211563,3,2023,14.05589001601074,14.36748770211563
00-0035993,2024_07_MIA_IND,2024,7,9.48,11.156095946086012,3,2023,9.54723438725968,11.156095946086012
00-0036264,2024_07_HOU_GB,2024,7,16.8,19.862425696198628,3,2023,18.154255715880304,19.862425696198628
00-0036355,2024_07_LAC_ARI,2024,7,14.760000000000002,14.33843016114653,3,2023,13.989908429903627,14.33843016114653
00-0036389,2024_07_PHI_NYG,2024,7,22.76,17.362156474075935,3,2023,17.821302134533155,17.362156474075935
00-0036442,2024_07_CIN_CLE,2024,7,14.94,15.456645907341152,3,2023,17.97007060432476,15.456645907341152
00-0036971,2024_07_NE_JAX,2024,7,15.02,16.72215765687684,3,2023,15.057965763049816,16.72215765687684
00-0037834,2024_07_KC_SF,2024,7,17.18,19.14419121392497,3,2023,18.716860641641983,19.14419121392497
00-0038579,2024_07_LV_LA,2024,7,2.08,10.058216459902376,3,2023,10.30787105353568,10.058216459902376
00-0039150,2024_07_CAR_WAS,2024,7,-0.16,7.426756610899886,3,2023,8.224891915323632,7.426756610899886
00-0039163,2024_07_HOU_GB,2024,7,5.34,15.626658092905426,3,2023,15.62453297402268,15.626658092905426
00-0039164,2024_07_MIA_IND,2024,7,8.760000000000002,6.569199817505348,3,2023,8.308456780967063,6.569199817505348
00-0039376,2024_07_DEN_NO,2024,7,6.280000000000001,9.630985388164495,3,2023,10.366766772859911,9.630985388164495
00-0039732,2024_07_DEN_NO,2024,7,14.06,12.92173380035418,3,2023,14.548747105462764,12.92173380035418
00-0039851,2024_07_NE_JAX,2024,7,20.84,12.249585541325628,3,2023,15.107770921034234,12.249585541325628
00-0039910,2024_07_CAR_WAS,2024,7,5.24,19.993476967144257,3,2023,20.589114846326297,19.993476967144257
00-0023459,2024_08_NYJ_NE,2024,8,17.32,13.829164851077724,3,2023,12.964958274316398,13.829164851077724
00-0026498,2024_08_MIN_LA,2024,8,24.76,16.418515044640138,3,2023,15.066001275598378,16.418515044640138
00-0029263,2024_08_NYG_PIT,2024,8,13.82,15.72873538513407,3,2023,14.658013749752726,15.72873538513407
00-0029604,2024_08_ATL_TB,2024,8,28.64,15.527314597982963,3,2023,14.88120513506406,15.527314597982963
00-0030565,2024_08_BUF_SEA,2024,8,8.08,15.458260900383715,3,2023,16.767010187140677,15.458260900383715
00-0033077,2024_08_DAL_SF,2024,8,13.62,14.7140162820431,3,2023,13.473698308955464,14.7140162820431
00-0033106,2024_08_TEN_DET,2024,8,15.5,18.468083358449856,3,2023,18.121490791881307,18.468083358449856
00-0033119,2024_08_NYJ_NE,2024,8,8.38,13.66079376452845,3,2023,11.95412126397948,13.66079376452845
00-0033873,2024_08_KC_LV,2024,8,18.18,17.259830783659208,3,2023,16.90646065653885,17.259830783659208
00-0034771,2024_08_TEN_DET,2024,8,19.54,10.77433911945857,3,2023,10.165982537715092,10.77433911945857
00-0034796,2024_08_BAL_CLE,2024,8,24.160000000000004,21.83636465246141,3,2023,21.87952173919505,21.83636465246141
00-0034855,2024_08_ATL_TB,2024,8,22.300000000000004,18.112671061971568,3,2023,19.501742851371056,18.112671061971568
00-0034857,2024_08_BUF_SEA,2024,8,19.82,20.79176833481597,3,2023,19.361239303140117,20.79176833481597
00-0034869,2024_08_MIN_LA,2024,8,18.200000000000003,16.060172579703405,3,2023,16.067236628802018,16.060172579703405
00-0035228,2024_08_ARI_MIA,2024,8,22.18,14.692660001864294,3,2023,15.770003070051066,14.692660001864294
00-0035289,2024_08_KC_LV,2024,8,14.96,16.37513324181599,3,2023,13.096538620275586,16.37513324181599
00-0035710,2024_08_NYG_PIT,2024,8,6.66,11.177195616396732,3,2023,11.683726499942876,11.177195616396732
00-0036212,2024_08_ARI_MIA,2024,8,14.66,8.786642827737627,3,2023,9.779261668309802,8.786642827737627
00-0036264,2024_08_GB_JAX,2024,8,5.74,18.97865221175169,3,2023,17.45007580579373,18.97865221175169
00-0036355,2024_08_NO_LAC,2024,8,24.06,15.347365996329533,3,2023,14.000433019552656,15.347365996329533
00-0036389,2024_08_PHI_CIN,2024,8,35.14,19.10190144022352,3,2023,20.096279703155,19.10190144022352
00-0036442,2024_08_PHI_CIN,2024,8,12.86,16.886161348762624,3,2023,17.386781586815147,16.886161348762624
00-0036971,2024_08_GB_JAX,2024,8,23.32,15.719986914558058,3,2023,15.53770143409573,15.719986914558058
00-0037834,2024_08_DAL_SF,2024,8,26.0,19.510106636460417,3,2023,19.529596994688113,19.510106636460417
00-0038128,2024_08_GB_JAX,2024,8,8.540000000000001,13.533227170048884,3,2023,14.860041972574814,13.533227170048884
00-0039150,2024_08_CAR_DEN,2024,8,13.56,6.547378345469607,3,2023,7.918495840121215,6.547378345469607
00-0039163,2024_08_IND_HOU,2024,8,12.4,16.996296354791713,3,2023,16.146683998326576,16.996296354791713
00-0039164,2024_08_IND_HOU,2024,8,11.5,13.517465393512504,3,2023,10.654579378281223,13.517465393512504
00-0039376,2024_08_NO_LAC,2024,8,6.24,10.84467783106838,3,2023,10.67041935355392,10.84467783106838
00-0039732,2024_08_CAR_DEN,2024,8,29.76,17.73573461689417,3,2023,16.681349358397195,17.73573461689417
00-0039851,2024_08_NYJ_NE,2024,8,11.52,12.775431278024428,3,2023,14.14857935013116,12.775431278024428
00-0039910,2024_08_CHI_WAS,2024,8,22.24,18.406791200802793,3,2023,18.205582312357137,18.406791200802793
00-0039918,2024_08_CHI_WAS,2024,8,9.94,14.91653982893808,3,2023,14.57060877890701,14.91653982893808
00-0023459,2024_09_HOU_NYJ,2024,9,20.339999999999996,14.286556812573464,3,2023,14.460171438004211,14.286556812573464
00-0026158,2024_09_IND_MIN,2024,9,3.0600000000000005,12.46372193419781,3,2023,12.720742583466576,12.46372193419781
00-0026300,2024_09_DEN_BAL,2024,9,0.2,6.0698317753043485,3,2023,8.802041754975154,6.0698317753043485
00-0026498,2024_09_LA_SEA,2024,9,17.92,13.412595527361455,3,2023,13.197228903420577,13.412595527361455
00-0029604,2024_09_DAL_ATL,2024,9,17.78,19.824357108255327,3,2023,17.919708226013253,19.824357108255327
00-0030565,2024_09_LA_SEA,2024,9,22.12,16.998285044254562,3,2023,16.684336865484397,16.998285044254562
00-0031280,2024_09_NO_CAR,2024,9,13.44,12.805149781109549,3,2023,13.4192460737126,12.805149781109549
00-0031503,2024_09_LAC_CLE,2024,9,10.1,12.854033806383956,3,2023,12.584384468712408,12.854033806383956
00-0033077,2024_09_DAL_ATL,2024,9,12.32,19.167186843289056,3,2023,17.350062195741074,19.167186843289056
00-0033106,2024_09_DET_GB,2024,9,9.6,17.671043383991186,3,2023,16.081170447392797,17.671043383991186
00-0033873,2024_09_TB_KC,2024,9,24.54,19.741885194057733,3,2023,18.61553640103198,19.741885194057733
00-0034771,2024_09_NE_TEN,2024,9,17.5,10.169930289851726,3,2023,10.404523948388745,10.169930289851726
00-0034796,2024_09_DEN_BAL,2024,9,23.6,23.13396435381135,3,2023,21.90550661228934,23.13396435381135
00-0034855,2024_09_TB_KC,2024,9,18.0,16.641346692937482,3,2023,18.039278157021037,16.641346692937482
00-0034857,2024_09_MIA_BUF,2024,9,22.1,22.33978634755993,3,2023,21.32547246086007,22.33978634755993
00-0034869,2024_09_IND_MIN,2024,9,19.0,18.195059731418286,3,2023,17.144231671412733,18.195059731418286
00-0035228,2024_09_CHI_ARI,2024,9,4.76,16.886070897234735,3,2023,16.242768697090813,16.886070897234735
00-0035289,2024_09_LV_CIN,2024,9,2.96,13.650714539941086,3,2023,13.54041114944437,13.650714539941086
00-0035710,2024_09_WAS_NYG,2024,9,24.36,12.874099930455827,3,2023,13.924707090329209,12.874099930455827
00-0036212,2024_09_MIA_BUF,2024,9,17.540000000000003,13.608261001599674,3,2023,13.376129140883627,13.608261001599674
00-0036264,2024_09_DET_GB,2024,9,10.92,16.65822977117771,3,2023,16.090572570820246,16.65822977117771
00-0036355,2024_09_LAC_CLE,2024,9,19.48,16.763990592252608,3,2023,14.623192780809632,16.763990592252608
00-0036389,2024_09_JAX_PHI,2024,9,29.9,20.784099993144984,3,2023,21.05348061399351,20.784099993144984
00-0036442,2024_09_LV_CIN,2024,9,29.14,18.470726000320393,3,2023,18.644003001825617,18.470726000320393
00-0036971,2024_09_JAX_PHI,2024,9,19.56,15.53792401235428,3,2023,15.141234081924331,15.53792401235428
00-0039150,2024_09_NO_CAR,2024,9,9.74,10.3339291772526,3,2023,10.563661052601198,10.3339291772526
00-0039163,2024_09_HOU_NYJ,2024,9,11.54,16.57800500756384,3,2023,15.542807325390612,16.57800500756384
00-0039732,2024_09_DEN_BAL,2024,9,17.72,17.2398019397489,3,2023,17.699375814453447,17.2398019397489
00-0039851,2024_09_NE_TEN,2024,9,15.740000000000002,10.91093308607762,3,2023,13.46929989938762,10.91093308607762
00-0039910,2024_09_WAS_NYG,2024,9,19.86,16.142319651010112,3,2023,19.04575887271001,16.142319651010112
00-0039918,2024_09_CHI_ARI,2024,9,9.18,16.828571541336114,3,2023,16.133140907901158,16.828571541336114
00-0023459,2024_10_NYJ_ARI,2024,10,4.04,17.083511974284235,3,2023,15.357982218419862,17.083511974284235
00-0026158,2024_10_BUF_IND,2024,10,10.880000000000004,14.827511402961244,3,2023,14.71177001054578,14.827511402961244
00-0026498,2024_10_MIA_LA,2024,10,9.72,17.483582003439455,3,2023,15.342285474094805,17.483582003439455
00-0029263,2024_10_PIT_WAS,2024,10,18.1,12.379369039543873,3,2023,13.248269998590182,12.379369039543873
00-0029604,2024_10_ATL_NO,2024,10,10.24,17.19923917043297,3,2023,16.307961768136966,17.19923917043297
00-0031280,2024_10_ATL_NO,2024,10,20.459999999999997,15.210105269355216,3,2023,15.322022142597168,15.210105269355216
00-0033106,2024_10_DET_HOU,2024,10,7.800000000000002,18.49331504799039,3,2023,18.004071386074425,18.49331504799039
00-0033662,2024_10_PHI_DAL,2024,10,-2.0,9.65754878566294,3,2023,8.943077505229986,9.65754878566294
00-0033873,2024_10_DEN_KC,2024,10,16.54,18.476705989305067,3,2023,17.08768118747436,18.476705989305067
00-0034796,2024_10_CIN_BAL,2024,10,32.900000000000006,22.001667342254382,3,2023,22.558802144787535,22.001667342254382
00-0034855,2024_10_SF_TB,2024,10,8.940000000000001,16.616473613247287,3,2023,18.6338053380543,16.616473613247287
00-0034857,2024_10_BUF_IND,2024,10,18.200000000000003,22.833138156403148,3,2023,21.162464461682077,22.833138156403148
00-0034869,2024_10_MIN_JAX,2024,10,6.440000000000001,15.78410609158979,3,2023,16.11367403134658,15.78410609158979
00-0035228,2024_10_NYJ_ARI,2024,10,28.74,18.192064019202924,3,2023,16.84277377677309,18.192064019202924
00-0035710,2024_10_NYG_CAR,2024,10,12.2,13.50990166584733,3,2023,15.12440158616756,13.50990166584733
00-0036212,2024_10_MIA_LA,2024,10,8.18,15.838052851234728,3,2023,15.474692215461184,15.838052851234728
00-0036355,2024_10_TEN_LAC,2024,10,19.76,17.41137156204537,3,2023,15.966429765020369,17.41137156204537
00-0036389,2024_10_PHI_DAL,2024,10,29.68,19.012995821442036,3,2023,20.030549358273596,19.012995821442036
00-0036442,2024_10_CIN_BAL,2024,10,33.720000000000006,18.471668756168743,3,2023,18.630993327567687,18.471668756168743
00-0037834,2024_10_SF_TB,2024,10,23.82,18.19129908783376,3,2023,18.53866574811066,18.19129908783376
00-0039150,2024_10_NYG_CAR,2024,10,12.04,10.419181431713731,3,2023,10.585437788534268,10.419181431713731
00-0039152,2024_10_TEN_LAC,2024,10,19.1,9.091073092062208,3,2023,9.348928137001572,9.091073092062208
00-0039163,2024_10_DET_HOU,2024,10,9.78,16.657402386434974,3,2023,15.916298033787278,16.657402386434974
00-0039732,2024_10_DEN_KC,2024,10,16.1,16.578673372464465,3,2023,15.086782266787097,16.578673372464465
00-0039851,2024_10_NE_CHI,2024,10,11.76,12.150529787459291,3,2023,13.375291537595974,12.150529787459291
00-0039910,2024_10_PIT_WAS,2024,10,8.58,16.35575514514237,3,2023,18.347877956347425,16.35575514514237
00-0039918,2024_10_NE_CHI,2024,10,6.3,15.607205301131495,3,2023,13.924741331814015,15.607205301131495
00-0023459,2024_11_IND_NYJ,2024,11,16.06,13.919779360063307,3,2023,13.803743847949011,13.919779360063307
00-0026498,2024_11_LA_NE,2024,11,27.8,14.650191673822713,3,2023,13.852339655149192,14.650191673822713
00-0029263,2024_11_BAL_PIT,2024,11,6.299999999999999,15.446738832361495,3,2023,14.523038345667375,15.446738832361495
00-0029604,2024_11_ATL_DEN,2024,11,4.92,15.982916780033412,3,2023,14.319521344618668,15.982916780033412
00-0030565,2024_11_SEA_SF,2024,11,15.74,15.943724187450668,3,2023,14.801350225705407,15.943724187450668
00-0031280,2024_11_CLE_NO,2024,11,18.72,17.247458297217037,3,2023,16.093505289490977,17.247458297217037
00-0031503,2024_11_CLE_NO,2024,11,26.6,10.27402109874618,3,2023,11.194597890957278,10.27402109874618
00-0033106,2024_11_JAX_DET,2024,11,34.580000000000005,17.46275230861821,3,2023,18.309965740814217,17.46275230861821
00-0033662,2024_11_HOU_DAL,2024,11,16.36,10.81373110402382,3,2023,9.713350145404142,10.81373110402382
00-0033873,2024_11_KC_BUF,2024,11,15.84,17.392931378368896,3,2023,16.497845516545354,17.392931378368896
00-0034796,2024_11_BAL_PIT,2024,11,14.88,20.638545229931427,3,2023,20.43516397160072,20.638545229931427
00-0034857,2024_11_KC_BUF,2024,11,23.98,22.223241346908463,3,2023,21.343533143809424,22.223241346908463
00-0034869,2024_11_MIN_TEN,2024,11,23.64,16.186042987902074,3,2023,15.642047807644706,16.186042987902074
00-0035289,2024_11_LV_MIA,2024,11,17.98,10.385433641730415,3,2023,10.661037958599389,10.385433641730415
00-0036212,2024_11_LV_MIA,2024,11,23.52,15.836808098803724,3,2023,15.438831053186588,15.836808098803724
00-0036264,2024_11_GB_CHI,2024,11,20.24,13.764733996039096,3,2023,13.481749130197,13.764733996039096
00-0036355,2024_11_CIN_LAC,2024,11,24.380000000000003,16.770025926119132,3,2023,16.936365271825665,16.770025926119132
00-0036389,2024_11_WAS_PHI,2024,11,18.74,21.983763738279936,3,2023,22.220064537985145,21.983763738279936
00-0036442,2024_11_CIN_LAC,2024,11,29.040000000000003,16.724297225689554,3,2023,18.27085696968582,16.724297225689554
00-0036945,2024_11_BAL_PIT,2024,11,1.7000000000000002,18.763031213919582,3,2023,18.58319050323621,18.763031213919582
00-0036972,2024_11_JAX_DET,2024,11,4.220000000000001,10.24156137378908,3,2023,10.916394361245544,10.24156137378908
00-0037834,2024_11_SEA_SF,2024,11,18.36,18.844019862200447,3,2023,19.006614819705344,18.844019862200447
00-0038583,2024_11_CLE_NO,2024,11,0.0,5.9692101935773705,3,2023,8.01478722871816,5.9692101935773705
00-0038998,2024_11_CLE_NO,2024,11,-0.2,7.172503282204272,3,2023,6.950660631411408,7.172503282204272
00-0039152,2024_11_MIN_TEN,2024,11,15.6,13.50435006087493,3,2023,13.773551229273478,13.50435006087493
00-0039163,2024_11_HOU_DAL,2024,11,10.88,15.569609215337715,3,2023,14.70149577702719,15.569609215337715
00-0039164,2024_11_IND_NYJ,2024,11,28.08,9.788129042318737,3,2023,9.74786130907756,9.788129042318737
00-0039732,2024_11_ATL_DEN,2024,11,28.78,17.12560085152865,3,2023,15.85436990486036,17.12560085152865
00-0039851,2024_11_LA_NE,2024,11,17.98,14.206490628968607,3,2023,14.162102791434211,14.206490628968607
00-0039910,2024_11_WAS_PHI,2024,11,13.44,15.863983416227793,3,2023,17.390574333201396,15.863983416227793
00-0039918,2024_11_GB_CHI,2024,11,16.240000000000002,13.94792426679995,3,2023,13.269567534630344,13.94792426679995
00-0026498,2024_12_PHI_LA,2024,12,19.22,17.51680630855699,3,2023,16.341935266532946,17.51680630855699
00-0029263,2024_12_PIT_CLE,2024,12,13.8,13.836589345563766,3,2023,11.959931762449642,13.836589345563766
00-0030565,2024_12_ARI_SEA,2024,12,12.36,18.117455684623508,3,2023,16.93158428193449,18.117455684623508
00-0031503,2024_12_PIT_CLE,2024,12,13.46,12.628749253688529,3,2023,11.885422380628825,12.628749253688529
00-0033106,2024_12_DET_IND,2024,12,10.76,18.73500494537181,3,2023,18.285926033239853,18.73500494537181
00-0033662,2024_12_DAL_WAS,2024,12,17.980000000000004,11.631391296656943,3,2023,9.608444434445069,11.631391296656943
00-0033873,2024_12_KC_CAR,2024,12,28.76,18.790808719630405,3,2023,18.018012426212803,18.790808719630405
00-0034796,2024_12_BAL_LAC,2024,12,22.58,20.49129556093649,3,2023,20.054168428675627,20.49129556093649
00-0034855,2024_12_TB_NYG,2024,12,18.66,13.67145530024633,3,2023,16.47403455058881,13.67145530024633
00-0034869,2024_12_MIN_CHI,2024,12,21.1,15.951213970946016,3,2023,16.07559804276703,15.951213970946016
00-0035228,2024_12_ARI_SEA,2024,12,10.3,15.671429515725643,3,2023,16.502190623840516,15.671429515725643
00-0035289,2024_12_DEN_LV,2024,12,11.7,14.03867054100832,3,2023,13.514034006427387,14.03867054100832
00-0036212,2024_12_NE_MIA,2024,12,28.48,16.32082132650258,3,2023,15.433659415393093,16.32082132650258
00-0036264,2024_12_SF_GB,2024,12,14.72,17.91770463979905,3,2023,16.517131734609247,17.91770463979905
00-0036355,2024_12_BAL_LAC,2024,12,17.62,16.265096836260568,3,2023,16.454526719395794,16.265096836260568
00-0036389,2024_12_PHI_LA,2024,12,15.06,21.920930266701667,3,2023,20.704839278404386,21.920930266701667
00-0036945,2024_12_PIT_CLE,2024,12,2.6,15.617491140097917,3,2023,17.09306590026185,15.617491140097917
00-0038122,2024_12_DEN_LV,2024,12,0.8600000000000003,9.30585554484401,3,2023,8.510582644240793,9.30585554484401
00-0039150,2024_12_KC_CAR,2024,12,16.52,13.339941465667556,3,2023,10.095106869811424,13.339941465667556
00-0039152,2024_12_TEN_HOU,2024,12,16.12,11.47882085417139,3,2023,12.80306018096682,11.47882085417139
00-0039163,2024_12_TEN_HOU,2024,12,15.680000000000003,17.08692816776871,3,2023,16.03903387274533,17.08692816776871
00-0039164,2024_12_DET_IND,2024,12,12.98,15.137159944125754,3,2023,13.763434662321192,15.137159944125754
00-0039732,2024_12_DEN_LV,2024,12,19.42,16.56668790333485,3,2023,16.606238419356927,16.56668790333485
00-0039851,2024_12_NE_MIA,2024,12,13.48,17.597251711243572,3,2023,16.785954725322078,17.597251711243572
00-0039910,2024_12_DAL_WAS,2024,12,30.4,17.01332189376033,3,2023,19.946631736685116,17.01332189376033
00-0039918,2024_12_MIN_CHI,2024,12,26.9,14.576071303120496,3,2023,13.62480444286931,14.576071303120496
00-0023459,2024_13_SEA_NYJ,2024,13,14.0,14.156802159026109,3,2023,11.212353502941818,14.156802159026109
00-0026498,2024_13_LA_NO,2024,13,15.62,18.053403479195424,3,2023,16.287946784568632,18.053403479195424
00-0029263,2024_13_PIT_CIN,2024,13,26.86,15.894091069262178,3,2023,14.084917415887764,15.894091069262178
00-0029604,2024_13_LAC_ATL,2024,13,2.1000000000000005,16.050872915253066,3,2023,14.26640151033362,16.050872915253066
00-0030565,2024_13_SEA_NYJ,2024,13,12.44,15.969878115198195,3,2023,15.464508744295165,15.969878115198195
00-0031280,2024_13_LA_NO,2024,13,14.56,14.74959204184737,3,2023,14.691335206691528,14.74959204184737
00-0031503,2024_13_CLE_DEN,2024,13,32.98,11.597879876267257,3,2023,12.169491570570544,11.597879876267257
00-0033106,2024_13_CHI_DET,2024,13,16.94,16.502885328738756,3,2023,17.24153995703829,16.502885328738756
00-0033662,2024_13_NYG_DAL,2024,13,11.8,12.421593297395413,3,2023,11.718573015283148,12.421593297395413
00-0033873,2024_13_LV_KC,2024,13,16.64,21.358584542434965,3,2023,19.60660290072272,21.358584542434965
00-0034796,2024_13_PHI_BAL,2024,13,25.380000000000003,20.74329068038369,3,2023,21.40736924933314,20.74329068038369
00-0034855,2024_13_TB_CAR,2024,13,10.2,16.203110151286378,3,2023,18.611089874826536,16.203110151286378
00-0034857,2024_13_SF_BUF,2024,13,28.42,19.697188880453297,3,2023,21.065475175036525,19.697188880453297
00-0034869,2024_13_ARI_MIN,2024,13,19.6,18.31184456233846,3,2023,18.059516465080648,18.31184456233846
00-0035228,2024_13_ARI_MIN,2024,13,15.2,16.108626825227105,3,2023,15.341733357123609,16.108626825227105
00-0036212,2024_13_MIA_GB,2024,13,25.200000000000003,14.324939318963445,3,2023,14.870795169005094,14.324939318963445
00-0036264,2024_13_MIA_GB,2024,13,18.96,15.610974145432117,3,2023,16.178527366481593,15.610974145432117
00-0036355,2024_13_LAC_ATL,2024,13,7.98,17.43019450680084,3,2023,16.302030047988325,17.43019450680084
00-0036389,2024_13_PHI_BAL,2024,13,17.619999999999997,22.387389625234324,3,2023,20.83051662496116,22.387389625234324
00-0036442,2024_13_PIT_CIN,2024,13,19.26,16.772120015190268,3,2023,17.359722846887564,16.772120015190268
00-0036945,2024_13_PIT_CIN,2024,13,0.7000000000000001,17.712805772680007,3,2023,18.821703761977226,17.712805772680007
00-0036971,2024_13_HOU_JAX,2024,13,0.2400000000000002,14.407492880064694,3,2023,14.319456926682731,14.407492880064694
00-0036972,2024_13_HOU_JAX,2024,13,20.0,10.016446528650093,3,2023,8.63412057099521,10.016446528650093
00-0037834,2024_13_SF_BUF,2024,13,2.16,13.925344177180024,3,2023,16.39762677878096,13.925344177180024
00-0038579,2024_13_LV_KC,2024,13,19.6,5.852732413696642,3,2023,7.174338485532665,5.852732413696642
00-0039150,2024_13_TB_CAR,2024,13,23.62,13.953274607513537,3,2023,12.868344002006062,13.953274607513537
00-0039152,2024_13_TEN_WAS,2024,13,16.18,13.999484101638942,3,2023,13.928063458371728,13.999484101638942
00-0039163,2024_13_HOU_JAX,2024,13,14.38,16.30884609213921,3,2023,15.431097052801697,16.30884609213921
00-0039164,2024_13_IND_NE,2024,13,21.16,16.392333914557398,3,2023,14.729253936581143,16.392333914557398
00-0039732,2024_13_CLE_DEN,2024,13,12.16,17.768805678020293,3,2023,17.81287578802248,17.768805678020293
00-0039851,2024_13_IND_NE,2024,13,19.42,19.6114233994259,3,2023,17.101686519745726,19.6114233994259
00-0039910,2024_13_TEN_WAS,2024,13,27.64,16.136003835610566,3,2023,19.321794377604533,16.136003835610566
00-0039918,2024_13_CHI_DET,2024,13,26.14,15.980616590037029,3,2023,14.584368714326956,15.980616590037029
00-0023459,2024_14_NYJ_MIA,2024,14,17.560000000000002,12.868942705696426,3,2023,13.013345874348442,12.868942705696426
00-0026498,2024_14_BUF_LA,2024,14,20.8,16.834591462594997,3,2023,16.192123610726803,16.834591462594997
00-0029263,2024_14_CLE_PIT,2024,14,16.02,18.80575608781538,3,2023,16.763146871635175,18.80575608781538
00-0029604,2024_14_ATL_MIN,2024,14,9.76,15.842422322065724,3,2023,14.727740936698051,15.842422322065724
00-0030565,2024_14_SEA_ARI,2024,14,13.32,18.40904857130913,3,2023,17.237925971341543,18.40904857130913
00-0031280,2024_14_NO_NYG,2024,14,11.96,16.062680630237992,3,2023,15.095535381854765,16.062680630237992
00-0031503,2024_14_CLE_PIT,2024,14,15.28,14.100998580524273,3,2023,15.811534709965636,14.100998580524273
00-0032434,2024_14_CHI_SF,2024,14,-2.0,12.07320779528949,3,2023,9.42927110082436,12.07320779528949
00-0033106,2024_14_GB_DET,2024,14,22.02,18.15828782073604,3,2023,17.59472111350785,18.15828782073604
00-0033662,2024_14_CIN_DAL,2024,14,13.82,12.77293608751156,3,2023,12.011870640975602,12.77293608751156
00-0033873,2024_14_LAC_KC,2024,14,14.1,20.452765587238066,3,2023,19.2624767522662,20.452765587238066
00-0034855,2024_14_LV_TB,2024,14,19.0,17.679158593737164,3,2023,18.87228546431339,17.679158593737164
00-0034857,2024_14_BUF_LA,2024,14,51.88,23.358772218988417,3,2023,21.690501435970923,23.358772218988417
00-0034869,2024_14_ATL_MIN,2024,14,34.580000000000005,18.54837775270947,3,2023,18.698610317428617,18.54837775270947
00-0035228,2024_14_SEA_ARI,2024,14,17.96,15.427266648750065,3,2023,15.701161493151236,15.427266648750065
00-0035704,2024_14_NO_NYG,2024,14,14.98,12.921711132273296,3,2023,13.132618233257658,12.921711132273296
00-0036212,2024_14_NYJ_MIA,2024,14,23.540000000000003,15.747182884832188,3,2023,16.30570846966498,15.747182884832188
00-0036264,2024_14_GB_DET,2024,14,14.54,17.79256537358575,3,2023,16.588989556566254,17.79256537358575
00-0036355,2024_14_LAC_KC,2024,14,13.72,16.429125470803953,3,2023,15.4682547821578,16.429125470803953
00-0036389,2024_14_CAR_PHI,2024,14,24.22,22.616961902151857,3,2023,21.830631307479777,22.616961902151857
00-0036442,2024_14_CIN_DAL,2024,14,24.56,17.184722189350705,3,2023,20.24664434382838,17.184722189350705
00-0036972,2024_14_JAX_TEN,2024,14,5.1000000000000005,11.948618256002575,3,2023,10.21152369988956,11.948618256002575
00-0037834,2024_14_CHI_SF,2024,14,22.1,16.78993911351335,3,2023,17.84516416028053,16.78993911351335
00-0038122,2024_14_LV_TB,2024,14,4.34,8.41813609419588,3,2023,8.485322415277404,8.41813609419588
00-0038579,2024_14_LV_TB,2024,14,6.76,13.365146356761302,3,2023,11.473662719057108,13.365146356761302
00-0038998,2024_14_NO_NYG,2024,14,-0.1,6.795607477996279,3,2023,6.30674066448881,6.795607477996279
00-0039150,2024_14_CAR_PHI,2024,14,12.54,11.197556682877162,3,2023,12.71721582862996,11.197556682877162
00-0039152,2024_14_JAX_TEN,2024,14,7.02,14.60619927979678,3,2023,13.62136951447228,14.60619927979678
00-0039918,2024_14_CHI_SF,2024,14,14.06,15.321100766615787,3,2023,14.531556520467024,15.321100766615787
00-0023459,2024_15_NYJ_JAX,2024,15,30.06,14.71499154560698,3,2023,13.21192601112398,14.71499154560698
00-0026300,2024_15_BAL_NYG,2024,15,-0.1,7.551896718084138,3,2023,9.461986472464869,7.551896718084138
00-0026498,2024_15_LA_SF,2024,15,8.200000000000001,17.387244393110095,3,2023,15.26555422816582,17.387244393110095
00-0029263,2024_15_PIT_PHI,2024,15,8.420000000000002,16.126278819905174,3,2023,15.706723482668243,16.126278819905174
00-0029604,2024_15_ATL_LV,2024,15,6.48,15.337262363689064,3,2023,15.387069601905797,15.337262363689064
00-0030565,2024_15_GB_SEA,2024,15,4.46,18.092023608991557,3,2023,16.883941705031035,18.092023608991557
00-0031503,2024_15_KC_CLE,2024,15,-0.3600000000000001,14.4759413109542,3,2023,15.616665172339168,14.4759413109542
00-0033106,2024_15_BUF_DET,2024,15,41.06,16.634044699906283,3,2023,17.265774816034785,16.634044699906283
00-0033662,2024_15_DAL_CAR,2024,15,19.06,11.982119411108748,3,2023,10.775481270559798,11.982119411108748
00-0033873,2024_15_KC_CLE,2024,15,15.76,17.999557005178747,3,2023,17.855051457742615,17.999557005178747
00-0034177,2024_15_BAL_NYG,2024,15,6.82,4.59418918504564,3,2023,5.238331080610321,4.59418918504564
00-0034771,2024_15_CIN_TEN,2024,15,15.76,8.891777470766687,3,2023,8.941658328083266,8.891777470766687
00-0034796,2024_15_BAL_NYG,2024,15,36.1,20.630154884953573,3,2023,21.434741665926435,20.630154884953573
00-0034855,2024_15_TB_LAC,2024,15,28.02,17.224681868406293,3,2023,17.571258082961137,17.224681868406293
00-0034857,2024_15_BUF_DET,2024,15,41.28,26.374390751114408,3,2023,23.445059764061824,26.374390751114408
00-0034869,2024_15_CHI_MIN,2024,15,11.24,19.634064334645753,3,2023,19.251220756620707,19.634064334645753
00-0035228,2024_15_NE_ARI,2024,15,10.06,17.510546763351318,3,2023,16.563572093292013,17.510546763351318
00-0036212,2024_15_MIA_HOU,2024,15,3.84,15.292245964581417,3,2023,16.404847993239137,15.292245964581417
00-0036264,2024_15_GB_SEA,2024,15,17.56,17.44633789246553,3,2023,14.73808055645941,17.44633789246553
00-0036355,2024_15_TB_LAC,2024,15,13.8,17.84743102432412,3,2023,16.873540880029143,17.84743102432412
00-0036389,2024_15_PIT_PHI,2024,15,28.1,21.772031777908232,3,2023,21.817826239034716,21.772031777908232
00-0036442,2024_15_CIN_TEN,2024,15,16.84,15.93869697496845,3,2023,18.395044403024208,15.93869697496845
00-0036945,2024_15_PIT_PHI,2024,15,0.8,14.540053469630672,3,2023,14.455019898664537,14.540053469630672
00-0036972,2024_15_NYJ_JAX,2024,15,18.659999999999997,10.695228182712874,3,2023,11.090808533647133,10.695228182712874
00-0037834,2024_15_LA_SF,2024,15,3.979999999999999,18.653471392973483,3,2023,18.773603618223515,18.653471392973483
00-0038122,2024_15_ATL_LV,2024,15,11.12,10.34347243628301,3,2023,10.509555139454829,10.34347243628301
00-0038476,2024_15_BAL_NYG,2024,15,2.72,8.56614815697781,3,2023,11.558984919458752,8.56614815697781
00-0038583,2024_15_KC_CLE,2024,15,0.32,5.6532649834403434,3,2023,7.016332512759149,5.6532649834403434
00-0038998,2024_15_WAS_NO,2024,15,0.66,8.381564853112904,3,2023,8.240620167974953,8.381564853112904
00-0039150,2024_15_DAL_CAR,2024,15,11.96,12.296164978832994,3,2023,13.220674108766794,12.296164978832994
00-0039152,2024_15_CIN_TEN,2024,15,-4.4399999999999995,14.637329678780116,3,2023,13.54168927571612,14.637329678780116
00-0039163,2024_15_MIA_HOU,2024,15,11.64,14.713317031779976,3,2023,14.93926612138677,14.713317031779976
00-0039164,2024_15_IND_DEN,2024,15,14.38,14.772892560558295,3,2023,14.677690012525106,14.772892560558295
00-0039376,2024_15_WAS_NO,2024,15,9.4,7.246342572337898,3,2023,7.796199832755979,7.246342572337898
00-0039732,2024_15_IND_DEN,2024,15,13.5,17.810400275213837,3,2023,16.190286433598548,17.810400275213837
00-0039851,2024_15_NE_ARI,2024,15,17.48,18.515194467662496,3,2023,16.876307844615035,18.515194467662496
00-0039910,2024_15_WAS_NO,2024,15,23.64,15.317366347805578,3,2023,18.431118363359857,15.317366347805578
00-0039918,2024_15_CHI_MIN,2024,15,9.94,15.99738364115618,3,2023,15.064916470729443,15.99738364115618
00-0023459,2024_16_LA_NYJ,2024,16,12.84,15.377468675003044,3,2023,15.413396271094449,15.377468675003044
00-0026498,2024_16_LA_NYJ,2024,16,6.0,17.482542186497067,3,2023,14.871278677929004,17.482542186497067
00-0029263,2024_16_PIT_BAL,2024,16,15.38,16.00665267433001,3,2023,15.041418358780088,16.00665267433001
00-0030565,2024_16_MIN_SEA,2024,16,21.360000000000003,13.689030070917315,3,2023,14.325999778547848,13.689030070917315
00-0033106,2024_16_DET_CHI,2024,16,25.339999999999996,17.370165497923782,3,2023,17.771853567707808,17.370165497923782
00-0033662,2024_16_TB_DAL,2024,16,15.28,13.996310932050193,3,2023,11.754656118653882,13.996310932050193
00-0033873,2024_16_HOU_KC,2024,16,23.7,19.741018044865537,3,2023,18.11905566904786,19.741018044865537
00-0034771,2024_16_TEN_IND,2024,16,14.38,11.100373946991006,3,2023,10.44852957106396,11.100373946991006
00-0034796,2024_16_PIT_BAL,2024,16,20.48,22.943485321547406,3,2023,21.99876835136834,22.943485321547406
00-0034855,2024_16_TB_DAL,2024,16,22.32,17.3775121367225,3,2023,19.599703885891714,17.3775121367225
00-0034857,2024_16_NE_BUF,2024,16,11.16,23.9799944040825,3,2023,23.10332286860672,23.9799944040825
00-0034869,2024_16_MIN_SEA,2024,16,22.94,16.82665574514049,3,2023,16.53654267339728,16.82665574514049
00-0035228,2024_16_ARI_CAR,2024,16,20.380000000000003,17.741187159117935,3,2023,16.60800914269145,17.741187159117935
00-0035704,2024_16_NYG_ATL,2024,16,6.5,9.12509995226306,3,2023,10.338309351134884,9.12509995226306
00-0036212,2024_16_SF_MIA,2024,16,12.5,16.56065709290868,3,2023,14.6786921082967,16.56065709290868
00-0036264,2024_16_NO_GB,2024,16,11.48,17.31731964677516,3,2023,16.293406482141865,17.31731964677516
00-0036355,2024_16_DEN_LAC,2024,16,22.16,16.89091383171231,3,2023,15.283036793513544,16.89091383171231
00-0036389,2024_16_PHI_WAS,2024,16,4.540000000000001,24.462231175335088,3,2023,21.985832967409305,24.462231175335088
00-0036442,2024_16_CLE_CIN,2024,16,21.979999999999997,17.15898556168577,3,2023,19.057056116040712,17.15898556168577
00-0036972,2024_16_JAX_LV,2024,16,13.88,11.300526954841112,3,2023,11.759546763537426,11.300526954841112
00-0037834,2024_16_SF_MIA,2024,16,21.12,16.85309095632696,3,2023,16.332948460123742,16.85309095632696
00-0038128,2024_16_NO_GB,2024,16,1.16,10.704398553109614,3,2023,13.103206201024715,10.704398553109614
00-0038579,2024_16_JAX_LV,2024,16,11.48,10.02943901022591,3,2023,9.122553921280868,10.02943901022591
00-0038583,2024_16_CLE_CIN,2024,16,7.180000000000001,7.569901152131864,3,2023,8.755700456329471,7.569901152131864
00-0039150,2024_16_ARI_CAR,2024,16,27.12,16.19603496072003,3,2023,14.212652727186184,16.19603496072003
00-0039163,2024_16_HOU_KC,2024,16,16.06,15.772957366695346,3,2023,15.1665893353627,15.772957366695346
00-0039164,2024_16_TEN_IND,2024,16,20.24,20.41427085689653,3,2023,16.602713093766866,20.41427085689653
00-0039376,2024_16_NO_GB,2024,16,4.92,11.082206953519242,3,2023,9.66754774575669,11.082206953519242
00-0039732,2024_16_DEN_LAC,2024,16,21.02,16.86585871527405,3,2023,16.208068351056923,16.86585871527405
00-0039851,2024_16_NE_BUF,2024,16,17.439999999999998,16.539790958971622,3,2023,15.81152069039522,16.539790958971622
00-0039910,2024_16_PHI_WAS,2024,16,34.42,16.70051058259103,3,2023,18.735062911504333,16.70051058259103
00-0039918,2024_16_DET_CHI,2024,16,22.76,14.22577648129051,3,2023,15.577913434879312,14.22577648129051
00-0023459,2024_17_NYJ_BUF,2024,17,0.4800000000000004,14.915662360235896,3,2023,13.947938734211007,14.915662360235896
00-0026158,2024_17_IND_NYG,2024,17,15.300000000000004,7.986560802760251,3,2023,9.121212203991984,7.986560802760251
00-0026300,2024_17_BAL_HOU,2024,17,0.64,6.5358904776383095,3,2023,10.105635482458853,6.5358904776383095
00-0026498,2024_17_ARI_LA,2024,17,9.16,18.117311885444156,3,2023,16.567803756873058,18.117311885444156
00-0029263,2024_17_KC_PIT,2024,17,17.7,17.610353783708085,3,2023,15.665019669239689,17.610353783708085
00-0030565,2024_17_SEA_CHI,2024,17,8.3,16.76854690490598,3,2023,15.403992227767633,16.76854690490598
00-0033106,2024_17_DET_SF,2024,17,25.82,17.12246769329991,3,2023,17.307705423341606,17.12246769329991
00-0033119,2024_17_LAC_NE,2024,17,-0.08,8.989236602422762,3,2023,8.143578375708358,8.989236602422762
00-0033662,2024_17_DAL_PHI,2024,17,6.079999999999999,12.542593138373087,3,2023,10.482031126889463,12.542593138373087
00-0033873,2024_17_KC_PIT,2024,17,26.0,19.443058738597884,3,2023,18.836817890167353,19.443058738597884
00-0034771,2024_17_TEN_JAX,2024,17,12.02,11.981935108148887,3,2023,10.737906978300302,11.981935108148887
00-0034796,2024_17_BAL_HOU,2024,17,29.42,22.609197281122658,3,2023,20.35402386711753,22.609197281122658
00-0034855,2024_17_CAR_TB,2024,17,34.56,17.941999670094095,3,2023,19.817851884770704,17.941999670094095
00-0034857,2024_17_NYJ_BUF,2024,17,22.98,22.50541664819873,3,2023,22.265741198670938,22.50541664819873
00-0034869,2024_17_GB_MIN,2024,17,24.78,20.342574611704247,3,2023,19.34091719107765,20.342574611704247
00-0035228,2024_17_ARI_LA,2024,17,16.04,15.381297432631774,3,2023,16.239061547577567,15.381297432631774
00-0035704,2024_17_IND_NYG,2024,17,34.36,9.27239598037418,3,2023,11.218126693615062,9.27239598037418
00-0035993,2024_17_MIA_CLE,2024,17,24.2,8.251158236353811,3,2023,8.216194583679965,8.251158236353811
00-0036264,2024_17_GB_MIN,2024,17,14.0,17.67913088533872,3,2023,16.15368971831728,17.67913088533872
00-0036355,2024_17_LAC_NE,2024,17,24.44,15.5886615170345,3,2023,15.353158877712069,15.5886615170345
00-0036442,2024_17_DEN_CIN,2024,17,36.98,17.321907469462722,3,2023,18.088214644425843,17.321907469462722
00-0036972,2024_17_TEN_JAX,2024,17,17.16,10.558246808642815,3,2023,11.148591814498374,10.558246808642815
00-0037834,2024_17_DET_SF,2024,17,30.28,19.726699724708403,3,2023,18.114432813509968,19.726699724708403
00-0038102,2024_17_DAL_PHI,2024,17,16.02,14.72179489820706,3,2023,11.46844547695042,14.72179489820706
00-0038579,2024_17_LV_NO,2024,17,17.58,10.667403879237533,3,2023,10.70335362601018,10.667403879237533
00-0038583,2024_17_MIA_CLE,2024,17,3.8,7.0903982768413165,3,2023,9.85940550616305,7.0903982768413165
00-0039150,2024_17_CAR_TB,2024,17,16.92,16.269583009333175,3,2023,14.551841383336985,16.269583009333175
00-0039163,2024_17_BAL_HOU,2024,17,6.1000000000000005,16.46946924876111,3,2023,15.84613977789062,16.46946924876111
00-0039376,2024_17_LV_NO,2024,17,13.32,11.082108452443896,3,2023,11.354179556649491,11.082108452443896
00-0039732,2024_17_DEN_CIN,2024,17,21.86,16.99688393214051,3,2023,16.842301020481596,16.99688393214051
00-0039851,2024_17_LAC_NE,2024,17,9.88,17.781765850241836,3,2023,17.145068507638562,17.781765850241836
00-0039910,2024_17_ATL_WAS,2024,17,31.78,18.444952193394045,3,2023,20.623541666236292,18.444952193394045
00-0039917,2024_17_ATL_WAS,2024,17,11.22,12.688739635204838,3,2023,11.630662703215105,12.688739635204838
00-0039918,2024_17_SEA_CHI,2024,17,6.58,15.75123542663104,3,2023,14.510712782068032,15.75123542663104
00-0023459,2024_18_MIA_NYJ,2024,18,24.96,11.37354034002754,3,2023,12.258971211723466,11.37354034002754
00-0026158,2024_18_JAX_IND,2024,18,14.56,12.073102681885914,3,2023,12.833347521842278,12.073102681885914
00-0029263,2024_18_CIN_PIT,2024,18,11.52,18.9714336706185,3,2023,17.19616033720216,18.9714336706185
00-0030565,2024_18_SEA_LA,2024,18,26.32,14.351876634493545,3,2023,15.472941356422584,14.351876634493545
00-0032268,2024_18_WAS_DAL,2024,18,26.040000000000003,13.165997674175175,3,2023,13.527087501945475,13.165997674175175
00-0033106,2024_18_MIN_DET,2024,18,9.24,18.746312969425382,3,2023,19.22776386693339,18.746312969425382
00-0034771,2024_18_HOU_TEN,2024,18,3.3000000000000003,10.95804417951184,3,2023,11.001201258476774,10.95804417951184
00-0034796,2024_18_CLE_BAL,2024,18,22.98,21.760339559585542,3,2023,22.83743321103654,21.760339559585542
00-0034855,2024_18_NO_TB,2024,18,21.64,18.558822267622315,3,2023,19.741050490884945,18.558822267622315
00-0034869,2024_18_MIN_DET,2024,18,7.640000000000001,20.60652462290738,3,2023,20.265618206430418,20.60652462290738
00-0035228,2024_18_SF_ARI,2024,18,27.88,17.187837013252025,3,2023,15.958287567780609,17.187837013252025
00-0035704,2024_18_NYG_PHI,2024,18,7.819999999999999,10.982065123401457,3,2023,12.106712920531685,10.982065123401457
00-0035993,2024_18_MIA_NYJ,2024,18,8.68,15.02847480211274,3,2023,12.791916097358932,15.02847480211274
00-0036264,2024_18_CHI_GB,2024,18,2.76,16.136281724499476,3,2023,15.425779215992652,16.136281724499476
00-0036355,2024_18_LAC_LV,2024,18,28.04,17.74446870597243,3,2023,16.87053475216327,17.74446870597243
00-0036442,2024_18_CIN_PIT,2024,18,12.98,16.168316145327807,3,2023,18.38809970805844,16.168316145327807
00-0036972,2024_18_JAX_IND,2024,18,12.7,12.436950419401384,3,2023,12.618796240891726,12.436950419401384
00-0038122,2024_18_LAC_LV,2024,18,0.44,10.676720763948888,3,2023,9.295873186664917,10.676720763948888
00-0038128,2024_18_CHI_GB,2024,18,3.74,10.73028212339971,3,2023,13.388192667409935,10.73028212339971
00-0038579,2024_18_LAC_LV,2024,18,15.860000000000005,13.083777268225964,3,2023,12.105313991821628,13.083777268225964
00-0038583,2024_18_CLE_BAL,2024,18,0.8200000000000001,8.117094783905115,3,2023,9.75432476190912,8.117094783905115
00-0039150,2024_18_CAR_ATL,2024,18,36.44,14.95239531215967,3,2023,14.594382349211712,14.95239531215967
00-0039152,2024_18_HOU_TEN,2024,18,11.8,9.882197102688917,3,2023,9.987504342524735,9.882197102688917
00-0039163,2024_18_HOU_TEN,2024,18,6.0,10.709367684118757,3,2023,12.343200218252363,10.709367684118757
00-0039376,2024_18_NO_TB,2024,18,14.7,11.240665141701706,3,2023,11.549335770061226,11.240665141701706
00-0039732,2024_18_KC_DEN,2024,18,33.54,17.497689351297648,3,2023,17.0526325357724,17.497689351297648
00-0039851,2024_18_BUF_NE,2024,18,0.0,13.534361008739555,3,2023,14.610237541302634,13.534361008739555
00-0039910,2024_18_WAS_DAL,2024,18,4.220000000000001,16.560847502564254,3,2023,19.7882823046404,16.560847502564254
00-0039917,2024_18_CAR_ATL,2024,18,24.98,13.704332869163176,3,2023,12.226341526358585,13.704332869163176
00-0039918,2024_18_CHI_GB,2024,18,10.92,15.7605532241744,3,2023,14.55214681032026,15.7605532241744
00-0026498,2024_19_MIN_LA,2024,19,16.259999999999998,14.433311461873751,3,2023,14.207569221691086,14.433311461873751
00-0029263,2024_19_PIT_BAL,2024,19,19.4,16.601604429532586,3,2023,15.047395751886745,16.601604429532586
00-0032268,2024_19_WAS_TB,2024,19,0.2,16.074067790746415,3,2023,15.856286490578627,16.074067790746415
00-0033869,2024_19_DEN_BUF,2024,19,-0.3,14.953165647576297,3,2023,13.327319092974928,14.953165647576297
00-0034796,2024_19_PIT_BAL,2024,19,23.1,23.38902501712352,3,2023,22.447372942232043,23.38902501712352
00-0034855,2024_19_WAS_TB,2024,19,15.7,19.477508166147608,3,2023,20.363509642884665,19.477508166147608
00-0034857,2024_19_DEN_BUF,2024,19,25.480000000000004,24.13487643854881,3,2023,22.00923734392983,24.13487643854881
00-0034869,2024_19_MIN_LA,2024,19,11.7,18.97676728232413,3,2023,17.804388281055658,18.97676728232413
00-0036264,2024_19_GB_PHI,2024,19,3.4800000000000004,13.4583356676675,3,2023,12.845357180432885,13.4583356676675
00-0036355,2024_19_LAC_HOU,2024,19,5.68,16.24217739204063,3,2023,16.72613512190036,16.24217739204063
00-0036389,2024_19_GB_PHI,2024,19,16.84,22.34265068769369,3,2023,21.063653447378435,22.34265068769369
00-0036945,2024_19_PIT_BAL,2024,19,0.0,13.202125091260742,3,2023,15.06573838181685,13.202125091260742
00-0039163,2024_19_LAC_HOU,2024,19,17.48,14.987462429090437,3,2023,14.779617995829422,14.987462429090437
00-0039732,2024_19_DEN_BUF,2024,19,14.06,18.681415828453723,3,2023,17.133225064834864,18.681415828453723
00-0039910,2024_19_WAS_TB,2024,19,22.32,18.805847068122816,3,2023,20.1447950415122,18.805847068122816
00-0026498,2024_20_LA_PHI,2024,20,19.46,15.035479219665977,3,2023,13.78725488034379,15.035479219665977
00-0032268,2024_20_WAS_DET,2024,20,-0.1,16.786082721593054,3,2023,15.534312645429043,16.786082721593054
00-0033106,2024_20_WAS_DET,2024,20,9.22,19.010423094693262,3,2023,18.348331616074045,19.010423094693262
00-0033873,2024_20_HOU_KC,2024,20,12.48,17.88909614187648,3,2023,19.015773250368863,17.88909614187648
00-0034796,2024_20_BAL_BUF,2024,20,18.06,20.166295234027285,3,2023,20.382152811793503,20.166295234027285
00-0034857,2024_20_BAL_BUF,2024,20,19.08,25.08277309684851,3,2023,22.81987199816907,25.08277309684851
00-0036389,2024_20_LA_PHI,2024,20,18.12,22.632316821102588,3,2023,21.71833753460231,22.632316821102588
00-0039163,2024_20_HOU_KC,2024,20,14.0,16.423365692611146,3,2023,15.079017594941,16.423365692611146
00-0039910,2024_20_WAS_DET,2024,20,25.06,20.295920604830744,3,2023,19.89337991054401,20.295920604830744
00-0033873,2024_21_BUF_KC,2024,21,30.1,17.058486735979564,3,2023,19.258054602307368,17.058486735979564
00-0034857,2024_21_BUF_KC,2024,21,21.380000000000003,24.5212482378123,3,2023,22.786634742476153,24.5212482378123
00-0036389,2024_21_WAS_PHI,2024,21,33.44,22.413810173430065,3,2023,21.86737287076732,22.413810173430065
00-0038102,2024_21_WAS_PHI,2024,21,-0.3,11.322045587158453,3,2023,11.351306233613323,11.322045587158453
00-0039910,2024_21_WAS_PHI,2024,21,25.0,18.10823385234607,3,2023,18.6101237173739,18.10823385234607
00-0033873,2024_22_KC_PHI,2024,22,22.78,19.328519480465,3,2023,19.676174674133325,19.328519480465
00-0036389,2024_22_KC_PHI,2024,22,28.04,23.24165095458471,3,2023,24.099725819661742,23.24165095458471
00-0038102,2024_22_KC_PHI,2024,22,-0.4,14.630994304562916,3,2023,12.88505899019218,14.630994304562916
00-0023459,2025_02_SEA_PIT,2025,2,10.420000000000002,16.158035115701143,4,2024,15.97798252996775,16.158035115701143
00-0026158,2025_02_CLE_BAL,2025,2,8.760000000000002,11.489094092572456,4,2024,13.145179548407242,11.489094092572456
00-0026498,2025_02_LA_TEN,2025,2,17.32,14.909593347901028,4,2024,14.719495875670466,14.909593347901028
00-0029263,2025_02_NYG_DAL,2025,2,30.3,15.168385626158976,4,2024,14.54253462445812,15.168385626158976
00-0030565,2025_02_LAC_LV,2025,2,3.2,15.510057384744542,4,2024,15.502919093414407,15.510057384744542
00-0033077,2025_02_NYG_DAL,2025,2,22.139999999999997,16.49132500607885,4,2024,14.785005936322207,16.49132500607885
00-0033106,2025_02_CHI_DET,2025,2,33.96,18.301478302831775,4,2024,16.955708600882595,18.301478302831775
00-0033873,2025_02_PHI_KC,2025,2,22.08,22.275463413268906,4,2024,20.387542848998287,22.275463413268906
00-0034796,2025_02_CLE_BAL,2025,2,26.3,19.309857489375712,4,2024,20.67348729873476,19.309857489375712
00-0034855,2025_02_TB_HOU,2025,2,19.9,15.565657726929212,4,2024,16.95016128386749,15.565657726929212
00-0034857,2025_02_BUF_NYJ,2025,2,11.82,20.395067460472134,4,2024,21.724035003592896,20.395067460472134
00-0034869,2025_02_SEA_PIT,2025,2,15.8,14.99618999313029,4,2024,14.656568994459352,14.99618999313029
00-0035228,2025_02_CAR_ARI,2025,2,14.0,19.146151150075863,4,2024,18.62508230626782,19.146151150075863
00-0035710,2025_02_DEN_IND,2025,2,22.84,15.562595624491358,4,2024,17.72656390987632,15.562595624491358
00-0036212,2025_02_NE_MIA,2025,2,18.6,14.532785996460602,4,2024,12.621640101363996,14.532785996460602
00-0036264,2025_02_WAS_GB,2025,2,20.88,16.900870803441574,4,2024,16.698527996377496,16.900870803441574
00-0036355,2025_02_LAC_LV,2025,2,18.78,19.58642928653336,4,2024,19.883450110610625,19.58642928653336
00-0036389,2025_02_PHI_KC,2025,2,11.54,22.66976414789042,4,2024,21.272022828074174,22.66976414789042
00-0036442,2025_02_JAX_CIN,2025,2,7.04,15.01979137402598,4,2024,14.057748143681604,15.01979137402598
00-0036945,2025_02_BUF_NYJ,2025,2,3.98,16.6451247305827,4,2024,18.59360112020881,16.6451247305827
00-0036971,2025_02_JAX_CIN,2025,2,19.24,15.998414341401569,4,2024,14.283436746660074,15.998414341401569
00-0039150,2025_02_CAR_ARI,2025,2,21.32,15.875989731327154,4,2024,14.363783818103062,15.875989731327154
00-0039163,2025_02_TB_HOU,2025,2,14.98,15.573073785550944,4,2024,15.875110923161072,15.573073785550944
00-0039376,2025_02_SF_NO,2025,2,21.68,12.376114114809408,4,2024,13.56428722319546,12.376114114809408
00-0039732,2025_02_DEN_IND,2025,2,20.24,15.945999854545375,4,2024,14.302360488887784,15.945999854545375
00-0039851,2025_02_NE_MIA,2025,2,26.300000000000004,15.729854019043534,4,2024,16.464923698895216,15.729854019043534
00-0039910,2025_02_WAS_GB,2025,2,19.7,18.060564738039737,4,2024,17.365852800004532,18.060564738039737
00-0039917,2025_02_ATL_MIN,2025,2,5.300000000000001,16.381029303938792,4,2024,17.734569139520787,16.381029303938792
00-0039918,2025_02_CHI_DET,2025,2,16.98,17.149827577898325,4,2024,17.39867799732503,17.149827577898325
00-0039923,2025_02_ATL_MIN,2025,2,2.8200000000000003,18.933274697439906,4,2024,18.199234960492163,18.933274697439906
00-0040676,2025_02_LA_TEN,2025,2,9.8,12.115714915480488,4,2024,12.511097541533797,12.115714915480488
00-0023459,2025_03_PIT_NE,2025,3,11.66,14.886767807553833,4,2024,14.965986606750882,14.886767807553833
00-0026158,2025_03_GB_CLE,2025,3,3.68,13.476723369980329,4,2024,13.615815582917229,13.476723369980329
00-0026498,2025_03_LA_PHI,2025,3,13.84,17.29790794843561,4,2024,15.347037154924896,17.29790794843561
00-0028118,2025_03_NYJ_TB,2025,3,16.68,10.713873160193913,4,2024,9.901188440670904,10.713873160193913
00-0029263,2025_03_KC_NYG,2025,3,5.1000000000000005,13.42199998312363,4,2024,16.60743345520882,13.42199998312363
00-0030565,2025_03_LV_WAS,2025,3,26.06,13.516327271579232,4,2024,13.018896364086268,13.516327271579232
00-0033077,2025_03_DAL_CHI,2025,3,12.04,16.143264155000423,4,2024,15.630148446689534,16.143264155000423
00-0033106,2025_03_DET_BAL,2025,3,12.68,19.753929179517307,4,2024,18.52861383447944,19.753929179517307
00-0033873,2025_03_KC_NYG,2025,3,13.16,20.847108361062816,4,2024,19.99684239082999,20.847108361062816
00-0034796,2025_03_DET_BAL,2025,3,27.02,22.121774005058743,4,2024,20.658739612775022,22.121774005058743
00-0034855,2025_03_NYJ_TB,2025,3,17.72,18.137178582468387,4,2024,19.351327218708736,18.137178582468387
00-0034857,2025_03_MIA_BUF,2025,3,23.02,26.18956014826218,4,2024,23.43641527849439,26.18956014826218
00-0034869,2025_03_NO_SEA,2025,3,16.72,15.868881539509593,4,2024,15.145131929987103,15.868881539509593
00-0035100,2025_03_CIN_MIN,2025,3,5.900000000000001,15.349376699416878,4,2024,12.9623032840632,15.349376699416878
00-0035228,2025_03_ARI_SF,2025,3,14.06,15.168511369639871,4,2024,16.30558593321936,15.168511369639871
00-0035710,2025_03_IND_TEN,2025,3,15.82,17.08034718826505,4,2024,17.87881787518633,17.08034718826505
00-0036212,2025_03_MIA_BUF,2025,3,12.84,12.261957671175008,4,2024,14.666719099268953,12.261957671175008
00-0036264,2025_03_GB_CLE,2025,3,11.12,16.326574591080398,4,2024,16.795793820522594,16.326574591080398
00-0036355,2025_03_DEN_LAC,2025,3,14.6,17.46833590311437,4,2024,19.427418493034004,17.46833590311437
00-0036389,2025_03_LA_PHI,2025,3,29.04,21.49610187228797,4,2024,19.718906999921693,21.49610187228797
00-0036971,2025_03_HOU_JAX,2025,3,7.780000000000001,15.916437380989256,4,2024,14.96421112608001,15.916437380989256
00-0036972,2025_03_ARI_SF,2025,3,13.26,17.3938595224235,4,2024,17.99645946941769,17.3938595224235
00-0039150,2025_03_ATL_CAR,2025,3,11.64,13.93839190025468,4,2024,14.07262134815432,13.93839190025468
00-0039163,2025_03_HOU_JAX,2025,3,10.36,14.37157607991044,4,2024,14.515428358990986,14.37157607991044
00-0039376,2025_03_NO_SEA,2025,3,11.72,14.849854787724167,4,2024,14.053526757157083,14.849854787724167
00-0039732,2025_03_DEN_LAC,2025,3,13.420000000000002,15.921721294343396,4,2024,15.724157991866043,15.921721294343396
00-0039851,2025_03_PIT_NE,2025,3,19.22,17.696420488922175,4,2024,18.889484795861772,17.696420488922175
00-0039917,2025_03_ATL_CAR,2025,3,3.78,15.534700231275076,4,2024,14.773472433522276,15.534700231275076
00-0039918,2025_03_DAL_CHI,2025,3,29.12,17.330057968305862,4,2024,18.001151285738256,17.330057968305862
00-0040676,2025_03_IND_TEN,2025,3,11.96,13.11828653105706,4,2024,12.5577753940455,13.11828653105706
00-0023459,2025_04_MIN_PIT,2025,4,12.8,15.218151446358618,4,2024,14.735365670280585,15.218151446358618
00-0026158,2025_04_CLE_DET,2025,4,1.2600000000000002,12.489214212920317,4,2024,12.94444024459452,12.489214212920317
00-0026498,2025_04_IND_LA,2025,4,27.4,17.006780852210813,4,2024,16.415406617389692,17.006780852210813
00-0029263,2025_04_LAC_NYG,2025,4,0.32,14.403127609615115,4,2024,14.498318521363986,14.403127609615115
00-0030565,2025_04_CHI_LV,2025,4,9.78,14.959138614303775,4,2024,16.00533711659501,14.959138614303775
00-0032268,2025_04_WAS_ATL,2025,4,16.240000000000002,12.526871258140352,4,2024,14.16076379495308,12.526871258140352
00-0032950,2025_04_MIN_PIT,2025,4,21.2,15.912269767254127,4,2024,14.471197840413028,15.912269767254127
00-0033077,2025_04_GB_DAL,2025,4,30.959999999999997,15.3717226603975,4,2024,14.728087252458613,15.3717226603975
00-0033106,2025_04_CLE_DET,2025,4,12.72,18.21598666065872,4,2024,18.078874779306908,18.21598666065872
00-0033873,2025_04_BAL_KC,2025,4,27.3,21.430991847239326,4,2024,20.566044324300275,21.430991847239326
00-0034796,2025_04_BAL_KC,2025,4,10.68,19.52709353110877,4,2024,21.362743803490773,19.52709353110877
00-0034855,2025_04_PHI_TB,2025,4,18.860000000000003,14.631078894238716,4,2024,17.517762434707794,14.631078894238716
00-0034857,2025_04_NO_BUF,2025,4,24.86,23.49370717614926,4,2024,22.896262693273172,23.49370717614926
00-0034869,2025_04_SEA_ARI,2025,4,16.08,15.37584305855388,4,2024,15.03036955280608,15.37584305855388
00-0035100,2025_04_CIN_DEN,2025,4,5.4,11.987093106388135,4,2024,12.374368900385493,11.987093106388135
00-0035228,2025_04_SEA_ARI,2025,4,16.1,15.996842483353394,4,2024,16.242558853386925,15.996842483353394
00-0035710,2025_04_IND_LA,2025,4,10.38,17.023943078566667,4,2024,18.846649926254877,17.023943078566667
00-0036212,2025_04_NYJ_MIA,2025,4,15.68,15.585183586837902,4,2024,14.78969845386936,15.585183586837902
00-0036264,2025_04_GB_DAL,2025,4,26.28,18.12599731486943,4,2024,17.48019050525559,18.12599731486943
00-0036355,2025_04_LAC_NYG,2025,4,12.52,19.649481251401124,4,2024,19.029442251397185,19.649481251401124
00-0036389,2025_04_PHI_TB,2025,4,19.4,23.156249587068903,4,2024,20.642032957926524,23.156249587068903
00-0036945,2025_04_NYJ_MIA,2025,4,27.14,11.60894101520985,4,2024,11.403613260918448,11.60894101520985
00-0036971,2025_04_JAX_SF,2025,4,11.66,14.914601551583395,4,2024,13.77118249365918,14.914601551583395
00-0037834,2025_04_JAX_SF,2025,4,17.66,11.88268287541898,4,2024,14.64812805730445,11.88268287541898
00-0039150,2025_04_CAR_NE,2025,4,10.3,14.483838560096482,4,2024,13.544338670478034,14.483838560096482
00-0039163,2025_04_TEN_HOU,2025,4,18.42,17.223961847272943,4,2024,14.546011500611929,17.223961847272943
00-0039376,2025_04_NO_BUF,2025,4,13.94,15.787310866730886,4,2024,15.398620180790465,15.787310866730886
00-0039732,2025_04_CIN_DEN,2025,4,25.74,16.915536594212853,4,2024,15.758296661089494,16.915536594212853
00-0039851,2025_04_CAR_NE,2025,4,23.22,19.295257239467055,4,2024,17.57024656733779,19.295257239467055
00-0039917,2025_04_WAS_ATL,2025,4,18.72,15.198017239434744,4,2024,13.350429607320455,15.198017239434744
00-0039918,2025_04_CHI_LV,2025,4,11.78,18.346772461360565,4,2024,19.034182558078477,18.346772461360565
00-0040676,2025_04_TEN_HOU,2025,4,4.5200000000000005,11.51912217391011,4,2024,11.990942638242313,11.51912217391011
00-0026498,2025_05_SF_LA,2025,5,25.56,18.009496465346686,4,2024,17.50129865649736,18.009496465346686
00-0030565,2025_05_LV_IND,2025,5,5.920000000000001,15.81793303629192,4,2024,14.91847391168796,15.81793303629192
00-0032950,2025_05_MIN_CLE,2025,5,14.74,13.736976769534602,4,2024,15.246025264590946,13.736976769534602
00-0033077,2025_05_DAL_NYJ,2025,5,28.28,16.080599664328908,4,2024,17.576108768563522,16.080599664328908
00-0033106,2025_05_DET_CIN,2025,5,20.12,17.001229505649114,4,2024,16.910862150544585,17.001229505649114
00-0033873,2025_05_KC_JAX,2025,5,26.72,22.46742899205037,4,2024,21.070546724562355,22.46742899205037
00-0034855,2025_05_TB_SEA,2025,5,26.66,16.26909281490054,4,2024,16.4921352119568,16.26909281490054
00-0034857,2025_05_NE_BUF,2025,5,19.42,21.64617146181067,4,2024,22.38652870216421,21.64617146181067
00-0034869,2025_05_TB_SEA,2025,5,27.64,17.483509547243276,4,2024,16.466324159456278,17.483509547243276
00-0035100,2025_05_DET_CIN,2025,5,19.14,13.897614358314508,4,2024,13.108650309644892,13.897614358314508
00-0035228,2025_05_TEN_ARI,2025,5,15.3,19.563729815497172,4,2024,17.28754653127554,19.563729815497172
00-0035710,2025_05_LV_IND,2025,5,16.68,19.679675836340905,4,2024,19.14174392525566,19.679675836340905
00-0036212,2025_05_MIA_CAR,2025,5,22.74,14.26956797381014,4,2024,14.464056703724482,14.26956797381014
00-0036355,2025_05_WAS_LAC,2025,5,14.64,16.809686787901235,4,2024,18.10559251819201,16.809686787901235
00-0036389,2025_05_DEN_PHI,2025,5,19.500000000000004,21.75965130189979,4,2024,20.533129677251257,21.75965130189979
00-0036945,2025_05_DAL_NYJ,2025,5,25.92,16.31153509293756,4,2024,17.96076738569544,16.31153509293756
00-0036971,2025_05_KC_JAX,2025,5,26.24,14.154745655175542,4,2024,14.275095832560206,14.154745655175542
00-0036972,2025_05_SF_LA,2025,5,22.18,14.53300316295255,4,2024,15.034469669263084,14.53300316295255
00-0039150,2025_05_MIA_CAR,2025,5,12.02,14.39399561629856,4,2024,13.546128591346534,14.39399561629856
00-0039163,2025_05_HOU_BAL,2025,5,28.76,14.280635054443312,4,2024,14.803694118038557,14.280635054443312
00-0039376,2025_05_NYG_NO,2025,5,16.1,17.859725782762812,4,2024,16.76127405354649,17.859725782762812
00-0039732,2025_05_DEN_PHI,2025,5,17.88,16.291059258201592,4,2024,16.71045854270959,16.291059258201592
00-0039851,2025_05_NE_BUF,2025,5,12.12,19.10431744812112,4,2024,18.152655244254177,19.10431744812112
00-0039910,2025_05_WAS_LAC,2025,5,17.14,14.909137881327986,4,2024,16.178876645286906,14.909137881327986
00-0040676,2025_05_TEN_ARI,2025,5,8.0,12.892134793714536,4,2024,12.492317205202443,12.892134793714536
00-0040691,2025_05_NYG_NO,2025,5,15.579999999999998,13.390786972108309,4,2024,14.458397462292394,13.390786972108309
00-0023459,2025_06_CLE_PIT,2025,6,17.5,15.419197172807678,4,2024,13.826945129153128,15.419197172807678
00-0026158,2025_06_CIN_GB,2025,6,18.76,8.81257743858311,4,2024,9.55410611408735,8.81257743858311
00-0026498,2025_06_LA_BAL,2025,6,9.34,15.42709324755969,4,2024,16.569953271789764,15.42709324755969
00-0029263,2025_06_PHI_NYG,2025,6,0.0,9.966085923018154,4,2024,12.226139116525282,9.966085923018154
00-0030565,2025_06_TEN_LV,2025,6,8.66,16.26010680075309,4,2024,15.103840957987474,16.26010680075309
00-0033077,2025_06_DAL_CAR,2025,6,22.339999999999996,17.14582206520812,4,2024,17.915977557811942,17.14582206520812
00-0033106,2025_06_DET_KC,2025,6,16.82,15.994416081147529,4,2024,17.175918949599122,15.994416081147529
00-0033662,2025_06_LA_BAL,2025,6,-1.12,11.048393134104634,4,2024,10.309402878375767,11.048393134104634
00-0033873,2025_06_DET_KC,2025,6,31.48,23.268136952224523,4,2024,22.38000117696087,23.268136952224523
00-0034855,2025_06_SF_TB,2025,6,19.64,17.476765040655874,4,2024,18.853416557938058,17.476765040655874
00-0034857,2025_06_BUF_ATL,2025,6,15.4,24.37187728336316,4,2024,22.767405876724904,24.37187728336316
00-0034869,2025_06_SEA_JAX,2025,6,20.0,16.300774484499083,4,2024,17.10727938131893,16.300774484499083
00-0035710,2025_06_ARI_IND,2025,6,22.48,19.89435832330581,4,2024,18.31584108385877,19.89435832330581
00-0036212,2025_06_LAC_MIA,2025,6,6.6,16.510284254351102,4,2024,15.747045328677832,16.510284254351102
00-0036264,2025_06_CIN_GB,2025,6,14.96,18.39061315952723,4,2024,18.426475257286228,18.39061315952723
00-0036355,2025_06_LAC_MIA,2025,6,18.76,16.42995343715941,4,2024,17.322575299797734,16.42995343715941
00-0036389,2025_06_PHI_NYG,2025,6,20.62,21.30058974098769,4,2024,19.156402815968477,21.30058974098769
00-0036945,2025_06_DEN_NYJ,2025,6,4.9,13.533265575692743,4,2024,17.213083007088823,13.533265575692743
00-0036971,2025_06_SEA_JAX,2025,6,19.22,14.251493302050273,4,2024,15.595792851458572,14.251493302050273
00-0036972,2025_06_SF_TB,2025,6,11.18,15.850259536386192,4,2024,16.80115130607921,15.850259536386192
00-0039150,2025_06_DAL_CAR,2025,6,18.46,16.061074950748946,4,2024,14.642719915253243,16.061074950748946
00-0039376,2025_06_NE_NO,2025,6,11.08,15.88048461209387,4,2024,16.11916914936989,15.88048461209387
00-0039732,2025_06_DEN_NYJ,2025,6,13.36,17.177788002728825,4,2024,17.166054404386944,17.177788002728825
00-0039851,2025_06_NE_NO,2025,6,27.24,17.805175152743534,4,2024,18.476307035513983,17.805175152743534
00-0039910,2025_06_CHI_WAS,2025,6,21.639999999999997,17.59702163468801,4,2024,17.932159129979887,17.59702163468801
00-0039917,2025_06_BUF_ATL,2025,6,14.6,11.501415311676489,4,2024,13.295268489778778,11.501415311676489
00-0039918,2025_06_CHI_WAS,2025,6,20.380000000000003,18.204937345541907,4,2024,17.131276857598607,18.204937345541907
00-0040676,2025_06_TEN_LV,2025,6,6.880000000000001,12.53020962603465,4,2024,12.969126269377597,12.53020962603465
00-0040691,2025_06_PHI_NYG,2025,6,23.6,14.025149100221176,4,2024,13.632990949027707,14.025149100221176
00-0040704,2025_06_CLE_PIT,2025,6,8.84,14.583613119914034,4,2024,12.996348843703563,14.583613119914034
00-0023459,2025_07_PIT_CIN,2025,7,22.56,15.837530734754043,4,2024,16.109663026156593,15.837530734754043
00-0026158,2025_07_PIT_CIN,2025,7,25.98,13.313498999685722,4,2024,12.760324637044928,13.313498999685722
00-0026498,2025_07_LA_JAX,2025,7,27.380000000000003,14.03156405418362,4,2024,16.008420436445054,14.03156405418362
00-0028118,2025_07_CAR_NYJ,2025,7,2.14,11.096307164614734,4,2024,11.520780077708189,11.096307164614734
00-0030565,2025_07_LV_KC,2025,7,2.78,12.899129578301626,4,2024,13.156524758235625,12.899129578301626
00-0032268,2025_07_WAS_DAL,2025,7,3.92,12.092695450864737,4,2024,12.942752124637453,12.092695450864737
00-0032950,2025_07_PHI_MIN,2025,7,11.32,16.857353919884,4,2024,16.46011900955995,16.857353919884
00-0033077,2025_07_WAS_DAL,2025,7,23.26,19.231941962271716,4,2024,18.854304065070924,19.231941962271716
00-0033106,2025_07_TB_DET,2025,7,10.34,17.813099156621877,4,2024,17.683778667198514,17.813099156621877
00-0033119,2025_07_GB_ARI,2025,7,19.76,12.823189089975711,4,2024,13.97857224576095,12.823189089975711
00-0033873,2025_07_LV_KC,2025,7,26.24,22.295635626221355,4,2024,22.019462756317743,22.295635626221355
00-0034855,2025_07_TB_DET,2025,7,11.12,21.175335457279253,4,2024,19.65311456736545,21.175335457279253
00-0034869,2025_07_HOU_SEA,2025,7,8.62,15.443446991170282,4,2024,16.318608176941698,15.443446991170282
00-0035710,2025_07_IND_LAC,2025,7,22.22,17.97729101534299,4,2024,17.95776331244976,17.97729101534299
00-0036212,2025_07_MIA_CLE,2025,7,-1.4,10.363262345768868,4,2024,13.438965861944776,10.363262345768868
00-0036264,2025_07_GB_ARI,2025,7,13.36,18.04956139603864,4,2024,18.695697664112693,18.04956139603864
00-0036355,2025_07_IND_LAC,2025,7,27.9,18.081286621014403,4,2024,18.186658195835125,18.081286621014403
00-0036389,2025_07_PHI_MIN,2025,7,24.04,21.972399689350777,4,2024,19.64032510245788,21.972399689350777
00-0036945,2025_07_CAR_NYJ,2025,7,4.04,14.036941761459978,4,2024,16.870301894928378,14.036941761459978
00-0036971,2025_07_LA_JAX,2025,7,17.64,13.669990966671348,4,2024,15.657566559169265,13.669990966671348
00-0036972,2025_07_ATL_SF,2025,7,5.18,16.34392354271779,4,2024,16.431128145651662,16.34392354271779
00-0039150,2025_07_CAR_NYJ,2025,7,10.52,14.171458471031276,4,2024,14.409822138229634,14.171458471031276
00-0039163,2025_07_HOU_SEA,2025,7,13.66,15.54090620654702,4,2024,15.190973752438234,15.54090620654702
00-0039376,2025_07_NO_CHI,2025,7,10.52,15.491067471724602,4,2024,14.737960358962296,15.491067471724602
00-0039732,2025_07_NYG_DEN,2025,7,39.96,18.5778761135416,4,2024,17.291733396282922,18.5778761135416
00-0039851,2025_07_NE_TEN,2025,7,23.08,17.006998948756426,4,2024,17.176191037881967,17.006998948756426
00-0039910,2025_07_WAS_DAL,2025,7,17.740000000000002,19.565049215846237,4,2024,19.420023780459797,19.565049215846237
00-0039917,2025_07_ATL_SF,2025,7,12.24,15.519306587840546,4,2024,14.264267650854276,15.519306587840546
00-0039918,2025_07_NO_CHI,2025,7,4.68,16.554307053301812,4,2024,17.9472265992819,16.554307053301812
00-0040676,2025_07_NE_TEN,2025,7,10.2,13.7641731393061,4,2024,12.626247785224871,13.7641731393061
00-0040691,2025_07_NYG_DEN,2025,7,28.42,13.29207604325367,4,2024,13.49514129926076,13.29207604325367
00-0040704,2025_07_MIA_CLE,2025,7,5.84,12.405281379217094,4,2024,11.355855991823962,12.405281379217094
00-0023459,2025_08_GB_PIT,2025,8,16.759999999999998,17.024176514199898,4,2024,15.99425438764313,17.024176514199898
00-0026158,2025_08_NYJ_CIN,2025,8,24.32,14.758347324334652,4,2024,13.3514087093305,14.758347324334652
00-0032268,2025_08_WAS_KC,2025,8,11.32,8.18038371584573,4,2024,11.965982080515598,8.18038371584573
00-0032950,2025_08_MIN_LAC,2025,8,7.76,16.986039184705056,4,2024,17.20986975147375,16.986039184705056
00-0033077,2025_08_DAL_DEN,2025,8,6.620000000000001,17.77123000094436,4,2024,17.418884159103616,17.77123000094436
00-0033873,2025_08_WAS_KC,2025,8,22.96,25.001457754510863,4,2024,23.293348061164927,25.001457754510863
00-0034855,2025_08_TB_NO,2025,8,4.08,18.960663826298752,4,2024,18.248493736907218,18.960663826298752
00-0034857,2025_08_BUF_CAR,2025,8,23.22,20.64098121870097,4,2024,21.41567140148485,20.64098121870097
00-0035710,2025_08_TEN_IND,2025,8,23.180000000000003,19.125594822448285,4,2024,19.554766694639177,19.125594822448285
00-0036212,2025_08_MIA_ATL,2025,8,24.2,14.220420706864568,4,2024,13.09395867205753,14.220420706864568
00-0036264,2025_08_GB_PIT,2025,8,28.299999999999997,17.83802349928266,4,2024,17.99664390806386,17.83802349928266
00-0036355,2025_08_MIN_LAC,2025,8,25.28,16.5578744910572,4,2024,18.71163158879473,16.5578744910572
00-0036389,2025_08_NYG_PHI,2025,8,25.36,22.412540859570797,4,2024,21.22825628816312,22.412540859570797
00-0036945,2025_08_NYJ_CIN,2025,8,20.86,15.10648544377852,4,2024,13.66017654912933,15.10648544377852
00-0036972,2025_08_SF_HOU,2025,8,18.02,15.586236607893106,4,2024,14.824633992366474,15.586236607893106
00-0039163,2025_08_SF_HOU,2025,8,21.72,19.31826948288842,4,2024,17.22789953579749,19.31826948288842
00-0039376,2025_08_TB_NO,2025,8,2.640000000000001,15.895413224101125,4,2024,15.60619398125584,15.895413224101125
00-0039732,2025_08_DAL_DEN,2025,8,23.78,20.55679895565306,4,2024,20.149509880887948,20.55679895565306
00-0039851,2025_08_CLE_NE,2025,8,26.28,17.67171645272019,4,2024,17.829307214287123,17.67171645272019
00-0039918,2025_08_CHI_BAL,2025,8,11.8,13.265272983875793,4,2024,15.283795382938589,13.265272983875793
00-0040676,2025_08_TEN_IND,2025,8,12.76,12.469754995090955,4,2024,12.695030596821846,12.469754995090955
00-0040691,2025_08_NYG_PHI,2025,8,19.42,16.80544018700282,4,2024,16.71005830704264,16.80544018700282
00-0040704,2025_08_CLE_NE,2025,8,11.54,11.810618665887535,4,2024,10.030003099143272,11.810618665887535
00-0023459,2025_09_IND_PIT,2025,9,12.12,17.1927552628447,4,2024,16.535217827621246,17.1927552628447
00-0026158,2025_09_CHI_CIN,2025,9,30.699999999999996,16.535928324371437,4,2024,15.910845308843507,16.535928324371437
00-0026498,2025_09_NO_LA,2025,9,26.840000000000003,17.178956977923374,4,2024,16.918520238529418,17.178956977923374
00-0030565,2025_09_JAX_LV,2025,9,26.26,11.186899395182632,4,2024,11.835459841135554,11.186899395182632
00-0033077,2025_09_ARI_DAL,2025,9,15.4,19.820738656163865,4,2024,18.912035760889445,19.820738656163865
00-0033106,2025_09_MIN_DET,2025,9,19.36,17.02733623154912,4,2024,16.335077039337463,17.02733623154912
00-0033119,2025_09_ARI_DAL,2025,9,24.839999999999996,14.240319451684629,4,2024,13.970989934576671,14.240319451684629
00-0033873,2025_09_KC_BUF,2025,9,10.5,21.53704918958739,4,2024,21.59481523857501,21.53704918958739
00-0034796,2025_09_BAL_MIA,2025,9,25.56,17.659701772142878,4,2024,18.68743877102989,17.659701772142878
00-0034857,2025_09_KC_BUF,2025,9,28.82,24.708922444260068,4,2024,22.858643523966276,24.708922444260068
00-0034869,2025_09_SEA_WAS,2025,9,27.200000000000003,15.305313811227489,4,2024,15.595784864913911,15.305313811227489
00-0035710,2025_09_IND_PIT,2025,9,14.079999999999998,19.991435063413284,4,2024,19.100936795083665,19.991435063413284
00-0036212,2025_09_BAL_MIA,2025,9,8.54,14.50749495183318,4,2024,14.64908500940923,14.50749495183318
00-0036264,2025_09_CAR_GB,2025,9,9.02,18.545970441396346,4,2024,18.90217927145647,18.545970441396346
00-0036355,2025_09_LAC_TEN,2025,9,27.7,17.114663408010376,4,2024,19.2095849977665,17.114663408010376
00-0036971,2025_09_JAX_LV,2025,9,21.200000000000003,14.48309063598026,4,2024,14.665081552699856,14.48309063598026
00-0036972,2025_09_SF_NYG,2025,9,15.799999999999995,16.98894290258152,4,2024,16.314429080498076,16.98894290258152
00-0039150,2025_09_CAR_GB,2025,9,2.98,11.30854788706536,4,2024,11.82010956947431,11.30854788706536
00-0039163,2025_09_DEN_HOU,2025,9,4.36,18.07569003243974,4,2024,17.41201851045018,18.07569003243974
00-0039732,2025_09_DEN_HOU,2025,9,18.52,17.512853364315966,4,2024,18.22560506391183,17.512853364315966
00-0039851,2025_09_ATL_NE,2025,9,16.36,21.21389004366088,4,2024,19.368215686528263,21.21389004366088
00-0039910,2025_09_SEA_WAS,2025,9,15.22,13.735324651240884,4,2024,15.506360504794817,13.735324651240884
00-0039917,2025_09_ATL_NE,2025,9,22.74,12.693645972366143,4,2024,12.614687791769322,12.693645972366143
00-0039918,2025_09_CHI_CIN,2025,9,38.7,17.134525872101865,4,2024,17.104916495376454,17.134525872101865
00-0039923,2025_09_MIN_DET,2025,9,18.92,10.01054540823324,4,2024,9.508987101677874,10.01054540823324
00-0040676,2025_09_LAC_TEN,2025,9,6.4,13.459967170135812,4,2024,13.141775034543198,13.459967170135812
00-0040691,2025_09_SF_NYG,2025,9,27.24,14.806833725863656,4,2024,17.31371819320826,14.806833725863656
00-0040743,2025_09_NO_LA,2025,9,9.239999999999998,8.053458117599895,4,2024,9.4751488824912,8.053458117599895
00-0023459,2025_10_PIT_LAC,2025,10,6.440000000000001,14.3862732393381,4,2024,15.939392620823792,14.3862732393381
00-0026498,2025_10_LA_SF,2025,10,26.9,15.990267107111826,4,2024,17.220541055895175,15.990267107111826
00-0029263,2025_10_NYG_CHI,2025,10,3.0,8.404533599751005,4,2024,11.205035746702862,8.404533599751005
00-0030565,2025_10_LV_DEN,2025,10,4.42,13.13013460421591,4,2024,12.963588110087088,13.13013460421591
00-0032268,2025_10_DET_WAS,2025,10,18.72,11.704472174347035,4,2024,12.11860908669204,11.704472174347035
00-0033106,2025_10_DET_WAS,2025,10,24.8,16.308410381557177,4,2024,16.866437916358716,16.308410381557177
00-0033119,2025_10_ARI_SEA,2025,10,19.42,12.141229675340014,4,2024,14.028172036693894,12.141229675340014
00-0034796,2025_10_BAL_MIN,2025,10,16.64,17.125170547787686,4,2024,19.14287542596292,17.125170547787686
00-0034855,2025_10_NE_TB,2025,10,22.92,17.35123687858736,4,2024,16.26633008534216,17.35123687858736
00-0034857,2025_10_BUF_MIA,2025,10,19.340000000000003,23.96096511784784,4,2024,21.965981598713167,23.96096511784784
00-0034869,2025_10_ARI_SEA,2025,10,4.920000000000002,17.302422478882928,4,2024,16.888522429819094,17.302422478882928
00-0035710,2025_10_ATL_IND,2025,10,15.5,19.85308544974496,4,2024,19.046047767351133,19.85308544974496
00-0036212,2025_10_BUF_MIA,2025,10,10.82,12.888269928290846,4,2024,13.757165435752231,12.888269928290846
00-0036264,2025_10_PHI_GB,2025,10,7.84,19.112011027197397,4,2024,17.92474150900164,19.112011027197397
00-0036355,2025_10_PIT_LAC,2025,10,14.7,19.948692106780623,4,2024,21.20367154495264,19.948692106780623
00-0036389,2025_10_PHI_GB,2025,10,12.02,19.697838716813216,4,2024,19.78634064188979,19.697838716813216
00-0036898,2025_10_JAX_HOU,2025,10,27.68,10.801308880698604,4,2024,10.079377042214254,10.801308880698604
00-0036945,2025_10_CLE_NYJ,2025,10,6.960000000000001,16.709740665501453,4,2024,15.616704713380477,16.709740665501453
00-0036971,2025_10_JAX_HOU,2025,10,9.82,13.584215992050842,4,2024,14.2739757392979,13.584215992050842
00-0036972,2025_10_LA_SF,2025,10,23.06,15.55339236052149,4,2024,15.80687943134761,15.55339236052149
00-0039150,2025_10_NO_CAR,2025,10,1.56,13.463579781123572,4,2024,13.670156378939891,13.463579781123572
00-0039732,2025_10_LV_DEN,2025,10,5.8,19.86368238969215,4,2024,19.467373533707104,19.86368238969215
00-0039851,2025_10_NE_TB,2025,10,18.1,18.982619439797357,4,2024,18.875807561269617,18.982619439797357
00-0039917,2025_10_ATL_IND,2025,10,10.98,15.720186833498868,4,2024,15.575251779534955,15.720186833498868
00-0039918,2025_10_NYG_CHI,2025,10,25.1,16.534497352252185,4,2024,17.249611335127867,16.534497352252185
00-0039923,2025_10_BAL_MIN,2025,10,14.72,13.07360284738248,4,2024,12.836341425944596,13.07360284738248
00-0040691,2025_10_NYG_CHI,2025,10,26.28,18.289870687046033,4,2024,18.22262180186025,18.289870687046033
00-0040704,2025_10_CLE_NYJ,2025,10,20.08,12.19151429501948,4,2024,10.149623578927253,12.19151429501948
00-0040743,2025_10_NO_CAR,2025,10,18.98,12.753075246274166,4,2024,10.283696372389436,12.753075246274166
00-0023459,2025_11_CIN_PIT,2025,11,9.44,17.104238044944942,4,2024,15.941216967332531,17.104238044944942
00-0026158,2025_11_CIN_PIT,2025,11,9.86,15.522310231744886,4,2024,14.90508287876157,15.522310231744886
00-0026498,2025_11_SEA_LA,2025,11,13.2,18.219965500654872,4,2024,18.338589430049065,18.219965500654872
00-0029604,2025_11_CAR_ATL,2025,11,2.12,9.505009764475924,4,2024,9.85748755686234,9.505009764475924
00-0030565,2025_11_DAL_LV,2025,11,12.92,13.425980038208284,4,2024,13.798959457729424,13.425980038208284
00-0032268,2025_11_WAS_MIA,2025,11,15.42,15.271518101999902,4,2024,14.970895814145347,15.271518101999902
00-0033077,2025_11_DAL_LV,2025,11,24.32,17.387476130952866,4,2024,17.768281228477253,17.387476130952866
00-0033106,2025_11_DET_PHI,2025,11,12.1,15.396329557817683,4,2024,16.781262818901137,15.396329557817683
00-0033119,2025_11_SF_ARI,2025,11,21.880000000000003,13.606748678179184,4,2024,14.657083934369949,13.606748678179184
00-0033873,2025_11_KC_DEN,2025,11,13.340000000000002,19.596436937932012,4,2024,19.34953864115318,19.596436937932012
00-0034796,2025_11_BAL_CLE,2025,11,4.72,15.43312322689795,4,2024,18.121757695055976,15.43312322689795
00-0034855,2025_11_TB_BUF,2025,11,16.82,16.863722831223864,4,2024,16.21531387041888,16.863722831223864
00-0034857,2025_11_TB_BUF,2025,11,42.68,23.722131883403343,4,2024,22.72198436425003,23.722131883403343
00-0034869,2025_11_SEA_LA,2025,11,4.26,16.35969471192204,4,2024,15.931463497073052,16.35969471192204
00-0036212,2025_11_WAS_MIA,2025,11,6.84,16.113341087523764,4,2024,15.035095313333684,16.113341087523764
00-0036264,2025_11_GB_NYG,2025,11,17.66,16.696554907774438,4,2024,16.653315030912054,16.696554907774438
00-0036355,2025_11_LAC_JAX,2025,11,3.3400000000000003,18.077053648929223,4,2024,19.377160127674603,18.077053648929223
00-0036389,2025_11_DET_PHI,2025,11,14.5,22.247655478513135,4,2024,20.20310659326002,22.247655478513135
00-0036898,2025_11_HOU_TEN,2025,11,16.36,15.17058115117995,4,2024,13.298880784303115,15.17058115117995
00-0036945,2025_11_NYJ_NE,2025,11,19.34,17.64201571466147,4,2024,15.613713563098388,17.64201571466147
00-0036971,2025_11_LAC_JAX,2025,11,15.02,16.043271637778226,4,2024,15.940784635596144,16.043271637778226
00-0036972,2025_11_SF_ARI,2025,11,-0.3,16.992924691858544,4,2024,16.7013182358939,16.992924691858544
00-0037834,2025_11_SF_ARI,2025,11,19.3,11.360520804856504,4,2024,13.43248542336154,11.360520804856504
00-0039150,2025_11_CAR_ATL,2025,11,31.82,13.922630189787393,4,2024,13.154020798702138,13.922630189787393
00-0039732,2025_11_KC_DEN,2025,11,12.6,18.369625510083576,4,2024,18.51777330137549,18.369625510083576
00-0039851,2025_11_NYJ_NE,2025,11,15.44,21.236292839890623,4,2024,19.875546706405707,21.236292839890623
00-0039917,2025_11_CAR_ATL,2025,11,7.9,16.828722978946384,4,2024,15.40351796669198,16.828722978946384
00-0039918,2025_11_CHI_MIN,2025,11,10.32,14.833705557635945,4,2024,17.58125114028444,14.833705557635945
00-0039923,2025_11_CHI_MIN,2025,11,6.0,14.522592105553583,4,2024,13.531691790662512,14.522592105553583
00-0040676,2025_11_HOU_TEN,2025,11,13.06,11.731759778881065,4,2024,11.11739898696136,11.731759778881065
00-0040704,2025_11_BAL_CLE,2025,11,2.9200000000000004,11.499830084239068,4,2024,12.587806547597436,11.499830084239068
00-0026158,2025_12_NE_CIN,2025,12,9.62,13.974933569553675,4,2024,15.696026233926576,13.974933569553675
00-0026498,2025_12_TB_LA,2025,12,22.92,17.991354550732268,4,2024,18.540238058150255,17.991354550732268
00-0028118,2025_12_NYJ_BAL,2025,12,12.78,8.85921291217343,4,2024,8.051051410130626,8.85921291217343
00-0029604,2025_12_ATL_NO,2025,12,14.46,8.134022004805999,4,2024,9.257319192222951,8.134022004805999
00-0030565,2025_12_CLE_LV,2025,12,14.2,10.008750864960572,4,2024,13.194802744372767,10.008750864960572
00-0031503,2025_12_NYG_DET,2025,12,32.24,12.174565268914462,4,2024,13.334363506999992,12.174565268914462
00-0033077,2025_12_PHI_DAL,2025,12,27.06,17.991051769812717,4,2024,16.20233366801285,17.991051769812717
00-0033106,2025_12_NYG_DET,2025,12,17.16,17.63764670109928,4,2024,18.201035219327647,17.63764670109928
00-0033119,2025_12_JAX_ARI,2025,12,18.68,14.712873390940198,4,2024,17.564862342200783,14.712873390940198
00-0033873,2025_12_IND_KC,2025,12,17.08,21.901700106476262,4,2024,21.66696804710448,21.901700106476262
00-0034771,2025_12_PIT_CHI,2025,12,7.539999999999999,8.318438392910156,4,2024,10.486696769442222,8.318438392910156
00-0034796,2025_12_NYJ_BAL,2025,12,7.220000000000001,19.852966163901925,4,2024,19.498263655658032,19.852966163901925
00-0034855,2025_12_TB_LA,2025,12,3.540000000000001,18.278858742063537,4,2024,16.936730609285547,18.278858742063537
00-0034857,2025_12_BUF_HOU,2025,12,8.120000000000001,21.831696602472036,4,2024,21.48801541139944,21.831696602472036
00-0034869,2025_12_SEA_TEN,2025,12,17.659999999999997,16.418284882084517,4,2024,15.328841153142896,16.418284882084517
00-0035100,2025_12_NE_CIN,2025,12,0.56,11.588666622976472,4,2024,10.829511702714155,11.588666622976472
00-0035710,2025_12_IND_KC,2025,12,16.84,17.11191464055408,4,2024,16.969197471503705,17.11191464055408
00-0036264,2025_12_MIN_GB,2025,12,7.0600000000000005,18.280887432399453,4,2024,17.185395371984495,18.280887432399453
00-0036389,2025_12_PHI_DAL,2025,12,30.86,20.75847941757974,4,2024,19.61158054223753,20.75847941757974
00-0036898,2025_12_BUF_HOU,2025,12,14.52,12.543157568005316,4,2024,13.51921649663179,12.543157568005316
00-0036971,2025_12_JAX_ARI,2025,12,17.14,17.80650507101735,4,2024,16.163075231648058,17.80650507101735
00-0037834,2025_12_CAR_SF,2025,12,7.3199999999999985,16.16435814983438,4,2024,14.722398478695949,16.16435814983438
00-0039150,2025_12_CAR_SF,2025,12,8.26,13.972435440639204,4,2024,13.453946666658087,13.972435440639204
00-0039851,2025_12_NE_CIN,2025,12,15.96,18.095967476898085,4,2024,18.81763736776792,18.095967476898085
00-0039918,2025_12_PIT_CHI,2025,12,21.660000000000004,16.727916360676687,4,2024,17.495757948135683,16.727916360676687
00-0039923,2025_12_MIN_GB,2025,12,0.48,12.555186605224817,4,2024,11.79684223846764,12.555186605224817
00-0040668,2025_12_CLE_LV,2025,12,10.26,8.629055693365325,4,2024,8.653744406356108,8.629055693365325
00-0040676,2025_12_SEA_TEN,2025,12,23.94,12.87952428992688,4,2024,13.017763079932408,12.87952428992688
00-0040743,2025_12_ATL_NO,2025,12,7.920000000000002,13.811674622063954,4,2024,10.638700784466849,13.811674622063954
00-0023459,2025_13_BUF_PIT,2025,13,2.6799999999999997,11.310443079198746,4,2024,12.040369359812711,11.310443079198746
00-0026498,2025_13_LA_CAR,2025,13,11.62,16.53991664822161,4,2024,16.5853792455426,16.53991664822161
00-0028118,2025_13_ATL_NYJ,2025,13,21.28,13.863210880938116,4,2024,11.57362321438587,13.863210880938116
00-0029604,2025_13_ATL_NYJ,2025,13,13.36,12.844510035168865,4,2024,11.570219543607532,12.844510035168865
00-0030565,2025_13_LV_LAC,2025,13,12.000000000000002,12.825922609171096,4,2024,12.996140554902674,12.825922609171096
00-0032268,2025_13_DEN_WAS,2025,13,23.26,13.88456870297146,4,2024,13.57401819819466,13.88456870297146
00-0033077,2025_13_KC_DAL,2025,13,20.6,17.597151451617403,4,2024,18.662074625963697,17.597151451617403
00-0033106,2025_13_GB_DET,2025,13,20.64,16.06365886533769,4,2024,17.032599523745077,16.06365886533769
00-0033119,2025_13_ARI_TB,2025,13,19.64,15.16223324599117,4,2024,16.88133524422565,15.16223324599117
00-0033873,2025_13_KC_DAL,2025,13,29.44,24.10327613680361,4,2024,22.050155776527177,24.10327613680361
00-0034771,2025_13_BUF_PIT,2025,13,-2.0,13.632406894682749,4,2024,12.37861167544258,13.632406894682749
00-0034796,2025_13_CIN_BAL,2025,13,6.539999999999999,17.92472745148764,4,2024,18.53211411226349,17.92472745148764
00-0034855,2025_13_ARI_TB,2025,13,14.46,18.3201768632404,4,2024,16.489649304970193,18.3201768632404
00-0034857,2025_13_BUF_PIT,2025,13,16.72,19.79508500786203,4,2024,21.043590658562415,19.79508500786203
00-0034869,2025_13_MIN_SEA,2025,13,3.12,17.17560146266797,4,2024,16.001791575918762,17.17560146266797
00-0035710,2025_13_HOU_IND,2025,13,16.14,15.324711146900398,4,2024,17.27792923577055,15.324711146900398
00-0036212,2025_13_NO_MIA,2025,13,4.680000000000001,13.09986622252064,4,2024,12.840244307749986,13.09986622252064
00-0036264,2025_13_GB_DET,2025,13,25.76,17.31850451050159,4,2024,16.42613312063173,17.31850451050159
00-0036355,2025_13_LV_LAC,2025,13,12.84,16.64102219521046,4,2024,16.593363392459587,16.64102219521046
00-0036389,2025_13_CHI_PHI,2025,13,16.300000000000004,22.855297401356587,4,2024,21.644993765742942,22.855297401356587
00-0036442,2025_13_CIN_BAL,2025,13,19.24,8.14144355195052,4,2024,8.845244018406415,8.14144355195052
00-0036971,2025_13_JAX_TEN,2025,13,21.66,16.2261757474049,4,2024,16.360005116088427,16.2261757474049
00-0036972,2025_13_SF_CLE,2025,13,0.2,11.10770165674525,4,2024,13.76942796133795,11.10770165674525
00-0037834,2025_13_SF_CLE,2025,13,17.119999999999997,10.485955886980662,4,2024,12.720250142283357,10.485955886980662
00-0039150,2025_13_LA_CAR,2025,13,22.540000000000003,14.508723838576534,4,2024,13.631310756747622,14.508723838576534
00-0039163,2025_13_HOU_IND,2025,13,9.04,17.585063356143863,4,2024,15.802975246044298,17.585063356143863
00-0039732,2025_13_DEN_WAS,2025,13,16.44,17.081432157968557,4,2024,16.2998876701442,17.081432157968557
00-0039851,2025_13_NYG_NE,2025,13,20.48,20.376686794907723,4,2024,19.1145352722363,20.376686794907723
00-0039918,2025_13_CHI_PHI,2025,13,9.46,14.045349309033083,4,2024,15.7910940966669,14.045349309033083
00-0040668,2025_13_SF_CLE,2025,13,10.56,9.97072100858337,4,2024,9.342978476711274,9.97072100858337
00-0040676,2025_13_JAX_TEN,2025,13,6.34,14.215652673453995,4,2024,13.562297078364123,14.215652673453995
00-0040691,2025_13_NYG_NE,2025,13,13.56,15.860160300548424,4,2024,16.426877162916437,15.860160300548424
00-0040704,2025_13_SF_CLE,2025,13,0.0,9.33585299373104,4,2024,10.01572323275235,9.33585299373104
00-0040743,2025_13_NO_MIA,2025,13,17.360000000000003,12.831138469283657,4,2024,11.744207499031695,12.831138469283657
00-0023459,2025_14_PIT_BAL,2025,14,21.46,15.471678433623063,4,2024,14.233279010110936,15.471678433623063
00-0026498,2025_14_LA_ARI,2025,14,23.24,15.63303780794118,4,2024,16.749710449259098,15.63303780794118
00-0028118,2025_14_MIA_NYJ,2025,14,-1.76,14.716809370046969,4,2024,12.89546019141003,14.716809370046969
00-0029604,2025_14_SEA_ATL,2025,14,2.4800000000000004,14.473040932721451,4,2024,11.73721047057655,14.473040932721451
00-0030565,2025_14_DEN_LV,2025,14,9.04,13.665068424629078,4,2024,13.291587768260497,13.665068424629078
00-0032268,2025_14_WAS_MIN,2025,14,-2.1,17.091539056254213,4,2024,16.749738265897026,17.091539056254213
00-0033077,2025_14_DAL_DET,2025,14,18.44,19.053452322966415,4,2024,18.74928076995883,19.053452322966415
00-0033106,2025_14_DAL_DET,2025,14,16.16,17.277125328107577,4,2024,18.267133781901165,17.277125328107577
00-0033119,2025_14_LA_ARI,2025,14,19.04,13.932491100844654,4,2024,16.686326714666002,13.932491100844654
00-0033873,2025_14_HOU_KC,2025,14,6.300000000000001,20.087968364013072,4,2024,20.149578661104513,20.087968364013072
00-0034796,2025_14_PIT_BAL,2025,14,21.06,18.252407493077506,4,2024,17.101284885530116,18.252407493077506
00-0034855,2025_14_NO_TB,2025,14,11.079999999999998,19.68110545754024,4,2024,17.377446266878387,19.68110545754024
00-0034857,2025_14_CIN_BUF,2025,14,37.84,24.50318179447035,4,2024,22.3763831482875,24.50318179447035
00-0034869,2025_14_SEA_ATL,2025,14,22.26,16.91686189384087,4,2024,15.196378030635591,16.91686189384087
00-0035710,2025_14_IND_JAX,2025,14,0.7999999999999999,15.925324165874668,4,2024,16.84856281096233,15.925324165874668
00-0036212,2025_14_MIA_NYJ,2025,14,9.08,14.089020381952272,4,2024,13.49204397701431,14.089020381952272
00-0036264,2025_14_CHI_GB,2025,14,19.26,16.95575496276925,4,2024,17.997005109971465,16.95575496276925
00-0036355,2025_14_PHI_LAC,2025,14,12.16,16.570980121719778,4,2024,17.384524180205304,16.570980121719778
00-0036389,2025_14_PHI_LAC,2025,14,2.3999999999999995,18.798589353570545,4,2024,18.324662802736785,18.798589353570545
00-0036442,2025_14_CIN_BUF,2025,14,23.36,13.792995268016192,4,2024,12.593483168000937,13.792995268016192
00-0036971,2025_14_IND_JAX,2025,14,19.36,19.58354201520028,4,2024,16.974688180263882,19.58354201520028
00-0039163,2025_14_HOU_KC,2025,14,12.62,18.659790975568864,4,2024,16.824260445222126,18.659790975568864
00-0039732,2025_14_DEN_LV,2025,14,15.98,17.39512488944598,4,2024,16.48215105208597,17.39512488944598
00-0039910,2025_14_WAS_MIN,2025,14,2.72,13.270568347714647,4,2024,12.781214895255252,13.270568347714647
00-0039918,2025_14_CHI_GB,2025,14,14.94,15.972982832295568,4,2024,15.782253707455364,15.972982832295568
00-0039923,2025_14_WAS_MIN,2025,14,20.42,11.474963452878534,4,2024,9.735992393069552,11.474963452878534
00-0040668,2025_14_TEN_CLE,2025,14,33.46,12.115721942448909,4,2024,11.214632463409004,12.115721942448909
00-0040676,2025_14_TEN_CLE,2025,14,11.08,10.658690654199564,4,2024,11.863741260473477,10.658690654199564
00-0040743,2025_14_NO_TB,2025,14,21.26,13.430915295192664,4,2024,11.757282507805073,13.430915295192664
00-0023459,2025_15_MIA_PIT,2025,15,16.96,15.948854035709736,4,2024,15.674460008857388,15.948854035709736
00-0026498,2025_15_DET_LA,2025,15,20.92,19.1671310515418,4,2024,18.26568217746812,19.1671310515418
00-0029604,2025_15_ATL_TB,2025,15,26.92,14.298709209007036,4,2024,12.019317957659537,14.298709209007036
00-0031503,2025_15_WAS_NYG,2025,15,0.0,13.312214969975315,4,2024,14.912351151491965,13.312214969975315
00-0032268,2025_15_WAS_NYG,2025,15,14.739999999999998,16.97959324829619,4,2024,17.494106349273675,16.97959324829619
00-0033077,2025_15_MIN_DAL,2025,15,11.96,17.990070934039156,4,2024,18.64067696231849,17.990070934039156
00-0033106,2025_15_DET_LA,2025,15,25.52,16.181777531546132,4,2024,16.693323194564258,16.181777531546132
00-0033119,2025_15_ARI_HOU,2025,15,20.56,15.251836044625376,4,2024,16.46067836235176,15.251836044625376
00-0033873,2025_15_LAC_KC,2025,15,13.06,20.20417909359376,4,2024,18.613894420927483,20.20417909359376
00-0034796,2025_15_BAL_CIN,2025,15,14.6,17.29934435185011,4,2024,16.575709871648318,17.29934435185011
00-0034855,2025_15_ATL_TB,2025,15,19.18,19.02110995925013,4,2024,17.413362970758754,19.02110995925013
00-0034857,2025_15_BUF_NE,2025,15,24.52,22.708408277562015,4,2024,21.845008693134933,22.708408277562015
00-0034869,2025_15_IND_SEA,2025,15,11.34,17.204775133694792,4,2024,15.909484465750916,17.204775133694792
00-0035993,2025_15_BAL_CIN,2025,15,-0.3,12.7415748617896,4,2024,13.286573755418235,12.7415748617896
00-0036212,2025_15_MIA_PIT,2025,15,16.220000000000002,15.660775074878348,4,2024,13.55023595252867,15.660775074878348
00-0036264,2025_15_GB_DEN,2025,15,13.94,17.211772423006977,4,2024,16.30397770097216,17.211772423006977
00-0036355,2025_15_LAC_KC,2025,15,10.4,17.71728779063508,4,2024,17.409658287738427,17.71728779063508
00-0036389,2025_15_LV_PHI,2025,15,22.9,18.629422380390125,4,2024,17.7206418773095,18.629422380390125
00-0036442,2025_15_BAL_CIN,2025,15,5.5,15.674282245173591,4,2024,14.6660289283139,15.674282245173591
00-0036971,2025_15_NYJ_JAX,2025,15,44.3,18.549568230608685,4,2024,17.22867075726062,18.549568230608685
00-0037834,2025_15_TEN_SF,2025,15,26.200000000000003,14.701642823910284,4,2024,13.984503075216036,14.701642823910284
00-0039150,2025_15_CAR_NO,2025,15,15.42,12.180518430124918,4,2024,13.19368488516637,12.180518430124918
00-0039163,2025_15_ARI_HOU,2025,15,23.4,19.493565688210353,4,2024,17.689646450408674,19.493565688210353
00-0039376,2025_15_CAR_NO,2025,15,0.0,11.858147876160675,4,2024,13.036939197753515,11.858147876160675
00-0039732,2025_15_GB_DEN,2025,15,29.08,19.825470241986466,4,2024,17.620322103822218,19.825470241986466
00-0039851,2025_15_BUF_NE,2025,15,20.5,16.21128476260106,4,2024,17.416928583999805,16.21128476260106
00-0039918,2025_15_CLE_CHI,2025,15,18.98,17.951482902368678,4,2024,16.802391239204614,17.951482902368678
00-0039923,2025_15_MIN_DAL,2025,15,23.5,15.84882951558678,4,2024,14.884782712123537,15.84882951558678
00-0040398,2025_15_NYJ_JAX,2025,15,8.94,7.534170138687776,4,2024,8.72941498865922,7.534170138687776
00-0040668,2025_15_CLE_CHI,2025,15,3.4800000000000004,14.814864770175936,4,2024,12.022895414648431,14.814864770175936
00-0040676,2025_15_TEN_SF,2025,15,15.0,11.882411544820735,4,2024,12.69894056779128,11.882411544820735
00-0040691,2025_15_WAS_NYG,2025,15,22.14,17.605646444429986,4,2024,18.43157558851638,17.605646444429986
00-0040743,2025_15_CAR_NO,2025,15,18.08,12.612378608552126,4,2024,12.492839144340463,12.612378608552126
00-0022942,2025_16_SF_IND,2025,16,17.08,12.496425632139005,4,2024,10.824306858247848,12.496425632139005
00-0023459,2025_16_PIT_DET,2025,16,15.54,15.461793999968178,4,2024,16.150031573284085,15.461793999968178
00-0026158,2025_16_CIN_MIA,2025,16,0.16,15.116867750512151,4,2024,14.109777190027891,15.116867750512151
00-0026498,2025_16_LA_SEA,2025,16,30.880000000000003,14.801387357804549,4,2024,16.34876595842514,14.801387357804549
00-0029604,2025_16_ATL_ARI,2025,16,17.58,12.92042271951579,4,2024,12.33608362521758,12.92042271951579
00-0030565,2025_16_LV_HOU,2025,16,14.04,10.367480339008038,4,2024,10.862413578489823,10.367480339008038
00-0032268,2025_16_PHI_WAS,2025,16,3.7,16.764354079652012,4,2024,16.885298441608747,16.764354079652012
00-0033077,2025_16_LAC_DAL,2025,16,19.159999999999997,16.760225011340793,4,2024,18.07427896955395,16.760225011340793
00-0033106,2025_16_PIT_DET,2025,16,26.46,16.529564859418976,4,2024,17.533631931871543,16.529564859418976
00-0033119,2025_16_ATL_ARI,2025,16,10.62,14.409581966111212,4,2024,17.906715392332035,14.409581966111212
00-0034796,2025_16_NE_BAL,2025,16,4.74,18.31303608169,4,2024,17.23000465190873,18.31303608169
00-0034855,2025_16_TB_CAR,2025,16,12.7,17.380622986634627,4,2024,16.61572661293985,17.380622986634627
00-0034857,2025_16_BUF_CLE,2025,16,6.9,19.588621418277217,4,2024,20.847137980866457,19.588621418277217
00-0034869,2025_16_LA_SEA,2025,16,19.5,16.78068374821225,4,2024,15.829310077508318,16.78068374821225
00-0035993,2025_16_NE_BAL,2025,16,2.8000000000000003,10.80704038228841,4,2024,12.521706821666934,10.80704038228841
00-0036264,2025_16_GB_CHI,2025,16,3.78,18.128344036269823,4,2024,17.354345322756682,18.128344036269823
00-0036355,2025_16_LAC_DAL,2025,16,30.2,19.0417468596615,4,2024,18.095957895961735,19.0417468596615
00-0036389,2025_16_PHI_WAS,2025,16,19.4,18.746894767228554,4,2024,17.964433137672046,18.746894767228554
00-0036442,2025_16_CIN_MIA,2025,16,28.96,15.264098593958774,4,2024,13.293728118665252,15.264098593958774
00-0036971,2025_16_JAX_DEN,2025,16,31.16,16.28589007174315,4,2024,16.78709541838604,16.28589007174315
00-0036972,2025_16_SF_IND,2025,16,-0.3,13.818880076968966,4,2024,15.162779794788944,13.818880076968966
00-0037834,2025_16_SF_IND,2025,16,30.9,14.310670937911128,4,2024,15.16626760944744,14.310670937911128
00-0039150,2025_16_TB_CAR,2025,16,17.64,14.432893043760162,4,2024,15.390384079447117,14.432893043760162
00-0039163,2025_16_LV_HOU,2025,16,11.48,17.830504860323636,4,2024,17.750386221548542,17.830504860323636
00-0039732,2025_16_JAX_DEN,2025,16,15.18,20.160745358611393,4,2024,18.63392466394012,20.160745358611393
00-0039851,2025_16_NE_BAL,2025,16,23.700000000000003,18.61955826993825,4,2024,18.380165728406904,18.61955826993825
00-0039918,2025_16_GB_CHI,2025,16,21.0,17.829211571430946,4,2024,16.58338215686696,17.829211571430946
00-0039923,2025_16_MIN_NYG,2025,16,8.32,14.468935911375146,4,2024,14.825513946211975,14.468935911375146
00-0040206,2025_16_SF_IND,2025,16,0.0,12.040536824762652,4,2024,8.948001403792404,12.040536824762652
00-0040398,2025_16_NYJ_NO,2025,16,3.7200000000000006,9.598819907581468,4,2024,10.251569936425968,9.598819907581468
00-0040494,2025_16_MIN_NYG,2025,16,1.78,7.457484519903563,4,2024,9.740975132526597,7.457484519903563
00-0040668,2025_16_BUF_CLE,2025,16,11.18,11.53925591636005,4,2024,10.38806950715571,11.53925591636005
00-0040676,2025_16_KC_TEN,2025,16,18.02,12.397745539141926,4,2024,12.299489095847438,12.397745539141926
00-0040691,2025_16_MIN_NYG,2025,16,0.0200000000000001,14.619252451656104,4,2024,16.916895748816287,14.619252451656104
00-0040704,2025_16_BUF_CLE,2025,16,0.0,10.154072713721035,4,2024,10.219603270133064,10.154072713721035
00-0040743,2025_16_NYJ_NO,2025,16,17.12,13.607022628953317,4,2024,13.433916326742432,13.607022628953317
00-0022942,2025_17_JAX_IND,2025,17,7.779999999999999,16.356450317525358,4,2024,13.032903922377905,16.356450317525358
00-0023459,2025_17_PIT_CLE,2025,17,7.32,10.993735259488584,4,2024,14.590872632140234,10.993735259488584
00-0026158,2025_17_ARI_CIN,2025,17,1.16,14.775666237628768,4,2024,15.25466666745915,14.775666237628768
00-0026300,2025_17_DAL_WAS,2025,17,8.92,6.535597658470591,4,2024,8.915994721261594,6.535597658470591
00-0026498,2025_17_LA_ATL,2025,17,12.759999999999998,16.810260642296434,4,2024,18.285549656803372,16.810260642296434
00-0029604,2025_17_LA_ATL,2025,17,9.14,13.647337744996095,4,2024,12.19913423309024,13.647337744996095
00-0030565,2025_17_NYG_LV,2025,17,7.139999999999999,14.637961482055475,4,2024,13.935904203116635,14.637961482055475
00-0033077,2025_17_DAL_WAS,2025,17,22.68,18.793719885885128,4,2024,18.04298773994792,18.793719885885128
00-0033106,2025_17_DET_MIN,2025,17,2.0799999999999983,14.291847889565776,4,2024,16.306620472044614,14.291847889565776
00-0033119,2025_17_ARI_CIN,2025,17,16.48,16.556723533482526,4,2024,17.137591706529637,16.556723533482526
00-0034855,2025_17_TB_MIA,2025,17,17.44,17.911387247472724,4,2024,16.782237918638344,17.911387247472724
00-0034857,2025_17_PHI_BUF,2025,17,23.18,24.194482990336272,4,2024,22.305986625396947,24.194482990336272
00-0034869,2025_17_SEA_CAR,2025,17,6.079999999999998,16.24628519853466,4,2024,15.281428150744226,16.24628519853466
00-0035993,2025_17_BAL_GB,2025,17,14.28,10.80627215459623,4,2024,11.186908635899306,10.80627215459623
00-0036355,2025_17_HOU_LAC,2025,17,15.14,15.832032193637003,4,2024,17.613766125712715,15.832032193637003
00-0036389,2025_17_PHI_BUF,2025,17,8.9,18.205404215171647,4,2024,17.632228294221783,18.205404215171647
00-0036442,2025_17_ARI_CIN,2025,17,20.4,16.84416273187861,4,2024,14.348408473635676,16.84416273187861
00-0036971,2025_17_JAX_IND,2025,17,23.119999999999997,18.314278306163104,4,2024,18.84591475065993,18.314278306163104
00-0037324,2025_17_DEN_KC,2025,17,7.74,11.777326108264452,4,2024,9.69360437738605,11.777326108264452
00-0037834,2025_17_CHI_SF,2025,17,36.92,17.570754742519153,4,2024,16.52850818606281,17.570754742519153
00-0038102,2025_17_NYG_LV,2025,17,0.64,10.08065244564421,4,2024,8.99633184943258,10.08065244564421
00-0038128,2025_17_BAL_GB,2025,17,31.519999999999996,10.831118278898362,4,2024,12.90929162229754,10.831118278898362
00-0039150,2025_17_SEA_CAR,2025,17,8.86,13.203940352099378,4,2024,14.53007326068017,13.203940352099378
00-0039163,2025_17_HOU_LAC,2025,17,13.759999999999998,17.69364404644616,4,2024,16.40288223684898,17.69364404644616
00-0039732,2025_17_DEN_KC,2025,17,19.48,15.9590939753864,4,2024,16.511339912712554,15.9590939753864
00-0039851,2025_17_NE_NYJ,2025,17,32.440000000000005,18.919530725610414,4,2024,19.04457504845429,18.919530725610414
00-0039918,2025_17_CHI_SF,2025,17,23.000000000000004,16.833134825647264,4,2024,17.289021720992785,16.833134825647264
00-0040206,2025_17_JAX_IND,2025,17,-2.0,7.199867388086222,4,2024,9.145921577635018,7.199867388086222
00-0040234,2025_17_TB_MIA,2025,17,15.78,12.991005802085777,4,2024,13.573788279255556,12.991005802085777
00-0040398,2025_17_NE_NYJ,2025,17,4.18,8.939289230648015,4,2024,9.916842763069145,8.939289230648015
00-0040494,2025_17_DET_MIN,2025,17,3.64,7.48105623121367,4,2024,9.997023410711805,7.48105623121367
00-0040668,2025_17_PIT_CLE,2025,17,9.44,11.926441279659578,4,2024,10.535308487229509,11.926441279659578
00-0040676,2025_17_NO_TEN,2025,17,17.04,14.811402581633054,4,2024,13.7295754738217,14.811402581633054
00-0040691,2025_17_NYG_LV,2025,17,25.08,15.792909487001042,4,2024,16.907758742236005,15.792909487001042
00-0040743,2025_17_NO_TEN,2025,17,21.92,15.137937808408058,4,2024,15.208845668568886,15.137937808408058
00-0023459,2025_18_BAL_PIT,2025,18,17.759999999999998,16.683661830008234,4,2024,15.041589963856772,16.683661830008234
00-0026158,2025_18_CLE_CIN,2025,18,0.2,14.521148097310236,4,2024,14.931185915787545,14.521148097310236
00-0026300,2025_18_WAS_PHI,2025,18,15.740000000000002,6.250202907816751,4,2024,7.434381081173331,6.250202907816751
00-0026498,2025_18_ARI_LA,2025,18,26.66,18.98747471983679,4,2024,18.64727961068064,18.98747471983679
00-0029604,2025_18_NO_ATL,2025,18,9.2,15.014789728464224,4,2024,12.408504859538136,15.014789728464224
00-0033077,2025_18_DAL_NYG,2025,18,0.7000000000000002,17.602872924886153,4,2024,18.413387877599085,17.602872924886153
00-0033106,2025_18_DET_CHI,2025,18,15.240000000000002,15.597491988176156,4,2024,16.57386265262666,15.597491988176156
00-0033119,2025_18_ARI_LA,2025,18,15.619999999999996,14.39821874361614,4,2024,15.715401873536615,14.39821874361614
00-0034796,2025_18_BAL_PIT,2025,18,20.42,14.711022994219835,4,2024,14.392649194809836,14.711022994219835
00-0034855,2025_18_CAR_TB,2025,18,13.22,18.74271984898973,4,2024,17.176258005456674,18.74271984898973
00-0034869,2025_18_SEA_SF,2025,18,8.82,15.89214511872682,4,2024,15.454356715496552,15.89214511872682
00-0036442,2025_18_CLE_CIN,2025,18,21.139999999999997,16.40797571129331,4,2024,14.537201787703188,16.40797571129331
00-0036898,2025_18_IND_HOU,2025,18,2.64,10.931903482349997,4,2024,11.706614414753917,10.931903482349997
00-0036971,2025_18_TEN_JAX,2025,18,23.300000000000004,19.43149710807269,4,2024,19.50735257111381,19.43149710807269
00-0037324,2025_18_KC_LV,2025,18,-1.6800000000000002,12.578449638938006,4,2024,10.65493885843398,12.578449638938006
00-0037834,2025_18_SEA_SF,2025,18,5.18,15.363117076560869,4,2024,15.035607464038272,15.363117076560869
00-0038102,2025_18_KC_LV,2025,18,-0.98,6.0645505836579,4,2024,7.953857035484692,6.0645505836579
00-0039150,2025_18_CAR_TB,2025,18,16.54,13.695675558491114,4,2024,14.0343101591838,13.695675558491114
00-0039163,2025_18_IND_HOU,2025,18,17.259999999999998,18.667339034344728,4,2024,17.159080667420515,18.667339034344728
00-0039732,2025_18_LAC_DEN,2025,18,10.54,17.718482099616885,4,2024,17.905387967393818,17.718482099616885
00-0039851,2025_18_MIA_NE,2025,18,15.740000000000002,21.531547756443917,4,2024,20.51739321793852,21.531547756443917
00-0039918,2025_18_DET_CHI,2025,18,16.58,17.315817194717045,4,2024,17.956784343214206,17.315817194717045
00-0039923,2025_18_GB_MIN,2025,18,7.98,10.520783717544424,4,2024,12.54058048352798,10.520783717544424
00-0040206,2025_18_IND_HOU,2025,18,22.6,6.084186192989074,4,2024,8.822952068862223,6.084186192989074
00-0040234,2025_18_MIA_NE,2025,18,8.38,13.51515400924235,4,2024,13.48479454197008,13.51515400924235
00-0040398,2025_18_NYJ_BUF,2025,18,9.1,7.477181426553805,4,2024,8.973893557759412,7.477181426553805
00-0040494,2025_18_GB_MIN,2025,18,0.2800000000000002,9.822538085670256,4,2024,10.12906792650436,9.822538085670256
00-0040668,2025_18_CLE_CIN,2025,18,5.040000000000001,14.383934943337252,4,2024,13.856021391861947,14.383934943337252
00-0040676,2025_18_TEN_JAX,2025,18,9.18,12.028329742910016,4,2024,12.791682798031063,12.028329742910016
00-0040691,2025_18_DAL_NYG,2025,18,20.4,17.67200714495608,4,2024,17.450574452515777,17.67200714495608
00-0040743,2025_18_NO_ATL,2025,18,21.76,16.792693604748905,4,2024,16.044674381248903,16.792693604748905
00-0023459,2025_19_HOU_PIT,2025,19,1.84,15.588761780063738,4,2024,14.574703010235114,15.588761780063738
00-0026498,2025_19_LA_CAR,2025,19,22.16,16.16554437141045,4,2024,16.636330325357154,16.16554437141045
00-0034771,2025_19_HOU_PIT,2025,19,0.08,6.1163810593560966,4,2024,8.69861006914184,6.1163810593560966
00-0034857,2025_19_BUF_JAX,2025,19,30.22,23.711766338811753,4,2024,21.48485695586692,23.711766338811753
00-0036264,2025_19_GB_CHI,2025,19,30.020000000000003,13.289501848919326,4,2024,13.884927657645164,13.289501848919326
00-0036355,2025_19_LAC_NE,2025,19,10.06,16.891423626995305,4,2024,16.827452979074767,16.891423626995305
00-0036389,2025_19_SF_PHI,2025,19,12.12,17.587485219044616,4,2024,17.216469524112362,17.587485219044616
00-0036971,2025_19_BUF_JAX,2025,19,19.380000000000003,17.341815947127373,4,2024,19.067056180911965,17.341815947127373
00-0037834,2025_19_SF_PHI,2025,19,16.880000000000003,15.169697365733958,4,2024,15.200346219999814,15.169697365733958
00-0039150,2025_19_LA_CAR,2025,19,20.96,12.871103041056324,4,2024,14.46961818962494,12.871103041056324
00-0039163,2025_19_HOU_PIT,2025,19,8.0,17.84654120441379,4,2024,15.794140072555429,17.84654120441379
00-0039851,2025_19_LAC_NE,2025,19,17.32,19.214000673317855,4,2024,19.095408966652705,19.214000673317855
00-0039918,2025_19_GB_CHI,2025,19,22.44,17.897095632172046,4,2024,17.302707996749607,17.897095632172046
00-0026498,2025_20_LA_CHI,2025,20,10.22,16.62360571178241,4,2024,17.802386888382735,16.62360571178241
00-0034857,2025_20_BUF_DEN,2025,20,21.92,23.570503090158457,4,2024,22.428458685285612,23.570503090158457
00-0034869,2025_20_SF_SEA,2025,20,8.96,14.76314200799769,4,2024,14.344695768811356,14.76314200799769
00-0036972,2025_20_SF_SEA,2025,20,0.8600000000000001,6.200125525573707,4,2024,10.388295979103788,6.200125525573707
00-0037834,2025_20_SF_SEA,2025,20,5.300000000000001,15.869289670153575,4,2024,17.06410774382997,15.869289670153575
00-0039163,2025_20_HOU_NE,2025,20,5.58,17.79717987353216,4,2024,15.732462533780964,17.79717987353216
00-0039732,2025_20_BUF_DEN,2025,20,24.06,17.03913054961519,4,2024,16.602316664107978,17.03913054961519
00-0039851,2025_20_HOU_NE,2025,20,14.16,18.792285714842695,4,2024,17.593745494629598,18.792285714842695
00-0039918,2025_20_LA_CHI,2025,20,16.28,16.361689745674198,4,2024,17.071262610259502,16.361689745674198
00-0026498,2025_21_LA_SEA,2025,21,28.56,13.923334961107482,4,2024,16.640237263964828,13.923334961107482
00-0034869,2025_21_LA_SEA,2025,21,26.74,17.101680671643983,4,2024,15.23932965623903,17.101680671643983
00-0039851,2025_21_NE_DEN,2025,21,15.94,17.27037015665819,4,2024,18.090042131326555,17.27037015665819
00-0034869,2025_22_SEA_NE,2025,22,12.58,16.278270518395487,4,2024,15.2924544771909,16.278270518395487
00-0039851,2025_22_SEA_NE,2025,22,17.5,17.58954130066646,4,2024,17.99080266578647,17.58954130066646
