player_id,game_id,season,week,y_true,y_pred,max_train_season
00-0019596,2021_02_ATL_TB,2021,2,276.0,269.24330025320427,2020
00-0022924,2021_02_LV_PIT,2021,2,295.0,216.54076186108531,2020
00-0023459,2021_02_DET_GB,2021,2,255.0,190.5929517665376,2020
00-0026143,2021_02_ATL_TB,2021,2,300.0,233.5717466284475,2020
00-0026498,2021_02_LA_IND,2021,2,278.0,277.44688267980035,2020
00-0027973,2021_02_CIN_CHI,2021,2,56.0,227.34815645985233,2020
00-0028118,2021_02_HOU_CLE,2021,2,125.0,263.60870602735463,2020
00-0029263,2021_02_TEN_SEA,2021,2,343.0,264.69260682990455,2020
00-0029604,2021_02_MIN_ARI,2021,2,244.0,238.4079517308895,2020
00-0029701,2021_02_TEN_SEA,2021,2,347.0,244.28620215304528,2020
00-0031237,2021_02_DEN_JAX,2021,2,328.0,249.64984970056932,2020
00-0031280,2021_02_LV_PIT,2021,2,382.0,254.4218886227003,2020
00-0031345,2021_02_SF_PHI,2021,2,189.0,232.82425923236065,2020
00-0031503,2021_02_NO_CAR,2021,2,111.0,232.75028041321195,2020
00-0031800,2021_02_NYG_WAS,2021,2,336.0,219.38321115429392,2020
00-0032950,2021_02_LA_IND,2021,2,247.0,258.8032251125275,2020
00-0033077,2021_02_DAL_LAC,2021,2,237.0,262.46959207739974,2020
00-0033106,2021_02_DET_GB,2021,2,246.0,274.05029573854364,2020
00-0033873,2021_02_KC_BAL,2021,2,343.0,294.55615137604644,2020
00-0034796,2021_02_KC_BAL,2021,2,239.0,197.50392892357985,2020
00-0034855,2021_02_HOU_CLE,2021,2,213.0,240.14905361605133,2020
00-0034857,2021_02_BUF_MIA,2021,2,179.0,238.71792756857775,2020
00-0034869,2021_02_NO_CAR,2021,2,305.0,246.8927693040092,2020
00-0035228,2021_02_MIN_ARI,2021,2,400.0,276.6476626165046,2020
00-0035710,2021_02_NYG_WAS,2021,2,249.0,222.72640447236375,2020
00-0036212,2021_02_BUF_MIA,2021,2,13.0,229.98497476031056,2020
00-0036355,2021_02_DAL_LAC,2021,2,338.0,252.2352005124898,2020
00-0036389,2021_02_SF_PHI,2021,2,190.0,252.24869707490168,2020
00-0036442,2021_02_CIN_CHI,2021,2,207.0,241.0007281394684,2020
00-0036971,2021_02_DEN_JAX,2021,2,118.0,249.36256420017077,2020
00-0036972,2021_02_NE_NYJ,2021,2,186.0,240.5008534397511,2020
00-0037013,2021_02_NE_NYJ,2021,2,210.0,232.34405453076897,2020
00-0019596,2021_03_TB_LA,2021,3,432.0,278.29325199711576,2020
00-0022924,2021_03_CIN_PIT,2021,3,318.0,236.13823007697425,2020
00-0023459,2021_03_GB_SF,2021,3,261.0,244.47051421393928,2020
00-0026143,2021_03_ATL_NYG,2021,3,243.0,250.159848082283,2020
00-0026498,2021_03_TB_LA,2021,3,343.0,263.77058669513445,2020
00-0029263,2021_03_SEA_MIN,2021,3,298.0,272.2927423176986,2020
00-0029604,2021_03_SEA_MIN,2021,3,323.0,293.4508477606035,2020
00-0029701,2021_03_IND_TEN,2021,3,197.0,262.8913723832558,2020
00-0031237,2021_03_NYJ_DEN,2021,3,235.0,236.9172184046223,2020
00-0031280,2021_03_MIA_LV,2021,3,386.0,265.2901737242275,2020
00-0031345,2021_03_GB_SF,2021,3,257.0,252.5071032854136,2020
00-0031503,2021_03_NO_NE,2021,3,128.0,217.69777083058497,2020
00-0031800,2021_03_WAS_BUF,2021,3,212.0,228.99270589885427,2020
00-0032950,2021_03_IND_TEN,2021,3,194.0,247.4923711072264,2020
00-0033077,2021_03_PHI_DAL,2021,3,238.0,233.26200289910483,2020
00-0033106,2021_03_BAL_DET,2021,3,217.0,290.77539584390274,2020
00-0033119,2021_03_MIA_LV,2021,3,215.0,218.09717165780197,2020
00-0033873,2021_03_LAC_KC,2021,3,260.0,249.4663936611016,2020
00-0034796,2021_03_BAL_DET,2021,3,287.0,219.8203086692112,2020
00-0034855,2021_03_CHI_CLE,2021,3,246.0,242.17984311412255,2020
00-0034857,2021_03_WAS_BUF,2021,3,358.0,203.67428976294556,2020
00-0034869,2021_03_CAR_HOU,2021,3,304.0,260.12319084978077,2020
00-0035228,2021_03_ARI_JAX,2021,3,316.0,275.8408098841811,2020
00-0035710,2021_03_ATL_NYG,2021,3,266.0,261.27080320675464,2020
00-0036355,2021_03_LAC_KC,2021,3,281.0,251.5618100078899,2020
00-0036389,2021_03_PHI_DAL,2021,3,326.0,241.8174353893639,2020
00-0036442,2021_03_CIN_PIT,2021,3,172.0,235.70272966526665,2020
00-0036898,2021_03_CAR_HOU,2021,3,168.0,163.4632070913495,2020
00-0036945,2021_03_CHI_CLE,2021,3,68.0,153.43733795054152,2020
00-0036971,2021_03_ARI_JAX,2021,3,219.0,223.97250786384993,2020
00-0036972,2021_03_NO_NE,2021,3,270.0,226.84221988213625,2020
00-0037013,2021_03_NYJ_DEN,2021,3,160.0,189.29113861256369,2020
00-0019596,2021_04_TB_NE,2021,4,269.0,235.89949431151155,2020
00-0022924,2021_04_PIT_GB,2021,4,232.0,239.9914026517247,2020
00-0023459,2021_04_PIT_GB,2021,4,248.0,231.92074603485892,2020
00-0026143,2021_04_WAS_ATL,2021,4,283.0,265.309463430711,2020
00-0026498,2021_04_ARI_LA,2021,4,280.0,291.4100797221357,2020
00-0029263,2021_04_SEA_SF,2021,4,149.0,267.3875825920224,2020
00-0029604,2021_04_CLE_MIN,2021,4,203.0,286.3417653050758,2020
00-0029701,2021_04_TEN_NYJ,2021,4,298.0,215.96325460401292,2020
00-0031237,2021_04_BAL_DEN,2021,4,65.0,242.6202750733745,2020
00-0031280,2021_04_LV_LAC,2021,4,196.0,239.40624651990044,2020
00-0031345,2021_04_SEA_SF,2021,4,165.0,264.51637115562454,2020
00-0031503,2021_04_NYG_NO,2021,4,226.0,242.09807282071668,2020
00-0031800,2021_04_WAS_ATL,2021,4,290.0,244.39650529751765,2020
00-0032950,2021_04_IND_MIA,2021,4,228.0,225.62109504062803,2020
00-0033077,2021_04_CAR_DAL,2021,4,188.0,250.3793211571723,2020
00-0033106,2021_04_DET_CHI,2021,4,299.0,245.67636051814424,2020
00-0033119,2021_04_IND_MIA,2021,4,199.0,208.02856786312265,2020
00-0033873,2021_04_KC_PHI,2021,4,278.0,283.6821392837089,2020
00-0034796,2021_04_BAL_DEN,2021,4,316.0,187.63781245270215,2020
00-0034855,2021_04_CLE_MIN,2021,4,155.0,253.47033974155104,2020
00-0034857,2021_04_HOU_BUF,2021,4,248.0,251.30758393584705,2020
00-0034869,2021_04_CAR_DAL,2021,4,301.0,276.4837920371043,2020
00-0035228,2021_04_ARI_LA,2021,4,268.0,275.44171555172824,2020
00-0035710,2021_04_NYG_NO,2021,4,402.0,235.15311349403996,2020
00-0036355,2021_04_LV_LAC,2021,4,222.0,264.8365141156806,2020
00-0036389,2021_04_KC_PHI,2021,4,387.0,253.9126377753395,2020
00-0036442,2021_04_JAX_CIN,2021,4,348.0,230.96487529214417,2020
00-0036898,2021_04_HOU_BUF,2021,4,87.0,200.75916204013197,2020
00-0036945,2021_04_DET_CHI,2021,4,209.0,159.90584268019123,2020
00-0036971,2021_04_JAX_CIN,2021,4,204.0,225.4216164934547,2020
00-0036972,2021_04_TB_NE,2021,4,275.0,260.40203881078065,2020
00-0037013,2021_04_TEN_NYJ,2021,4,297.0,202.1067395209454,2020
00-0019596,2021_05_MIA_TB,2021,5,411.0,255.52674659583963,2020
00-0022924,2021_05_DEN_PIT,2021,5,253.0,207.701401296743,2020
00-0023459,2021_05_GB_CIN,2021,5,344.0,258.05118110569396,2020
00-0026143,2021_05_NYJ_ATL,2021,5,342.0,258.4448874604095,2020
00-0026498,2021_05_LA_SEA,2021,5,365.0,279.3973936860911,2020
00-0027973,2021_05_CHI_LV,2021,5,8.0,168.76757632346084,2020
00-0029263,2021_05_LA_SEA,2021,5,152.0,258.50066913404834,2020
00-0029604,2021_05_DET_MIN,2021,5,275.0,250.8357042306445,2020
00-0029701,2021_05_TEN_JAX,2021,5,197.0,247.65057753059355,2020
00-0031237,2021_05_DEN_PIT,2021,5,288.0,216.91755457142776,2020
00-0031280,2021_05_CHI_LV,2021,5,206.0,249.9868247418216,2020
00-0031503,2021_05_NO_WAS,2021,5,279.0,236.5898969781931,2020
00-0031800,2021_05_NO_WAS,2021,5,248.0,246.05104583562135,2020
00-0032950,2021_05_IND_BAL,2021,5,402.0,255.40207909727323,2020
00-0033077,2021_05_NYG_DAL,2021,5,302.0,270.85462157628245,2020
00-0033106,2021_05_DET_MIN,2021,5,203.0,281.59060629250286,2020
00-0033119,2021_05_MIA_TB,2021,5,275.0,250.8735230729249,2020
00-0033873,2021_05_BUF_KC,2021,5,272.0,262.0105942777783,2020
00-0034796,2021_05_IND_BAL,2021,5,442.0,215.05008720645623,2020
00-0034855,2021_05_CLE_LAC,2021,5,305.0,233.0401586754438,2020
00-0034857,2021_05_BUF_KC,2021,5,315.0,265.1695506441174,2020
00-0034869,2021_05_PHI_CAR,2021,5,177.0,271.18076962461134,2020
00-0035228,2021_05_SF_ARI,2021,5,239.0,276.4843164840097,2020
00-0035710,2021_05_NYG_DAL,2021,5,98.0,275.6544437428198,2020
00-0036355,2021_05_CLE_LAC,2021,5,398.0,266.16877589906403,2020
00-0036389,2021_05_PHI_CAR,2021,5,198.0,253.9137134501095,2020
00-0036442,2021_05_GB_CIN,2021,5,281.0,242.22083617205936,2020
00-0036898,2021_05_NE_HOU,2021,5,312.0,174.6120189836168,2020
00-0036945,2021_05_CHI_LV,2021,5,111.0,197.93613962088511,2020
00-0036971,2021_05_TEN_JAX,2021,5,273.0,239.68709987080152,2020
00-0036972,2021_05_NE_HOU,2021,5,231.0,234.43525505904444,2020
00-0037012,2021_05_SF_ARI,2021,5,192.0,190.4251206622112,2020
00-0037013,2021_05_NYJ_ATL,2021,5,192.0,222.71617244020393,2020
00-0019596,2021_06_TB_PHI,2021,6,297.0,279.09294088119026,2020
00-0022924,2021_06_SEA_PIT,2021,6,229.0,249.2341348618637,2020
00-0023459,2021_06_GB_CHI,2021,6,195.0,249.19650154271216,2020
00-0026498,2021_06_LA_NYG,2021,6,251.0,271.5147839018361,2020
00-0029604,2021_06_MIN_CAR,2021,6,373.0,239.5702601117868,2020
00-0029701,2021_06_BUF_TEN,2021,6,216.0,232.94631864516575,2020
00-0030565,2021_06_SEA_PIT,2021,6,209.0,200.76408251745173,2020
00-0031237,2021_06_LV_DEN,2021,6,334.0,244.79233396977855,2020
00-0031280,2021_06_LV_DEN,2021,6,341.0,237.45677734046984,2020
00-0031800,2021_06_KC_WAS,2021,6,182.0,263.62222340678426,2020
00-0032950,2021_06_HOU_IND,2021,6,223.0,263.7727485824412,2020
00-0033077,2021_06_DAL_NE,2021,6,445.0,248.8608837673537,2020
00-0033106,2021_06_CIN_DET,2021,6,202.0,269.5703261399537,2020
00-0033119,2021_06_MIA_JAX,2021,6,25.0,247.83404957168727,2020
00-0033873,2021_06_KC_WAS,2021,6,397.0,293.3450796257011,2020
00-0034796,2021_06_LAC_BAL,2021,6,167.0,263.0633828767448,2020
00-0034855,2021_06_ARI_CLE,2021,6,234.0,250.38813960910323,2020
00-0034857,2021_06_BUF_TEN,2021,6,353.0,249.49871365928823,2020
00-0034869,2021_06_MIN_CAR,2021,6,207.0,268.059430232192,2020
00-0035228,2021_06_ARI_CLE,2021,6,229.0,268.4717040263517,2020
00-0035710,2021_06_LA_NYG,2021,6,242.0,202.9715402057566,2020
00-0036212,2021_06_MIA_JAX,2021,6,329.0,144.66784020216855,2020
00-0036355,2021_06_LAC_BAL,2021,6,195.0,262.99027071738107,2020
00-0036389,2021_06_TB_PHI,2021,6,115.0,251.97552225212152,2020
00-0036442,2021_06_CIN_DET,2021,6,271.0,259.47806476615943,2020
00-0036898,2021_06_HOU_IND,2021,6,243.0,225.78113983871907,2020
00-0036945,2021_06_GB_CHI,2021,6,174.0,204.90471119864688,2020
00-0036971,2021_06_MIA_JAX,2021,6,319.0,255.00696699269457,2020
00-0036972,2021_06_DAL_NE,2021,6,229.0,248.92615701375337,2020
00-0019596,2021_07_CHI_TB,2021,7,211.0,253.0490141896443,2020
00-0023459,2021_07_WAS_GB,2021,7,274.0,260.4869579555392,2020
00-0026143,2021_07_ATL_MIA,2021,7,336.0,247.6167912841492,2020
00-0026498,2021_07_DET_LA,2021,7,334.0,282.7677780383008,2020
00-0029701,2021_07_KC_TEN,2021,7,270.0,265.3566094901423,2020
00-0030565,2021_07_NO_SEA,2021,7,167.0,209.22406306314977,2020
00-0031237,2021_07_DEN_CLE,2021,7,187.0,230.07923785763927,2020
00-0031280,2021_07_PHI_LV,2021,7,323.0,268.22824904749166,2020
00-0031345,2021_07_IND_SF,2021,7,181.0,180.6173523814411,2020
00-0031503,2021_07_NO_SEA,2021,7,222.0,198.20920214583816,2020
00-0031800,2021_07_WAS_GB,2021,7,268.0,248.3031416078642,2020
00-0032950,2021_07_IND_SF,2021,7,150.0,231.6436347925624,2020
00-0033106,2021_07_DET_LA,2021,7,268.0,262.555393398835,2020
00-0033873,2021_07_KC_TEN,2021,7,206.0,280.89643903230933,2020
00-0034796,2021_07_CIN_BAL,2021,7,257.0,225.56349786940487,2020
00-0034869,2021_07_CAR_NYG,2021,7,112.0,260.66603512978185,2020
00-0035228,2021_07_HOU_ARI,2021,7,261.0,281.44187237746297,2020
00-0035710,2021_07_CAR_NYG,2021,7,203.0,232.73660261549,2020
00-0036212,2021_07_ATL_MIA,2021,7,291.0,215.44686656003432,2020
00-0036389,2021_07_PHI_LV,2021,7,236.0,245.54810371008944,2020
00-0036442,2021_07_CIN_BAL,2021,7,416.0,247.98355635406853,2020
00-0036898,2021_07_HOU_ARI,2021,7,135.0,229.8462401646761,2020
00-0036945,2021_07_CHI_TB,2021,7,184.0,204.44403160471128,2020
00-0036972,2021_07_NYJ_NE,2021,7,307.0,249.96321658624063,2020
00-0037013,2021_07_NYJ_NE,2021,7,51.0,202.49002625794415,2020
00-0019596,2021_08_TB_NO,2021,8,375.0,256.79459915072425,2020
00-0022924,2021_08_PIT_CLE,2021,8,266.0,235.68682227595124,2020
00-0023459,2021_08_GB_ARI,2021,8,184.0,231.20395978061083,2020
00-0026143,2021_08_CAR_ATL,2021,8,146.0,246.6896224808333,2020
00-0026498,2021_08_LA_HOU,2021,8,305.0,279.3730214304783,2020
00-0029604,2021_08_DAL_MIN,2021,8,184.0,270.10796004311374,2020
00-0029701,2021_08_TEN_IND,2021,8,265.0,249.1605138643147,2020
00-0030565,2021_08_JAX_SEA,2021,8,195.0,221.9536265585336,2020
00-0031237,2021_08_WAS_DEN,2021,8,213.0,247.896041242923,2020
00-0031345,2021_08_SF_CHI,2021,8,322.0,213.1050582357043,2020
00-0031503,2021_08_TB_NO,2021,8,56.0,218.88610865264872,2020
00-0031800,2021_08_WAS_DEN,2021,8,270.0,240.02598479103673,2020
00-0032950,2021_08_TEN_IND,2021,8,231.0,265.49749606515434,2020
00-0033106,2021_08_PHI_DET,2021,8,222.0,272.9093097130754,2020
00-0033275,2021_08_CAR_ATL,2021,8,0.0,160.2249778268974,2020
00-0033873,2021_08_NYG_KC,2021,8,275.0,267.38664646824094,2020
00-0034401,2021_08_CIN_NYJ,2021,8,405.0,182.0053687377232,2020
00-0034855,2021_08_PIT_CLE,2021,8,225.0,229.51705545979644,2020
00-0034857,2021_08_MIA_BUF,2021,8,249.0,244.4270187447887,2020
00-0034869,2021_08_CAR_ATL,2021,8,129.0,243.23522098135945,2020
00-0035228,2021_08_GB_ARI,2021,8,274.0,276.6512602528021,2020
00-0035710,2021_08_NYG_KC,2021,8,222.0,245.27248206657896,2020
00-0036212,2021_08_MIA_BUF,2021,8,205.0,207.461403852938,2020
00-0036355,2021_08_NE_LAC,2021,8,223.0,262.3590193708103,2020
00-0036389,2021_08_PHI_DET,2021,8,103.0,251.31201381484505,2020
00-0036442,2021_08_CIN_NYJ,2021,8,259.0,254.47144382020835,2020
00-0036898,2021_08_LA_HOU,2021,8,310.0,223.31744073191587,2020
00-0036945,2021_08_SF_CHI,2021,8,175.0,185.3042284899128,2020
00-0036971,2021_08_JAX_SEA,2021,8,238.0,226.86282250320087,2020
00-0036972,2021_08_NE_LAC,2021,8,217.0,263.12682174130504,2020
00-0022924,2021_09_CHI_PIT,2021,9,205.0,233.01465974419676,2020
00-0026143,2021_09_ATL_NO,2021,9,343.0,266.6309968904665,2020
00-0026300,2021_09_NYJ_IND,2021,9,317.0,153.2733344308388,2020
00-0026498,2021_09_TEN_LA,2021,9,294.0,290.09904254741787,2020
00-0028118,2021_09_HOU_MIA,2021,9,240.0,170.01730982685308,2020
00-0029604,2021_09_MIN_BAL,2021,9,187.0,252.320108467092,2020
00-0029701,2021_09_TEN_LA,2021,9,143.0,248.34356695228823,2020
00-0031237,2021_09_DEN_DAL,2021,9,249.0,244.4322552601509,2020
00-0031280,2021_09_LV_NYG,2021,9,296.0,251.1781811580706,2020
00-0031345,2021_09_ARI_SF,2021,9,326.0,218.99194717053444,2020
00-0032156,2021_09_ATL_NO,2021,9,249.0,178.62822017258412,2020
00-0032950,2021_09_NYJ_IND,2021,9,272.0,274.29949566779567,2020
00-0033077,2021_09_DEN_DAL,2021,9,232.0,231.9192646866176,2020
00-0033119,2021_09_HOU_MIA,2021,9,244.0,196.83842445218696,2020
00-0033873,2021_09_GB_KC,2021,9,166.0,278.65203027342477,2020
00-0034401,2021_09_NYJ_IND,2021,9,95.0,225.04935510905736,2020
00-0034796,2021_09_MIN_BAL,2021,9,266.0,224.51183321751657,2020
00-0034855,2021_09_CLE_CIN,2021,9,218.0,241.5467886406641,2020
00-0034857,2021_09_BUF_JAX,2021,9,264.0,247.94123937984352,2020
00-0034869,2021_09_NE_CAR,2021,9,172.0,219.49702220715892,2020
00-0035710,2021_09_LV_NYG,2021,9,110.0,243.6784909890412,2020
00-0036355,2021_09_LAC_PHI,2021,9,356.0,256.40916844027663,2020
00-0036389,2021_09_LAC_PHI,2021,9,162.0,210.7230948139253,2020
00-0036442,2021_09_CLE_CIN,2021,9,282.0,244.94842855912233,2020
00-0036945,2021_09_CHI_PIT,2021,9,291.0,196.8837343778943,2020
00-0036971,2021_09_BUF_JAX,2021,9,118.0,223.90490499521837,2020
00-0036972,2021_09_NE_CAR,2021,9,139.0,226.10627258261545,2020
00-0019596,2021_10_TB_WAS,2021,10,220.0,268.7426243328726,2020
00-0023459,2021_10_SEA_GB,2021,10,292.0,228.86449975463495,2020
00-0026143,2021_10_ATL_DAL,2021,10,117.0,264.1721330415386,2020
00-0026498,2021_10_LA_SF,2021,10,243.0,281.394351817116,2020
00-0027688,2021_10_CAR_ARI,2021,10,107.0,210.08860872863775,2020
00-0028986,2021_10_CLE_NE,2021,10,81.0,164.36449463934215,2020
00-0029263,2021_10_SEA_GB,2021,10,161.0,209.24743063765823,2020
00-0029604,2021_10_MIN_LAC,2021,10,294.0,269.80031543678047,2020
00-0029701,2021_10_NO_TEN,2021,10,213.0,240.76717686047735,2020
00-0031237,2021_10_PHI_DEN,2021,10,226.0,231.2861453365544,2020
00-0031280,2021_10_KC_LV,2021,10,261.0,267.83261557570523,2020
00-0031345,2021_10_LA_SF,2021,10,182.0,241.3084969430284,2020
00-0031800,2021_10_TB_WAS,2021,10,256.0,247.00048126166251,2020
00-0032156,2021_10_NO_TEN,2021,10,298.0,203.64807031001743,2020
00-0032950,2021_10_JAX_IND,2021,10,180.0,271.28342434488434,2020
00-0033077,2021_10_ATL_DAL,2021,10,296.0,274.85923633792356,2020
00-0033106,2021_10_DET_PIT,2021,10,114.0,230.38437349673583,2020
00-0033119,2021_10_BAL_MIA,2021,10,156.0,240.74058438211893,2020
00-0033275,2021_10_CAR_ARI,2021,10,167.0,147.8822615368572,2020
00-0033662,2021_10_ATL_DAL,2021,10,17.0,204.94401372576132,2020
00-0033873,2021_10_KC_LV,2021,10,406.0,281.9841754483694,2020
00-0034401,2021_10_BUF_NYJ,2021,10,251.0,213.00531523254537,2020
00-0034796,2021_10_BAL_MIA,2021,10,238.0,224.3382144317817,2020
00-0034855,2021_10_CLE_NE,2021,10,73.0,221.25293357818296,2020
00-0034857,2021_10_BUF_NYJ,2021,10,366.0,233.11687769221177,2020
00-0036212,2021_10_BAL_MIA,2021,10,158.0,207.64169671848975,2020
00-0036355,2021_10_MIN_LAC,2021,10,195.0,287.84194390142164,2020
00-0036389,2021_10_PHI_DEN,2021,10,178.0,206.6932746477603,2020
00-0036971,2021_10_JAX_IND,2021,10,162.0,230.4410337314546,2020
00-0036972,2021_10_CLE_NE,2021,10,198.0,259.2128068471064,2020
00-0019596,2021_11_NYG_TB,2021,11,307.0,266.3958679263898,2020
00-0022924,2021_11_PIT_LAC,2021,11,273.0,246.6463009893803,2020
00-0023459,2021_11_GB_MIN,2021,11,385.0,259.7522133283126,2020
00-0026143,2021_11_NE_ATL,2021,11,153.0,233.40971933736543,2020
00-0027688,2021_11_ARI_SEA,2021,11,328.0,195.247911809676,2020
00-0027973,2021_11_BAL_CHI,2021,11,201.0,168.36153776210443,2020
00-0028118,2021_11_HOU_TEN,2021,11,107.0,180.2481265634944,2020
00-0029263,2021_11_ARI_SEA,2021,11,207.0,223.63747007970036,2020
00-0029604,2021_11_GB_MIN,2021,11,341.0,265.8890961509819,2020
00-0029701,2021_11_HOU_TEN,2021,11,323.0,258.2263533587986,2020
00-0031280,2021_11_CIN_LV,2021,11,215.0,259.3178616121526,2020
00-0031345,2021_11_SF_JAX,2021,11,176.0,236.26596167165977,2020
00-0031800,2021_11_WAS_CAR,2021,11,206.0,233.7552195994877,2020
00-0032156,2021_11_NO_PHI,2021,11,214.0,205.4042729416383,2020
00-0032950,2021_11_IND_BUF,2021,11,106.0,232.88802152186096,2020
00-0033077,2021_11_DAL_KC,2021,11,216.0,279.3187527135653,2020
00-0033873,2021_11_DAL_KC,2021,11,260.0,281.50815231046863,2020
00-0034855,2021_11_DET_CLE,2021,11,176.0,213.36986197401316,2020
00-0034857,2021_11_IND_BUF,2021,11,209.0,258.95901518766726,2020
00-0035710,2021_11_NYG_TB,2021,11,167.0,237.0650063834288,2020
00-0036212,2021_11_MIA_NYJ,2021,11,273.0,219.85979298129763,2020
00-0036264,2021_11_GB_MIN,2021,11,0.0,178.26059549703817,2020
00-0036355,2021_11_PIT_LAC,2021,11,382.0,262.8538844742128,2020
00-0036389,2021_11_NO_PHI,2021,11,147.0,209.61402107147617,2020
00-0036442,2021_11_CIN_LV,2021,11,148.0,247.95449553299696,2020
00-0036945,2021_11_BAL_CHI,2021,11,79.0,187.825431908797,2020
00-0036971,2021_11_SF_JAX,2021,11,158.0,223.48775056507867,2020
00-0036972,2021_11_NE_ATL,2021,11,207.0,263.8872198494344,2020
00-0037012,2021_11_SF_JAX,2021,11,0.0,151.95508966117302,2020
00-0019596,2021_12_TB_IND,2021,12,226.0,280.71064858419425,2020
00-0022924,2021_12_PIT_CIN,2021,12,263.0,266.0372446512651,2020
00-0023459,2021_12_LA_GB,2021,12,307.0,259.4724024559452,2020
00-0026143,2021_12_ATL_JAX,2021,12,190.0,252.09160640489503,2020
00-0026300,2021_12_NYJ_HOU,2021,12,0.0,154.8784959825137,2020
00-0026498,2021_12_LA_GB,2021,12,302.0,262.0940804604177,2020
00-0027939,2021_12_CAR_MIA,2021,12,92.0,211.66497629519455,2020
00-0027973,2021_12_CHI_DET,2021,12,317.0,195.22642279009085,2020
00-0028118,2021_12_NYJ_HOU,2021,12,158.0,208.90656859782536,2020
00-0029263,2021_12_SEA_WAS,2021,12,247.0,229.00698208714377,2020
00-0029604,2021_12_MIN_SF,2021,12,238.0,261.4625584916015,2020
00-0029701,2021_12_TEN_NE,2021,12,93.0,228.9420809529358,2020
00-0031237,2021_12_LAC_DEN,2021,12,129.0,221.4661181265864,2020
00-0031280,2021_12_LV_DAL,2021,12,373.0,264.66876223835806,2020
00-0031345,2021_12_MIN_SF,2021,12,230.0,243.2327841340115,2020
00-0031800,2021_12_SEA_WAS,2021,12,223.0,254.18394754411972,2020
00-0032156,2021_12_BUF_NO,2021,12,163.0,200.79126956710775,2020
00-0032950,2021_12_TB_IND,2021,12,306.0,226.7620379888505,2020
00-0033077,2021_12_LV_DAL,2021,12,375.0,257.2712244635241,2020
00-0033106,2021_12_CHI_DET,2021,12,171.0,209.2117575072361,2020
00-0033275,2021_12_CAR_MIA,2021,12,87.0,137.6159978876145,2020
00-0034796,2021_12_CLE_BAL,2021,12,165.0,221.17736142148036,2020
00-0034855,2021_12_CLE_BAL,2021,12,247.0,228.675340749483,2020
00-0034857,2021_12_BUF_NO,2021,12,260.0,247.2236468152753,2020
00-0035704,2021_12_LAC_DEN,2021,12,26.0,128.24874113798873,2020
00-0035710,2021_12_PHI_NYG,2021,12,202.0,235.0688568732371,2020
00-0036212,2021_12_CAR_MIA,2021,12,230.0,197.41407480488272,2020
00-0036355,2021_12_LAC_DEN,2021,12,303.0,279.96368976779826,2020
00-0036389,2021_12_PHI_NYG,2021,12,129.0,215.32023090153797,2020
00-0036442,2021_12_PIT_CIN,2021,12,190.0,246.6096135893647,2020
00-0036971,2021_12_ATL_JAX,2021,12,228.0,218.71305756015144,2020
00-0036972,2021_12_TEN_NE,2021,12,310.0,251.20888136274084,2020
00-0037013,2021_12_NYJ_HOU,2021,12,145.0,177.73121226319958,2020
00-0019596,2021_13_TB_ATL,2021,13,368.0,285.8138893756249,2020
00-0022924,2021_13_BAL_PIT,2021,13,236.0,270.0706834788455,2020
00-0026143,2021_13_TB_ATL,2021,13,297.0,256.45917936999473,2020
00-0026498,2021_13_JAX_LA,2021,13,295.0,287.30552163766146,2020
00-0027973,2021_13_ARI_CHI,2021,13,229.0,191.5573499351757,2020
00-0028118,2021_13_IND_HOU,2021,13,45.0,219.9331548705555,2020
00-0029263,2021_13_SF_SEA,2021,13,231.0,234.35321543968055,2020
00-0029604,2021_13_MIN_DET,2021,13,340.0,260.2459988760235,2020
00-0030520,2021_13_NYG_MIA,2021,13,187.0,137.7162302902538,2020
00-0031237,2021_13_DEN_KC,2021,13,257.0,236.64059335838175,2020
00-0031280,2021_13_WAS_LV,2021,13,249.0,263.8828630243213,2020
00-0031345,2021_13_SF_SEA,2021,13,299.0,234.0852120585721,2020
00-0031800,2021_13_WAS_LV,2021,13,196.0,240.6573619462995,2020
00-0032950,2021_13_IND_HOU,2021,13,158.0,256.90446845348765,2020
00-0033077,2021_13_DAL_NO,2021,13,238.0,269.47430891316526,2020
00-0033106,2021_13_MIN_DET,2021,13,296.0,258.4130617559736,2020
00-0033873,2021_13_DEN_KC,2021,13,184.0,265.3730085647634,2020
00-0034796,2021_13_BAL_PIT,2021,13,253.0,221.10490562416655,2020
00-0034857,2021_13_NE_BUF,2021,13,145.0,211.12093678679025,2020
00-0035228,2021_13_ARI_CHI,2021,13,123.0,228.9674101616569,2020
00-0036212,2021_13_NYG_MIA,2021,13,244.0,217.92163976521763,2020
00-0036355,2021_13_LAC_CIN,2021,13,317.0,275.7863360023658,2020
00-0036442,2021_13_LAC_CIN,2021,13,300.0,255.27935184216943,2020
00-0036898,2021_13_IND_HOU,2021,13,49.0,191.0009166011843,2020
00-0036971,2021_13_JAX_LA,2021,13,145.0,231.92881027407697,2020
00-0036972,2021_13_NE_BUF,2021,13,19.0,206.07145999691355,2020
00-0037013,2021_13_PHI_NYJ,2021,13,226.0,203.24404113269895,2020
00-0019596,2021_14_BUF_TB,2021,14,363.0,237.6470347804341,2020
00-0022924,2021_14_PIT_MIN,2021,14,308.0,256.2569806517859,2020
00-0023459,2021_14_CHI_GB,2021,14,341.0,241.1266668884083,2020
00-0026143,2021_14_ATL_CAR,2021,14,190.0,222.30322390199424,2020
00-0026498,2021_14_LA_ARI,2021,14,287.0,258.8504138771678,2020
00-0027939,2021_14_ATL_CAR,2021,14,178.0,156.522551447829,2020
00-0029263,2021_14_SEA_HOU,2021,14,260.0,229.65067951083105,2020
00-0029604,2021_14_PIT_MIN,2021,14,216.0,253.29668036898147,2020
00-0029701,2021_14_JAX_TEN,2021,14,191.0,231.42995367379703,2020
00-0030520,2021_14_NYG_LAC,2021,14,191.0,184.26671756741905,2020
00-0031237,2021_14_DET_DEN,2021,14,179.0,216.87161397194973,2020
00-0031280,2021_14_LV_KC,2021,14,263.0,265.14595574278104,2020
00-0031345,2021_14_SF_CIN,2021,14,296.0,233.35754900296692,2020
00-0031800,2021_14_DAL_WAS,2021,14,122.0,249.64647656476956,2020
00-0033077,2021_14_DAL_WAS,2021,14,211.0,262.2302006471161,2020
00-0033106,2021_14_DET_DEN,2021,14,215.0,243.6708437211574,2020
00-0033275,2021_14_ATL_CAR,2021,14,75.0,140.10671480241905,2020
00-0033873,2021_14_LV_KC,2021,14,258.0,268.76076644659736,2020
00-0034796,2021_14_BAL_CLE,2021,14,17.0,222.7684410940309,2020
00-0034855,2021_14_BAL_CLE,2021,14,190.0,206.11854400682785,2020
00-0034857,2021_14_BUF_TB,2021,14,308.0,242.6144739789731,2020
00-0035228,2021_14_LA_ARI,2021,14,383.0,254.29923110715112,2020
00-0035993,2021_14_BAL_CLE,2021,14,270.0,172.5405677677312,2020
00-0036355,2021_14_NYG_LAC,2021,14,275.0,288.81086899824413,2020
00-0036442,2021_14_SF_CIN,2021,14,348.0,275.1510160019998,2020
00-0036898,2021_14_SEA_HOU,2021,14,331.0,191.29708967083923,2020
00-0036945,2021_14_CHI_GB,2021,14,224.0,155.32343111184244,2020
00-0036971,2021_14_JAX_TEN,2021,14,221.0,213.59931529802012,2020
00-0037013,2021_14_NO_NYJ,2021,14,202.0,205.7654944353362,2020
00-0019596,2021_15_NO_TB,2021,15,214.0,259.2320577925724,2020
00-0022924,2021_15_TEN_PIT,2021,15,148.0,266.0392040510757,2020
00-0023459,2021_15_GB_BAL,2021,15,268.0,258.5875287497529,2020
00-0026143,2021_15_ATL_SF,2021,15,236.0,256.19642912505094,2020
00-0026498,2021_15_SEA_LA,2021,15,244.0,286.47239369030274,2020
00-0027688,2021_15_ARI_DET,2021,15,56.0,176.92758792470403,2020
00-0027939,2021_15_CAR_BUF,2021,15,156.0,178.77684023895804,2020
00-0029263,2021_15_SEA_LA,2021,15,156.0,250.997382047722,2020
00-0029604,2021_15_MIN_CHI,2021,15,87.0,251.757536226995,2020
00-0029701,2021_15_TEN_PIT,2021,15,153.0,232.05239559502093,2020
00-0030520,2021_15_DAL_NYG,2021,15,99.0,204.8369644365481,2020
00-0031237,2021_15_CIN_DEN,2021,15,98.0,227.6835147300295,2020
00-0031280,2021_15_LV_CLE,2021,15,236.0,244.14886077931416,2020
00-0031345,2021_15_ATL_SF,2021,15,235.0,234.2873423638422,2020
00-0032950,2021_15_NE_IND,2021,15,57.0,196.58629302249275,2020
00-0033077,2021_15_DAL_NYG,2021,15,217.0,261.8714571130993,2020
00-0033106,2021_15_ARI_DET,2021,15,216.0,271.7402036508759,2020
00-0033119,2021_15_NYJ_MIA,2021,15,0.0,166.20401288399117,2020
00-0033873,2021_15_KC_LAC,2021,15,410.0,277.10667692824103,2020
00-0034857,2021_15_CAR_BUF,2021,15,210.0,226.08152025362787,2020
00-0035228,2021_15_ARI_DET,2021,15,257.0,250.4721455070172,2020
00-0035704,2021_15_CIN_DEN,2021,15,88.0,124.00317994016552,2020
00-0035993,2021_15_GB_BAL,2021,15,215.0,212.48209008011148,2020
00-0036212,2021_15_NYJ_MIA,2021,15,196.0,224.6877455621376,2020
00-0036355,2021_15_KC_LAC,2021,15,236.0,306.2832687387094,2020
00-0036389,2021_15_WAS_PHI,2021,15,296.0,157.66693258807595,2020
00-0036442,2021_15_CIN_DEN,2021,15,157.0,254.43022169351832,2020
00-0036898,2021_15_HOU_JAX,2021,15,209.0,196.68776576320084,2020
00-0036945,2021_15_MIN_CHI,2021,15,285.0,195.4530352664161,2020
00-0036971,2021_15_HOU_JAX,2021,15,210.0,196.7715647909138,2020
00-0036972,2021_15_NE_IND,2021,15,299.0,213.7737513480442,2020
00-0037013,2021_15_NYJ_MIA,2021,15,170.0,193.63325930524095,2020
00-0019596,2021_16_TB_CAR,2021,16,232.0,255.79204430580424,2020
00-0022924,2021_16_PIT_KC,2021,16,159.0,242.0175381393865,2020
00-0023459,2021_16_CLE_GB,2021,16,202.0,253.6949321263266,2020
00-0026143,2021_16_DET_ATL,2021,16,215.0,242.2066261240381,2020
00-0026300,2021_16_BAL_CIN,2021,16,304.0,146.71740262863304,2020
00-0026498,2021_16_LA_MIN,2021,16,197.0,285.58879369851053,2020
00-0027939,2021_16_TB_CAR,2021,16,61.0,188.27952164869063,2020
00-0029263,2021_16_CHI_SEA,2021,16,181.0,214.0331678565575,2020
00-0029604,2021_16_LA_MIN,2021,16,315.0,269.15591014563785,2020
00-0029701,2021_16_SF_TEN,2021,16,209.0,245.5341102385629,2020
00-0030520,2021_16_NYG_PHI,2021,16,93.0,156.20494230480963,2020
00-0031280,2021_16_DEN_LV,2021,16,201.0,254.77214674209816,2020
00-0031345,2021_16_SF_TEN,2021,16,322.0,243.5349441174569,2020
00-0031800,2021_16_WAS_DAL,2021,16,121.0,224.72954662970585,2020
00-0032950,2021_16_IND_ARI,2021,16,225.0,229.60182147140443,2020
00-0033077,2021_16_WAS_DAL,2021,16,330.0,242.4106426798186,2020
00-0033119,2021_16_MIA_NO,2021,16,0.0,178.82854164217397,2020
00-0033662,2021_16_WAS_DAL,2021,16,70.0,181.22919188697355,2020
00-0033873,2021_16_PIT_KC,2021,16,258.0,269.4305325783639,2020
00-0034177,2021_16_DET_ATL,2021,16,187.0,135.0888260534493,2020
00-0034771,2021_16_PIT_KC,2021,16,35.0,161.80909263917428,2020
00-0034855,2021_16_CLE_GB,2021,16,222.0,204.6204022411365,2020
00-0034857,2021_16_BUF_NE,2021,16,314.0,214.361335506188,2020
00-0034869,2021_16_TB_CAR,2021,16,190.0,187.8987865948804,2020
00-0035228,2021_16_IND_ARI,2021,16,245.0,246.3673303024081,2020
00-0035704,2021_16_DEN_LV,2021,16,153.0,166.73022664986885,2020
00-0036212,2021_16_MIA_NO,2021,16,198.0,233.39640136965983,2020
00-0036355,2021_16_LAC_HOU,2021,16,336.0,277.63739544125605,2020
00-0036389,2021_16_NYG_PHI,2021,16,199.0,204.60348462432285,2020
00-0036442,2021_16_BAL_CIN,2021,16,525.0,247.3418143307429,2020
00-0036898,2021_16_LAC_HOU,2021,16,254.0,228.99690328321591,2020
00-0036971,2021_16_JAX_NYJ,2021,16,280.0,209.3170393962762,2020
00-0036972,2021_16_BUF_NE,2021,16,145.0,218.6347398231455,2020
00-0037013,2021_16_JAX_NYJ,2021,16,102.0,206.1876078723863,2020
00-0019596,2021_17_TB_NYJ,2021,17,410.0,254.23600342229255,2020
00-0022924,2021_17_CLE_PIT,2021,17,123.0,249.41375773185115,2020
00-0023459,2021_17_MIN_GB,2021,17,288.0,241.44042700040632,2020
00-0026143,2021_17_ATL_BUF,2021,17,197.0,222.5749949599571,2020
00-0026498,2021_17_LA_BAL,2021,17,309.0,271.8289912075389,2020
00-0027939,2021_17_CAR_NO,2021,17,0.0,160.25605720960817,2020
00-0027973,2021_17_NYG_CHI,2021,17,173.0,160.83906498379116,2020
00-0029263,2021_17_DET_SEA,2021,17,236.0,219.53289273074205,2020
00-0029701,2021_17_MIA_TEN,2021,17,120.0,212.2941615630177,2020
00-0030520,2021_17_NYG_CHI,2021,17,24.0,157.18229881126075,2020
00-0031280,2021_17_LV_IND,2021,17,255.0,275.43608751762577,2020
00-0031800,2021_17_PHI_WAS,2021,17,247.0,225.55964008399147,2020
00-0032950,2021_17_LV_IND,2021,17,148.0,215.4183785360571,2020
00-0033077,2021_17_ARI_DAL,2021,17,226.0,276.385976517326,2020
00-0033873,2021_17_KC_CIN,2021,17,259.0,287.68957540925703,2020
00-0034177,2021_17_DET_SEA,2021,17,262.0,188.98749716210796,2020
00-0034855,2021_17_CLE_PIT,2021,17,185.0,227.88766585301377,2020
00-0034857,2021_17_ATL_BUF,2021,17,120.0,240.7350628723647,2020
00-0034869,2021_17_CAR_NO,2021,17,132.0,177.20202406702563,2020
00-0035228,2021_17_ARI_DAL,2021,17,263.0,268.0179746210124,2020
00-0035704,2021_17_DEN_LAC,2021,17,245.0,172.00761918331278,2020
00-0035993,2021_17_LA_BAL,2021,17,197.0,213.3512262720878,2020
00-0036212,2021_17_MIA_TEN,2021,17,205.0,229.2014095421441,2020
00-0036264,2021_17_MIN_GB,2021,17,19.0,149.32075106234385,2020
00-0036355,2021_17_DEN_LAC,2021,17,237.0,281.12377287672706,2020
00-0036389,2021_17_PHI_WAS,2021,17,214.0,206.6422635824379,2020
00-0036442,2021_17_KC_CIN,2021,17,446.0,254.6525520396867,2020
00-0036898,2021_17_HOU_SF,2021,17,163.0,219.71467898708443,2020
00-0036971,2021_17_JAX_NE,2021,17,193.0,192.36847509889543,2020
00-0036972,2021_17_JAX_NE,2021,17,227.0,210.68784463629277,2020
00-0037012,2021_17_HOU_SF,2021,17,249.0,144.8751478454364,2020
00-0037013,2021_17_TB_NYJ,2021,17,234.0,206.4502184505428,2020
00-0019596,2021_18_CAR_TB,2021,18,326.0,256.4252884653589,2020
00-0022924,2021_18_PIT_BAL,2021,18,244.0,235.2320647619007,2020
00-0023459,2021_18_GB_DET,2021,18,138.0,258.9739202531065,2020
00-0026143,2021_18_NO_ATL,2021,18,216.0,223.91345970159995,2020
00-0026498,2021_18_SF_LA,2021,18,238.0,277.1665676298024,2020
00-0027973,2021_18_CHI_MIN,2021,18,325.0,208.3952405524684,2020
00-0028986,2021_18_CIN_CLE,2021,18,176.0,152.70956502729956,2020
00-0029263,2021_18_SEA_ARI,2021,18,238.0,250.21083074692723,2020
00-0029604,2021_18_CHI_MIN,2021,18,250.0,247.73279300484663,2020
00-0029701,2021_18_TEN_HOU,2021,18,287.0,245.0110671306059,2020
00-0031280,2021_18_LAC_LV,2021,18,186.0,279.4535970579434,2020
00-0031345,2021_18_SF_LA,2021,18,316.0,221.5866580945665,2020
00-0031800,2021_18_WAS_NYG,2021,18,120.0,216.27019977716117,2020
00-0032156,2021_18_NO_ATL,2021,18,71.0,178.36881112110666,2020
00-0032950,2021_18_IND_JAX,2021,18,185.0,211.29534376087625,2020
00-0033077,2021_18_DAL_PHI,2021,18,295.0,275.89872146369845,2020
00-0033106,2021_18_GB_DET,2021,18,238.0,237.2101505454129,2020
00-0033662,2021_18_DAL_PHI,2021,18,10.0,196.7518471529107,2020
00-0033873,2021_18_KC_DEN,2021,18,270.0,277.15999550947237,2020
00-0034177,2021_18_GB_DET,2021,18,0.0,199.90671929451355,2020
00-0034857,2021_18_NYJ_BUF,2021,18,239.0,233.50638547178107,2020
00-0034869,2021_18_CAR_TB,2021,18,219.0,196.5003917459727,2020
00-0035228,2021_18_SEA_ARI,2021,18,240.0,251.55065299908236,2020
00-0035289,2021_18_DAL_PHI,2021,18,186.0,186.3317431135039,2020
00-0035704,2021_18_KC_DEN,2021,18,162.0,194.862672196938,2020
00-0035993,2021_18_PIT_BAL,2021,18,141.0,187.8518775385077,2020
00-0036197,2021_18_WAS_NYG,2021,18,103.0,141.12354161669575,2020
00-0036212,2021_18_NE_MIA,2021,18,109.0,207.84338014409465,2020
00-0036264,2021_18_GB_DET,2021,18,134.0,185.47749034558873,2020
00-0036355,2021_18_LAC_LV,2021,18,383.0,289.25023946361995,2020
00-0036898,2021_18_TEN_HOU,2021,18,301.0,233.69737060287787,2020
00-0036971,2021_18_IND_JAX,2021,18,223.0,207.8066315684996,2020
00-0036972,2021_18_NE_MIA,2021,18,261.0,220.291527274546,2020
00-0037013,2021_18_NYJ_BUF,2021,18,87.0,189.9936020219737,2020
00-0019596,2021_19_PHI_TB,2021,19,271.0,257.11248461724824,2020
00-0022924,2021_19_PIT_KC,2021,19,215.0,254.8237287868877,2020
00-0026498,2021_19_ARI_LA,2021,19,202.0,277.20029757306787,2020
00-0031280,2021_19_LV_CIN,2021,19,310.0,272.44818956859706,2020
00-0031345,2021_19_SF_DAL,2021,19,172.0,250.7760558197228,2020
00-0033077,2021_19_SF_DAL,2021,19,254.0,272.49972800345233,2020
00-0033873,2021_19_PIT_KC,2021,19,404.0,280.3286739627494,2020
00-0034857,2021_19_NE_BUF,2021,19,308.0,212.40377080062711,2020
00-0035228,2021_19_ARI_LA,2021,19,137.0,257.6120028323572,2020
00-0036389,2021_19_PHI_TB,2021,19,258.0,186.64201533747567,2020
00-0036442,2021_19_LV_CIN,2021,19,244.0,243.14736350191504,2020
00-0036972,2021_19_NE_BUF,2021,19,232.0,220.14138048820297,2020
00-0019596,2021_20_LA_TB,2021,20,329.0,261.0842599562687,2020
00-0023459,2021_20_SF_GB,2021,20,225.0,239.4992224877771,2020
00-0026498,2021_20_LA_TB,2021,20,366.0,261.05519397530503,2020
00-0029701,2021_20_CIN_TEN,2021,20,220.0,237.94123376757364,2020
00-0031345,2021_20_SF_GB,2021,20,131.0,234.0285139531387,2020
00-0033873,2021_20_BUF_KC,2021,20,378.0,267.7640258433407,2020
00-0034857,2021_20_BUF_KC,2021,20,329.0,252.35286933145133,2020
00-0036442,2021_20_CIN_TEN,2021,20,348.0,253.95814103562807,2020
00-0026498,2021_21_SF_LA,2021,21,337.0,259.1630047981756,2020
00-0031345,2021_21_SF_LA,2021,21,232.0,226.02386337641457,2020
00-0033873,2021_21_CIN_KC,2021,21,275.0,288.89459736335687,2020
00-0036442,2021_21_CIN_KC,2021,21,250.0,256.1117876251878,2020
00-0026498,2021_22_LA_CIN,2021,22,283.0,273.3910116433787,2020
00-0036442,2021_22_LA_CIN,2021,22,263.0,268.4501838657655,2020
00-0019596,2022_02_TB_NO,2022,2,190.0,261.39427033884994,2021
00-0023459,2022_02_CHI_GB,2022,2,234.0,203.69222865201033,2021
00-0026143,2022_02_IND_JAX,2022,2,195.0,262.87863296553934,2021
00-0026158,2022_02_NYJ_CLE,2022,2,307.0,244.90334928055051,2021
00-0026498,2022_02_ATL_LA,2022,2,272.0,245.1242380217255,2021
00-0029263,2022_02_HOU_DEN,2022,2,219.0,249.96388101680097,2021
00-0029604,2022_02_MIN_PHI,2022,2,221.0,257.30340585941923,2021
00-0029701,2022_02_TEN_BUF,2022,2,117.0,245.49023128420265,2021
00-0030565,2022_02_SEA_SF,2022,2,197.0,222.44160229185093,2021
00-0031280,2022_02_ARI_LV,2022,2,252.0,264.5225368764713,2021
00-0031503,2022_02_TB_NO,2022,2,236.0,266.724933450163,2021
00-0032268,2022_02_ATL_LA,2022,2,196.0,229.47682249406992,2021
00-0032950,2022_02_WAS_DET,2022,2,337.0,281.67306809101194,2021
00-0033106,2022_02_WAS_DET,2022,2,256.0,203.6970395166777,2021
00-0033119,2022_02_NYJ_CLE,2022,2,229.0,196.01685102127016,2021
00-0033869,2022_02_NE_PIT,2022,2,168.0,200.14743566503435,2021
00-0033873,2022_02_LAC_KC,2022,2,235.0,246.03142345452764,2021
00-0034796,2022_02_MIA_BAL,2022,2,318.0,192.38943533542425,2021
00-0034855,2022_02_CAR_NYG,2022,2,145.0,236.9805973825951,2021
00-0034857,2022_02_TEN_BUF,2022,2,317.0,256.5527061825049,2021
00-0035228,2022_02_ARI_LV,2022,2,277.0,250.1998291243463,2021
00-0035710,2022_02_CAR_NYG,2022,2,176.0,211.9758383603729,2021
00-0036212,2022_02_MIA_BAL,2022,2,469.0,243.2148972315579,2021
00-0036355,2022_02_LAC_KC,2022,2,334.0,274.7043701570637,2021
00-0036389,2022_02_MIN_PHI,2022,2,333.0,204.29004512636297,2021
00-0036442,2022_02_CIN_DAL,2022,2,199.0,238.5456409519281,2021
00-0036898,2022_02_HOU_DEN,2022,2,177.0,252.71930529302435,2021
00-0036945,2022_02_CHI_GB,2022,2,70.0,184.5089830299659,2021
00-0036971,2022_02_IND_JAX,2022,2,235.0,241.39611467188936,2021
00-0036972,2022_02_NE_PIT,2022,2,252.0,223.98190864899368,2021
00-0037012,2022_02_SEA_SF,2022,2,30.0,175.8061303097397,2021
00-0019596,2022_03_GB_TB,2022,3,271.0,220.7556666490422,2021
00-0023459,2022_03_GB_TB,2022,3,255.0,211.29252578555952,2021
00-0026143,2022_03_KC_IND,2022,3,222.0,254.9647730693754,2021
00-0026158,2022_03_CIN_NYJ,2022,3,285.0,260.2660746836219,2021
00-0026498,2022_03_LA_ARI,2022,3,249.0,253.4088802478122,2021
00-0029263,2022_03_SF_DEN,2022,3,184.0,222.1793476163364,2021
00-0029604,2022_03_DET_MIN,2022,3,260.0,251.75652156132935,2021
00-0029701,2022_03_LV_TEN,2022,3,264.0,194.92009752382677,2021
00-0030565,2022_03_ATL_SEA,2022,3,325.0,244.0476162785504,2021
00-0031280,2022_03_LV_TEN,2022,3,303.0,245.1493207591931,2021
00-0031345,2022_03_SF_DEN,2022,3,211.0,202.43938620967413,2021
00-0031503,2022_03_NO_CAR,2022,3,353.0,208.0047205006472,2021
00-0032268,2022_03_ATL_SEA,2022,3,229.0,234.1175049994431,2021
00-0032950,2022_03_PHI_WAS,2022,3,211.0,287.9008450281792,2021
00-0033106,2022_03_DET_MIN,2022,3,277.0,246.6433560646088,2021
00-0033119,2022_03_PIT_CLE,2022,3,220.0,192.0281003285915,2021
00-0033662,2022_03_DAL_NYG,2022,3,215.0,218.3916393427205,2021
00-0033869,2022_03_PIT_CLE,2022,3,207.0,215.37485630781256,2021
00-0033873,2022_03_KC_IND,2022,3,262.0,286.13737008970173,2021
00-0034796,2022_03_BAL_NE,2022,3,218.0,230.01458153239213,2021
00-0034855,2022_03_NO_CAR,2022,3,170.0,180.79982847930577,2021
00-0034857,2022_03_BUF_MIA,2022,3,400.0,290.1047927548326,2021
00-0035228,2022_03_LA_ARI,2022,3,314.0,244.91890313368893,2021
00-0035710,2022_03_DAL_NYG,2022,3,196.0,215.83457030795293,2021
00-0036212,2022_03_BUF_MIA,2022,3,186.0,267.0809721462085,2021
00-0036355,2022_03_JAX_LAC,2022,3,297.0,278.9124250728399,2021
00-0036389,2022_03_PHI_WAS,2022,3,340.0,239.67595456445463,2021
00-0036442,2022_03_CIN_NYJ,2022,3,275.0,243.22937601114447,2021
00-0036898,2022_03_HOU_CHI,2022,3,245.0,198.80873781216593,2021
00-0036945,2022_03_HOU_CHI,2022,3,106.0,189.2669234148042,2021
00-0036971,2022_03_JAX_LAC,2022,3,262.0,253.5991452268396,2021
00-0036972,2022_03_BAL_NE,2022,3,321.0,261.2076126385757,2021
00-0019596,2022_04_KC_TB,2022,4,385.0,255.7624377155963,2021
00-0023459,2022_04_NE_GB,2022,4,251.0,234.8736127275321,2021
00-0026143,2022_04_TEN_IND,2022,4,356.0,268.0157824048041,2021
00-0026498,2022_04_LA_SF,2022,4,254.0,221.0021238635153,2021
00-0029263,2022_04_DEN_LV,2022,4,237.0,245.9450398891694,2021
00-0029604,2022_04_MIN_NO,2022,4,273.0,220.2684864760456,2021
00-0029701,2022_04_TEN_IND,2022,4,137.0,243.33652128615907,2021
00-0030565,2022_04_SEA_DET,2022,4,320.0,251.91512472820685,2021
00-0031280,2022_04_DEN_LV,2022,4,188.0,252.45230799978984,2021
00-0031345,2022_04_LA_SF,2022,4,239.0,226.91624088527337,2021
00-0032268,2022_04_CLE_ATL,2022,4,139.0,249.98637765581648,2021
00-0032950,2022_04_WAS_DAL,2022,4,170.0,251.37289293363835,2021
00-0033106,2022_04_SEA_DET,2022,4,378.0,238.5087217620556,2021
00-0033119,2022_04_CLE_ATL,2022,4,234.0,246.05626582869436,2021
00-0033662,2022_04_WAS_DAL,2022,4,223.0,246.72713233819456,2021
00-0033869,2022_04_NYJ_PIT,2022,4,84.0,215.1388846358373,2021
00-0033873,2022_04_KC_TB,2022,4,249.0,254.16172003645175,2021
00-0034796,2022_04_BUF_BAL,2022,4,144.0,228.03492348138892,2021
00-0034855,2022_04_ARI_CAR,2022,4,197.0,205.8008979333985,2021
00-0034857,2022_04_BUF_BAL,2022,4,213.0,266.6220290589578,2021
00-0035228,2022_04_ARI_CAR,2022,4,207.0,233.10226678518703,2021
00-0035710,2022_04_CHI_NYG,2022,4,71.0,185.9344554784631,2021
00-0036212,2022_04_MIA_CIN,2022,4,110.0,236.8441669221511,2021
00-0036355,2022_04_LAC_HOU,2022,4,340.0,260.2630138236465,2021
00-0036389,2022_04_JAX_PHI,2022,4,204.0,244.77763488121545,2021
00-0036442,2022_04_MIA_CIN,2022,4,287.0,277.67780859336204,2021
00-0036898,2022_04_LAC_HOU,2022,4,246.0,230.8321640718109,2021
00-0036945,2022_04_CHI_NYG,2022,4,174.0,174.7425940293481,2021
00-0036971,2022_04_JAX_PHI,2022,4,174.0,248.77633374470165,2021
00-0019596,2022_05_ATL_TB,2022,5,351.0,273.9312434257571,2021
00-0023459,2022_05_NYG_GB,2022,5,222.0,228.77763821485917,2021
00-0026143,2022_05_IND_DEN,2022,5,251.0,238.0611147834107,2021
00-0026498,2022_05_DAL_LA,2022,5,308.0,221.90349275533077,2021
00-0027973,2022_05_SEA_NO,2022,5,187.0,227.80720849189635,2021
00-0029263,2022_05_IND_DEN,2022,5,274.0,232.12407664826932,2021
00-0029604,2022_05_CHI_MIN,2022,5,296.0,261.7551584619809,2021
00-0029701,2022_05_TEN_WAS,2022,5,181.0,234.87165736842385,2021
00-0030565,2022_05_SEA_NO,2022,5,268.0,235.03772477213047,2021
00-0031237,2022_05_MIA_NYJ,2022,5,0.0,210.1540391861332,2021
00-0031280,2022_05_LV_KC,2022,5,241.0,256.52922761710965,2021
00-0031345,2022_05_SF_CAR,2022,5,253.0,218.91241163796775,2021
00-0032268,2022_05_ATL_TB,2022,5,147.0,198.5212959872315,2021
00-0032950,2022_05_TEN_WAS,2022,5,359.0,229.46500715714387,2021
00-0033106,2022_05_DET_NE,2022,5,229.0,285.499782459142,2021
00-0033119,2022_05_LAC_CLE,2022,5,230.0,235.25000417401617,2021
00-0033662,2022_05_DAL_LA,2022,5,102.0,242.90642041652123,2021
00-0033873,2022_05_LV_KC,2022,5,292.0,271.4526615410751,2021
00-0034796,2022_05_CIN_BAL,2022,5,174.0,195.1052296729999,2021
00-0034855,2022_05_SF_CAR,2022,5,215.0,181.2866222110813,2021
00-0034857,2022_05_PIT_BUF,2022,5,424.0,254.09473241590615,2021
00-0035228,2022_05_PHI_ARI,2022,5,250.0,233.0425902245439,2021
00-0035710,2022_05_NYG_GB,2022,5,217.0,211.1685510805152,2021
00-0036355,2022_05_LAC_CLE,2022,5,228.0,266.49773161237636,2021
00-0036389,2022_05_PHI_ARI,2022,5,239.0,246.37953049951992,2021
00-0036442,2022_05_CIN_BAL,2022,5,217.0,260.339569287818,2021
00-0036898,2022_05_HOU_JAX,2022,5,140.0,264.33740823296586,2021
00-0036945,2022_05_CHI_MIN,2022,5,208.0,173.58954345373007,2021
00-0036971,2022_05_HOU_JAX,2022,5,286.0,237.324247780719,2021
00-0037013,2022_05_MIA_NYJ,2022,5,210.0,183.46128193739804,2021
00-0038102,2022_05_PIT_BUF,2022,5,327.0,174.84005555185368,2021
00-0038108,2022_05_DET_NE,2022,5,188.0,234.37302730235896,2021
00-0019596,2022_06_TB_PIT,2022,6,243.0,271.7313489797439,2021
00-0023459,2022_06_NYJ_GB,2022,6,246.0,257.1463446636496,2021
00-0026143,2022_06_JAX_IND,2022,6,389.0,228.79204813026527,2021
00-0026498,2022_06_CAR_LA,2022,6,253.0,242.51039962479155,2021
00-0027973,2022_06_CIN_NO,2022,6,162.0,207.46029475947375,2021
00-0029263,2022_06_DEN_LAC,2022,6,188.0,228.75780528852903,2021
00-0029604,2022_06_MIN_MIA,2022,6,175.0,248.5473874304431,2021
00-0030565,2022_06_ARI_SEA,2022,6,197.0,264.6686940161175,2021
00-0031237,2022_06_MIN_MIA,2022,6,329.0,198.4769521242952,2021
00-0031345,2022_06_SF_ATL,2022,6,296.0,239.60266120143953,2021
00-0032268,2022_06_SF_ATL,2022,6,129.0,185.49729776160152,2021
00-0032950,2022_06_WAS_CHI,2022,6,99.0,245.0996991026555,2021
00-0033119,2022_06_NE_CLE,2022,6,266.0,205.9971633788647,2021
00-0033275,2022_06_CAR_LA,2022,6,60.0,196.0433375773752,2021
00-0033662,2022_06_DAL_PHI,2022,6,181.0,224.63135275443344,2021
00-0033869,2022_06_TB_PIT,2022,6,144.0,164.35461761226634,2021
00-0033873,2022_06_BUF_KC,2022,6,338.0,278.2789428718065,2021
00-0034796,2022_06_BAL_NYG,2022,6,210.0,204.3144023141651,2021
00-0034857,2022_06_BUF_KC,2022,6,329.0,272.7602927511732,2021
00-0035228,2022_06_ARI_SEA,2022,6,222.0,234.6888017868014,2021
00-0035710,2022_06_BAL_NYG,2022,6,173.0,227.85223768272013,2021
00-0036355,2022_06_DEN_LAC,2022,6,238.0,259.57746209699263,2021
00-0036389,2022_06_DAL_PHI,2022,6,155.0,236.7849538422684,2021
00-0036442,2022_06_CIN_NO,2022,6,300.0,255.0375933163924,2021
00-0036945,2022_06_WAS_CHI,2022,6,190.0,192.0501194548955,2021
00-0036971,2022_06_JAX_IND,2022,6,165.0,229.1050308819503,2021
00-0037013,2022_06_NYJ_GB,2022,6,110.0,176.30545550162444,2021
00-0037327,2022_06_MIN_MIA,2022,6,89.0,198.25423986141928,2021
00-0038102,2022_06_TB_PIT,2022,6,67.0,185.2924592123721,2021
00-0038108,2022_06_NE_CLE,2022,6,309.0,230.04836841548376,2021
00-0019596,2022_07_TB_CAR,2022,7,290.0,247.16785151058912,2021
00-0023459,2022_07_GB_WAS,2022,7,194.0,237.04783127825075,2021
00-0026143,2022_07_IND_TEN,2022,7,243.0,241.3527279779981,2021
00-0027973,2022_07_NO_ARI,2022,7,361.0,230.63836275180708,2021
00-0029701,2022_07_IND_TEN,2022,7,132.0,220.9852061490474,2021
00-0030565,2022_07_SEA_LAC,2022,7,210.0,278.6677274228517,2021
00-0031280,2022_07_HOU_LV,2022,7,241.0,225.72560214632216,2021
00-0031345,2022_07_KC_SF,2022,7,303.0,234.625223037051,2021
00-0032268,2022_07_ATL_CIN,2022,7,124.0,211.04360457496068,2021
00-0033077,2022_07_DET_DAL,2022,7,207.0,115.67238435043738,2021
00-0033106,2022_07_DET_DAL,2022,7,228.0,242.2385584684086,2021
00-0033119,2022_07_CLE_BAL,2022,7,258.0,233.77900255669965,2021
00-0033275,2022_07_TB_CAR,2022,7,177.0,206.82794513905455,2021
00-0033873,2022_07_KC_SF,2022,7,423.0,270.58416241397265,2021
00-0034796,2022_07_CLE_BAL,2022,7,120.0,218.4746270469566,2021
00-0035228,2022_07_NO_ARI,2022,7,204.0,209.16146997571457,2021
00-0035710,2022_07_NYG_JAX,2022,7,202.0,225.1505301526849,2021
00-0036212,2022_07_PIT_MIA,2022,7,261.0,236.0701315616837,2021
00-0036355,2022_07_SEA_LAC,2022,7,293.0,265.0423136582001,2021
00-0036442,2022_07_ATL_CIN,2022,7,481.0,258.72105337505826,2021
00-0036898,2022_07_HOU_LV,2022,7,302.0,191.26055828024147,2021
00-0036945,2022_07_CHI_NE,2022,7,179.0,173.41946342022462,2021
00-0036971,2022_07_NYG_JAX,2022,7,310.0,237.61532234829608,2021
00-0036972,2022_07_CHI_NE,2022,7,13.0,213.04239448019865,2021
00-0037013,2022_07_NYJ_DEN,2022,7,121.0,165.5659916614634,2021
00-0038102,2022_07_PIT_MIA,2022,7,257.0,202.47810601675903,2021
00-0038108,2022_07_CHI_NE,2022,7,185.0,218.577787100892,2021
00-0019596,2022_08_BAL_TB,2022,8,325.0,246.83864375331612,2021
00-0023459,2022_08_GB_BUF,2022,8,203.0,231.00910561719377,2021
00-0026498,2022_08_SF_LA,2022,8,187.0,227.55336879290343,2021
00-0027973,2022_08_LV_NO,2022,8,229.0,245.9919989579193,2021
00-0029263,2022_08_DEN_JAX,2022,8,252.0,178.8367375203565,2021
00-0029604,2022_08_ARI_MIN,2022,8,232.0,227.84717875315383,2021
00-0030565,2022_08_NYG_SEA,2022,8,212.0,240.33415594933237,2021
00-0031280,2022_08_LV_NO,2022,8,101.0,258.9111047310783,2021
00-0031345,2022_08_SF_LA,2022,8,235.0,216.94349127129385,2021
00-0031800,2022_08_WAS_IND,2022,8,279.0,183.72448264857948,2021
00-0032268,2022_08_CAR_ATL,2022,8,253.0,224.99150498171937,2021
00-0033077,2022_08_CHI_DAL,2022,8,250.0,188.7063689652729,2021
00-0033106,2022_08_MIA_DET,2022,8,321.0,287.4394474440503,2021
00-0033119,2022_08_CIN_CLE,2022,8,278.0,198.94963594976468,2021
00-0033275,2022_08_CAR_ATL,2022,8,317.0,222.96507812565548,2021
00-0034796,2022_08_BAL_TB,2022,8,238.0,183.49379632636465,2021
00-0034857,2022_08_GB_BUF,2022,8,218.0,238.42750510808375,2021
00-0035228,2022_08_ARI_MIN,2022,8,326.0,233.73586200495737,2021
00-0035710,2022_08_NYG_SEA,2022,8,176.0,227.01030681821956,2021
00-0036212,2022_08_MIA_DET,2022,8,382.0,264.3420281189456,2021
00-0036389,2022_08_PIT_PHI,2022,8,285.0,220.19139192529835,2021
00-0036442,2022_08_CIN_CLE,2022,8,232.0,270.9270083326437,2021
00-0036898,2022_08_TEN_HOU,2022,8,152.0,238.6650647132521,2021
00-0036945,2022_08_CHI_DAL,2022,8,151.0,177.14734259225077,2021
00-0036971,2022_08_DEN_JAX,2022,8,133.0,214.45706733734775,2021
00-0036972,2022_08_NE_NYJ,2022,8,194.0,195.76358849745677,2021
00-0037013,2022_08_NE_NYJ,2022,8,355.0,171.1216031623373,2021
00-0038102,2022_08_PIT_PHI,2022,8,191.0,188.2185282577168,2021
00-0019596,2022_09_LA_TB,2022,9,280.0,250.01667301556364,2021
00-0023459,2022_09_GB_DET,2022,9,291.0,253.00492492449456,2021
00-0026498,2022_09_LA_TB,2022,9,165.0,238.5643653454508,2021
00-0027973,2022_09_BAL_NO,2022,9,210.0,239.5436180402995,2021
00-0029604,2022_09_MIN_WAS,2022,9,265.0,243.7591990767116,2021
00-0030565,2022_09_SEA_ARI,2022,9,275.0,241.62207300508217,2021
00-0031280,2022_09_LV_JAX,2022,9,259.0,242.09180446285023,2021
00-0031800,2022_09_MIN_WAS,2022,9,149.0,201.5164565384215,2021
00-0032268,2022_09_LAC_ATL,2022,9,129.0,221.05574029433703,2021
00-0033106,2022_09_GB_DET,2022,9,137.0,246.0744008785708,2021
00-0033275,2022_09_CAR_CIN,2022,9,9.0,197.3541910812275,2021
00-0033873,2022_09_TEN_KC,2022,9,446.0,263.5236028701742,2021
00-0034796,2022_09_BAL_NO,2022,9,133.0,213.82182126700184,2021
00-0034855,2022_09_CAR_CIN,2022,9,155.0,155.64748129195925,2021
00-0034857,2022_09_BUF_NYJ,2022,9,205.0,252.0383141923727,2021
00-0035228,2022_09_SEA_ARI,2022,9,175.0,225.9120309068747,2021
00-0036212,2022_09_MIA_CHI,2022,9,302.0,277.724079794889,2021
00-0036355,2022_09_LAC_ATL,2022,9,245.0,250.23876445805885,2021
00-0036389,2022_09_PHI_HOU,2022,9,243.0,216.82992923427295,2021
00-0036442,2022_09_CAR_CIN,2022,9,206.0,255.38318235268653,2021
00-0036879,2022_09_IND_NE,2022,9,103.0,182.37647323027312,2021
00-0036898,2022_09_PHI_HOU,2022,9,154.0,222.86801189232207,2021
00-0036945,2022_09_MIA_CHI,2022,9,123.0,214.03318800355876,2021
00-0036971,2022_09_LV_JAX,2022,9,235.0,235.84631914651663,2021
00-0036972,2022_09_IND_NE,2022,9,147.0,201.1491410324745,2021
00-0037013,2022_09_BUF_NYJ,2022,9,154.0,178.85007781525482,2021
00-0038128,2022_09_TEN_KC,2022,9,80.0,161.5535810986181,2021
00-0019596,2022_10_SEA_TB,2022,10,258.0,267.57929304351853,2021
00-0023459,2022_10_DAL_GB,2022,10,224.0,226.8367979596923,2021
00-0026143,2022_10_IND_LV,2022,10,222.0,222.38256432076537,2021
00-0027973,2022_10_NO_PIT,2022,10,174.0,201.74215429083748,2021
00-0029263,2022_10_DEN_TEN,2022,10,286.0,179.88435558350142,2021
00-0029604,2022_10_MIN_BUF,2022,10,357.0,220.45453817590064,2021
00-0029701,2022_10_DEN_TEN,2022,10,255.0,184.43373887527403,2021
00-0030565,2022_10_SEA_TB,2022,10,275.0,233.40402243260905,2021
00-0031280,2022_10_IND_LV,2022,10,248.0,222.96689120112353,2021
00-0031345,2022_10_LAC_SF,2022,10,240.0,208.46690606362992,2021
00-0031800,2022_10_WAS_PHI,2022,10,211.0,181.53399467545427,2021
00-0032268,2022_10_ATL_CAR,2022,10,186.0,217.4575995983007,2021
00-0033077,2022_10_DAL_GB,2022,10,265.0,170.15890846893268,2021
00-0033106,2022_10_DET_CHI,2022,10,236.0,252.24299271170543,2021
00-0033119,2022_10_CLE_MIA,2022,10,212.0,220.2642992667673,2021
00-0033275,2022_10_ATL_CAR,2022,10,108.0,161.03023856431892,2021
00-0033873,2022_10_JAX_KC,2022,10,331.0,271.01254548900573,2021
00-0034857,2022_10_MIN_BUF,2022,10,330.0,284.24716470428086,2021
00-0035710,2022_10_HOU_NYG,2022,10,197.0,185.23635831492624,2021
00-0036212,2022_10_CLE_MIA,2022,10,285.0,269.5064895410608,2021
00-0036355,2022_10_LAC_SF,2022,10,196.0,265.53016677515336,2021
00-0036389,2022_10_WAS_PHI,2022,10,175.0,235.8387163700926,2021
00-0036898,2022_10_HOU_NYG,2022,10,319.0,223.77393512964088,2021
00-0036945,2022_10_DET_CHI,2022,10,167.0,226.1635489031717,2021
00-0036971,2022_10_JAX_KC,2022,10,259.0,242.84062472832636,2021
00-0037327,2022_10_CLE_MIA,2022,10,17.0,116.8978150247574,2021
00-0038102,2022_10_NO_PIT,2022,10,199.0,181.1306225589581,2021
00-0038128,2022_10_DEN_TEN,2022,10,0.0,159.49954899179113,2021
00-0023459,2022_11_TEN_GB,2022,11,227.0,213.61793028813537,2021
00-0026143,2022_11_PHI_IND,2022,11,213.0,240.6425965298367,2021
00-0026498,2022_11_LA_NO,2022,11,159.0,199.0966271052055,2021
00-0027688,2022_11_SF_ARI,2022,11,218.0,198.05689877726684,2021
00-0027973,2022_11_LA_NO,2022,11,260.0,216.725656608998,2021
00-0029263,2022_11_LV_DEN,2022,11,247.0,201.54967533500695,2021
00-0029604,2022_11_DAL_MIN,2022,11,105.0,265.6155560449158,2021
00-0029701,2022_11_TEN_GB,2022,11,333.0,207.10819480341956,2021
00-0031280,2022_11_LV_DEN,2022,11,307.0,193.1664663126288,2021
00-0031345,2022_11_SF_ARI,2022,11,228.0,248.23865462022087,2021
00-0031800,2022_11_WAS_HOU,2022,11,191.0,174.04711025972418,2021
00-0032268,2022_11_CHI_ATL,2022,11,131.0,221.6891857773595,2021
00-0033077,2022_11_DAL_MIN,2022,11,276.0,193.8218041060053,2021
00-0033106,2022_11_DET_NYG,2022,11,165.0,244.10458794566668,2021
00-0033119,2022_11_CLE_BUF,2022,11,324.0,209.1335990923307,2021
00-0033662,2022_11_DAL_MIN,2022,11,31.0,163.20290035381893,2021
00-0033873,2022_11_KC_LAC,2022,11,329.0,285.0533430475718,2021
00-0034796,2022_11_CAR_BAL,2022,11,209.0,200.67520094893453,2021
00-0034855,2022_11_CAR_BAL,2022,11,196.0,161.7974963306349,2021
00-0034857,2022_11_CLE_BUF,2022,11,197.0,278.18678143856476,2021
00-0035710,2022_11_DET_NYG,2022,11,341.0,219.58533464471287,2021
00-0036355,2022_11_KC_LAC,2022,11,280.0,258.6719286948502,2021
00-0036389,2022_11_PHI_IND,2022,11,190.0,220.69753385287223,2021
00-0036442,2022_11_CIN_PIT,2022,11,355.0,222.0976676242018,2021
00-0036898,2022_11_WAS_HOU,2022,11,169.0,220.9840165021725,2021
00-0036945,2022_11_CHI_ATL,2022,11,153.0,207.58247281352348,2021
00-0036972,2022_11_NYJ_NE,2022,11,246.0,179.21485326323065,2021
00-0037013,2022_11_NYJ_NE,2022,11,77.0,179.69931120456326,2021
00-0038102,2022_11_CIN_PIT,2022,11,265.0,191.8560403632027,2021
00-0019596,2022_12_TB_CLE,2022,12,246.0,250.06594151018973,2021
00-0023459,2022_12_GB_PHI,2022,12,140.0,206.42772884021525,2021
00-0026143,2022_12_PIT_IND,2022,12,199.0,210.1445431987739,2021
00-0027973,2022_12_NO_SF,2022,12,204.0,216.2871205029448,2021
00-0029263,2022_12_DEN_CAR,2022,12,142.0,199.40061585060252,2021
00-0029604,2022_12_NE_MIN,2022,12,299.0,229.93542169449117,2021
00-0029701,2022_12_CIN_TEN,2022,12,291.0,219.1721268951522,2021
00-0030565,2022_12_LV_SEA,2022,12,328.0,222.456883575505,2021
00-0031280,2022_12_LV_SEA,2022,12,295.0,242.04185568155492,2021
00-0031345,2022_12_NO_SF,2022,12,222.0,240.68541264854017,2021
00-0031800,2022_12_ATL_WAS,2022,12,138.0,184.32032018918704,2021
00-0032268,2022_12_ATL_WAS,2022,12,174.0,225.93417944572843,2021
00-0033077,2022_12_NYG_DAL,2022,12,261.0,194.56780012250343,2021
00-0033106,2022_12_BUF_DET,2022,12,240.0,226.10838161141888,2021
00-0033119,2022_12_TB_CLE,2022,12,210.0,222.6898057181059,2021
00-0033873,2022_12_LA_KC,2022,12,320.0,260.30954857245496,2021
00-0034796,2022_12_BAL_JAX,2022,12,254.0,208.69813447158603,2021
00-0034857,2022_12_BUF_DET,2022,12,253.0,291.1451569896521,2021
00-0035228,2022_12_LAC_ARI,2022,12,191.0,231.91015046443468,2021
00-0035710,2022_12_NYG_DAL,2022,12,228.0,192.7341604342517,2021
00-0035939,2022_12_LA_KC,2022,12,100.0,149.7826282793756,2021
00-0036212,2022_12_HOU_MIA,2022,12,299.0,241.36207630878417,2021
00-0036355,2022_12_LAC_ARI,2022,12,274.0,257.10755361690036,2021
00-0036389,2022_12_GB_PHI,2022,12,153.0,218.9913384998313,2021
00-0036442,2022_12_CIN_TEN,2022,12,270.0,254.3945921560236,2021
00-0036971,2022_12_BAL_JAX,2022,12,321.0,218.92647471859144,2021
00-0036972,2022_12_NE_MIN,2022,12,382.0,208.16983566132672,2021
00-0037327,2022_12_HOU_MIA,2022,12,6.0,119.98319100980176,2021
00-0038102,2022_12_PIT_IND,2022,12,174.0,183.4240213112533,2021
00-0019596,2022_13_NO_TB,2022,13,281.0,260.6669750792007,2021
00-0023459,2022_13_GB_CHI,2022,13,182.0,232.4103929015865,2021
00-0026143,2022_13_IND_DAL,2022,13,233.0,229.1079030036944,2021
00-0027973,2022_13_NO_TB,2022,13,229.0,218.80774280600045,2021
00-0029263,2022_13_DEN_BAL,2022,13,189.0,209.9532708451258,2021
00-0029604,2022_13_NYJ_MIN,2022,13,173.0,225.05876462244373,2021
00-0029701,2022_13_TEN_PHI,2022,13,141.0,210.8503905918556,2021
00-0030565,2022_13_SEA_LA,2022,13,367.0,236.2706006076809,2021
00-0031280,2022_13_LAC_LV,2022,13,250.0,241.51394144465655,2021
00-0031345,2022_13_MIA_SF,2022,13,56.0,245.7001628638172,2021
00-0031800,2022_13_WAS_NYG,2022,13,275.0,192.39787518560505,2021
00-0032268,2022_13_PIT_ATL,2022,13,167.0,209.40111508420745,2021
00-0033077,2022_13_IND_DAL,2022,13,170.0,223.79439857057673,2021
00-0033106,2022_13_JAX_DET,2022,13,340.0,253.50198015877467,2021
00-0033873,2022_13_KC_CIN,2022,13,223.0,269.07594943192504,2021
00-0034401,2022_13_NYJ_MIN,2022,13,369.0,231.0973461922005,2021
00-0034577,2022_13_CLE_HOU,2022,13,201.0,201.84173354732644,2021
00-0034796,2022_13_DEN_BAL,2022,13,11.0,185.15100326860696,2021
00-0034857,2022_13_BUF_NE,2022,13,223.0,267.26856122264695,2021
00-0034899,2022_13_SEA_LA,2022,13,178.0,164.2257651605495,2021
00-0035710,2022_13_WAS_NYG,2022,13,200.0,201.1000047649236,2021
00-0035939,2022_13_SEA_LA,2022,13,0.0,153.164482099517,2021
00-0036212,2022_13_MIA_SF,2022,13,295.0,247.0465903093449,2021
00-0036355,2022_13_LAC_LV,2022,13,335.0,261.0403668250087,2021
00-0036389,2022_13_TEN_PHI,2022,13,380.0,238.9027961913488,2021
00-0036442,2022_13_KC_CIN,2022,13,286.0,263.7873163005702,2021
00-0036945,2022_13_GB_CHI,2022,13,254.0,197.12575213461997,2021
00-0036971,2022_13_JAX_DET,2022,13,179.0,266.14723995578777,2021
00-0036972,2022_13_BUF_NE,2022,13,195.0,219.35464348135235,2021
00-0037327,2022_13_MIA_SF,2022,13,0.0,169.71554228183132,2021
00-0038102,2022_13_PIT_ATL,2022,13,197.0,202.46840431056432,2021
00-0038128,2022_13_TEN_PHI,2022,13,16.0,112.36913459949464,2021
00-0019596,2022_14_TB_SF,2022,14,253.0,242.89969010242487,2021
00-0026158,2022_14_NYJ_BUF,2022,14,1.0,164.4491902671345,2021
00-0027688,2022_14_NE_ARI,2022,14,246.0,171.76983296223287,2021
00-0029263,2022_14_KC_DEN,2022,14,247.0,221.32578328518255,2021
00-0029604,2022_14_MIN_DET,2022,14,425.0,252.23611071690613,2021
00-0029701,2022_14_JAX_TEN,2022,14,254.0,214.93958062319695,2021
00-0030565,2022_14_CAR_SEA,2022,14,264.0,250.5646207126847,2021
00-0031280,2022_14_LV_LA,2022,14,137.0,230.811207327945,2021
00-0033077,2022_14_HOU_DAL,2022,14,284.0,200.76117926617405,2021
00-0033106,2022_14_MIN_DET,2022,14,330.0,235.99013818442316,2021
00-0033119,2022_14_CLE_CIN,2022,14,0.0,196.848294446752,2021
00-0033537,2022_14_CLE_CIN,2022,14,276.0,141.90010621888422,2021
00-0033869,2022_14_BAL_PIT,2022,14,276.0,143.11757567042807,2021
00-0033873,2022_14_KC_DEN,2022,14,352.0,256.45843574803547,2021
00-0034401,2022_14_NYJ_BUF,2022,14,268.0,212.69135733431463,2021
00-0034855,2022_14_LV_LA,2022,14,230.0,132.1784637541103,2021
00-0034857,2022_14_NYJ_BUF,2022,14,147.0,251.0444098251748,2021
00-0034869,2022_14_CAR_SEA,2022,14,120.0,167.67268667130543,2021
00-0034955,2022_14_KC_DEN,2022,14,16.0,137.40298844347618,2021
00-0035228,2022_14_NE_ARI,2022,14,9.0,226.1626437668794,2021
00-0035710,2022_14_PHI_NYG,2022,14,169.0,190.2096379604871,2021
00-0035993,2022_14_BAL_PIT,2022,14,88.0,170.28694768381112,2021
00-0036212,2022_14_MIA_LAC,2022,14,145.0,274.1946021772128,2021
00-0036355,2022_14_MIA_LAC,2022,14,367.0,282.57286241332844,2021
00-0036389,2022_14_PHI_NYG,2022,14,217.0,233.4183768166092,2021
00-0036442,2022_14_CLE_CIN,2022,14,239.0,262.63058544053735,2021
00-0036898,2022_14_HOU_DAL,2022,14,175.0,189.69715827744423,2021
00-0036971,2022_14_JAX_TEN,2022,14,368.0,220.72452953481385,2021
00-0036972,2022_14_NE_ARI,2022,14,235.0,234.49740704332265,2021
00-0037834,2022_14_TB_SF,2022,14,185.0,188.90606102433915,2021
00-0038102,2022_14_BAL_PIT,2022,14,0.0,198.9655404663736,2021
00-0019596,2022_15_CIN_TB,2022,15,312.0,259.6543296163646,2021
00-0023459,2022_15_LA_GB,2022,15,229.0,199.2149197085199,2021
00-0026143,2022_15_IND_MIN,2022,15,182.0,243.01401055232927,2021
00-0027688,2022_15_ARI_DEN,2022,15,78.0,172.6766684102137,2021
00-0027973,2022_15_ATL_NO,2022,15,151.0,208.95196473705553,2021
00-0029604,2022_15_IND_MIN,2022,15,460.0,248.6100890654016,2021
00-0029701,2022_15_TEN_LAC,2022,15,165.0,236.5707397979565,2021
00-0030565,2022_15_SF_SEA,2022,15,238.0,263.58380418102917,2021
00-0031280,2022_15_NE_LV,2022,15,231.0,225.3668682552772,2021
00-0031800,2022_15_NYG_WAS,2022,15,249.0,171.7532179358212,2021
00-0032436,2022_15_KC_HOU,2022,15,8.0,186.41403835719856,2021
00-0033077,2022_15_DAL_JAX,2022,15,256.0,238.62191729614048,2021
00-0033106,2022_15_DET_NYJ,2022,15,252.0,241.36948126174536,2021
00-0033119,2022_15_BAL_CLE,2022,15,0.0,198.3476255860941,2021
00-0033537,2022_15_BAL_CLE,2022,15,161.0,158.34693418580738,2021
00-0033869,2022_15_PIT_CAR,2022,15,179.0,198.58868295400927,2021
00-0033873,2022_15_KC_HOU,2022,15,336.0,262.9337119342236,2021
00-0034855,2022_15_LA_GB,2022,15,111.0,178.1355344855415,2021
00-0034857,2022_15_MIA_BUF,2022,15,304.0,255.2727361596303,2021
00-0034869,2022_15_PIT_CAR,2022,15,225.0,194.29268023437135,2021
00-0034955,2022_15_ARI_DEN,2022,15,197.0,142.83194147204304,2021
00-0035710,2022_15_NYG_WAS,2022,15,160.0,213.3266103984686,2021
00-0035993,2022_15_BAL_CLE,2022,15,138.0,189.54006872074768,2021
00-0036212,2022_15_MIA_BUF,2022,15,234.0,246.6548796846755,2021
00-0036355,2022_15_TEN_LAC,2022,15,313.0,267.3969647921162,2021
00-0036389,2022_15_PHI_CHI,2022,15,315.0,232.8032046763109,2021
00-0036442,2022_15_CIN_TB,2022,15,200.0,263.5579084132928,2021
00-0036898,2022_15_KC_HOU,2022,15,121.0,219.97813689433312,2021
00-0036945,2022_15_PHI_CHI,2022,15,152.0,190.6025892752325,2021
00-0036971,2022_15_DAL_JAX,2022,15,318.0,239.178208423342,2021
00-0036972,2022_15_NE_LV,2022,15,112.0,205.370894753565,2021
00-0037013,2022_15_DET_NYJ,2022,15,317.0,161.22460214906306,2021
00-0037834,2022_15_SF_SEA,2022,15,217.0,234.9500195759248,2021
00-0038128,2022_15_TEN_LAC,2022,15,20.0,113.38494496481508,2021
00-0019596,2022_16_TB_ARI,2022,16,281.0,257.05775438994766,2021
00-0023459,2022_16_GB_MIA,2022,16,238.0,231.7677602119003,2021
00-0027973,2022_16_NO_CLE,2022,16,92.0,221.6049024647789,2021
00-0029263,2022_16_DEN_LA,2022,16,214.0,196.8953206196982,2021
00-0029604,2022_16_NYG_MIN,2022,16,299.0,283.73792405104143,2021
00-0030565,2022_16_SEA_KC,2022,16,215.0,255.08516576127937,2021
00-0031280,2022_16_LV_PIT,2022,16,174.0,207.0160050475652,2021
00-0031800,2022_16_WAS_SF,2022,16,166.0,207.84631332132923,2021
00-0032436,2022_16_HOU_TEN,2022,16,40.0,175.3279362610247,2021
00-0032950,2022_16_WAS_SF,2022,16,123.0,151.36229145474238,2021
00-0033077,2022_16_PHI_DAL,2022,16,347.0,211.55391531857111,2021
00-0033106,2022_16_DET_CAR,2022,16,355.0,255.20793903035076,2021
00-0033537,2022_16_NO_CLE,2022,16,135.0,181.766861766034,2021
00-0033873,2022_16_SEA_KC,2022,16,224.0,269.72000377643474,2021
00-0034855,2022_16_DEN_LA,2022,16,230.0,167.21762368643584,2021
00-0034857,2022_16_BUF_CHI,2022,16,172.0,255.6985966556983,2021
00-0034869,2022_16_DET_CAR,2022,16,250.0,199.71150743028443,2021
00-0034955,2022_16_DEN_LA,2022,16,45.0,199.459442716211,2021
00-0035146,2022_16_TB_ARI,2022,16,217.0,154.98482587513072,2021
00-0035710,2022_16_NYG_MIN,2022,16,334.0,222.17278238476777,2021
00-0035939,2022_16_DEN_LA,2022,16,0.0,121.16884630031768,2021
00-0035993,2022_16_ATL_BAL,2022,16,115.0,188.3611857221472,2021
00-0036212,2022_16_GB_MIA,2022,16,310.0,270.88055111956305,2021
00-0036355,2022_16_LAC_IND,2022,16,235.0,257.3795995447288,2021
00-0036442,2022_16_CIN_NE,2022,16,375.0,255.54883876128247,2021
00-0036898,2022_16_HOU_TEN,2022,16,178.0,227.36514208398492,2021
00-0036945,2022_16_BUF_CHI,2022,16,119.0,186.24020970568375,2021
00-0036971,2022_16_JAX_NYJ,2022,16,229.0,215.33126870466236,2021
00-0036972,2022_16_CIN_NE,2022,16,240.0,199.602425237374,2021
00-0037013,2022_16_JAX_NYJ,2022,16,92.0,177.9623576217883,2021
00-0037834,2022_16_WAS_SF,2022,16,234.0,226.3963228582328,2021
00-0038102,2022_16_LV_PIT,2022,16,244.0,178.15587430644146,2021
00-0038122,2022_16_ATL_BAL,2022,16,218.0,158.2031789069988,2021
00-0038128,2022_16_HOU_TEN,2022,16,99.0,141.98114951312087,2021
00-0019596,2022_17_CAR_TB,2022,17,432.0,249.54257567126365,2021
00-0023459,2022_17_MIN_GB,2022,17,159.0,234.9888654333879,2021
00-0027973,2022_17_NO_PHI,2022,17,205.0,194.03355014723005,2021
00-0029263,2022_17_DEN_KC,2022,17,222.0,220.37178428413424,2021
00-0029567,2022_17_IND_NYG,2022,17,81.0,175.13529087740926,2021
00-0029604,2022_17_MIN_GB,2022,17,205.0,272.9784029181161,2021
00-0030565,2022_17_NYJ_SEA,2022,17,183.0,239.91262036130428,2021
00-0031237,2022_17_MIA_NE,2022,17,161.0,177.50901223364343,2021
00-0032436,2022_17_JAX_HOU,2022,17,9.0,178.24122077106242,2021
00-0032950,2022_17_CLE_WAS,2022,17,143.0,174.95484482978313,2021
00-0033077,2022_17_DAL_TEN,2022,17,282.0,231.84142358276517,2021
00-0033106,2022_17_CHI_DET,2022,17,255.0,277.6946170404156,2021
00-0033119,2022_17_CLE_WAS,2022,17,0.0,193.12489327124337,2021
00-0033537,2022_17_CLE_WAS,2022,17,169.0,151.8429314534063,2021
00-0033873,2022_17_DEN_KC,2022,17,328.0,257.38144027355446,2021
00-0034401,2022_17_NYJ_SEA,2022,17,240.0,182.8146302641859,2021
00-0034855,2022_17_LA_LAC,2022,17,132.0,193.4079530419416,2021
00-0034869,2022_17_CAR_TB,2022,17,341.0,204.46197214125257,2021
00-0035289,2022_17_NO_PHI,2022,17,274.0,204.3633750631757,2021
00-0035710,2022_17_IND_NYG,2022,17,177.0,188.76184937874748,2021
00-0035993,2022_17_PIT_BAL,2022,17,130.0,194.19999076346508,2021
00-0036355,2022_17_LA_LAC,2022,17,212.0,240.89483732459104,2021
00-0036879,2022_17_IND_NYG,2022,17,60.0,136.24093175400805,2021
00-0036898,2022_17_JAX_HOU,2022,17,202.0,221.4980119354248,2021
00-0036945,2022_17_CHI_DET,2022,17,75.0,219.70740741246604,2021
00-0036971,2022_17_JAX_HOU,2022,17,152.0,219.5368982161993,2021
00-0036972,2022_17_MIA_NE,2022,17,204.0,202.83832823196815,2021
00-0037327,2022_17_MIA_NE,2022,17,104.0,114.8289354675808,2021
00-0037834,2022_17_SF_LV,2022,17,284.0,209.6070158754402,2021
00-0038102,2022_17_PIT_BAL,2022,17,168.0,191.74307862783616,2021
00-0038122,2022_17_ARI_ATL,2022,17,169.0,168.26306243682313,2021
00-0019596,2022_18_TB_ATL,2022,18,84.0,265.56442357945065,2021
00-0023459,2022_18_DET_GB,2022,18,205.0,255.17167586128528,2021
00-0026158,2022_18_NYJ_MIA,2022,18,149.0,148.42923069154898,2021
00-0027973,2022_18_CAR_NO,2022,18,171.0,209.27678745194703,2021
00-0029263,2022_18_LAC_DEN,2022,18,283.0,216.70548664549017,2021
00-0029604,2022_18_MIN_CHI,2022,18,225.0,242.5760488612085,2021
00-0030565,2022_18_LA_SEA,2022,18,213.0,234.8274357398559,2021
00-0032436,2022_18_HOU_IND,2022,18,13.0,174.08532466677732,2021
00-0033077,2022_18_DAL_WAS,2022,18,128.0,214.66168299398828,2021
00-0033106,2022_18_DET_GB,2022,18,224.0,272.081021723666,2021
00-0033537,2022_18_CLE_PIT,2022,18,230.0,169.3444366410281,2021
00-0033662,2022_18_DAL_WAS,2022,18,0.0,114.84026021785672,2021
00-0033873,2022_18_KC_LV,2022,18,202.0,273.02759276736003,2021
00-0033949,2022_18_TEN_JAX,2022,18,179.0,168.84400747479197,2021
00-0034855,2022_18_LA_SEA,2022,18,147.0,187.4461913444913,2021
00-0034857,2022_18_NE_BUF,2022,18,254.0,253.3913700701553,2021
00-0034869,2022_18_CAR_NO,2022,18,43.0,192.56060549300412,2021
00-0035040,2022_18_ARI_SF,2022,18,180.0,176.3002751458397,2021
00-0035146,2022_18_ARI_SF,2022,18,29.0,137.68289139407054,2021
00-0035264,2022_18_KC_LV,2022,18,219.0,211.54311514806537,2021
00-0036355,2022_18_LAC_DEN,2022,18,273.0,239.91905934842163,2021
00-0036389,2022_18_NYG_PHI,2022,18,229.0,219.97640124997815,2021
00-0036442,2022_18_BAL_CIN,2022,18,215.0,251.05726873607009,2021
00-0036879,2022_18_HOU_IND,2022,18,209.0,180.26021951886605,2021
00-0036898,2022_18_HOU_IND,2022,18,298.0,196.93275249549396,2021
00-0036971,2022_18_TEN_JAX,2022,18,212.0,213.9026845255086,2021
00-0036972,2022_18_NE_BUF,2022,18,243.0,209.0045456150289,2021
00-0037175,2022_18_BAL_CIN,2022,18,286.0,116.04420795894444,2021
00-0037327,2022_18_NYJ_MIA,2022,18,152.0,162.11009130858727,2021
00-0037834,2022_18_ARI_SF,2022,18,178.0,206.59503713184205,2021
00-0038102,2022_18_CLE_PIT,2022,18,195.0,197.34777227728307,2021
00-0038122,2022_18_TB_ATL,2022,18,224.0,179.96289301509086,2021
00-0019596,2022_19_DAL_TB,2022,19,351.0,252.0469405079934,2021
00-0029604,2022_19_NYG_MIN,2022,19,273.0,256.44392909437596,2021
00-0030565,2022_19_SEA_SF,2022,19,253.0,209.970739311751,2021
00-0033077,2022_19_DAL_TB,2022,19,305.0,231.86241252297444,2021
00-0034857,2022_19_MIA_BUF,2022,19,352.0,249.2504319432787,2021
00-0035710,2022_19_NYG_MIN,2022,19,301.0,219.2815407989347,2021
00-0035993,2022_19_BAL_CIN,2022,19,226.0,172.75582282793832,2021
00-0036355,2022_19_LAC_JAX,2022,19,273.0,269.01907896792113,2021
00-0036442,2022_19_BAL_CIN,2022,19,209.0,238.00212991226095,2021
00-0036971,2022_19_LAC_JAX,2022,19,288.0,231.3216752324669,2021
00-0037327,2022_19_MIA_BUF,2022,19,220.0,192.28172063101007,2021
00-0037834,2022_19_SEA_SF,2022,19,332.0,228.9023918877081,2021
00-0033077,2022_20_DAL_SF,2022,20,206.0,232.69239680470008,2021
00-0033873,2022_20_JAX_KC,2022,20,195.0,265.5503045493414,2021
00-0034857,2022_20_CIN_BUF,2022,20,264.0,260.2051146976192,2021
00-0035710,2022_20_NYG_PHI,2022,20,135.0,209.84269675849708,2021
00-0036389,2022_20_NYG_PHI,2022,20,154.0,224.5966309073204,2021
00-0036442,2022_20_CIN_BUF,2022,20,242.0,239.1394239470474,2021
00-0036971,2022_20_JAX_KC,2022,20,217.0,246.27862876095747,2021
00-0037834,2022_20_DAL_SF,2022,20,214.0,219.9851424009501,2021
00-0033873,2022_21_CIN_KC,2022,21,326.0,266.57852521990526,2021
00-0035289,2022_21_SF_PHI,2022,21,0.0,159.8426309369935,2021
00-0036389,2022_21_SF_PHI,2022,21,121.0,199.72355139284613,2021
00-0036442,2022_21_CIN_KC,2022,21,270.0,249.47098600748316,2021
00-0037834,2022_21_SF_PHI,2022,21,23.0,204.09708067784553,2021
00-0033873,2022_22_KC_PHI,2022,22,182.0,267.280614147237,2021
00-0036389,2022_22_KC_PHI,2022,22,304.0,225.27875289887513,2021
00-0026498,2023_02_SF_LA,2023,2,307.0,241.07252083300293,2022
00-0029263,2023_02_WAS_DEN,2023,2,308.0,207.90886283502343,2022
00-0029604,2023_02_MIN_PHI,2023,2,364.0,240.9773132608559,2022
00-0029701,2023_02_LAC_TEN,2023,2,246.0,202.02070436693592,2022
00-0030565,2023_02_SEA_DET,2023,2,328.0,207.97476844680807,2022
00-0031280,2023_02_NO_CAR,2023,2,228.0,220.24861490410385,2022
00-0031345,2023_02_LV_BUF,2023,2,185.0,219.8451331636119,2022
00-0033077,2023_02_NYJ_DAL,2023,2,255.0,186.54495505791328,2022
00-0033106,2023_02_SEA_DET,2023,2,323.0,261.52815516445844,2022
00-0033537,2023_02_CLE_PIT,2023,2,235.0,175.07993834924451,2022
00-0033873,2023_02_KC_JAX,2023,2,305.0,223.25392909442135,2022
00-0033949,2023_02_NYG_ARI,2023,2,228.0,222.37675909105377,2022
00-0034796,2023_02_BAL_CIN,2023,2,237.0,219.11793861251417,2022
00-0034855,2023_02_CHI_TB,2023,2,317.0,237.6313738843202,2022
00-0034857,2023_02_LV_BUF,2023,2,274.0,242.19615009124183,2022
00-0035710,2023_02_NYG_ARI,2023,2,321.0,159.33809395734977,2022
00-0036212,2023_02_MIA_NE,2023,2,249.0,256.75377218842743,2022
00-0036264,2023_02_GB_ATL,2023,2,151.0,212.3135745684453,2022
00-0036355,2023_02_LAC_TEN,2023,2,305.0,262.1063210199566,2022
00-0036389,2023_02_MIN_PHI,2023,2,193.0,216.81539216886364,2022
00-0036442,2023_02_BAL_CIN,2023,2,222.0,183.507210650236,2022
00-0036945,2023_02_CHI_TB,2023,2,211.0,184.6903534464834,2022
00-0036971,2023_02_KC_JAX,2023,2,216.0,238.4494907721022,2022
00-0036972,2023_02_MIA_NE,2023,2,231.0,256.0704908157603,2022
00-0037013,2023_02_NYJ_DAL,2023,2,170.0,201.22796698300763,2022
00-0037077,2023_02_WAS_DEN,2023,2,299.0,203.1481447750905,2022
00-0037834,2023_02_SF_LA,2023,2,206.0,223.75333054152745,2022
00-0038102,2023_02_CLE_PIT,2023,2,222.0,213.85231134192557,2022
00-0038122,2023_02_GB_ATL,2023,2,237.0,225.4808377002175,2022
00-0039150,2023_02_NO_CAR,2023,2,153.0,195.04051120147992,2022
00-0039163,2023_02_IND_HOU,2023,2,384.0,199.10276928935093,2022
00-0039164,2023_02_IND_HOU,2023,2,56.0,194.31215262381556,2022
00-0026498,2023_03_LA_CIN,2023,3,269.0,254.79593902899964,2022
00-0029263,2023_03_DEN_MIA,2023,3,306.0,245.9186966426641,2022
00-0029604,2023_03_LAC_MIN,2023,3,367.0,264.39802756058066,2022
00-0029701,2023_03_TEN_CLE,2023,3,104.0,189.3833639312951,2022
00-0030565,2023_03_CAR_SEA,2023,3,296.0,218.15691571449153,2022
00-0031280,2023_03_NO_GB,2023,3,103.0,239.15580684710704,2022
00-0031345,2023_03_PIT_LV,2023,3,324.0,240.39561352206292,2022
00-0033077,2023_03_DAL_ARI,2023,3,249.0,238.2304939649624,2022
00-0033106,2023_03_ATL_DET,2023,3,243.0,255.47908410653577,2022
00-0033537,2023_03_TEN_CLE,2023,3,289.0,188.9509845438016,2022
00-0033873,2023_03_CHI_KC,2023,3,272.0,253.8707091523212,2022
00-0033949,2023_03_DAL_ARI,2023,3,189.0,230.0986672236128,2022
00-0034796,2023_03_IND_BAL,2023,3,202.0,214.93587785280388,2022
00-0034855,2023_03_PHI_TB,2023,3,146.0,249.53026150461605,2022
00-0034857,2023_03_BUF_WAS,2023,3,218.0,234.63274759898033,2022
00-0035289,2023_03_IND_BAL,2023,3,227.0,217.86112491931507,2022
00-0035710,2023_03_NYG_SF,2023,3,137.0,202.28625016568708,2022
00-0036212,2023_03_DEN_MIA,2023,3,309.0,270.9832916350088,2022
00-0036264,2023_03_NO_GB,2023,3,259.0,205.16070299421168,2022
00-0036355,2023_03_LAC_MIN,2023,3,405.0,276.0634815335715,2022
00-0036389,2023_03_PHI_TB,2023,3,277.0,218.3898136585452,2022
00-0036442,2023_03_LA_CIN,2023,3,259.0,207.61718881782133,2022
00-0036945,2023_03_CHI_KC,2023,3,99.0,204.5999097039665,2022
00-0036971,2023_03_HOU_JAX,2023,3,279.0,224.21652564771824,2022
00-0036972,2023_03_NE_NYJ,2023,3,201.0,227.2888548617495,2022
00-0037013,2023_03_NE_NYJ,2023,3,157.0,161.51585203864275,2022
00-0037077,2023_03_BUF_WAS,2023,3,170.0,231.1924163920645,2022
00-0037834,2023_03_NYG_SF,2023,3,310.0,233.99975686160485,2022
00-0038102,2023_03_PIT_LV,2023,3,235.0,231.23838789816503,2022
00-0038122,2023_03_ATL_DET,2023,3,201.0,221.84526292603329,2022
00-0039163,2023_03_HOU_JAX,2023,3,280.0,254.13049010146804,2022
00-0026498,2023_04_LA_IND,2023,4,319.0,253.2780573737063,2022
00-0029263,2023_04_DEN_CHI,2023,4,223.0,237.8533071143854,2022
00-0029604,2023_04_MIN_CAR,2023,4,139.0,243.6817609928306,2022
00-0029701,2023_04_CIN_TEN,2023,4,240.0,196.2472357465508,2022
00-0030565,2023_04_SEA_NYG,2023,4,110.0,247.04414183033484,2022
00-0031280,2023_04_TB_NO,2023,4,127.0,228.7572011655639,2022
00-0031503,2023_04_TB_NO,2023,4,0.0,189.23180216405183,2022
00-0033077,2023_04_NE_DAL,2023,4,261.0,205.8049893225572,2022
00-0033106,2023_04_DET_GB,2023,4,210.0,267.13480050317645,2022
00-0033873,2023_04_KC_NYJ,2023,4,203.0,241.71935807367413,2022
00-0033949,2023_04_ARI_SF,2023,4,265.0,211.47206523786144,2022
00-0034796,2023_04_BAL_CLE,2023,4,186.0,189.24321376080275,2022
00-0034855,2023_04_TB_NO,2023,4,246.0,212.79137970347057,2022
00-0034857,2023_04_MIA_BUF,2023,4,320.0,241.13390669781228,2022
00-0035710,2023_04_SEA_NYG,2023,4,203.0,215.21976379470428,2022
00-0036212,2023_04_MIA_BUF,2023,4,282.0,242.76759900378207,2022
00-0036264,2023_04_DET_GB,2023,4,246.0,193.03635699084433,2022
00-0036355,2023_04_LV_LAC,2023,4,167.0,253.8197027789931,2022
00-0036389,2023_04_WAS_PHI,2023,4,319.0,210.03593647948895,2022
00-0036442,2023_04_CIN_TEN,2023,4,165.0,201.24621608147064,2022
00-0036945,2023_04_DEN_CHI,2023,4,335.0,194.30028935388077,2022
00-0036971,2023_04_ATL_JAX,2023,4,207.0,230.86293818545704,2022
00-0036972,2023_04_NE_DAL,2023,4,150.0,236.3896823392273,2022
00-0037013,2023_04_KC_NYJ,2023,4,245.0,173.84532400878084,2022
00-0037077,2023_04_WAS_PHI,2023,4,290.0,224.09086250648008,2022
00-0037834,2023_04_ARI_SF,2023,4,283.0,241.35783618227728,2022
00-0038102,2023_04_PIT_HOU,2023,4,114.0,218.2786220872511,2022
00-0038122,2023_04_ATL_JAX,2023,4,191.0,225.66840226337115,2022
00-0039150,2023_04_MIN_CAR,2023,4,204.0,206.1034659715228,2022
00-0039163,2023_04_PIT_HOU,2023,4,306.0,253.40327925635117,2022
00-0039164,2023_04_LA_IND,2023,4,200.0,145.74085760742972,2022
00-0026498,2023_05_PHI_LA,2023,5,222.0,272.0707640203453,2022
00-0027973,2023_05_CAR_DET,2023,5,0.0,198.7952798409848,2022
00-0029263,2023_05_NYJ_DEN,2023,5,196.0,228.98474930734585,2022
00-0029604,2023_05_KC_MIN,2023,5,284.0,250.06483719324072,2022
00-0029701,2023_05_TEN_IND,2023,5,264.0,228.0532230080863,2022
00-0031280,2023_05_NO_NE,2023,5,183.0,210.8740633954373,2022
00-0031345,2023_05_GB_LV,2023,5,208.0,218.33093510976045,2022
00-0031503,2023_05_NO_NE,2023,5,0.0,161.6903970386352,2022
00-0033077,2023_05_DAL_SF,2023,5,153.0,227.8372288322396,2022
00-0033106,2023_05_CAR_DET,2023,5,236.0,239.33244994225555,2022
00-0033873,2023_05_KC_MIN,2023,5,281.0,235.8165229684864,2022
00-0033949,2023_05_CIN_ARI,2023,5,166.0,229.24624987395345,2022
00-0034796,2023_05_BAL_PIT,2023,5,236.0,208.2901717825688,2022
00-0034857,2023_05_JAX_BUF,2023,5,359.0,280.19968853540905,2022
00-0035289,2023_05_TEN_IND,2023,5,155.0,194.84298830588185,2022
00-0035710,2023_05_NYG_MIA,2023,5,119.0,208.0375539778653,2022
00-0036212,2023_05_NYG_MIA,2023,5,308.0,259.02964028261437,2022
00-0036264,2023_05_GB_LV,2023,5,182.0,229.30344414845757,2022
00-0036389,2023_05_PHI_LA,2023,5,303.0,223.84552900488143,2022
00-0036442,2023_05_CIN_ARI,2023,5,317.0,223.92521949472965,2022
00-0036945,2023_05_CHI_WAS,2023,5,282.0,218.9985379336252,2022
00-0036971,2023_05_JAX_BUF,2023,5,315.0,221.9344046524872,2022
00-0036972,2023_05_NO_NE,2023,5,110.0,188.93656263935276,2022
00-0037013,2023_05_NYJ_DEN,2023,5,199.0,240.31800537684393,2022
00-0037077,2023_05_CHI_WAS,2023,5,388.0,232.91581576944895,2022
00-0037834,2023_05_DAL_SF,2023,5,252.0,225.7585648542639,2022
00-0038102,2023_05_BAL_PIT,2023,5,224.0,195.12272641242433,2022
00-0038122,2023_05_HOU_ATL,2023,5,329.0,211.99684733584292,2022
00-0039150,2023_05_CAR_DET,2023,5,247.0,215.11280576322056,2022
00-0039163,2023_05_HOU_ATL,2023,5,249.0,270.97209326100494,2022
00-0039164,2023_05_TEN_IND,2023,5,98.0,197.01474468411547,2022
00-0026498,2023_06_ARI_LA,2023,6,226.0,277.8513805751931,2022
00-0029263,2023_06_DEN_KC,2023,6,95.0,232.18617384905383,2022
00-0029604,2023_06_MIN_CHI,2023,6,181.0,246.7116054912888,2022
00-0029701,2023_06_BAL_TEN,2023,6,76.0,207.3175351079876,2022
00-0030565,2023_06_SEA_CIN,2023,6,326.0,211.7014516939936,2022
00-0031280,2023_06_NO_HOU,2023,6,353.0,256.5371164289809,2022
00-0031345,2023_06_NE_LV,2023,6,162.0,236.62083890244597,2022
00-0033077,2023_06_DAL_LAC,2023,6,272.0,231.81797646273495,2022
00-0033106,2023_06_DET_TB,2023,6,353.0,237.2623158583885,2022
00-0033873,2023_06_DEN_KC,2023,6,306.0,251.31901746788128,2022
00-0033949,2023_06_ARI_LA,2023,6,235.0,220.29048980474596,2022
00-0034796,2023_06_BAL_TEN,2023,6,223.0,209.15793937576953,2022
00-0034855,2023_06_DET_TB,2023,6,206.0,220.38673156158788,2022
00-0034857,2023_06_NYG_BUF,2023,6,169.0,263.9987649837132,2022
00-0035289,2023_06_IND_JAX,2023,6,329.0,227.2681293171692,2022
00-0036212,2023_06_CAR_MIA,2023,6,262.0,241.21126368041104,2022
00-0036355,2023_06_DAL_LAC,2023,6,227.0,255.71531763442087,2022
00-0036389,2023_06_PHI_NYJ,2023,6,280.0,228.48580008257716,2022
00-0036442,2023_06_SEA_CIN,2023,6,185.0,252.11824401432625,2022
00-0036945,2023_06_MIN_CHI,2023,6,58.0,229.16258729287696,2022
00-0036971,2023_06_IND_JAX,2023,6,181.0,236.37765202895747,2022
00-0036972,2023_06_NE_LV,2023,6,200.0,202.4126511575634,2022
00-0037013,2023_06_PHI_NYJ,2023,6,186.0,242.46177372228797,2022
00-0037077,2023_06_WAS_ATL,2023,6,151.0,244.5449515346234,2022
00-0037834,2023_06_SF_CLE,2023,6,125.0,211.5580533190181,2022
00-0038122,2023_06_WAS_ATL,2023,6,307.0,222.87045277320013,2022
00-0039150,2023_06_CAR_MIA,2023,6,217.0,222.74753110464945,2022
00-0039163,2023_06_NO_HOU,2023,6,199.0,255.37358058942036,2022
00-0026498,2023_07_PIT_LA,2023,7,231.0,270.19846439118834,2022
00-0026625,2023_07_LV_CHI,2023,7,129.0,188.0618051573972,2022
00-0028118,2023_07_WAS_NYG,2023,7,279.0,153.81001595923814,2022
00-0029263,2023_07_GB_DEN,2023,7,194.0,211.53744783866583,2022
00-0029604,2023_07_SF_MIN,2023,7,378.0,237.6798199160889,2022
00-0030565,2023_07_ARI_SEA,2023,7,219.0,225.88159105758132,2022
00-0031280,2023_07_JAX_NO,2023,7,301.0,223.7588628168684,2022
00-0033106,2023_07_DET_BAL,2023,7,284.0,232.56784644714904,2022
00-0033275,2023_07_CLE_IND,2023,7,178.0,170.983619577572,2022
00-0033537,2023_07_CLE_IND,2023,7,5.0,197.42775368347657,2022
00-0033873,2023_07_LAC_KC,2023,7,424.0,252.17875882252963,2022
00-0033949,2023_07_ARI_SEA,2023,7,146.0,208.5882495947476,2022
00-0034796,2023_07_DET_BAL,2023,7,357.0,197.78630236722316,2022
00-0034855,2023_07_ATL_TB,2023,7,275.0,192.43409801844743,2022
00-0034857,2023_07_BUF_NE,2023,7,265.0,242.4396759887773,2022
00-0035289,2023_07_CLE_IND,2023,7,305.0,219.6039355550515,2022
00-0036212,2023_07_MIA_PHI,2023,7,216.0,265.5298549481054,2022
00-0036264,2023_07_GB_DEN,2023,7,180.0,189.72055393242815,2022
00-0036355,2023_07_LAC_KC,2023,7,259.0,251.75214731676817,2022
00-0036389,2023_07_MIA_PHI,2023,7,279.0,246.251202412614,2022
00-0036971,2023_07_JAX_NO,2023,7,204.0,213.09873683024148,2022
00-0036972,2023_07_BUF_NE,2023,7,272.0,199.3114806400219,2022
00-0037077,2023_07_WAS_NYG,2023,7,249.0,211.2116026429597,2022
00-0037834,2023_07_SF_MIN,2023,7,272.0,242.56334574853693,2022
00-0038102,2023_07_PIT_LA,2023,7,230.0,196.65998953048137,2022
00-0038122,2023_07_ATL_TB,2023,7,250.0,207.317202233376,2022
00-0038416,2023_07_LV_CHI,2023,7,162.0,184.9754522983281,2022
00-0038579,2023_07_LV_CHI,2023,7,75.0,146.29610351261795,2022
00-0026498,2023_08_LA_DAL,2023,8,162.0,226.99442892805385,2022
00-0028118,2023_08_NYJ_NYG,2023,8,8.0,168.2716547782447,2022
00-0029263,2023_08_KC_DEN,2023,8,114.0,207.04348697056065,2022
00-0029604,2023_08_MIN_GB,2023,8,274.0,233.62617871861823,2022
00-0030565,2023_08_CLE_SEA,2023,8,254.0,213.73004808796284,2022
00-0031280,2023_08_NO_IND,2023,8,310.0,239.70298060800656,2022
00-0031345,2023_08_LV_DET,2023,8,126.0,206.59588725661828,2022
00-0033077,2023_08_LA_DAL,2023,8,304.0,204.48115351606324,2022
00-0033106,2023_08_LV_DET,2023,8,272.0,254.3117283903943,2022
00-0033275,2023_08_CLE_SEA,2023,8,248.0,172.4627918886664,2022
00-0033873,2023_08_KC_DEN,2023,8,240.0,281.614451500256,2022
00-0033949,2023_08_BAL_ARI,2023,8,208.0,197.45295974265375,2022
00-0034796,2023_08_BAL_ARI,2023,8,157.0,228.69933622810635,2022
00-0034855,2023_08_TB_BUF,2023,8,237.0,208.10576195362069,2022
00-0034857,2023_08_TB_BUF,2023,8,324.0,259.21856001540004,2022
00-0035289,2023_08_NO_IND,2023,8,213.0,242.09366773104188,2022
00-0036212,2023_08_NE_MIA,2023,8,324.0,246.43967342303787,2022
00-0036264,2023_08_MIN_GB,2023,8,229.0,202.76262089459243,2022
00-0036355,2023_08_CHI_LAC,2023,8,298.0,269.87207089767554,2022
00-0036389,2023_08_PHI_WAS,2023,8,319.0,232.85589896117895,2022
00-0036442,2023_08_CIN_SF,2023,8,283.0,213.77905429290743,2022
00-0036971,2023_08_JAX_PIT,2023,8,292.0,208.0963769572791,2022
00-0036972,2023_08_NE_MIA,2023,8,161.0,221.49085632646313,2022
00-0037013,2023_08_NYJ_NYG,2023,8,240.0,188.30478445086277,2022
00-0037077,2023_08_PHI_WAS,2023,8,397.0,234.0084310742136,2022
00-0037834,2023_08_CIN_SF,2023,8,365.0,230.24977924580915,2022
00-0038102,2023_08_JAX_PIT,2023,8,73.0,225.2767904661601,2022
00-0038122,2023_08_ATL_TEN,2023,8,71.0,202.651244580165,2022
00-0038416,2023_08_CHI_LAC,2023,8,232.0,215.544180588073,2022
00-0038583,2023_08_CLE_SEA,2023,8,9.0,128.4257793197886,2022
00-0039150,2023_08_HOU_CAR,2023,8,235.0,213.60982540062557,2022
00-0039163,2023_08_HOU_CAR,2023,8,140.0,238.93547473567793,2022
00-0030565,2023_09_SEA_BAL,2023,9,157.0,221.10021814975923,2022
00-0031280,2023_09_CHI_NO,2023,9,211.0,245.51824959413145,2022
00-0031800,2023_09_MIN_ATL,2023,9,268.0,211.52543574129444,2022
00-0033077,2023_09_DAL_PHI,2023,9,374.0,242.29507608644863,2022
00-0033537,2023_09_ARI_CLE,2023,9,219.0,199.4763806167476,2022
00-0033873,2023_09_MIA_KC,2023,9,185.0,270.54413359265334,2022
00-0033949,2023_09_MIN_ATL,2023,9,158.0,176.1232540548778,2022
00-0034796,2023_09_SEA_BAL,2023,9,187.0,211.86163091779585,2022
00-0034855,2023_09_TB_HOU,2023,9,265.0,213.30645887031253,2022
00-0034857,2023_09_BUF_CIN,2023,9,258.0,273.42300627560456,2022
00-0035289,2023_09_IND_CAR,2023,9,127.0,232.27010719470192,2022
00-0035710,2023_09_NYG_LV,2023,9,25.0,175.62631586780782,2022
00-0036212,2023_09_MIA_KC,2023,9,193.0,248.01313865846708,2022
00-0036264,2023_09_LA_GB,2023,9,228.0,191.16401215091295,2022
00-0036355,2023_09_LAC_NYJ,2023,9,136.0,245.3683462128554,2022
00-0036389,2023_09_DAL_PHI,2023,9,207.0,233.073560351128,2022
00-0036442,2023_09_BUF_CIN,2023,9,348.0,234.11999931622535,2022
00-0036972,2023_09_WAS_NE,2023,9,220.0,207.90790527179843,2022
00-0037013,2023_09_LAC_NYJ,2023,9,263.0,218.1495174046901,2022
00-0037077,2023_09_WAS_NE,2023,9,325.0,243.39062077021356,2022
00-0038102,2023_09_TEN_PIT,2023,9,160.0,201.3765560206211,2022
00-0038416,2023_09_CHI_NO,2023,9,220.0,212.8158149005459,2022
00-0038476,2023_09_NYG_LV,2023,9,175.0,160.00348601387492,2022
00-0038579,2023_09_NYG_LV,2023,9,209.0,129.49234711985773,2022
00-0039150,2023_09_IND_CAR,2023,9,173.0,223.1249942623263,2022
00-0039152,2023_09_TEN_PIT,2023,9,262.0,190.38385779407145,2022
00-0039163,2023_09_TB_HOU,2023,9,470.0,235.93180837540692,2022
00-0029263,2023_10_DEN_BUF,2023,10,193.0,206.43430378004257,2022
00-0030565,2023_10_WAS_SEA,2023,10,369.0,233.39772937363415,2022
00-0031280,2023_10_NO_MIN,2023,10,110.0,238.22854261806,2022
00-0031503,2023_10_NO_MIN,2023,10,122.0,128.8326288265785,2022
00-0031800,2023_10_ATL_ARI,2023,10,55.0,191.55667988667383,2022
00-0033077,2023_10_NYG_DAL,2023,10,404.0,219.44481053510737,2022
00-0033106,2023_10_DET_LAC,2023,10,333.0,227.91793315329332,2022
00-0033275,2023_10_CLE_BAL,2023,10,0.0,135.94295670447067,2022
00-0033537,2023_10_CLE_BAL,2023,10,213.0,194.3868770791383,2022
00-0033949,2023_10_NO_MIN,2023,10,268.0,177.7153373714412,2022
00-0034796,2023_10_CLE_BAL,2023,10,223.0,180.70489215348493,2022
00-0034855,2023_10_TEN_TB,2023,10,278.0,215.33278945606023,2022
00-0034857,2023_10_DEN_BUF,2023,10,177.0,274.2281859479103,2022
00-0035289,2023_10_IND_NE,2023,10,194.0,219.77307872612516,2022
00-0036264,2023_10_GB_PIT,2023,10,289.0,189.49123635733676,2022
00-0036355,2023_10_DET_LAC,2023,10,323.0,251.79479492482625,2022
00-0036442,2023_10_HOU_CIN,2023,10,347.0,245.61704262056145,2022
00-0036971,2023_10_SF_JAX,2023,10,185.0,187.24976279206817,2022
00-0036972,2023_10_IND_NE,2023,10,170.0,212.536289313246,2022
00-0037013,2023_10_NYJ_LV,2023,10,263.0,188.6570087722113,2022
00-0037077,2023_10_WAS_SEA,2023,10,312.0,251.61138392278303,2022
00-0037834,2023_10_SF_JAX,2023,10,296.0,221.61633127485743,2022
00-0038102,2023_10_GB_PIT,2023,10,126.0,208.03890685307212,2022
00-0038122,2023_10_ATL_ARI,2023,10,39.0,208.1272502702784,2022
00-0038416,2023_10_CAR_CHI,2023,10,162.0,187.17263681381297,2022
00-0038476,2023_10_NYG_DAL,2023,10,86.0,156.34551974183665,2022
00-0038579,2023_10_NYJ_LV,2023,10,153.0,178.54304754220257,2022
00-0038582,2023_10_ATL_ARI,2023,10,0.0,140.7334518759997,2022
00-0039150,2023_10_CAR_CHI,2023,10,185.0,205.26101231898016,2022
00-0039152,2023_10_TEN_TB,2023,10,199.0,194.49418932431544,2022
00-0039163,2023_10_HOU_CIN,2023,10,356.0,266.4196071233616,2022
00-0026498,2023_11_SEA_LA,2023,11,190.0,231.13350384591837,2022
00-0029263,2023_11_MIN_DEN,2023,11,259.0,223.1507452320067,2022
00-0030565,2023_11_SEA_LA,2023,11,233.0,245.36904947580757,2022
00-0033077,2023_11_DAL_CAR,2023,11,189.0,262.65377839556623,2022
00-0033106,2023_11_CHI_DET,2023,11,236.0,270.00164583526697,2022
00-0033873,2023_11_PHI_KC,2023,11,177.0,241.88254378925504,2022
00-0033949,2023_11_MIN_DEN,2023,11,221.0,191.12667609834227,2022
00-0034796,2023_11_CIN_BAL,2023,11,264.0,199.18825348155957,2022
00-0034855,2023_11_TB_SF,2023,11,246.0,208.5845253832089,2022
00-0034857,2023_11_NYJ_BUF,2023,11,275.0,235.13124907027824,2022
00-0035228,2023_11_ARI_HOU,2023,11,214.0,172.71678624621012,2022
00-0036212,2023_11_LV_MIA,2023,11,325.0,239.28871922391167,2022
00-0036264,2023_11_LAC_GB,2023,11,322.0,228.5236275796837,2022
00-0036355,2023_11_LAC_GB,2023,11,260.0,240.9973116433207,2022
00-0036389,2023_11_PHI_KC,2023,11,150.0,220.63773470029793,2022
00-0036442,2023_11_CIN_BAL,2023,11,101.0,231.1325001071134,2022
00-0036945,2023_11_CHI_DET,2023,11,169.0,163.61101497384473,2022
00-0036971,2023_11_TEN_JAX,2023,11,262.0,194.99670313446688,2022
00-0037013,2023_11_NYJ_BUF,2023,11,81.0,192.22274060500823,2022
00-0037077,2023_11_NYG_WAS,2023,11,256.0,240.51274764239076,2022
00-0037834,2023_11_TB_SF,2023,11,333.0,241.95045809691615,2022
00-0038102,2023_11_PIT_CLE,2023,11,106.0,198.19116119899684,2022
00-0038476,2023_11_NYG_WAS,2023,11,246.0,152.98842850608483,2022
00-0038579,2023_11_LV_MIA,2023,11,271.0,202.51672692695212,2022
00-0038583,2023_11_PIT_CLE,2023,11,165.0,116.09951081105709,2022
00-0039150,2023_11_DAL_CAR,2023,11,123.0,209.3673888416438,2022
00-0039152,2023_11_TEN_JAX,2023,11,158.0,187.18896922966593,2022
00-0039163,2023_11_ARI_HOU,2023,11,336.0,270.8203303032824,2022
00-0026498,2023_12_LA_ARI,2023,12,229.0,222.33519571463427,2022
00-0029263,2023_12_CLE_DEN,2023,12,134.0,185.02659602330368,2022
00-0030565,2023_12_SF_SEA,2023,12,180.0,221.40133600987076,2022
00-0031280,2023_12_NO_ATL,2023,12,304.0,198.40247905075583,2022
00-0033077,2023_12_WAS_DAL,2023,12,331.0,274.96979094595713,2022
00-0033106,2023_12_GB_DET,2023,12,332.0,253.0597848039868,2022
00-0033275,2023_12_CLE_DEN,2023,12,56.0,115.3355757069054,2022
00-0033873,2023_12_KC_LV,2023,12,298.0,244.84317322086252,2022
00-0033949,2023_12_CHI_MIN,2023,12,185.0,189.3330530891345,2022
00-0034796,2023_12_BAL_LAC,2023,12,177.0,213.62151304577975,2022
00-0034855,2023_12_TB_IND,2023,12,199.0,226.8588320601608,2022
00-0034857,2023_12_BUF_PHI,2023,12,339.0,262.966462917207,2022
00-0035100,2023_12_PIT_CIN,2023,12,227.0,142.99832106629503,2022
00-0035228,2023_12_LA_ARI,2023,12,256.0,178.09760243140235,2022
00-0035289,2023_12_TB_IND,2023,12,251.0,207.1939463551242,2022
00-0036212,2023_12_MIA_NYJ,2023,12,243.0,240.83077965878377,2022
00-0036264,2023_12_GB_DET,2023,12,268.0,243.24989214192112,2022
00-0036355,2023_12_BAL_LAC,2023,12,217.0,262.72187550145844,2022
00-0036389,2023_12_BUF_PHI,2023,12,200.0,216.3279816852684,2022
00-0036945,2023_12_CHI_MIN,2023,12,217.0,180.86514883307075,2022
00-0036971,2023_12_JAX_HOU,2023,12,364.0,233.14774213573097,2022
00-0036972,2023_12_NE_NYG,2023,12,89.0,175.1213054037585,2022
00-0037077,2023_12_WAS_DAL,2023,12,300.0,245.99386707698056,2022
00-0037834,2023_12_SF_SEA,2023,12,209.0,257.00829835544715,2022
00-0038102,2023_12_PIT_CIN,2023,12,278.0,202.246684685576,2022
00-0038122,2023_12_NO_ATL,2023,12,168.0,195.70702903311457,2022
00-0038476,2023_12_NE_NYG,2023,12,191.0,187.1114605292663,2022
00-0038579,2023_12_KC_LV,2023,12,248.0,200.91740362611577,2022
00-0038582,2023_12_LA_ARI,2023,12,0.0,108.55028173510274,2022
00-0038583,2023_12_CLE_DEN,2023,12,134.0,149.86571247017187,2022
00-0039150,2023_12_CAR_TEN,2023,12,194.0,186.26401865038852,2022
00-0039152,2023_12_CAR_TEN,2023,12,185.0,192.59491365991056,2022
00-0039163,2023_12_JAX_HOU,2023,12,304.0,268.23175552232817,2022
00-0026498,2023_13_CLE_LA,2023,13,279.0,210.8852678969828,2022
00-0029263,2023_13_DEN_HOU,2023,13,186.0,232.1934965760452,2022
00-0030565,2023_13_SEA_DAL,2023,13,334.0,209.94651460743347,2022
00-0031280,2023_13_DET_NO,2023,13,226.0,250.4830489619705,2022
00-0031503,2023_13_DET_NO,2023,13,41.0,155.01166337697498,2022
00-0033077,2023_13_SEA_DAL,2023,13,299.0,286.72675165081,2022
00-0033106,2023_13_DET_NO,2023,13,213.0,263.8050115357955,2022
00-0033869,2023_13_ARI_PIT,2023,13,117.0,142.07662355638112,2022
00-0033873,2023_13_KC_GB,2023,13,210.0,244.73002109656196,2022
00-0034177,2023_13_ATL_NYJ,2023,13,148.0,175.57283565724728,2022
00-0034855,2023_13_CAR_TB,2023,13,202.0,194.65057119142392,2022
00-0035100,2023_13_CIN_JAX,2023,13,354.0,203.4947697137599,2022
00-0035228,2023_13_ARI_PIT,2023,13,145.0,171.03916191674872,2022
00-0035289,2023_13_IND_TEN,2023,13,312.0,218.6671795343728,2022
00-0036212,2023_13_MIA_WAS,2023,13,280.0,249.92443393444375,2022
00-0036264,2023_13_KC_GB,2023,13,267.0,233.0864642778362,2022
00-0036355,2023_13_LAC_NE,2023,13,212.0,219.9848389239692,2022
00-0036389,2023_13_SF_PHI,2023,13,298.0,213.07204485212247,2022
00-0036971,2023_13_CIN_JAX,2023,13,258.0,220.77931674334044,2022
00-0037077,2023_13_MIA_WAS,2023,13,127.0,262.3978330034932,2022
00-0037834,2023_13_SF_PHI,2023,13,314.0,248.16552186283965,2022
00-0038102,2023_13_ARI_PIT,2023,13,70.0,213.47042133410272,2022
00-0038108,2023_13_LAC_NE,2023,13,141.0,180.57780073879877,2022
00-0038122,2023_13_ATL_NYJ,2023,13,121.0,194.24047179125375,2022
00-0039150,2023_13_CAR_TB,2023,13,178.0,193.45192537193157,2022
00-0039152,2023_13_IND_TEN,2023,13,224.0,225.03452200708728,2022
00-0039163,2023_13_DEN_HOU,2023,13,274.0,278.07326862548035,2022
00-0026158,2023_14_JAX_CLE,2023,14,311.0,196.10145223556097,2022
00-0026498,2023_14_LA_BAL,2023,14,294.0,219.13171026612383,2022
00-0029263,2023_14_DEN_LAC,2023,14,224.0,218.6365739705197,2022
00-0031280,2023_14_CAR_NO,2023,14,119.0,203.3884159741657,2022
00-0031503,2023_14_CAR_NO,2023,14,0.0,166.81729154789653,2022
00-0033077,2023_14_PHI_DAL,2023,14,271.0,279.4448389236092,2022
00-0033106,2023_14_DET_CHI,2023,14,161.0,271.81041478522104,2022
00-0033869,2023_14_NE_PIT,2023,14,190.0,184.56303553376665,2022
00-0033873,2023_14_BUF_KC,2023,14,271.0,273.8343481940167,2022
00-0033949,2023_14_MIN_LV,2023,14,63.0,172.03737869261755,2022
00-0034796,2023_14_LA_BAL,2023,14,316.0,209.52179126942204,2022
00-0034855,2023_14_TB_ATL,2023,14,144.0,218.31571385242017,2022
00-0034857,2023_14_BUF_KC,2023,14,233.0,259.55872089580896,2022
00-0035100,2023_14_IND_CIN,2023,14,275.0,200.15290446877827,2022
00-0035289,2023_14_IND_CIN,2023,14,240.0,241.3188996072292,2022
00-0036212,2023_14_TEN_MIA,2023,14,240.0,260.63293089214227,2022
00-0036264,2023_14_GB_NYG,2023,14,218.0,214.6135516282598,2022
00-0036355,2023_14_DEN_LAC,2023,14,96.0,239.86313370747712,2022
00-0036389,2023_14_PHI_DAL,2023,14,197.0,234.88771821039344,2022
00-0036945,2023_14_DET_CHI,2023,14,223.0,196.85240025813013,2022
00-0036971,2023_14_JAX_CLE,2023,14,257.0,198.57498907515253,2022
00-0037013,2023_14_HOU_NYJ,2023,14,301.0,169.89671785112594,2022
00-0037834,2023_14_SEA_SF,2023,14,368.0,263.2128253627113,2022
00-0038108,2023_14_NE_PIT,2023,14,240.0,163.3583854355435,2022
00-0038122,2023_14_TB_ATL,2023,14,347.0,210.0888601763753,2022
00-0038476,2023_14_GB_NYG,2023,14,158.0,161.28794288681735,2022
00-0038579,2023_14_MIN_LV,2023,14,171.0,197.25588425073684,2022
00-0038583,2023_14_JAX_CLE,2023,14,0.0,141.95150568835624,2022
00-0039150,2023_14_CAR_NO,2023,14,137.0,191.51377197689615,2022
00-0039152,2023_14_TEN_MIA,2023,14,327.0,226.56872217999597,2022
00-0039163,2023_14_HOU_NYJ,2023,14,91.0,228.97039806545152,2022
00-0026158,2023_15_CHI_CLE,2023,15,374.0,206.27006346506175,2022
00-0026498,2023_15_WAS_LA,2023,15,258.0,264.868175232438,2022
00-0028118,2023_15_NYG_NO,2023,15,13.0,135.90650768478469,2022
00-0029263,2023_15_DEN_DET,2023,15,223.0,211.6838282592022,2022
00-0031280,2023_15_NYG_NO,2023,15,218.0,206.7383348200302,2022
00-0032156,2023_15_NYJ_MIA,2023,15,110.0,136.0404910124696,2022
00-0033077,2023_15_DAL_BUF,2023,15,134.0,274.09083067539615,2022
00-0033106,2023_15_DEN_DET,2023,15,278.0,281.2516781865357,2022
00-0033869,2023_15_PIT_IND,2023,15,169.0,188.5465264438954,2022
00-0033873,2023_15_KC_NE,2023,15,305.0,238.95114095569053,2022
00-0034796,2023_15_BAL_JAX,2023,15,171.0,205.07786630144415,2022
00-0034855,2023_15_TB_GB,2023,15,381.0,229.26965254505393,2022
00-0034857,2023_15_DAL_BUF,2023,15,94.0,278.9404276844426,2022
00-0035100,2023_15_MIN_CIN,2023,15,324.0,212.54336800420285,2022
00-0035228,2023_15_SF_ARI,2023,15,211.0,165.5992799771045,2022
00-0035282,2023_15_LAC_LV,2023,15,257.0,179.61504121381614,2022
00-0035289,2023_15_PIT_IND,2023,15,215.0,223.4037702719812,2022
00-0035704,2023_15_PHI_SEA,2023,15,208.0,207.21314517715453,2022
00-0036212,2023_15_NYJ_MIA,2023,15,224.0,234.59307425923015,2022
00-0036264,2023_15_TB_GB,2023,15,284.0,243.11144806151097,2022
00-0036389,2023_15_PHI_SEA,2023,15,143.0,228.5527260083992,2022
00-0036945,2023_15_CHI_CLE,2023,15,166.0,183.8521890577322,2022
00-0036971,2023_15_BAL_JAX,2023,15,264.0,221.0626300856995,2022
00-0037013,2023_15_NYJ_MIA,2023,15,26.0,203.10250688614607,2022
00-0037077,2023_15_WAS_LA,2023,15,102.0,247.4204460044401,2022
00-0037834,2023_15_SF_ARI,2023,15,242.0,253.47070597026257,2022
00-0038108,2023_15_KC_NE,2023,15,180.0,207.03023108991104,2022
00-0038122,2023_15_ATL_CAR,2023,15,152.0,189.50679467400403,2022
00-0038476,2023_15_NYG_NO,2023,15,177.0,169.71414046683563,2022
00-0038579,2023_15_LAC_LV,2023,15,248.0,196.25263425681365,2022
00-0038582,2023_15_SF_ARI,2023,15,0.0,107.90102492200162,2022
00-0038583,2023_15_CHI_CLE,2023,15,5.0,141.20565901965185,2022
00-0039150,2023_15_ATL_CAR,2023,15,167.0,178.83864992090025,2022
00-0039152,2023_15_HOU_TEN,2023,15,199.0,205.6720319541444,2022
00-0026158,2023_16_CLE_HOU,2023,16,368.0,194.2243751184553,2022
00-0026498,2023_16_NO_LA,2023,16,328.0,239.24588605526824,2022
00-0028118,2023_16_NYG_PHI,2023,16,133.0,161.12412587287744,2022
00-0028986,2023_16_CLE_HOU,2023,16,62.0,187.52164631092137,2022
00-0029263,2023_16_NE_DEN,2023,16,238.0,189.19821508293137,2022
00-0029701,2023_16_SEA_TEN,2023,16,152.0,159.40445266051788,2022
00-0030565,2023_16_SEA_TEN,2023,16,227.0,214.55493929643015,2022
00-0031280,2023_16_NO_LA,2023,16,319.0,248.63119751994063,2022
00-0031800,2023_16_IND_ATL,2023,16,229.0,162.4541136340833,2022
00-0032156,2023_16_WAS_NYJ,2023,16,217.0,152.30652533660157,2022
00-0033077,2023_16_DAL_MIA,2023,16,253.0,275.60440681774327,2022
00-0033106,2023_16_DET_MIN,2023,16,257.0,273.4467835441366,2022
00-0033319,2023_16_DET_MIN,2023,16,411.0,202.20131198416877,2022
00-0033873,2023_16_LV_KC,2023,16,235.0,240.40907808635208,2022
00-0034796,2023_16_BAL_SF,2023,16,252.0,181.5299177340333,2022
00-0034855,2023_16_JAX_TB,2023,16,283.0,235.62967784870463,2022
00-0034857,2023_16_BUF_LAC,2023,16,237.0,244.70585692079055,2022
00-0035100,2023_16_CIN_PIT,2023,16,335.0,199.8859577898337,2022
00-0035228,2023_16_ARI_CHI,2023,16,230.0,172.20729282160946,2022
00-0035282,2023_16_BUF_LAC,2023,16,215.0,186.621819773046,2022
00-0035289,2023_16_IND_ATL,2023,16,201.0,239.1934601374404,2022
00-0036212,2023_16_DAL_MIA,2023,16,293.0,268.2326676950821,2022
00-0036264,2023_16_GB_CAR,2023,16,219.0,207.657769696072,2022
00-0036389,2023_16_NYG_PHI,2023,16,301.0,198.06722041345137,2022
00-0036945,2023_16_ARI_CHI,2023,16,170.0,197.46530184527117,2022
00-0036971,2023_16_JAX_TB,2023,16,211.0,247.05559894085397,2022
00-0037077,2023_16_WAS_NYJ,2023,16,56.0,210.13297048451085,2022
00-0037834,2023_16_BAL_SF,2023,16,255.0,245.62416085373783,2022
00-0038108,2023_16_NE_DEN,2023,16,256.0,191.492566825443,2022
00-0038476,2023_16_NYG_PHI,2023,16,55.0,165.73891811883618,2022
00-0038579,2023_16_LV_KC,2023,16,62.0,209.1996224762488,2022
00-0038583,2023_16_CLE_HOU,2023,16,6.0,137.94708000174958,2022
00-0039150,2023_16_GB_CAR,2023,16,312.0,191.80259780837727,2022
00-0026158,2023_17_NYJ_CLE,2023,17,309.0,241.02389620591745,2022
00-0026498,2023_17_LA_NYG,2023,17,317.0,248.21060958993417,2022
00-0028118,2023_17_LA_NYG,2023,17,319.0,181.8802510151996,2022
00-0029701,2023_17_TEN_HOU,2023,17,168.0,196.56996177778288,2022
00-0030565,2023_17_PIT_SEA,2023,17,290.0,220.41388117065856,2022
00-0031280,2023_17_NO_TB,2023,17,197.0,240.8623425670175,2022
00-0031800,2023_17_ATL_CHI,2023,17,163.0,210.60430033088053,2022
00-0032156,2023_17_NYJ_CLE,2023,17,261.0,154.83113606718473,2022
00-0033077,2023_17_DET_DAL,2023,17,345.0,278.60457353669386,2022
00-0033106,2023_17_DET_DAL,2023,17,271.0,267.11321219634857,2022
00-0033319,2023_17_GB_MIN,2023,17,113.0,201.45591724924415,2022
00-0033873,2023_17_CIN_KC,2023,17,245.0,272.14248668328963,2022
00-0034771,2023_17_PIT_SEA,2023,17,274.0,226.6244798260431,2022
00-0034796,2023_17_MIA_BAL,2023,17,321.0,193.2814196769081,2022
00-0034855,2023_17_NO_TB,2023,17,309.0,234.92853020655264,2022
00-0034857,2023_17_NE_BUF,2023,17,169.0,216.716083452681,2022
00-0035100,2023_17_CIN_KC,2023,17,197.0,187.71428807164935,2022
00-0035228,2023_17_ARI_PHI,2023,17,232.0,187.32409123394112,2022
00-0035282,2023_17_LAC_DEN,2023,17,220.0,182.8267597533948,2022
00-0035289,2023_17_LV_IND,2023,17,224.0,226.87178870302833,2022
00-0036212,2023_17_MIA_BAL,2023,17,237.0,245.23136515862265,2022
00-0036264,2023_17_GB_MIN,2023,17,256.0,243.29530161102656,2022
00-0036389,2023_17_ARI_PHI,2023,17,167.0,234.56399115514012,2022
00-0036945,2023_17_ATL_CHI,2023,17,268.0,186.17792322419112,2022
00-0037077,2023_17_SF_WAS,2023,17,169.0,208.21413806005089,2022
00-0037834,2023_17_SF_WAS,2023,17,230.0,244.6164549038128,2022
00-0038108,2023_17_NE_BUF,2023,17,209.0,206.7603028548755,2022
00-0038122,2023_17_ATL_CHI,2023,17,17.0,192.45603822740696,2022
00-0038579,2023_17_LV_IND,2023,17,299.0,238.8276503520528,2022
00-0039150,2023_17_CAR_JAX,2023,17,112.0,198.1339727035464,2022
00-0039152,2023_17_TEN_HOU,2023,17,16.0,216.65352809289087,2022
00-0039163,2023_17_TEN_HOU,2023,17,213.0,242.33901521445247,2022
00-0028118,2023_18_PHI_NYG,2023,18,297.0,177.21549822572726,2022
00-0029701,2023_18_JAX_TEN,2023,18,168.0,208.04633774247185,2022
00-0030565,2023_18_SEA_ARI,2023,18,189.0,262.67581991560144,2022
00-0031280,2023_18_ATL_NO,2023,18,264.0,223.79420430733396,2022
00-0031345,2023_18_DEN_LV,2023,18,0.0,155.4236057805782,2022
00-0032156,2023_18_NYJ_NE,2023,18,70.0,163.49570679533164,2022
00-0033077,2023_18_DAL_WAS,2023,18,279.0,261.9440309566651,2022
00-0033106,2023_18_MIN_DET,2023,18,320.0,269.4813503575713,2022
00-0033319,2023_18_MIN_DET,2023,18,396.0,207.75430227233812,2022
00-0034771,2023_18_PIT_BAL,2023,18,152.0,197.56923601202604,2022
00-0034855,2023_18_TB_CAR,2023,18,137.0,203.7401076951653,2022
00-0034857,2023_18_BUF_MIA,2023,18,359.0,247.97097106623087,2022
00-0035100,2023_18_CLE_CIN,2023,18,156.0,184.80639038074585,2022
00-0035228,2023_18_SEA_ARI,2023,18,262.0,194.8311668857328,2022
00-0035264,2023_18_DEN_LV,2023,18,272.0,186.85605557829925,2022
00-0035282,2023_18_KC_LAC,2023,18,258.0,166.62730443741063,2022
00-0035289,2023_18_HOU_IND,2023,18,141.0,230.3015968475869,2022
00-0036212,2023_18_BUF_MIA,2023,18,173.0,251.00091032791596,2022
00-0036264,2023_18_CHI_GB,2023,18,316.0,252.34431961435627,2022
00-0036389,2023_18_PHI_NYG,2023,18,55.0,200.45731485990817,2022
00-0036945,2023_18_CHI_GB,2023,18,148.0,201.30494508075415,2022
00-0036971,2023_18_JAX_TEN,2023,18,280.0,199.66415589474207,2022
00-0037077,2023_18_DAL_WAS,2023,18,153.0,215.45263272661063,2022
00-0038108,2023_18_NYJ_NE,2023,18,88.0,191.41894630261,2022
00-0038122,2023_18_ATL_NO,2023,18,291.0,203.27996952816147,2022
00-0038476,2023_18_PHI_NYG,2023,18,14.0,190.51722920842047,2022
00-0038579,2023_18_DEN_LV,2023,18,244.0,203.4085006288582,2022
00-0038582,2023_18_SEA_ARI,2023,18,0.0,108.3782276284108,2022
00-0039150,2023_18_TB_CAR,2023,18,94.0,195.19760067124028,2022
00-0039163,2023_18_HOU_IND,2023,18,264.0,261.57644139276755,2022
00-0026158,2023_19_CLE_HOU,2023,19,307.0,269.5072590312237,2022
00-0026498,2023_19_LA_DET,2023,19,367.0,248.24934674524388,2022
00-0033077,2023_19_GB_DAL,2023,19,403.0,277.8503769122362,2022
00-0033106,2023_19_LA_DET,2023,19,277.0,265.6992747568022,2022
00-0033873,2023_19_MIA_KC,2023,19,262.0,250.0402792925917,2022
00-0034771,2023_19_PIT_BUF,2023,19,229.0,189.74448165101757,2022
00-0034855,2023_19_PHI_TB,2023,19,337.0,240.90610127241172,2022
00-0034857,2023_19_PIT_BUF,2023,19,203.0,213.6112136082792,2022
00-0036212,2023_19_MIA_KC,2023,19,199.0,258.3991655870821,2022
00-0036264,2023_19_GB_DAL,2023,19,272.0,229.373586091418,2022
00-0036389,2023_19_PHI_TB,2023,19,250.0,195.3728157050824,2022
00-0036898,2023_19_CLE_HOU,2023,19,6.0,169.23702829465677,2022
00-0039163,2023_19_CLE_HOU,2023,19,274.0,233.75563535402904,2022
00-0033106,2023_20_TB_DET,2023,20,287.0,274.2390271026611,2022
00-0033873,2023_20_KC_BUF,2023,20,215.0,254.63818334470025,2022
00-0034796,2023_20_HOU_BAL,2023,20,152.0,215.8299393137178,2022
00-0034855,2023_20_TB_DET,2023,20,349.0,251.09135423218237,2022
00-0034857,2023_20_KC_BUF,2023,20,186.0,229.50146846650148,2022
00-0036264,2023_20_GB_SF,2023,20,194.0,228.23418044842407,2022
00-0037834,2023_20_GB_SF,2023,20,252.0,250.87804047522897,2022
00-0039163,2023_20_HOU_BAL,2023,20,175.0,233.7954390149204,2022
00-0033106,2023_21_DET_SF,2023,21,273.0,250.6495210850909,2022
00-0033873,2023_21_KC_BAL,2023,21,241.0,245.39339833435,2022
00-0034796,2023_21_KC_BAL,2023,21,272.0,215.65318845912512,2022
00-0037834,2023_21_DET_SF,2023,21,267.0,253.3259522400211,2022
00-0033873,2023_22_SF_KC,2023,22,333.0,256.62913502553755,2022
00-0037834,2023_22_SF_KC,2023,22,255.0,256.0351059055894,2022
00-0023459,2024_02_NYJ_TEN,2024,2,176.0,210.90826526398484,2023
00-0026498,2024_02_LA_ARI,2024,2,216.0,256.02763319020806,2023
00-0029604,2024_02_ATL_PHI,2024,2,241.0,224.74758187115825,2023
00-0030565,2024_02_SEA_NE,2024,2,327.0,210.206382812616,2023
00-0031280,2024_02_NO_DAL,2024,2,243.0,243.1423692253516,2023
00-0033077,2024_02_NO_DAL,2024,2,293.0,216.9418946756477,2023
00-0033106,2024_02_TB_DET,2024,2,307.0,229.79158976452837,2023
00-0033119,2024_02_SEA_NE,2024,2,149.0,186.4002366504392,2023
00-0033537,2024_02_CLE_JAX,2024,2,186.0,209.00439733648673,2023
00-0033873,2024_02_CIN_KC,2024,2,151.0,250.1567076221496,2023
00-0034796,2024_02_LV_BAL,2024,2,247.0,217.96278652086536,2023
00-0034855,2024_02_TB_DET,2024,2,185.0,269.01691668091627,2023
00-0034857,2024_02_BUF_MIA,2024,2,139.0,215.92456333054693,2023
00-0034869,2024_02_SF_MIN,2024,2,268.0,252.01637187477303,2023
00-0035228,2024_02_LA_ARI,2024,2,266.0,214.1404405158487,2023
00-0035289,2024_02_LV_BAL,2024,2,276.0,242.24220361417755,2023
00-0035710,2024_02_NYG_WAS,2024,2,178.0,209.60812525021092,2023
00-0036212,2024_02_BUF_MIA,2024,2,145.0,242.61137699845924,2023
00-0036355,2024_02_LAC_CAR,2024,2,130.0,216.41794083996848,2023
00-0036389,2024_02_ATL_PHI,2024,2,183.0,236.43643632770767,2023
00-0036442,2024_02_CIN_KC,2024,2,258.0,232.6629590255323,2023
00-0036945,2024_02_PIT_DEN,2024,2,117.0,188.40760204413215,2023
00-0036971,2024_02_CLE_JAX,2024,2,220.0,206.8633059343874,2023
00-0037834,2024_02_SF_MIN,2024,2,319.0,217.922997551262,2023
00-0039150,2024_02_LAC_CAR,2024,2,84.0,189.099529399167,2023
00-0039152,2024_02_NYJ_TEN,2024,2,192.0,206.26154958270303,2023
00-0039163,2024_02_CHI_HOU,2024,2,260.0,243.44408245810192,2023
00-0039164,2024_02_IND_GB,2024,2,204.0,193.9605249602399,2023
00-0039732,2024_02_PIT_DEN,2024,2,246.0,194.28680688110012,2023
00-0039910,2024_02_NYG_WAS,2024,2,226.0,209.6678929287876,2023
00-0039918,2024_02_CHI_HOU,2024,2,174.0,198.86745046603065,2023
00-0023459,2024_03_NE_NYJ,2024,3,281.0,205.57454714494315,2023
00-0026498,2024_03_SF_LA,2024,3,221.0,252.7825224663024,2023
00-0029604,2024_03_KC_ATL,2024,3,230.0,261.9035937163632,2023
00-0030565,2024_03_MIA_SEA,2024,3,289.0,222.55229250232983,2023
00-0031280,2024_03_PHI_NO,2024,3,142.0,225.89069418080248,2023
00-0033077,2024_03_BAL_DAL,2024,3,379.0,222.9774974261088,2023
00-0033106,2024_03_DET_ARI,2024,3,199.0,243.4800821148289,2023
00-0033119,2024_03_NE_NYJ,2024,3,98.0,190.684277131558,2023
00-0033537,2024_03_NYG_CLE,2024,3,196.0,194.17755383198855,2023
00-0033873,2024_03_KC_ATL,2024,3,217.0,241.5233508919942,2023
00-0034796,2024_03_BAL_DAL,2024,3,182.0,229.70149061642653,2023
00-0034855,2024_03_DEN_TB,2024,3,163.0,235.51890847372877,2023
00-0034857,2024_03_JAX_BUF,2024,3,263.0,228.39669820678003,2023
00-0034869,2024_03_HOU_MIN,2024,3,181.0,245.60086942576388,2023
00-0035228,2024_03_DET_ARI,2024,3,207.0,237.47688470968623,2023
00-0035289,2024_03_CAR_LV,2024,3,214.0,241.6512761181943,2023
00-0035710,2024_03_NYG_CLE,2024,3,236.0,187.32920709681204,2023
00-0036355,2024_03_LAC_PIT,2024,3,125.0,193.24775364550848,2023
00-0036389,2024_03_PHI_NO,2024,3,311.0,215.23583643928984,2023
00-0036442,2024_03_WAS_CIN,2024,3,324.0,253.99828058424131,2023
00-0036945,2024_03_LAC_PIT,2024,3,245.0,184.31295633514011,2023
00-0036971,2024_03_JAX_BUF,2024,3,178.0,200.53096646059296,2023
00-0037834,2024_03_SF_LA,2024,3,292.0,240.53989334552128,2023
00-0038128,2024_03_GB_TEN,2024,3,202.0,182.50560136469335,2023
00-0039152,2024_03_GB_TEN,2024,3,260.0,189.5701595070759,2023
00-0039163,2024_03_HOU_MIN,2024,3,215.0,230.49842473915945,2023
00-0039164,2024_03_CHI_IND,2024,3,167.0,184.7863337189048,2023
00-0039732,2024_03_DEN_TB,2024,3,216.0,196.10077220733697,2023
00-0039910,2024_03_WAS_CIN,2024,3,254.0,214.49713921485463,2023
00-0039918,2024_03_CHI_IND,2024,3,363.0,187.30493665598337,2023
00-0023459,2024_04_DEN_NYJ,2024,4,225.0,216.79511741594865,2023
00-0026498,2024_04_LA_CHI,2024,4,224.0,219.40218115252284,2023
00-0027973,2024_04_CIN_CAR,2024,4,220.0,233.0155739383481,2023
00-0029604,2024_04_NO_ATL,2024,4,238.0,235.94859839670417,2023
00-0030565,2024_04_SEA_DET,2024,4,395.0,258.19101175934213,2023
00-0031280,2024_04_NO_ATL,2024,4,239.0,218.5143216158881,2023
00-0033077,2024_04_DAL_NYG,2024,4,221.0,249.3257326346614,2023
00-0033106,2024_04_SEA_DET,2024,4,292.0,222.4525663308326,2023
00-0033119,2024_04_NE_SF,2024,4,168.0,201.76605126366212,2023
00-0033537,2024_04_CLE_LV,2024,4,176.0,194.67053841132332,2023
00-0033873,2024_04_KC_LAC,2024,4,245.0,226.62526855879727,2023
00-0034796,2024_04_BUF_BAL,2024,4,156.0,212.74238272804948,2023
00-0034855,2024_04_PHI_TB,2024,4,347.0,241.3786259280841,2023
00-0034857,2024_04_BUF_BAL,2024,4,180.0,229.14242031452036,2023
00-0034869,2024_04_MIN_GB,2024,4,275.0,229.8553175072992,2023
00-0035228,2024_04_WAS_ARI,2024,4,142.0,233.7837063834584,2023
00-0035289,2024_04_CLE_LV,2024,4,130.0,216.38698955482383,2023
00-0035710,2024_04_DAL_NYG,2024,4,281.0,210.53307919133655,2023
00-0036264,2024_04_MIN_GB,2024,4,389.0,217.29349971752697,2023
00-0036355,2024_04_KC_LAC,2024,4,179.0,230.54332617301395,2023
00-0036389,2024_04_PHI_TB,2024,4,158.0,222.62750638633025,2023
00-0036442,2024_04_CIN_CAR,2024,4,232.0,246.98772346472884,2023
00-0036945,2024_04_PIT_IND,2024,4,312.0,209.90293316988345,2023
00-0036971,2024_04_JAX_HOU,2024,4,169.0,207.34617447218497,2023
00-0037834,2024_04_NE_SF,2024,4,288.0,242.00715439917923,2023
00-0039152,2024_04_TEN_MIA,2024,4,25.0,198.1948970088756,2023
00-0039163,2024_04_JAX_HOU,2024,4,345.0,241.69864368740377,2023
00-0039164,2024_04_PIT_IND,2024,4,71.0,181.9523735306104,2023
00-0039732,2024_04_DEN_NYJ,2024,4,60.0,189.03633941977523,2023
00-0039910,2024_04_WAS_ARI,2024,4,233.0,232.37504900408211,2023
00-0039918,2024_04_LA_CHI,2024,4,157.0,221.77894115134325,2023
00-0023459,2024_05_NYJ_MIN,2024,5,244.0,222.2205213249401,2023
00-0026158,2024_05_IND_JAX,2024,5,359.0,244.0710740162419,2023
00-0026498,2024_05_GB_LA,2024,5,260.0,254.03005855954703,2023
00-0027973,2024_05_CAR_CHI,2024,5,136.0,240.5266493673364,2023
00-0029604,2024_05_TB_ATL,2024,5,509.0,249.89160054953072,2023
00-0030565,2024_05_NYG_SEA,2024,5,284.0,248.9516898316248,2023
00-0031280,2024_05_NO_KC,2024,5,165.0,232.90042007838,2023
00-0033077,2024_05_DAL_PIT,2024,5,352.0,237.6823621889012,2023
00-0033119,2024_05_MIA_NE,2024,5,160.0,186.6671311058677,2023
00-0033537,2024_05_CLE_WAS,2024,5,125.0,219.37588713526415,2023
00-0033873,2024_05_NO_KC,2024,5,331.0,219.5730800594297,2023
00-0034796,2024_05_BAL_CIN,2024,5,348.0,226.61091453273545,2023
00-0034855,2024_05_TB_ATL,2024,5,180.0,236.46501762067535,2023
00-0034857,2024_05_BUF_HOU,2024,5,131.0,226.27965780696255,2023
00-0034869,2024_05_NYJ_MIN,2024,5,179.0,238.3208133470254,2023
00-0035228,2024_05_ARI_SF,2024,5,195.0,226.9167582165461,2023
00-0035289,2024_05_LV_DEN,2024,5,137.0,199.91770402013933,2023
00-0035710,2024_05_NYG_SEA,2024,5,257.0,214.83958897789515,2023
00-0035993,2024_05_MIA_NE,2024,5,194.0,152.1514490012777,2023
00-0036264,2024_05_GB_LA,2024,5,224.0,266.93310466973634,2023
00-0036442,2024_05_BAL_CIN,2024,5,392.0,236.31758831487937,2023
00-0036945,2024_05_DAL_PIT,2024,5,131.0,232.2463205267061,2023
00-0036971,2024_05_IND_JAX,2024,5,371.0,223.19326905477473,2023
00-0037834,2024_05_ARI_SF,2024,5,244.0,248.0620292177183,2023
00-0039150,2024_05_CAR_CHI,2024,5,58.0,146.99792273665676,2023
00-0039163,2024_05_BUF_HOU,2024,5,331.0,255.4463634899205,2023
00-0039732,2024_05_LV_DEN,2024,5,206.0,177.87718611356857,2023
00-0039910,2024_05_CLE_WAS,2024,5,238.0,217.83171562218232,2023
00-0039918,2024_05_CAR_CHI,2024,5,304.0,214.5960212703597,2023
00-0023459,2024_06_BUF_NYJ,2024,6,294.0,224.1337530041808,2023
00-0026158,2024_06_IND_TEN,2024,6,189.0,225.635667456247,2023
00-0027973,2024_06_ATL_CAR,2024,6,221.0,225.7970368986181,2023
00-0029604,2024_06_ATL_CAR,2024,6,225.0,259.9562401588199,2023
00-0030565,2024_06_SF_SEA,2024,6,312.0,257.97635493203654,2023
00-0033077,2024_06_DET_DAL,2024,6,178.0,277.6268397840313,2023
00-0033106,2024_06_DET_DAL,2024,6,315.0,240.3395558526264,2023
00-0033537,2024_06_CLE_PHI,2024,6,168.0,214.69796997207987,2023
00-0034796,2024_06_WAS_BAL,2024,6,323.0,233.22219353745925,2023
00-0034855,2024_06_TB_NO,2024,6,325.0,216.534967480001,2023
00-0034857,2024_06_BUF_NYJ,2024,6,215.0,193.01052598116792,2023
00-0035228,2024_06_ARI_GB,2024,6,214.0,235.94447224419088,2023
00-0035710,2024_06_CIN_NYG,2024,6,205.0,236.7236759705781,2023
00-0036264,2024_06_ARI_GB,2024,6,258.0,268.2767954346857,2023
00-0036355,2024_06_LAC_DEN,2024,6,237.0,194.99013896129665,2023
00-0036389,2024_06_CLE_PHI,2024,6,264.0,203.34676821656348,2023
00-0036442,2024_06_CIN_NYG,2024,6,208.0,278.83859970044773,2023
00-0036945,2024_06_PIT_LV,2024,6,145.0,201.49481092975233,2023
00-0036971,2024_06_JAX_CHI,2024,6,234.0,206.47636245611608,2023
00-0037834,2024_06_SF_SEA,2024,6,255.0,252.56918359183055,2023
00-0038579,2024_06_PIT_LV,2024,6,227.0,148.29718888413737,2023
00-0039152,2024_06_IND_TEN,2024,6,95.0,204.99559791788545,2023
00-0039163,2024_06_HOU_NE,2024,6,192.0,234.2930842694484,2023
00-0039732,2024_06_LAC_DEN,2024,6,216.0,196.59826439645295,2023
00-0039910,2024_06_WAS_BAL,2024,6,269.0,218.18137804856795,2023
00-0039918,2024_06_JAX_CHI,2024,6,226.0,222.58436790127257,2023
00-0023459,2024_07_NYJ_PIT,2024,7,276.0,217.45374301750985,2023
00-0026498,2024_07_LV_LA,2024,7,154.0,221.2228919044954,2023
00-0027973,2024_07_CAR_WAS,2024,7,93.0,230.31235666764323,2023
00-0029604,2024_07_SEA_ATL,2024,7,232.0,263.5545980597078,2023
00-0030565,2024_07_SEA_ATL,2024,7,207.0,267.40058453521465,2023
00-0033106,2024_07_DET_MIN,2024,7,280.0,263.57718976437405,2023
00-0033537,2024_07_CIN_CLE,2024,7,128.0,215.92043124853953,2023
00-0033873,2024_07_KC_SF,2024,7,154.0,215.52121270584317,2023
00-0034177,2024_07_MIA_IND,2024,7,74.0,129.64655073096822,2023
00-0034771,2024_07_TEN_BUF,2024,7,215.0,141.81015882013438,2023
00-0034796,2024_07_BAL_TB,2024,7,281.0,225.6374729939408,2023
00-0034855,2024_07_BAL_TB,2024,7,370.0,239.1458517281311,2023
00-0034857,2024_07_TEN_BUF,2024,7,323.0,205.1961677313595,2023
00-0034869,2024_07_DET_MIN,2024,7,259.0,216.52747965927844,2023
00-0035228,2024_07_LAC_ARI,2024,7,145.0,213.14103847071277,2023
00-0035289,2024_07_LV_LA,2024,7,154.0,201.37981778728383,2023
00-0035710,2024_07_PHI_NYG,2024,7,99.0,208.07553178596325,2023
00-0035993,2024_07_MIA_IND,2024,7,87.0,158.51154055761037,2023
00-0036264,2024_07_HOU_GB,2024,7,220.0,277.00802968606433,2023
00-0036355,2024_07_LAC_ARI,2024,7,349.0,240.86815087034512,2023
00-0036389,2024_07_PHI_NYG,2024,7,114.0,215.82405354920624,2023
00-0036442,2024_07_CIN_CLE,2024,7,181.0,246.37656927143868,2023
00-0036971,2024_07_NE_JAX,2024,7,193.0,229.09112458180948,2023
00-0037834,2024_07_KC_SF,2024,7,212.0,255.09860827350388,2023
00-0038579,2024_07_LV_LA,2024,7,52.0,207.72595571533068,2023
00-0039150,2024_07_CAR_WAS,2024,7,-4.0,120.3933019765818,2023
00-0039163,2024_07_HOU_GB,2024,7,86.0,249.4935892852171,2023
00-0039164,2024_07_MIA_IND,2024,7,129.0,117.8003417223729,2023
00-0039376,2024_07_DEN_NO,2024,7,172.0,175.58173884700494,2023
00-0039732,2024_07_DEN_NO,2024,7,164.0,183.79869167039988,2023
00-0039851,2024_07_NE_JAX,2024,7,276.0,213.0608394581591,2023
00-0039910,2024_07_CAR_WAS,2024,7,6.0,228.09658614316356,2023
00-0023459,2024_08_NYJ_NE,2024,8,233.0,226.54274490773395,2023
00-0026498,2024_08_MIN_LA,2024,8,279.0,239.1327752372014,2023
00-0029263,2024_08_NYG_PIT,2024,8,278.0,234.317307616701,2023
00-0029604,2024_08_ATL_TB,2024,8,276.0,263.47818432483814,2023
00-0030565,2024_08_BUF_SEA,2024,8,212.0,250.97879635285355,2023
00-0033077,2024_08_DAL_SF,2024,8,243.0,248.42308206472796,2023
00-0033106,2024_08_TEN_DET,2024,8,85.0,255.9333099673748,2023
00-0033119,2024_08_NYJ_NE,2024,8,132.0,186.7753069263998,2023
00-0033873,2024_08_KC_LV,2024,8,262.0,217.72847345624456,2023
00-0034771,2024_08_TEN_DET,2024,8,266.0,201.20191788579385,2023
00-0034796,2024_08_BAL_CLE,2024,8,289.0,240.28346040998883,2023
00-0034855,2024_08_ATL_TB,2024,8,330.0,260.076167427715,2023
00-0034857,2024_08_BUF_SEA,2024,8,283.0,206.20868904235587,2023
00-0034869,2024_08_MIN_LA,2024,8,240.0,232.4811996813334,2023
00-0035228,2024_08_ARI_MIA,2024,8,307.0,204.90496395844912,2023
00-0035289,2024_08_KC_LV,2024,8,209.0,227.73310440210335,2023
00-0035710,2024_08_NYG_PIT,2024,8,264.0,183.32998491301092,2023
00-0036212,2024_08_ARI_MIA,2024,8,234.0,164.852839531423,2023
00-0036264,2024_08_GB_JAX,2024,8,196.0,281.7088063008066,2023
00-0036355,2024_08_NO_LAC,2024,8,279.0,222.5591914911944,2023
00-0036389,2024_08_PHI_CIN,2024,8,236.0,231.96760965709495,2023
00-0036442,2024_08_PHI_CIN,2024,8,234.0,236.63371648866905,2023
00-0036971,2024_08_GB_JAX,2024,8,308.0,216.47152143281053,2023
00-0037834,2024_08_DAL_SF,2024,8,260.0,263.6049732910736,2023
00-0038128,2024_08_GB_JAX,2024,8,56.0,167.1833589971186,2023
00-0039150,2024_08_CAR_DEN,2024,8,224.0,144.1246534181732,2023
00-0039163,2024_08_IND_HOU,2024,8,285.0,243.9249873336521,2023
00-0039164,2024_08_IND_HOU,2024,8,175.0,165.75249233974426,2023
00-0039376,2024_08_NO_LAC,2024,8,156.0,178.69577678178723,2023
00-0039732,2024_08_CAR_DEN,2024,8,284.0,189.9936072093953,2023
00-0039851,2024_08_NYJ_NE,2024,8,23.0,207.99984192839375,2023
00-0039910,2024_08_CHI_WAS,2024,8,326.0,200.6056540228262,2023
00-0039918,2024_08_CHI_WAS,2024,8,131.0,204.96759774515647,2023
00-0023459,2024_09_HOU_NYJ,2024,9,211.0,238.89645135599264,2023
00-0026158,2024_09_IND_MIN,2024,9,179.0,180.08532595770345,2023
00-0026498,2024_09_LA_SEA,2024,9,298.0,238.4615416030345,2023
00-0029604,2024_09_DAL_ATL,2024,9,222.0,265.78818042257313,2023
00-0030565,2024_09_LA_SEA,2024,9,363.0,256.7204674269663,2023
00-0031280,2024_09_NO_CAR,2024,9,236.0,193.55988798214372,2023
00-0031503,2024_09_LAC_CLE,2024,9,235.0,226.62022448155184,2023
00-0033077,2024_09_DAL_ATL,2024,9,133.0,276.93918161665533,2023
00-0033106,2024_09_DET_GB,2024,9,145.0,248.41082779616423,2023
00-0033873,2024_09_TB_KC,2024,9,291.0,255.44085202294352,2023
00-0034771,2024_09_NE_TEN,2024,9,240.0,196.74692079282465,2023
00-0034796,2024_09_DEN_BAL,2024,9,280.0,233.60063772157653,2023
00-0034855,2024_09_TB_KC,2024,9,200.0,257.0518305771714,2023
00-0034857,2024_09_MIA_BUF,2024,9,235.0,201.08399280957195,2023
00-0034869,2024_09_IND_MIN,2024,9,290.0,244.63612087559383,2023
00-0035228,2024_09_CHI_ARI,2024,9,154.0,209.3888751387214,2023
00-0035289,2024_09_LV_CIN,2024,9,124.0,229.5851590526996,2023
00-0035710,2024_09_WAS_NYG,2024,9,174.0,206.4293488715752,2023
00-0036212,2024_09_MIA_BUF,2024,9,231.0,224.1264849157781,2023
00-0036264,2024_09_DET_GB,2024,9,273.0,267.77583484741035,2023
00-0036355,2024_09_LAC_CLE,2024,9,282.0,238.5616117602679,2023
00-0036389,2024_09_JAX_PHI,2024,9,230.0,233.86398190564353,2023
00-0036442,2024_09_LV_CIN,2024,9,251.0,236.02964698276077,2023
00-0036971,2024_09_JAX_PHI,2024,9,169.0,241.20773255295015,2023
00-0039150,2024_09_NO_CAR,2024,9,171.0,194.57095310686816,2023
00-0039163,2024_09_HOU_NYJ,2024,9,191.0,209.311888891984,2023
00-0039732,2024_09_DEN_BAL,2024,9,223.0,218.98549865690455,2023
00-0039851,2024_09_NE_TEN,2024,9,206.0,186.56076594336676,2023
00-0039910,2024_09_WAS_NYG,2024,9,209.0,223.15683395894217,2023
00-0039918,2024_09_CHI_ARI,2024,9,217.0,215.741176252941,2023
00-0023459,2024_10_NYJ_ARI,2024,10,151.0,241.9225058154129,2023
00-0026158,2024_10_BUF_IND,2024,10,272.0,235.62907319794036,2023
00-0026498,2024_10_MIA_LA,2024,10,293.0,241.34580071927783,2023
00-0029263,2024_10_PIT_WAS,2024,10,195.0,195.72335837423827,2023
00-0029604,2024_10_ATL_NO,2024,10,306.0,267.47030588824657,2023
00-0031280,2024_10_ATL_NO,2024,10,269.0,232.8462644805986,2023
00-0033106,2024_10_DET_HOU,2024,10,240.0,253.7034320412722,2023
00-0033662,2024_10_PHI_DAL,2024,10,45.0,185.36366612210955,2023
00-0033873,2024_10_DEN_KC,2024,10,266.0,234.97525525393965,2023
00-0034796,2024_10_CIN_BAL,2024,10,290.0,256.1501191298797,2023
00-0034855,2024_10_SF_TB,2024,10,116.0,242.3926518657395,2023
00-0034857,2024_10_BUF_IND,2024,10,280.0,224.8987481867257,2023
00-0034869,2024_10_MIN_JAX,2024,10,241.0,241.53591917952795,2023
00-0035228,2024_10_NYJ_ARI,2024,10,266.0,205.5790410473739,2023
00-0035710,2024_10_NYG_CAR,2024,10,190.0,206.0786276047082,2023
00-0036212,2024_10_MIA_LA,2024,10,207.0,240.1950701333939,2023
00-0036355,2024_10_TEN_LAC,2024,10,164.0,226.4836433754923,2023
00-0036389,2024_10_PHI_DAL,2024,10,202.0,234.28524637652484,2023
00-0036442,2024_10_CIN_BAL,2024,10,428.0,254.2449590399159,2023
00-0037834,2024_10_SF_TB,2024,10,353.0,235.68526922141191,2023
00-0039150,2024_10_NYG_CAR,2024,10,126.0,189.4986705090254,2023
00-0039152,2024_10_TEN_LAC,2024,10,175.0,154.8121264967427,2023
00-0039163,2024_10_DET_HOU,2024,10,232.0,235.26071424313903,2023
00-0039732,2024_10_DEN_KC,2024,10,215.0,204.92606834709608,2023
00-0039851,2024_10_NE_CHI,2024,10,184.0,191.1113509637335,2023
00-0039910,2024_10_PIT_WAS,2024,10,202.0,207.39117983263785,2023
00-0039918,2024_10_NE_CHI,2024,10,120.0,204.7832322655763,2023
00-0023459,2024_11_IND_NYJ,2024,11,184.0,230.60931175245608,2023
00-0026498,2024_11_LA_NE,2024,11,295.0,249.5852951457572,2023
00-0029263,2024_11_BAL_PIT,2024,11,205.0,223.6501885638613,2023
00-0029604,2024_11_ATL_DEN,2024,11,173.0,248.99781815317303,2023
00-0030565,2024_11_SEA_SF,2024,11,221.0,244.4460027392436,2023
00-0031280,2024_11_CLE_NO,2024,11,248.0,244.71220496848437,2023
00-0031503,2024_11_CLE_NO,2024,11,395.0,183.44349979813072,2023
00-0033106,2024_11_JAX_DET,2024,11,412.0,246.82638862057783,2023
00-0033662,2024_11_HOU_DAL,2024,11,354.0,181.88035130686197,2023
00-0033873,2024_11_KC_BUF,2024,11,196.0,239.5456217336688,2023
00-0034796,2024_11_BAL_PIT,2024,11,207.0,228.02226462088944,2023
00-0034857,2024_11_KC_BUF,2024,11,262.0,219.18318662367608,2023
00-0034869,2024_11_MIN_TEN,2024,11,246.0,215.21798009231696,2023
00-0035289,2024_11_LV_MIA,2024,11,282.0,191.990230609955,2023
00-0036212,2024_11_LV_MIA,2024,11,288.0,239.77347645413292,2023
00-0036264,2024_11_GB_CHI,2024,11,261.0,220.64454181654872,2023
00-0036355,2024_11_CIN_LAC,2024,11,297.0,247.66460607887873,2023
00-0036389,2024_11_WAS_PHI,2024,11,221.0,220.7621427983288,2023
00-0036442,2024_11_CIN_LAC,2024,11,356.0,261.33418964699047,2023
00-0036945,2024_11_BAL_PIT,2024,11,0.0,190.948384778518,2023
00-0036972,2024_11_JAX_DET,2024,11,138.0,170.91382796528347,2023
00-0037834,2024_11_SEA_SF,2024,11,159.0,252.93229568720793,2023
00-0038583,2024_11_CLE_NO,2024,11,0.0,120.71292850739236,2023
00-0038998,2024_11_CLE_NO,2024,11,0.0,132.81394517394517,2023
00-0039152,2024_11_MIN_TEN,2024,11,295.0,206.71801593861144,2023
00-0039163,2024_11_HOU_DAL,2024,11,257.0,232.4842407656056,2023
00-0039164,2024_11_IND_NYJ,2024,11,272.0,131.98305648420248,2023
00-0039732,2024_11_ATL_DEN,2024,11,307.0,207.89432054983808,2023
00-0039851,2024_11_LA_NE,2024,11,282.0,191.63726125665713,2023
00-0039910,2024_11_WAS_PHI,2024,11,191.0,211.7373843490267,2023
00-0039918,2024_11_GB_CHI,2024,11,231.0,198.6091181391635,2023
00-0026498,2024_12_PHI_LA,2024,12,243.0,254.66938765843153,2023
00-0029263,2024_12_PIT_CLE,2024,12,270.0,204.93371156221417,2023
00-0030565,2024_12_ARI_SEA,2024,12,254.0,252.0252274976846,2023
00-0031503,2024_12_PIT_CLE,2024,12,219.0,214.3658839184607,2023
00-0033106,2024_12_DET_IND,2024,12,269.0,257.48997348064665,2023
00-0033662,2024_12_DAL_WAS,2024,12,247.0,189.11464992053143,2023
00-0033873,2024_12_KC_CAR,2024,12,269.0,243.04179901393024,2023
00-0034796,2024_12_BAL_LAC,2024,12,177.0,238.38047611979837,2023
00-0034855,2024_12_TB_NYG,2024,12,294.0,224.16048786568365,2023
00-0034869,2024_12_MIN_CHI,2024,12,330.0,207.26667999666455,2023
00-0035228,2024_12_ARI_SEA,2024,12,285.0,223.09087552421624,2023
00-0035289,2024_12_DEN_LV,2024,12,230.0,229.61232842857177,2023
00-0036212,2024_12_NE_MIA,2024,12,317.0,242.78805603505236,2023
00-0036264,2024_12_SF_GB,2024,12,163.0,247.52124234314417,2023
00-0036355,2024_12_BAL_LAC,2024,12,218.0,231.18394369630775,2023
00-0036389,2024_12_PHI_LA,2024,12,179.0,216.08072018872153,2023
00-0036945,2024_12_PIT_CLE,2024,12,0.0,189.0529499832051,2023
00-0038122,2024_12_DEN_LV,2024,12,64.0,167.64286517509538,2023
00-0039150,2024_12_KC_CAR,2024,12,263.0,181.63623005923603,2023
00-0039152,2024_12_TEN_HOU,2024,12,278.0,196.37483889556276,2023
00-0039163,2024_12_TEN_HOU,2024,12,247.0,219.58652319869137,2023
00-0039164,2024_12_DET_IND,2024,12,172.0,178.41972330689413,2023
00-0039732,2024_12_DEN_LV,2024,12,273.0,227.3470610858989,2023
00-0039851,2024_12_NE_MIA,2024,12,222.0,228.9595412813208,2023
00-0039910,2024_12_DAL_WAS,2024,12,275.0,221.9853982340546,2023
00-0039918,2024_12_MIN_CHI,2024,12,340.0,195.7449999059673,2023
00-0023459,2024_13_SEA_NYJ,2024,13,185.0,204.88477628517876,2023
00-0026498,2024_13_LA_NO,2024,13,183.0,265.2034075654756,2023
00-0029263,2024_13_PIT_CIN,2024,13,414.0,238.62776567712388,2023
00-0029604,2024_13_LAC_ATL,2024,13,245.0,236.77225095467355,2023
00-0030565,2024_13_SEA_NYJ,2024,13,206.0,229.39831691232033,2023
00-0031280,2024_13_LA_NO,2024,13,184.0,219.90429145286657,2023
00-0031503,2024_13_CLE_DEN,2024,13,497.0,204.9659492501679,2023
00-0033106,2024_13_CHI_DET,2024,13,221.0,219.88061839518508,2023
00-0033662,2024_13_NYG_DAL,2024,13,195.0,203.43950056144283,2023
00-0033873,2024_13_LV_KC,2024,13,306.0,249.36402570748547,2023
00-0034796,2024_13_PHI_BAL,2024,13,237.0,212.0825688888564,2023
00-0034855,2024_13_TB_CAR,2024,13,235.0,243.73273515558213,2023
00-0034857,2024_13_SF_BUF,2024,13,148.0,210.80790427451217,2023
00-0034869,2024_13_ARI_MIN,2024,13,235.0,248.85282372921512,2023
00-0035228,2024_13_ARI_MIN,2024,13,260.0,217.50299554598217,2023
00-0036212,2024_13_MIA_GB,2024,13,365.0,234.1920785602841,2023
00-0036264,2024_13_MIA_GB,2024,13,274.0,215.19552760622628,2023
00-0036355,2024_13_LAC_ATL,2024,13,147.0,241.2270685482776,2023
00-0036389,2024_13_PHI_BAL,2024,13,118.0,215.84910377651596,2023
00-0036442,2024_13_PIT_CIN,2024,13,309.0,241.62293544843195,2023
00-0036945,2024_13_PIT_CIN,2024,13,0.0,215.42801619247064,2023
00-0036971,2024_13_HOU_JAX,2024,13,41.0,200.45184124981256,2023
00-0036972,2024_13_HOU_JAX,2024,13,235.0,168.81271023883977,2023
00-0037834,2024_13_SF_BUF,2024,13,94.0,221.3041709403945,2023
00-0038579,2024_13_LV_KC,2024,13,340.0,129.83909591646835,2023
00-0039150,2024_13_TB_CAR,2024,13,298.0,233.6585202700275,2023
00-0039152,2024_13_TEN_WAS,2024,13,212.0,219.70900710171392,2023
00-0039163,2024_13_HOU_JAX,2024,13,242.0,237.19806872064785,2023
00-0039164,2024_13_IND_NE,2024,13,109.0,173.35661209510138,2023
00-0039732,2024_13_CLE_DEN,2024,13,294.0,224.41911454465415,2023
00-0039851,2024_13_IND_NE,2024,13,238.0,220.51744378379925,2023
00-0039910,2024_13_TEN_WAS,2024,13,206.0,227.03899293584112,2023
00-0039918,2024_13_CHI_DET,2024,13,256.0,208.8826709889208,2023
00-0023459,2024_14_NYJ_MIA,2024,14,339.0,214.75407204980343,2023
00-0026498,2024_14_BUF_LA,2024,14,320.0,238.59997780281213,2023
00-0029263,2024_14_CLE_PIT,2024,14,158.0,248.52357318972344,2023
00-0029604,2024_14_ATL_MIN,2024,14,344.0,243.0144019322594,2023
00-0030565,2024_14_SEA_ARI,2024,14,233.0,246.80387192328257,2023
00-0031280,2024_14_NO_NYG,2024,14,219.0,230.46095895054935,2023
00-0031503,2024_14_CLE_PIT,2024,14,212.0,245.38487176880597,2023
00-0032434,2024_14_CHI_SF,2024,14,0.0,159.40260454383986,2023
00-0033106,2024_14_GB_DET,2024,14,283.0,239.13174026998507,2023
00-0033662,2024_14_CIN_DAL,2024,14,183.0,221.0921816950704,2023
00-0033873,2024_14_LAC_KC,2024,14,210.0,243.37462148171957,2023
00-0034855,2024_14_LV_TB,2024,14,295.0,244.35968985350385,2023
00-0034857,2024_14_BUF_LA,2024,14,342.0,226.15866315223963,2023
00-0034869,2024_14_ATL_MIN,2024,14,347.0,260.8784878012686,2023
00-0035228,2024_14_SEA_ARI,2024,14,259.0,214.92149254768592,2023
00-0035704,2024_14_NO_NYG,2024,14,227.0,175.75376778688593,2023
00-0036212,2024_14_NYJ_MIA,2024,14,331.0,252.7293476088795,2023
00-0036264,2024_14_GB_DET,2024,14,206.0,259.0719091414609,2023
00-0036355,2024_14_LAC_KC,2024,14,213.0,221.94096097776327,2023
00-0036389,2024_14_CAR_PHI,2024,14,108.0,211.64647048688536,2023
00-0036442,2024_14_CIN_DAL,2024,14,369.0,280.071588688743,2023
00-0036972,2024_14_JAX_TEN,2024,14,220.0,222.47536236856237,2023
00-0037834,2024_14_CHI_SF,2024,14,325.0,204.40007117070988,2023
00-0038122,2024_14_LV_TB,2024,14,101.0,151.68299604825685,2023
00-0038579,2024_14_LV_TB,2024,14,104.0,234.69020101748012,2023
00-0038998,2024_14_NO_NYG,2024,14,0.0,125.45151029368672,2023
00-0039150,2024_14_CAR_PHI,2024,14,191.0,216.2349058454973,2023
00-0039152,2024_14_JAX_TEN,2024,14,168.0,210.40352755480387,2023
00-0039918,2024_14_CHI_SF,2024,14,134.0,213.71938348666305,2023
00-0023459,2024_15_NYJ_JAX,2024,15,289.0,235.0629686802476,2023
00-0026498,2024_15_LA_SF,2024,15,160.0,258.6744945934984,2023
00-0029263,2024_15_PIT_PHI,2024,15,128.0,243.55859494843213,2023
00-0029604,2024_15_ATL_LV,2024,15,112.0,243.0778841182846,2023
00-0030565,2024_15_GB_SEA,2024,15,149.0,246.1586204751311,2023
00-0031503,2024_15_KC_CLE,2024,15,146.0,244.05826638883747,2023
00-0033106,2024_15_BUF_DET,2024,15,494.0,231.12102380389925,2023
00-0033662,2024_15_DAL_CAR,2024,15,214.0,218.86993643050184,2023
00-0033873,2024_15_KC_CLE,2024,15,159.0,239.27975023071656,2023
00-0034177,2024_15_BAL_NYG,2024,15,123.0,114.43179005941994,2023
00-0034771,2024_15_CIN_TEN,2024,15,209.0,142.04429700848257,2023
00-0034796,2024_15_BAL_NYG,2024,15,290.0,217.93782358588192,2023
00-0034855,2024_15_TB_LAC,2024,15,288.0,241.89799041130317,2023
00-0034857,2024_15_BUF_DET,2024,15,362.0,241.05821613042764,2023
00-0034869,2024_15_CHI_MIN,2024,15,231.0,241.7324636468558,2023
00-0035228,2024_15_NE_ARI,2024,15,224.0,218.56692608507004,2023
00-0036212,2024_15_MIA_HOU,2024,15,196.0,255.30079668959507,2023
00-0036264,2024_15_GB_SEA,2024,15,229.0,238.0018125801346,2023
00-0036355,2024_15_TB_LAC,2024,15,195.0,244.1166951865271,2023
00-0036389,2024_15_PIT_PHI,2024,15,290.0,195.86009647320347,2023
00-0036442,2024_15_CIN_TEN,2024,15,271.0,276.15697667890265,2023
00-0036945,2024_15_PIT_PHI,2024,15,0.0,157.7406819832352,2023
00-0036972,2024_15_NYJ_JAX,2024,15,294.0,200.8611860547492,2023
00-0037834,2024_15_LA_SF,2024,15,142.0,242.4684430587129,2023
00-0038122,2024_15_ATL_LV,2024,15,208.0,178.83116005153673,2023
00-0038476,2024_15_BAL_NYG,2024,15,68.0,162.88757970229477,2023
00-0038583,2024_15_KC_CLE,2024,15,18.0,109.29694428420134,2023
00-0038998,2024_15_WAS_NO,2024,15,49.0,153.83642641585442,2023
00-0039150,2024_15_DAL_CAR,2024,15,219.0,223.90288581499465,2023
00-0039152,2024_15_CIN_TEN,2024,15,89.0,231.8883756692138,2023
00-0039163,2024_15_MIA_HOU,2024,15,131.0,197.9483458218094,2023
00-0039164,2024_15_IND_DEN,2024,15,172.0,159.5956854086018,2023
00-0039376,2024_15_WAS_NO,2024,15,135.0,138.884481599572,2023
00-0039732,2024_15_IND_DEN,2024,15,130.0,208.7356868911956,2023
00-0039851,2024_15_NE_ARI,2024,15,202.0,218.7717563428779,2023
00-0039910,2024_15_WAS_NO,2024,15,226.0,214.8001707014328,2023
00-0039918,2024_15_CHI_MIN,2024,15,191.0,219.12893744589869,2023
00-0023459,2024_16_LA_NYJ,2024,16,256.0,238.56073083575737,2023
00-0026498,2024_16_LA_NYJ,2024,16,110.0,236.63943565399248,2023
00-0029263,2024_16_PIT_BAL,2024,16,217.0,250.1270310875585,2023
00-0030565,2024_16_MIN_SEA,2024,16,314.0,237.9996388671743,2023
00-0033106,2024_16_DET_CHI,2024,16,336.0,249.9285317374035,2023
00-0033662,2024_16_TB_DAL,2024,16,292.0,227.37741857051395,2023
00-0033873,2024_16_HOU_KC,2024,16,260.0,238.63268026887368,2023
00-0034771,2024_16_TEN_IND,2024,16,252.0,223.2981566728191,2023
00-0034796,2024_16_PIT_BAL,2024,16,207.0,221.8395523383956,2023
00-0034855,2024_16_TB_DAL,2024,16,303.0,261.71531691872894,2023
00-0034857,2024_16_NE_BUF,2024,16,154.0,239.94043039240185,2023
00-0034869,2024_16_MIN_SEA,2024,16,246.0,231.59478019565583,2023
00-0035228,2024_16_ARI_CAR,2024,16,202.0,222.27507875588495,2023
00-0035704,2024_16_NYG_ATL,2024,16,210.0,140.43073761031002,2023
00-0036212,2024_16_SF_MIA,2024,16,215.0,250.6799859999849,2023
00-0036264,2024_16_NO_GB,2024,16,182.0,240.23319816122483,2023
00-0036355,2024_16_DEN_LAC,2024,16,284.0,216.3586793935202,2023
00-0036389,2024_16_PHI_WAS,2024,16,11.0,220.91358445677247,2023
00-0036442,2024_16_CLE_CIN,2024,16,252.0,276.4131160072779,2023
00-0036972,2024_16_JAX_LV,2024,16,247.0,204.33386800425995,2023
00-0037834,2024_16_SF_MIA,2024,16,313.0,205.8995563766084,2023
00-0038128,2024_16_NO_GB,2024,16,34.0,160.67567639566164,2023
00-0038579,2024_16_JAX_LV,2024,16,257.0,187.7672190960169,2023
00-0038583,2024_16_CLE_CIN,2024,16,157.0,130.39559432493888,2023
00-0039150,2024_16_ARI_CAR,2024,16,158.0,241.878946757988,2023
00-0039163,2024_16_HOU_KC,2024,16,244.0,230.54657306258343,2023
00-0039164,2024_16_TEN_IND,2024,16,131.0,179.64202958810566,2023
00-0039376,2024_16_NO_GB,2024,16,153.0,186.9539763702667,2023
00-0039732,2024_16_DEN_LAC,2024,16,263.0,215.7532606929754,2023
00-0039851,2024_16_NE_BUF,2024,16,261.0,241.88604537251297,2023
00-0039910,2024_16_PHI_WAS,2024,16,258.0,217.0490379556576,2023
00-0039918,2024_16_DET_CHI,2024,16,334.0,219.541376089582,2023
00-0023459,2024_17_NYJ_BUF,2024,17,112.0,240.5127843563941,2023
00-0026158,2024_17_IND_NYG,2024,17,330.0,148.18066833590038,2023
00-0026498,2024_17_ARI_LA,2024,17,189.0,244.79614888618545,2023
00-0029263,2024_17_KC_PIT,2024,17,205.0,247.67973617898429,2023
00-0030565,2024_17_SEA_CHI,2024,17,160.0,241.92554749407347,2023
00-0033106,2024_17_DET_SF,2024,17,303.0,267.8277916161208,2023
00-0033119,2024_17_LAC_NE,2024,17,-2.0,144.4510740754982,2023
00-0033662,2024_17_DAL_PHI,2024,17,147.0,212.55424054926357,2023
00-0033873,2024_17_KC_PIT,2024,17,320.0,240.6262298046269,2023
00-0034771,2024_17_TEN_JAX,2024,17,193.0,217.03854377678925,2023
00-0034796,2024_17_BAL_HOU,2024,17,168.0,236.3890876303145,2023
00-0034855,2024_17_CAR_TB,2024,17,359.0,242.89173589189463,2023
00-0034857,2024_17_NYJ_BUF,2024,17,182.0,212.84958108427833,2023
00-0034869,2024_17_GB_MIN,2024,17,377.0,239.98705173441533,2023
00-0035228,2024_17_ARI_LA,2024,17,321.0,224.81716107350263,2023
00-0035704,2024_17_IND_NYG,2024,17,309.0,175.7590876415773,2023
00-0035993,2024_17_MIA_CLE,2024,17,225.0,134.6470547581139,2023
00-0036264,2024_17_GB_MIN,2024,17,185.0,234.47499915747792,2023
00-0036355,2024_17_LAC_NE,2024,17,281.0,228.43891580703416,2023
00-0036442,2024_17_DEN_CIN,2024,17,412.0,270.9993564658862,2023
00-0036972,2024_17_TEN_JAX,2024,17,174.0,188.56832852290657,2023
00-0037834,2024_17_DET_SF,2024,17,377.0,237.85638269697972,2023
00-0038102,2024_17_DAL_PHI,2024,17,143.0,206.55462254154756,2023
00-0038579,2024_17_LV_NO,2024,17,242.0,196.00006243939103,2023
00-0038583,2024_17_MIA_CLE,2024,17,170.0,151.28040496729534,2023
00-0039150,2024_17_CAR_TB,2024,17,203.0,237.5765009083888,2023
00-0039163,2024_17_BAL_HOU,2024,17,185.0,224.9120728626842,2023
00-0039376,2024_17_LV_NO,2024,17,218.0,177.01539800737913,2023
00-0039732,2024_17_DEN_CIN,2024,17,219.0,225.0321150245046,2023
00-0039851,2024_17_LAC_NE,2024,17,117.0,222.61659705595267,2023
00-0039910,2024_17_ATL_WAS,2024,17,227.0,233.21540893698497,2023
00-0039917,2024_17_ATL_WAS,2024,17,223.0,200.24203627369104,2023
00-0039918,2024_17_SEA_CHI,2024,17,122.0,216.5445612417387,2023
00-0023459,2024_18_MIA_NYJ,2024,18,274.0,193.7435237390727,2023
00-0026158,2024_18_JAX_IND,2024,18,264.0,226.3539442778167,2023
00-0029263,2024_18_CIN_PIT,2024,18,148.0,254.7516147234141,2023
00-0030565,2024_18_SEA_LA,2024,18,223.0,228.9194008932869,2023
00-0032268,2024_18_WAS_DAL,2024,18,161.0,167.11474607834836,2023
00-0033106,2024_18_MIN_DET,2024,18,231.0,272.6616248483083,2023
00-0034771,2024_18_HOU_TEN,2024,18,70.0,206.2569306715168,2023
00-0034796,2024_18_CLE_BAL,2024,18,217.0,224.65533603254372,2023
00-0034855,2024_18_NO_TB,2024,18,221.0,253.577144500376,2023
00-0034869,2024_18_MIN_DET,2024,18,166.0,281.9687631119337,2023
00-0035228,2024_18_SF_ARI,2024,18,242.0,222.28276963574643,2023
00-0035704,2024_18_NYG_PHI,2024,18,138.0,207.170022275506,2023
00-0035993,2024_18_MIA_NYJ,2024,18,227.0,186.6503459520951,2023
00-0036264,2024_18_CHI_GB,2024,18,69.0,212.0012854919744,2023
00-0036355,2024_18_LAC_LV,2024,18,346.0,235.16243995061023,2023
00-0036442,2024_18_CIN_PIT,2024,18,277.0,260.12801043366704,2023
00-0036972,2024_18_JAX_IND,2024,18,225.0,216.02445221297063,2023
00-0038122,2024_18_LAC_LV,2024,18,11.0,179.18566956690117,2023
00-0038128,2024_18_CHI_GB,2024,18,136.0,166.31942599961374,2023
00-0038579,2024_18_LAC_LV,2024,18,214.0,227.85897655225833,2023
00-0038583,2024_18_CLE_BAL,2024,18,13.0,151.05873035308258,2023
00-0039150,2024_18_CAR_ATL,2024,18,251.0,229.32368751006865,2023
00-0039152,2024_18_HOU_TEN,2024,18,175.0,177.31902015977946,2023
00-0039163,2024_18_HOU_TEN,2024,18,50.0,196.15762827304124,2023
00-0039376,2024_18_NO_TB,2024,18,240.0,181.19290575854927,2023
00-0039732,2024_18_KC_DEN,2024,18,321.0,209.1502532272461,2023
00-0039851,2024_18_BUF_NE,2024,18,0.0,193.53512626020645,2023
00-0039910,2024_18_WAS_DAL,2024,18,38.0,226.99834655045615,2023
00-0039917,2024_18_CAR_ATL,2024,18,312.0,215.74578542540632,2023
00-0039918,2024_18_CHI_GB,2024,18,148.0,210.0371187209068,2023
00-0026498,2024_19_MIN_LA,2024,19,209.0,213.68465132230835,2023
00-0029263,2024_19_PIT_BAL,2024,19,270.0,225.44031235842263,2023
00-0032268,2024_19_WAS_TB,2024,19,0.0,218.72010087610028,2023
00-0033869,2024_19_DEN_BUF,2024,19,0.0,203.8483187741252,2023
00-0034796,2024_19_PIT_BAL,2024,19,175.0,219.04198305050895,2023
00-0034855,2024_19_WAS_TB,2024,19,185.0,261.6993629661395,2023
00-0034857,2024_19_DEN_BUF,2024,19,272.0,216.405534471355,2023
00-0034869,2024_19_MIN_LA,2024,19,245.0,253.77944882687012,2023
00-0036264,2024_19_GB_PHI,2024,19,212.0,203.05101907158627,2023
00-0036355,2024_19_LAC_HOU,2024,19,242.0,237.6822562529175,2023
00-0036389,2024_19_GB_PHI,2024,19,131.0,207.87621431510405,2023
00-0036945,2024_19_PIT_BAL,2024,19,0.0,144.95032046805656,2023
00-0039163,2024_19_LAC_HOU,2024,19,282.0,206.42967979171024,2023
00-0039732,2024_19_DEN_BUF,2024,19,144.0,213.84838060964333,2023
00-0039910,2024_19_WAS_TB,2024,19,268.0,217.9061071659608,2023
00-0026498,2024_20_LA_PHI,2024,20,324.0,212.48399799172407,2023
00-0032268,2024_20_WAS_DET,2024,20,0.0,188.6711675603696,2023
00-0033106,2024_20_WAS_DET,2024,20,313.0,252.67444866100112,2023
00-0033873,2024_20_HOU_KC,2024,20,177.0,231.92584503397893,2023
00-0034796,2024_20_BAL_BUF,2024,20,254.0,216.0388911460012,2023
00-0034857,2024_20_BAL_BUF,2024,20,127.0,223.48872137698768,2023
00-0036389,2024_20_LA_PHI,2024,20,128.0,217.24721138772503,2023
00-0039163,2024_20_HOU_KC,2024,20,245.0,226.18419520855215,2023
00-0039910,2024_20_WAS_DET,2024,20,299.0,226.74944565298227,2023
00-0033873,2024_21_BUF_KC,2024,21,245.0,254.16806120614044,2023
00-0034857,2024_21_BUF_KC,2024,21,237.0,231.71586865500348,2023
00-0036389,2024_21_WAS_PHI,2024,21,246.0,211.17669683198747,2023
00-0038102,2024_21_WAS_PHI,2024,21,0.0,177.5523007019641,2023
00-0039910,2024_21_WAS_PHI,2024,21,255.0,222.68392381252713,2023
00-0033873,2024_22_KC_PHI,2024,22,257.0,254.8522449176828,2023
00-0036389,2024_22_KC_PHI,2024,22,221.0,226.6618365861706,2023
00-0038102,2024_22_KC_PHI,2024,22,0.0,192.51043099006156,2023
00-0023459,2025_02_SEA_PIT,2025,2,203.0,253.89495299024392,2024
00-0026158,2025_02_CLE_BAL,2025,2,199.0,256.40539324958667,2024
00-0026498,2025_02_LA_TEN,2025,2,298.0,229.12576034520623,2024
00-0029263,2025_02_NYG_DAL,2025,2,450.0,205.72716212854695,2024
00-0030565,2025_02_LAC_LV,2025,2,180.0,260.47363210509764,2024
00-0033077,2025_02_NYG_DAL,2025,2,361.0,244.094396157676,2024
00-0033106,2025_02_CHI_DET,2025,2,334.0,258.61996025429136,2024
00-0033873,2025_02_PHI_KC,2025,2,187.0,236.36031549832185,2024
00-0034796,2025_02_CLE_BAL,2025,2,225.0,214.48160277224912,2024
00-0034855,2025_02_TB_HOU,2025,2,215.0,207.98959721437296,2024
00-0034857,2025_02_BUF_NYJ,2025,2,148.0,252.25161449129527,2024
00-0034869,2025_02_SEA_PIT,2025,2,295.0,216.2920632347221,2024
00-0035228,2025_02_CAR_ARI,2025,2,220.0,226.01124615151747,2024
00-0035710,2025_02_DEN_IND,2025,2,316.0,242.06090932132807,2024
00-0036212,2025_02_NE_MIA,2025,2,315.0,198.38377332498612,2024
00-0036264,2025_02_WAS_GB,2025,2,292.0,233.73000113076455,2024
00-0036355,2025_02_LAC_LV,2025,2,242.0,268.779344883667,2024
00-0036389,2025_02_PHI_KC,2025,2,101.0,219.9601058803227,2024
00-0036442,2025_02_JAX_CIN,2025,2,76.0,222.61493751724433,2024
00-0036945,2025_02_BUF_NYJ,2025,2,27.0,201.34939699806935,2024
00-0036971,2025_02_JAX_CIN,2025,2,271.0,235.5519697456628,2024
00-0039150,2025_02_CAR_ARI,2025,2,328.0,202.15265234525447,2024
00-0039163,2025_02_TB_HOU,2025,2,207.0,230.7015081172789,2024
00-0039376,2025_02_SF_NO,2025,2,207.0,203.3136188879453,2024
00-0039732,2025_02_DEN_IND,2025,2,206.0,228.10811694994825,2024
00-0039851,2025_02_NE_MIA,2025,2,230.0,246.4111225815708,2024
00-0039910,2025_02_WAS_GB,2025,2,200.0,216.10713029923284,2024
00-0039917,2025_02_ATL_MIN,2025,2,135.0,263.01323067809096,2024
00-0039918,2025_02_CHI_DET,2025,2,207.0,236.0971470406194,2024
00-0039923,2025_02_ATL_MIN,2025,2,158.0,213.37323605631096,2024
00-0040676,2025_02_LA_TEN,2025,2,175.0,208.5657867099821,2024
00-0023459,2025_03_PIT_NE,2025,3,139.0,248.39510893875072,2024
00-0026158,2025_03_GB_CLE,2025,3,142.0,232.62730927452853,2024
00-0026498,2025_03_LA_PHI,2025,3,196.0,260.413377926547,2024
00-0028118,2025_03_NYJ_TB,2025,3,197.0,176.10606297484762,2024
00-0029263,2025_03_KC_NYG,2025,3,160.0,238.53973814892535,2024
00-0030565,2025_03_LV_WAS,2025,3,289.0,217.14250141328696,2024
00-0033077,2025_03_DAL_CHI,2025,3,251.0,254.19857433194707,2024
00-0033106,2025_03_DET_BAL,2025,3,202.0,291.96525881795327,2024
00-0033873,2025_03_KC_NYG,2025,3,224.0,235.25576462383137,2024
00-0034796,2025_03_DET_BAL,2025,3,288.0,219.4259079965228,2024
00-0034855,2025_03_NYJ_TB,2025,3,233.0,236.80391183734784,2024
00-0034857,2025_03_MIA_BUF,2025,3,213.0,265.53179298176474,2024
00-0034869,2025_03_NO_SEA,2025,3,218.0,233.79985025895573,2024
00-0035100,2025_03_CIN_MIN,2025,3,140.0,243.8056351278503,2024
00-0035228,2025_03_ARI_SF,2025,3,159.0,224.43506153013575,2024
00-0035710,2025_03_IND_TEN,2025,3,228.0,238.09855834028727,2024
00-0036212,2025_03_MIA_BUF,2025,3,146.0,235.0095397439279,2024
00-0036264,2025_03_GB_CLE,2025,3,183.0,224.85520258549,2024
00-0036355,2025_03_DEN_LAC,2025,3,300.0,245.14163776016963,2024
00-0036389,2025_03_LA_PHI,2025,3,226.0,195.74374773196575,2024
00-0036971,2025_03_HOU_JAX,2025,3,222.0,229.78272435161884,2024
00-0036972,2025_03_ARI_SF,2025,3,284.0,253.6185867919546,2024
00-0039150,2025_03_ATL_CAR,2025,3,121.0,221.35384176800395,2024
00-0039163,2025_03_HOU_JAX,2025,3,204.0,197.2563558042528,2024
00-0039376,2025_03_NO_SEA,2025,3,218.0,233.37256273677792,2024
00-0039732,2025_03_DEN_LAC,2025,3,153.0,243.2917869189105,2024
00-0039851,2025_03_PIT_NE,2025,3,268.0,237.1987141932503,2024
00-0039917,2025_03_ATL_CAR,2025,3,172.0,226.8174773346275,2024
00-0039918,2025_03_DAL_CHI,2025,3,298.0,232.13221243827687,2024
00-0040676,2025_03_IND_TEN,2025,3,219.0,207.48481303681496,2024
00-0023459,2025_04_MIN_PIT,2025,4,200.0,238.58641575919668,2024
00-0026158,2025_04_CLE_DET,2025,4,184.0,205.8339846623031,2024
00-0026498,2025_04_IND_LA,2025,4,375.0,255.08547946834608,2024
00-0029263,2025_04_LAC_NYG,2025,4,8.0,207.03025047960517,2024
00-0030565,2025_04_CHI_LV,2025,4,117.0,259.7668240441449,2024
00-0032268,2025_04_WAS_ATL,2025,4,156.0,194.22698067383084,2024
00-0032950,2025_04_MIN_PIT,2025,4,350.0,233.17854557899176,2024
00-0033077,2025_04_GB_DAL,2025,4,319.0,248.8233446782246,2024
00-0033106,2025_04_CLE_DET,2025,4,168.0,250.81183286786953,2024
00-0033873,2025_04_BAL_KC,2025,4,270.0,237.4935932762154,2024
00-0034796,2025_04_BAL_KC,2025,4,147.0,236.3247512633719,2024
00-0034855,2025_04_PHI_TB,2025,4,289.0,228.39773584073205,2024
00-0034857,2025_04_NO_BUF,2025,4,209.0,240.7801883881894,2024
00-0034869,2025_04_SEA_ARI,2025,4,242.0,217.92127969605687,2024
00-0035100,2025_04_CIN_DEN,2025,4,125.0,212.6774196719198,2024
00-0035228,2025_04_SEA_ARI,2025,4,200.0,225.95138959141903,2024
00-0035710,2025_04_IND_LA,2025,4,262.0,267.95656016337387,2024
00-0036212,2025_04_NYJ_MIA,2025,4,177.0,230.42215749212053,2024
00-0036264,2025_04_GB_DAL,2025,4,337.0,246.72360974939636,2024
00-0036355,2025_04_LAC_NYG,2025,4,203.0,247.20594396431997,2024
00-0036389,2025_04_PHI_TB,2025,4,130.0,201.9261950432351,2024
00-0036945,2025_04_NYJ_MIA,2025,4,226.0,140.39417933585327,2024
00-0036971,2025_04_JAX_SF,2025,4,174.0,223.27342154489656,2024
00-0037834,2025_04_JAX_SF,2025,4,309.0,175.3084412497223,2024
00-0039150,2025_04_CAR_NE,2025,4,150.0,221.60450047020953,2024
00-0039163,2025_04_TEN_HOU,2025,4,233.0,214.28120358782311,2024
00-0039376,2025_04_NO_BUF,2025,4,126.0,232.4151523279818,2024
00-0039732,2025_04_CIN_DEN,2025,4,326.0,243.30605074053756,2024
00-0039851,2025_04_CAR_NE,2025,4,203.0,228.0252272136675,2024
00-0039917,2025_04_WAS_ATL,2025,4,313.0,212.74756415725744,2024
00-0039918,2025_04_CHI_LV,2025,4,212.0,239.14655591220577,2024
00-0040676,2025_04_TEN_HOU,2025,4,108.0,201.0905314024096,2024
00-0026498,2025_05_SF_LA,2025,5,389.0,269.68278364647205,2024
00-0030565,2025_05_LV_IND,2025,5,228.0,237.59279320278785,2024
00-0032950,2025_05_MIN_CLE,2025,5,236.0,228.99472346525667,2024
00-0033077,2025_05_DAL_NYJ,2025,5,237.0,260.87565328947255,2024
00-0033106,2025_05_DET_CIN,2025,5,258.0,257.0958199292464,2024
00-0033873,2025_05_KC_JAX,2025,5,318.0,246.53001005284904,2024
00-0034855,2025_05_TB_SEA,2025,5,379.0,227.37445778220737,2024
00-0034857,2025_05_NE_BUF,2025,5,253.0,225.26724298645397,2024
00-0034869,2025_05_TB_SEA,2025,5,341.0,226.8139166900301,2024
00-0035100,2025_05_DET_CIN,2025,5,251.0,213.67769945742057,2024
00-0035228,2025_05_TEN_ARI,2025,5,220.0,227.23379260760703,2024
00-0035710,2025_05_LV_IND,2025,5,212.0,265.3612629532738,2024
00-0036212,2025_05_MIA_CAR,2025,5,256.0,227.5961266927546,2024
00-0036355,2025_05_WAS_LAC,2025,5,166.0,261.7080836023941,2024
00-0036389,2025_05_DEN_PHI,2025,5,280.0,187.1788224448204,2024
00-0036945,2025_05_DAL_NYJ,2025,5,283.0,200.8892456916996,2024
00-0036971,2025_05_KC_JAX,2025,5,221.0,237.21817025358183,2024
00-0036972,2025_05_SF_LA,2025,5,342.0,237.5576247113028,2024
00-0039150,2025_05_MIA_CAR,2025,5,198.0,237.98079514752024,2024
00-0039163,2025_05_HOU_BAL,2025,5,244.0,231.21271532918135,2024
00-0039376,2025_05_NYG_NO,2025,5,225.0,238.0542415580451,2024
00-0039732,2025_05_DEN_PHI,2025,5,242.0,244.5532736367958,2024
00-0039851,2025_05_NE_BUF,2025,5,273.0,256.38364073517585,2024
00-0039910,2025_05_WAS_LAC,2025,5,231.0,197.08942766224143,2024
00-0040676,2025_05_TEN_ARI,2025,5,265.0,199.6720679248264,2024
00-0040691,2025_05_NYG_NO,2025,5,202.0,180.17629282849583,2024
00-0023459,2025_06_CLE_PIT,2025,6,235.0,204.7606199525036,2024
00-0026158,2025_06_CIN_GB,2025,6,219.0,161.6542596546683,2024
00-0026498,2025_06_LA_BAL,2025,6,181.0,271.7487202760284,2024
00-0029263,2025_06_PHI_NYG,2025,6,0.0,193.3970491798472,2024
00-0030565,2025_06_TEN_LV,2025,6,174.0,225.8107680849328,2024
00-0033077,2025_06_DAL_CAR,2025,6,261.0,269.38974104848023,2024
00-0033106,2025_06_DET_KC,2025,6,203.0,253.02068464272412,2024
00-0033662,2025_06_LA_BAL,2025,6,72.0,198.5223090050258,2024
00-0033873,2025_06_DET_KC,2025,6,257.0,238.6855028509265,2024
00-0034855,2025_06_SF_TB,2025,6,256.0,241.7374454208419,2024
00-0034857,2025_06_BUF_ATL,2025,6,180.0,231.77491784398484,2024
00-0034869,2025_06_SEA_JAX,2025,6,295.0,256.98939042411814,2024
00-0035710,2025_06_ARI_IND,2025,6,212.0,256.19102752725036,2024
00-0036212,2025_06_LAC_MIA,2025,6,205.0,250.78579479394108,2024
00-0036264,2025_06_CIN_GB,2025,6,259.0,249.23215303504915,2024
00-0036355,2025_06_LAC_MIA,2025,6,264.0,244.9004945269091,2024
00-0036389,2025_06_PHI_NYG,2025,6,283.0,194.00806088751224,2024
00-0036945,2025_06_DEN_NYJ,2025,6,45.0,207.77563547377292,2024
00-0036971,2025_06_SEA_JAX,2025,6,258.0,235.91334997711365,2024
00-0036972,2025_06_SF_TB,2025,6,347.0,263.5518021132578,2024
00-0039150,2025_06_DAL_CAR,2025,6,199.0,242.9095976263232,2024
00-0039376,2025_06_NE_NO,2025,6,227.0,229.65340106452416,2024
00-0039732,2025_06_DEN_NYJ,2025,6,174.0,245.28356090143672,2024
00-0039851,2025_06_NE_NO,2025,6,261.0,255.19012279510855,2024
00-0039910,2025_06_CHI_WAS,2025,6,211.0,217.41245652322073,2024
00-0039917,2025_06_BUF_ATL,2025,6,250.0,209.23238212745449,2024
00-0039918,2025_06_CHI_WAS,2025,6,252.0,223.2585973598618,2024
00-0040676,2025_06_TEN_LV,2025,6,222.0,192.1736922828018,2024
00-0040691,2025_06_PHI_NYG,2025,6,195.0,192.3751031736697,2024
00-0040704,2025_06_CLE_PIT,2025,6,221.0,202.18428476887723,2024
00-0023459,2025_07_PIT_CIN,2025,7,249.0,253.48786435641085,2024
00-0026158,2025_07_PIT_CIN,2025,7,342.0,209.00084201045195,2024
00-0026498,2025_07_LA_JAX,2025,7,182.0,253.5395334267581,2024
00-0028118,2025_07_CAR_NYJ,2025,7,126.0,142.985010862759,2024
00-0030565,2025_07_LV_KC,2025,7,67.0,210.87430578787587,2024
00-0032268,2025_07_WAS_DAL,2025,7,63.0,153.52660863945994,2024
00-0032950,2025_07_PHI_MIN,2025,7,313.0,230.86827963957825,2024
00-0033077,2025_07_WAS_DAL,2025,7,264.0,273.81321388102896,2024
00-0033106,2025_07_TB_DET,2025,7,241.0,258.64522399074684,2024
00-0033119,2025_07_GB_ARI,2025,7,279.0,227.25509263602095,2024
00-0033873,2025_07_LV_KC,2025,7,286.0,238.53111055353,2024
00-0034855,2025_07_TB_DET,2025,7,228.0,264.25256037382644,2024
00-0034869,2025_07_HOU_SEA,2025,7,213.0,238.2885683121761,2024
00-0035710,2025_07_IND_LAC,2025,7,288.0,264.66203081373806,2024
00-0036212,2025_07_MIA_CLE,2025,7,100.0,184.70363630257705,2024
00-0036264,2025_07_GB_ARI,2025,7,179.0,245.4079368480188,2024
00-0036355,2025_07_IND_LAC,2025,7,420.0,258.26072653832296,2024
00-0036389,2025_07_PHI_MIN,2025,7,326.0,214.68500980535396,2024
00-0036945,2025_07_CAR_NYJ,2025,7,46.0,186.8966491221209,2024
00-0036971,2025_07_LA_JAX,2025,7,296.0,230.88050508835295,2024
00-0036972,2025_07_ATL_SF,2025,7,152.0,246.08371640612523,2024
00-0039150,2025_07_CAR_NYJ,2025,7,138.0,204.45502016956212,2024
00-0039163,2025_07_HOU_SEA,2025,7,229.0,231.50468032525103,2024
00-0039376,2025_07_NO_CHI,2025,7,233.0,221.9590407806668,2024
00-0039732,2025_07_NYG_DEN,2025,7,279.0,219.23824822031065,2024
00-0039851,2025_07_NE_TEN,2025,7,222.0,232.33707450190363,2024
00-0039910,2025_07_WAS_DAL,2025,7,156.0,223.77160658815308,2024
00-0039917,2025_07_ATL_SF,2025,7,241.0,224.8871305284321,2024
00-0039918,2025_07_NO_CHI,2025,7,172.0,244.15693688264776,2024
00-0040676,2025_07_NE_TEN,2025,7,255.0,208.5226582215549,2024
00-0040691,2025_07_NYG_DEN,2025,7,283.0,195.37876456908913,2024
00-0040704,2025_07_MIA_CLE,2025,7,116.0,181.45895139913029,2024
00-0023459,2025_08_GB_PIT,2025,8,219.0,249.24535583200895,2024
00-0026158,2025_08_NYJ_CIN,2025,8,223.0,225.76190722387497,2024
00-0032268,2025_08_WAS_KC,2025,8,213.0,151.5920498335138,2024
00-0032950,2025_08_MIN_LAC,2025,8,144.0,257.46180640074493,2024
00-0033077,2025_08_DAL_DEN,2025,8,188.0,256.42500699664186,2024
00-0033873,2025_08_WAS_KC,2025,8,299.0,261.8282413901808,2024
00-0034855,2025_08_TB_NO,2025,8,152.0,248.6002490971645,2024
00-0034857,2025_08_BUF_CAR,2025,8,163.0,208.9611978905255,2024
00-0035710,2025_08_TEN_IND,2025,8,272.0,267.3338588444462,2024
00-0036212,2025_08_MIA_ATL,2025,8,205.0,224.6076681243485,2024
00-0036264,2025_08_GB_PIT,2025,8,360.0,251.56778016979624,2024
00-0036355,2025_08_MIN_LAC,2025,8,227.0,259.14079664835305,2024
00-0036389,2025_08_NYG_PHI,2025,8,179.0,226.36214365463667,2024
00-0036945,2025_08_NYJ_CIN,2025,8,244.0,169.67190446839444,2024
00-0036972,2025_08_SF_HOU,2025,8,193.0,227.2991808535031,2024
00-0039163,2025_08_SF_HOU,2025,8,318.0,228.5445123858092,2024
00-0039376,2025_08_TB_NO,2025,8,136.0,232.66471462483904,2024
00-0039732,2025_08_DAL_DEN,2025,8,247.0,260.1307538594463,2024
00-0039851,2025_08_CLE_NE,2025,8,282.0,217.40169804845124,2024
00-0039918,2025_08_CHI_BAL,2025,8,285.0,228.08648439439185,2024
00-0040676,2025_08_TEN_IND,2025,8,259.0,202.64431999083573,2024
00-0040691,2025_08_NYG_PHI,2025,8,193.0,206.98175541285457,2024
00-0040704,2025_08_CLE_NE,2025,8,156.0,192.97751227586463,2024
00-0023459,2025_09_IND_PIT,2025,9,203.0,246.22822949840895,2024
00-0026158,2025_09_CHI_CIN,2025,9,470.0,251.26014979752057,2024
00-0026498,2025_09_NO_LA,2025,9,281.0,257.7343058855649,2024
00-0030565,2025_09_JAX_LV,2025,9,284.0,187.67223028420992,2024
00-0033077,2025_09_ARI_DAL,2025,9,250.0,279.18980912001894,2024
00-0033106,2025_09_MIN_DET,2025,9,284.0,226.09353597775876,2024
00-0033119,2025_09_ARI_DAL,2025,9,261.0,208.06050238973873,2024
00-0033873,2025_09_KC_BUF,2025,9,250.0,275.7090073838572,2024
00-0034796,2025_09_BAL_MIA,2025,9,204.0,166.3581749400055,2024
00-0034857,2025_09_KC_BUF,2025,9,273.0,239.93228859461712,2024
00-0034869,2025_09_SEA_WAS,2025,9,330.0,231.04023544551117,2024
00-0035710,2025_09_IND_PIT,2025,9,342.0,279.1843679480686,2024
00-0036212,2025_09_BAL_MIA,2025,9,261.0,240.4685819644625,2024
00-0036264,2025_09_CAR_GB,2025,9,273.0,249.55487852887552,2024
00-0036355,2025_09_LAC_TEN,2025,9,250.0,244.59851361765044,2024
00-0036971,2025_09_JAX_LV,2025,9,220.0,205.0175329799177,2024
00-0036972,2025_09_SF_NYG,2025,9,235.0,259.5830170174856,2024
00-0039150,2025_09_CAR_GB,2025,9,102.0,204.6427547889451,2024
00-0039163,2025_09_DEN_HOU,2025,9,79.0,232.22898318363897,2024
00-0039732,2025_09_DEN_HOU,2025,9,173.0,229.5145604880569,2024
00-0039851,2025_09_ATL_NE,2025,9,259.0,242.0784277078751,2024
00-0039910,2025_09_SEA_WAS,2025,9,153.0,182.73302626249472,2024
00-0039917,2025_09_ATL_NE,2025,9,221.0,211.5973354154605,2024
00-0039918,2025_09_CHI_CIN,2025,9,280.0,245.67176332415795,2024
00-0039923,2025_09_MIN_DET,2025,9,143.0,126.27414679122744,2024
00-0040676,2025_09_LAC_TEN,2025,9,145.0,215.86505827778117,2024
00-0040691,2025_09_SF_NYG,2025,9,191.0,198.75196318049217,2024
00-0040743,2025_09_NO_LA,2025,9,176.0,157.59186280604317,2024
00-0023459,2025_10_PIT_LAC,2025,10,161.0,250.72266059757652,2024
00-0026498,2025_10_LA_SF,2025,10,280.0,269.5697591481752,2024
00-0029263,2025_10_NYG_CHI,2025,10,45.0,126.01185363673582,2024
00-0030565,2025_10_LV_DEN,2025,10,143.0,228.9766911307935,2024
00-0032268,2025_10_DET_WAS,2025,10,213.0,164.8442969383362,2024
00-0033106,2025_10_DET_WAS,2025,10,320.0,248.09761621287657,2024
00-0033119,2025_10_ARI_SEA,2025,10,258.0,222.41061807348507,2024
00-0034796,2025_10_BAL_MIN,2025,10,176.0,213.9464993309582,2024
00-0034855,2025_10_NE_TB,2025,10,273.0,216.21709786985585,2024
00-0034857,2025_10_BUF_MIA,2025,10,306.0,238.9972457752054,2024
00-0034869,2025_10_ARI_SEA,2025,10,178.0,265.3016662881435,2024
00-0035710,2025_10_ATL_IND,2025,10,255.0,262.69069953140826,2024
00-0036212,2025_10_BUF_MIA,2025,10,173.0,221.64270035035165,2024
00-0036264,2025_10_PHI_GB,2025,10,176.0,258.8733345899252,2024
00-0036355,2025_10_PIT_LAC,2025,10,220.0,247.41265717163228,2024
00-0036389,2025_10_PHI_GB,2025,10,183.0,218.47310998956507,2024
00-0036898,2025_10_JAX_HOU,2025,10,292.0,181.1955335049648,2024
00-0036945,2025_10_CLE_NYJ,2025,10,54.0,186.5276933627222,2024
00-0036971,2025_10_JAX_HOU,2025,10,158.0,205.09721589844057,2024
00-0036972,2025_10_LA_SF,2025,10,319.0,241.5458176234828,2024
00-0039150,2025_10_NO_CAR,2025,10,124.0,199.8116942402792,2024
00-0039732,2025_10_LV_DEN,2025,10,150.0,231.27861274965235,2024
00-0039851,2025_10_NE_TB,2025,10,270.0,243.09860202300487,2024
00-0039917,2025_10_ATL_IND,2025,10,177.0,233.8995340411176,2024
00-0039918,2025_10_NYG_CHI,2025,10,220.0,243.48446044913075,2024
00-0039923,2025_10_BAL_MIN,2025,10,248.0,180.19140224910728,2024
00-0040691,2025_10_NYG_CHI,2025,10,242.0,216.42168530587037,2024
00-0040704,2025_10_CLE_NYJ,2025,10,167.0,165.7181384857317,2024
00-0040743,2025_10_NO_CAR,2025,10,282.0,194.71877158557052,2024
00-0023459,2025_11_CIN_PIT,2025,11,116.0,226.76469631789865,2024
00-0026158,2025_11_CIN_PIT,2025,11,199.0,244.09502537912655,2024
00-0026498,2025_11_SEA_LA,2025,11,130.0,277.3615162743173,2024
00-0029604,2025_11_CAR_ATL,2025,11,48.0,172.84799294339916,2024
00-0030565,2025_11_DAL_LV,2025,11,238.0,238.38995463278815,2024
00-0032268,2025_11_WAS_MIA,2025,11,213.0,196.70593108804567,2024
00-0033077,2025_11_DAL_LV,2025,11,268.0,256.57116649210457,2024
00-0033106,2025_11_DET_PHI,2025,11,255.0,250.31605908412868,2024
00-0033119,2025_11_SF_ARI,2025,11,452.0,236.4224543121485,2024
00-0033873,2025_11_KC_DEN,2025,11,276.0,221.6224154399012,2024
00-0034796,2025_11_BAL_CLE,2025,11,193.0,201.38409683082023,2024
00-0034855,2025_11_TB_BUF,2025,11,173.0,235.12509898339965,2024
00-0034857,2025_11_TB_BUF,2025,11,317.0,238.3112281455851,2024
00-0034869,2025_11_SEA_LA,2025,11,279.0,235.9277648030558,2024
00-0036212,2025_11_WAS_MIA,2025,11,171.0,232.6577247134745,2024
00-0036264,2025_11_GB_NYG,2025,11,174.0,231.73626618575463,2024
00-0036355,2025_11_LAC_JAX,2025,11,81.0,222.0442116695183,2024
00-0036389,2025_11_DET_PHI,2025,11,135.0,213.05802522420447,2024
00-0036898,2025_11_HOU_TEN,2025,11,274.0,200.955819298222,2024
00-0036945,2025_11_NYJ_NE,2025,11,116.0,182.50700342863223,2024
00-0036971,2025_11_LAC_JAX,2025,11,153.0,206.83269302964555,2024
00-0036972,2025_11_SF_ARI,2025,11,0.0,256.0019995091968,2024
00-0037834,2025_11_SF_ARI,2025,11,200.0,170.8663877888851,2024
00-0039150,2025_11_CAR_ATL,2025,11,448.0,220.70024514046963,2024
00-0039732,2025_11_KC_DEN,2025,11,295.0,245.14499461653332,2024
00-0039851,2025_11_NYJ_NE,2025,11,281.0,239.59416846240129,2024
00-0039917,2025_11_CAR_ATL,2025,11,175.0,226.32524914450545,2024
00-0039918,2025_11_CHI_MIN,2025,11,193.0,242.0450048063961,2024
00-0039923,2025_11_CHI_MIN,2025,11,150.0,185.81011323128283,2024
00-0040676,2025_11_HOU_TEN,2025,11,194.0,192.60206163481385,2024
00-0040704,2025_11_BAL_CLE,2025,11,68.0,198.3554209175214,2024
00-0026158,2025_12_NE_CIN,2025,12,183.0,248.38853873047552,2024
00-0026498,2025_12_TB_LA,2025,12,273.0,286.0473824433597,2024
00-0028118,2025_12_NYJ_BAL,2025,12,222.0,130.24651819081893,2024
00-0029604,2025_12_ATL_NO,2025,12,199.0,184.8354630442464,2024
00-0030565,2025_12_CLE_LV,2025,12,285.0,174.88834187390984,2024
00-0031503,2025_12_NYG_DET,2025,12,366.0,211.86812236422867,2024
00-0033077,2025_12_PHI_DAL,2025,12,354.0,270.6691723714899,2024
00-0033106,2025_12_NYG_DET,2025,12,279.0,247.97768676145623,2024
00-0033119,2025_12_JAX_ARI,2025,12,317.0,268.3567983908926,2024
00-0033873,2025_12_IND_KC,2025,12,352.0,264.94686459116946,2024
00-0034771,2025_12_PIT_CHI,2025,12,171.0,200.6099580600977,2024
00-0034796,2025_12_NYJ_BAL,2025,12,153.0,218.41208098923903,2024
00-0034855,2025_12_TB_LA,2025,12,41.0,243.38732085311648,2024
00-0034857,2025_12_BUF_HOU,2025,12,253.0,224.5558466286019,2024
00-0034869,2025_12_SEA_TEN,2025,12,244.0,228.23645311215225,2024
00-0035100,2025_12_NE_CIN,2025,12,14.0,153.91358689685526,2024
00-0035710,2025_12_IND_KC,2025,12,181.0,241.79870299455305,2024
00-0036264,2025_12_MIN_GB,2025,12,139.0,235.38378892978153,2024
00-0036389,2025_12_PHI_DAL,2025,12,289.0,214.42651254829624,2024
00-0036898,2025_12_BUF_HOU,2025,12,153.0,197.70554561961197,2024
00-0036971,2025_12_JAX_ARI,2025,12,256.0,224.7247130523384,2024
00-0037834,2025_12_CAR_SF,2025,12,193.0,246.42218481098473,2024
00-0039150,2025_12_CAR_SF,2025,12,169.0,226.32652521922077,2024
00-0039851,2025_12_NE_CIN,2025,12,294.0,256.26171780574526,2024
00-0039918,2025_12_PIT_CHI,2025,12,239.0,237.5400295557816,2024
00-0039923,2025_12_MIN_GB,2025,12,87.0,179.98386446020453,2024
00-0040668,2025_12_CLE_LV,2025,12,209.0,143.7616635530828,2024
00-0040676,2025_12_SEA_TEN,2025,12,256.0,214.87177529019544,2024
00-0040743,2025_12_ATL_NO,2025,12,243.0,211.81678824216056,2024
00-0023459,2025_13_BUF_PIT,2025,13,117.0,196.1118807440737,2024
00-0026498,2025_13_LA_CAR,2025,13,243.0,267.0941726152616,2024
00-0028118,2025_13_ATL_NYJ,2025,13,172.0,189.21331279128185,2024
00-0029604,2025_13_ATL_NYJ,2025,13,234.0,212.92190591558816,2024
00-0030565,2025_13_LV_LAC,2025,13,165.0,201.6541269717773,2024
00-0032268,2025_13_DEN_WAS,2025,13,294.0,182.10061191154472,2024
00-0033077,2025_13_KC_DAL,2025,13,320.0,266.8665463419987,2024
00-0033106,2025_13_GB_DET,2025,13,256.0,250.7341728247604,2024
00-0033119,2025_13_ARI_TB,2025,13,301.0,255.6778433458034,2024
00-0033873,2025_13_KC_DAL,2025,13,261.0,290.78927559507594,2024
00-0034771,2025_13_BUF_PIT,2025,13,0.0,214.39570583926172,2024
00-0034796,2025_13_CIN_BAL,2025,13,246.0,209.1487405714003,2024
00-0034855,2025_13_ARI_TB,2025,13,194.0,219.51085362921316,2024
00-0034857,2025_13_BUF_PIT,2025,13,123.0,223.1591888187692,2024
00-0034869,2025_13_MIN_SEA,2025,13,128.0,239.7680658971589,2024
00-0035710,2025_13_HOU_IND,2025,13,201.0,231.14842355830243,2024
00-0036212,2025_13_NO_MIA,2025,13,157.0,206.5254394360867,2024
00-0036264,2025_13_GB_DET,2025,13,234.0,232.09363789798505,2024
00-0036355,2025_13_LV_LAC,2025,13,151.0,201.8410172281336,2024
00-0036389,2025_13_CHI_PHI,2025,13,230.0,230.72783060361408,2024
00-0036442,2025_13_CIN_BAL,2025,13,261.0,119.35498871088896,2024
00-0036971,2025_13_JAX_TEN,2025,13,229.0,222.74827608103456,2024
00-0036972,2025_13_SF_CLE,2025,13,0.0,221.97152424415216,2024
00-0037834,2025_13_SF_CLE,2025,13,168.0,183.6168126569303,2024
00-0039150,2025_13_LA_CAR,2025,13,206.0,225.30274237305724,2024
00-0039163,2025_13_HOU_IND,2025,13,276.0,196.82253551729107,2024
00-0039732,2025_13_DEN_WAS,2025,13,321.0,207.87765335465204,2024
00-0039851,2025_13_NYG_NE,2025,13,282.0,258.0361624268116,2024
00-0039918,2025_13_CHI_PHI,2025,13,154.0,219.67020881710565,2024
00-0040668,2025_13_SF_CLE,2025,13,149.0,189.25848025555663,2024
00-0040676,2025_13_JAX_TEN,2025,13,141.0,236.16808814504677,2024
00-0040691,2025_13_NYG_NE,2025,13,139.0,200.20778410852668,2024
00-0040704,2025_13_SF_CLE,2025,13,0.0,167.631946484829,2024
00-0040743,2025_13_NO_MIA,2025,13,239.0,223.21826239966012,2024
00-0023459,2025_14_PIT_BAL,2025,14,284.0,216.1130298011761,2024
00-0026498,2025_14_LA_ARI,2025,14,281.0,266.5195892566542,2024
00-0028118,2025_14_MIA_NYJ,2025,14,6.0,196.99731258626585,2024
00-0029604,2025_14_SEA_ATL,2025,14,162.0,226.02507091751377,2024
00-0030565,2025_14_DEN_LV,2025,14,116.0,215.82393845168357,2024
00-0032268,2025_14_WAS_MIN,2025,14,30.0,223.8224119733083,2024
00-0033077,2025_14_DAL_DET,2025,14,376.0,265.20015809388383,2024
00-0033106,2025_14_DAL_DET,2025,14,309.0,269.47973929229255,2024
00-0033119,2025_14_LA_ARI,2025,14,271.0,268.7269744546002,2024
00-0033873,2025_14_HOU_KC,2025,14,160.0,234.85277824101792,2024
00-0034796,2025_14_PIT_BAL,2025,14,219.0,205.57734530172172,2024
00-0034855,2025_14_NO_TB,2025,14,122.0,220.84531452734885,2024
00-0034857,2025_14_CIN_BUF,2025,14,251.0,242.98061185915893,2024
00-0034869,2025_14_SEA_ATL,2025,14,249.0,232.92521309664832,2024
00-0035710,2025_14_IND_JAX,2025,14,60.0,235.85062751382463,2024
00-0036212,2025_14_MIA_NYJ,2025,14,127.0,221.5791880203336,2024
00-0036264,2025_14_CHI_GB,2025,14,234.0,247.25162867997557,2024
00-0036355,2025_14_PHI_LAC,2025,14,139.0,213.99383933351933,2024
00-0036389,2025_14_PHI_LAC,2025,14,240.0,224.86973865196177,2024
00-0036442,2025_14_CIN_BUF,2025,14,284.0,209.72550827191228,2024
00-0036971,2025_14_IND_JAX,2025,14,244.0,224.218406565957,2024
00-0039163,2025_14_HOU_KC,2025,14,203.0,221.99443493444736,2024
00-0039732,2025_14_DEN_LV,2025,14,212.0,227.0067055879007,2024
00-0039910,2025_14_WAS_MIN,2025,14,78.0,140.37843519449348,2024
00-0039918,2025_14_CHI_GB,2025,14,186.0,218.85340706680736,2024
00-0039923,2025_14_WAS_MIN,2025,14,163.0,152.0674023545904,2024
00-0040668,2025_14_TEN_CLE,2025,14,364.0,200.6306670158665,2024
00-0040676,2025_14_TEN_CLE,2025,14,117.0,178.54291511355186,2024
00-0040743,2025_14_NO_TB,2025,14,144.0,203.27156147274215,2024
00-0023459,2025_15_MIA_PIT,2025,15,224.0,233.99442845673087,2024
00-0026498,2025_15_DET_LA,2025,15,368.0,287.39792024041935,2024
00-0029604,2025_15_ATL_TB,2025,15,373.0,204.30426811108893,2024
00-0031503,2025_15_WAS_NYG,2025,15,0.0,164.49943027320154,2024
00-0032268,2025_15_WAS_NYG,2025,15,211.0,211.27431658137704,2024
00-0033077,2025_15_MIN_DAL,2025,15,294.0,245.33996041540024,2024
00-0033106,2025_15_DET_LA,2025,15,338.0,263.3305636426405,2024
00-0033119,2025_15_ARI_HOU,2025,15,249.0,259.71305452793524,2024
00-0033873,2025_15_LAC_KC,2025,15,189.0,225.0604087841619,2024
00-0034796,2025_15_BAL_CIN,2025,15,150.0,213.80693275962693,2024
00-0034855,2025_15_ATL_TB,2025,15,277.0,227.908435828296,2024
00-0034857,2025_15_BUF_NE,2025,15,193.0,228.30120357872448,2024
00-0034869,2025_15_IND_SEA,2025,15,271.0,228.748705065012,2024
00-0035993,2025_15_BAL_CIN,2025,15,0.0,142.04926520574017,2024
00-0036212,2025_15_MIA_PIT,2025,15,253.0,225.66849892351263,2024
00-0036264,2025_15_GB_DEN,2025,15,276.0,240.75887766323692,2024
00-0036355,2025_15_LAC_KC,2025,15,210.0,214.30781347125384,2024
00-0036389,2025_15_LV_PHI,2025,15,175.0,201.58103593143616,2024
00-0036442,2025_15_BAL_CIN,2025,15,225.0,220.2494802578153,2024
00-0036971,2025_15_NYJ_JAX,2025,15,330.0,210.69838892392843,2024
00-0037834,2025_15_TEN_SF,2025,15,295.0,205.46401438766145,2024
00-0039150,2025_15_CAR_NO,2025,15,163.0,207.5414995348655,2024
00-0039163,2025_15_ARI_HOU,2025,15,260.0,231.6089602356126,2024
00-0039376,2025_15_CAR_NO,2025,15,0.0,161.7441363142863,2024
00-0039732,2025_15_GB_DEN,2025,15,302.0,233.17306559371409,2024
00-0039851,2025_15_BUF_NE,2025,15,155.0,238.7209577401198,2024
00-0039918,2025_15_CLE_CHI,2025,15,242.0,215.17190814530355,2024
00-0039923,2025_15_MIN_DAL,2025,15,250.0,204.652372487428,2024
00-0040398,2025_15_NYJ_JAX,2025,15,176.0,179.5784877435242,2024
00-0040668,2025_15_CLE_CHI,2025,15,177.0,209.69439814721952,2024
00-0040676,2025_15_TEN_SF,2025,15,170.0,207.21423791966257,2024
00-0040691,2025_15_WAS_NYG,2025,15,246.0,214.3967496149024,2024
00-0040743,2025_15_CAR_NO,2025,15,272.0,203.82457341663817,2024
00-0022942,2025_16_SF_IND,2025,16,277.0,212.37922664720912,2024
00-0023459,2025_16_PIT_DET,2025,16,266.0,231.7311094915451,2024
00-0026158,2025_16_CIN_MIA,2025,16,4.0,211.8644999402174,2024
00-0026498,2025_16_LA_SEA,2025,16,457.0,236.72325802280187,2024
00-0029604,2025_16_ATL_ARI,2025,16,197.0,221.26984607597677,2024
00-0030565,2025_16_LV_HOU,2025,16,201.0,186.9869271577693,2024
00-0032268,2025_16_PHI_WAS,2025,16,95.0,213.84008724426917,2024
00-0033077,2025_16_LAC_DAL,2025,16,244.0,249.87787704154417,2024
00-0033106,2025_16_PIT_DET,2025,16,364.0,258.48441099398786,2024
00-0033119,2025_16_ATL_ARI,2025,16,203.0,293.0293594673401,2024
00-0034796,2025_16_NE_BAL,2025,16,101.0,193.95575561120503,2024
00-0034855,2025_16_TB_CAR,2025,16,145.0,227.23393103706908,2024
00-0034857,2025_16_BUF_CLE,2025,16,130.0,207.81996424809216,2024
00-0034869,2025_16_LA_SEA,2025,16,270.0,232.39920201052945,2024
00-0035993,2025_16_NE_BAL,2025,16,65.0,155.14414392238265,2024
00-0036264,2025_16_GB_CHI,2025,16,77.0,239.21847028348105,2024
00-0036355,2025_16_LAC_DAL,2025,16,300.0,252.7197422184032,2024
00-0036389,2025_16_PHI_WAS,2025,16,185.0,222.4005484423381,2024
00-0036442,2025_16_CIN_MIA,2025,16,309.0,201.207870049986,2024
00-0036971,2025_16_JAX_DEN,2025,16,279.0,244.80552457518115,2024
00-0036972,2025_16_SF_IND,2025,16,0.0,254.39094412073536,2024
00-0037834,2025_16_SF_IND,2025,16,295.0,231.12395688594768,2024
00-0039150,2025_16_TB_CAR,2025,16,191.0,240.70715502189887,2024
00-0039163,2025_16_LV_HOU,2025,16,187.0,226.2563920878712,2024
00-0039732,2025_16_JAX_DEN,2025,16,352.0,256.9239099947803,2024
00-0039851,2025_16_NE_BAL,2025,16,380.0,250.92568235833457,2024
00-0039918,2025_16_GB_CHI,2025,16,250.0,231.39615861938807,2024
00-0039923,2025_16_MIN_NYG,2025,16,108.0,193.61305054280737,2024
00-0040206,2025_16_SF_IND,2025,16,0.0,188.784644486985,2024
00-0040398,2025_16_NYJ_NO,2025,16,188.0,154.28509438912388,2024
00-0040494,2025_16_MIN_NYG,2025,16,52.0,156.68441596699904,2024
00-0040668,2025_16_BUF_CLE,2025,16,157.0,194.0197487251967,2024
00-0040676,2025_16_KC_TEN,2025,16,228.0,203.535833073626,2024
00-0040691,2025_16_MIN_NYG,2025,16,33.0,199.95568622957543,2024
00-0040704,2025_16_BUF_CLE,2025,16,0.0,167.07471626042442,2024
00-0040743,2025_16_NYJ_NO,2025,16,308.0,201.1651525863091,2024
00-0022942,2025_17_JAX_IND,2025,17,147.0,243.37406423313544,2024
00-0023459,2025_17_PIT_CLE,2025,17,168.0,185.98318144896632,2024
00-0026158,2025_17_ARI_CIN,2025,17,24.0,252.8638459349071,2024
00-0026300,2025_17_DAL_WAS,2025,17,198.0,175.75513401364043,2024
00-0026498,2025_17_LA_ATL,2025,17,269.0,272.9039924285891,2024
00-0029604,2025_17_LA_ATL,2025,17,126.0,233.3275028030855,2024
00-0030565,2025_17_NYG_LV,2025,17,176.0,217.13548554700017,2024
00-0033077,2025_17_DAL_WAS,2025,17,307.0,261.87986682100416,2024
00-0033106,2025_17_DET_MIN,2025,17,197.0,272.2802623555114,2024
00-0033119,2025_17_ARI_CIN,2025,17,212.0,266.54223942795915,2024
00-0034855,2025_17_TB_MIA,2025,17,346.0,215.8629731520355,2024
00-0034857,2025_17_PHI_BUF,2025,17,262.0,215.11141288048597,2024
00-0034869,2025_17_SEA_CAR,2025,17,147.0,232.96424467445885,2024
00-0035993,2025_17_BAL_GB,2025,17,107.0,187.1507933657961,2024
00-0036355,2025_17_HOU_LAC,2025,17,236.0,218.75454397136048,2024
00-0036389,2025_17_PHI_BUF,2025,17,110.0,216.8675406840887,2024
00-0036442,2025_17_ARI_CIN,2025,17,305.0,237.5689823003861,2024
00-0036971,2025_17_JAX_IND,2025,17,263.0,258.73926025533825,2024
00-0037324,2025_17_DEN_KC,2025,17,66.0,177.33462170140842,2024
00-0037834,2025_17_CHI_SF,2025,17,303.0,249.68542412942045,2024
00-0038102,2025_17_NYG_LV,2025,17,16.0,150.26091867273183,2024
00-0038128,2025_17_BAL_GB,2025,17,288.0,173.27212034266864,2024
00-0039150,2025_17_SEA_CAR,2025,17,54.0,235.93191460120988,2024
00-0039163,2025_17_HOU_LAC,2025,17,244.0,225.32642562739144,2024
00-0039732,2025_17_DEN_KC,2025,17,182.0,219.65584404246692,2024
00-0039851,2025_17_NE_NYJ,2025,17,256.0,236.24131717072,2024
00-0039918,2025_17_CHI_SF,2025,17,330.0,233.5147701111448,2024
00-0040206,2025_17_JAX_IND,2025,17,0.0,150.7829283320599,2024
00-0040234,2025_17_TB_MIA,2025,17,172.0,200.00945488483788,2024
00-0040398,2025_17_NE_NYJ,2025,17,152.0,167.78572499186907,2024
00-0040494,2025_17_DET_MIN,2025,17,51.0,189.36380151957763,2024
00-0040668,2025_17_PIT_CLE,2025,17,186.0,190.604091577389,2024
00-0040676,2025_17_NO_TEN,2025,17,251.0,216.89444014872,2024
00-0040691,2025_17_NYG_LV,2025,17,207.0,188.40029587976792,2024
00-0040743,2025_17_NO_TEN,2025,17,333.0,207.0164958674796,2024
00-0023459,2025_18_BAL_PIT,2025,18,294.0,217.30486679626517,2024
00-0026158,2025_18_CLE_CIN,2025,18,0.0,239.6895340693009,2024
00-0026300,2025_18_WAS_PHI,2025,18,131.0,201.83909842446857,2024
00-0026498,2025_18_ARI_LA,2025,18,259.0,272.8173243678841,2024
00-0029604,2025_18_NO_ATL,2025,18,180.0,229.24604793707323,2024
00-0033077,2025_18_DAL_NYG,2025,18,70.0,260.5089237329417,2024
00-0033106,2025_18_DET_CHI,2025,18,331.0,242.78839583920205,2024
00-0033119,2025_18_ARI_LA,2025,18,243.0,268.46039239600685,2024
00-0034796,2025_18_BAL_PIT,2025,18,238.0,181.9002266861515,2024
00-0034855,2025_18_CAR_TB,2025,18,203.0,217.3655793753004,2024
00-0034869,2025_18_SEA_SF,2025,18,198.0,241.3588776488452,2024
00-0036442,2025_18_CLE_CIN,2025,18,236.0,234.42236977146425,2024
00-0036898,2025_18_IND_HOU,2025,18,36.0,135.2618447662855,2024
00-0036971,2025_18_TEN_JAX,2025,18,255.0,235.03721947634497,2024
00-0037324,2025_18_KC_LV,2025,18,58.0,174.45793229504594,2024
00-0037834,2025_18_SEA_SF,2025,18,127.0,225.79768693585893,2024
00-0038102,2025_18_KC_LV,2025,18,3.0,111.7000127549788,2024
00-0039150,2025_18_CAR_TB,2025,18,266.0,216.95588571633223,2024
00-0039163,2025_18_IND_HOU,2025,18,169.0,222.3739493641809,2024
00-0039732,2025_18_LAC_DEN,2025,18,141.0,218.6823410784932,2024
00-0039851,2025_18_MIA_NE,2025,18,191.0,253.03296957966,2024
00-0039918,2025_18_DET_CHI,2025,18,212.0,243.71108421218415,2024
00-0039923,2025_18_GB_MIN,2025,18,182.0,173.81477158514326,2024
00-0040206,2025_18_IND_HOU,2025,18,270.0,132.87087750255466,2024
00-0040234,2025_18_MIA_NE,2025,18,137.0,214.91980196067283,2024
00-0040398,2025_18_NYJ_BUF,2025,18,60.0,162.45454319376913,2024
00-0040494,2025_18_GB_MIN,2025,18,57.0,180.6098500897436,2024
00-0040668,2025_18_CLE_CIN,2025,18,111.0,206.86755357454024,2024
00-0040676,2025_18_TEN_JAX,2025,18,52.0,211.22056914299856,2024
00-0040691,2025_18_DAL_NYG,2025,18,230.0,216.05584766873264,2024
00-0040743,2025_18_NO_ATL,2025,18,259.0,245.6661154233171,2024
00-0023459,2025_19_HOU_PIT,2025,19,146.0,204.5451508647732,2024
00-0026498,2025_19_LA_CAR,2025,19,304.0,256.0217198299864,2024
00-0034771,2025_19_HOU_PIT,2025,19,2.0,121.18685499257651,2024
00-0034857,2025_19_BUF_JAX,2025,19,273.0,216.98972973173204,2024
00-0036264,2025_19_GB_CHI,2025,19,323.0,197.8520906560693,2024
00-0036355,2025_19_LAC_NE,2025,19,159.0,199.9952131217864,2024
00-0036389,2025_19_SF_PHI,2025,19,168.0,200.83458554647177,2024
00-0036971,2025_19_BUF_JAX,2025,19,207.0,240.6215553056379,2024
00-0037834,2025_19_SF_PHI,2025,19,262.0,217.9177041024892,2024
00-0039150,2025_19_LA_CAR,2025,19,264.0,231.31976000161904,2024
00-0039163,2025_19_HOU_PIT,2025,19,250.0,234.47652154019747,2024
00-0039851,2025_19_LAC_NE,2025,19,268.0,237.7117333689377,2024
00-0039918,2025_19_GB_CHI,2025,19,361.0,230.7471056041744,2024
00-0026498,2025_20_LA_CHI,2025,20,258.0,279.73900685998177,2024
00-0034857,2025_20_BUF_DEN,2025,20,283.0,220.3383686243238,2024
00-0034869,2025_20_SF_SEA,2025,20,124.0,206.150811666747,2024
00-0036972,2025_20_SF_SEA,2025,20,4.0,149.85665018182178,2024
00-0037834,2025_20_SF_SEA,2025,20,140.0,230.7184233216188,2024
00-0039163,2025_20_HOU_NE,2025,20,212.0,223.18313072799296,2024
00-0039732,2025_20_BUF_DEN,2025,20,279.0,207.36229427732985,2024
00-0039851,2025_20_HOU_NE,2025,20,179.0,219.77429636983953,2024
00-0039918,2025_20_LA_CHI,2025,20,257.0,239.7255974214204,2024
00-0026498,2025_21_LA_SEA,2025,21,374.0,247.8360750498254,2024
00-0034869,2025_21_LA_SEA,2025,21,346.0,244.94418955394963,2024
00-0039851,2025_21_NE_DEN,2025,21,86.0,227.45602175554464,2024
00-0034869,2025_22_SEA_NE,2025,22,202.0,226.0294687481362,2024
00-0039851,2025_22_SEA_NE,2025,22,295.0,227.29607179297045,2024
