player_id,game_id,season,week,y_true,y_pred,fold_idx,max_train_season,lgbm_pred,catboost_pred
00-0027966,2021_02_HOU_CLE,2021,2,41.0,60.610864062157624,0,2020,59.356537064228824,61.24106338853582
00-0030874,2021_02_CIN_CHI,2021,2,6.0,19.752262762774247,0,2020,24.38210840060132,19.508958070487044
00-0031045,2021_02_DEN_JAX,2021,2,7.0,35.89712526408734,0,2020,36.349342900272525,36.80153653214296
00-0031062,2021_02_NE_NYJ,2021,2,20.0,13.180788805161702,0,2020,16.251383912510665,13.882476258821686
00-0032063,2021_02_ATL_TB,2021,2,38.0,54.03164929021964,0,2020,55.619968993844466,53.70018006592992
00-0032144,2021_02_DEN_JAX,2021,2,31.0,58.69000360300468,0,2020,48.06166126716997,63.45996376109692
00-0032602,2021_02_NYG_WAS,2021,2,10.0,11.328915034837333,0,2020,13.4913041374719,12.499998874746002
00-0032764,2021_02_TEN_SEA,2021,2,182.0,71.39090643571976,0,2020,76.83410628146827,68.67752884066459
00-0032972,2021_02_NYG_WAS,2021,2,9.0,16.790102182232282,0,2020,19.9947361271573,17.28570283949104
00-0033045,2021_02_DAL_LAC,2021,2,71.0,53.92601607622464,0,2020,51.152196372619194,55.48863326741375
00-0033118,2021_02_LV_PIT,2021,2,9.0,23.843371076186425,0,2020,28.48651856285786,23.4265264113956
00-0033280,2021_02_NO_CAR,2021,2,72.0,72.07152545555003,0,2020,75.49076244264207,70.20705128136024
00-0033293,2021_02_DET_GB,2021,2,67.0,39.016900900661376,0,2020,43.77034261170389,37.93000459165453
00-0033553,2021_02_MIN_ARI,2021,2,26.0,69.78188704221027,0,2020,64.22646113207423,71.89929097981917
00-0033594,2021_02_TEN_SEA,2021,2,31.0,68.30274279845148,0,2020,69.49752044172948,67.55650167843751
00-0033699,2021_02_DAL_LAC,2021,2,54.0,51.245732250221735,0,2020,53.70212680362109,50.652449119163705
00-0033856,2021_02_ATL_TB,2021,2,52.0,45.57469649698406,0,2020,45.28207001048172,46.40490751355549
00-0033893,2021_02_MIN_ARI,2021,2,131.0,60.88640770376318,0,2020,55.59733736990483,63.25322763624242
00-0033897,2021_02_CIN_CHI,2021,2,69.0,81.27231163348604,0,2020,79.51658164148299,81.27239626174065
00-0033906,2021_02_NO_CAR,2021,2,5.0,74.35542454564964,0,2020,72.85101096552452,74.53029782942293
00-0033923,2021_02_HOU_CLE,2021,2,51.0,31.025464106552413,0,2020,31.42032738345889,32.15451032639461
00-0033948,2021_02_DET_GB,2021,2,25.0,36.57064371351985,0,2020,37.8073228193911,37.10759152007456
00-0033955,2021_02_TEN_SEA,2021,2,3.0,16.088729474523173,0,2020,17.946246504561294,17.196687991000765
00-0034367,2021_02_LA_IND,2021,2,5.0,36.78759636132353,0,2020,36.43592619487501,38.00374731014481
00-0034681,2021_02_MIN_ARI,2021,2,46.0,56.241747855302044,0,2020,52.15816503705109,58.27680837824241
00-0034791,2021_02_HOU_CLE,2021,2,95.0,70.15197915101918,0,2020,66.66812516714539,71.35676466708081
00-0034844,2021_02_NYG_WAS,2021,2,57.0,44.38811316935878,0,2020,48.13526872814677,43.51688269034148
00-0035243,2021_02_SF_PHI,2021,2,55.0,69.00269574910658,0,2020,59.43510969964888,72.89019180577036
00-0035250,2021_02_BUF_MIA,2021,2,82.0,64.98021922308394,0,2020,62.21522482320104,66.08567748788708
00-0035311,2021_02_BUF_MIA,2021,2,25.0,48.12142138667697,0,2020,52.439323209513134,46.84982982801043
00-0035537,2021_02_NE_NYJ,2021,2,50.0,21.870625345135394,0,2020,21.74774877841532,23.59940767637792
00-0035657,2021_02_NE_NYJ,2021,2,62.0,70.19105552552973,0,2020,65.89897964235196,71.74437423988843
00-0035664,2021_02_LA_IND,2021,2,53.0,74.34955384617646,0,2020,72.24756963927976,74.78354583799701
00-0035685,2021_02_CIN_CHI,2021,2,61.0,81.02783216986508,0,2020,75.84208172941655,82.52388725013807
00-0035831,2021_02_DEN_JAX,2021,2,47.0,28.487737576351076,0,2020,28.999186593516896,29.670349636924236
00-0035860,2021_02_NO_CAR,2021,2,7.0,36.97085558106448,0,2020,41.08669769788649,36.244087296764185
00-0036223,2021_02_LA_IND,2021,2,51.0,65.39947743941158,0,2020,65.43042021791193,65.2764933904659
00-0036275,2021_02_DET_GB,2021,2,37.0,55.80519661057387,0,2020,56.79192536856676,55.66161338548635
00-0036328,2021_02_NYG_WAS,2021,2,69.0,81.47555151465171,0,2020,81.28843274483054,80.7877516646274
00-0036360,2021_02_KC_BAL,2021,2,46.0,46.539520565225715,0,2020,50.55662685801694,45.463112992476624
00-0036457,2021_02_KC_BAL,2021,2,77.0,50.659727981727684,0,2020,45.82839837569695,53.24764540805025
00-0036567,2021_02_SF_PHI,2021,2,42.0,78.26926292385146,0,2020,73.36630484450426,79.75593707229834
00-0036893,2021_02_LV_PIT,2021,2,38.0,62.15723910027276,0,2020,59.154051524146226,63.481657901022565
00-0036919,2021_02_SF_PHI,2021,2,14.0,29.74946769235029,0,2020,30.869151951062335,30.6168378383758
00-0036997,2021_02_DEN_JAX,2021,2,64.0,60.214087143935906,0,2020,64.05491109654086,58.653250719834354
00-0027966,2021_03_CAR_HOU,2021,3,21.0,52.01320434158513,0,2020,46.59968372697637,54.797830594014805
00-0030513,2021_03_BAL_DET,2021,3,28.0,34.70081893252333,0,2020,35.06088662395622,35.69421197686639
00-0030874,2021_03_CHI_CLE,2021,3,0.0,13.69046148425638,0,2020,19.620948155930783,13.132292556223485
00-0031045,2021_03_ARI_JAX,2021,3,44.0,27.271912008809075,0,2020,31.287476642744213,26.986341783343068
00-0031062,2021_03_NO_NE,2021,3,6.0,20.438655564622383,0,2020,20.940944498889294,21.95533080998604
00-0032063,2021_03_ATL_NYG,2021,3,50.0,51.063274956095675,0,2020,52.13994318118411,51.07519579549911
00-0032144,2021_03_NYJ_DEN,2021,3,60.0,49.72996444708491,0,2020,47.024482107592654,51.43505784099978
00-0032187,2021_03_CAR_HOU,2021,3,11.0,28.372436538476123,0,2020,34.79306420362748,26.999818549310596
00-0032602,2021_03_WAS_BUF,2021,3,23.0,17.2548855413597,0,2020,17.449599388412253,19.035374853211607
00-0032764,2021_03_IND_TEN,2021,3,113.0,83.32695929653273,0,2020,88.5333601088462,80.22666661508904
00-0033045,2021_03_PHI_DAL,2021,3,95.0,56.33384097587708,0,2020,57.77697627420508,55.97085469128579
00-0033118,2021_03_MIA_LV,2021,3,24.0,27.101446278414336,0,2020,25.296444336013035,29.34443718498798
00-0033280,2021_03_CAR_HOU,2021,3,31.0,75.01254372537342,0,2020,75.84104620305291,74.14980872931321
00-0033293,2021_03_GB_SF,2021,3,82.0,49.652005026352946,0,2020,45.3213832541672,52.0643341155646
00-0033553,2021_03_ARI_JAX,2021,3,43.0,50.625073741377,0,2020,50.94196380211584,50.98411438774688
00-0033594,2021_03_SEA_MIN,2021,3,80.0,68.86320027201475,0,2020,67.6125310884427,69.15338458587179
00-0033699,2021_03_LAC_KC,2021,3,55.0,60.44056445321553,0,2020,64.00410899553934,58.99056238243722
00-0033856,2021_03_TB_LA,2021,3,8.0,44.5167624849643,0,2020,43.12836219584395,45.86506783847024
00-0033897,2021_03_CIN_PIT,2021,3,90.0,85.09209814998064,0,2020,79.0464482967855,86.79399998442952
00-0033906,2021_03_NO_NE,2021,3,89.0,60.203638781068314,0,2020,57.75859188063967,61.36637901116016
00-0033923,2021_03_CHI_CLE,2021,3,81.0,28.952113268279565,0,2020,30.254796031996097,29.77290499677402
00-0033948,2021_03_BAL_DET,2021,3,42.0,23.612023757435495,0,2020,26.40123337104067,24.007824712818337
00-0033955,2021_03_IND_TEN,2021,3,6.0,14.86036863880324,0,2020,17.28520408680795,15.772930373993482
00-0034367,2021_03_IND_TEN,2021,3,25.0,21.4878388962626,0,2020,24.708212888980203,21.78396532767263
00-0034681,2021_03_ARI_JAX,2021,3,26.0,47.71304921604874,0,2020,45.16996443216112,49.43050337614262
00-0034791,2021_03_CHI_CLE,2021,3,84.0,78.05740343300685,0,2020,75.96804611046204,78.33386539542816
00-0034816,2021_03_TB_LA,2021,3,11.0,26.374509312938027,0,2020,31.240026343844537,25.757527692915637
00-0034844,2021_03_ATL_NYG,2021,3,51.0,49.154284515057945,0,2020,48.79642996435643,49.865953654078815
00-0035243,2021_03_PHI_DAL,2021,3,27.0,59.56981785884734,0,2020,58.48300478226806,60.17014081879478
00-0035250,2021_03_WAS_BUF,2021,3,26.0,61.32698725988712,0,2020,55.78050152049707,63.78725572765938
00-0035261,2021_03_PHI_DAL,2021,3,60.0,43.74141151200456,0,2020,37.487018541068245,47.229546543208365
00-0035311,2021_03_MIA_LV,2021,3,65.0,40.93331790220769,0,2020,41.49076041194619,41.58560840486655
00-0035537,2021_03_NYJ_DEN,2021,3,17.0,42.893415346950945,0,2020,44.60540419952935,42.965152280613744
00-0035657,2021_03_NO_NE,2021,3,14.0,55.08944231711335,0,2020,52.44703961277476,56.54741498443797
00-0035685,2021_03_CHI_CLE,2021,3,34.0,61.78118516165732,0,2020,51.62388570612873,66.22031124923319
00-0035831,2021_03_ARI_JAX,2021,3,88.0,42.80869817781795,0,2020,42.45812946807949,43.77744505631512
00-0035860,2021_03_NO_NE,2021,3,12.0,33.62060169004724,0,2020,38.05827519440155,32.89180522740916
00-0036223,2021_03_IND_TEN,2021,3,64.0,58.82214522941779,0,2020,58.090127785478366,59.29942681664339
00-0036275,2021_03_BAL_DET,2021,3,47.0,46.32043345784653,0,2020,43.343336796596624,48.28302060559625
00-0036328,2021_03_WAS_BUF,2021,3,31.0,64.53854340081436,0,2020,62.141045711550994,65.50290895981288
00-0036360,2021_03_LAC_KC,2021,3,100.0,57.4169625040238,0,2020,60.63443201375044,56.240884810123525
00-0036457,2021_03_BAL_DET,2021,3,22.0,59.0448607191302,0,2020,54.453891402884864,61.18477350040429
00-0036893,2021_03_CIN_PIT,2021,3,40.0,50.927345324893025,0,2020,55.043317575447766,49.628161509045626
00-0036919,2021_03_PHI_DAL,2021,3,2.0,23.718046223247917,0,2020,26.8399380384268,23.96537547677424
00-0036997,2021_03_NYJ_DEN,2021,3,29.0,56.32545636641234,0,2020,55.04943504312479,57.14079969807889
00-0027966,2021_04_HOU_BUF,2021,4,24.0,43.43178967823724,0,2020,40.32163910625127,45.570482093528824
00-0029239,2021_04_TB_NE,2021,4,0.0,10.115770703538535,0,2020,12.52508159469122,11.229635100639868
00-0030513,2021_04_BAL_DEN,2021,4,59.0,27.00977009251685,0,2020,33.34463195507118,25.73019062878549
00-0030578,2021_04_WAS_ATL,2021,4,34.0,24.957293181830703,0,2020,28.32464047111642,25.04746504162445
00-0030874,2021_04_DET_CHI,2021,4,55.0,15.208568019583712,0,2020,18.458765080906932,15.74928905924903
00-0031806,2021_04_IND_MIA,2021,4,23.0,34.09880138580587,0,2020,38.505859333079805,33.363657023126905
00-0032063,2021_04_WAS_ATL,2021,4,14.0,41.44895950247622,0,2020,42.46725146274789,41.88045544661959
00-0032144,2021_04_BAL_DEN,2021,4,56.0,54.92797644377771,0,2020,52.498618938511264,56.30027599567118
00-0032187,2021_04_HOU_BUF,2021,4,21.0,18.222762112298753,0,2020,21.00641890562941,18.841983621451057
00-0032602,2021_04_WAS_ATL,2021,4,15.0,13.12463090402671,0,2020,14.82481745030938,14.422306140056596
00-0032741,2021_04_LV_LAC,2021,4,0.0,80.86316240667313,0,2020,79.53015703960024,80.69689471588799
00-0032764,2021_04_TEN_NYJ,2021,4,157.0,93.45336415709139,0,2020,97.17461580962332,90.58117741297325
00-0032972,2021_04_NYG_NO,2021,4,6.0,13.056158523429076,0,2020,15.613405632076567,13.985348343736923
00-0033045,2021_04_CAR_DAL,2021,4,143.0,59.67438200384558,0,2020,62.38265769943993,58.62631855107928
00-0033118,2021_04_LV_LAC,2021,4,2.0,24.52359219476167,0,2020,29.02990876526921,24.13812901442925
00-0033293,2021_04_PIT_GB,2021,4,48.0,59.86609712657083,0,2020,59.831597928311034,59.998388994457386
00-0033553,2021_04_ARI_LA,2021,4,50.0,41.029071610515075,0,2020,38.972382404012365,42.80992238212478
00-0033594,2021_04_SEA_SF,2021,4,30.0,58.633981201951066,0,2020,60.73259755837216,57.89269983664859
00-0033699,2021_04_LV_LAC,2021,4,117.0,50.90867350476748,0,2020,43.27803947741269,54.699088789374414
00-0033856,2021_04_TB_NE,2021,4,92.0,32.104486978131796,0,2020,34.03013694617393,32.52611888114892
00-0033893,2021_04_CLE_MIN,2021,4,34.0,77.21508916226254,0,2020,74.76752022033364,77.68127812481083
00-0033897,2021_04_JAX_CIN,2021,4,67.0,91.65341878965036,0,2020,83.01433880545594,94.20975808127632
00-0033906,2021_04_NYG_NO,2021,4,120.0,74.15832803157487,0,2020,76.16550459714138,72.82000259911486
00-0033923,2021_04_CLE_MIN,2021,4,69.0,44.24070771431427,0,2020,40.81259252706099,46.483973977924094
00-0033948,2021_04_DET_CHI,2021,4,66.0,38.0887010726452,0,2020,38.383554637879904,38.97140810753548
00-0033955,2021_04_TEN_NYJ,2021,4,11.0,14.297718330369452,0,2020,17.199214415069793,15.026856849686247
00-0034301,2021_04_KC_PHI,2021,4,42.0,28.344467627999084,0,2020,27.574059362978133,30.08827800963925
00-0034367,2021_04_IND_MIA,2021,4,6.0,28.353621484511798,0,2020,27.61506871653957,30.08325611093527
00-0034681,2021_04_ARI_LA,2021,4,120.0,35.18651862141135,0,2020,33.017077794789024,37.25581991628666
00-0034791,2021_04_CLE_MIN,2021,4,100.0,80.16354039520077,0,2020,71.1148977697453,83.36851212262036
00-0034816,2021_04_TB_NE,2021,4,25.0,17.660256043729646,0,2020,20.101366180436752,18.4509432149646
00-0034844,2021_04_NYG_NO,2021,4,52.0,48.41808976419614,0,2020,48.46452678499266,48.98480432151452
00-0034845,2021_04_ARI_LA,2021,4,11.0,71.02015992335146,0,2020,72.07867182816332,70.22150952231814
00-0034972,2021_04_CLE_MIN,2021,4,20.0,49.89507689206236,0,2020,53.78250765695965,48.73723479568535
00-0035243,2021_04_KC_PHI,2021,4,13.0,60.154027760930816,0,2020,55.77146534939457,62.15816784075959
00-0035250,2021_04_HOU_BUF,2021,4,79.0,50.86946373578721,0,2020,49.577470301342814,51.91547809306291
00-0035261,2021_04_CAR_DAL,2021,4,67.0,45.805033512621215,0,2020,44.2277348932263,47.18234057677662
00-0035311,2021_04_IND_MIA,2021,4,3.0,48.84868776670849,0,2020,51.96535448556568,48.067666690804515
00-0035537,2021_04_TEN_NYJ,2021,4,1.0,28.984265149796403,0,2020,27.14702781070453,31.164006113168668
00-0035657,2021_04_TB_NE,2021,4,-4.0,45.219457113498166,0,2020,41.872968443707734,47.387222596380674
00-0035664,2021_04_ARI_LA,2021,4,89.0,52.49067167024268,0,2020,49.58688929734208,54.16845477671002
00-0035685,2021_04_DET_CHI,2021,4,106.0,66.5358999579296,0,2020,65.22389738866035,66.94809812849725
00-0035700,2021_04_LV_LAC,2021,4,40.0,44.85052001351323,0,2020,43.09514016426005,46.344119790646616
00-0035831,2021_04_JAX_CIN,2021,4,78.0,48.57141795213477,0,2020,50.67958692083083,48.23866647994782
00-0035860,2021_04_NYG_NO,2021,4,8.0,31.609060195092262,0,2020,36.62714830010587,30.71131189377252
00-0036223,2021_04_IND_MIA,2021,4,103.0,57.90357082625427,0,2020,56.65755638601252,58.64119578528159
00-0036251,2021_04_HOU_BUF,2021,4,61.0,49.087638493254204,0,2020,51.50077031100224,48.60160149673618
00-0036275,2021_04_DET_CHI,2021,4,16.0,53.90036208380111,0,2020,56.314235434900695,53.21663283702584
00-0036328,2021_04_WAS_ATL,2021,4,63.0,56.46126675969,0,2020,56.99498610685443,56.48702945847528
00-0036360,2021_04_KC_PHI,2021,4,102.0,65.29680559357293,0,2020,64.3098666440936,65.61899614350398
00-0036555,2021_04_CAR_DAL,2021,4,57.0,41.43399338401982,0,2020,49.682804064982,38.7337171047532
00-0036893,2021_04_PIT_GB,2021,4,62.0,48.531956947620294,0,2020,51.08418731869271,48.008448687720126
00-0036919,2021_04_KC_PHI,2021,4,31.0,34.280223441104084,0,2020,36.035294058621595,34.686525774585924
00-0036984,2021_04_SEA_SF,2021,4,89.0,39.11168011318258,0,2020,36.74352152107333,41.1060975268927
00-0036997,2021_04_BAL_DEN,2021,4,48.0,41.51289406994832,0,2020,42.77894832408524,41.83443312289814
00-0027966,2021_05_NE_HOU,2021,5,41.0,43.44917442292892,0,2020,44.16632828719287,43.92909929078962
00-0029239,2021_05_NE_HOU,2021,5,25.0,9.502920601559888,0,2020,12.050004284086198,10.58223257520396
00-0030456,2021_05_MIA_TB,2021,5,21.0,13.48491984703949,0,2020,15.571169926240804,14.60057013138055
00-0030513,2021_05_IND_BAL,2021,5,17.0,57.104298261808864,0,2020,54.59111351732415,58.42366172090077
00-0030578,2021_05_NYJ_ATL,2021,5,54.0,23.44817733716359,0,2020,22.21715327954457,25.59233255747157
00-0030874,2021_05_CHI_LV,2021,5,64.0,14.710488963638728,0,2020,20.103460924620205,14.343349137868069
00-0031045,2021_05_TEN_JAX,2021,5,13.0,31.415815708544542,0,2020,35.134868565292464,31.08875698921046
00-0032063,2021_05_NYJ_ATL,2021,5,53.0,49.839151105180385,0,2020,52.55907852691568,49.18938521612348
00-0032144,2021_05_DEN_PIT,2021,5,34.0,53.93035725581941,0,2020,55.41014963786033,53.65005795942536
00-0032187,2021_05_NE_HOU,2021,5,5.0,21.889828700689,0,2020,19.070149931083993,24.78612493729109
00-0032426,2021_05_LA_SEA,2021,5,47.0,27.64523679783025,0,2020,25.3161771915792,30.092957578346088
00-0032602,2021_05_NO_WAS,2021,5,-1.0,18.861031806034873,0,2020,18.021738239446965,21.023602582598595
00-0032764,2021_05_TEN_JAX,2021,5,130.0,94.94417585896386,0,2020,95.7534275604502,93.27237938479414
00-0032972,2021_05_NYG_DAL,2021,5,42.0,11.878910118895899,0,2020,15.775192240772638,12.276286024220642
00-0033045,2021_05_NYG_DAL,2021,5,110.0,77.51203542694735,0,2020,78.51555965318823,76.47097319347071
00-0033118,2021_05_CHI_LV,2021,5,11.0,15.989345077693425,0,2020,18.737354314122847,16.715602720573212
00-0033293,2021_05_GB_CIN,2021,5,103.0,52.54998092983272,0,2020,55.615703695698215,51.63923869329753
00-0033553,2021_05_SF_ARI,2021,5,29.0,45.713882439939795,0,2020,43.48094401357304,47.3789621566861
00-0033699,2021_05_CLE_LAC,2021,5,66.0,52.419319078042726,0,2020,50.67873502075463,53.59611070805939
00-0033856,2021_05_MIA_TB,2021,5,67.0,55.75282203752567,0,2020,54.18036466260295,56.72007048077283
00-0033897,2021_05_GB_CIN,2021,5,33.0,81.19161760057429,0,2020,70.90735257916018,84.88972065382465
00-0033906,2021_05_NO_WAS,2021,5,71.0,71.9006700487587,0,2020,72.33556731299639,71.33607037318666
00-0033923,2021_05_CLE_LAC,2021,5,61.0,54.747622900472145,0,2020,49.70297837359141,57.26030644746879
00-0033948,2021_05_DET_MIN,2021,5,57.0,38.60122307300097,0,2020,41.302044820121765,38.420604348886606
00-0033955,2021_05_TEN_JAX,2021,5,9.0,19.378172338786747,0,2020,16.829143225115683,22.26022211433691
00-0034301,2021_05_BUF_KC,2021,5,27.0,26.090645540741477,0,2020,26.287485118569755,27.50785720884736
00-0034367,2021_05_IND_BAL,2021,5,18.0,20.859975997300296,0,2020,22.68720385292293,21.78538628875503
00-0034681,2021_05_SF_ARI,2021,5,15.0,40.91229669746391,0,2020,43.79537558070582,40.5579433134217
00-0034791,2021_05_CLE_LAC,2021,5,161.0,77.48169350360905,0,2020,70.97754314024372,79.69433031222488
00-0034816,2021_05_MIA_TB,2021,5,21.0,20.05353884431257,0,2020,22.10675026927308,20.91412132859416
00-0034844,2021_05_NYG_DAL,2021,5,9.0,45.49471267910259,0,2020,46.827562415676184,45.624019388896784
00-0034845,2021_05_LA_SEA,2021,5,37.0,38.392073279579414,0,2020,35.45195140280677,40.66378635546764
00-0034972,2021_05_DET_MIN,2021,5,113.0,52.61501849982946,0,2020,45.09757311784694,56.286420864620325
00-0035243,2021_05_PHI_CAR,2021,5,45.0,49.09045453143523,0,2020,51.04182978742559,48.804342991553355
00-0035250,2021_05_BUF_KC,2021,5,25.0,50.11265850338087,0,2020,55.73768892030948,48.19313505501425
00-0035261,2021_05_NYG_DAL,2021,5,75.0,45.520270311553055,0,2020,45.01677305480203,46.4440662309555
00-0035311,2021_05_MIA_TB,2021,5,25.0,29.80789943646268,0,2020,31.88658119616065,30.25741894868999
00-0035537,2021_05_NYJ_ATL,2021,5,12.0,19.237198661343317,0,2020,23.144178831086304,19.328174722761233
00-0035657,2021_05_NE_HOU,2021,5,58.0,61.49180355077807,0,2020,63.25875918826235,60.77700334190722
00-0035664,2021_05_LA_SEA,2021,5,82.0,68.54722663958007,0,2020,69.54275249117535,67.87727850418432
00-0035700,2021_05_CHI_LV,2021,5,48.0,41.91219696357011,0,2020,45.39680096561383,41.256246314425866
00-0035831,2021_05_TEN_JAX,2021,5,149.0,61.340567694298464,0,2020,65.87669198723536,59.432317865053065
00-0036223,2021_05_IND_BAL,2021,5,53.0,55.89377974626997,0,2020,53.675781029471295,57.13490717254309
00-0036251,2021_05_BUF_KC,2021,5,37.0,47.72363072322457,0,2020,50.39960207672477,47.17966538757661
00-0036265,2021_05_GB_CIN,2021,5,30.0,57.25625334248637,0,2020,60.47993563726182,56.084074885602035
00-0036275,2021_05_DET_MIN,2021,5,51.0,41.459483650355125,0,2020,41.87332874380226,42.15240485206197
00-0036328,2021_05_NO_WAS,2021,5,60.0,55.537735247025616,0,2020,52.64410184740567,57.08616079860541
00-0036360,2021_05_BUF_KC,2021,5,13.0,57.46538177894678,0,2020,59.55679776394661,56.77514429561572
00-0036457,2021_05_IND_BAL,2021,5,6.0,43.66063767704756,0,2020,46.62856750169396,43.15681524007972
00-0036555,2021_05_PHI_CAR,2021,5,101.0,46.89715528529814,0,2020,43.302781740981494,49.10350596666891
00-0036567,2021_05_SF_ARI,2021,5,43.0,71.57324448879471,0,2020,70.87603502094541,71.51252086932794
00-0036893,2021_05_DEN_PIT,2021,5,122.0,53.6731020224132,0,2020,53.03965714471839,54.318843823285675
00-0036919,2021_05_PHI_CAR,2021,5,16.0,24.679140727572783,0,2020,23.0894457090904,26.92819630424716
00-0036984,2021_05_SF_ARI,2021,5,7.0,54.64162167861733,0,2020,51.40614888967714,56.37488781932206
00-0036997,2021_05_DEN_PIT,2021,5,61.0,44.012985058939954,0,2020,43.27517062221869,45.100105387937205
00-0027966,2021_06_HOU_IND,2021,6,73.0,49.65922789211162,0,2020,45.64080648054187,51.9360101642962
00-0029239,2021_06_DAL_NE,2021,6,-1.0,9.920681604750882,0,2020,11.629302310496936,11.34609778353369
00-0030456,2021_06_TB_PHI,2021,6,0.0,12.2005320226241,0,2020,12.661623740694347,14.072902134719335
00-0030513,2021_06_LAC_BAL,2021,6,44.0,54.50736200933676,0,2020,55.13398287952523,54.573008284057664
00-0031806,2021_06_MIA_JAX,2021,6,24.0,39.02091055980222,0,2020,39.29562159442298,39.87411354236966
00-0032144,2021_06_LV_DEN,2021,6,50.0,55.58068626170968,0,2020,52.35823612411781,57.26979948942797
00-0032187,2021_06_HOU_IND,2021,6,7.0,16.083197015051777,0,2020,15.650188180130517,18.183677910044576
00-0032426,2021_06_SEA_PIT,2021,6,101.0,40.48105626704685,0,2020,42.12583170892833,40.68084266751306
00-0032602,2021_06_KC_WAS,2021,6,45.0,17.0687169255615,0,2020,16.42341476899299,19.220750546290056
00-0032764,2021_06_BUF_TEN,2021,6,143.0,95.3746699720286,0,2020,93.42071179205232,94.88228922274348
00-0032972,2021_06_LA_NYG,2021,6,41.0,30.462778528152704,0,2020,32.28094809556576,30.99829967948644
00-0033045,2021_06_DAL_NE,2021,6,69.0,57.48232230942438,0,2020,59.042549759018165,57.02151016772848
00-0033118,2021_06_LV_DEN,2021,6,34.0,13.665570013122784,0,2020,17.144051635712774,14.170672961937658
00-0033293,2021_06_GB_CHI,2021,6,76.0,64.37981077985482,0,2020,61.11587253530339,65.72604306430068
00-0033553,2021_06_ARI_CLE,2021,6,71.0,49.369394040288604,0,2020,52.803323299030325,48.42957503986053
00-0033699,2021_06_LAC_BAL,2021,6,7.0,57.03971444528768,0,2020,53.481946900889085,58.81425787058416
00-0033856,2021_06_TB_PHI,2021,6,81.0,54.87303458762633,0,2020,54.69670123026046,55.271538221496094
00-0033893,2021_06_MIN_CAR,2021,6,140.0,49.03104248614765,0,2020,52.69646709327856,48.00481157220017
00-0033897,2021_06_CIN_DET,2021,6,94.0,68.77092577070583,0,2020,64.06599132245967,70.56134184724975
00-0033923,2021_06_ARI_CLE,2021,6,66.0,51.97468494480672,0,2020,46.80067216713186,54.657131942652185
00-0033948,2021_06_CIN_DET,2021,6,11.0,28.033592796458805,0,2020,30.895804466321533,28.216438337615287
00-0034301,2021_06_KC_WAS,2021,6,62.0,23.981082460339255,0,2020,29.75233146959164,23.06987709167198
00-0034367,2021_06_HOU_IND,2021,6,13.0,26.51199590159824,0,2020,24.69665567309081,28.78363904107529
00-0034681,2021_06_ARI_CLE,2021,6,46.0,45.002486741367335,0,2020,45.15241232206275,45.66444300067973
00-0034816,2021_06_TB_PHI,2021,6,20.0,21.228700098107684,0,2020,22.1030236488528,22.55180357657649
00-0034845,2021_06_LA_NYG,2021,6,42.0,38.51233828929765,0,2020,36.731951352745725,40.27670199690334
00-0034972,2021_06_MIN_CAR,2021,6,10.0,69.41865262743592,0,2020,64.07206430215035,71.46048083963905
00-0035243,2021_06_TB_PHI,2021,6,56.0,44.03775080009485,0,2020,45.13202341145916,44.330163627359184
00-0035250,2021_06_BUF_TEN,2021,6,27.0,41.197462775396524,0,2020,42.75083655518385,41.40746594840117
00-0035261,2021_06_DAL_NE,2021,6,41.0,47.8431383641291,0,2020,44.09831152416313,50.07587301592984
00-0035311,2021_06_MIA_JAX,2021,6,9.0,44.87594426459452,0,2020,42.05217894980111,46.83134448159787
00-0035657,2021_06_DAL_NE,2021,6,101.0,37.12904835591517,0,2020,35.25781692953175,38.98949653866705
00-0035664,2021_06_LA_NYG,2021,6,78.0,70.03250405228303,0,2020,70.29641574420715,69.61859224665943
00-0035700,2021_06_LV_DEN,2021,6,53.0,50.85902610971075,0,2020,54.00261661787947,49.98389670061092
00-0035831,2021_06_MIA_JAX,2021,6,73.0,74.21823409442,0,2020,72.62905074209462,74.4354573271713
00-0036223,2021_06_HOU_IND,2021,6,145.0,66.75047386176112,0,2020,59.81442088080588,69.5903083846884
00-0036251,2021_06_BUF_TEN,2021,6,24.0,49.73155175774254,0,2020,49.88863705065647,50.196466159681805
00-0036265,2021_06_GB_CHI,2021,6,59.0,52.29685354216403,0,2020,51.25711488443328,53.17504914449316
00-0036275,2021_06_CIN_DET,2021,6,24.0,38.63289574737664,0,2020,37.46083786050256,40.12877667890717
00-0036328,2021_06_KC_WAS,2021,6,44.0,63.144436871984624,0,2020,64.55361660149515,62.51685647712104
00-0036370,2021_06_LAC_BAL,2021,6,7.0,12.010013192883923,0,2020,15.52094486454054,12.568953019883176
00-0036555,2021_06_MIN_CAR,2021,6,61.0,68.70186890312698,0,2020,67.7068429946202,68.88792036090581
00-0036875,2021_06_DAL_NE,2021,6,23.0,26.938759862065975,0,2020,29.779853840814507,27.175653326965
00-0036893,2021_06_SEA_PIT,2021,6,81.0,65.21949088732319,0,2020,63.26498163876773,65.96402035074723
00-0036906,2021_06_GB_CHI,2021,6,97.0,49.37013699928929,0,2020,49.199421282132434,49.991882188522155
00-0036919,2021_06_TB_PHI,2021,6,0.0,21.322174465842135,0,2020,20.910086899420367,23.19874012163299
00-0036997,2021_06_LV_DEN,2021,6,53.0,46.84932664034855,0,2020,50.250527306178384,46.02703483146661
00-0027966,2021_07_HOU_ARI,2021,7,9.0,48.565647273567606,0,2020,51.20560322017184,48.002753125648006
00-0029239,2021_07_NYJ_NE,2021,7,0.0,8.340091568918627,0,2020,11.083688891802472,9.381958339867992
00-0030456,2021_07_CHI_TB,2021,7,0.0,9.728605792266293,0,2020,11.556460573400908,11.11024478109904
00-0030578,2021_07_ATL_MIA,2021,7,60.0,34.384175023592164,0,2020,36.147534010739626,34.78262361119539
00-0030874,2021_07_CHI_TB,2021,7,5.0,27.26359900924729,0,2020,32.07893076809878,26.631896726492975
00-0031806,2021_07_ATL_MIA,2021,7,10.0,20.532536580217535,0,2020,24.226537710819535,20.66265671760801
00-0032063,2021_07_ATL_MIA,2021,7,10.0,51.57693882720894,0,2020,55.33262304251494,50.4071980377326
00-0032144,2021_07_DEN_CLE,2021,7,18.0,56.288436178232836,0,2020,53.07835588439671,57.94316557319118
00-0032187,2021_07_HOU_ARI,2021,7,25.0,13.329451300724394,0,2020,15.656904584053349,14.346983982081351
00-0032426,2021_07_NO_SEA,2021,7,35.0,45.50408089544734,0,2020,45.59854691615044,46.16949269461312
00-0032602,2021_07_WAS_GB,2021,7,22.0,22.653905318069775,0,2020,21.726469792495127,24.699114021554628
00-0032764,2021_07_KC_TEN,2021,7,86.0,92.2061934634668,0,2020,98.31396111050071,88.3512734250099
00-0032972,2021_07_CAR_NYG,2021,7,51.0,37.88853561932502,0,2020,39.10049852424841,38.38214383377721
00-0033118,2021_07_PHI_LV,2021,7,69.0,14.535897725529956,0,2020,15.592610958735674,16.054460342399235
00-0033293,2021_07_WAS_GB,2021,7,19.0,63.1502460995038,0,2020,57.793378771727475,65.45359628230511
00-0033526,2021_07_CIN_BAL,2021,7,52.0,50.25146067661838,0,2020,51.80114498013535,50.0917554630697
00-0033553,2021_07_HOU_ARI,2021,7,64.0,62.74643607642179,0,2020,66.12145765314362,61.283541045396895
00-0033856,2021_07_CHI_TB,2021,7,81.0,57.48073899320032,0,2020,56.36895104085869,58.177555151868745
00-0033897,2021_07_CIN_BAL,2021,7,59.0,73.95820958148656,0,2020,68.92018681555051,75.68019347441108
00-0033906,2021_07_NO_SEA,2021,7,51.0,87.07980463924156,0,2020,85.82942861919716,86.62279442181813
00-0033948,2021_07_DET_LA,2021,7,57.0,23.946959592363733,0,2020,25.89658466253705,24.692747315977716
00-0033955,2021_07_KC_TEN,2021,7,0.0,17.946919228713913,0,2020,15.916857357404378,20.662839453205983
00-0034301,2021_07_KC_TEN,2021,7,20.0,40.691691844088524,0,2020,42.278287501461826,40.90804451723906
00-0034367,2021_07_IND_SF,2021,7,14.0,19.834761093815636,0,2020,19.391384632498863,21.785880837562736
00-0034681,2021_07_HOU_ARI,2021,7,81.0,42.03068355798903,0,2020,41.91558113636424,42.92932893600432
00-0034816,2021_07_CHI_TB,2021,7,63.0,18.02338335742328,0,2020,21.69057514672552,18.26801877085262
00-0034845,2021_07_DET_LA,2021,7,4.0,34.82353619725004,0,2020,32.367540921956994,37.03186384473662
00-0035243,2021_07_PHI_LV,2021,7,30.0,50.523833119823756,0,2020,45.23298754831449,53.316393906560485
00-0035311,2021_07_ATL_MIA,2021,7,67.0,30.05107051629178,0,2020,30.964388918922552,30.99547311903882
00-0035537,2021_07_NYJ_NE,2021,7,6.0,25.093677190461808,0,2020,21.767662958970373,28.077936089514058
00-0035657,2021_07_NYJ_NE,2021,7,106.0,56.05410259750347,0,2020,55.57323242594917,56.53610095956499
00-0035664,2021_07_DET_LA,2021,7,45.0,76.24936897208723,0,2020,82.57477349797301,72.95455825344797
00-0035700,2021_07_PHI_LV,2021,7,29.0,56.158207071567496,0,2020,55.38772995430454,56.76139882964653
00-0035806,2021_07_IND_SF,2021,7,1.0,21.266859851393882,0,2020,22.994780937866217,22.21860514664588
00-0036223,2021_07_IND_SF,2021,7,107.0,66.96942625826807,0,2020,60.26135513747246,69.70151579643834
00-0036265,2021_07_WAS_GB,2021,7,6.0,59.81483659474027,0,2020,68.10685190473713,56.342040317551664
00-0036275,2021_07_DET_LA,2021,7,48.0,41.62394613187982,0,2020,42.43227451925056,42.139225687996195
00-0036328,2021_07_WAS_GB,2021,7,51.0,47.1978645682825,0,2020,42.999035848312154,49.6537435413544
00-0036425,2021_07_NO_SEA,2021,7,0.0,15.239487222334187,0,2020,17.46950788843513,16.220898347974263
00-0036457,2021_07_CIN_BAL,2021,7,10.0,28.690789866842895,0,2020,31.81950914244336,28.731227878427894
00-0036555,2021_07_CAR_NYG,2021,7,28.0,69.13390000647696,0,2020,69.369860337379,68.76894919271672
00-0036567,2021_07_IND_SF,2021,7,107.0,61.94794635373844,0,2020,62.51490717400724,61.734298160015584
00-0036906,2021_07_CHI_TB,2021,7,100.0,51.40800078572314,0,2020,48.21301751084209,53.25633777368894
00-0036919,2021_07_PHI_LV,2021,7,20.0,24.076836912141783,0,2020,22.126107418905377,26.50699950964831
00-0036997,2021_07_DEN_CLE,2021,7,20.0,45.25316206665617,0,2020,49.417125180574,44.16588746014387
00-0027966,2021_08_TB_NO,2021,8,27.0,20.948705342355023,0,2020,22.96626519667033,21.788021701471383
00-0029239,2021_08_NE_LAC,2021,8,26.0,12.309548329383002,0,2020,13.06003305708697,14.052077589439808
00-0030456,2021_08_TB_NO,2021,8,30.0,11.39689960601167,0,2020,11.13685517322013,13.614635560828006
00-0030578,2021_08_CAR_ATL,2021,8,35.0,39.36222731125762,0,2020,42.899078287561494,38.78821726454347
00-0030874,2021_08_SF_CHI,2021,8,-3.0,20.298792368685646,0,2020,24.187486069649125,20.354154220217087
00-0031045,2021_08_JAX_SEA,2021,8,32.0,32.601594537489895,0,2020,37.19264606099085,31.848141799162107
00-0032063,2021_08_CAR_ATL,2021,8,44.0,43.53948951006742,0,2020,45.287189180684166,43.5692602346618
00-0032144,2021_08_WAS_DEN,2021,8,47.0,51.50172804353214,0,2020,50.313636621680686,52.47680093040247
00-0032187,2021_08_LA_HOU,2021,8,4.0,17.884745966308387,0,2020,17.09436397143892,20.06616513043536
00-0032426,2021_08_JAX_SEA,2021,8,44.0,46.85620272336607,0,2020,48.43052139204243,46.825065858799874
00-0032602,2021_08_WAS_DEN,2021,8,10.0,27.0277084402088,0,2020,24.66309276510584,29.516157719099795
00-0032764,2021_08_TEN_IND,2021,8,68.0,90.77259946275444,0,2020,101.51157842067816,84.97015049343295
00-0032972,2021_08_NYG_KC,2021,8,60.0,36.441715576841304,0,2020,36.82961328534851,37.351657566265274
00-0033045,2021_08_DAL_MIN,2021,8,50.0,71.89191929163447,0,2020,69.59659430396655,72.5104580708956
00-0033293,2021_08_GB_ARI,2021,8,59.0,60.524451192600345,0,2020,58.67635772045844,61.41542425688246
00-0033526,2021_08_CIN_NYJ,2021,8,0.0,49.484593489068054,0,2020,52.04434634915407,48.91875849237572
00-0033553,2021_08_GB_ARI,2021,8,22.0,40.8214002078164,0,2020,35.75765305445813,43.91347723955694
00-0033699,2021_08_NE_LAC,2021,8,64.0,50.70488230780079,0,2020,47.21218117241199,52.71103089693698
00-0033856,2021_08_TB_NO,2021,8,26.0,56.84252339590287,0,2020,58.56984568701692,56.3355611881253
00-0033893,2021_08_DAL_MIN,2021,8,78.0,71.1525980792967,0,2020,70.31854722800894,71.16840733315908
00-0033897,2021_08_CIN_NYJ,2021,8,33.0,82.1218257659436,0,2020,65.79245839882786,88.40062382353268
00-0033906,2021_08_TB_NO,2021,8,61.0,67.59303930291117,0,2020,63.74678736456664,69.05976465876356
00-0033955,2021_08_TEN_IND,2021,8,0.0,16.844367381795397,0,2020,13.987404678858312,19.96373130225781
00-0034301,2021_08_NYG_KC,2021,8,49.0,39.06736010775087,0,2020,39.421109063463504,39.88441758582284
00-0034367,2021_08_TEN_IND,2021,8,2.0,21.66634768095084,0,2020,21.277272986375245,23.518829131797236
00-0034681,2021_08_GB_ARI,2021,8,30.0,50.564028073123836,0,2020,52.70594618135283,50.134938446611834
00-0034750,2021_08_JAX_SEA,2021,8,7.0,18.483320708408545,0,2020,22.790030618195765,18.432043645114742
00-0034791,2021_08_PIT_CLE,2021,8,61.0,88.58942622275194,0,2020,83.65454677159782,89.6666967694635
00-0034816,2021_08_TB_NO,2021,8,13.0,15.82457499250813,0,2020,19.006232838423507,16.36972580689134
00-0034838,2021_08_CAR_ATL,2021,8,25.0,16.51781901255208,0,2020,16.184886716837507,18.557121059354632
00-0034845,2021_08_LA_HOU,2021,8,42.0,34.69183642940705,0,2020,32.4348786276776,36.81933863537998
00-0034972,2021_08_DAL_MIN,2021,8,5.0,35.067592135664725,0,2020,36.89823428507254,35.40886538392086
00-0035250,2021_08_MIA_BUF,2021,8,28.0,53.775106743464264,0,2020,54.34491316707551,53.89539599348788
00-0035261,2021_08_DAL_MIN,2021,8,26.0,45.62636375185146,0,2020,38.18483106858037,49.55148590959274
00-0035311,2021_08_MIA_BUF,2021,8,36.0,44.30962633193625,0,2020,46.298886446715855,44.20316538197445
00-0035537,2021_08_CIN_NYJ,2021,8,15.0,21.497046273875085,0,2020,20.325778023415033,23.695330618918636
00-0035628,2021_08_PIT_CLE,2021,8,22.0,59.04692461402342,0,2020,58.445619410849446,59.45836113468507
00-0035657,2021_08_NE_LAC,2021,8,80.0,64.92615210236228,0,2020,66.47878025220028,64.16335877657231
00-0035664,2021_08_LA_HOU,2021,8,90.0,67.63145460399258,0,2020,69.97528545137484,66.41495342488675
00-0035726,2021_08_NE_LAC,2021,8,0.0,13.747233016710537,0,2020,13.87745989327613,15.699508913934409
00-0035806,2021_08_SF_CHI,2021,8,4.0,14.452944552888493,0,2020,19.146816257916793,14.399229031867687
00-0035831,2021_08_JAX_SEA,2021,8,22.0,71.88470158975738,0,2020,69.8589367391522,72.38675824694204
00-0036223,2021_08_TEN_IND,2021,8,70.0,72.60342740499068,0,2020,67.90326379435744,74.23460481587443
00-0036251,2021_08_MIA_BUF,2021,8,19.0,37.250682793778694,0,2020,37.94240270366211,37.995827792387765
00-0036265,2021_08_GB_ARI,2021,8,78.0,48.51615198299767,0,2020,54.697112767196664,46.42126300135832
00-0036275,2021_08_PHI_DET,2021,8,27.0,59.94406237533348,0,2020,61.03261017895472,59.58663344932915
00-0036328,2021_08_WAS_DEN,2021,8,34.0,52.094418282406146,0,2020,46.53441262742141,54.939173788221794
00-0036425,2021_08_JAX_SEA,2021,8,6.0,14.713028729684819,0,2020,16.850321196564433,15.756201513083113
00-0036555,2021_08_CAR_ATL,2021,8,82.0,57.32910321369242,0,2020,54.17045015848516,58.91887542091508
00-0036567,2021_08_SF_CHI,2021,8,137.0,72.584186305988,0,2020,70.93064766876017,72.89630207406873
00-0036875,2021_08_NE_LAC,2021,8,26.0,35.207381609937826,0,2020,38.0673655163048,35.09699337292422
00-0036893,2021_08_PIT_CLE,2021,8,91.0,61.121091867083976,0,2020,60.15186053118292,61.60685824239301
00-0036906,2021_08_SF_CHI,2021,8,72.0,52.549794351685684,0,2020,47.948613005390065,54.96049546697446
00-0036919,2021_08_PHI_DET,2021,8,27.0,30.05674367564686,0,2020,29.215868444169413,31.760860696622544
00-0036997,2021_08_WAS_DEN,2021,8,35.0,34.59049882811401,0,2020,36.527279513098115,34.905356740336664
00-0027966,2021_09_ATL_NO,2021,9,43.0,20.657511645399946,0,2020,24.35992205464964,20.778863478716357
00-0029239,2021_09_NE_CAR,2021,9,54.0,9.654298843668458,0,2020,12.260171952827262,10.701934159303754
00-0030288,2021_09_HOU_MIA,2021,9,9.0,16.316761282676733,0,2020,21.39630849936631,16.01952885472806
00-0030578,2021_09_ATL_NO,2021,9,10.0,29.473195836630047,0,2020,34.264553118490454,28.76126359094814
00-0031045,2021_09_BUF_JAX,2021,9,67.0,34.91238871629218,0,2020,36.94790273176264,35.17127285377777
00-0031285,2021_09_MIN_BAL,2021,9,79.0,19.061977893239156,0,2020,20.56983539350609,20.19948131069069
00-0032063,2021_09_ATL_NO,2021,9,13.0,40.37084835218418,0,2020,41.056475380812394,40.9906741180451
00-0032144,2021_09_DEN_DAL,2021,9,80.0,49.45887394831385,0,2020,48.700759199085425,50.33145145106931
00-0032187,2021_09_HOU_MIA,2021,9,11.0,10.321505758966603,0,2020,14.432455726586802,10.689753378712307
00-0032972,2021_09_LV_NYG,2021,9,99.0,46.09938359569446,0,2020,42.39561577591454,48.38584259027235
00-0033045,2021_09_DEN_DAL,2021,9,51.0,64.7450847817936,0,2020,65.41319488952927,64.37290561360385
00-0033118,2021_09_LV_NYG,2021,9,30.0,24.211586119314724,0,2020,26.31187866254569,24.881249682654396
00-0033280,2021_09_NE_CAR,2021,9,52.0,40.38338356032725,0,2020,44.279854499648074,39.611702040101505
00-0033293,2021_09_GB_KC,2021,9,53.0,57.71179385201733,0,2020,56.051687729589645,58.636675324388015
00-0033526,2021_09_CLE_CIN,2021,9,20.0,37.96422395735601,0,2020,36.8274672559757,39.47223420201612
00-0033553,2021_09_ARI_SF,2021,9,96.0,43.93618661736048,0,2020,41.91564841588076,45.58215462947305
00-0033699,2021_09_LAC_PHI,2021,9,59.0,55.93350956745586,0,2020,57.58706991806741,55.49578119610368
00-0033893,2021_09_MIN_BAL,2021,9,110.0,69.76927501050224,0,2020,65.8382171841794,71.18349177256306
00-0033897,2021_09_CLE_CIN,2021,9,64.0,77.13972291757145,0,2020,67.246926785237,80.83440408564346
00-0033906,2021_09_ATL_NO,2021,9,50.0,76.42215005763411,0,2020,78.32007578081112,75.03831407221921
00-0033955,2021_09_TEN_LA,2021,9,24.0,19.15387791432286,0,2020,16.591225364058985,22.05102796942021
00-0034301,2021_09_GB_KC,2021,9,70.0,43.284166512642855,0,2020,42.781644232209665,44.299243234730575
00-0034367,2021_09_NYJ_IND,2021,9,74.0,22.505961526446544,0,2020,24.216415332318217,23.41445807888892
00-0034414,2021_09_LAC_PHI,2021,9,40.0,56.62301053898993,0,2020,52.98044822117941,58.45137766133065
00-0034681,2021_09_ARI_SF,2021,9,3.0,48.699839286150535,0,2020,54.84687518254472,46.612114091188246
00-0034791,2021_09_CLE_CIN,2021,9,137.0,81.71702163160754,0,2020,77.22428919783445,82.88458547077245
00-0034845,2021_09_TEN_LA,2021,9,20.0,29.487050263326346,0,2020,31.017305024853997,30.18731595865777
00-0034972,2021_09_MIN_BAL,2021,9,0.0,39.51117558060216,0,2020,39.557290784332295,40.44330434598703
00-0035250,2021_09_BUF_JAX,2021,9,16.0,41.24527891792601,0,2020,41.79457872638633,41.88830338012808
00-0035261,2021_09_DEN_DAL,2021,9,11.0,38.31524222436301,0,2020,35.226827472528115,40.654349203992425
00-0035311,2021_09_HOU_MIA,2021,9,34.0,49.39578422079255,0,2020,52.85103263396887,48.44564712534075
00-0035537,2021_09_NYJ_IND,2021,9,21.0,20.805441646519835,0,2020,21.42095723316545,22.258023154788788
00-0035628,2021_09_CLE_CIN,2021,9,16.0,41.4501097022977,0,2020,41.50743300822167,42.29786674751886
00-0035657,2021_09_NE_CAR,2021,9,30.0,64.91313496389502,0,2020,61.53903010525642,66.28522157538629
00-0035664,2021_09_TEN_LA,2021,9,55.0,60.19161794852978,0,2020,61.30651535574376,59.81262160137573
00-0035685,2021_09_CHI_PIT,2021,9,63.0,58.481341318292685,0,2020,57.77406577771451,58.961880738426984
00-0035700,2021_09_LV_NYG,2021,9,76.0,45.10396019559328,0,2020,45.016747679295186,45.864487335356
00-0035806,2021_09_ARI_SF,2021,9,2.0,11.693137193776316,0,2020,14.055928735525608,12.762466382470894
00-0036223,2021_09_NYJ_IND,2021,9,172.0,76.46605805984025,0,2020,72.98363279089617,77.41128266738777
00-0036251,2021_09_BUF_JAX,2021,9,6.0,35.89787616834445,0,2020,40.64183920607556,34.94299817375604
00-0036265,2021_09_GB_KC,2021,9,46.0,56.307993874237084,0,2020,63.65798753295715,53.38711420026604
00-0036370,2021_09_LAC_PHI,2021,9,6.0,12.324696054545633,0,2020,15.466444961106514,13.030667028623146
00-0036555,2021_09_NE_CAR,2021,9,3.0,63.254890579716104,0,2020,57.29206870055185,65.81645927664992
00-0036567,2021_09_ARI_SF,2021,9,36.0,74.00399370562087,0,2020,62.91058229872654,78.34739925663362
00-0036875,2021_09_NE_CAR,2021,9,62.0,30.253556807773847,0,2020,29.81098223779919,31.777051725063536
00-0036893,2021_09_CHI_PIT,2021,9,62.0,71.05383565415781,0,2020,68.13303295040491,71.97771223802562
00-0036906,2021_09_CHI_PIT,2021,9,13.0,76.76004325089384,0,2020,70.70312158212742,78.80852789861197
00-0036919,2021_09_LAC_PHI,2021,9,3.0,26.689398248849486,0,2020,28.51535921629971,27.376291305196055
00-0036997,2021_09_DEN_DAL,2021,9,111.0,31.208247630095812,0,2020,35.49260562308343,30.644801350229663
00-0027966,2021_10_NO_TEN,2021,10,47.0,24.541509135819986,0,2020,25.70076502693533,25.605315855603394
00-0029239,2021_10_CLE_NE,2021,10,32.0,17.920378527730488,0,2020,22.28016460310764,17.869194350337555
00-0030456,2021_10_TB_WAS,2021,10,4.0,12.498065894584851,0,2020,11.850354077974702,14.838586970390237
00-0030578,2021_10_ATL_DAL,2021,10,25.0,28.455677207700123,0,2020,34.01253035754489,27.453847583766997
00-0031045,2021_10_JAX_IND,2021,10,4.0,38.32673622488518,0,2020,45.01529009357455,36.42981962789288
00-0031285,2021_10_BAL_MIA,2021,10,35.0,35.2155282191423,0,2020,33.76737136811397,36.97116710773161
00-0032063,2021_10_ATL_DAL,2021,10,18.0,38.845195156162035,0,2020,40.084296651868,39.287813614608986
00-0032104,2021_10_CAR_ARI,2021,10,24.0,13.800390528795756,0,2020,17.08301835657331,14.38481171167442
00-0032144,2021_10_PHI_DEN,2021,10,45.0,56.50386417906874,0,2020,58.2082591342519,56.02072299013874
00-0032426,2021_10_SEA_GB,2021,10,41.0,49.72725414761668,0,2020,50.169828636922695,50.068665929289565
00-0032602,2021_10_TB_WAS,2021,10,4.0,16.531161414354354,0,2020,18.38811990042242,17.621217656604365
00-0032780,2021_10_PHI_DEN,2021,10,83.0,43.33493648293795,0,2020,48.45483222765424,41.912202211767635
00-0033045,2021_10_ATL_DAL,2021,10,41.0,66.47587105871989,0,2020,65.60931013891035,66.6975579891589
00-0033118,2021_10_KC_LV,2021,10,16.0,25.66817926713985,0,2020,32.25225556230206,24.3356547704933
00-0033280,2021_10_CAR_ARI,2021,10,95.0,49.936896792937,0,2020,54.65793164953825,48.416207916132414
00-0033293,2021_10_SEA_GB,2021,10,25.0,68.00783951765617,0,2020,67.70277494974479,67.92345008792714
00-0033553,2021_10_CAR_ARI,2021,10,39.0,68.5947837590023,0,2020,62.53555236754243,70.97912836446643
00-0033699,2021_10_MIN_LAC,2021,10,44.0,63.587905670043895,0,2020,61.479188626505184,64.46615234231038
00-0033856,2021_10_TB_WAS,2021,10,47.0,54.06130255012818,0,2020,58.38505655482068,52.54357970410542
00-0033893,2021_10_MIN_LAC,2021,10,94.0,79.43853133506778,0,2020,72.02529147965171,81.9647510510261
00-0033955,2021_10_NO_TEN,2021,10,7.0,18.13944959940703,0,2020,17.34374570018678,20.312728844639583
00-0034301,2021_10_KC_LV,2021,10,43.0,43.99303975866841,0,2020,43.011691372465535,45.18648117589672
00-0034367,2021_10_JAX_IND,2021,10,12.0,27.919722197910204,0,2020,29.973430059563864,28.45749545902713
00-0034414,2021_10_PHI_DEN,2021,10,81.0,39.97008459458203,0,2020,43.625769526342715,39.31966523931051
00-0034845,2021_10_LA_SF,2021,10,20.0,31.831550634223575,0,2020,32.0980451113626,32.983150630994
00-0034972,2021_10_MIN_LAC,2021,10,16.0,47.42384284159966,0,2020,40.912439281350835,50.87230187792974
00-0035250,2021_10_BUF_NYJ,2021,10,43.0,53.875430040655196,0,2020,59.89340943457445,51.631362079792375
00-0035261,2021_10_ATL_DAL,2021,10,42.0,42.41930868938922,0,2020,40.07311592652301,44.26856344529149
00-0035311,2021_10_BAL_MIA,2021,10,31.0,52.3742409360762,0,2020,45.63122152089155,55.720022902600775
00-0035537,2021_10_BUF_NYJ,2021,10,2.0,27.085941926318565,0,2020,27.93476584544278,28.179885326166715
00-0035628,2021_10_CLE_NE,2021,10,99.0,40.07443519579248,0,2020,38.887294070005545,41.51773255233581
00-0035664,2021_10_LA_SF,2021,10,31.0,58.52755372663078,0,2020,56.75681383314371,59.46690914781996
00-0035700,2021_10_KC_LV,2021,10,16.0,44.1805845156092,0,2020,43.88479004077415,45.0693408426818
00-0035831,2021_10_JAX_IND,2021,10,57.0,45.58523502462468,0,2020,45.54108429849374,46.307369848976464
00-0036223,2021_10_JAX_IND,2021,10,116.0,78.51671258113666,0,2020,70.9456458464584,81.14910965473791
00-0036251,2021_10_BUF_NYJ,2021,10,27.0,26.123151677702914,0,2020,33.44514440921805,24.45229046247957
00-0036265,2021_10_SEA_GB,2021,10,66.0,50.451665985700785,0,2020,54.16761639429549,49.34528629203983
00-0036275,2021_10_DET_PIT,2021,10,130.0,51.26001643479368,0,2020,52.65725389785251,51.1249927085058
00-0036328,2021_10_TB_WAS,2021,10,64.0,43.08341238529866,0,2020,38.42104684203531,45.90883826065984
00-0036370,2021_10_MIN_LAC,2021,10,6.0,13.9780457698634,0,2020,15.332595295279244,15.390458193594403
00-0036425,2021_10_SEA_GB,2021,10,0.0,14.284491244281632,0,2020,16.16032475049748,15.45850700962837
00-0036555,2021_10_CAR_ARI,2021,10,27.0,42.133729812260825,0,2020,41.64413212392413,43.19038707560974
00-0036567,2021_10_LA_SF,2021,10,91.0,63.350598010071025,0,2020,55.794673116488795,66.5984015495816
00-0036875,2021_10_CLE_NE,2021,10,100.0,26.954700129925158,0,2020,30.453914897786003,26.905830551810045
00-0036893,2021_10_DET_PIT,2021,10,105.0,84.12510533607181,0,2020,75.5326126227096,86.97000024338158
00-0036919,2021_10_PHI_DEN,2021,10,5.0,20.932254282653947,0,2020,22.94547750953878,21.774124006007604
00-0036984,2021_10_LA_SF,2021,10,0.0,32.241215908406076,0,2020,32.5808987885969,33.34430894494104
00-0036997,2021_10_PHI_DEN,2021,10,48.0,49.661777882477864,0,2020,54.78661737001857,47.977436538852146
00-0027966,2021_11_NO_PHI,2021,11,88.0,39.5698761656335,0,2020,41.62810689260031,39.627914298144574
00-0029239,2021_11_NE_ATL,2021,11,1.0,16.793389383418212,0,2020,19.515749229816745,17.497784727220314
00-0030288,2021_11_HOU_TEN,2021,11,40.0,13.777521728106121,0,2020,17.90203485782644,13.99816146672388
00-0030456,2021_11_NYG_TB,2021,11,0.0,11.479269259489516,0,2020,13.51462496004777,12.69922010561529
00-0030513,2021_11_BAL_CHI,2021,11,32.0,50.30560293136453,0,2020,46.737159638114726,52.36093888328727
00-0031045,2021_11_SF_JAX,2021,11,0.0,28.431818740325905,0,2020,30.027192404298464,29.14714910906839
00-0031285,2021_11_BAL_CHI,2021,11,49.0,35.10200176580689,0,2020,35.29434027641977,36.15160538848502
00-0032063,2021_11_NE_ATL,2021,11,1.0,32.641130743539534,0,2020,33.64217120509944,33.44131160897471
00-0032104,2021_11_WAS_CAR,2021,11,6.0,14.15303409935057,0,2020,16.12876644677959,15.289163046393522
00-0032187,2021_11_HOU_TEN,2021,11,18.0,16.561682799121435,0,2020,16.696000966223938,18.396764984804076
00-0032426,2021_11_ARI_SEA,2021,11,36.0,53.31347197340113,0,2020,53.380122633011986,53.67066877625171
00-0032602,2021_11_WAS_CAR,2021,11,46.0,17.528772224492144,0,2020,16.937263088762073,19.638634793018333
00-0032741,2021_11_CIN_LV,2021,11,3.0,37.984592578986586,0,2020,33.532394756197085,40.92807403935838
00-0032780,2021_11_NO_PHI,2021,11,63.0,39.279036675227196,0,2020,42.738398841771826,38.74200779240394
00-0032972,2021_11_NYG_TB,2021,11,15.0,58.22845756033417,0,2020,57.4827019556139,58.73603803750124
00-0033045,2021_11_DAL_KC,2021,11,32.0,51.839430161132256,0,2020,62.669655701801766,47.594110658486706
00-0033118,2021_11_CIN_LV,2021,11,23.0,20.102300575966794,0,2020,27.021428284342132,18.85288408723198
00-0033280,2021_11_WAS_CAR,2021,11,59.0,44.17248487335923,0,2020,44.70659070305803,44.7020461778007
00-0033526,2021_11_CIN_LV,2021,11,3.0,38.03904316679848,0,2020,39.64843450017744,38.354306147708776
00-0033553,2021_11_ARI_SEA,2021,11,62.0,68.83855029160094,0,2020,69.55677654742287,68.2767858894045
00-0033699,2021_11_PIT_LAC,2021,11,50.0,58.27638763189251,0,2020,59.94754886640082,57.73495223386989
00-0033856,2021_11_NYG_TB,2021,11,35.0,58.1777274458918,0,2020,59.07937471230442,57.97370491069917
00-0033893,2021_11_GB_MIN,2021,11,86.0,70.48343269319977,0,2020,66.50770706130074,71.88771253633794
00-0033897,2021_11_CIN_LV,2021,11,123.0,75.15073562740528,0,2020,72.12189117686708,75.95340286940082
00-0033925,2021_11_HOU_TEN,2021,11,25.0,31.029240790409766,0,2020,28.911709456237393,33.24654500343324
00-0033948,2021_11_DET_CLE,2021,11,11.0,24.214752885201865,0,2020,27.181737465348466,24.50882057174735
00-0033950,2021_11_NE_ATL,2021,11,-3.0,37.644640122618355,0,2020,38.77110283186848,38.185290718910835
00-0034115,2021_11_SF_JAX,2021,11,50.0,23.493598267128622,0,2020,25.657520235706013,24.16514132338668
00-0034301,2021_11_DAL_KC,2021,11,15.0,41.56296437072835,0,2020,39.772200505285376,43.206716600692715
00-0034367,2021_11_IND_BUF,2021,11,31.0,24.588187560024735,0,2020,23.66655931935394,26.551555045730304
00-0034414,2021_11_NO_PHI,2021,11,16.0,31.91893653078668,0,2020,38.370481880158486,30.38748160826876
00-0034750,2021_11_ARI_SEA,2021,11,19.0,13.976497953690634,0,2020,20.11583318765781,13.31612178233852
00-0034791,2021_11_DET_CLE,2021,11,130.0,96.954319643177,0,2020,97.23556209977512,95.42882942004891
00-0034816,2021_11_NYG_TB,2021,11,33.0,19.06642459799647,0,2020,20.120594241888274,20.400291095065395
00-0034844,2021_11_NYG_TB,2021,11,25.0,28.190503999030383,0,2020,26.587594691121957,30.301282343739683
00-0034972,2021_11_GB_MIN,2021,11,5.0,35.08729033467259,0,2020,37.874142944197146,35.013508815952804
00-0035243,2021_11_NO_PHI,2021,11,94.0,30.532566078554517,0,2020,28.618642445124554,32.6820326627344
00-0035250,2021_11_IND_BUF,2021,11,17.0,38.869646594385785,0,2020,37.25323688673109,40.548319221842185
00-0035261,2021_11_DAL_KC,2021,11,50.0,41.29841090143273,0,2020,41.230578667501774,42.20660870098279
00-0035311,2021_11_MIA_NYJ,2021,11,89.0,52.065175295024545,0,2020,53.099275219791515,52.05444927473435
00-0035537,2021_11_MIA_NYJ,2021,11,5.0,20.956415831374535,0,2020,21.280772846065915,22.52894078840417
00-0035594,2021_11_ARI_SEA,2021,11,4.0,14.470862803731702,0,2020,15.349007686273376,16.069451422534822
00-0035628,2021_11_DET_CLE,2021,11,26.0,60.27883406558863,0,2020,52.84396995152083,63.60016578999396
00-0035657,2021_11_NE_ATL,2021,11,56.0,52.350290430900245,0,2020,52.92655965842387,52.52621195770499
00-0035685,2021_11_BAL_CHI,2021,11,58.0,53.62742338832679,0,2020,49.54735865935484,55.76817391809944
00-0035700,2021_11_CIN_LV,2021,11,37.0,45.80719642521825,0,2020,45.45080638854453,46.655496035962415
00-0035726,2021_11_NE_ATL,2021,11,0.0,9.491601359525932,0,2020,13.066524083044444,10.126099856963029
00-0035831,2021_11_SF_JAX,2021,11,29.0,56.27006410278026,0,2020,54.71891339449764,57.20686990165785
00-0035860,2021_11_NO_PHI,2021,11,2.0,29.221027581795965,0,2020,31.98075922755284,29.399572245727484
00-0036223,2021_11_IND_BUF,2021,11,185.0,75.10860850609177,0,2020,77.20536165550097,73.69250570416612
00-0036251,2021_11_IND_BUF,2021,11,5.0,33.42984080783389,0,2020,40.416864215705736,31.604444948046144
00-0036265,2021_11_GB_MIN,2021,11,53.0,54.590851289912685,0,2020,56.67843902218709,54.02015749047828
00-0036275,2021_11_DET_CLE,2021,11,136.0,53.84021073583919,0,2020,50.34587972365597,55.71848480826952
00-0036328,2021_11_WAS_CAR,2021,11,95.0,68.25947004036239,0,2020,62.445880555667266,70.55114961571368
00-0036360,2021_11_DAL_KC,2021,11,63.0,36.70039968141661,0,2020,40.65545329527533,36.05437922694619
00-0036425,2021_11_ARI_SEA,2021,11,25.0,12.31064572358221,0,2020,15.235108075219117,13.11132520562479
00-0036875,2021_11_NE_ATL,2021,11,69.0,52.427521417661545,0,2020,48.0695582252207,54.737870658421954
00-0036893,2021_11_PIT_LAC,2021,11,39.0,82.94728503471465,0,2020,75.32306212182104,85.42101139481849
00-0036906,2021_11_BAL_CHI,2021,11,0.0,54.15197547315503,0,2020,51.97566719060448,55.44647371238982
00-0036984,2021_11_SF_JAX,2021,11,32.0,34.272824727901174,0,2020,32.21845711089956,36.329745131006064
00-0029239,2021_12_TEN_NE,2021,12,0.0,14.623029718621492,0,2020,20.02372763093163,14.256129602513216
00-0030288,2021_12_NYJ_HOU,2021,12,27.0,27.874527629342797,0,2020,32.81493532210844,27.16358594851958
00-0030513,2021_12_CLE_BAL,2021,12,14.0,36.5637536568127,0,2020,35.218607146342016,38.21947561672265
00-0030578,2021_12_ATL_JAX,2021,12,108.0,17.132803992347814,0,2020,26.028291364558218,15.148974056222418
00-0031045,2021_12_ATL_JAX,2021,12,16.0,29.500352095570513,0,2020,31.00882217244649,30.20950978225367
00-0031285,2021_12_CLE_BAL,2021,12,52.0,35.38165252440633,0,2020,33.03679177370018,37.518946279316296
00-0032063,2021_12_ATL_JAX,2021,12,16.0,35.86977753990765,0,2020,36.48300124112629,36.705559728005234
00-0032104,2021_12_CAR_MIA,2021,12,4.0,11.616247184069527,0,2020,13.9806990912432,12.688010352335244
00-0032144,2021_12_LAC_DEN,2021,12,83.0,58.45189816097769,0,2020,55.40327255732641,59.9479584665773
00-0032187,2021_12_NYJ_HOU,2021,12,39.0,23.1034045116291,0,2020,22.030925654153013,25.193014424546835
00-0032426,2021_12_SEA_WAS,2021,12,14.0,45.643574160641585,0,2020,47.71016138009801,45.44890823311396
00-0032602,2021_12_SEA_WAS,2021,12,30.0,19.67771125997284,0,2020,20.29882566565795,21.174115769677087
00-0032972,2021_12_PHI_NYG,2021,12,10.0,37.12391383946557,0,2020,35.9967996549268,38.66220810808845
00-0033045,2021_12_LV_DAL,2021,12,25.0,62.250412425935835,0,2020,69.86972134686593,58.96916063443763
00-0033118,2021_12_LV_DAL,2021,12,25.0,21.62302678166613,0,2020,26.42403925141649,21.228849149074133
00-0033280,2021_12_CAR_MIA,2021,12,35.0,47.244894820754325,0,2020,50.19998765247106,46.59964230440355
00-0033293,2021_12_LA_GB,2021,12,23.0,56.42914018228076,0,2020,54.181627989497095,57.66109809155014
00-0033526,2021_12_PIT_CIN,2021,12,3.0,40.623828596598905,0,2020,36.37922829900331,43.369139479144984
00-0033699,2021_12_LAC_DEN,2021,12,31.0,53.384205667047176,0,2020,54.21946589795399,53.40552667990802
00-0033856,2021_12_TB_IND,2021,12,100.0,53.88566085668588,0,2020,53.498779095725595,54.41587015210495
00-0033893,2021_12_MIN_SF,2021,12,39.0,72.46681042870534,0,2020,68.60276531531322,73.74136951633838
00-0033897,2021_12_PIT_CIN,2021,12,165.0,95.15657875194715,0,2020,83.17318499231384,99.01806724423646
00-0033923,2021_12_CLE_BAL,2021,12,20.0,58.66003401965253,0,2020,56.264249004618506,59.86473676704957
00-0033925,2021_12_TEN_NE,2021,12,109.0,18.194774736399957,0,2020,19.425032600147897,19.4881033457766
00-0033948,2021_12_CHI_DET,2021,12,65.0,28.428531043512717,0,2020,31.430677983316,28.53455768431092
00-0033950,2021_12_ATL_JAX,2021,12,19.0,27.043095612743297,0,2020,31.756748785135866,26.46448515511478
00-0034115,2021_12_MIN_SF,2021,12,5.0,29.88229555307182,0,2020,23.465746872147704,34.009045079340225
00-0034253,2021_12_TEN_NE,2021,12,131.0,19.62984779092938,0,2020,26.213745151778543,18.545034304600023
00-0034367,2021_12_TB_IND,2021,12,3.0,23.290262649917423,0,2020,21.438097102117748,25.709983246884043
00-0034414,2021_12_PHI_NYG,2021,12,64.0,22.56684252201402,0,2020,30.660679188673736,20.707450274030688
00-0034791,2021_12_CLE_BAL,2021,12,16.0,85.21570981557912,0,2020,80.96074610860613,86.13678604007774
00-0034816,2021_12_TB_IND,2021,12,37.0,15.335689791511996,0,2020,19.006232838423507,15.689096371347992
00-0034844,2021_12_PHI_NYG,2021,12,40.0,37.69911283244303,0,2020,42.40918725596836,36.68504680396883
00-0034845,2021_12_LA_GB,2021,12,14.0,23.855914003083505,0,2020,26.322388854322806,24.381527248983257
00-0034972,2021_12_MIN_SF,2021,12,21.0,37.62100024800194,0,2020,38.37283142546674,38.324917192034334
00-0035243,2021_12_PHI_NYG,2021,12,64.0,54.294366688293806,0,2020,55.23979194330101,54.23063637151985
00-0035250,2021_12_BUF_NO,2021,12,44.0,37.20881108783672,0,2020,33.767365084363995,39.7462323416373
00-0035261,2021_12_LV_DAL,2021,12,36.0,36.667264465957395,0,2020,38.80728626505248,36.80890612488799
00-0035311,2021_12_CAR_MIA,2021,12,49.0,59.95868732472642,0,2020,56.2081012035889,61.6970552861948
00-0035537,2021_12_NYJ_HOU,2021,12,42.0,26.34118292288148,0,2020,24.43213788363201,28.660425693154195
00-0035657,2021_12_TEN_NE,2021,12,40.0,48.92595503724359,0,2020,51.876131973562174,48.213891469579195
00-0035664,2021_12_LA_GB,2021,12,55.0,58.36712571801017,0,2020,51.68994200903702,61.438616803409545
00-0035685,2021_12_CHI_DET,2021,12,46.0,75.56536263232287,0,2020,68.51780123166954,78.09200372868926
00-0035700,2021_12_LV_DAL,2021,12,87.0,49.36896994300147,0,2020,42.84505688948041,52.743078156805424
00-0035831,2021_12_ATL_JAX,2021,12,86.0,64.89872507231637,0,2020,66.90808303613956,63.93919326708771
00-0035860,2021_12_BUF_NO,2021,12,27.0,25.925743808530637,0,2020,32.97754004705294,24.380032141943737
00-0036223,2021_12_TB_IND,2021,12,83.0,82.07452773577043,0,2020,77.7866979121414,83.13866279875609
00-0036265,2021_12_LA_GB,2021,12,69.0,60.05478191772532,0,2020,60.26704940024869,60.07243217319976
00-0036275,2021_12_CHI_DET,2021,12,0.0,68.12793674160793,0,2020,67.68864128796811,68.09677323992995
00-0036328,2021_12_SEA_WAS,2021,12,111.0,69.87892568591155,0,2020,71.24766481268837,68.99268178041574
00-0036370,2021_12_LAC_DEN,2021,12,5.0,12.054676044833567,0,2020,14.596674642354978,13.031542832746172
00-0036425,2021_12_SEA_WAS,2021,12,4.0,14.307843632929423,0,2020,14.96031991207774,16.01088125792129
00-0036457,2021_12_CLE_BAL,2021,12,1.0,29.51719862417956,0,2020,32.04531124627678,29.78393861329879
00-0036555,2021_12_CAR_MIA,2021,12,6.0,44.82833396737531,0,2020,43.550344332281234,46.11602988767854
00-0036567,2021_12_MIN_SF,2021,12,133.0,76.77569609122749,0,2020,66.4132061155681,80.68878560199306
00-0036875,2021_12_TEN_NE,2021,12,46.0,35.81853754526089,0,2020,41.62794765183671,34.405343117121234
00-0036893,2021_12_PIT_CIN,2021,12,23.0,71.21269659638207,0,2020,63.71608606531009,74.112377485503
00-0036906,2021_12_CHI_DET,2021,12,9.0,41.706513427476956,0,2020,39.522844174857475,43.51459209582019
00-0036919,2021_12_PHI_NYG,2021,12,0.0,22.50678910661898,0,2020,23.157059416039296,23.87454157947415
00-0036997,2021_12_LAC_DEN,2021,12,54.0,59.879475081927566,0,2020,56.80657423814453,61.32750655349491
00-0027966,2021_13_DAL_NO,2021,13,28.0,42.56309537894692,0,2020,47.85883225625712,41.09583708030963
00-0029239,2021_13_NE_BUF,2021,13,28.0,17.803371769827557,0,2020,20.575817350539587,18.444649473983393
00-0030288,2021_13_IND_HOU,2021,13,30.0,26.653868134034195,0,2020,29.902510910587974,26.725887879860544
00-0030456,2021_13_TB_ATL,2021,13,3.0,12.031394790066143,0,2020,11.556460573400908,14.316203915379209
00-0030513,2021_13_BAL_PIT,2021,13,1.0,51.589297113688644,0,2020,51.22075917285978,52.205734003182044
00-0030578,2021_13_TB_ATL,2021,13,78.0,30.020039078584507,0,2020,36.79960840208352,28.424352749255124
00-0031045,2021_13_JAX_LA,2021,13,24.0,31.589766728940262,0,2020,40.430763399566395,29.036659430167433
00-0031285,2021_13_BAL_PIT,2021,13,52.0,40.957963926206354,0,2020,41.66442087160941,41.54468805382733
00-0032058,2021_13_PHI_NYJ,2021,13,58.0,42.48984551993569,0,2020,42.24443520012634,43.426112189625286
00-0032063,2021_13_TB_ATL,2021,13,32.0,34.04611197360997,0,2020,36.121141878570455,34.32340337024802
00-0032741,2021_13_WAS_LV,2021,13,0.0,31.476237025802078,0,2020,35.10314922078429,31.186617344177876
00-0032972,2021_13_NYG_MIA,2021,13,36.0,31.10587006483319,0,2020,30.702981590241208,32.57721869690704
00-0033045,2021_13_DAL_NO,2021,13,45.0,57.64735268684326,0,2020,57.84812309240678,57.768712953641625
00-0033118,2021_13_WAS_LV,2021,13,0.0,18.71803185859881,0,2020,25.250717777458895,17.692797857008074
00-0033526,2021_13_LAC_CIN,2021,13,36.0,46.602713158887234,0,2020,41.4159540370155,49.51098800822621
00-0033553,2021_13_ARI_CHI,2021,13,75.0,67.61620697276501,0,2020,62.51656251141563,69.62497357422632
00-0033699,2021_13_LAC_CIN,2021,13,59.0,51.348265676436036,0,2020,49.55496358941901,52.59181983977735
00-0033856,2021_13_TB_ATL,2021,13,44.0,62.39385214791723,0,2020,59.64683161890137,63.59759138483284
00-0033897,2021_13_LAC_CIN,2021,13,54.0,97.46934301780433,0,2020,85.2429325100274,101.3412635316088
00-0033948,2021_13_MIN_DET,2021,13,71.0,37.33484025432007,0,2020,38.73533723080647,37.769479428588966
00-0034301,2021_13_DEN_KC,2021,13,20.0,41.4855564010114,0,2020,42.63116533994651,41.860395576054515
00-0034367,2021_13_IND_HOU,2021,13,24.0,28.908191809448088,0,2020,26.70577742071279,31.24925358470561
00-0034414,2021_13_PHI_NYJ,2021,13,0.0,37.72001736025657,0,2020,37.55508897550954,38.81702971397623
00-0034750,2021_13_SF_SEA,2021,13,35.0,14.391807371284575,0,2020,19.01234430862485,14.37236899344146
00-0034816,2021_13_TB_ATL,2021,13,2.0,15.23141714024765,0,2020,19.402954072047027,15.372060736456676
00-0034838,2021_13_IND_HOU,2021,13,10.0,11.836223791975403,0,2020,13.062378486800386,13.392095739042064
00-0034844,2021_13_NYG_MIA,2021,13,55.0,44.21509335060383,0,2020,45.01100276309697,44.62948942252971
00-0034845,2021_13_JAX_LA,2021,13,121.0,21.400285134798523,0,2020,25.35913604153037,21.380081173793343
00-0034972,2021_13_MIN_DET,2021,13,90.0,54.52566795650776,0,2020,51.95164496300006,55.977137876689746
00-0035243,2021_13_PHI_NYJ,2021,13,120.0,46.322309114662865,0,2020,51.18907708166504,44.88672127941192
00-0035250,2021_13_NE_BUF,2021,13,36.0,51.20009563116378,0,2020,48.39944817833547,52.886125751339186
00-0035261,2021_13_DAL_NO,2021,13,71.0,45.93964026875718,0,2020,50.355965710148816,44.71488528572438
00-0035273,2021_13_TB_ATL,2021,13,7.0,23.451754992919646,0,2020,28.38235021414808,22.926443263214548
00-0035311,2021_13_NYG_MIA,2021,13,44.0,55.739255698871624,0,2020,60.04964005897028,54.1585115337886
00-0035537,2021_13_PHI_NYJ,2021,13,1.0,26.66284665691791,0,2020,27.38159260263923,27.830493332043847
00-0035594,2021_13_SF_SEA,2021,13,80.0,10.577804829711347,0,2020,13.065221847241196,11.6388841638326
00-0035657,2021_13_NE_BUF,2021,13,111.0,53.05081459063196,0,2020,52.922800167389376,53.50311532553641
00-0035685,2021_13_ARI_CHI,2021,13,90.0,63.84534891152519,0,2020,61.23689180601499,64.92953382517004
00-0035700,2021_13_WAS_LV,2021,13,52.0,52.359405238786806,0,2020,51.46293985027446,53.17296711768545
00-0035806,2021_13_SF_SEA,2021,13,0.0,12.162284535490889,0,2020,13.936489135024145,13.467359935062513
00-0035831,2021_13_JAX_LA,2021,13,24.0,57.0996418420218,0,2020,56.78934820061384,57.4648656683308
00-0036223,2021_13_IND_HOU,2021,13,143.0,95.251600069304,0,2020,94.963904984072,94.04241240492908
00-0036251,2021_13_NE_BUF,2021,13,21.0,26.09891082786821,0,2020,33.63453680736912,24.336494111500844
00-0036328,2021_13_WAS_LV,2021,13,88.0,78.56722465249103,0,2020,74.69784379740014,79.59391575390802
00-0036360,2021_13_DEN_KC,2021,13,54.0,47.705047244333485,0,2020,50.311354985230615,47.19202350581973
00-0036425,2021_13_SF_SEA,2021,13,0.0,18.26624977381606,0,2020,16.085446713207286,21.03437786730744
00-0036567,2021_13_SF_SEA,2021,13,66.0,82.56392208271495,0,2020,71.46564878750853,86.5583890718595
00-0036875,2021_13_NE_BUF,2021,13,78.0,38.552494434395285,0,2020,41.88551877762165,38.099992965665365
00-0036893,2021_13_BAL_PIT,2021,13,71.0,66.12502875706367,0,2020,64.00432638746989,66.904419624188
00-0036906,2021_13_ARI_CHI,2021,13,16.0,35.9343437186407,0,2020,33.90287535493636,37.91320445666833
00-0036919,2021_13_PHI_NYJ,2021,13,54.0,23.075783942284765,0,2020,21.696898575214355,25.29926719053659
00-0036997,2021_13_DEN_KC,2021,13,102.0,46.74557839394247,0,2020,45.81747806414235,47.80306952867205
00-0030288,2021_14_SEA_HOU,2021,14,40.0,25.56432371207022,0,2020,30.705900751928432,24.860974028386806
00-0030513,2021_14_BAL_CLE,2021,14,1.0,26.6980923844208,0,2020,28.456835503345676,27.413748828695947
00-0030578,2021_14_ATL_CAR,2021,14,58.0,47.86172514270954,0,2020,53.34317753475495,46.09671352577063
00-0030874,2021_14_CHI_GB,2021,14,13.0,20.461440864175184,0,2020,23.471484741485003,20.89077878731714
00-0031045,2021_14_JAX_TEN,2021,14,2.0,35.2427295757929,0,2020,43.45124797542186,32.813813897195544
00-0031285,2021_14_BAL_CLE,2021,14,64.0,47.449276839816314,0,2020,46.27861720240881,48.58299001895723
00-0032063,2021_14_ATL_CAR,2021,14,44.0,33.58852686763846,0,2020,33.86509337988844,34.6637094469619
00-0032104,2021_14_ATL_CAR,2021,14,16.0,18.3472670882015,0,2020,19.302636138020834,19.753428544859567
00-0032144,2021_14_DET_DEN,2021,14,111.0,55.53875326391511,0,2020,53.42626913220432,56.74872966910803
00-0032426,2021_14_SEA_HOU,2021,14,16.0,60.041245170126984,0,2020,53.481911592406135,62.9930254768839
00-0032741,2021_14_LV_KC,2021,14,7.0,33.775626504355515,0,2020,36.14754841147263,33.93539181876837
00-0032972,2021_14_NYG_LAC,2021,14,56.0,50.561914937921614,0,2020,49.59379498832768,51.48023434361099
00-0033045,2021_14_DAL_WAS,2021,14,45.0,61.52799269569531,0,2020,63.859002170354735,60.567350465676455
00-0033293,2021_14_CHI_GB,2021,14,35.0,63.48826404249172,0,2020,60.143406076069205,64.90611470847001
00-0033526,2021_14_SF_CIN,2021,14,11.0,32.47187873208725,0,2020,35.57566833033814,32.36805330628484
00-0033553,2021_14_LA_ARI,2021,14,31.0,65.9948914997989,0,2020,60.06327665732079,68.43057264071781
00-0033699,2021_14_NYG_LAC,2021,14,67.0,60.6284224501615,0,2020,59.1792708470138,61.34230309719432
00-0033856,2021_14_BUF_TB,2021,14,113.0,56.077564235605855,0,2020,50.71463692556491,58.67359217019904
00-0033893,2021_14_PIT_MIN,2021,14,205.0,73.68567786152504,0,2020,72.09482010465027,73.92546674042187
00-0033897,2021_14_SF_CIN,2021,14,58.0,85.03950396686373,0,2020,75.71131442676757,88.16561576851396
00-0033906,2021_14_NO_NYJ,2021,14,120.0,77.18634928460584,0,2020,73.4803416498537,78.19889432254118
00-0033923,2021_14_BAL_CLE,2021,14,5.0,46.55416266370534,0,2020,41.239484613240045,49.519845277289434
00-0033925,2021_14_JAX_TEN,2021,14,47.0,46.31116953963115,0,2020,49.54471280982999,45.58357977749511
00-0033955,2021_14_JAX_TEN,2021,14,16.0,16.101254134280186,0,2020,14.379517605669411,18.759293668015836
00-0034115,2021_14_SF_CIN,2021,14,56.0,19.732328831378908,0,2020,21.08365232063633,20.91015423393968
00-0034253,2021_14_JAX_TEN,2021,14,13.0,41.161293425488054,0,2020,42.66061862306371,41.39619469490558
00-0034301,2021_14_LV_KC,2021,14,8.0,38.327253787354664,0,2020,40.99732947680699,38.17119033746209
00-0034614,2021_14_DET_DEN,2021,14,25.0,12.374514632028598,0,2020,11.941992164301562,14.62687882182856
00-0034750,2021_14_SEA_HOU,2021,14,137.0,36.14953737064134,0,2020,38.27094205565068,36.32047640437991
00-0034791,2021_14_BAL_CLE,2021,14,59.0,80.468390231522,0,2020,74.17414083867506,82.46760911874902
00-0034816,2021_14_BUF_TB,2021,14,8.0,17.541207851383955,0,2020,21.17699063127479,17.81922433069234
00-0034838,2021_14_SEA_HOU,2021,14,15.0,15.640554196660691,0,2020,17.313087106597134,16.847030819940745
00-0034844,2021_14_NYG_LAC,2021,14,64.0,49.36037930827307,0,2020,50.66140321094753,49.34494155980634
00-0034845,2021_14_LA_ARI,2021,14,79.0,50.12260440139255,0,2020,49.506528355944006,50.906428523818086
00-0034972,2021_14_PIT_MIN,2021,14,27.0,60.30552779724962,0,2020,60.28283848625512,60.414682255001665
00-0035250,2021_14_BUF_TB,2021,14,52.0,40.10796700765563,0,2020,42.438128137010665,40.02613293751751
00-0035273,2021_14_ATL_CAR,2021,14,23.0,17.233013999180518,0,2020,22.66766430343243,16.74436900668836
00-0035537,2021_14_NO_NYJ,2021,14,17.0,22.934976545415665,0,2020,20.698504916011768,25.53575556804576
00-0035628,2021_14_BAL_CLE,2021,14,22.0,44.929217741052106,0,2020,42.52884421460717,46.69901254087293
00-0035685,2021_14_CHI_GB,2021,14,42.0,64.84428640083212,0,2020,59.50493749277247,67.07057428176458
00-0035700,2021_14_LV_KC,2021,14,24.0,55.88215690132431,0,2020,57.45574138341174,55.481181447656525
00-0035806,2021_14_SF_CIN,2021,14,0.0,9.352963396514363,0,2020,10.977418320669118,10.838123916699068
00-0035831,2021_14_JAX_TEN,2021,14,4.0,53.02152330126247,0,2020,55.599923961074786,52.30255937326597
00-0035860,2021_14_NO_NYJ,2021,14,10.0,27.187854065789676,0,2020,27.757660601684897,28.398493187904748
00-0036265,2021_14_CHI_GB,2021,14,71.0,61.282526019203445,0,2020,63.32472076876181,60.457069982332854
00-0036328,2021_14_DAL_WAS,2021,14,36.0,70.20967861669753,0,2020,68.188307534914,70.77852493060344
00-0036360,2021_14_LV_KC,2021,14,37.0,47.99044808150677,0,2020,48.813545066324096,48.2382377787811
00-0036370,2021_14_NYG_LAC,2021,14,33.0,13.43612680039337,0,2020,15.663817428351711,14.492503603493915
00-0036425,2021_14_SEA_HOU,2021,14,16.0,14.26460689893112,0,2020,14.704352321830772,16.061576366019406
00-0036555,2021_14_ATL_CAR,2021,14,33.0,47.018756024550974,0,2020,43.84647735802462,49.03726101462767
00-0036893,2021_14_PIT_MIN,2021,14,94.0,73.09129427529408,0,2020,67.08069718407741,75.27016663180405
00-0036906,2021_14_CHI_GB,2021,14,3.0,38.32111526428802,0,2020,35.45018096349366,40.56576508955778
00-0036997,2021_14_DET_DEN,2021,14,73.0,72.12382464749942,0,2020,72.7052352828036,71.4866012148195
00-0027966,2021_15_NO_TB,2021,15,10.0,37.324678260871,0,2020,46.18546718101246,34.52780645205461
00-0029239,2021_15_NE_IND,2021,15,3.0,13.531068580141186,0,2020,18.14905699517694,13.548033380673346
00-0030288,2021_15_HOU_JAX,2021,15,41.0,29.45947987542753,0,2020,36.523926183739974,27.76336857436116
00-0030513,2021_15_GB_BAL,2021,15,48.0,28.309998678084447,0,2020,32.672268718421996,27.831657468001566
00-0030578,2021_15_ATL_SF,2021,15,18.0,45.820281722650556,0,2020,50.619766549526375,44.434430379106885
00-0030874,2021_15_MIN_CHI,2021,15,0.0,23.969158343151282,0,2020,27.57366442405576,23.997112563653932
00-0031285,2021_15_GB_BAL,2021,15,22.0,53.45241079003846,0,2020,53.13250276188507,53.971373598224666
00-0032058,2021_15_NYJ_MIA,2021,15,50.0,40.73141666262481,0,2020,38.533793686578754,42.58552928934921
00-0032063,2021_15_ATL_SF,2021,15,21.0,29.467817106566166,0,2020,31.46151716665361,29.968099025382156
00-0032104,2021_15_CAR_BUF,2021,15,7.0,19.545615477262533,0,2020,19.01003753579616,21.548536434191572
00-0032144,2021_15_CIN_DEN,2021,15,53.0,56.25649972208999,0,2020,52.98111533033712,57.940829705842546
00-0032187,2021_15_HOU_JAX,2021,15,24.0,20.230942787154234,0,2020,19.382649811249347,22.34123186980281
00-0032741,2021_15_LV_CLE,2021,15,34.0,35.814577297589445,0,2020,38.35646673855123,35.81709184647884
00-0032780,2021_15_WAS_PHI,2021,15,69.0,35.012692865474975,0,2020,38.62919505946939,34.58255203301148
00-0032972,2021_15_DAL_NYG,2021,15,74.0,42.446662978855535,0,2020,38.899465036349675,44.81509218122036
00-0033045,2021_15_DAL_NYG,2021,15,52.0,60.721207228768215,0,2020,62.43547741832804,60.06083361780104
00-0033293,2021_15_GB_BAL,2021,15,58.0,47.547134229896734,0,2020,55.743208185716426,44.6190029697504
00-0033526,2021_15_CIN_DEN,2021,15,30.0,27.857208974805566,0,2020,31.48559635664038,27.715367467469655
00-0033553,2021_15_ARI_DET,2021,15,39.0,76.19318433130033,0,2020,76.261016644145,75.6115664619631
00-0033699,2021_15_KC_LAC,2021,15,59.0,47.585159562553024,0,2020,50.7271567071477,46.84498251684983
00-0033725,2021_15_DAL_NYG,2021,15,0.0,23.686414600173737,0,2020,24.64577542888111,24.871886966446024
00-0033856,2021_15_NO_TB,2021,15,34.0,58.37632934761953,0,2020,55.151748540016726,59.951715592263874
00-0033893,2021_15_MIN_CHI,2021,15,89.0,83.29877127120885,0,2020,82.03793678410364,83.0013529725212
00-0033897,2021_15_CIN_DEN,2021,15,58.0,85.77609150174243,0,2020,75.2910192782389,89.37317728619661
00-0033906,2021_15_NO_TB,2021,15,18.0,74.54375390148998,0,2020,70.43303941327795,75.8399984618489
00-0033925,2021_15_TEN_PIT,2021,15,108.0,41.63868862079206,0,2020,38.56018005184001,43.837208697578966
00-0033955,2021_15_TEN_PIT,2021,15,26.0,18.843422057995014,0,2020,21.209835691488703,19.617947112745263
00-0034115,2021_15_ATL_SF,2021,15,110.0,27.573226691997533,0,2020,28.61076395969741,28.56543252872075
00-0034253,2021_15_TEN_PIT,2021,15,49.0,36.30483295000595,0,2020,37.487287125284325,36.87617290228946
00-0034301,2021_15_KC_LAC,2021,15,12.0,44.696198871661764,0,2020,46.710309532569376,44.56311879744786
00-0034367,2021_15_NE_IND,2021,15,0.0,24.313603981977515,0,2020,23.30642381114855,26.32529478773444
00-0034614,2021_15_ARI_DET,2021,15,0.0,18.332754225251364,0,2020,21.822006127135133,18.641788903827656
00-0034681,2021_15_ARI_DET,2021,15,53.0,42.87307862171727,0,2020,43.106728304622585,43.58609171199778
00-0034750,2021_15_SEA_LA,2021,15,39.0,44.39870723354791,0,2020,51.99619241339511,41.859012785615576
00-0034791,2021_15_LV_CLE,2021,15,91.0,90.3414828461249,0,2020,80.03674253914576,93.673217872336
00-0034816,2021_15_NO_TB,2021,15,63.0,17.154603193432447,0,2020,19.869630413372853,17.847361688845794
00-0034838,2021_15_HOU_JAX,2021,15,8.0,24.303365500487722,0,2020,22.812898234265912,26.52484453223107
00-0034844,2021_15_DAL_NYG,2021,15,50.0,39.58450959889137,0,2020,41.327330743355176,39.778588506633874
00-0034845,2021_15_SEA_LA,2021,15,92.0,58.33611539772291,0,2020,52.017486583169685,61.25354603147822
00-0035243,2021_15_WAS_PHI,2021,15,131.0,57.81621549291678,0,2020,56.48125217964941,58.59595710908635
00-0035250,2021_15_CAR_BUF,2021,15,86.0,53.817835204224565,0,2020,51.861026757882954,55.030945487787974
00-0035261,2021_15_DAL_NYG,2021,15,74.0,47.75506918683046,0,2020,47.108687755246315,48.64911534234741
00-0035273,2021_15_ATL_SF,2021,15,3.0,14.903329728726796,0,2020,18.943222983006997,15.11445859421228
00-0035311,2021_15_NYJ_MIA,2021,15,54.0,61.915060437190874,0,2020,60.195563498270246,62.693294020234475
00-0035567,2021_15_ARI_DET,2021,15,112.0,37.50976868972044,0,2020,41.03461697347543,37.01692821146338
00-0035628,2021_15_LV_CLE,2021,15,-2.0,41.90999010030506,0,2020,41.272297937077674,43.03998007797327
00-0035664,2021_15_SEA_LA,2021,15,23.0,66.00703623636707,0,2020,64.37165673436579,66.58101573137384
00-0035685,2021_15_MIN_CHI,2021,15,60.0,63.90534128679042,0,2020,62.913250104926334,64.28682817432441
00-0035700,2021_15_LV_CLE,2021,15,52.0,50.903246187714736,0,2020,47.38195495583139,52.91364554939529
00-0035726,2021_15_NE_IND,2021,15,0.0,13.300031175355866,0,2020,16.00124215854039,14.156852072052551
00-0035806,2021_15_ATL_SF,2021,15,13.0,8.314323501558935,0,2020,11.561516301054388,9.1390807415358
00-0035831,2021_15_HOU_JAX,2021,15,75.0,70.17177850695204,0,2020,66.55934189257341,71.43145626983758
00-0036223,2021_15_NE_IND,2021,15,170.0,91.4552943462652,0,2020,89.87700624283421,90.96090139125148
00-0036265,2021_15_GB_BAL,2021,15,22.0,71.81777528230197,0,2020,71.4814460353984,71.5906838290577
00-0036328,2021_15_WAS_PHI,2021,15,26.0,71.80210992387624,0,2020,67.28142177447211,73.38839768679995
00-0036360,2021_15_KC_LAC,2021,15,32.0,51.913807938808326,0,2020,48.18918926899464,53.97084887787119
00-0036370,2021_15_KC_LAC,2021,15,21.0,11.473647738877904,0,2020,14.900648232650004,12.09094448855022
00-0036425,2021_15_SEA_LA,2021,15,41.0,10.34256217647935,0,2020,13.232693532423694,11.23882604205162
00-0036555,2021_15_CAR_BUF,2021,15,40.0,50.48194800061692,0,2020,44.11982137594063,53.74032402016145
00-0036875,2021_15_NE_IND,2021,15,36.0,51.796604884897505,0,2020,58.20903885043882,49.46690551178059
00-0036893,2021_15_TEN_PIT,2021,15,18.0,71.69093360074581,0,2020,68.32106611634241,72.78322528114604
00-0036906,2021_15_MIN_CHI,2021,15,0.0,42.46465944120362,0,2020,35.99092835360961,46.1001754684638
00-0036919,2021_15_WAS_PHI,2021,15,0.0,22.126342837002632,0,2020,23.31865924447408,23.274873745771195
00-0036997,2021_15_CIN_DEN,2021,15,72.0,50.35719936220145,0,2020,52.999537659660106,49.719801136767714
00-0027966,2021_16_MIA_NO,2021,16,17.0,34.97758864662471,0,2020,40.50329582606051,33.721786767920875
00-0029239,2021_16_BUF_NE,2021,16,4.0,19.430904350984477,0,2020,22.106540281069645,20.047376152558066
00-0030288,2021_16_LAC_HOU,2021,16,149.0,38.56053479115395,0,2020,41.901107165236894,38.10443364762442
00-0030496,2021_16_TB_CAR,2021,16,-1.0,12.205553505818967,0,2020,15.497750813641929,12.85123369165613
00-0030513,2021_16_BAL_CIN,2021,16,12.0,33.37817395846985,0,2020,38.886326706784736,32.1955693621984
00-0030578,2021_16_DET_ATL,2021,16,14.0,58.55402072697505,0,2020,58.57998006873957,58.71392949102231
00-0030874,2021_16_CHI_SEA,2021,16,12.0,20.784439401188,0,2020,27.534451639791207,19.58031197927346
00-0031285,2021_16_BAL_CIN,2021,16,17.0,44.57181593252355,0,2020,42.942110063231986,46.02240128855036
00-0032058,2021_16_JAX_NYJ,2021,16,57.0,40.18467767310789,0,2020,40.59634247658621,40.930823528029045
00-0032063,2021_16_DET_ATL,2021,16,28.0,37.859658575154505,0,2020,41.521970156434946,37.29291754246207
00-0032104,2021_16_TB_CAR,2021,16,1.0,19.353744851730095,0,2020,19.857801893751375,20.91414658344118
00-0032144,2021_16_DEN_LV,2021,16,-4.0,58.17306747206957,0,2020,58.08754503403525,58.39689506350685
00-0032257,2021_16_MIA_NO,2021,16,39.0,60.08335280417424,0,2020,63.946014658351174,58.51841727090424
00-0032741,2021_16_DEN_LV,2021,16,22.0,35.17106772274853,0,2020,37.8742538649436,35.13009623554288
00-0032780,2021_16_NYG_PHI,2021,16,37.0,55.38745550911154,0,2020,55.88521649120029,55.472833264191394
00-0032972,2021_16_NYG_PHI,2021,16,27.0,42.021399260852206,0,2020,47.25415693912507,40.603639736507105
00-0033045,2021_16_WAS_DAL,2021,16,37.0,55.06162872689898,0,2020,57.61114818121166,54.27151140080382
00-0033293,2021_16_CLE_GB,2021,16,66.0,63.537388948398146,0,2020,60.21941961830134,64.94157636649115
00-0033526,2021_16_BAL_CIN,2021,16,0.0,26.53079016158333,0,2020,28.27862859594547,27.25803181039447
00-0033725,2021_16_WAS_DAL,2021,16,18.0,15.74831723371015,0,2020,18.02377743730362,16.689175917640583
00-0033897,2021_16_BAL_CIN,2021,16,65.0,87.1073444769609,0,2020,76.67267452152703,90.6280001061938
00-0033906,2021_16_MIA_NO,2021,16,52.0,66.48678557314982,0,2020,70.19307010830796,64.72698901517822
00-0033925,2021_16_SF_TEN,2021,16,17.0,38.45576361559372,0,2020,41.062884971310304,38.321702853454326
00-0033948,2021_16_DET_ATL,2021,16,77.0,43.37017030959829,0,2020,47.44117330846335,42.400389601230366
00-0033950,2021_16_LA_MIN,2021,16,0.0,25.758981590716605,0,2020,29.84948084742665,25.50299404537369
00-0033955,2021_16_SF_TEN,2021,16,31.0,15.91359387903826,0,2020,17.607784486283656,17.099490586535513
00-0034115,2021_16_SF_TEN,2021,16,45.0,33.90094276805178,0,2020,31.183202576611347,36.26049863689908
00-0034253,2021_16_SF_TEN,2021,16,20.0,33.08290259092339,0,2020,38.486624994494086,31.95764818244607
00-0034301,2021_16_PIT_KC,2021,16,55.0,39.723730979154766,0,2020,40.40108750995123,40.373678114233286
00-0034367,2021_16_IND_ARI,2021,16,11.0,23.03729417774337,0,2020,21.91770253954855,25.150025364980728
00-0034414,2021_16_NYG_PHI,2021,16,41.0,22.408147031906086,0,2020,22.31826061893598,24.100593557351814
00-0034440,2021_16_LAC_HOU,2021,16,64.0,53.764443262410516,0,2020,52.45812904944081,54.69793779040652
00-0034614,2021_16_DET_ATL,2021,16,0.0,14.037637497375217,0,2020,16.12860767686144,15.128575862606436
00-0034681,2021_16_IND_ARI,2021,16,56.0,35.95277968802498,0,2020,41.19507607952519,34.77976344317371
00-0034750,2021_16_CHI_SEA,2021,16,135.0,49.86623868964592,0,2020,49.040816878706856,50.75126864719372
00-0034791,2021_16_CLE_GB,2021,16,126.0,87.79606527485674,0,2020,76.18048452607425,91.80006730736284
00-0034816,2021_16_TB_CAR,2021,16,65.0,21.60356789805013,0,2020,27.391604568728788,20.78259229388454
00-0034838,2021_16_LAC_HOU,2021,16,34.0,20.71389078591418,0,2020,18.179815387508487,23.53468420338257
00-0034844,2021_16_NYG_PHI,2021,16,32.0,47.47305240642573,0,2020,46.75640415326237,48.40910494562238
00-0034845,2021_16_LA_MIN,2021,16,131.0,52.98352571930047,0,2020,51.82664101747674,53.8843104189071
00-0034972,2021_16_LA_MIN,2021,16,41.0,37.54319349982113,0,2020,36.066614549929795,39.21568719536688
00-0035243,2021_16_NYG_PHI,2021,16,45.0,65.3637710350538,0,2020,63.124020120765074,66.22595516509216
00-0035250,2021_16_BUF_NE,2021,16,39.0,54.08374379965136,0,2020,53.95125670918072,54.495621484782866
00-0035261,2021_16_WAS_DAL,2021,16,34.0,47.40355311220707,0,2020,51.38736650634546,46.30613440788391
00-0035311,2021_16_MIA_NO,2021,16,10.0,38.871579544118084,0,2020,36.40360671908622,40.91908479767646
00-0035567,2021_16_DET_ATL,2021,16,29.0,45.88674625809093,0,2020,50.82026857540219,44.44010182400287
00-0035594,2021_16_CHI_SEA,2021,16,0.0,13.60247927302099,0,2020,15.973901407782092,14.589766940293355
00-0035628,2021_16_CLE_GB,2021,16,58.0,38.87411024915219,0,2020,38.41042980020349,40.05321753363867
00-0035657,2021_16_BUF_NE,2021,16,103.0,45.13609793935202,0,2020,44.415467378951554,46.169714773633046
00-0035664,2021_16_LA_MIN,2021,16,17.0,43.59349863225411,0,2020,44.31982835957353,44.06352958512439
00-0035685,2021_16_CHI_SEA,2021,16,45.0,68.6103761738558,0,2020,63.51567950502877,70.5762281768347
00-0035700,2021_16_DEN_LV,2021,16,129.0,52.856678053953516,0,2020,53.54826723042461,52.96187389699928
00-0035726,2021_16_BUF_NE,2021,16,0.0,10.464893005162313,0,2020,12.970589496355974,11.522683896906807
00-0035806,2021_16_SF_TEN,2021,16,3.0,10.404683229808937,0,2020,11.511533626397974,12.070947704549411
00-0035831,2021_16_JAX_NYJ,2021,16,10.0,66.05826649319775,0,2020,63.5748506836522,66.99752904421486
00-0035860,2021_16_MIA_NO,2021,16,6.0,21.33809468946624,0,2020,25.05616625366647,21.424750957260677
00-0036223,2021_16_IND_ARI,2021,16,108.0,100.82121602510679,0,2020,92.42505033864168,102.89634696323532
00-0036251,2021_16_BUF_NE,2021,16,12.0,29.61483167635026,0,2020,33.37218207111801,29.34504060821757
00-0036265,2021_16_CLE_GB,2021,16,41.0,59.261410441430286,0,2020,60.28222802506992,58.96131914777452
00-0036328,2021_16_WAS_DAL,2021,16,29.0,68.50320609509654,0,2020,63.96389328103336,70.23285126135359
00-0036360,2021_16_PIT_KC,2021,16,27.0,60.02617112229744,0,2020,60.792008137885965,59.80517880067312
00-0036370,2021_16_LAC_HOU,2021,16,7.0,13.98450992914605,0,2020,16.00291267126227,15.109064540506782
00-0036425,2021_16_CHI_SEA,2021,16,15.0,24.62208528329344,0,2020,24.25725858098159,26.342846541131696
00-0036555,2021_16_TB_CAR,2021,16,9.0,47.90768148438269,0,2020,45.54291970391433,49.539901111436535
00-0036654,2021_16_CLE_GB,2021,16,0.0,15.363059648700688,0,2020,17.17438146859721,16.520790632712252
00-0036893,2021_16_PIT_KC,2021,16,93.0,74.24183109969377,0,2020,66.94922845285184,76.92890667066622
00-0036906,2021_16_CHI_SEA,2021,16,21.0,38.94349821671185,0,2020,38.389797849283056,40.15875807158775
00-0036919,2021_16_NYG_PHI,2021,16,0.0,23.375790354509803,0,2020,21.952751570744265,25.606098289451317
00-0036997,2021_16_DEN_LV,2021,16,12.0,60.64724605060525,0,2020,57.19227602813785,62.22931002964101
00-0029239,2021_17_JAX_NE,2021,17,4.0,13.706965466379135,0,2020,16.134439418932608,14.665685509940456
00-0030288,2021_17_HOU_SF,2021,17,47.0,50.745742419808124,0,2020,54.06748882897968,49.79807858023849
00-0030496,2021_17_TB_NYJ,2021,17,5.0,12.030983649581177,0,2020,14.597995772650869,12.997985775924755
00-0030513,2021_17_LA_BAL,2021,17,31.0,26.129280115203507,0,2020,30.96174769283708,25.536673002052755
00-0030578,2021_17_ATL_BUF,2021,17,28.0,46.11706198075373,0,2020,44.81634818421555,47.36175134149185
00-0030874,2021_17_NYG_CHI,2021,17,0.0,26.368253762431213,0,2020,29.200693072939497,26.63229317823041
00-0031285,2021_17_LA_BAL,2021,17,76.0,42.791490571056485,0,2020,42.90958573639742,43.55790982695649
00-0032063,2021_17_ATL_BUF,2021,17,42.0,32.10320375927035,0,2020,35.76069739601924,31.77462360374819
00-0032104,2021_17_CAR_NO,2021,17,21.0,16.051887793403758,0,2020,17.526015853463555,17.32744794098597
00-0032144,2021_17_DEN_LAC,2021,17,43.0,66.0973350134183,0,2020,64.4731347720135,66.66276828347696
00-0032257,2021_17_MIA_TEN,2021,17,49.0,47.62933926206777,0,2020,51.48104217089991,46.57989356215498
00-0032741,2021_17_LV_IND,2021,17,3.0,34.67896499010776,0,2020,37.1701126665652,34.75003349695592
00-0032780,2021_17_PHI_WAS,2021,17,26.0,39.05397258383021,0,2020,39.91274908995004,39.65279240254798
00-0032972,2021_17_NYG_CHI,2021,17,46.0,48.12267588059627,0,2020,45.46069362721584,49.874839591962754
00-0032975,2021_17_PHI_WAS,2021,17,4.0,10.21078992458072,0,2020,12.826369337630886,11.23139846197436
00-0033045,2021_17_ARI_DAL,2021,17,16.0,61.82458648289138,0,2020,61.205444136332225,62.12983775111367
00-0033293,2021_17_MIN_GB,2021,17,76.0,65.47826741023826,0,2020,60.062316068160605,67.71174107213824
00-0033526,2021_17_KC_CIN,2021,17,4.0,21.899628289450245,0,2020,24.18155520933953,22.58541866598655
00-0033699,2021_17_DEN_LAC,2021,17,58.0,46.24739458360872,0,2020,47.98707885961341,46.16958584774571
00-0033725,2021_17_ARI_DAL,2021,17,0.0,16.069220079220344,0,2020,18.574332935192732,16.897428948695005
00-0033854,2021_17_JAX_NE,2021,17,36.0,45.93087969406271,0,2020,48.359981952032264,45.56738349861764
00-0033893,2021_17_MIN_GB,2021,17,13.0,80.12134876742303,0,2020,81.57418236911714,78.77862933114142
00-0033897,2021_17_KC_CIN,2021,17,46.0,75.38647288216157,0,2020,71.22284876750102,76.67107869202826
00-0033906,2021_17_CAR_NO,2021,17,32.0,77.75174596950626,0,2020,80.2561109972442,76.0506629072012
00-0033925,2021_17_MIA_TEN,2021,17,132.0,45.71077417721622,0,2020,50.97634453598878,44.12749743771958
00-0033948,2021_17_DET_SEA,2021,17,22.0,46.046911910574,0,2020,50.46618582758642,44.8164803597995
00-0033955,2021_17_MIA_TEN,2021,17,14.0,20.720632345951177,0,2020,21.58449452021952,22.069103860294337
00-0034115,2021_17_HOU_SF,2021,17,0.0,42.10771415395761,0,2020,34.93642026658846,46.06006488826382
00-0034253,2021_17_MIA_TEN,2021,17,45.0,28.115305280628476,0,2020,36.61394067384681,25.853003357119533
00-0034301,2021_17_KC_CIN,2021,17,88.0,37.71670501092869,0,2020,37.43879264443425,38.86279982341105
00-0034367,2021_17_LV_IND,2021,17,4.0,24.14287523484409,0,2020,25.11850256681211,25.30258110460873
00-0034414,2021_17_PHI_WAS,2021,17,47.0,21.73128716432824,0,2020,22.08714765956474,23.258386599453075
00-0034440,2021_17_DEN_LAC,2021,17,41.0,45.401538096784535,0,2020,51.4110241973753,43.50866601810181
00-0034614,2021_17_DET_SEA,2021,17,0.0,13.128617928423715,0,2020,16.523715187997503,13.691864968108735
00-0034681,2021_17_ARI_DAL,2021,17,53.0,50.265267741621635,0,2020,56.84228834800301,47.92706710549755
00-0034750,2021_17_DET_SEA,2021,17,170.0,58.291575338802375,0,2020,58.645548425292695,58.320145816772126
00-0034791,2021_17_CLE_PIT,2021,17,58.0,97.36323109085416,0,2020,91.89945897762988,98.30981115768591
00-0034816,2021_17_TB_NYJ,2021,17,26.0,40.84243092255641,0,2020,37.052364731934425,43.38186481820251
00-0034838,2021_17_HOU_SF,2021,17,25.0,19.556681326616165,0,2020,20.180326076626297,21.056953115331257
00-0034844,2021_17_NYG_CHI,2021,17,102.0,50.591957890065224,0,2020,51.91569782166732,50.51617181682167
00-0034845,2021_17_LA_BAL,2021,17,74.0,63.73283883032089,0,2020,60.07543126112872,65.27606132596117
00-0034972,2021_17_MIN_GB,2021,17,0.0,55.94984768301722,0,2020,54.393833926741344,56.90189239447369
00-0035250,2021_17_ATL_BUF,2021,17,110.0,49.3336165856454,0,2020,46.00829722676835,51.32348844132366
00-0035261,2021_17_ARI_DAL,2021,17,9.0,40.96105392943621,0,2020,46.00753260521122,39.66747872527989
00-0035273,2021_17_ATL_BUF,2021,17,19.0,15.823027438098041,0,2020,19.14769434889462,16.306287713357303
00-0035311,2021_17_MIA_TEN,2021,17,23.0,35.88958134178679,0,2020,35.460427488090936,37.176127388286965
00-0035537,2021_17_TB_NYJ,2021,17,35.0,22.718458494624162,0,2020,23.182524475961408,24.158197293779903
00-0035567,2021_17_DET_SEA,2021,17,4.0,40.65219882436664,0,2020,41.36442289639976,41.248964036554966
00-0035594,2021_17_DET_SEA,2021,17,27.0,12.189587592486985,0,2020,14.742609547903404,13.156146114257549
00-0035628,2021_17_CLE_PIT,2021,17,13.0,41.5961743435326,0,2020,39.76698130291354,43.25521280867818
00-0035657,2021_17_JAX_NE,2021,17,35.0,66.25908169944498,0,2020,63.075158135427905,67.49358086475647
00-0035685,2021_17_NYG_CHI,2021,17,64.0,75.18671361224227,0,2020,74.5076003472598,74.96996112637885
00-0035700,2021_17_LV_IND,2021,17,63.0,64.31449952270401,0,2020,64.91368711356218,63.98983719279092
00-0035726,2021_17_JAX_NE,2021,17,0.0,14.953930433342684,0,2020,16.46419870147952,16.258861524154863
00-0035806,2021_17_HOU_SF,2021,17,0.0,8.476129376849423,0,2020,12.527578669412488,8.945833069617208
00-0035860,2021_17_CAR_NO,2021,17,-2.0,22.438656016915946,0,2020,24.32463508776254,23.273872199251343
00-0036223,2021_17_LV_IND,2021,17,108.0,100.75163620726428,0,2020,97.30144776184277,100.68693759508965
00-0036251,2021_17_ATL_BUF,2021,17,39.0,23.77372414271327,0,2020,29.911845502302384,22.712087132122186
00-0036265,2021_17_MIN_GB,2021,17,63.0,62.92400402320412,0,2020,63.33444830094786,62.73813313698358
00-0036275,2021_17_DET_SEA,2021,17,32.0,50.62560482851166,0,2020,49.571463600338426,51.57857820407388
00-0036425,2021_17_DET_SEA,2021,17,1.0,21.017896086577938,0,2020,21.50324865109378,22.51815366123974
00-0036450,2021_17_TB_NYJ,2021,17,31.0,40.99706026076154,0,2020,42.714784744415354,41.14408241880668
00-0036555,2021_17_CAR_NO,2021,17,55.0,56.29118683845528,0,2020,55.878398363793856,56.73396814545768
00-0036567,2021_17_HOU_SF,2021,17,119.0,93.66696381970796,0,2020,85.61353049809469,95.88701484181378
00-0036875,2021_17_JAX_NE,2021,17,107.0,50.78475326630491,0,2020,57.75129925197916,48.25649925479921
00-0036893,2021_17_CLE_PIT,2021,17,188.0,66.90748399484222,0,2020,66.45135549004326,66.93366393674842
00-0036906,2021_17_NYG_CHI,2021,17,9.0,43.273520287486974,0,2020,40.04760659778757,45.46885395864429
00-0036919,2021_17_PHI_WAS,2021,17,4.0,19.518304898339967,0,2020,19.91672382902431,21.11772224128719
00-0036924,2021_17_TB_NYJ,2021,17,54.0,61.53853053572383,0,2020,59.72572027692607,62.372630651690514
00-0036997,2021_17_DEN_LAC,2021,17,30.0,58.61507266669873,0,2020,58.02912146461525,59.037567925059115
00-0029239,2021_18_NE_MIA,2021,18,46.0,7.813066280796344,0,2020,13.555334112140452,7.577470471365281
00-0030288,2021_18_TEN_HOU,2021,18,24.0,47.2688642364856,0,2020,47.461551678182865,47.81935060549247
00-0030496,2021_18_CAR_TB,2021,18,14.0,13.210143748857059,0,2020,12.846643475467014,15.398336967877135
00-0030513,2021_18_PIT_BAL,2021,18,150.0,32.29810517659973,0,2020,32.045802179657194,33.65532370881358
00-0030578,2021_18_NO_ATL,2021,18,11.0,44.27565731371337,0,2020,46.1781547199481,44.208176550349705
00-0030874,2021_18_CHI_MIN,2021,18,0.0,25.25586494774597,0,2020,26.67093148434616,26.179554152108047
00-0031285,2021_18_PIT_BAL,2021,18,21.0,54.131378608016774,0,2020,53.71449505272325,54.664508253764
00-0032058,2021_18_NYJ_BUF,2021,18,6.0,37.80834954270424,0,2020,35.82367351619936,39.6900855792414
00-0032063,2021_18_NO_ATL,2021,18,30.0,29.123097658110005,0,2020,32.67885155086748,28.960807823353885
00-0032104,2021_18_CAR_TB,2021,18,26.0,20.60263392070216,0,2020,19.653092338113428,22.74154250713516
00-0032144,2021_18_KC_DEN,2021,18,110.0,49.036802898451334,0,2020,49.7954788674165,49.26958962169927
00-0032187,2021_18_TEN_HOU,2021,18,28.0,14.506406898641785,0,2020,16.552132411025894,15.597721686510834
00-0032257,2021_18_NE_MIA,2021,18,117.0,46.50393419108409,0,2020,48.251839824662525,46.41204306683575
00-0032972,2021_18_WAS_NYG,2021,18,14.0,39.864108472004965,0,2020,39.01921561638982,41.16776349987872
00-0032975,2021_18_WAS_NYG,2021,18,45.0,10.367806670240117,0,2020,9.835237088836022,12.745808601458393
00-0033045,2021_18_DAL_PHI,2021,18,87.0,55.79093145590367,0,2020,57.2083615887112,55.46134595038154
00-0033553,2021_18_SEA_ARI,2021,18,52.0,59.26095824347857,0,2020,53.368920925147336,61.95565401207027
00-0033699,2021_18_LAC_LV,2021,18,64.0,57.09650387775699,0,2020,56.39039511501653,57.63333036132914
00-0033725,2021_18_DAL_PHI,2021,18,58.0,16.38599518676015,0,2020,17.293200483383146,17.89345426986642
00-0033854,2021_18_IND_JAX,2021,18,30.0,38.15140359810393,0,2020,40.34795130011241,38.20769233734277
00-0033893,2021_18_CHI_MIN,2021,18,79.0,76.3297355278671,0,2020,71.62482070138607,77.81015441424891
00-0033906,2021_18_NO_ATL,2021,18,146.0,78.36986524985717,0,2020,78.36982208008992,77.72838598356924
00-0033925,2021_18_TEN_HOU,2021,18,69.0,64.57651068838982,0,2020,61.53216070893324,65.81954681902009
00-0033948,2021_18_GB_DET,2021,18,43.0,34.87897836773775,0,2020,40.7380344355144,33.482808007257255
00-0034115,2021_18_SF_LA,2021,18,0.0,30.67443497145213,0,2020,32.70278283987134,31.110223157199805
00-0034253,2021_18_TEN_HOU,2021,18,57.0,31.68332114397127,0,2020,36.956573234314654,30.67198592297263
00-0034301,2021_18_KC_DEN,2021,18,17.0,47.43709176165668,0,2020,44.5580367083953,49.31141114817935
00-0034367,2021_18_IND_JAX,2021,18,0.0,23.12363458255543,0,2020,23.95758974093089,24.38651460812579
00-0034440,2021_18_LAC_LV,2021,18,20.0,40.439770728559154,0,2020,41.650569588975614,40.82925643362902
00-0034614,2021_18_GB_DET,2021,18,0.0,15.084444074521695,0,2020,16.21048752292429,16.550475617166704
00-0034750,2021_18_SEA_ARI,2021,18,190.0,59.03484827063426,0,2020,58.35189652146661,59.48215074353051
00-0034791,2021_18_CIN_CLE,2021,18,58.0,82.60508476401576,0,2020,68.06491696055497,88.08895199740019
00-0034838,2021_18_TEN_HOU,2021,18,0.0,17.73258124585641,0,2020,18.654732822717097,19.17834150836297
00-0034844,2021_18_WAS_NYG,2021,18,30.0,62.18375163005675,0,2020,64.60336129921598,61.15783342180587
00-0034845,2021_18_SF_LA,2021,18,43.0,66.06450663867415,0,2020,61.480162960891825,67.91367163351046
00-0034972,2021_18_CHI_MIN,2021,18,18.0,45.500043408328,0,2020,41.78272582928,47.81695148524449
00-0035250,2021_18_NYJ_BUF,2021,18,88.0,69.49036667070641,0,2020,65.42072801770105,70.97605714915295
00-0035273,2021_18_NO_ATL,2021,18,19.0,15.451837568432374,0,2020,20.629264506008088,15.147672688611491
00-0035311,2021_18_NE_MIA,2021,18,-1.0,36.91616352030339,0,2020,36.35710794369954,38.216884850485954
00-0035537,2021_18_NYJ_BUF,2021,18,-1.0,27.105891334698732,0,2020,27.633070537310715,28.33835866838561
00-0035567,2021_18_GB_DET,2021,18,2.0,26.32104441863594,0,2020,29.399473825229556,26.48045272978643
00-0035594,2021_18_SEA_ARI,2021,18,4.0,11.808676331119168,0,2020,15.763620785564934,12.183519002880928
00-0035628,2021_18_CIN_CLE,2021,18,123.0,43.134126169002336,0,2020,42.40891539091551,44.25182859887133
00-0035657,2021_18_NE_MIA,2021,18,37.0,51.1746627518915,0,2020,49.36879729643327,52.43077908372582
00-0035685,2021_18_CHI_MIN,2021,18,72.0,78.26759955421639,0,2020,77.43478372346436,77.9910857754123
00-0035700,2021_18_LAC_LV,2021,18,132.0,65.89062873494761,0,2020,70.08608430826916,63.94336334964306
00-0035806,2021_18_SF_LA,2021,18,4.0,9.753331394360922,0,2020,10.976522445922356,11.39590718424731
00-0035860,2021_18_NO_ATL,2021,18,22.0,20.55763534887319,0,2020,22.29794500791451,21.533099175105068
00-0036223,2021_18_IND_JAX,2021,18,77.0,97.09580654758699,0,2020,91.92201596758588,97.92772873772338
00-0036251,2021_18_NYJ_BUF,2021,18,8.0,24.640848406073523,0,2020,30.682120005943823,23.585607405258763
00-0036265,2021_18_GB_DET,2021,18,63.0,80.77757527798407,0,2020,79.45451142092487,80.61051070249002
00-0036275,2021_18_GB_DET,2021,18,30.0,60.786543603493946,0,2020,62.291682697511355,60.21408974541285
00-0036328,2021_18_WAS_NYG,2021,18,146.0,61.20753889666543,0,2020,59.53908362599145,61.9926759810277
00-0036425,2021_18_SEA_ARI,2021,18,1.0,10.876439073944296,0,2020,15.464366501631163,11.015293838901776
00-0036450,2021_18_CAR_TB,2021,18,29.0,37.52835763613264,0,2020,37.09484766327811,38.74958420083768
00-0036457,2021_18_PIT_BAL,2021,18,4.0,32.84793427844639,0,2020,34.959409368221664,33.158574558261996
00-0036555,2021_18_CAR_TB,2021,18,48.0,50.266351425357826,0,2020,47.91191451017797,51.797368494239024
00-0036567,2021_18_SF_LA,2021,18,85.0,78.53540903728491,0,2020,72.2547102671622,80.60802960501226
00-0036654,2021_18_CIN_CLE,2021,18,6.0,7.7907853394272095,0,2020,11.840147323868404,8.289499421621933
00-0036727,2021_18_NO_ATL,2021,18,1.0,9.424586348770909,0,2020,12.20636753801326,10.40543580348723
00-0036755,2021_18_WAS_NYG,2021,18,21.0,47.709047707632855,0,2020,44.06613988446408,49.90312836703649
00-0036875,2021_18_NE_MIA,2021,18,34.0,60.184880063011434,0,2020,65.79164328628588,57.860205939458744
00-0036893,2021_18_PIT_BAL,2021,18,28.0,75.36176914208885,0,2020,69.9206142670087,77.20083651880189
00-0036906,2021_18_CHI_MIN,2021,18,11.0,38.70736046211595,0,2020,39.36379074470764,39.40805482107757
00-0036919,2021_18_DAL_PHI,2021,18,78.0,19.179101525203333,0,2020,20.732801771779094,20.29194180105921
00-0036924,2021_18_NYJ_BUF,2021,18,19.0,42.84719405375415,0,2020,49.49359383072693,40.78315422691539
00-0036997,2021_18_KC_DEN,2021,18,46.0,48.212347816552864,0,2020,50.87329267958316,47.65484980598791
00-0029239,2021_19_NE_BUF,2021,19,0.0,22.256204918786295,0,2020,26.40906500268041,22.116851335119
00-0030456,2021_19_PHI_TB,2021,19,44.0,8.049978211416715,0,2020,11.556460573400908,8.773247587252328
00-0032741,2021_19_LV_CIN,2021,19,0.0,34.31361977146367,0,2020,35.14426666214768,35.11902888831165
00-0032780,2021_19_PHI_TB,2021,19,0.0,36.37260561450544,0,2020,40.80228376916812,35.53441250263331
00-0033045,2021_19_SF_DAL,2021,19,31.0,51.93322378539904,0,2020,53.41143582400382,51.73551206719389
00-0033526,2021_19_LV_CIN,2021,19,2.0,26.031979067892706,0,2020,28.444595797044823,26.49168360971104
00-0033553,2021_19_ARI_LA,2021,19,19.0,57.273341002670605,0,2020,53.73629701031388,59.02932554227022
00-0033897,2021_19_LV_CIN,2021,19,48.0,80.13904977523319,0,2020,70.56965106947311,83.57062642588488
00-0034301,2021_19_PIT_KC,2021,19,4.0,48.275827960259846,0,2020,48.88810280453389,48.60324596095871
00-0034414,2021_19_PHI_TB,2021,19,34.0,31.274533009706957,0,2020,34.11448073342622,31.33411190463126
00-0034681,2021_19_ARI_LA,2021,19,28.0,53.40881639307275,0,2020,57.485325567724146,52.02496291269699
00-0034845,2021_19_ARI_LA,2021,19,58.0,66.58033959942665,0,2020,60.45161880900939,69.07740107825887
00-0035217,2021_19_PIT_KC,2021,19,15.0,25.753261519228953,0,2020,27.029753329407846,26.716585337535182
00-0035243,2021_19_PHI_TB,2021,19,16.0,47.42324382248595,0,2020,46.30811512933196,48.53396765502207
00-0035250,2021_19_NE_BUF,2021,19,81.0,63.99085991817634,0,2020,63.092245325504024,64.32834398708559
00-0035261,2021_19_SF_DAL,2021,19,14.0,36.684666636434756,0,2020,44.932997416630606,34.17936934317805
00-0035657,2021_19_NE_BUF,2021,19,30.0,60.54391134570205,0,2020,61.25154281702909,60.32690201752937
00-0035700,2021_19_LV_CIN,2021,19,83.0,61.940497322077455,0,2020,61.52309879120137,62.15359614120472
00-0035726,2021_19_NE_BUF,2021,19,0.0,14.585474467414173,0,2020,15.87102993125608,16.002865510334075
00-0035806,2021_19_SF_DAL,2021,19,0.0,10.003008969572162,0,2020,11.981030820294151,11.308339638693525
00-0036251,2021_19_NE_BUF,2021,19,0.0,22.3090471430697,0,2020,28.834048865239456,21.13987362843358
00-0036450,2021_19_PHI_TB,2021,19,53.0,39.44431445364933,0,2020,39.47695100596774,40.38502439599671
00-0036567,2021_19_SF_DAL,2021,19,96.0,75.11481653045189,0,2020,70.39188549797473,76.65286448313995
00-0036857,2021_19_LV_CIN,2021,19,9.0,28.148357012342508,0,2020,31.81837843111446,27.976538864580977
00-0036875,2021_19_NE_BUF,2021,19,27.0,44.85313440573805,0,2020,51.10693872715297,42.87690961400086
00-0036893,2021_19_PIT_KC,2021,19,29.0,64.30505551298157,0,2020,64.31490037448367,64.23609396574884
00-0036919,2021_19_PHI_TB,2021,19,6.0,29.800182461100356,0,2020,30.14670839596545,31.000418363538536
00-0030456,2021_20_LA_TB,2021,20,0.0,23.14052440230843,0,2020,27.205183839402125,23.003114702539825
00-0031376,2021_20_BUF_KC,2021,20,24.0,47.02824600309363,0,2020,43.12996193165724,49.36087992713263
00-0032764,2021_20_CIN_TEN,2021,20,62.0,93.04658479041063,0,2020,102.73512742721942,87.60594632519272
00-0033293,2021_20_SF_GB,2021,20,41.0,50.705514553230685,0,2020,52.455812328843066,50.440279243983966
00-0033526,2021_20_CIN_TEN,2021,20,0.0,23.196039824448533,0,2020,25.104214450718544,23.990580007130212
00-0033856,2021_20_LA_TB,2021,20,51.0,47.7960880788346,0,2020,45.53085691870407,49.389765790298625
00-0033897,2021_20_CIN_TEN,2021,20,54.0,77.18772343193214,0,2020,69.63385295710276,79.867172967156
00-0033925,2021_20_CIN_TEN,2021,20,66.0,47.66350814439157,0,2020,49.99776613997749,47.27004459809126
00-0034253,2021_20_CIN_TEN,2021,20,0.0,37.216977698425794,0,2020,39.09151525787055,37.45108785187128
00-0034845,2021_20_LA_TB,2021,20,4.0,53.52834992028244,0,2020,50.07941990814776,55.39974498336121
00-0035250,2021_20_BUF_KC,2021,20,26.0,54.419398869295286,0,2020,56.89791068114217,53.686381292236504
00-0035806,2021_20_SF_GB,2021,20,0.0,8.235759611957644,0,2020,11.511533626397974,9.051356899291136
00-0036265,2021_20_SF_GB,2021,20,25.0,70.36070065614209,0,2020,70.42984085932389,70.01770780881722
00-0036360,2021_20_BUF_KC,2021,20,60.0,40.2587209146734,0,2020,43.15318983061547,39.926236478387814
00-0036414,2021_20_LA_TB,2021,20,48.0,49.48716472671461,0,2020,46.87958573565975,51.15980197139927
00-0036567,2021_20_SF_GB,2021,20,53.0,81.24939814239619,0,2020,80.44403373829304,80.83870761971954
00-0036857,2021_20_CIN_TEN,2021,20,4.0,17.184614825399226,0,2020,20.354080129637733,17.679272084402733
00-0031376,2021_21_CIN_KC,2021,21,65.0,32.03465172212405,0,2020,32.032570733659746,33.29427403729583
00-0033526,2021_21_CIN_KC,2021,21,0.0,22.904580432582694,0,2020,24.8917548729568,23.676849350004105
00-0033897,2021_21_CIN_KC,2021,21,88.0,73.26787874232507,0,2020,68.78074357554077,74.77951922384918
00-0034845,2021_21_SF_LA,2021,21,16.0,43.1580538330868,0,2020,42.503797242113954,44.24403640020343
00-0035806,2021_21_SF_LA,2021,21,0.0,9.090099243105373,0,2020,10.976522445922356,10.472550691100288
00-0036360,2021_21_CIN_KC,2021,21,36.0,38.59725432240904,0,2020,41.31731189872143,38.40846506326396
00-0036414,2021_21_SF_LA,2021,21,48.0,57.013894559203834,0,2020,56.01988550915276,57.678832264411355
00-0036567,2021_21_SF_LA,2021,21,20.0,72.65231097280059,0,2020,67.68143712632354,74.39876002083611
00-0036857,2021_21_CIN_KC,2021,21,0.0,15.872427330420543,0,2020,20.12492543885316,15.951709153002437
00-0036984,2021_21_SF_LA,2021,21,0.0,32.84365600895345,0,2020,38.32774420155647,31.693397310740963
00-0033526,2021_22_LA_CIN,2021,22,0.0,23.67220178108402,0,2020,25.895051752252773,24.31089163057955
00-0033897,2021_22_LA_CIN,2021,22,72.0,77.16880615775068,0,2020,75.61380946066718,77.25021543654614
00-0034845,2021_22_LA_CIN,2021,22,2.0,53.496386470972055,0,2020,54.560521464760384,53.41395440801791
00-0035664,2021_22_LA_CIN,2021,22,7.0,32.82934513017203,0,2020,35.31215796748998,32.979877809502725
00-0036414,2021_22_LA_CIN,2021,22,21.0,36.88286641132795,0,2020,42.089538467394945,35.68714015532309
00-0036857,2021_22_LA_CIN,2021,22,0.0,16.349829821682114,0,2020,20.354080129637733,16.517078496373614
00-0030288,2022_02_HOU_DEN,2022,2,0.0,49.366933821368214,1,2021,53.436876716991335,47.68628653050322
00-0030578,2022_02_ATL_LA,2022,2,41.0,60.776731675196416,1,2021,55.269931909080235,67.78937955860596
00-0031376,2022_02_LAC_KC,2022,2,12.0,17.792205684393895,1,2021,20.901991318764537,17.41457605297223
00-0031687,2022_02_MIA_BAL,2022,2,51.0,21.457646274585482,1,2021,26.16755360952686,19.554033757546303
00-0032144,2022_02_HOU_DEN,2022,2,47.0,52.72946901949972,1,2021,54.844108200993325,52.81012914513025
00-0032602,2022_02_WAS_DET,2022,2,9.0,14.926412080982733,1,2021,14.682964789660602,17.683150609782068
00-0032764,2022_02_TEN_BUF,2022,2,25.0,83.04343195977995,1,2021,85.39789289205358,82.50290073703803
00-0033045,2022_02_CIN_DAL,2022,2,53.0,47.58174216828903,1,2021,46.769518433291786,50.433124428765495
00-0033118,2022_02_MIA_BAL,2022,2,8.0,47.269578655102634,1,2021,46.95535105159917,49.66519723413837
00-0033280,2022_02_CAR_NYG,2022,2,102.0,49.70644654767221,1,2021,52.54479997945514,49.15864702095965
00-0033293,2022_02_CHI_GB,2022,2,132.0,31.03804831036146,1,2021,30.62820824012645,33.735993128947726
00-0033553,2022_02_ARI_LV,2022,2,25.0,47.080018086186605,1,2021,47.65438639540633,48.657552717588615
00-0033699,2022_02_LAC_KC,2022,2,39.0,39.73472328095513,1,2021,39.9566663243944,41.73456521898121
00-0033856,2022_02_TB_NO,2022,2,65.0,71.62002110189674,1,2021,70.17099058476111,74.74249642976342
00-0033893,2022_02_MIN_PHI,2022,2,17.0,75.60363475534713,1,2021,79.94367734964686,73.32759912514037
00-0033897,2022_02_CIN_DAL,2022,2,57.0,71.38174794627803,1,2021,71.03172334642264,73.49247626002689
00-0033923,2022_02_NYJ_CLE,2022,2,58.0,40.15366589463275,1,2021,40.98057781573296,41.58931851273126
00-0034115,2022_02_SEA_SF,2022,2,84.0,32.694362444419056,1,2021,32.65212663362526,35.03099866979154
00-0034681,2022_02_MIA_BAL,2022,2,33.0,46.77376113619936,1,2021,46.16528278471342,49.447646696656285
00-0034750,2022_02_SEA_SF,2022,2,15.0,57.88251657993828,1,2021,58.51637838202628,59.2626676175673
00-0034791,2022_02_NYJ_CLE,2022,2,87.0,65.51838830400949,1,2021,65.85205890595105,67.07506618495803
00-0034844,2022_02_CAR_NYG,2022,2,72.0,79.82152932619006,1,2021,85.01102955296952,76.70543492337507
00-0035243,2022_02_MIN_PHI,2022,2,80.0,69.10073991705505,1,2021,71.578804062471,68.62991680572662
00-0035250,2022_02_TEN_BUF,2022,2,19.0,49.720563768898394,1,2021,50.66307333286794,50.923315659193605
00-0035261,2022_02_CIN_DAL,2022,2,43.0,25.345343732424478,1,2021,28.338101725765164,24.976187511397622
00-0035594,2022_02_SEA_SF,2022,2,9.0,17.916623041830587,1,2021,18.45556716467412,19.91142428057655
00-0035657,2022_02_NE_PIT,2022,2,71.0,37.99373716958768,1,2021,37.983164287963994,40.23125541407395
00-0035664,2022_02_ATL_LA,2022,2,47.0,49.0406092542432,1,2021,49.2041736488714,50.97165250653454
00-0035685,2022_02_CHI_GB,2022,2,122.0,59.157241138195815,1,2021,63.62186482371607,56.98302484537298
00-0035700,2022_02_ARI_LV,2022,2,69.0,62.20352425562646,1,2021,61.83675289397267,64.4507432520797
00-0035831,2022_02_IND_JAX,2022,2,64.0,51.07032890214135,1,2021,53.85566558716107,50.553503867505015
00-0036223,2022_02_IND_JAX,2022,2,54.0,71.30120141340964,1,2021,72.08797921284977,72.3631993304979
00-0036251,2022_02_TEN_BUF,2022,2,17.0,24.442556835723085,1,2021,25.189875941689643,26.158879804033795
00-0036265,2022_02_CHI_GB,2022,2,61.0,49.408120928266136,1,2021,54.46812762026219,46.812645392531934
00-0036275,2022_02_WAS_DET,2022,2,56.0,76.4296139819537,1,2021,78.17248056769031,76.54107717799317
00-0036328,2022_02_WAS_DET,2022,2,28.0,58.826525006498365,1,2021,58.43901733885106,61.13742288736121
00-0036360,2022_02_LAC_KC,2022,2,74.0,31.210381542466422,1,2021,31.019786242391543,33.703589984691774
00-0036383,2022_02_ARI_LV,2022,2,31.0,18.620457378844325,1,2021,21.22774167284536,18.69594658149731
00-0036893,2022_02_NE_PIT,2022,2,49.0,45.76702770149792,1,2021,47.210569384900055,46.55922808608172
00-0036973,2022_02_IND_JAX,2022,2,20.0,25.029367925955054,1,2021,25.88006584633351,26.642486811250823
00-0036997,2022_02_HOU_DEN,2022,2,75.0,39.52450977265591,1,2021,38.903093870998745,42.30593258292163
00-0037228,2022_02_NE_PIT,2022,2,15.0,13.767281703617428,1,2021,14.739426072718103,15.416753438606111
00-0038120,2022_02_NYJ_CLE,2022,2,50.0,26.366134114936937,1,2021,30.01803813858571,25.374822022490957
00-0027966,2022_03_NO_CAR,2022,3,18.0,48.4001310268472,1,2021,50.72603272354864,48.34278592026568
00-0030288,2022_03_HOU_CHI,2022,3,9.0,25.607664367772497,1,2021,27.29211962343753,26.443215483892494
00-0030578,2022_03_ATL_SEA,2022,3,141.0,59.284968391098914,1,2021,55.58575118846558,64.64805522171847
00-0031376,2022_03_KC_IND,2022,3,20.0,13.203966645958511,1,2021,13.31316257045045,15.657765449216733
00-0031687,2022_03_BUF_MIA,2022,3,11.0,33.354794536190354,1,2021,38.29130204986752,31.085047696805933
00-0032144,2022_03_SF_DEN,2022,3,26.0,38.792318235503174,1,2021,36.56267177982291,43.06853379181317
00-0032602,2022_03_PHI_WAS,2022,3,8.0,13.852691109943086,1,2021,14.613857800263418,15.695866245484195
00-0032764,2022_03_LV_TEN,2022,3,85.0,75.09392390860224,1,2021,76.36583646307574,75.65790735849745
00-0033045,2022_03_DAL_NYG,2022,3,73.0,60.550847658800066,1,2021,68.3225583867476,55.30428964480239
00-0033280,2022_03_NO_CAR,2022,3,108.0,60.17413379784233,1,2021,60.99851329887609,61.348131525602994
00-0033293,2022_03_GB_TB,2022,3,36.0,47.16886581922544,1,2021,50.83621511975616,45.8889820665246
00-0033553,2022_03_LA_ARI,2022,3,39.0,33.12565608029649,1,2021,36.94377855393905,31.89171548934714
00-0033699,2022_03_JAX_LAC,2022,3,5.0,46.38012652603796,1,2021,47.01526365780155,47.910772425235194
00-0033856,2022_03_GB_TB,2022,3,35.0,66.98291460191739,1,2021,70.24144652382216,65.8192860872276
00-0033893,2022_03_DET_MIN,2022,3,96.0,54.16933552010123,1,2021,53.45597336164956,56.84255779849595
00-0033897,2022_03_CIN_NYJ,2022,3,24.0,74.3125620109529,1,2021,76.32334582955149,74.20452996134176
00-0033906,2022_03_NO_CAR,2022,3,61.0,37.73243140750587,1,2021,38.721942966771714,39.04985645956039
00-0033923,2022_03_PIT_CLE,2022,3,47.0,43.409067972850096,1,2021,43.71463041062726,45.28324010658376
00-0033948,2022_03_DET_MIN,2022,3,87.0,43.93183786285435,1,2021,40.00714123799814,49.705595243180575
00-0034115,2022_03_SF_DEN,2022,3,75.0,34.35842878211558,1,2021,31.716330475725037,39.0739935323198
00-0034301,2022_03_LA_ARI,2022,3,7.0,34.71812591203349,1,2021,37.23914459053875,34.661011287446684
00-0034681,2022_03_BUF_MIA,2022,3,21.0,36.155159487243736,1,2021,39.0392672734984,35.74379730799783
00-0034750,2022_03_ATL_SEA,2022,3,66.0,35.102316366797815,1,2021,35.56029179373241,36.94527539041976
00-0034791,2022_03_PIT_CLE,2022,3,113.0,81.86769510155965,1,2021,86.05176909743093,79.65309134076176
00-0034844,2022_03_DAL_NYG,2022,3,81.0,70.6873904412221,1,2021,75.76250722970717,67.79736905817228
00-0034975,2022_03_BAL_NE,2022,3,60.0,13.695556382595774,1,2021,13.1027400020748,16.79115386774072
00-0035243,2022_03_PHI_WAS,2022,3,46.0,66.35158592300577,1,2021,69.76377055609834,65.0543899599022
00-0035250,2022_03_BUF_MIA,2022,3,13.0,36.31440034710194,1,2021,38.133526934888046,36.884406820614394
00-0035261,2022_03_DAL_NYG,2022,3,105.0,28.021937964198287,1,2021,29.95374376970914,28.59723548925233
00-0035594,2022_03_ATL_SEA,2022,3,7.0,14.618922123841369,1,2021,14.134481400743782,17.602263267130134
00-0035657,2022_03_BAL_NE,2022,3,41.0,47.250081785567964,1,2021,45.42603909691835,51.04021255943336
00-0035664,2022_03_LA_ARI,2022,3,17.0,44.727283079128384,1,2021,42.18528448953244,49.213684088101125
00-0035685,2022_03_HOU_CHI,2022,3,11.0,68.48834447084833,1,2021,66.75470965696404,71.91493557126458
00-0035700,2022_03_LV_TEN,2022,3,66.0,76.50782036821245,1,2021,81.75340281592497,73.38363139133077
00-0035831,2022_03_JAX_LAC,2022,3,100.0,61.51730813793932,1,2021,64.9437849527757,60.27065955874794
00-0036223,2022_03_KC_IND,2022,3,71.0,71.21218427446794,1,2021,75.19380976358309,69.3250392588004
00-0036251,2022_03_BUF_MIA,2022,3,46.0,16.19018568822675,1,2021,19.252202248843464,15.877793448787276
00-0036265,2022_03_GB_TB,2022,3,32.0,61.04213167369854,1,2021,63.7094022930997,60.50284604698801
00-0036275,2022_03_DET_MIN,2022,3,31.0,44.98259816202938,1,2021,45.48965893471728,46.64994562296438
00-0036328,2022_03_PHI_WAS,2022,3,38.0,49.871465800366906,1,2021,50.29709421679719,51.549547367694515
00-0036360,2022_03_KC_IND,2022,3,0.0,48.50933663671298,1,2021,48.55003886325366,50.56084374589187
00-0036383,2022_03_LA_ARI,2022,3,16.0,22.482524856470093,1,2021,25.850206196553973,21.80489125025157
00-0036414,2022_03_LA_ARI,2022,3,61.0,39.36377424011475,1,2021,43.81449699839126,37.46339511435449
00-0036875,2022_03_BAL_NE,2022,3,73.0,36.1716509964546,1,2021,33.63044137919675,40.77013951974455
00-0036893,2022_03_PIT_CLE,2022,3,56.0,48.98530699430778,1,2021,53.91961267135903,46.5114867237052
00-0036973,2022_03_JAX_LAC,2022,3,45.0,23.43616936856166,1,2021,23.952647086996784,25.378935724001582
00-0036997,2022_03_SF_DEN,2022,3,58.0,49.85745563216897,1,2021,50.866845111070184,50.99664145942865
00-0037228,2022_03_PIT_CLE,2022,3,30.0,13.912766367223888,1,2021,15.782730111287778,14.7312186818607
00-0037258,2022_03_HOU_CHI,2022,3,80.0,69.99611936982694,1,2021,69.91030827641512,71.88112800414655
00-0037617,2022_03_LV_TEN,2022,3,0.0,34.49940995690678,1,2021,36.212877140479755,35.19092154136943
00-0038120,2022_03_CIN_NYJ,2022,3,39.0,22.301844255673732,1,2021,26.58373855499026,20.782353269700728
00-0027966,2022_04_MIN_NO,2022,4,30.0,37.30088075803684,1,2021,38.47133726108828,38.45690074472538
00-0029239,2022_04_DEN_LV,2022,4,0.0,14.119551149902293,1,2021,14.793860441756646,16.039416827167113
00-0030288,2022_04_LAC_HOU,2022,4,0.0,20.02313651987833,1,2021,21.40113838773339,21.215323924660204
00-0030578,2022_04_CLE_ATL,2022,4,38.0,57.583723416229766,1,2021,55.265045957720055,61.69436877756367
00-0031376,2022_04_KC_TB,2022,4,-1.0,20.042926442920997,1,2021,21.883434350115053,20.80774667899091
00-0031687,2022_04_MIA_CIN,2022,4,69.0,37.64497443863436,1,2021,38.31034359200723,39.26288553214451
00-0032144,2022_04_DEN_LV,2022,4,8.0,31.213718529980845,1,2021,30.006471277873132,34.64572123491888
00-0032602,2022_04_WAS_DAL,2022,4,40.0,14.505222834623154,1,2021,13.866828481402116,17.632233385611485
00-0032764,2022_04_TEN_IND,2022,4,114.0,81.8409493333352,1,2021,87.69102807986961,78.08820810182698
00-0033045,2022_04_WAS_DAL,2022,4,49.0,63.43535608161942,1,2021,64.90512181976538,63.970361831188406
00-0033280,2022_04_ARI_CAR,2022,4,27.0,67.519038188624,1,2021,70.45194635457304,66.64904103909656
00-0033293,2022_04_NE_GB,2022,4,110.0,53.23761316027146,1,2021,53.42408696982715,55.09215801865273
00-0033526,2022_04_MIA_CIN,2022,4,0.0,28.887466926177677,1,2021,30.226932867037124,29.998354099598256
00-0033553,2022_04_ARI_CAR,2022,4,55.0,51.98856891861945,1,2021,56.02643161657923,50.3029770833429
00-0033699,2022_04_LAC_HOU,2022,4,60.0,47.005113165853984,1,2021,46.655510304341405,49.43688669972055
00-0033856,2022_04_KC_TB,2022,4,-3.0,61.13073084679628,1,2021,63.540427062049815,60.82813681091436
00-0033893,2022_04_MIN_NO,2022,4,76.0,60.24480002643856,1,2021,61.54346892822812,60.979878248573
00-0033897,2022_04_MIA_CIN,2022,4,61.0,65.05923174658878,1,2021,67.36934076277997,64.79680067155965
00-0033923,2022_04_CLE_ATL,2022,4,49.0,41.6233811638099,1,2021,44.41717570094728,41.22331478145573
00-0033948,2022_04_SEA_DET,2022,4,108.0,61.5306141729985,1,2021,64.70413524867264,60.517384857216655
00-0034115,2022_04_LA_SF,2022,4,74.0,36.17565785241278,1,2021,34.76143936882457,39.73336136247843
00-0034301,2022_04_ARI_CAR,2022,4,19.0,29.73673196116187,1,2021,26.222391240746717,35.31872094636653
00-0034367,2022_04_TEN_IND,2022,4,0.0,16.921769299995685,1,2021,17.478692323452037,18.913086047992714
00-0034681,2022_04_MIA_CIN,2022,4,6.0,26.84547323660975,1,2021,31.11811265385785,25.274615665007484
00-0034750,2022_04_SEA_DET,2022,4,151.0,57.48501078838705,1,2021,60.98145094983013,56.22692439459859
00-0034791,2022_04_CLE_ATL,2022,4,118.0,85.65908579928112,1,2021,95.03929369164936,78.59606191182466
00-0034844,2022_04_CHI_NYG,2022,4,146.0,78.94868136309854,1,2021,81.95953955998141,77.8559870874079
00-0034972,2022_04_MIN_NO,2022,4,3.0,34.49407334141348,1,2021,36.18142154793598,35.20977514791217
00-0034975,2022_04_BUF_BAL,2022,4,45.0,24.97253671148101,1,2021,26.832764643753706,25.654143551354046
00-0035243,2022_04_JAX_PHI,2022,4,134.0,54.80119578555062,1,2021,52.25425118614023,59.15932782086471
00-0035250,2022_04_BUF_BAL,2022,4,49.0,39.94768432841903,1,2021,41.052048219467785,41.12983702738457
00-0035261,2022_04_WAS_DAL,2022,4,6.0,41.74914750099194,1,2021,46.14423975796176,39.86868700494245
00-0035657,2022_04_NE_GB,2022,4,86.0,52.61172626578428,1,2021,54.23390592237415,53.14870605464053
00-0035664,2022_04_LA_SF,2022,4,27.0,28.48670049399445,1,2021,30.629151755889954,28.86134674702737
00-0035700,2022_04_DEN_LV,2022,4,144.0,63.162602330296764,1,2021,66.0352629637277,62.40568616240722
00-0035831,2022_04_JAX_PHI,2022,4,29.0,55.24826604739538,1,2021,54.532820381267456,57.90918539206298
00-0036158,2022_04_BUF_BAL,2022,4,41.0,27.4727224749003,1,2021,31.76289625309168,25.87740158665223
00-0036223,2022_04_TEN_IND,2022,4,42.0,70.92575069511045,1,2021,71.8107201621193,71.90202321298122
00-0036251,2022_04_BUF_BAL,2022,4,6.0,19.431346189748233,1,2021,20.986422123401105,20.46781608257271
00-0036265,2022_04_NE_GB,2022,4,73.0,52.39917440287769,1,2021,57.579862904794915,49.652813374014414
00-0036328,2022_04_WAS_DAL,2022,4,49.0,45.132935219080835,1,2021,46.09292503397047,46.3800380751906
00-0036360,2022_04_KC_TB,2022,4,92.0,36.68705459970512,1,2021,38.03581339666352,37.686513422259345
00-0036383,2022_04_ARI_CAR,2022,4,36.0,23.723114841678623,1,2021,24.573516090806848,25.353732178744607
00-0036414,2022_04_LA_SF,2022,4,13.0,53.58943785089246,1,2021,52.13633638966106,56.953427041333086
00-0036875,2022_04_NE_GB,2022,4,66.0,49.27296386426448,1,2021,47.63216861312423,52.86719871974103
00-0036893,2022_04_NYJ_PIT,2022,4,74.0,48.80335270507112,1,2021,50.36655496426025,49.445013707754605
00-0036906,2022_04_CHI_NYG,2022,4,77.0,56.430139225747276,1,2021,56.00910869316295,58.803593332373424
00-0036973,2022_04_JAX_PHI,2022,4,32.0,31.099844628450228,1,2021,34.553438436676764,30.229244697988825
00-0036997,2022_04_DEN_LV,2022,4,28.0,54.51657556627404,1,2021,55.38956319764638,55.7202871669085
00-0037228,2022_04_NYJ_PIT,2022,4,18.0,12.784926816095771,1,2021,14.238541583832932,14.002733000459749
00-0037258,2022_04_LAC_HOU,2022,4,131.0,64.78817449596194,1,2021,64.4997347434189,66.92897565721692
00-0037263,2022_04_CLE_ATL,2022,4,84.0,25.890804214067224,1,2021,27.00791364988308,27.246543444314913
00-0037617,2022_04_TEN_IND,2022,4,0.0,23.740052725832285,1,2021,23.721697691361765,26.17270912365754
00-0038120,2022_04_NYJ_PIT,2022,4,66.0,30.190199663859698,1,2021,31.868023359232524,30.9714486337707
00-0027966,2022_05_SEA_NO,2022,5,16.0,43.35285061881731,1,2021,46.371404639928535,42.72242256029716
00-0029239,2022_05_LV_KC,2022,5,5.0,13.07983021952577,1,2021,13.023636438290412,15.687996824421727
00-0030288,2022_05_HOU_JAX,2022,5,15.0,17.986611151382114,1,2021,19.3739289608611,19.197049637720188
00-0031376,2022_05_LV_KC,2022,5,53.0,14.467087877978082,1,2021,15.833887486198876,15.74288318489429
00-0031687,2022_05_MIA_NYJ,2022,5,113.0,49.224413050675146,1,2021,51.5578673300536,49.14922429912822
00-0032144,2022_05_IND_DEN,2022,5,54.0,23.200166991753335,1,2021,24.647346361420247,24.28657878894972
00-0032602,2022_05_TEN_WAS,2022,5,0.0,19.424905386163136,1,2021,19.116024762957284,22.18275109486333
00-0032764,2022_05_TEN_WAS,2022,5,102.0,87.34709582825208,1,2021,96.80890876398256,80.18645447592513
00-0033045,2022_05_DAL_LA,2022,5,78.0,58.220234756920306,1,2021,60.132776937459674,58.41512132669571
00-0033118,2022_05_CIN_BAL,2022,5,26.0,27.99332005730269,1,2021,34.44798398728142,24.392312583873107
00-0033280,2022_05_SF_CAR,2022,5,54.0,57.39636725452238,1,2021,58.715226382208456,58.150360539196285
00-0033293,2022_05_NYG_GB,2022,5,63.0,55.15848667285574,1,2021,53.158576988493586,59.00674208469968
00-0033526,2022_05_CIN_BAL,2022,5,17.0,25.28165755920454,1,2021,24.391351564911613,28.499198644284338
00-0033553,2022_05_PHI_ARI,2022,5,55.0,49.223470820838294,1,2021,51.65404878739763,49.058604572029886
00-0033699,2022_05_LAC_CLE,2022,5,173.0,44.07342524383507,1,2021,42.60664837054691,47.57552299101531
00-0033856,2022_05_ATL_TB,2022,5,56.0,60.97727145211638,1,2021,61.85794387931972,62.088694549855525
00-0033893,2022_05_CHI_MIN,2022,5,94.0,65.26128875394856,1,2021,65.74437904297517,66.68337356605046
00-0033897,2022_05_CIN_BAL,2022,5,78.0,69.02548421196482,1,2021,71.41509159020453,68.63733979631539
00-0033906,2022_05_SEA_NO,2022,5,103.0,49.5777564159434,1,2021,49.99714915394803,51.265469292732526
00-0033923,2022_05_LAC_CLE,2022,5,47.0,43.60750669240974,1,2021,44.483700230045294,44.95210670322509
00-0033948,2022_05_DET_NE,2022,5,56.0,60.44799929595525,1,2021,59.65397311936007,63.112920049408224
00-0034115,2022_05_SF_CAR,2022,5,120.0,46.600317302161386,1,2021,49.08591468127736,46.41923215330519
00-0034208,2022_05_IND_DEN,2022,5,38.0,12.114206419456183,1,2021,13.276161445996742,13.610193192660798
00-0034301,2022_05_PHI_ARI,2022,5,9.0,25.305666676016923,1,2021,24.590839819131507,28.360843061077983
00-0034367,2022_05_IND_DEN,2022,5,3.0,15.67536691162493,1,2021,17.457139788264005,16.5520180717477
00-0034681,2022_05_MIA_NYJ,2022,5,1.0,24.09990982515155,1,2021,27.78069254326802,23.111812229283156
00-0034750,2022_05_SEA_NO,2022,5,54.0,71.37278410296577,1,2021,74.89406056549414,69.90863568758115
00-0034791,2022_05_LAC_CLE,2022,5,134.0,85.43622884769329,1,2021,90.45985200878312,82.39927898409836
00-0034844,2022_05_NYG_GB,2022,5,70.0,84.92058001427851,1,2021,90.97891816860135,80.9349108126851
00-0034972,2022_05_CHI_MIN,2022,5,19.0,25.712852452140496,1,2021,25.365565059239344,28.423251310654592
00-0035243,2022_05_PHI_ARI,2022,5,58.0,72.5473324975475,1,2021,74.61110649500525,72.41364272591159
00-0035250,2022_05_PIT_BUF,2022,5,42.0,44.881389493335696,1,2021,44.82123648885812,47.07387122061498
00-0035261,2022_05_DAL_LA,2022,5,86.0,29.786667145623767,1,2021,32.93843942700565,29.21210336948978
00-0035657,2022_05_DET_NE,2022,5,11.0,61.44800401760004,1,2021,67.61310367788673,57.67325834377853
00-0035664,2022_05_DAL_LA,2022,5,0.0,34.748397479005334,1,2021,36.4116082133403,35.48303573212755
00-0035685,2022_05_CHI_MIN,2022,5,20.0,34.181100394873965,1,2021,34.648253620617886,36.02773139976119
00-0035700,2022_05_LV_KC,2022,5,154.0,74.2117544374997,1,2021,77.37567835803392,73.04017192835249
00-0035831,2022_05_HOU_JAX,2022,5,27.0,57.67078850337279,1,2021,57.39460203995493,59.89412536040324
00-0036158,2022_05_CIN_BAL,2022,5,44.0,41.6191002659201,1,2021,42.26634062472734,43.20134905522597
00-0036251,2022_05_PIT_BUF,2022,5,7.0,20.12647147347812,1,2021,21.383591445747083,21.42892598177092
00-0036265,2022_05_NYG_GB,2022,5,34.0,66.88891562037534,1,2021,69.25804201765392,66.54785776530471
00-0036328,2022_05_TEN_WAS,2022,5,6.0,41.974162716807534,1,2021,42.99383644891105,43.20780195348264
00-0036360,2022_05_LV_KC,2022,5,15.0,55.150035119027,1,2021,57.11517427332252,55.33683464644264
00-0036383,2022_05_PHI_ARI,2022,5,25.0,17.098924837614835,1,2021,18.77612411658173,18.053374329831417
00-0036414,2022_05_DAL_LA,2022,5,33.0,53.38075847242299,1,2021,55.19904737675003,53.72649845415536
00-0036875,2022_05_DET_NE,2022,5,161.0,51.57840438262772,1,2021,53.535000999131825,51.820188772740345
00-0036893,2022_05_PIT_BUF,2022,5,20.0,52.257148300904674,1,2021,52.355696163822934,54.20581791327187
00-0036906,2022_05_CHI_MIN,2022,5,11.0,77.22763727433234,1,2021,77.61709582950144,78.57839690781488
00-0036973,2022_05_HOU_JAX,2022,5,71.0,35.42427029997225,1,2021,35.768760191670424,37.36778342888823
00-0037228,2022_05_PIT_BUF,2022,5,24.0,14.32469937850599,1,2021,16.036226762684738,15.284029644426386
00-0037256,2022_05_ATL_TB,2022,5,14.0,21.775904080420492,1,2021,21.35663566363078,24.604687903113327
00-0037258,2022_05_HOU_JAX,2022,5,99.0,65.65407521934533,1,2021,66.0097060970312,67.18868445361981
00-0037263,2022_05_ATL_TB,2022,5,45.0,49.42195567068138,1,2021,53.04201369378373,48.156033913776106
00-0037617,2022_05_TEN_WAS,2022,5,0.0,25.3426676741841,1,2021,26.361229019206014,26.796640033801957
00-0038120,2022_05_MIA_NYJ,2022,5,97.0,47.04563832568729,1,2021,47.49482037973295,48.73923089904143
00-0038134,2022_05_SEA_NO,2022,5,88.0,32.94787767548843,1,2021,34.73892259410074,33.58820804262697
00-0027966,2022_06_CIN_NO,2022,6,46.0,22.311631983998527,1,2021,25.176711983390327,22.10038445772507
00-0030513,2022_06_DEN_LAC,2022,6,66.0,50.84667317585345,1,2021,59.76459811166408,44.669592213018966
00-0031376,2022_06_BUF_KC,2022,6,1.0,22.3291889514417,1,2021,25.09705137838449,22.20748653688775
00-0031687,2022_06_MIN_MIA,2022,6,49.0,57.393037019536294,1,2021,58.161167685563214,58.65565038467751
00-0032144,2022_06_DEN_LAC,2022,6,8.0,52.26973225806252,1,2021,52.55709437994281,54.0438733620737
00-0032602,2022_06_WAS_CHI,2022,6,20.0,15.879059782346335,1,2021,15.267800382908357,18.962896605706423
00-0033045,2022_06_DAL_PHI,2022,6,81.0,63.62534179203196,1,2021,66.15383786548746,63.180146351980525
00-0033118,2022_06_BAL_NYG,2022,6,119.0,36.69718817434163,1,2021,42.85482803138501,33.25570003426152
00-0033280,2022_06_CAR_LA,2022,6,69.0,61.395694117227485,1,2021,63.95922863495056,60.94754258022763
00-0033293,2022_06_NYJ_GB,2022,6,19.0,54.111485341771385,1,2021,56.99821662261907,53.46092513423454
00-0033526,2022_06_CIN_NO,2022,6,5.0,35.9549196405186,1,2021,38.815736950892315,35.56770570221425
00-0033699,2022_06_DEN_LAC,2022,6,36.0,55.79101073627346,1,2021,53.94344606844556,59.49024091553213
00-0033856,2022_06_TB_PIT,2022,6,63.0,58.46492242031484,1,2021,57.00522237855967,61.770716127353595
00-0033893,2022_06_MIN_MIA,2022,6,77.0,61.47648397803818,1,2021,60.99457891767055,63.83961132004806
00-0033897,2022_06_CIN_NO,2022,6,45.0,74.51874478276605,1,2021,77.36854715038008,73.63319319673717
00-0033906,2022_06_CIN_NO,2022,6,99.0,58.887805658035326,1,2021,61.10229822077515,58.79505016480541
00-0033923,2022_06_NE_CLE,2022,6,12.0,40.20631529779809,1,2021,39.97323745530796,42.62013270808198
00-0034109,2022_06_JAX_IND,2022,6,7.0,21.375268492219508,1,2021,23.54782879542866,21.815882842735935
00-0034115,2022_06_SF_ATL,2022,6,25.0,40.756810563500935,1,2021,37.35821289588201,46.08660263877329
00-0034208,2022_06_DEN_LAC,2022,6,1.0,20.356609418236708,1,2021,24.341880956543022,19.136688151588753
00-0034681,2022_06_MIN_MIA,2022,6,3.0,21.555324793672753,1,2021,23.710116247720585,22.009973725857886
00-0034791,2022_06_NE_CLE,2022,6,56.0,82.30868765846154,1,2021,82.02757745494947,84.21169163877921
00-0034844,2022_06_BAL_NYG,2022,6,83.0,71.96695604776458,1,2021,77.48087548382702,68.65484502190695
00-0034972,2022_06_MIN_MIA,2022,6,3.0,23.454631875933497,1,2021,24.01864358930571,25.353258998582824
00-0035243,2022_06_DAL_PHI,2022,6,71.0,71.29771776616789,1,2021,70.14468094600244,74.15110445582441
00-0035250,2022_06_BUF_KC,2022,6,85.0,36.67554804412188,1,2021,37.43530658582815,38.21907726420368
00-0035261,2022_06_DAL_PHI,2022,6,44.0,36.352076202589735,1,2021,40.704665188017046,34.58203256363096
00-0035664,2022_06_CAR_LA,2022,6,43.0,29.117075960033443,1,2021,28.7619994374756,31.789779072923235
00-0035685,2022_06_WAS_CHI,2022,6,67.0,54.321757073524324,1,2021,57.69506524521779,53.21908948124329
00-0035831,2022_06_JAX_IND,2022,6,54.0,44.95712482403483,1,2021,48.73616964039824,43.60325905005565
00-0036158,2022_06_BAL_NYG,2022,6,15.0,50.76454544951266,1,2021,56.664934672799355,47.37512349910264
00-0036265,2022_06_NYJ_GB,2022,6,41.0,50.66308613144789,1,2021,51.30282998444839,52.13300203033972
00-0036328,2022_06_WAS_CHI,2022,6,35.0,47.66470158379458,1,2021,52.69819743033073,45.11669681587298
00-0036360,2022_06_BUF_KC,2022,6,33.0,42.254120231779865,1,2021,43.25671245767983,43.49984200049704
00-0036383,2022_06_ARI_SEA,2022,6,37.0,30.680891118786782,1,2021,31.407925247565693,32.33368667424911
00-0036493,2022_06_JAX_IND,2022,6,42.0,47.1486376740564,1,2021,48.28775058643166,48.2037479500832
00-0036875,2022_06_NE_CLE,2022,6,76.0,68.62383973014666,1,2021,66.61799586308453,72.30001856646179
00-0036893,2022_06_TB_PIT,2022,6,42.0,47.03291243097175,1,2021,48.50315663854577,47.78376189705354
00-0036906,2022_06_WAS_CHI,2022,6,74.0,54.725098816031476,1,2021,56.60921952989294,54.99231898676094
00-0036973,2022_06_JAX_IND,2022,6,86.0,32.41885237486252,1,2021,34.66448577806169,32.646363901032416
00-0037228,2022_06_TB_PIT,2022,6,2.0,18.144922712428116,1,2021,19.796591486075545,19.109155910901737
00-0037256,2022_06_TB_PIT,2022,6,12.0,21.950157509635517,1,2021,22.921200458520985,23.492745494815814
00-0037263,2022_06_SF_ATL,2022,6,51.0,51.29387798418129,1,2021,54.51797774065357,50.3689246770618
00-0038120,2022_06_NYJ_GB,2022,6,116.0,61.97095310228797,1,2021,61.18649005519847,64.60696073806008
00-0038134,2022_06_ARI_SEA,2022,6,97.0,42.774697426288185,1,2021,43.04946468864475,44.68567262238207
00-0027966,2022_07_NO_ARI,2022,7,6.0,28.293271700981318,1,2021,31.385248029675154,27.79361932572156
00-0029239,2022_07_HOU_LV,2022,7,0.0,13.822985884996687,1,2021,13.419961709446184,16.74163739298306
00-0030288,2022_07_HOU_LV,2022,7,8.0,16.201430264735595,1,2021,17.0525685000624,17.930549305999936
00-0030513,2022_07_NYJ_DEN,2022,7,24.0,49.85618334043255,1,2021,55.75525069404927,46.47995991061211
00-0031376,2022_07_KC_SF,2022,7,12.0,17.48173444886431,1,2021,20.20716718519587,17.46313359663101
00-0031687,2022_07_PIT_MIA,2022,7,79.0,53.37364493676926,1,2021,50.70278269301919,57.865034005490614
00-0032144,2022_07_NYJ_DEN,2022,7,33.0,32.50951623208968,1,2021,30.65190187397584,36.525020869603736
00-0032602,2022_07_GB_WAS,2022,7,4.0,11.377391190176406,1,2021,12.3875646108398,13.023258110309165
00-0032764,2022_07_IND_TEN,2022,7,128.0,99.51458521427865,1,2021,104.27917681488518,96.53120112045096
00-0033045,2022_07_DET_DAL,2022,7,57.0,70.67779052315164,1,2021,71.94473953740462,71.30458953506303
00-0033118,2022_07_CLE_BAL,2022,7,5.0,53.2447954051481,1,2021,55.94473991797155,52.7781537921414
00-0033280,2022_07_KC_SF,2022,7,38.0,47.26676998621505,1,2021,51.61572100764457,45.35616275440444
00-0033293,2022_07_GB_WAS,2022,7,23.0,49.112837647492604,1,2021,50.65384554845983,49.770913346878835
00-0033526,2022_07_ATL_CIN,2022,7,0.0,28.536789414190107,1,2021,30.091577602237233,29.453459021096503
00-0033699,2022_07_SEA_LAC,2022,7,31.0,57.01019017785914,1,2021,55.10899668515535,60.742868157928115
00-0033856,2022_07_TB_CAR,2022,7,19.0,62.665157625520564,1,2021,61.43200117560559,65.70636214225102
00-0033897,2022_07_ATL_CIN,2022,7,58.0,64.45241260918044,1,2021,64.46856560437445,66.31636171245589
00-0033906,2022_07_NO_ARI,2022,7,49.0,64.92347980404713,1,2021,67.0596505917283,64.8234639209579
00-0033923,2022_07_CLE_BAL,2022,7,4.0,30.278047798691766,1,2021,32.45405608040944,30.598084431141167
00-0033948,2022_07_DET_DAL,2022,7,79.0,52.79558076833533,1,2021,53.771582835840185,53.92685591744843
00-0034115,2022_07_KC_SF,2022,7,54.0,35.25818890806369,1,2021,34.04401855470783,38.643253713976904
00-0034208,2022_07_NYJ_DEN,2022,7,23.0,13.616664323760048,1,2021,14.0511050803224,15.764670355829114
00-0034367,2022_07_IND_TEN,2022,7,2.0,10.503205896892204,1,2021,12.967538003925274,10.817741380227996
00-0034681,2022_07_PIT_MIA,2022,7,17.0,23.082843252598128,1,2021,24.1328584663381,24.537567646409073
00-0034791,2022_07_CLE_BAL,2022,7,91.0,72.18899283611177,1,2021,74.71269206779358,71.63530525275206
00-0034844,2022_07_NYG_JAX,2022,7,110.0,78.28725785394433,1,2021,86.07206941028186,72.79472625152837
00-0034975,2022_07_CLE_BAL,2022,7,26.0,24.499978511401505,1,2021,23.15698469681268,28.14586643106481
00-0035261,2022_07_DET_DAL,2022,7,83.0,44.62342386847907,1,2021,50.74746569110744,41.10844543176369
00-0035567,2022_07_DET_DAL,2022,7,12.0,28.10145687882143,1,2021,35.08782287488275,24.008017457700685
00-0035657,2022_07_CHI_NE,2022,7,8.0,40.12198118259357,1,2021,40.50842959373139,41.96480240354859
00-0035685,2022_07_CHI_NE,2022,7,62.0,55.69798000808355,1,2021,58.95786711045532,54.681905209178936
00-0035700,2022_07_HOU_LV,2022,7,143.0,92.81001819630835,1,2021,100.59889314850165,87.12223448393866
00-0035726,2022_07_HOU_LV,2022,7,0.0,12.586797542522504,1,2021,12.147873033461153,15.554902203856116
00-0035831,2022_07_NYG_JAX,2022,7,0.0,53.35698700033195,1,2021,55.22173672894735,53.66013568517088
00-0036223,2022_07_IND_TEN,2022,7,58.0,61.41322860380562,1,2021,58.722802609319544,65.8166726378042
00-0036265,2022_07_GB_WAS,2022,7,15.0,55.80312306403822,1,2021,60.15033717766149,53.78155791560962
00-0036328,2022_07_GB_WAS,2022,7,59.0,44.385888321812935,1,2021,49.20970542451732,42.07474868247376
00-0036360,2022_07_KC_SF,2022,7,32.0,40.959622527587996,1,2021,41.02886443126773,43.08432624709587
00-0036383,2022_07_NO_ARI,2022,7,92.0,36.715213603484635,1,2021,39.72593135889653,36.179547101825165
00-0036425,2022_07_SEA_LAC,2022,7,35.0,15.218682914501173,1,2021,16.35794478044894,16.694689748878485
00-0036493,2022_07_IND_TEN,2022,7,3.0,47.58355843094359,1,2021,49.97735123046874,47.474286022300866
00-0036829,2022_07_ATL_CIN,2022,7,22.0,33.808903423116085,1,2021,33.494092071536954,36.382555948861174
00-0036875,2022_07_CHI_NE,2022,7,39.0,78.47450491664456,1,2021,76.7593413563867,81.75235923470244
00-0036893,2022_07_PIT_MIA,2022,7,65.0,49.54015516896539,1,2021,52.14980590812091,49.20574637067004
00-0036906,2022_07_CHI_NE,2022,7,62.0,48.0834745727529,1,2021,49.89079216270812,48.50919706940477
00-0036973,2022_07_NYG_JAX,2022,7,114.0,45.500041009776965,1,2021,48.4608879357246,44.89458995612205
00-0037228,2022_07_PIT_MIA,2022,7,7.0,15.30780976854648,1,2021,17.187661041980387,16.09873604447683
00-0037256,2022_07_TB_CAR,2022,7,24.0,19.429724571834452,1,2021,19.11474015551804,22.193143347796266
00-0037258,2022_07_HOU_LV,2022,7,92.0,62.026025684586884,1,2021,61.65616176111724,64.27844106876788
00-0037263,2022_07_ATL_CIN,2022,7,50.0,53.77121714648531,1,2021,55.944749380521095,53.7837551667164
00-0037456,2022_07_HOU_LV,2022,7,0.0,11.711936402172787,1,2021,11.150811987774562,14.804423966574191
00-0037617,2022_07_IND_TEN,2022,7,0.0,24.40938597875049,1,2021,23.58241279998014,27.579943618387347
00-0037746,2022_07_GB_WAS,2022,7,73.0,56.21178898455961,1,2021,61.43294141949555,53.37778727836111
00-0037827,2022_07_KC_SF,2022,7,4.0,35.53068376961511,1,2021,35.77318734474697,37.56697408091791
00-0038120,2022_07_NYJ_DEN,2022,7,72.0,68.44873314335372,1,2021,66.42715991685408,72.14174641400011
00-0038134,2022_07_SEA_LAC,2022,7,167.0,62.6585858614616,1,2021,67.55224466572359,60.04200307822484
00-0027966,2022_08_LV_NO,2022,8,0.0,24.024833846172726,1,2021,28.29264510926351,22.49562834283677
00-0029239,2022_08_LV_NO,2022,8,0.0,12.733094431689416,1,2021,12.23445960130756,15.754410139436644
00-0030288,2022_08_TEN_HOU,2022,8,0.0,16.115876767210644,1,2021,17.772067699977757,17.102689292637884
00-0030513,2022_08_DEN_JAX,2022,8,46.0,32.98916551677705,1,2021,33.55186833284852,34.76327728390745
00-0031687,2022_08_MIA_DET,2022,8,64.0,59.92202963826242,1,2021,59.27959122385591,62.45390055988392
00-0032144,2022_08_DEN_JAX,2022,8,29.0,41.044524253343646,1,2021,42.23427546749747,42.13336197525082
00-0032602,2022_08_WAS_IND,2022,8,6.0,9.999118643906096,1,2021,10.842516113197782,11.817170773089288
00-0032764,2022_08_TEN_HOU,2022,8,219.0,99.25061302920993,1,2021,107.32562449278558,93.2136666151068
00-0033118,2022_08_BAL_TB,2022,8,62.0,42.903374952686505,1,2021,42.3045384736458,45.61939222801961
00-0033280,2022_08_SF_LA,2022,8,94.0,39.51400102351195,1,2021,43.24713462047926,38.2743064695624
00-0033293,2022_08_GB_BUF,2022,8,143.0,56.64353716453761,1,2021,56.34107729787961,58.90468200099863
00-0033526,2022_08_CIN_CLE,2022,8,7.0,37.25072448418019,1,2021,41.018830221656,36.008578498447314
00-0033856,2022_08_BAL_TB,2022,8,24.0,53.477326274427504,1,2021,51.74901646751018,57.09693791809639
00-0033893,2022_08_ARI_MIN,2022,8,111.0,65.59109177388966,1,2021,69.24712784665788,64.0787365679256
00-0033897,2022_08_CIN_CLE,2022,8,27.0,74.81551431458168,1,2021,77.57128620940506,74.01288293158733
00-0033906,2022_08_LV_NO,2022,8,62.0,60.82440177436128,1,2021,60.833769611987655,62.742456306608815
00-0033923,2022_08_CIN_CLE,2022,8,42.0,31.779139565624718,1,2021,34.037119223774816,32.00368517669233
00-0033925,2022_08_CAR_ATL,2022,8,118.0,45.52691592241343,1,2021,46.129517033848096,47.09885815031943
00-0033948,2022_08_MIA_DET,2022,8,53.0,48.88865287110086,1,2021,48.13802136398511,51.66592396216339
00-0034115,2022_08_SF_LA,2022,8,14.0,40.36355143008233,1,2021,39.186159697806104,43.647332393678504
00-0034184,2022_08_BAL_TB,2022,8,65.0,37.81099351190254,1,2021,38.8812688387992,39.05280045332009
00-0034301,2022_08_ARI_MIN,2022,8,8.0,23.91672227533929,1,2021,22.22428503067339,27.89299843955964
00-0034367,2022_08_WAS_IND,2022,8,20.0,10.644623485413545,1,2021,12.323556507800504,11.682579508896676
00-0034681,2022_08_MIA_DET,2022,8,14.0,23.88456927730315,1,2021,25.304752869711457,24.986885966315224
00-0034791,2022_08_CIN_CLE,2022,8,101.0,75.24445949839986,1,2021,76.84241685742802,75.50536835016403
00-0034844,2022_08_NYG_SEA,2022,8,53.0,84.17230621172246,1,2021,90.8839156580269,79.59323342717899
00-0034972,2022_08_ARI_MIN,2022,8,40.0,19.890279086301184,1,2021,20.35523124050597,21.927384027860363
00-0034975,2022_08_BAL_TB,2022,8,28.0,22.693898873663912,1,2021,22.321817179307832,25.46700276204158
00-0035243,2022_08_PIT_PHI,2022,8,78.0,71.8175755895954,1,2021,70.92531985333696,74.42328622213873
00-0035250,2022_08_GB_BUF,2022,8,67.0,53.50786106388514,1,2021,54.345515423340494,54.75750264783123
00-0035261,2022_08_CHI_DAL,2022,8,131.0,52.96034549771637,1,2021,53.95228180230409,54.07473338560287
00-0035567,2022_08_MIA_DET,2022,8,7.0,16.11478141525292,1,2021,20.583643292810265,14.504216913034874
00-0035594,2022_08_NYG_SEA,2022,8,10.0,13.68799451547153,1,2021,12.975407716725792,16.894295003681567
00-0035657,2022_08_NE_NYJ,2022,8,37.0,33.30086900754986,1,2021,32.923771446908425,35.938739441124305
00-0035664,2022_08_SF_LA,2022,8,16.0,33.184462695244534,1,2021,35.410401058641256,33.42006634437725
00-0035685,2022_08_CHI_DAL,2022,8,53.0,62.49595724064243,1,2021,63.57111181749029,63.40775802602218
00-0035700,2022_08_LV_NO,2022,8,43.0,86.68080112005195,1,2021,92.0626643810043,83.29661939995424
00-0035831,2022_08_NE_NYJ,2022,8,17.0,29.342648711245175,1,2021,28.97148128991312,32.02723669625962
00-0036223,2022_08_WAS_IND,2022,8,76.0,62.489503961918665,1,2021,63.48307233686721,63.47673150386477
00-0036265,2022_08_GB_BUF,2022,8,54.0,35.20249731339316,1,2021,37.54320544233459,35.30550541204233
00-0036275,2022_08_MIA_DET,2022,8,6.0,39.671032021277995,1,2021,42.03791388020301,39.690946805034685
00-0036328,2022_08_WAS_IND,2022,8,19.0,40.72780908043048,1,2021,41.00577762165473,42.66281865775947
00-0036383,2022_08_ARI_MIN,2022,8,22.0,45.121801678990124,1,2021,45.64545492974234,46.77199107366159
00-0036425,2022_08_NYG_SEA,2022,8,0.0,15.198977290239682,1,2021,15.500033565541557,17.449294004698153
00-0036493,2022_08_WAS_IND,2022,8,-4.0,34.0032529457658,1,2021,35.79641639244891,34.6277105675642
00-0036829,2022_08_CAR_ATL,2022,8,91.0,34.661831899743824,1,2021,36.52408017607238,35.213808246554954
00-0036875,2022_08_NE_NYJ,2022,8,71.0,64.56721453575557,1,2021,61.97116284953566,68.8419185675717
00-0036893,2022_08_PIT_PHI,2022,8,32.0,51.09241144405901,1,2021,52.38664730068242,51.95226844743053
00-0036906,2022_08_CHI_DAL,2022,8,99.0,52.28653918788654,1,2021,55.738529289278915,51.13804866289648
00-0036973,2022_08_DEN_JAX,2022,8,156.0,53.74319062325806,1,2021,57.07741562755104,52.68424388654247
00-0037228,2022_08_PIT_PHI,2022,8,50.0,14.873107525869347,1,2021,16.619826128712774,15.79270867126207
00-0037256,2022_08_BAL_TB,2022,8,19.0,21.08108534795557,1,2021,22.92827189525438,21.82604877187989
00-0037258,2022_08_TEN_HOU,2022,8,35.0,59.212057605198254,1,2021,55.22569711711724,64.84127142987828
00-0037263,2022_08_CAR_ATL,2022,8,39.0,65.694618530136,1,2021,66.79889990784247,66.53734373400295
00-0037456,2022_08_TEN_HOU,2022,8,0.0,10.364976204799737,1,2021,11.447642207512422,11.957248949882269
00-0037617,2022_08_TEN_HOU,2022,8,0.0,28.262903565753017,1,2021,27.490115648669573,31.332610064001933
00-0037746,2022_08_WAS_IND,2022,8,20.0,55.642414268297884,1,2021,60.70860996905839,52.95901691502992
00-0038134,2022_08_NYG_SEA,2022,8,51.0,82.91350242546197,1,2021,94.7514150539565,73.61708821468116
00-0029239,2022_09_LV_JAX,2022,9,5.0,11.47994113929698,1,2021,12.072300281187324,13.510290941922817
00-0030288,2022_09_PHI_HOU,2022,9,9.0,14.768655933834534,1,2021,15.638346541810137,16.499535404825128
00-0030578,2022_09_LAC_ATL,2022,9,44.0,46.397407649866615,1,2021,51.89237074687035,43.43996671269465
00-0031376,2022_09_TEN_KC,2022,9,4.0,14.91501140099819,1,2021,15.840077764190257,16.592823661159954
00-0031687,2022_09_MIA_CHI,2022,9,26.0,64.94400219425268,1,2021,67.37844307082774,64.56827495263778
00-0032104,2022_09_LV_JAX,2022,9,0.0,11.527133559600433,1,2021,13.027302507096376,12.71853426956124
00-0032764,2022_09_TEN_KC,2022,9,115.0,97.01208979498873,1,2021,104.55451372497974,91.49648468053172
00-0033118,2022_09_BAL_NO,2022,9,93.0,45.47423277372733,1,2021,44.009289493340326,48.95616597029844
00-0033293,2022_09_GB_DET,2022,9,25.0,64.8465650818183,1,2021,63.73183785592512,67.74964041791873
00-0033526,2022_09_CAR_CIN,2022,9,51.0,32.606191858973666,1,2021,34.86551412899251,32.81859196065921
00-0033553,2022_09_SEA_ARI,2022,9,45.0,33.55255751396568,1,2021,34.2312593789558,35.212119714094115
00-0033699,2022_09_LAC_ATL,2022,9,47.0,52.95414199503888,1,2021,49.6915314935225,57.99751904753101
00-0033856,2022_09_LA_TB,2022,9,19.0,53.87866018608068,1,2021,51.680965114629046,57.926438679106994
00-0033893,2022_09_MIN_WAS,2022,9,47.0,68.79682491453889,1,2021,72.82659198613365,66.89707239450664
00-0033897,2022_09_CAR_CIN,2022,9,153.0,69.51121850900867,1,2021,71.27988396763581,69.69008465998434
00-0033906,2022_09_BAL_NO,2022,9,30.0,62.62727228112186,1,2021,62.30358603362792,64.82911624441749
00-0033925,2022_09_CAR_CIN,2022,9,23.0,69.91894385898118,1,2021,71.95288357607672,69.847463281002
00-0033948,2022_09_GB_DET,2022,9,81.0,60.83486859694083,1,2021,62.159360835112025,61.53831922916983
00-0034109,2022_09_IND_NE,2022,9,2.0,25.31090745409376,1,2021,28.842747267989353,24.444384365587194
00-0034115,2022_09_MIA_CHI,2022,9,51.0,34.51155241264857,1,2021,35.91556572344536,35.488672417568395
00-0034367,2022_09_BUF_NYJ,2022,9,0.0,14.31335471725386,1,2021,16.177728193887134,15.131687195101543
00-0034972,2022_09_MIN_WAS,2022,9,1.0,21.660171223555952,1,2021,21.501432589317744,24.24989206882056
00-0034975,2022_09_BAL_NO,2022,9,11.0,21.984917693067146,1,2021,21.324334099718545,25.033790540234104
00-0035243,2022_09_PHI_HOU,2022,9,93.0,77.39147067111868,1,2021,82.61382128617635,74.27708341051158
00-0035250,2022_09_BUF_NYJ,2022,9,24.0,51.38401348984976,1,2021,50.47103115945437,54.278304935684325
00-0035594,2022_09_SEA_ARI,2022,9,7.0,11.37226539357932,1,2021,11.209574185928242,14.101294457351486
00-0035664,2022_09_LA_TB,2022,9,56.0,29.08716935457474,1,2021,31.455312148109595,29.24548042628362
00-0035685,2022_09_MIA_CHI,2022,9,36.0,57.56344437077953,1,2021,56.677325114000865,60.35144573602865
00-0035700,2022_09_LV_JAX,2022,9,67.0,72.77315727975756,1,2021,73.66135092888582,73.7220921570845
00-0035726,2022_09_LV_JAX,2022,9,0.0,8.43930254602572,1,2021,10.26809318687692,9.367950684900151
00-0035831,2022_09_BUF_NYJ,2022,9,48.0,25.922479369333125,1,2021,26.019504846559645,28.21980851378506
00-0036265,2022_09_GB_DET,2022,9,34.0,52.71132526723271,1,2021,58.32527857646222,49.56074507850832
00-0036275,2022_09_GB_DET,2022,9,10.0,47.845653542255064,1,2021,47.486014310436595,50.27561175488549
00-0036328,2022_09_MIN_WAS,2022,9,36.0,36.70477143223256,1,2021,35.80591981551715,39.77957683632739
00-0036360,2022_09_TEN_KC,2022,9,5.0,35.90784929444471,1,2021,36.244649803795234,37.85208670746977
00-0036383,2022_09_SEA_ARI,2022,9,12.0,46.01053189793312,1,2021,47.064019479938075,47.15972108032345
00-0036414,2022_09_LA_TB,2022,9,3.0,50.19235995949861,1,2021,51.51777674615008,51.03529083538755
00-0036425,2022_09_SEA_ARI,2022,9,4.0,13.421834227838877,1,2021,15.837938428060228,13.742420737749956
00-0036493,2022_09_IND_NE,2022,9,23.0,33.79739701314788,1,2021,36.728951667273186,33.3733093884046
00-0036829,2022_09_LAC_ATL,2022,9,34.0,45.03402771504631,1,2021,47.068933090352,45.28979235772381
00-0036875,2022_09_IND_NE,2022,9,60.0,69.69202571990434,1,2021,68.92864799817593,72.20675043486015
00-0036906,2022_09_MIA_CHI,2022,9,23.0,40.37351371516069,1,2021,43.557513178900784,39.62958934019695
00-0036973,2022_09_LV_JAX,2022,9,109.0,62.64234003511636,1,2021,68.05973974516606,59.54231725586243
00-0037256,2022_09_LA_TB,2022,9,27.0,19.603778189533944,1,2021,20.34103942206043,21.39319421331441
00-0037258,2022_09_PHI_HOU,2022,9,139.0,56.20770099262899,1,2021,50.40999542531902,63.5492370495312
00-0037263,2022_09_LAC_ATL,2022,9,99.0,60.70963724247527,1,2021,60.5552629435354,62.78041453127774
00-0037456,2022_09_PHI_HOU,2022,9,0.0,9.790619905399508,1,2021,10.862706146464,11.400236211246014
00-0037617,2022_09_TEN_KC,2022,9,5.0,20.771466212620677,1,2021,20.44616376279157,23.52672084250865
00-0037746,2022_09_MIN_WAS,2022,9,44.0,38.215075127810564,1,2021,45.36415007104107,33.83802038134729
00-0038134,2022_09_SEA_ARI,2022,9,109.0,75.09844240150863,1,2021,82.54523791578886,69.9601036695382
00-0030288,2022_10_HOU_NYG,2022,10,2.0,16.012726032632838,1,2021,17.47493016532018,17.18003793535081
00-0030513,2022_10_DEN_TEN,2022,10,24.0,34.16197202896697,1,2021,39.5299256008536,31.483158063372688
00-0030578,2022_10_ATL_CAR,2022,10,18.0,55.805559630024824,1,2021,57.68828022862348,56.059825602260574
00-0031376,2022_10_JAX_KC,2022,10,2.0,17.55187873778337,1,2021,17.387510109915574,20.200971343364085
00-0031687,2022_10_CLE_MIA,2022,10,65.0,57.09332951147711,1,2021,59.23510092002386,57.09139144069461
00-0032104,2022_10_IND_LV,2022,10,0.0,10.719259572147696,1,2021,12.727389452768596,11.452231023826265
00-0032144,2022_10_DEN_TEN,2022,10,24.0,40.89641470594042,1,2021,39.49010362724204,44.38456729055756
00-0032764,2022_10_DEN_TEN,2022,10,53.0,105.70401084214117,1,2021,114.05002569690444,99.33170774778851
00-0033280,2022_10_LAC_SF,2022,10,38.0,51.42752186233462,1,2021,53.43002458729524,51.62890332298454
00-0033293,2022_10_DAL_GB,2022,10,138.0,61.08889759977784,1,2021,63.618417746958855,60.67620247585771
00-0033553,2022_10_ARI_LA,2022,10,69.0,41.09834957361732,1,2021,42.71618403105615,41.79115943409193
00-0033699,2022_10_LAC_SF,2022,10,24.0,53.95311068984838,1,2021,53.56343781633933,56.33026976891908
00-0033856,2022_10_SEA_TB,2022,10,57.0,48.523940873388,1,2021,44.42046605245154,54.40224062266162
00-0033893,2022_10_MIN_BUF,2022,10,119.0,60.65838094625747,1,2021,60.51114380340976,62.723243225621786
00-0033906,2022_10_NO_PIT,2022,10,26.0,64.24795953073937,1,2021,66.61127948127985,63.947087822586255
00-0033923,2022_10_CLE_MIA,2022,10,9.0,29.654886799869463,1,2021,32.50628418976076,29.3594451523931
00-0033925,2022_10_ATL_CAR,2022,10,130.0,50.23583997808532,1,2021,54.46340791084457,48.39817458569379
00-0033948,2022_10_DET_CHI,2022,10,59.0,69.05922100496343,1,2021,70.60187443129685,69.45276053712595
00-0034115,2022_10_CLE_MIA,2022,10,119.0,33.043568872689406,1,2021,32.4104310660614,35.921275252432636
00-0034367,2022_10_MIN_BUF,2022,10,0.0,12.599780561382355,1,2021,14.865361068112133,13.070209554717216
00-0034681,2022_10_DEN_TEN,2022,10,9.0,16.678483415788598,1,2021,18.652762527235858,17.364135332592802
00-0034791,2022_10_CLE_MIA,2022,10,63.0,78.645221407187,1,2021,80.70911649409517,78.43101195716716
00-0034844,2022_10_HOU_NYG,2022,10,152.0,87.8505562510149,1,2021,94.21279177525994,83.54561453690874
00-0034972,2022_10_MIN_BUF,2022,10,11.0,21.19656145504108,1,2021,20.618324344536532,24.17978595682536
00-0035243,2022_10_WAS_PHI,2022,10,54.0,75.13051505020455,1,2021,75.3950206707222,76.62431685541938
00-0035250,2022_10_MIN_BUF,2022,10,47.0,47.96954090239047,1,2021,50.00917122713554,48.182234035824706
00-0035261,2022_10_DAL_GB,2022,10,115.0,59.46139576973314,1,2021,63.88662791870838,57.31954538077517
00-0035594,2022_10_SEA_TB,2022,10,0.0,13.071579081302046,1,2021,13.526601485625484,15.207766359442855
00-0035664,2022_10_ARI_LA,2022,10,21.0,40.08598346666561,1,2021,42.541004829834286,40.019033245670165
00-0035685,2022_10_DET_CHI,2022,10,37.0,67.32293789270311,1,2021,69.62669750926709,67.03652060426991
00-0035700,2022_10_IND_LV,2022,10,78.0,80.69773115429086,1,2021,82.60892321961433,80.59747220302646
00-0035726,2022_10_IND_LV,2022,10,0.0,8.16526444764622,1,2021,8.75878934266407,10.238245644362422
00-0036223,2022_10_IND_LV,2022,10,147.0,65.72226458464154,1,2021,63.372919801746576,69.75391375532885
00-0036251,2022_10_IND_LV,2022,10,4.0,16.947014766247502,1,2021,19.703893937540514,16.906425272448374
00-0036265,2022_10_DAL_GB,2022,10,65.0,56.21897511571627,1,2021,58.05868094095948,56.50751217590019
00-0036275,2022_10_DET_CHI,2022,10,6.0,36.15757479223665,1,2021,31.82502501792469,42.410481411659326
00-0036328,2022_10_WAS_PHI,2022,10,44.0,44.53811504983691,1,2021,43.44385446306032,47.69008111130922
00-0036360,2022_10_JAX_KC,2022,10,0.0,32.45496294964305,1,2021,30.52567891750452,36.53737107384752
00-0036383,2022_10_ARI_LA,2022,10,0.0,33.44887836891345,1,2021,36.59898719225535,32.82756015700939
00-0036414,2022_10_ARI_LA,2022,10,22.0,35.3034256120569,1,2021,36.25283981180291,36.689908311524945
00-0036425,2022_10_SEA_TB,2022,10,0.0,14.561168426669452,1,2021,16.477120765780192,15.328602128861334
00-0036555,2022_10_ATL_CAR,2022,10,14.0,40.16205838994762,1,2021,43.445791947153424,39.32882177318192
00-0036829,2022_10_ATL_CAR,2022,10,32.0,39.55137590731848,1,2021,40.063763766927934,41.285421083012274
00-0036893,2022_10_NO_PIT,2022,10,99.0,49.519921999903644,1,2021,51.05130347322684,50.18151944094602
00-0036906,2022_10_DET_CHI,2022,10,57.0,50.735192662751345,1,2021,58.09188435958393,46.00131945906012
00-0036973,2022_10_JAX_KC,2022,10,45.0,69.48739755941781,1,2021,71.20396766109265,69.71468583975899
00-0037228,2022_10_NO_PIT,2022,10,37.0,16.302434869675142,1,2021,17.763368070830097,17.46710027519862
00-0037256,2022_10_SEA_TB,2022,10,105.0,21.231333702365266,1,2021,21.121943761333792,23.78113769046676
00-0037258,2022_10_HOU_NYG,2022,10,94.0,69.77062613025424,1,2021,64.84185604292702,76.13089113575609
00-0037263,2022_10_ATL_CAR,2022,10,20.0,60.79450012516108,1,2021,63.27258634646719,60.43318419550438
00-0037429,2022_10_ATL_CAR,2022,10,32.0,18.796469688117842,1,2021,19.55753114436602,20.574552452043285
00-0037456,2022_10_HOU_NYG,2022,10,0.0,12.56823275539053,1,2021,12.093558194234404,15.56959598844741
00-0037617,2022_10_DEN_TEN,2022,10,0.0,23.179611387634743,1,2021,22.17158106530103,26.533584237373898
00-0037746,2022_10_WAS_PHI,2022,10,86.0,45.53210578798709,1,2021,45.0910422628069,48.06776300259728
00-0038134,2022_10_SEA_TB,2022,10,17.0,80.86999644638311,1,2021,82.50737244858719,81.02032438551853
00-0029239,2022_11_LV_DEN,2022,11,0.0,12.035165703344335,1,2021,12.051047696052638,14.590548287251288
00-0030513,2022_11_LV_DEN,2022,11,49.0,30.547580701419953,1,2021,30.35252684517705,33.05364625645104
00-0030578,2022_11_CHI_ATL,2022,11,52.0,49.067356464900385,1,2021,52.78862107713378,47.71265019499699
00-0031376,2022_11_KC_LAC,2022,11,24.0,14.53655407022991,1,2021,15.03638734127182,16.612042844789073
00-0032104,2022_11_LV_DEN,2022,11,0.0,10.145389758006042,1,2021,10.687858021057716,12.239409467383297
00-0032144,2022_11_LV_DEN,2022,11,31.0,41.70380599530258,1,2021,41.01258650382667,44.52095309628366
00-0032764,2022_11_TEN_GB,2022,11,87.0,98.21555608549697,1,2021,107.88028899692412,90.72421261555073
00-0033045,2022_11_DAL_MIN,2022,11,42.0,54.71006512499163,1,2021,55.40019020847682,56.08009173953168
00-0033118,2022_11_CAR_BAL,2022,11,46.0,74.14120023167665,1,2021,80.07233038068911,70.41514147687171
00-0033280,2022_11_SF_ARI,2022,11,39.0,51.01649640913503,1,2021,54.236879699042,50.09863271655493
00-0033293,2022_11_TEN_GB,2022,11,40.0,61.87920523789092,1,2021,60.01407643191708,65.51437518608697
00-0033526,2022_11_CIN_PIT,2022,11,30.0,30.03782710384001,1,2021,29.271164253628427,33.07847288253127
00-0033553,2022_11_SF_ARI,2022,11,42.0,52.026155489251714,1,2021,50.36280357651099,55.60491645973797
00-0033699,2022_11_KC_LAC,2022,11,83.0,49.47174393341621,1,2021,49.859421583496264,51.19014235152781
00-0033893,2022_11_DAL_MIN,2022,11,72.0,69.75411699594979,1,2021,67.89796991281708,73.27715267576839
00-0033897,2022_11_CIN_PIT,2022,11,20.0,73.66163539811171,1,2021,76.48675677314665,72.81017774029958
00-0033906,2022_11_LA_NO,2022,11,42.0,60.23025006921745,1,2021,62.71897068887011,59.86655399159332
00-0033923,2022_11_CLE_BUF,2022,11,32.0,31.61286907008062,1,2021,34.39046456246381,31.35976227937065
00-0033925,2022_11_CAR_BAL,2022,11,24.0,63.28046002169697,1,2021,60.92031657118896,67.35427941202532
00-0033948,2022_11_DET_NYG,2022,11,64.0,64.03238149736696,1,2021,68.09180005351453,62.16807179808279
00-0034253,2022_11_TEN_GB,2022,11,4.0,16.333189841374885,1,2021,15.990119292157264,19.163376523617025
00-0034367,2022_11_CLE_BUF,2022,11,-8.0,14.925379051936197,1,2021,15.128522147563396,17.269722468917745
00-0034681,2022_11_LV_DEN,2022,11,6.0,15.584576396082191,1,2021,16.889900702414202,16.902406332814657
00-0034791,2022_11_CLE_BUF,2022,11,19.0,76.42670760694519,1,2021,79.21208791133999,75.57548853342642
00-0034844,2022_11_DET_NYG,2022,11,22.0,90.18726973215146,1,2021,92.80642601114148,89.30810279604313
00-0034972,2022_11_DAL_MIN,2022,11,0.0,24.065128627047283,1,2021,23.639454576505784,26.869641676141196
00-0034975,2022_11_CAR_BAL,2022,11,30.0,23.47657635817434,1,2021,22.15169826328187,27.11922988449672
00-0035243,2022_11_PHI_IND,2022,11,47.0,71.43803294951883,1,2021,70.83530710358067,73.78137878390035
00-0035250,2022_11_CLE_BUF,2022,11,86.0,60.03512723652084,1,2021,59.77209022524894,62.21514449478038
00-0035261,2022_11_DAL_MIN,2022,11,80.0,56.275091602626894,1,2021,57.62813798544362,57.01229963787026
00-0035657,2022_11_NYJ_NE,2022,11,65.0,38.731577704260786,1,2021,43.19091384789597,36.8315807113555
00-0035664,2022_11_LA_NO,2022,11,9.0,40.78146029880063,1,2021,41.92740900684967,41.91421672824943
00-0035685,2022_11_CHI_ATL,2022,11,67.0,65.22648340446517,1,2021,68.57866314994845,63.99953540886456
00-0035700,2022_11_LV_DEN,2022,11,109.0,76.18720438141692,1,2021,79.31309734695266,75.02469333256722
00-0035726,2022_11_LV_DEN,2022,11,0.0,9.038496593179092,1,2021,10.513604892514614,10.285855443779456
00-0035831,2022_11_NYJ_NE,2022,11,10.0,36.88407510944664,1,2021,41.61253415143617,34.75991515959641
00-0036223,2022_11_PHI_IND,2022,11,84.0,68.46913985317175,1,2021,69.59119335488444,69.25886786062232
00-0036251,2022_11_PHI_IND,2022,11,7.0,17.70018722167489,1,2021,19.05142772295019,18.947718526640507
00-0036265,2022_11_TEN_GB,2022,11,13.0,40.03948198020002,1,2021,41.294716792088984,41.08110083168783
00-0036275,2022_11_DET_NYG,2022,11,20.0,42.721185092738644,1,2021,41.59280505205568,45.92861749808952
00-0036328,2022_11_WAS_HOU,2022,11,72.0,53.523638458873485,1,2021,60.71062773331301,48.909709850117984
00-0036360,2022_11_KC_LAC,2022,11,9.0,41.37277324416772,1,2021,43.00163077269712,42.05178513041541
00-0036414,2022_11_LA_NO,2022,11,61.0,37.0788731182929,1,2021,37.39441803428656,39.02729790919492
00-0036493,2022_11_PHI_IND,2022,11,7.0,44.70270883339232,1,2021,48.40731845334489,43.42093582324936
00-0036555,2022_11_CAR_BAL,2022,11,0.0,26.999075854651657,1,2021,27.349497839723966,29.048207052932256
00-0036567,2022_11_SF_ARI,2022,11,59.0,34.07466048410632,1,2021,32.83100924591575,37.50255595077309
00-0036829,2022_11_CHI_ATL,2022,11,4.0,37.81671281752021,1,2021,37.0458014904961,40.758708115755965
00-0036875,2022_11_NYJ_NE,2022,11,26.0,57.76640716270441,1,2021,54.899084208569946,62.38129625321618
00-0036893,2022_11_CIN_PIT,2022,11,90.0,47.95997894612712,1,2021,47.94362590283256,50.07141829172387
00-0037197,2022_11_KC_LAC,2022,11,107.0,56.80956949609178,1,2021,60.28291884203038,55.581713056210305
00-0037228,2022_11_CIN_PIT,2022,11,0.0,22.174478728361887,1,2021,24.524844681389993,22.440357994738463
00-0037258,2022_11_WAS_HOU,2022,11,8.0,61.2619384686392,1,2021,58.40640287654097,65.8198496890747
00-0037263,2022_11_CHI_ATL,2022,11,55.0,64.99301508442935,1,2021,70.44669367770335,61.82849375435606
00-0037429,2022_11_CAR_BAL,2022,11,0.0,16.94692701757151,1,2021,17.71145626292827,18.746195815486285
00-0037456,2022_11_WAS_HOU,2022,11,0.0,11.449329381682057,1,2021,12.929059442650866,12.660630542794888
00-0037617,2022_11_TEN_GB,2022,11,0.0,25.676152894412628,1,2021,25.659529833870156,28.08168011801495
00-0037746,2022_11_WAS_HOU,2022,11,57.0,63.11855187411267,1,2021,69.25379737357649,59.34934720499574
00-0027966,2022_12_NO_SF,2022,12,10.0,22.265781659048876,1,2021,23.63106882078655,23.440138675915584
00-0030288,2022_12_HOU_MIA,2022,12,0.0,15.728810881376802,1,2021,17.165332251218015,16.923583565940334
00-0030513,2022_12_DEN_CAR,2022,12,92.0,47.6244747006617,1,2021,52.892564371541646,44.860362161730485
00-0030578,2022_12_ATL_WAS,2022,12,52.0,45.91507306546114,1,2021,49.69015067418665,44.55223917502584
00-0031376,2022_12_LA_KC,2022,12,0.0,17.249657820525215,1,2021,16.58690278022456,20.362975900019983
00-0032104,2022_12_LV_SEA,2022,12,16.0,9.715268043626983,1,2021,10.311190735153586,11.765596343706449
00-0032764,2022_12_CIN_TEN,2022,12,38.0,89.04393618738904,1,2021,102.36085905289649,78.30087694262846
00-0033045,2022_12_NYG_DAL,2022,12,92.0,58.41249240593378,1,2021,64.6287299133892,54.63054973347921
00-0033118,2022_12_BAL_JAX,2022,12,2.0,49.41668196739634,1,2021,49.77687879086827,51.161183909671315
00-0033280,2022_12_NO_SF,2022,12,32.0,46.83815952689409,1,2021,49.595085112355235,46.4033771746596
00-0033293,2022_12_GB_PHI,2022,12,43.0,63.31160370409209,1,2021,63.325918680703026,65.19229305641468
00-0033526,2022_12_CIN_TEN,2022,12,58.0,38.06822872468677,1,2021,38.498680268236065,39.89749592437401
00-0033553,2022_12_LAC_ARI,2022,12,120.0,61.316174231471315,1,2021,61.455798193807475,63.10745773364462
00-0033699,2022_12_LAC_ARI,2022,12,20.0,55.5130442089397,1,2021,55.93343935668983,57.12156763005748
00-0033893,2022_12_NE_MIN,2022,12,42.0,58.59846836501888,1,2021,56.555394367330464,62.44122411420573
00-0033906,2022_12_NO_SF,2022,12,13.0,59.29460407340891,1,2021,60.97232612233228,59.69217101246392
00-0033923,2022_12_TB_CLE,2022,12,15.0,33.30785009615633,1,2021,35.069502908639095,33.97057626137623
00-0033925,2022_12_DEN_CAR,2022,12,113.0,57.271655177937895,1,2021,59.370938023942514,57.30660219655171
00-0033948,2022_12_BUF_DET,2022,12,66.0,56.920237885242344,1,2021,58.82043658428047,57.143665168750815
00-0034115,2022_12_HOU_MIA,2022,12,39.0,34.57736630698204,1,2021,31.65931220963081,39.544878474020585
00-0034184,2022_12_BAL_JAX,2022,12,52.0,31.483300707617147,1,2021,32.22437167204454,33.11255307827467
00-0034253,2022_12_CIN_TEN,2022,12,16.0,13.024021337263036,1,2021,14.392492437784693,14.317301620763391
00-0034367,2022_12_BUF_DET,2022,12,3.0,14.647104411436143,1,2021,15.51994459667234,16.376678171345038
00-0034440,2022_12_BUF_DET,2022,12,4.0,36.601341007197654,1,2021,36.82612466943264,38.63987708574311
00-0034791,2022_12_TB_CLE,2022,12,116.0,81.30640036628328,1,2021,85.57471951073416,79.021400842943
00-0034844,2022_12_NYG_DAL,2022,12,39.0,85.02046347449416,1,2021,88.2681238258439,83.62902807441452
00-0034972,2022_12_NE_MIN,2022,12,11.0,21.202471940815837,1,2021,21.116488771411188,23.731041268312257
00-0034975,2022_12_BAL_JAX,2022,12,3.0,23.003183261387985,1,2021,23.158061978708535,25.285581566341172
00-0035243,2022_12_GB_PHI,2022,12,143.0,82.0285956645971,1,2021,86.1085370874097,79.90803259342013
00-0035250,2022_12_BUF_DET,2022,12,72.0,62.45740589127807,1,2021,64.5673826589505,62.4140972528737
00-0035261,2022_12_NYG_DAL,2022,12,60.0,61.43519556128503,1,2021,66.31372394378981,58.84871697397527
00-0035594,2022_12_LV_SEA,2022,12,8.0,11.541177735248842,1,2021,11.383988795971169,14.262898361214027
00-0035657,2022_12_NE_MIN,2022,12,16.0,30.703989471644988,1,2021,31.617078000021785,32.18466649608806
00-0035685,2022_12_CHI_NYJ,2022,12,79.0,56.58307508231689,1,2021,57.21687145905179,57.98042120638236
00-0035700,2022_12_LV_SEA,2022,12,229.0,78.94929817831527,1,2021,82.79865954025588,77.08227093268763
00-0035726,2022_12_LV_SEA,2022,12,0.0,9.35542527253484,1,2021,10.258796003624058,11.126582299309511
00-0036223,2022_12_PIT_IND,2022,12,86.0,66.95240213318431,1,2021,65.66033815539974,69.99147306990253
00-0036251,2022_12_PIT_IND,2022,12,2.0,15.123408890439467,1,2021,18.076419099739557,14.925746457885143
00-0036265,2022_12_GB_PHI,2022,12,64.0,45.78842675045189,1,2021,48.347232665033474,45.55044212044983
00-0036275,2022_12_BUF_DET,2022,12,19.0,37.17697188971275,1,2021,36.62577096820195,39.92450897111824
00-0036328,2022_12_ATL_WAS,2022,12,32.0,52.576455386884575,1,2021,53.67444462047696,53.597969591814355
00-0036370,2022_12_LAC_ARI,2022,12,4.0,36.26447113726547,1,2021,39.83718006037323,35.215771371260935
00-0036414,2022_12_LA_KC,2022,12,37.0,41.09215425458293,1,2021,40.199135628947424,44.10372030292371
00-0036425,2022_12_LV_SEA,2022,12,2.0,12.941353080985692,1,2021,15.828641244807365,12.833155363031311
00-0036555,2022_12_DEN_CAR,2022,12,65.0,22.242570370307448,1,2021,24.908938822593512,22.215735834915456
00-0036567,2022_12_NO_SF,2022,12,35.0,27.6507258691664,1,2021,23.133614871339383,34.186240386826825
00-0036829,2022_12_ATL_WAS,2022,12,12.0,36.66636552165948,1,2021,37.87084147953803,37.79933670577118
00-0036875,2022_12_NE_MIN,2022,12,36.0,63.451291604832136,1,2021,62.49929850868878,66.222486671258
00-0036893,2022_12_PIT_IND,2022,12,35.0,58.026633188258316,1,2021,59.50711589868303,58.623062623916034
00-0036973,2022_12_BAL_JAX,2022,12,3.0,63.412843803099065,1,2021,65.04121358453227,63.80168178069168
00-0037197,2022_12_LA_KC,2022,12,69.0,50.50431643650428,1,2021,50.15925022513042,52.88575942960307
00-0037256,2022_12_TB_CLE,2022,12,64.0,46.13888199301702,1,2021,48.78579287057992,45.814914714265875
00-0037258,2022_12_HOU_MIA,2022,12,8.0,56.48324926634369,1,2021,52.04621629695991,62.56462403508246
00-0037263,2022_12_ATL_WAS,2022,12,54.0,58.8187842700499,1,2021,58.37780805343388,61.17916033275515
00-0037429,2022_12_DEN_CAR,2022,12,0.0,17.523696374549353,1,2021,18.093662387348903,19.495031314281068
00-0037617,2022_12_CIN_TEN,2022,12,0.0,21.5686479846849,1,2021,20.707535256163283,24.808190642355036
00-0037746,2022_12_ATL_WAS,2022,12,105.0,46.15562304194265,1,2021,50.08251947593741,44.64941847657296
00-0037840,2022_12_LA_KC,2022,12,35.0,26.095536804830974,1,2021,30.318941328571416,24.580034525621745
00-0038134,2022_12_LV_SEA,2022,12,26.0,72.50889757073442,1,2021,74.92107447909355,72.05397816444699
00-0027966,2022_13_NO_TB,2022,13,27.0,30.197104421453364,1,2021,35.417334693022354,27.70698859424558
00-0030513,2022_13_DEN_BAL,2022,13,47.0,49.91328690043763,1,2021,54.01301524043651,48.19792960840567
00-0030578,2022_13_PIT_ATL,2022,13,60.0,42.04895787124031,1,2021,39.956672823105805,46.155382912438625
00-0031376,2022_13_KC_CIN,2022,13,51.0,13.615744283431129,1,2021,14.25021067882772,15.579046603011708
00-0031687,2022_13_MIA_SF,2022,13,30.0,39.729505207685676,1,2021,39.00282820878736,42.605429412569
00-0032104,2022_13_LAC_LV,2022,13,4.0,11.270882626830677,1,2021,11.089732695157789,14.018294450727794
00-0032764,2022_13_TEN_PHI,2022,13,30.0,88.79900205910475,1,2021,95.18113019533628,84.46318392027882
00-0033045,2022_13_IND_DAL,2022,13,77.0,56.84296519631577,1,2021,53.52417957259497,61.886939053982886
00-0033118,2022_13_DEN_BAL,2022,13,29.0,51.808172611698055,1,2021,57.02783648930203,49.033612405327794
00-0033280,2022_13_MIA_SF,2022,13,66.0,46.228890958441426,1,2021,49.02149835565422,45.76919177501741
00-0033293,2022_13_GB_CHI,2022,13,26.0,64.8573374188799,1,2021,62.75971649091923,68.66793455199618
00-0033526,2022_13_KC_CIN,2022,13,106.0,43.01588554303924,1,2021,43.628906206570576,44.61131661963953
00-0033699,2022_13_LAC_LV,2022,13,35.0,52.963230093897,1,2021,52.024447927911915,55.86052284413208
00-0033856,2022_13_NO_TB,2022,13,49.0,40.57591469168138,1,2021,41.21687726349771,42.17771640354176
00-0033893,2022_13_NYJ_MIN,2022,13,86.0,62.20227622743002,1,2021,62.228642806857486,64.08646418760304
00-0033906,2022_13_NO_TB,2022,13,26.0,61.106306577238136,1,2021,61.3439294035397,62.80985931878577
00-0033923,2022_13_CLE_HOU,2022,13,56.0,34.99269199890385,1,2021,36.319383550361486,36.03487122770123
00-0033948,2022_13_JAX_DET,2022,13,35.0,51.416185548958154,1,2021,51.67749536935938,53.22563995317483
00-0034115,2022_13_MIA_SF,2022,13,3.0,30.766145319882533,1,2021,29.135385277442904,34.595147282240205
00-0034184,2022_13_DEN_BAL,2022,13,12.0,54.142965090218794,1,2021,59.72063716722783,51.00701133913167
00-0034208,2022_13_DEN_BAL,2022,13,18.0,11.420244925966793,1,2021,13.038218843876768,12.50426681178071
00-0034253,2022_13_TEN_PHI,2022,13,2.0,13.207995968677535,1,2021,13.392311819583584,15.592371330274354
00-0034367,2022_13_BUF_NE,2022,13,-3.0,13.768637437126888,1,2021,14.443690030351153,15.69244391584936
00-0034440,2022_13_JAX_DET,2022,13,4.0,33.00517448632772,1,2021,34.172332897232735,34.22088408543188
00-0034791,2022_13_CLE_HOU,2022,13,80.0,99.27073385319179,1,2021,105.57647401452734,94.8673748838858
00-0034844,2022_13_WAS_NYG,2022,13,63.0,70.61664683456843,1,2021,70.55542967342106,72.47076154909716
00-0034972,2022_13_NYJ_MIN,2022,13,14.0,19.607545596813576,1,2021,20.264238109820717,21.47131400022883
00-0034975,2022_13_DEN_BAL,2022,13,2.0,19.012870672394627,1,2021,16.14033393291149,24.143585573375997
00-0035217,2022_13_PIT_ATL,2022,13,24.0,51.734404508155386,1,2021,59.55865044968853,46.55558748263278
00-0035243,2022_13_TEN_PHI,2022,13,24.0,63.952520970655925,1,2021,64.64475390373377,65.19872838792439
00-0035250,2022_13_BUF_NE,2022,13,51.0,51.734645733864454,1,2021,51.43787755224461,54.05526404505866
00-0035261,2022_13_IND_DAL,2022,13,91.0,56.049399975479496,1,2021,59.835625175570144,54.542638668408145
00-0035685,2022_13_GB_CHI,2022,13,61.0,66.84256998927532,1,2021,68.93703074397719,66.75576622081138
00-0035700,2022_13_LAC_LV,2022,13,144.0,87.14188759197408,1,2021,89.79112783484167,86.2750962485253
00-0035831,2022_13_NYJ_MIN,2022,13,10.0,24.893891158943,1,2021,24.17640184434845,27.956955965268097
00-0035860,2022_13_SEA_LA,2022,13,14.0,12.968649945590649,1,2021,14.001355767365723,14.572726452289746
00-0036223,2022_13_IND_DAL,2022,13,82.0,76.61830740363153,1,2021,76.21119965980687,78.7126995530632
00-0036251,2022_13_IND_DAL,2022,13,18.0,17.852599949117174,1,2021,19.969561188869346,18.39100839674917
00-0036265,2022_13_GB_CHI,2022,13,93.0,47.98522702119688,1,2021,51.690224799477086,46.6598116883875
00-0036275,2022_13_JAX_DET,2022,13,62.0,34.304669344417654,1,2021,33.2782454554735,37.52893092275403
00-0036328,2022_13_WAS_NYG,2022,13,39.0,52.30593418889915,1,2021,58.217679925274545,48.885699914965464
00-0036370,2022_13_LAC_LV,2022,13,30.0,29.80115792221369,1,2021,33.84205648696342,28.405329764280225
00-0036414,2022_13_SEA_LA,2022,13,60.0,46.62789180246759,1,2021,49.31674128898435,46.25874768962844
00-0036425,2022_13_SEA_LA,2022,13,37.0,13.826919706117417,1,2021,15.04271584051151,15.250602180049476
00-0036493,2022_13_IND_DAL,2022,13,6.0,30.448397056330336,1,2021,34.17176197176478,29.337264177351223
00-0036829,2022_13_PIT_ATL,2022,13,17.0,36.23620328328306,1,2021,37.13028071672642,37.66148754570422
00-0036875,2022_13_BUF_NE,2022,13,54.0,60.056583277935125,1,2021,55.893482403319155,65.83787386127646
00-0036893,2022_13_PIT_ATL,2022,13,86.0,49.64231580716875,1,2021,53.36696349990824,48.27690387787709
00-0036919,2022_13_TEN_PHI,2022,13,15.0,27.51459492757505,1,2021,29.76883721883584,27.7988249011897
00-0036973,2022_13_JAX_DET,2022,13,54.0,47.758201133820364,1,2021,45.630956486708605,51.82162688982939
00-0037157,2022_13_NYJ_MIN,2022,13,90.0,38.579098276564785,1,2021,42.24558794380725,37.41327457721513
00-0037197,2022_13_KC_CIN,2022,13,66.0,58.392940381779596,1,2021,57.71383873330764,60.97883120952821
00-0037228,2022_13_PIT_ATL,2022,13,5.0,17.422284434250066,1,2021,17.805886860932358,19.567056083655803
00-0037256,2022_13_NO_TB,2022,13,28.0,45.46326890389594,1,2021,48.54071029315836,44.75063231288325
00-0037258,2022_13_CLE_HOU,2022,13,73.0,63.893668840862304,1,2021,64.75927712998464,64.98054694107671
00-0037263,2022_13_PIT_ATL,2022,13,52.0,55.65587112263171,1,2021,53.716077704266944,59.442052916449434
00-0037456,2022_13_CLE_HOU,2022,13,0.0,11.374877790281523,1,2021,10.432276736740215,14.824088607331372
00-0037746,2022_13_WAS_NYG,2022,13,96.0,58.263395204014344,1,2021,62.264990797357534,56.528553634608855
00-0037840,2022_13_SEA_LA,2022,13,9.0,34.35772012431523,1,2021,36.12142243114044,35.00470988724982
00-0038134,2022_13_SEA_LA,2022,13,36.0,74.4027904231477,1,2021,81.64235548177435,69.46499389344366
00-0029239,2022_14_LV_LA,2022,14,0.0,8.809981998623648,1,2021,9.648467327409476,10.648250466316052
00-0030288,2022_14_HOU_DAL,2022,14,-3.0,15.830479071234482,1,2021,16.53145029377131,17.70316289713419
00-0030513,2022_14_KC_DEN,2022,14,32.0,56.86648397987277,1,2021,61.79865173352976,54.290715384323455
00-0031376,2022_14_KC_DEN,2022,14,22.0,18.61926757811379,1,2021,19.64841216694847,20.152122686247104
00-0031687,2022_14_MIA_LAC,2022,14,37.0,60.35932896642598,1,2021,63.144542920389554,59.72013084798
00-0032104,2022_14_LV_LA,2022,14,0.0,10.331917615493587,1,2021,11.06220799900143,12.250031362099804
00-0032764,2022_14_JAX_TEN,2022,14,121.0,85.29449049950715,1,2021,95.47998642652712,77.49262226677456
00-0033045,2022_14_HOU_DAL,2022,14,62.0,71.42440706072584,1,2021,72.24482256695794,72.45371726110378
00-0033118,2022_14_BAL_PIT,2022,14,1.0,49.302315334343525,1,2021,47.28616163566503,53.242791983046054
00-0033280,2022_14_TB_SF,2022,14,119.0,49.99139880864389,1,2021,51.94230116161275,50.25936816831952
00-0033526,2022_14_CLE_CIN,2022,14,22.0,55.33425485384971,1,2021,53.10422011417033,59.39270403164029
00-0033553,2022_14_NE_ARI,2022,14,85.0,54.70505048807146,1,2021,51.9259774671661,59.27881181944771
00-0033699,2022_14_MIA_LAC,2022,14,45.0,46.55261204759222,1,2021,47.02209819228019,48.23395572130537
00-0033856,2022_14_TB_SF,2022,14,13.0,46.38783529909936,1,2021,44.891462200900065,49.88674577482017
00-0033893,2022_14_MIN_DET,2022,14,23.0,60.74473466892045,1,2021,56.112202322402695,66.950452745581
00-0033897,2022_14_CLE_CIN,2022,14,96.0,61.83359024113722,1,2021,67.91187567355385,58.1339296979306
00-0033923,2022_14_CLE_CIN,2022,14,6.0,25.248933497369173,1,2021,25.91322044271106,27.03130038710288
00-0033925,2022_14_CAR_SEA,2022,14,74.0,67.34977651060748,1,2021,66.50972137975155,69.96619512837897
00-0033948,2022_14_MIN_DET,2022,14,37.0,47.71432326890859,1,2021,48.52508857085212,49.06519047309577
00-0034115,2022_14_MIA_LAC,2022,14,26.0,36.15140543448877,1,2021,36.54493104514719,38.04004786290229
00-0034184,2022_14_BAL_PIT,2022,14,66.0,40.17179167301813,1,2021,44.99946656168948,37.91265735375944
00-0034208,2022_14_KC_DEN,2022,14,2.0,11.643847897949748,1,2021,13.0315152391935,12.937600419432872
00-0034253,2022_14_JAX_TEN,2022,14,0.0,12.115350042706465,1,2021,13.613369371840982,13.300979512981232
00-0034367,2022_14_NYJ_BUF,2022,14,3.0,13.935750436860014,1,2021,15.697100520243572,14.854200141675316
00-0034440,2022_14_MIN_DET,2022,14,19.0,27.216966297385365,1,2021,25.92741311278043,30.777677199708144
00-0034791,2022_14_CLE_CIN,2022,14,34.0,78.057156237445,1,2021,80.49228607904833,77.50788036212015
00-0034844,2022_14_PHI_NYG,2022,14,28.0,75.75504733288513,1,2021,77.53606418884522,75.84017520520743
00-0034972,2022_14_MIN_DET,2022,14,-1.0,23.01580066886036,1,2021,21.422273164358803,26.91261727533337
00-0034975,2022_14_BAL_PIT,2022,14,0.0,19.35457540464439,1,2021,16.729698195412265,24.25208064808158
00-0035217,2022_14_BAL_PIT,2022,14,4.0,33.25583963673392,1,2021,33.347287227282756,35.46162073713431
00-0035243,2022_14_PHI_NYG,2022,14,144.0,73.6352604548494,1,2021,73.77028887372614,75.26834608066983
00-0035250,2022_14_NYJ_BUF,2022,14,39.0,44.565514873669144,1,2021,44.07985403828375,47.15510159897472
00-0035261,2022_14_HOU_DAL,2022,14,42.0,62.16935640213809,1,2021,73.1997581058193,53.89218293827732
00-0035594,2022_14_CAR_SEA,2022,14,26.0,13.489006918539848,1,2021,12.466173084660143,16.984432280331273
00-0035700,2022_14_LV_LA,2022,14,99.0,81.22763653271377,1,2021,85.76280540868568,78.6972503263932
00-0035726,2022_14_LV_LA,2022,14,0.0,8.27681575873622,1,2021,10.188831599868337,9.130751264238704
00-0035806,2022_14_JAX_TEN,2022,14,13.0,33.050752762664025,1,2021,35.032830785118435,33.513315010054406
00-0035860,2022_14_CAR_SEA,2022,14,2.0,15.337004199308957,1,2021,17.61933485299329,15.755871565979632
00-0036158,2022_14_BAL_PIT,2022,14,120.0,29.558767245493094,1,2021,32.453445109396576,29.224625224849383
00-0036275,2022_14_MIN_DET,2022,14,21.0,39.565754122537555,1,2021,39.59771733527981,41.743263052088835
00-0036370,2022_14_MIA_LAC,2022,14,29.0,31.91330058567378,1,2021,35.87500394460662,30.562755006924668
00-0036383,2022_14_HOU_DAL,2022,14,1.0,25.993574405197414,1,2021,27.46602230629504,27.01981733191
00-0036414,2022_14_LV_LA,2022,14,42.0,58.82809777890755,1,2021,63.26249844591531,56.68613140350252
00-0036555,2022_14_CAR_SEA,2022,14,74.0,37.79831143918074,1,2021,42.192752989438034,35.97054827832086
00-0036654,2022_14_CLE_CIN,2022,14,0.0,17.577469796035324,1,2021,17.241004087155652,20.38514986819153
00-0036875,2022_14_NE_ARI,2022,14,8.0,60.447468771248644,1,2021,57.5736873089097,65.0329690818607
00-0036893,2022_14_BAL_PIT,2022,14,33.0,54.48321340182216,1,2021,54.71386619447875,56.280535991168534
00-0036919,2022_14_PHI_NYG,2022,14,0.0,31.992374125113727,1,2021,34.547571845426916,31.939638745910003
00-0036973,2022_14_JAX_TEN,2022,14,32.0,61.11063103099064,1,2021,63.210270875148105,61.09462695154634
00-0037157,2022_14_NYJ_BUF,2022,14,71.0,41.81068960437895,1,2021,44.80970031864128,41.21864423617622
00-0037197,2022_14_KC_DEN,2022,14,70.0,63.87460592301039,1,2021,67.99240393685297,61.95846553775512
00-0037228,2022_14_BAL_PIT,2022,14,11.0,16.636807363060417,1,2021,18.69678408093552,17.243870444220033
00-0037248,2022_14_NYJ_BUF,2022,14,6.0,42.05977042815497,1,2021,45.851225996762395,40.732648845292445
00-0037256,2022_14_TB_SF,2022,14,56.0,32.49174429917495,1,2021,36.66662556251149,30.936709811350948
00-0037258,2022_14_HOU_DAL,2022,14,78.0,62.31489703063993,1,2021,58.488112639072895,67.75583398205254
00-0037429,2022_14_CAR_SEA,2022,14,32.0,15.987241271572294,1,2021,13.597764203315446,20.71176597518993
00-0037840,2022_14_LV_LA,2022,14,19.0,20.61653584033872,1,2021,24.639498721212355,19.358380658423716
00-0029239,2022_15_NE_LV,2022,15,0.0,8.935071210240087,1,2021,9.407753533120792,11.109494979975128
00-0030288,2022_15_KC_HOU,2022,15,0.0,14.13394563528896,1,2021,15.161263537884906,15.727631876356645
00-0030513,2022_15_ARI_DEN,2022,15,130.0,52.07816533230364,1,2021,57.664686430855774,48.961266676353226
00-0030578,2022_15_ATL_NO,2022,15,52.0,50.59627119758213,1,2021,56.45030013762563,47.25188004771424
00-0031376,2022_15_KC_HOU,2022,15,52.0,22.49673055356369,1,2021,22.511813192210653,24.91490323890403
00-0031687,2022_15_MIA_BUF,2022,15,136.0,55.1071930280173,1,2021,58.275414810135736,54.183557785778206
00-0032104,2022_15_NE_LV,2022,15,0.0,10.358423491614113,1,2021,10.447141270125927,12.86865490321946
00-0032764,2022_15_TEN_LAC,2022,15,104.0,96.6463568662923,1,2021,104.69151688820294,90.67131727848412
00-0033045,2022_15_DAL_JAX,2022,15,58.0,53.91846835352066,1,2021,51.414728087085265,58.2483426815121
00-0033280,2022_15_SF_SEA,2022,15,108.0,51.60339599651293,1,2021,52.95382531961904,52.40462260019666
00-0033293,2022_15_LA_GB,2022,15,90.0,49.96806993916461,1,2021,51.640512270838485,50.493493842454924
00-0033308,2022_15_NYG_WAS,2022,15,6.0,13.726938630785098,1,2021,14.57350398817348,15.492909636314458
00-0033526,2022_15_CIN_TB,2022,15,24.0,46.21166677585199,1,2021,47.737508567417485,46.92200314288756
00-0033553,2022_15_ARI_DEN,2022,15,63.0,62.409834388846114,1,2021,62.2984924858311,64.41845384063573
00-0033699,2022_15_TEN_LAC,2022,15,58.0,48.27091477623898,1,2021,47.49602136600404,51.07873639004765
00-0033856,2022_15_CIN_TB,2022,15,44.0,40.25810979719295,1,2021,40.46860865925915,42.26161852006449
00-0033893,2022_15_IND_MIN,2022,15,95.0,65.43189477316719,1,2021,63.51663430965652,69.0665129424009
00-0033897,2022_15_CIN_TB,2022,15,21.0,74.03070185704985,1,2021,75.59539460385294,74.33833410152201
00-0033906,2022_15_ATL_NO,2022,15,91.0,57.29481156489598,1,2021,55.64144134778519,60.794881386239595
00-0033923,2022_15_BAL_CLE,2022,15,24.0,23.618194162000762,1,2021,21.924656870220204,27.59942262190608
00-0033925,2022_15_PIT_CAR,2022,15,9.0,66.33773036737212,1,2021,69.78963458257424,65.00403762748182
00-0033948,2022_15_DET_NYJ,2022,15,33.0,48.10527698260138,1,2021,49.260403389646584,49.13298500587424
00-0034184,2022_15_BAL_CLE,2022,15,55.0,48.582126071825854,1,2021,55.31206884842254,44.455421674292786
00-0034367,2022_15_MIA_BUF,2022,15,0.0,12.961790834135906,1,2021,14.398893652483608,14.192512996472164
00-0034440,2022_15_DET_NYJ,2022,15,16.0,34.41562102409405,1,2021,35.613374603723614,35.58447878195474
00-0034791,2022_15_BAL_CLE,2022,15,99.0,74.67429189435877,1,2021,74.31604860494129,76.74919377094315
00-0034844,2022_15_NYG_WAS,2022,15,87.0,56.04395151718379,1,2021,59.26427093141146,55.05985388639881
00-0034972,2022_15_IND_MIN,2022,15,1.0,20.444233378811813,1,2021,20.173083952715917,23.153794762802814
00-0034975,2022_15_BAL_CLE,2022,15,3.0,19.93009490764173,1,2021,16.401418728084618,25.65463420330531
00-0035243,2022_15_PHI_CHI,2022,15,42.0,84.03357887686427,1,2021,86.89852909974545,83.00857453053627
00-0035250,2022_15_MIA_BUF,2022,15,42.0,43.24509776265804,1,2021,43.78227228761912,44.90754734459014
00-0035261,2022_15_DAL_JAX,2022,15,75.0,52.58802891705823,1,2021,52.68306679006474,54.53557681649615
00-0035594,2022_15_SF_SEA,2022,15,5.0,21.9371799898721,1,2021,25.385838775904553,21.191957898695645
00-0035685,2022_15_PHI_CHI,2022,15,53.0,62.710421656077486,1,2021,62.426850125857705,64.87412482631994
00-0035700,2022_15_NE_LV,2022,15,93.0,84.01816713068743,1,2021,89.6487516740952,80.43941101577343
00-0035726,2022_15_NE_LV,2022,15,0.0,9.571510212542808,1,2021,10.5636917352645,11.257804616363064
00-0035806,2022_15_DAL_JAX,2022,15,13.0,26.13428666946766,1,2021,32.64524772651089,22.505804551563333
00-0036158,2022_15_BAL_CLE,2022,15,125.0,55.39181327252615,1,2021,63.10872776540467,50.263885388610944
00-0036223,2022_15_IND_MIN,2022,15,0.0,68.37390977022885,1,2021,67.14837930945538,71.33279535479514
00-0036251,2022_15_IND_MIN,2022,15,81.0,14.28614742070027,1,2021,16.850258407539602,14.458658470425512
00-0036265,2022_15_LA_GB,2022,15,36.0,55.12311252444149,1,2021,54.64343036300966,57.56796380200676
00-0036275,2022_15_DET_NYJ,2022,15,52.0,35.30892064028539,1,2021,37.85619767707952,35.21976712485126
00-0036328,2022_15_NYG_WAS,2022,15,21.0,47.8143192718662,1,2021,52.954612284819106,45.1657186173443
00-0036370,2022_15_TEN_LAC,2022,15,24.0,25.4652402503863,1,2021,29.406628287769436,24.21848035577639
00-0036414,2022_15_LA_GB,2022,15,65.0,62.04533228503222,1,2021,69.42581456329157,57.140351881147865
00-0036493,2022_15_IND_MIN,2022,15,55.0,24.97531812043804,1,2021,26.964427138106604,25.537871648873143
00-0036555,2022_15_PIT_CAR,2022,15,10.0,32.97146755361437,1,2021,35.24916651655481,33.16208090819859
00-0036654,2022_15_BAL_CLE,2022,15,0.0,10.205159823539063,1,2021,12.109924126051013,11.04036435023134
00-0036829,2022_15_ATL_NO,2022,15,2.0,36.86526421344268,1,2021,38.099978158916166,37.967689086324505
00-0036875,2022_15_NE_LV,2022,15,172.0,43.62848929793786,1,2021,37.21543197305891,51.70415034720551
00-0036893,2022_15_PIT_CAR,2022,15,86.0,56.201961913413896,1,2021,60.03457996757899,54.65034691330412
00-0036919,2022_15_PHI_CHI,2022,15,5.0,23.267289211152615,1,2021,23.55472457890492,25.42379409202299
00-0036973,2022_15_DAL_JAX,2022,15,103.0,72.46958926185857,1,2021,76.33685464184525,70.67147096082073
00-0037157,2022_15_DET_NYJ,2022,15,23.0,49.40326137068993,1,2021,52.03019474524786,49.05469784158221
00-0037197,2022_15_KC_HOU,2022,15,86.0,69.58655760670273,1,2021,76.48780345379802,65.02469332987349
00-0037228,2022_15_PIT_CAR,2022,15,38.0,20.140434139614417,1,2021,22.09809414063252,20.79578325082428
00-0037248,2022_15_MIA_BUF,2022,15,34.0,31.866375734946047,1,2021,34.3310612206492,31.898886297250527
00-0037256,2022_15_CIN_TB,2022,15,38.0,37.31574660582494,1,2021,38.77872890360783,38.20143445287887
00-0037263,2022_15_ATL_NO,2022,15,139.0,65.88648968041825,1,2021,67.36523869525473,66.3808786384308
00-0037286,2022_15_NE_LV,2022,15,19.0,32.5335165731785,1,2021,36.09457405516149,31.544773492924115
00-0037429,2022_15_PIT_CAR,2022,15,0.0,16.931994213179177,1,2021,17.837037522949686,18.601700681884275
00-0037456,2022_15_KC_HOU,2022,15,0.0,10.664575979556622,1,2021,11.504840749977305,12.476746193668848
00-0037617,2022_15_TEN_LAC,2022,15,8.0,25.67990484503134,1,2021,26.452679348748955,27.356404857562353
00-0037746,2022_15_NYG_WAS,2022,15,89.0,67.39353217375887,1,2021,70.399916120284,66.4573379630632
00-0037840,2022_15_LA_GB,2022,15,7.0,26.423275053854645,1,2021,32.151898011011134,23.513440881556967
00-0038134,2022_15_SF_SEA,2022,15,47.0,46.43909984175494,1,2021,50.75234482010944,44.57237954944251
00-0029239,2022_16_LV_PIT,2022,16,0.0,9.5769031729572,1,2021,9.379240888830546,12.361900624658343
00-0030288,2022_16_HOU_TEN,2022,16,0.0,13.938190089956791,1,2021,15.63713035501666,14.914240648274088
00-0030513,2022_16_DEN_LA,2022,16,34.0,62.060129031515366,1,2021,69.52764560611742,57.07458075073524
00-0030578,2022_16_ATL_BAL,2022,16,17.0,46.82804451448259,1,2021,49.45515990274508,46.513270174261855
00-0031376,2022_16_SEA_KC,2022,16,7.0,25.33504272452326,1,2021,24.39583464163165,28.597039027014205
00-0031687,2022_16_GB_MIA,2022,16,45.0,68.04798832035651,1,2021,72.05840570278038,66.17597877418407
00-0032104,2022_16_LV_PIT,2022,16,0.0,10.182654161198771,1,2021,10.901349557222805,12.113443639361256
00-0032764,2022_16_HOU_TEN,2022,16,126.0,101.71645182203011,1,2021,112.82901588653152,92.84192954122103
00-0033045,2022_16_PHI_DAL,2022,16,55.0,56.06492493038234,1,2021,54.08772867815636,59.880252919660926
00-0033280,2022_16_WAS_SF,2022,16,46.0,59.71640540106876,1,2021,67.17922012310945,54.76610385721547
00-0033293,2022_16_GB_MIA,2022,16,25.0,55.56501517071995,1,2021,54.31529200694993,58.71514215098212
00-0033308,2022_16_NYG_MIN,2022,16,9.0,11.745341285474808,1,2021,12.897760934408645,13.254997528311208
00-0033526,2022_16_CIN_NE,2022,16,3.0,36.22850625536356,1,2021,35.23270720470542,39.399118936224234
00-0033553,2022_16_TB_ARI,2022,16,79.0,62.584742819306314,1,2021,60.31243280000262,66.58662532737267
00-0033699,2022_16_LAC_IND,2022,16,67.0,54.27314429110433,1,2021,53.543504064278544,56.96002988710491
00-0033854,2022_16_HOU_TEN,2022,16,28.0,26.66268581693774,1,2021,29.643886679257655,26.286831444787616
00-0033856,2022_16_TB_ARI,2022,16,72.0,46.365084697611636,1,2021,44.286674753476895,50.40178340105483
00-0033893,2022_16_NYG_MIN,2022,16,64.0,75.9057795344206,1,2021,81.3082415044267,72.64465708065384
00-0033897,2022_16_CIN_NE,2022,16,65.0,66.40422594491548,1,2021,69.31123198659483,65.57284850702756
00-0033906,2022_16_NO_CLE,2022,16,76.0,66.57417870235241,1,2021,71.64395356623284,63.74332792530892
00-0033923,2022_16_NO_CLE,2022,16,8.0,26.85883496895884,1,2021,26.693028497443873,29.38653217246926
00-0033925,2022_16_DET_CAR,2022,16,165.0,50.82334837156968,1,2021,52.8565893377779,51.00431101018816
00-0033948,2022_16_DET_CAR,2022,16,11.0,58.128908904583454,1,2021,61.79434516008535,56.70627067988456
00-0034115,2022_16_GB_MIA,2022,16,37.0,40.332171486422276,1,2021,39.70821653463605,43.10528903781275
00-0034184,2022_16_ATL_BAL,2022,16,99.0,39.023435551959786,1,2021,39.43717923494032,40.85553627801758
00-0034367,2022_16_BUF_CHI,2022,16,2.0,15.656353488516704,1,2021,15.56080877362108,18.266884641626376
00-0034440,2022_16_DET_CAR,2022,16,-1.0,36.63785965230269,1,2021,37.245581191733685,38.32228605599474
00-0034681,2022_16_DEN_LA,2022,16,31.0,15.171116552997965,1,2021,16.465279479283367,16.504705542773692
00-0034791,2022_16_NO_CLE,2022,16,92.0,89.43810957149766,1,2021,92.80068459377212,87.88230309908164
00-0034838,2022_16_HOU_TEN,2022,16,32.0,33.913890473437384,1,2021,34.174078390489726,35.955169313937255
00-0034844,2022_16_NYG_MIN,2022,16,84.0,71.26175652116987,1,2021,68.35088222191591,75.73891147592208
00-0034972,2022_16_NYG_MIN,2022,16,17.0,23.645176473178893,1,2021,23.639454576505784,26.067417718258294
00-0034975,2022_16_ATL_BAL,2022,16,0.0,22.13745561646224,1,2021,20.15479834074142,26.405200343455455
00-0035217,2022_16_LV_PIT,2022,16,0.0,34.85371398496514,1,2021,35.42208104308284,36.59800877581264
00-0035243,2022_16_PHI_DAL,2022,16,65.0,76.68765394130078,1,2021,80.0013307490461,75.34513285026182
00-0035250,2022_16_BUF_CHI,2022,16,106.0,54.54161725905515,1,2021,53.36202018196784,57.64048025290053
00-0035261,2022_16_PHI_DAL,2022,16,19.0,51.82252385528142,1,2021,53.389758802613464,52.42064949601429
00-0035594,2022_16_SEA_KC,2022,16,0.0,12.300113602723545,1,2021,16.714316580389962,10.790325348131637
00-0035685,2022_16_BUF_CHI,2022,16,62.0,62.87722921091195,1,2021,62.36783569906907,65.24727058348012
00-0035700,2022_16_LV_PIT,2022,16,44.0,81.42251077992715,1,2021,89.12702292984207,75.96279052726365
00-0035806,2022_16_JAX_NYJ,2022,16,10.0,23.473970354769712,1,2021,27.5733133952337,22.107602442497253
00-0036158,2022_16_ATL_BAL,2022,16,59.0,54.40166731218795,1,2021,57.44931103462432,53.59868437478359
00-0036251,2022_16_LAC_IND,2022,16,65.0,46.82823111170168,1,2021,50.44335493159944,45.60106721553273
00-0036265,2022_16_GB_MIA,2022,16,36.0,41.271901548853535,1,2021,39.33046604129275,45.24926935077371
00-0036275,2022_16_DET_CAR,2022,16,12.0,41.732885207287566,1,2021,45.41440323575667,40.511597004663926
00-0036328,2022_16_WAS_SF,2022,16,10.0,36.615704853392494,1,2021,38.10272049888295,37.488429721125854
00-0036370,2022_16_LAC_IND,2022,16,33.0,30.361183190559558,1,2021,32.41428998186056,30.79361829830148
00-0036414,2022_16_DEN_LA,2022,16,118.0,62.41533226501173,1,2021,66.14497782463945,60.87687771509757
00-0036425,2022_16_SEA_KC,2022,16,10.0,22.353988620818413,1,2021,26.129261161588683,21.30165540421192
00-0036493,2022_16_LAC_IND,2022,16,0.0,35.869533100720666,1,2021,40.37999843813093,33.96005973316635
00-0036555,2022_16_DET_CAR,2022,16,125.0,37.8604244800576,1,2021,41.74534087774968,36.50236881049517
00-0036875,2022_16_CIN_NE,2022,16,30.0,63.72447769857351,1,2021,59.97163517184253,69.07854524988862
00-0036893,2022_16_LV_PIT,2022,16,53.0,63.05081147525189,1,2021,64.88632780027937,63.25313155507078
00-0036906,2022_16_BUF_CHI,2022,16,7.0,53.993266761703204,1,2021,56.17408882278544,53.99614492607402
00-0036919,2022_16_PHI_DAL,2022,16,17.0,26.096283624390832,1,2021,28.338926915926045,26.409926927290613
00-0036973,2022_16_JAX_NYJ,2022,16,83.0,65.20374180325656,1,2021,68.41933278046442,64.10322806106991
00-0037157,2022_16_JAX_NYJ,2022,16,-2.0,46.96908840763267,1,2021,52.034933711473975,44.400382662841274
00-0037197,2022_16_SEA_KC,2022,16,58.0,66.19689720457477,1,2021,68.74088791162691,65.7034840862162
00-0037228,2022_16_LV_PIT,2022,16,23.0,21.712119960515565,1,2021,21.365909344444084,24.474278834091713
00-0037248,2022_16_BUF_CHI,2022,16,99.0,29.682738958679373,1,2021,30.84004755962875,30.951354702406512
00-0037256,2022_16_TB_ARI,2022,16,36.0,35.5267713200527,1,2021,37.062040836678555,36.369294500357775
00-0037263,2022_16_ATL_BAL,2022,16,74.0,62.25737949525347,1,2021,63.04537966681998,63.437502057670216
00-0037286,2022_16_CIN_NE,2022,16,3.0,24.31973246823391,1,2021,27.036152485487023,24.21928744062245
00-0037429,2022_16_DET_CAR,2022,16,3.0,16.714099677704816,1,2021,17.297934619494107,18.6833026919047
00-0037456,2022_16_HOU_TEN,2022,16,0.0,11.617324455216341,1,2021,11.340773859245592,14.44826681253425
00-0037617,2022_16_HOU_TEN,2022,16,0.0,27.051142176552197,1,2021,25.68771943879664,30.68225530502426
00-0037745,2022_16_BUF_CHI,2022,16,0.0,17.078246437643273,1,2021,16.349890042995245,20.25440506012119
00-0037746,2022_16_WAS_SF,2022,16,58.0,51.34741129943596,1,2021,51.71279377536192,53.06166555143203
00-0037827,2022_16_WAS_SF,2022,16,30.0,27.395116102068084,1,2021,27.7007065343653,29.480425225953127
00-0037840,2022_16_DEN_LA,2022,16,18.0,18.38318794539202,1,2021,20.80293072720797,18.63499306758937
00-0038134,2022_16_SEA_KC,2022,16,107.0,66.69040762282182,1,2021,69.22841963746696,66.1960080758687
00-0029239,2022_17_SF_LV,2022,17,32.0,8.377607160441134,1,2021,9.28166972381658,10.161018992221898
00-0030288,2022_17_JAX_HOU,2022,17,0.0,10.497306932186577,1,2021,12.69388212554511,11.05918322454056
00-0030513,2022_17_DEN_KC,2022,17,56.0,45.78708758465312,1,2021,50.14538738769502,43.88735847670541
00-0030578,2022_17_ARI_ATL,2022,17,42.0,41.25838573328444,1,2021,43.71221740763766,41.1770746367246
00-0031376,2022_17_DEN_KC,2022,17,4.0,20.588581202946198,1,2021,23.674313349871618,20.196290516018024
00-0031687,2022_17_MIA_NE,2022,17,29.0,48.74786287860969,1,2021,46.73979742430139,52.6881814599187
00-0033045,2022_17_DAL_TEN,2022,17,37.0,50.0782211393278,1,2021,50.21120539130058,52.02382181937311
00-0033280,2022_17_SF_LV,2022,17,121.0,62.974333824458725,1,2021,68.89615637576578,59.40411857523047
00-0033293,2022_17_MIN_GB,2022,17,111.0,49.55643892858622,1,2021,49.67550565812787,51.52177220940533
00-0033308,2022_17_IND_NYG,2022,17,59.0,12.84136929023079,1,2021,13.11722214356264,15.146048219895407
00-0033553,2022_17_ARI_ATL,2022,17,79.0,69.17767029981768,1,2021,68.92550733848657,71.2270905859462
00-0033699,2022_17_LA_LAC,2022,17,122.0,52.17755102629751,1,2021,53.69615389818455,52.815905032271544
00-0033854,2022_17_JAX_HOU,2022,17,21.0,20.134180679484977,1,2021,22.21039691781787,20.68013020753525
00-0033856,2022_17_CAR_TB,2022,17,28.0,46.77148204543254,1,2021,45.556611315758786,50.005377272852904
00-0033893,2022_17_MIN_GB,2022,17,27.0,74.67160535385804,1,2021,76.8786472885711,74.3776022097085
00-0033906,2022_17_NO_PHI,2022,17,73.0,60.80521312614935,1,2021,63.93317812527686,59.84361833137544
00-0033923,2022_17_CLE_WAS,2022,17,0.0,28.39131198053634,1,2021,29.155686328481387,30.03981610709839
00-0033925,2022_17_CAR_TB,2022,17,35.0,70.62365507128624,1,2021,69.85017697491408,73.1354224549416
00-0033948,2022_17_CHI_DET,2022,17,144.0,58.76614843852827,1,2021,66.84805480536151,53.256670263582535
00-0034115,2022_17_MIA_NE,2022,17,45.0,30.77070804586819,1,2021,31.6457288060842,32.28565940035674
00-0034184,2022_17_PIT_BAL,2022,17,2.0,49.678487759878756,1,2021,54.33521675691229,47.45185827723644
00-0034681,2022_17_DEN_KC,2022,17,34.0,21.39630443955269,1,2021,23.369379469344263,22.020858244298235
00-0034791,2022_17_CLE_WAS,2022,17,104.0,74.76514255633695,1,2021,73.14801105845847,78.00138042127708
00-0034838,2022_17_JAX_HOU,2022,17,19.0,39.25329110503716,1,2021,39.12874302780253,41.57945227517863
00-0034844,2022_17_IND_NYG,2022,17,58.0,78.14004980255275,1,2021,79.65412488114337,78.44023888223684
00-0034972,2022_17_MIN_GB,2022,17,38.0,23.865844790343935,1,2021,22.58230155450453,27.465194229661115
00-0034975,2022_17_PIT_BAL,2022,17,0.0,19.567172884010837,1,2021,19.835241152974756,21.790352919808395
00-0035243,2022_17_NO_PHI,2022,17,61.0,74.80573958494581,1,2021,81.15104145781687,70.68844672732217
00-0035657,2022_17_MIA_NE,2022,17,31.0,27.878720049234488,1,2021,26.072557436082572,31.907773524318124
00-0035685,2022_17_CHI_DET,2022,17,24.0,65.31046580556861,1,2021,65.69971772623624,66.81855821864305
00-0035700,2022_17_SF_LV,2022,17,69.0,75.91354380289737,1,2021,80.8459949063046,73.08635559741012
00-0035806,2022_17_JAX_HOU,2022,17,33.0,26.326743947921884,1,2021,30.49112223058977,24.862701351966724
00-0036158,2022_17_PIT_BAL,2022,17,93.0,53.1251818961179,1,2021,56.08545948080348,52.41971013127685
00-0036251,2022_17_IND_NYG,2022,17,74.0,50.875928755288435,1,2021,52.962850838317365,51.00662565034515
00-0036265,2022_17_MIN_GB,2022,17,41.0,49.1243768620424,1,2021,47.8567175649091,52.37599457115021
00-0036275,2022_17_CHI_DET,2022,17,78.0,39.719831360379025,1,2021,39.86691001898359,41.789003993589034
00-0036370,2022_17_LA_LAC,2022,17,45.0,30.22662290648223,1,2021,34.70804057127363,28.41838235312399
00-0036383,2022_17_NO_PHI,2022,17,10.0,22.388026181523088,1,2021,23.718723463332417,23.592713659735377
00-0036414,2022_17_LA_LAC,2022,17,123.0,84.19409234925881,1,2021,93.2099676694038,77.48683299113281
00-0036425,2022_17_NYJ_SEA,2022,17,43.0,17.786236569305707,1,2021,20.568913341298487,17.710757872277252
00-0036493,2022_17_IND_NYG,2022,17,10.0,31.316693552823885,1,2021,35.76727465512247,29.522555490261716
00-0036555,2022_17_CAR_TB,2022,17,12.0,46.024866587454135,1,2021,47.46062280282092,46.82085663708158
00-0036875,2022_17_MIA_NE,2022,17,42.0,61.611852956002345,1,2021,57.66531577156564,67.17264738730059
00-0036893,2022_17_PIT_BAL,2022,17,111.0,55.311773355629335,1,2021,54.40568405044558,58.14790721645472
00-0036906,2022_17_CHI_DET,2022,17,31.0,50.95516282328839,1,2021,55.026501430570505,49.252283974843294
00-0036919,2022_17_NO_PHI,2022,17,0.0,22.502165363991942,1,2021,22.877350726237044,24.587725621604264
00-0036973,2022_17_JAX_HOU,2022,17,108.0,74.7143689947223,1,2021,79.70882332973527,71.84573576707332
00-0037157,2022_17_NYJ_SEA,2022,17,27.0,43.709377540714954,1,2021,47.62847941899232,42.24262757430283
00-0037197,2022_17_DEN_KC,2022,17,31.0,65.57843284972301,1,2021,63.433651107033455,69.42307265468446
00-0037228,2022_17_PIT_BAL,2022,17,76.0,19.79663627815781,1,2021,21.10238480951849,21.058533482513475
00-0037256,2022_17_CAR_TB,2022,17,22.0,37.35764361032292,1,2021,39.89968195230059,37.24631299581204
00-0037263,2022_17_ARI_ATL,2022,17,83.0,65.7577247413038,1,2021,66.83403707560424,66.62544613164631
00-0037429,2022_17_CAR_TB,2022,17,0.0,16.865741011432338,1,2021,17.546076891996265,18.743829617896587
00-0037456,2022_17_JAX_HOU,2022,17,0.0,9.549307746945422,1,2021,10.709618162428583,11.080634468051532
00-0037617,2022_17_DAL_TEN,2022,17,40.0,29.560867638792114,1,2021,32.690897409529505,29.00935965258646
00-0037745,2022_17_CHI_DET,2022,17,13.0,12.199014564781184,1,2021,14.673008943686908,12.482266081131034
00-0037746,2022_17_CLE_WAS,2022,17,87.0,72.00478377991836,1,2021,74.38062704783637,71.59006440259995
00-0037827,2022_17_SF_LV,2022,17,5.0,27.114855444736236,1,2021,30.218864247984577,26.61963035856872
00-0037840,2022_17_LA_LAC,2022,17,6.0,22.45235495082504,1,2021,25.33056507015547,22.22712667469003
00-0038134,2022_17_NYJ_SEA,2022,17,133.0,64.48369867433675,1,2021,64.2310611487537,66.59545275383861
00-0029239,2022_18_KC_LV,2022,18,0.0,11.598396995787354,1,2021,12.64177204820686,13.210689286997416
00-0030288,2022_18_HOU_IND,2022,18,0.0,11.876021146409508,1,2021,12.665369481254864,13.719236361566256
00-0030513,2022_18_LAC_DEN,2022,18,103.0,63.65865064913346,1,2021,70.71210882497213,59.03439069196837
00-0030578,2022_18_TB_ATL,2022,18,18.0,46.03664068618702,1,2021,47.72133169611146,46.60259394614085
00-0031376,2022_18_KC_LV,2022,18,6.0,18.098077669185336,1,2021,19.514412594135173,19.28025016821976
00-0031687,2022_18_NYJ_MIA,2022,18,71.0,48.34913737411065,1,2021,48.91658600499456,49.916327222887205
00-0032104,2022_18_KC_LV,2022,18,0.0,9.829935654009601,1,2021,11.037110569426606,11.314284434754384
00-0032764,2022_18_TEN_JAX,2022,18,109.0,97.38780458677208,1,2021,104.08091216384004,92.65155562171562
00-0032975,2022_18_DAL_WAS,2022,18,32.0,28.41162917410098,1,2021,32.323674261269666,27.15311473204222
00-0033045,2022_18_DAL_WAS,2022,18,10.0,61.77389117354988,1,2021,63.87856398982283,61.7444934742348
00-0033118,2022_18_BAL_CIN,2022,18,60.0,36.88066086507531,1,2021,34.63384039873324,41.19794340468874
00-0033280,2022_18_ARI_SF,2022,18,45.0,65.25196192585393,1,2021,70.39189823696597,62.37375478746612
00-0033293,2022_18_DET_GB,2022,18,48.0,55.23571812080788,1,2021,53.081348745969635,59.22559262031934
00-0033308,2022_18_NYG_PHI,2022,18,28.0,12.303889661163733,1,2021,13.264252867667247,13.98353738843053
00-0033526,2022_18_BAL_CIN,2022,18,18.0,33.49560581640206,1,2021,35.93798195610017,33.52723486598123
00-0033699,2022_18_LAC_DEN,2022,18,34.0,51.579401092172084,1,2021,51.177082286826554,53.99953835462677
00-0033725,2022_18_ARI_SF,2022,18,23.0,26.01824009809466,1,2021,31.92781103144645,22.9466484194257
00-0033854,2022_18_HOU_IND,2022,18,33.0,19.56850950637236,1,2021,21.053871368538736,20.667548954060145
00-0033856,2022_18_TB_ATL,2022,18,0.0,50.57739331230593,1,2021,55.95359443076258,47.674506370749505
00-0033893,2022_18_MIN_CHI,2022,18,37.0,68.79896756936841,1,2021,73.62144716520291,66.16714782300296
00-0033897,2022_18_BAL_CIN,2022,18,27.0,60.60581037355407,1,2021,61.89540304788119,61.34450978912193
00-0033906,2022_18_CAR_NO,2022,18,107.0,58.76013636951016,1,2021,59.99059304929014,59.57778294873053
00-0033923,2022_18_CLE_PIT,2022,18,13.0,26.055656158211008,1,2021,23.434665350356447,30.86121080929588
00-0033925,2022_18_CAR_NO,2022,18,68.0,64.22292845240828,1,2021,69.19858096201237,61.50999999120452
00-0033948,2022_18_DET_GB,2022,18,72.0,69.61512293991935,1,2021,74.04926960965928,67.33115147226543
00-0034115,2022_18_NYJ_MIA,2022,18,72.0,33.9058222394159,1,2021,35.213315530014995,34.980061969911716
00-0034184,2022_18_BAL_CIN,2022,18,16.0,32.91044006770734,1,2021,36.176708728785634,32.18895273858868
00-0034367,2022_18_NE_BUF,2022,18,0.0,12.696163813672044,1,2021,14.564161533334469,13.532474014361185
00-0034440,2022_18_DET_GB,2022,18,2.0,30.682682504951266,1,2021,27.26114566062099,36.16649727130524
00-0034681,2022_18_LAC_DEN,2022,18,45.0,30.347305752249646,1,2021,25.771920972480977,36.90107623942882
00-0034791,2022_18_CLE_PIT,2022,18,77.0,82.62133263861705,1,2021,82.328057737938,84.53144764759807
00-0034838,2022_18_HOU_IND,2022,18,15.0,37.80462845842441,1,2021,39.75400604593742,38.234702819221496
00-0034972,2022_18_MIN_CHI,2022,18,54.0,35.100665886257495,1,2021,37.37377371601493,35.2674429813883
00-0034975,2022_18_BAL_CIN,2022,18,34.0,19.246133505080376,1,2021,19.180710774292223,21.781512702223996
00-0035217,2022_18_CLE_PIT,2022,18,0.0,38.36267119291757,1,2021,40.31367292818602,38.783887265265136
00-0035243,2022_18_NYG_PHI,2022,18,33.0,76.36649096300248,1,2021,83.48290049381129,71.51653003280038
00-0035250,2022_18_NE_BUF,2022,18,29.0,49.60651871088577,1,2021,47.93008330857214,53.229267536233635
00-0035261,2022_18_DAL_WAS,2022,18,19.0,51.29783601770955,1,2021,52.404630596791264,52.32807893526821
00-0035537,2022_18_NYJ_MIA,2022,18,12.0,29.220021133017543,1,2021,33.4610132152002,27.64707742149931
00-0035657,2022_18_NE_BUF,2022,18,48.0,38.17842481255719,1,2021,38.02756388957146,40.54305824506357
00-0035685,2022_18_MIN_CHI,2022,18,21.0,58.07035128084773,1,2021,55.68256010261385,62.238403693484926
00-0035700,2022_18_KC_LV,2022,18,45.0,73.30507011961367,1,2021,76.2623465598401,72.3362741681153
00-0035726,2022_18_KC_LV,2022,18,0.0,7.221315319256133,1,2021,9.102634905292112,8.117515632384425
00-0035806,2022_18_TEN_JAX,2022,18,5.0,28.672216495517496,1,2021,32.500900505494435,27.48724659259625
00-0036251,2022_18_HOU_IND,2022,18,114.0,51.356032391056765,1,2021,55.70003573221839,49.39607240060533
00-0036265,2022_18_DET_GB,2022,18,33.0,52.90933572585481,1,2021,54.87021142196134,53.12961865408877
00-0036275,2022_18_DET_GB,2022,18,25.0,40.56375923043426,1,2021,44.296581476647894,39.310509896688025
00-0036370,2022_18_LAC_DEN,2022,18,18.0,31.677549974225485,1,2021,32.68770007259908,33.05575689635542
00-0036383,2022_18_CAR_NO,2022,18,3.0,25.242029480422122,1,2021,26.330039257473057,26.63319596599098
00-0036414,2022_18_LA_SEA,2022,18,104.0,82.04208237181669,1,2021,86.77205429982662,79.32106374664468
00-0036425,2022_18_LA_SEA,2022,18,29.0,17.523362403295465,1,2021,16.273766690606426,21.17499574488179
00-0036493,2022_18_HOU_IND,2022,18,35.0,35.20957980607194,1,2021,42.4380940692332,30.79879695900395
00-0036555,2022_18_CAR_NO,2022,18,69.0,41.04212376932977,1,2021,44.8143016898748,39.7462232109168
00-0036567,2022_18_ARI_SF,2022,18,55.0,27.679677190918383,1,2021,25.247324475207986,32.28961731846255
00-0036875,2022_18_NE_BUF,2022,18,54.0,57.76860025622173,1,2021,52.03388554012173,65.0313844311137
00-0036893,2022_18_CLE_PIT,2022,18,80.0,66.98739346237663,1,2021,68.53754835371933,67.40132517499282
00-0036906,2022_18_MIN_CHI,2022,18,50.0,49.28355545910511,1,2021,53.1128135918929,47.826270563359245
00-0036919,2022_18_NYG_PHI,2022,18,35.0,20.376110640402786,1,2021,19.869823379974495,23.30371088486972
00-0036973,2022_18_TEN_JAX,2022,18,17.0,52.74307227533248,1,2021,55.24682782163796,52.46421930118427
00-0037157,2022_18_NYJ_MIA,2022,18,22.0,29.572500125640516,1,2021,32.96016548533807,28.78292237418005
00-0037197,2022_18_KC_LV,2022,18,64.0,60.5903361391076,1,2021,60.518520607175354,62.586446765393006
00-0037228,2022_18_CLE_PIT,2022,18,36.0,32.989534530274064,1,2021,38.50809213502049,30.187103609276495
00-0037248,2022_18_NE_BUF,2022,18,45.0,35.670654485891866,1,2021,36.92566342025789,36.77009006945867
00-0037256,2022_18_TB_ATL,2022,18,15.0,44.73001410452917,1,2021,49.02534753884882,42.90237073281457
00-0037263,2022_18_TB_ATL,2022,18,135.0,69.68205357047417,1,2021,71.47669544453558,69.83467885728739
00-0037429,2022_18_CAR_NO,2022,18,1.0,17.18305801211156,1,2021,17.0339323471829,19.82293767459293
00-0037456,2022_18_HOU_IND,2022,18,0.0,11.231925741539209,1,2021,12.315424585660216,12.811997638088656
00-0037617,2022_18_TEN_JAX,2022,18,3.0,42.530165160614565,1,2021,44.253272539320186,43.106879423694885
00-0037745,2022_18_MIN_CHI,2022,18,42.0,8.755001139501468,1,2021,10.721443557623518,9.552370394331469
00-0037827,2022_18_ARI_SF,2022,18,27.0,24.92194017388012,1,2021,26.553633743518144,25.815256723085525
00-0038134,2022_18_LA_SEA,2022,18,114.0,67.19336232945577,1,2021,63.84986771932913,72.12367177516577
00-0030456,2022_19_DAL_TB,2022,19,0.0,25.7457477125971,1,2021,29.49654972505101,24.67128772679886
00-0033045,2022_19_DAL_TB,2022,19,27.0,55.82320404483718,1,2021,53.51545878604899,59.94696847207956
00-0033280,2022_19_SEA_SF,2022,19,119.0,58.20895769701175,1,2021,61.42215963464211,57.2028846172866
00-0033308,2022_19_NYG_MIN,2022,19,8.0,21.47412784284472,1,2021,19.519379384517222,25.724846628918453
00-0033526,2022_19_BAL_CIN,2022,19,3.0,34.426731987920185,1,2021,36.61521910892044,34.680539607051664
00-0033699,2022_19_LAC_JAX,2022,19,35.0,53.227178918938876,1,2021,55.200710307284325,53.43158367363728
00-0033856,2022_19_DAL_TB,2022,19,11.0,36.30739229984308,1,2021,37.37469975490269,37.571766709980295
00-0033893,2022_19_NYG_MIN,2022,19,60.0,59.22891393416652,1,2021,66.21886282118214,54.72171362109859
00-0033897,2022_19_BAL_CIN,2022,19,39.0,59.08362992511672,1,2021,58.36018703292143,61.701360598790345
00-0034115,2022_19_MIA_BUF,2022,19,23.0,32.26224849619181,1,2021,28.903539588598573,37.6672156828522
00-0034184,2022_19_BAL_CIN,2022,19,39.0,32.90942132939364,1,2021,36.176708728785634,32.187006668603004
00-0034367,2022_19_MIA_BUF,2022,19,0.0,12.568086633773026,1,2021,14.398893652483608,13.440429839043674
00-0034844,2022_19_NYG_MIN,2022,19,53.0,73.55328233091824,1,2021,71.55867463619632,77.15408448770376
00-0034972,2022_19_NYG_MIN,2022,19,0.0,40.220437353403575,1,2021,44.892753453421854,38.10412934082839
00-0034975,2022_19_BAL_CIN,2022,19,0.0,18.25377656208528,1,2021,18.765107815047905,20.26963143802741
00-0035250,2022_19_MIA_BUF,2022,19,48.0,41.579692541516,1,2021,41.498961374210104,43.83471416458462
00-0035261,2022_19_DAL_TB,2022,19,77.0,52.50608256970754,1,2021,57.612885560669824,49.82654220653232
00-0036158,2022_19_BAL_CIN,2022,19,62.0,56.69101676777364,1,2021,60.62912085556265,55.03554078148895
00-0036370,2022_19_LAC_JAX,2022,19,20.0,28.176035700693447,1,2021,31.85609098520555,27.13486133429039
00-0036425,2022_19_SEA_SF,2022,19,13.0,14.219039374022314,1,2021,14.806290113730574,16.217988345344367
00-0036567,2022_19_SEA_SF,2022,19,2.0,30.930011327965033,1,2021,28.71620698440608,35.29527110336508
00-0036569,2022_19_NYG_MIN,2022,19,0.0,36.77504652236955,1,2021,36.33361844498537,39.42651254100551
00-0036973,2022_19_LAC_JAX,2022,19,109.0,66.56829178611518,1,2021,70.33299556961526,64.94270067014753
00-0037248,2022_19_MIA_BUF,2022,19,39.0,37.38010573556987,1,2021,38.543644534478055,38.54146927636674
00-0037256,2022_19_DAL_TB,2022,19,41.0,32.7542619878497,1,2021,35.57172743561617,32.44928624292158
00-0038134,2022_19_SEA_SF,2022,19,63.0,71.37994814185834,1,2021,74.88466337382569,69.93099890804433
00-0031376,2022_20_JAX_KC,2022,20,25.0,17.051915944061925,1,2021,17.744794292868058,18.915967136219
00-0033045,2022_20_DAL_SF,2022,20,26.0,47.120690342596575,1,2021,44.81234553264693,51.35976133861598
00-0033280,2022_20_DAL_SF,2022,20,35.0,60.37331294119642,1,2021,63.90144888870116,59.04787105991298
00-0033308,2022_20_NYG_PHI,2022,20,23.0,13.516320867032816,1,2021,14.813653432024369,14.868803252345792
00-0033526,2022_20_CIN_BUF,2022,20,33.0,32.29594784054173,1,2021,33.11373755012153,33.843637743546566
00-0033897,2022_20_CIN_BUF,2022,20,105.0,54.18634928582542,1,2021,55.62344375122696,54.87348473906301
00-0034367,2022_20_CIN_BUF,2022,20,0.0,12.792977457335835,1,2021,15.017025794246504,13.299212254140652
00-0034844,2022_20_NYG_PHI,2022,20,61.0,76.33293525229675,1,2021,76.3601721299927,78.02999012140245
00-0035243,2022_20_NYG_PHI,2022,20,90.0,72.39976423552166,1,2021,77.41025375713615,69.54684393455133
00-0035250,2022_20_CIN_BUF,2022,20,25.0,47.52689787269974,1,2021,49.61953566661442,47.69647745456119
00-0035261,2022_20_DAL_SF,2022,20,22.0,51.04771110944251,1,2021,52.84173374723809,51.446624019067634
00-0035806,2022_20_JAX_KC,2022,20,36.0,23.81830417022287,1,2021,27.234759205378463,23.078016140974224
00-0036567,2022_20_DAL_SF,2022,20,51.0,27.769057305468728,1,2021,23.54485738471852,34.032519574526454
00-0036569,2022_20_NYG_PHI,2022,20,10.0,25.501884757497805,1,2021,23.454799156814033,29.78476255335732
00-0036919,2022_20_NYG_PHI,2022,20,112.0,17.239405945186764,1,2021,17.683430354326596,19.33079172852637
00-0036973,2022_20_JAX_KC,2022,20,62.0,65.09882832771667,1,2021,68.34808117080736,63.96861257851994
00-0037197,2022_20_JAX_KC,2022,20,95.0,55.376208334217786,1,2021,57.39690222672669,55.50872287587263
00-0037248,2022_20_CIN_BUF,2022,20,13.0,29.7520147783412,1,2021,30.411884755678113,31.479082127509773
00-0031376,2022_21_CIN_KC,2022,21,1.0,27.297868196668496,1,2021,29.439209165310704,27.689215917969403
00-0033280,2022_21_SF_PHI,2022,21,84.0,56.639785529476406,1,2021,57.54343580386563,57.787184352615526
00-0033526,2022_21_CIN_KC,2022,21,22.0,28.80003658129551,1,2021,30.45948506244976,29.616585281727744
00-0033897,2022_21_CIN_KC,2022,21,19.0,62.75895992207472,1,2021,64.03561063367766,63.48121891721652
00-0035243,2022_21_SF_PHI,2022,21,42.0,58.24882277688825,1,2021,59.298213466562,59.2404189800412
00-0036919,2022_21_SF_PHI,2022,21,48.0,28.885162683411057,1,2021,29.689399947777098,30.490342963764448
00-0037197,2022_21_CIN_KC,2022,21,26.0,56.16458561044847,1,2021,57.717517513710845,56.718664347066984
00-0031376,2022_22_KC_PHI,2022,22,34.0,19.324050929788353,1,2021,20.453286745792127,20.75518230957945
00-0035243,2022_22_KC_PHI,2022,22,16.0,50.0108240276567,1,2021,51.92370835509581,50.31364540067142
00-0036919,2022_22_KC_PHI,2022,22,21.0,32.76912060642153,1,2021,37.76821657327106,30.449298583042182
00-0037197,2022_22_KC_PHI,2022,22,76.0,61.754105292893875,1,2021,58.89528689603544,66.30855825493742
00-0031687,2023_02_MIA_NE,2023,2,121.0,46.78191231051607,2,2022,47.12627601418549,48.71158474742488
00-0032764,2023_02_LAC_TEN,2023,2,80.0,61.779111215861796,2,2022,64.95611108741075,58.26449600156495
00-0033045,2023_02_MIA_NE,2023,2,13.0,27.518867923361725,2,2022,31.978952062688712,24.941096310647357
00-0033280,2023_02_SF_LA,2023,2,116.0,63.08767303951961,2,2022,61.81808253213642,66.05946987063949
00-0033526,2023_02_WAS_DEN,2023,2,4.0,33.07496512376649,2,2022,35.748028042168265,32.68703703149633
00-0033553,2023_02_NYG_ARI,2023,2,106.0,61.07064826994604,2,2022,60.15201283909818,63.6891234276147
00-0033893,2023_02_NYJ_DAL,2023,2,7.0,39.07819595851869,2,2022,39.308639956938315,41.81538618728662
00-0033897,2023_02_BAL_CIN,2023,2,59.0,56.599323925913595,2,2022,56.30348156021317,58.66474242925189
00-0033948,2023_02_NO_CAR,2023,2,29.0,58.19509753838417,2,2022,57.95236288576351,60.04947688323958
00-0034791,2023_02_CLE_PIT,2023,2,64.0,72.68784494452169,2,2022,76.09632843482612,67.925685782794
00-0034844,2023_02_NYG_ARI,2023,2,63.0,54.44888577103013,2,2022,54.201904460866466,56.62008639361748
00-0034972,2023_02_MIN_PHI,2023,2,28.0,48.1896633523187,2,2022,48.81019820191185,49.59304937544151
00-0035243,2023_02_NO_CAR,2023,2,43.0,61.95419964693193,2,2022,62.312970266638885,62.60487613303136
00-0035261,2023_02_NYJ_DAL,2023,2,72.0,57.24516633251216,2,2022,55.950208754564144,60.7388703625178
00-0035685,2023_02_SEA_DET,2023,2,67.0,62.50962036722755,2,2022,60.127241103251144,67.1797440241467
00-0035700,2023_02_LV_BUF,2023,2,-2.0,65.1320330965113,2,2022,64.63565435974509,66.78759845065908
00-0036265,2023_02_GB_ATL,2023,2,55.0,47.787144785758976,2,2022,50.12224170863434,46.68097438504221
00-0036328,2023_02_WAS_DEN,2023,2,9.0,18.47316025520882,2,2022,19.245705034125685,22.114291994392833
00-0036370,2023_02_LAC_TEN,2023,2,39.0,45.66368776235102,2,2022,47.09796494513401,46.069564581333005
00-0036555,2023_02_NO_CAR,2023,2,16.0,34.04414339015586,2,2022,35.167735150219926,35.87394983840245
00-0036875,2023_02_MIA_NE,2023,2,50.0,48.905860741666686,2,2022,47.60967229152336,53.092634094205565
00-0036893,2023_02_CLE_PIT,2023,2,43.0,39.75465672276238,2,2022,41.69145840605006,39.90502228182001
00-0036906,2023_02_CHI_TB,2023,2,35.0,33.2241385675411,2,2022,35.663208360619116,33.170888100702925
00-0036973,2023_02_KC_JAX,2023,2,40.0,64.76305546098939,2,2022,65.34174003806689,64.85474498294329
00-0036997,2023_02_WAS_DEN,2023,2,44.0,48.61332146929745,2,2022,47.89084761525986,51.973449132424
00-0037197,2023_02_KC_JAX,2023,2,70.0,35.244625236421676,2,2022,37.73599082487907,34.946335390960854
00-0037228,2023_02_CLE_PIT,2023,2,20.0,14.036136671633244,2,2022,15.648777033093758,16.79908034947561
00-0037248,2023_02_LV_BUF,2023,2,123.0,52.95625654913717,2,2022,55.62915224386586,50.92061923707778
00-0037256,2023_02_CHI_TB,2023,2,73.0,63.225797957840236,2,2022,66.65546052862156,59.21653507474267
00-0037258,2023_02_IND_HOU,2023,2,31.0,42.09421008003759,2,2022,41.586416395954615,45.67630696274643
00-0037263,2023_02_GB_ATL,2023,2,48.0,65.57405244100431,2,2022,65.40825715758338,66.70268012493216
00-0037267,2023_02_CLE_PIT,2023,2,106.0,43.88957797812779,2,2022,46.45854203630155,42.759620569860374
00-0037746,2023_02_WAS_DEN,2023,2,87.0,54.53944057562567,2,2022,51.58581465512887,60.71744517438377
00-0037840,2023_02_SF_LA,2023,2,52.0,49.009462657369426,2,2022,49.79435303508805,50.101134769041934
00-0038134,2023_02_SEA_DET,2023,2,43.0,57.2594690641984,2,2022,57.52409561662388,58.438919094723616
00-0038542,2023_02_GB_ATL,2023,2,124.0,56.16101032098813,2,2022,57.720593526065386,55.51092034664703
00-0039021,2023_02_CHI_TB,2023,2,32.0,17.462157188131872,2,2022,20.356083884628756,18.04080234019486
00-0039032,2023_02_LAC_TEN,2023,2,49.0,22.975957608057563,2,2022,22.808717703284692,27.63767748316456
00-0031687,2023_03_DEN_MIA,2023,3,82.0,65.59481752521012,2,2022,65.87924166806181,66.05398935327327
00-0032764,2023_03_TEN_CLE,2023,3,20.0,86.87802498832806,2,2022,90.80114486448431,80.17637048529713
00-0033045,2023_03_NE_NYJ,2023,3,80.0,24.954514163640603,2,2022,28.746047814416617,23.58084977633576
00-0033280,2023_03_NYG_SF,2023,3,85.0,73.57867992848321,2,2022,74.09415418352283,73.03339289747049
00-0033526,2023_03_DEN_MIA,2023,3,9.0,25.009884982547188,2,2022,24.98630334291848,29.289948818438504
00-0033553,2023_03_DAL_ARI,2023,3,98.0,56.773489003109844,2,2022,54.4845306984119,61.78052414654272
00-0033893,2023_03_NE_NYJ,2023,3,18.0,32.4756405189577,2,2022,34.183373425083914,33.569101761878386
00-0033897,2023_03_LA_CIN,2023,3,65.0,59.66403915755507,2,2022,61.59804592517483,58.16826425024212
00-0034184,2023_03_IND_BAL,2023,3,51.0,45.52631201044841,2,2022,45.84123248184534,47.60372915310999
00-0034972,2023_03_LAC_MIN,2023,3,93.0,43.33900342352708,2,2022,44.499077310932954,44.344252537125854
00-0035243,2023_03_CAR_SEA,2023,3,24.0,59.650402927399426,2,2022,59.87996155673208,60.68367915577095
00-0035250,2023_03_HOU_JAX,2023,3,41.0,16.33842335235537,2,2022,19.367081967513432,16.810389470785033
00-0035261,2023_03_DAL_ARI,2023,3,122.0,57.1106510850624,2,2022,54.09316133057589,63.17024690209357
00-0035700,2023_03_PIT_LV,2023,3,62.0,59.08852653742286,2,2022,62.24984995560359,55.82018372231323
00-0035860,2023_03_NO_GB,2023,3,31.0,42.4475410370616,2,2022,43.22648008596293,44.09195644140533
00-0036251,2023_03_IND_BAL,2023,3,122.0,56.22471009622361,2,2022,55.607296446149554,58.79811280462191
00-0036265,2023_03_NO_GB,2023,3,33.0,56.24214670467915,2,2022,57.34825463312478,56.257894843395945
00-0036275,2023_03_PHI_TB,2023,3,130.0,63.289978589095064,2,2022,62.08481370434433,66.14945466949375
00-0036328,2023_03_BUF_WAS,2023,3,17.0,16.353683901179856,2,2022,17.148899091383182,20.136875511761676
00-0036370,2023_03_LAC_MIN,2023,3,12.0,70.73204771917247,2,2022,73.58425991620054,66.95702780557838
00-0036555,2023_03_CAR_SEA,2023,3,2.0,24.506689843283528,2,2022,25.127351986479457,27.872965159753633
00-0036875,2023_03_NE_NYJ,2023,3,59.0,46.16550975975079,2,2022,44.535767039013464,51.07413525659696
00-0036893,2023_03_PIT_LV,2023,3,65.0,49.690109352489394,2,2022,54.08478684033382,45.37157356557874
00-0036906,2023_03_CHI_KC,2023,3,31.0,41.05545671648826,2,2022,41.494626383098925,43.31918447414727
00-0036919,2023_03_PHI_TB,2023,3,43.0,44.92128970738595,2,2022,45.64810173724524,46.43796768638983
00-0036973,2023_03_HOU_JAX,2023,3,88.0,55.98549976973476,2,2022,54.253536315377445,60.2317545786311
00-0036997,2023_03_DEN_MIA,2023,3,42.0,52.64510508002724,2,2022,51.60299001465057,56.14510877965264
00-0037197,2023_03_CHI_KC,2023,3,62.0,50.08260762132229,2,2022,49.799709105590686,52.66899831952225
00-0037228,2023_03_PIT_LV,2023,3,29.0,18.074038883719943,2,2022,19.486463682237297,20.799227479606937
00-0037248,2023_03_BUF_WAS,2023,3,98.0,56.980457868365974,2,2022,57.291002794156014,58.114932105809075
00-0037256,2023_03_PHI_TB,2023,3,38.0,58.31329414795637,2,2022,57.01502380834227,61.723374486533245
00-0037258,2023_03_HOU_JAX,2023,3,31.0,37.72734154261226,2,2022,37.6814938320294,40.986280843372114
00-0037263,2023_03_ATL_DET,2023,3,12.0,47.97384158794408,2,2022,46.507226013341594,52.49063571434743
00-0037267,2023_03_TEN_CLE,2023,3,18.0,54.81478456579397,2,2022,53.302599026592674,58.83212021787659
00-0037746,2023_03_BUF_WAS,2023,3,70.0,63.01235330210968,2,2022,59.78475999725976,68.89436912334841
00-0037840,2023_03_LA_CIN,2023,3,38.0,67.92866109492957,2,2022,72.60366254333049,61.68257720334505
00-0038120,2023_03_NE_NYJ,2023,3,18.0,20.556217185428572,2,2022,21.845277585712868,23.258624030619178
00-0038134,2023_03_CAR_SEA,2023,3,97.0,65.81411273407284,2,2022,68.59987813431293,62.5452890479386
00-0038542,2023_03_ATL_DET,2023,3,33.0,52.538728751346184,2,2022,52.59443995836713,54.41932917394577
00-0039021,2023_03_CHI_KC,2023,3,38.0,20.719880645505736,2,2022,21.754597149714133,23.78594691129689
00-0039032,2023_03_TEN_CLE,2023,3,6.0,20.565535870007352,2,2022,21.954379596055833,23.119178490987252
00-0039139,2023_03_ATL_DET,2023,3,80.0,26.996140237295965,2,2022,31.027941630190345,25.09689710222542
00-0031687,2023_04_MIA_BUF,2023,4,9.0,58.19156396565531,2,2022,59.03622837136056,58.43348034332263
00-0032144,2023_04_BAL_CLE,2023,4,21.0,27.90409130914215,2,2022,29.90269215690251,28.94509214876217
00-0032764,2023_04_CIN_TEN,2023,4,122.0,65.94616511165728,2,2022,69.94452456372571,60.86795911311558
00-0033045,2023_04_NE_DAL,2023,4,16.0,34.40253282698967,2,2022,35.183584908719,36.71066383747422
00-0033280,2023_04_ARI_SF,2023,4,106.0,78.15002016332429,2,2022,79.7169515699371,75.66636614457013
00-0033293,2023_04_DET_GB,2023,4,18.0,32.265651086207555,2,2022,33.507336804055825,34.06772761597357
00-0033308,2023_04_SEA_NYG,2023,4,30.0,23.273322624442486,2,2022,23.9433085991409,26.66867783155604
00-0033526,2023_04_DEN_CHI,2023,4,12.0,20.78053394661793,2,2022,23.477577439434267,21.37612304537577
00-0033553,2023_04_ARI_SF,2023,4,52.0,58.24660963726787,2,2022,55.11366073980063,64.38328712112974
00-0033893,2023_04_KC_NYJ,2023,4,16.0,24.194154156595424,2,2022,27.41819962740901,23.72517552616955
00-0033897,2023_04_CIN_TEN,2023,4,67.0,63.659391782246296,2,2022,62.95821923279954,65.74076031925048
00-0034184,2023_04_BAL_CLE,2023,4,48.0,44.428556078752926,2,2022,43.285504626670345,48.75933022132951
00-0034959,2023_04_PIT_HOU,2023,4,0.0,12.454627007190991,2,2022,12.660122371290626,17.435642940219235
00-0034972,2023_04_MIN_CAR,2023,4,95.0,63.0141680628325,2,2022,64.04502413036072,62.5801927871111
00-0034975,2023_04_BAL_CLE,2023,4,33.0,38.49215852245029,2,2022,38.90627783186591,41.00551065451666
00-0035243,2023_04_MIN_CAR,2023,4,19.0,56.78839647930743,2,2022,57.208877901135736,57.7757403690437
00-0035250,2023_04_PIT_HOU,2023,4,25.0,26.691456480823387,2,2022,30.177480028654756,25.626928884327786
00-0035261,2023_04_NE_DAL,2023,4,47.0,62.97696460618297,2,2022,62.24493405536236,65.16066590422732
00-0035685,2023_04_DET_GB,2023,4,121.0,59.56904794149406,2,2022,58.08484286887787,63.15080470944539
00-0035700,2023_04_LV_LAC,2023,4,58.0,54.647628066969716,2,2022,57.51724831224075,52.18002483597864
00-0036251,2023_04_LA_IND,2023,4,70.0,61.107799487897786,2,2022,60.64897453590639,63.04123575275256
00-0036265,2023_04_DET_GB,2023,4,11.0,47.538327399057565,2,2022,45.964740564515346,52.249873682506035
00-0036275,2023_04_WAS_PHI,2023,4,56.0,64.2408554768478,2,2022,62.961605331981346,67.13139170366364
00-0036328,2023_04_WAS_PHI,2023,4,19.0,19.85326446549008,2,2022,18.974242953415636,25.82948966957332
00-0036370,2023_04_LV_LAC,2023,4,65.0,64.55362461209214,2,2022,67.38088992606474,61.32773276354163
00-0036414,2023_04_MIN_CAR,2023,4,40.0,33.23652557587022,2,2022,33.65928285442353,36.17270508205537
00-0036555,2023_04_MIN_CAR,2023,4,41.0,21.57272184660859,2,2022,23.287507736777673,23.559463863388427
00-0036875,2023_04_NE_DAL,2023,4,30.0,52.382570631092854,2,2022,51.26352339401847,56.01843630344075
00-0036893,2023_04_PIT_HOU,2023,4,71.0,47.93793475002768,2,2022,47.80884773576131,50.47397436513259
00-0036906,2023_04_DEN_CHI,2023,4,103.0,45.24086805146613,2,2022,47.581747528947474,44.33718185427941
00-0036919,2023_04_WAS_PHI,2023,4,14.0,37.57300375432983,2,2022,39.02876042010869,38.61765924592674
00-0036973,2023_04_ATL_JAX,2023,4,55.0,65.1111586612517,2,2022,65.73118382578777,65.11268043159447
00-0036997,2023_04_DEN_CHI,2023,4,0.0,44.214599845140874,2,2022,43.58797148554353,47.79718539941265
00-0037197,2023_04_KC_NYJ,2023,4,115.0,52.93760560360239,2,2022,51.849597215353086,56.48142981480155
00-0037228,2023_04_PIT_HOU,2023,4,29.0,22.369262537941605,2,2022,24.797853859929457,23.231312052028223
00-0037248,2023_04_MIA_BUF,2023,4,29.0,67.98889314956455,2,2022,68.82028186071553,67.43839999695146
00-0037256,2023_04_TB_NO,2023,4,56.0,58.16325142068801,2,2022,58.18135680632992,59.63341039188959
00-0037258,2023_04_PIT_HOU,2023,4,81.0,51.43601259480965,2,2022,52.816938627733144,51.44254905711509
00-0037263,2023_04_ATL_JAX,2023,4,16.0,37.88435206717238,2,2022,38.6515611261486,39.92440663225396
00-0037267,2023_04_BAL_CLE,2023,4,26.0,54.393394562675894,2,2022,54.65383126055504,55.8166271799802
00-0037746,2023_04_WAS_PHI,2023,4,45.0,52.783619164562865,2,2022,53.09983699070247,54.25755506883906
00-0037840,2023_04_LA_IND,2023,4,103.0,58.835492498141726,2,2022,59.52926685693579,59.24782352834734
00-0038120,2023_04_KC_NYJ,2023,4,56.0,35.46670992512617,2,2022,35.927469315449365,38.1616676570352
00-0038134,2023_04_SEA_NYG,2023,4,79.0,74.14186239625215,2,2022,76.5690842889225,70.71451999478963
00-0038542,2023_04_ATL_JAX,2023,4,105.0,60.13680106056355,2,2022,59.428929803734945,62.520091673208555
00-0038551,2023_04_TB_NO,2023,4,3.0,23.79195653397566,2,2022,26.126029503371186,24.676262310220732
00-0039021,2023_04_DEN_CHI,2023,4,13.0,28.13932421990009,2,2022,28.94043752710417,30.93685820634805
00-0039032,2023_04_CIN_TEN,2023,4,40.0,26.554218144632458,2,2022,27.73798228125634,28.91561981098623
00-0039040,2023_04_MIA_BUF,2023,4,101.0,53.07046811322821,2,2022,55.184134674397775,51.85477420060495
00-0039139,2023_04_DET_GB,2023,4,40.0,48.37612366286644,2,2022,48.95219373367365,49.83000113593368
00-0039165,2023_04_SEA_NYG,2023,4,31.0,40.653325956114514,2,2022,43.087865848963595,39.9909897100657
00-0031687,2023_05_NYG_MIA,2023,5,65.0,59.94713347839691,2,2022,62.5906091286637,57.37565723320961
00-0032764,2023_05_TEN_IND,2023,5,43.0,86.37654602797951,2,2022,92.84583058578758,75.94016183718256
00-0033045,2023_05_NO_NE,2023,5,21.0,29.891480273985017,2,2022,32.08897088053559,30.472767064641484
00-0033280,2023_05_DAL_SF,2023,5,51.0,73.41228268919414,2,2022,73.21251130304205,73.94159168557076
00-0033308,2023_05_NYG_MIA,2023,5,21.0,33.65878091015956,2,2022,35.11163587037713,35.03218935146003
00-0033526,2023_05_NYJ_DEN,2023,5,22.0,22.545100486877562,2,2022,24.02464330180621,24.80013861522969
00-0033553,2023_05_CIN_ARI,2023,5,46.0,66.00932221158712,2,2022,65.09757700171596,68.20821233017325
00-0033893,2023_05_NYJ_DEN,2023,5,23.0,25.6684711319588,2,2022,28.026788335500683,26.361275508571698
00-0033897,2023_05_CIN_ARI,2023,5,81.0,69.99597857087025,2,2022,71.34737679082951,68.50787589638944
00-0033906,2023_05_NO_NE,2023,5,80.0,45.86008750589359,2,2022,45.192188502303544,49.367488631947715
00-0034184,2023_05_BAL_PIT,2023,5,48.0,66.0233826117026,2,2022,70.01343390228992,60.95109816279906
00-0034972,2023_05_KC_MIN,2023,5,26.0,55.13471879742774,2,2022,54.03431817245519,58.51480394623915
00-0034975,2023_05_BAL_PIT,2023,5,32.0,27.035653924818785,2,2022,28.028872781394607,29.639753171219304
00-0035243,2023_05_CAR_DET,2023,5,32.0,42.76937002671639,2,2022,43.833272602005586,43.96447067469749
00-0035250,2023_05_HOU_ATL,2023,5,0.0,26.58551299394041,2,2022,29.762897658416534,25.987519106359564
00-0035261,2023_05_DAL_SF,2023,5,29.0,56.78791231661898,2,2022,55.24584725496525,60.6860109711617
00-0035685,2023_05_CAR_DET,2023,5,109.0,96.3057518560876,2,2022,97.04952393606914,93.5380255660118
00-0035700,2023_05_GB_LV,2023,5,69.0,60.74898471467219,2,2022,62.97276442210373,58.73350744147532
00-0035973,2023_05_GB_LV,2023,5,2.0,12.892941716903717,2,2022,15.374462060425758,14.461981325896613
00-0036251,2023_05_TEN_IND,2023,5,165.0,61.65948554895329,2,2022,59.50858572685251,66.05676228584656
00-0036265,2023_05_GB_LV,2023,5,76.0,59.70842337455869,2,2022,59.9048210426106,60.78607236517467
00-0036275,2023_05_PHI_LA,2023,5,70.0,67.41859420186745,2,2022,66.68386907908085,69.23812590030386
00-0036328,2023_05_CHI_WAS,2023,5,0.0,19.23653299825853,2,2022,21.01904277244608,21.31647792484981
00-0036414,2023_05_KC_MIN,2023,5,15.0,30.43443537855478,2,2022,31.869077085382635,32.10212198348348
00-0036555,2023_05_CAR_DET,2023,5,35.0,30.015376315795145,2,2022,32.59839374401398,30.014606384886655
00-0036875,2023_05_NO_NE,2023,5,24.0,49.88451469006693,2,2022,50.36328636286919,51.35766818445801
00-0036893,2023_05_BAL_PIT,2023,5,37.0,47.56791615141048,2,2022,46.524020738447724,51.49140776189933
00-0036906,2023_05_CHI_WAS,2023,5,76.0,52.61230440657416,2,2022,52.33060524819235,54.98723011671988
00-0036919,2023_05_PHI_LA,2023,5,17.0,31.84331447047655,2,2022,33.7692339759734,32.66558969171358
00-0036973,2023_05_JAX_BUF,2023,5,136.0,65.363254573841,2,2022,65.43827981699117,66.15218673717617
00-0037157,2023_05_CAR_DET,2023,5,0.0,15.47570955448133,2,2022,19.125176102540586,15.098446049356458
00-0037197,2023_05_KC_MIN,2023,5,55.0,61.633330970163975,2,2022,59.72745043560278,65.66937981734618
00-0037228,2023_05_BAL_PIT,2023,5,40.0,25.94542455090397,2,2022,29.49373651041325,24.85035351872447
00-0037248,2023_05_JAX_BUF,2023,5,-4.0,57.76407096181126,2,2022,60.78905499336287,54.80772131625572
00-0037258,2023_05_HOU_ATL,2023,5,66.0,57.97855539760571,2,2022,57.52918973360723,60.15734486248419
00-0037263,2023_05_HOU_ATL,2023,5,40.0,39.14435358614339,2,2022,40.40212151190472,40.35240347757055
00-0037746,2023_05_CHI_WAS,2023,5,10.0,69.23045197705926,2,2022,68.60372036881434,70.7396304690144
00-0037840,2023_05_PHI_LA,2023,5,53.0,66.37140414137815,2,2022,66.61689427423251,66.8239490815536
00-0038120,2023_05_NYJ_DEN,2023,5,177.0,42.63460080741306,2,2022,43.01845122598061,44.84947927338428
00-0038542,2023_05_HOU_ATL,2023,5,46.0,60.44820600839051,2,2022,61.455654943898246,60.26163879494105
00-0038551,2023_05_NO_NE,2023,5,37.0,16.357636970628874,2,2022,18.74653615965037,17.776857872496002
00-0038705,2023_05_CIN_ARI,2023,5,45.0,11.780163380920033,2,2022,14.39224772031569,13.247797434397915
00-0039021,2023_05_CHI_WAS,2023,5,19.0,20.124385839273927,2,2022,22.137565606720607,21.788622830834303
00-0039032,2023_05_TEN_IND,2023,5,34.0,26.119299296443874,2,2022,27.302731362244725,28.517243824958193
00-0039040,2023_05_NYG_MIA,2023,5,151.0,63.334410826323115,2,2022,65.30392253312523,61.48174087147069
00-0031687,2023_06_CAR_MIA,2023,6,115.0,68.7886166928364,2,2022,69.30441339241094,68.63989905012843
00-0032764,2023_06_BAL_TEN,2023,6,97.0,85.88193846902792,2,2022,93.07583195640264,74.41186184991611
00-0033045,2023_06_NE_LV,2023,6,34.0,30.873286839618345,2,2022,34.06797638356281,29.894214614584456
00-0033280,2023_06_SF_CLE,2023,6,43.0,76.95659730812142,2,2022,76.87848117994692,77.01168784979444
00-0033308,2023_06_NYG_BUF,2023,6,13.0,38.40880270450846,2,2022,38.062337149885415,42.05711160555447
00-0033526,2023_06_DEN_KC,2023,6,0.0,24.78329009686536,2,2022,25.881034328397277,27.419062557076344
00-0033699,2023_06_DAL_LAC,2023,6,27.0,49.838053750559745,2,2022,51.87212293070723,49.008347562880736
00-0033893,2023_06_PHI_NYJ,2023,6,12.0,18.401909552653834,2,2022,20.153989293838187,20.596168032613548
00-0033897,2023_06_SEA_CIN,2023,6,38.0,66.13364622026549,2,2022,66.87122508209914,65.87606655297773
00-0033906,2023_06_NO_HOU,2023,6,68.0,61.28211825751745,2,2022,61.443505647011385,62.2812487668221
00-0034184,2023_06_BAL_TEN,2023,6,41.0,43.042598236138296,2,2022,42.917995270353664,45.97776111946959
00-0034844,2023_06_NYG_BUF,2023,6,93.0,54.188673343245945,2,2022,55.04868839933908,54.73962168412387
00-0034972,2023_06_MIN_CHI,2023,6,44.0,49.96859290477742,2,2022,48.38038648184921,54.50037762157662
00-0034975,2023_06_BAL_TEN,2023,6,35.0,34.15367050776982,2,2022,36.56656910328553,34.0621866083524
00-0035250,2023_06_NO_HOU,2023,6,58.0,23.256670308676874,2,2022,26.691152531788912,22.55329418313308
00-0035261,2023_06_DAL_LAC,2023,6,30.0,61.027349429335196,2,2022,60.7308448940248,62.726711654130355
00-0035685,2023_06_DET_TB,2023,6,14.0,71.54186970865084,2,2022,70.74752604109959,73.10804587040562
00-0035700,2023_06_NE_LV,2023,6,77.0,60.04186098363164,2,2022,60.90763425342705,60.09909929919257
00-0036251,2023_06_IND_JAX,2023,6,21.0,72.68096622491723,2,2022,72.84544540756352,72.73066241696932
00-0036275,2023_06_PHI_NYJ,2023,6,18.0,72.98932612872764,2,2022,72.58688182431209,73.85428453228079
00-0036328,2023_06_WAS_ATL,2023,6,15.0,20.07836044998899,2,2022,19.27388185477184,25.925370529260164
00-0036370,2023_06_DAL_LAC,2023,6,2.0,49.03025353048872,2,2022,46.62490533641254,54.85174580774882
00-0036414,2023_06_MIN_CHI,2023,6,8.0,33.55432171967532,2,2022,34.24315977475539,36.06952635378626
00-0036555,2023_06_CAR_MIA,2023,6,88.0,28.714819480434524,2,2022,31.12212663276441,29.082453964628208
00-0036567,2023_06_SF_CLE,2023,6,-3.0,29.61072200881491,2,2022,30.535586747884956,32.102752400925134
00-0036875,2023_06_NE_LV,2023,6,46.0,43.48287933485844,2,2022,42.149959912323055,48.173639659175855
00-0036919,2023_06_PHI_NYJ,2023,6,13.0,30.161944314051667,2,2022,32.44679813225692,30.591241244787454
00-0036973,2023_06_IND_JAX,2023,6,55.0,75.1167609934341,2,2022,78.29768912079514,70.49076388937074
00-0036997,2023_06_DEN_KC,2023,6,52.0,33.61224593590127,2,2022,35.25516007677622,34.707628884582185
00-0037197,2023_06_DEN_KC,2023,6,62.0,76.69627018569071,2,2022,75.89763669923916,77.84156123853577
00-0037248,2023_06_NYG_BUF,2023,6,71.0,64.96885235940249,2,2022,65.50508606467791,65.10644363545006
00-0037256,2023_06_DET_TB,2023,6,26.0,56.37296714165494,2,2022,56.30357690183077,58.12129002925548
00-0037258,2023_06_NO_HOU,2023,6,34.0,58.97268545646401,2,2022,58.66867932783221,60.853484316540545
00-0037263,2023_06_WAS_ATL,2023,6,51.0,47.45800049576476,2,2022,50.19547220322618,45.78233807238857
00-0037267,2023_06_SF_CLE,2023,6,84.0,48.63971885868823,2,2022,47.46514320763631,52.66818489084703
00-0037746,2023_06_WAS_ATL,2023,6,31.0,46.65201435826006,2,2022,47.7289431773934,47.505963572381894
00-0037840,2023_06_ARI_LA,2023,6,158.0,67.24659318485465,2,2022,66.97330038273904,68.39601718276504
00-0038120,2023_06_PHI_NYJ,2023,6,39.0,56.06466736097564,2,2022,53.44023756996249,61.62800497263943
00-0038134,2023_06_SEA_CIN,2023,6,62.0,80.26400893342688,2,2022,79.70791723523199,80.75384928053512
00-0038396,2023_06_NYG_BUF,2023,6,2.0,35.422320805271816,2,2022,37.6658214797706,35.47691807816966
00-0038542,2023_06_WAS_ATL,2023,6,37.0,58.89454722033477,2,2022,59.07812793545566,60.0586675095107
00-0038551,2023_06_NO_HOU,2023,6,-1.0,29.104373761526585,2,2022,31.6831405258501,29.185420988121585
00-0038705,2023_06_ARI_LA,2023,6,11.0,29.36593188788462,2,2022,30.120677248801176,32.130562315178054
00-0039032,2023_06_BAL_TEN,2023,6,15.0,24.484876277873244,2,2022,24.200228888480847,29.19565285913987
00-0039165,2023_06_SEA_CIN,2023,6,5.0,33.521506394609524,2,2022,35.083703403822916,34.74412485572848
00-0030513,2023_07_BUF_NE,2023,7,8.0,38.82960022505556,2,2022,39.12297530470616,41.49406144367188
00-0031687,2023_07_MIA_PHI,2023,7,45.0,59.30067936279705,2,2022,59.221137338087665,60.82138106047627
00-0033045,2023_07_BUF_NE,2023,7,31.0,31.198494048245507,2,2022,35.04566089906068,29.224755759281933
00-0033280,2023_07_SF_MIN,2023,7,45.0,70.83648853289324,2,2022,70.12313984347416,72.34100742497442
00-0033293,2023_07_GB_DEN,2023,7,35.0,29.332631631361487,2,2022,31.378235561093184,30.185509225668596
00-0033308,2023_07_WAS_NYG,2023,7,4.0,22.17423269058814,2,2022,25.576215969017948,21.60877986584073
00-0033526,2023_07_GB_DEN,2023,7,10.0,14.629155568132347,2,2022,15.85499550660638,17.916619915219474
00-0033699,2023_07_LAC_KC,2023,7,45.0,52.507512834094264,2,2022,52.510158796293794,54.46940347881546
00-0033906,2023_07_JAX_NO,2023,7,62.0,59.25388732662028,2,2022,58.39811198907931,61.92972373525737
00-0033923,2023_07_CLE_IND,2023,7,31.0,33.07873289909461,2,2022,35.38037711055358,33.2413553036887
00-0033925,2023_07_LV_CHI,2023,7,89.0,53.76287817091414,2,2022,54.13005493248792,55.08006463896201
00-0033948,2023_07_JAX_NO,2023,7,14.0,26.82011009629371,2,2022,27.963704871875464,29.219048466262663
00-0034184,2023_07_DET_BAL,2023,7,64.0,50.04765761629209,2,2022,48.43870710000087,54.6036548907344
00-0034844,2023_07_WAS_NYG,2023,7,77.0,61.95644772294363,2,2022,61.79862653642453,63.373111479134415
00-0034972,2023_07_SF_MIN,2023,7,39.0,53.287695492630505,2,2022,53.76722606953318,54.4776342912096
00-0034975,2023_07_DET_BAL,2023,7,46.0,27.568853065715455,2,2022,28.94729409083,29.557420359343805
00-0035567,2023_07_DET_BAL,2023,7,16.0,33.90161818597979,2,2022,36.349815104101985,33.778674808970024
00-0035700,2023_07_LV_CHI,2023,7,35.0,67.35048477368247,2,2022,69.33120461508096,65.14829991953809
00-0035726,2023_07_LV_CHI,2023,7,0.0,10.0190131048743,2,2022,12.112844214369485,12.401266360604415
00-0036020,2023_07_MIA_PHI,2023,7,3.0,19.267729673596424,2,2022,23.160948371400263,18.214629688511945
00-0036223,2023_07_CLE_IND,2023,7,75.0,31.00585543777914,2,2022,34.902578261887996,28.974586905949906
00-0036251,2023_07_CLE_IND,2023,7,57.0,61.04240729696471,2,2022,59.00775763257373,65.31841927863468
00-0036265,2023_07_GB_DEN,2023,7,61.0,67.44587432863787,2,2022,66.38484219449313,69.74710100912729
00-0036275,2023_07_MIA_PHI,2023,7,62.0,63.790679254936855,2,2022,62.907838277302915,66.1306035729823
00-0036297,2023_07_LV_CHI,2023,7,48.0,22.74916383783373,2,2022,25.144660895236186,23.62880653906847
00-0036328,2023_07_WAS_NYG,2023,7,7.0,19.91729104991949,2,2022,20.952564668235578,23.049057572190037
00-0036370,2023_07_LAC_KC,2023,7,75.0,37.953087985047205,2,2022,36.63256802771852,43.083821838453495
00-0036414,2023_07_SF_MIN,2023,7,31.0,26.320632824074355,2,2022,26.655441168104925,29.96050947347358
00-0036567,2023_07_SF_MIN,2023,7,-1.0,21.530728111037387,2,2022,22.452499267057156,24.69709616398564
00-0036875,2023_07_BUF_NE,2023,7,34.0,53.90209159605725,2,2022,53.57766545736462,56.23347677452402
00-0036893,2023_07_PIT_LA,2023,7,53.0,54.12823484966015,2,2022,53.99335874481496,56.15974741021088
00-0036919,2023_07_MIA_PHI,2023,7,16.0,28.807056238197625,2,2022,32.197613874598964,27.70875540468861
00-0036973,2023_07_JAX_NO,2023,7,53.0,76.0186715630062,2,2022,78.75438875097564,71.97822162466522
00-0036997,2023_07_GB_DEN,2023,7,82.0,48.84266527231273,2,2022,50.18951524266225,49.11470318525327
00-0037197,2023_07_LAC_KC,2023,7,32.0,64.20474074947361,2,2022,65.91783844867327,62.66022498689124
00-0037228,2023_07_PIT_LA,2023,7,32.0,29.436945699171623,2,2022,33.55187098529513,27.212100899465284
00-0037248,2023_07_BUF_NE,2023,7,56.0,52.70732956330782,2,2022,51.87621373604673,55.8892358552159
00-0037256,2023_07_ATL_TB,2023,7,34.0,52.04856005261433,2,2022,52.12215917467163,53.943260353019014
00-0037263,2023_07_ATL_TB,2023,7,59.0,39.674104043299934,2,2022,43.006352266117126,37.76151579512046
00-0037267,2023_07_CLE_IND,2023,7,74.0,47.128816208244366,2,2022,45.40552855405194,52.09633282282749
00-0037746,2023_07_WAS_NYG,2023,7,23.0,61.03023614746097,2,2022,61.815022519680326,61.12566241936632
00-0038134,2023_07_ARI_SEA,2023,7,105.0,82.30806549242655,2,2022,79.95764611097994,85.2896983216045
00-0038396,2023_07_WAS_NYG,2023,7,0.0,20.468758044237774,2,2022,22.350534591325943,22.299338339431667
00-0038542,2023_07_ATL_TB,2023,7,3.0,58.81618282451192,2,2022,58.6829128005901,60.45673005827972
00-0038705,2023_07_ARI_SEA,2023,7,58.0,15.322376612926664,2,2022,17.61833893579049,16.965247688538938
00-0038794,2023_07_GB_DEN,2023,7,45.0,29.889605555116397,2,2022,34.3662920708603,27.090700350763857
00-0039139,2023_07_DET_BAL,2023,7,68.0,32.88919448847999,2,2022,35.12352311268274,33.16736557532903
00-0030513,2023_08_TB_BUF,2023,8,7.0,29.98452484799745,2,2022,31.40061437690218,31.71701978928048
00-0030578,2023_08_ATL_TEN,2023,8,7.0,38.53005413807141,2,2022,40.6523073923197,38.50687774164584
00-0031376,2023_08_KC_DEN,2023,8,-2.0,13.718149737738166,2,2022,16.761049104057324,14.386189031625191
00-0031687,2023_08_NE_MIA,2023,8,46.0,53.96237382711138,2,2022,52.5699846532825,57.872691905631186
00-0032764,2023_08_ATL_TEN,2023,8,101.0,75.18084561289507,2,2022,78.27935528015014,70.671773963953
00-0033045,2023_08_NE_MIA,2023,8,36.0,29.207653646922093,2,2022,32.442288826022576,28.30740087262322
00-0033280,2023_08_CIN_SF,2023,8,54.0,69.35328102922281,2,2022,67.25103287358137,73.04066340216784
00-0033293,2023_08_MIN_GB,2023,8,29.0,28.505871862332842,2,2022,32.27732629702699,26.86761609248942
00-0033308,2023_08_NYJ_NYG,2023,8,13.0,19.9188345263733,2,2022,22.513228611468296,20.73809233600832
00-0033526,2023_08_KC_DEN,2023,8,5.0,16.907383224207305,2,2022,19.893325945647803,17.395541635244324
00-0033699,2023_08_CHI_LAC,2023,8,29.0,55.15005429657012,2,2022,58.61630262724836,51.7559270869439
00-0033893,2023_08_NYJ_NYG,2023,8,5.0,21.492890449832498,2,2022,23.75226724638829,22.678549717054867
00-0033897,2023_08_CIN_SF,2023,8,87.0,61.49693932862443,2,2022,60.442374871951664,64.28167991348502
00-0033906,2023_08_NO_IND,2023,8,59.0,63.28251067147766,2,2022,61.26241953362399,67.35124861356843
00-0033923,2023_08_CLE_SEA,2023,8,55.0,33.045175866741225,2,2022,35.13097732095826,33.53070301447816
00-0033925,2023_08_CHI_LAC,2023,8,34.0,43.97992220556383,2,2022,42.812861641812134,48.383492213232365
00-0033948,2023_08_NO_IND,2023,8,30.0,27.947354495749543,2,2022,27.568588592151745,32.510716921094826
00-0034184,2023_08_BAL_ARI,2023,8,80.0,52.98663694816231,2,2022,51.73712847005723,56.76592283925915
00-0034838,2023_08_LA_DAL,2023,8,44.0,42.56397663077199,2,2022,42.166028914699346,45.94421861307827
00-0034844,2023_08_NYJ_NYG,2023,8,128.0,65.36990967398032,2,2022,64.63590154672708,67.358193123879
00-0034959,2023_08_HOU_CAR,2023,8,1.0,12.730563703910628,2,2022,12.356587044912583,18.548140533022597
00-0034972,2023_08_MIN_GB,2023,8,31.0,57.84418402458178,2,2022,58.255322238016504,58.75787105189215
00-0034975,2023_08_BAL_ARI,2023,8,15.0,34.70497729484276,2,2022,36.18089681196128,35.957458903985575
00-0035243,2023_08_HOU_CAR,2023,8,0.0,42.50071581880912,2,2022,43.32862598455608,44.06809296450173
00-0035250,2023_08_HOU_CAR,2023,8,30.0,36.76857531341612,2,2022,38.92528078833801,36.8403104540444
00-0035261,2023_08_LA_DAL,2023,8,53.0,58.91297673482063,2,2022,58.59776341069139,60.81534658715907
00-0035567,2023_08_LV_DET,2023,8,74.0,20.953464592307657,2,2022,21.838646366796688,24.221948797478273
00-0035664,2023_08_LA_DAL,2023,8,31.0,48.42584191163327,2,2022,46.90653328683687,52.983320525547995
00-0035700,2023_08_LV_DET,2023,8,61.0,63.111882493033896,2,2022,66.22382478365333,59.58328302112954
00-0035726,2023_08_LV_DET,2023,8,0.0,9.157869934181813,2,2022,11.853595937829963,10.718813902019576
00-0036020,2023_08_NE_MIA,2023,8,1.0,11.054435156412442,2,2022,14.16408089073444,11.844275703357145
00-0036223,2023_08_NO_IND,2023,8,95.0,47.54012926669134,2,2022,48.66670097798371,48.246835830373335
00-0036251,2023_08_NO_IND,2023,8,66.0,56.83802287357102,2,2022,55.94269078429531,59.772777787759885
00-0036265,2023_08_MIN_GB,2023,8,11.0,57.0745542230912,2,2022,57.42322274130894,58.144686524737935
00-0036275,2023_08_PHI_WAS,2023,8,57.0,63.44998973409297,2,2022,63.84359951675508,63.92500934426816
00-0036297,2023_08_CHI_LAC,2023,8,18.0,31.198259088772005,2,2022,33.25010426133339,31.88723852152192
00-0036328,2023_08_PHI_WAS,2023,8,14.0,16.458313041608346,2,2022,17.983606867163203,19.150029291352663
00-0036370,2023_08_CHI_LAC,2023,8,21.0,38.83178905601187,2,2022,37.597022433111015,43.762504033873185
00-0036414,2023_08_MIN_GB,2023,8,19.0,41.002229956482466,2,2022,41.60176472886621,43.03252712231061
00-0036555,2023_08_HOU_CAR,2023,8,28.0,40.50074362730723,2,2022,41.086854023470835,42.59251903507188
00-0036567,2023_08_CIN_SF,2023,8,2.0,21.46682293981641,2,2022,22.77094780146956,24.071407233841462
00-0036875,2023_08_NE_MIA,2023,8,39.0,51.55852706843282,2,2022,53.47537894387128,50.76005979235586
00-0036893,2023_08_JAX_PIT,2023,8,13.0,56.344986624110106,2,2022,56.45306965742135,57.832412599674115
00-0036919,2023_08_PHI_WAS,2023,8,-4.0,24.869818452060976,2,2022,28.109648982845354,24.321422789878635
00-0036973,2023_08_JAX_PIT,2023,8,79.0,85.72126154017315,2,2022,90.45215232800112,77.91746044971089
00-0036997,2023_08_KC_DEN,2023,8,85.0,51.20623271697411,2,2022,49.39815189464102,55.961532318781686
00-0037197,2023_08_KC_DEN,2023,8,40.0,63.23368298816691,2,2022,63.625063528243224,63.72993849178391
00-0037228,2023_08_JAX_PIT,2023,8,19.0,26.115180607432773,2,2022,30.416568668451053,23.889127586289145
00-0037248,2023_08_TB_BUF,2023,8,67.0,58.26128703791338,2,2022,57.56349367124114,60.78509188680546
00-0037256,2023_08_TB_BUF,2023,8,39.0,53.647544675949234,2,2022,53.37103953951494,55.92895605910466
00-0037258,2023_08_HOU_CAR,2023,8,46.0,56.11174813255007,2,2022,56.10237511502603,57.79270998755389
00-0037263,2023_08_ATL_TEN,2023,8,31.0,57.21648403716395,2,2022,54.71729312178755,62.498602009707625
00-0037267,2023_08_CLE_SEA,2023,8,37.0,44.82717672520223,2,2022,42.87737875817026,50.321420482083475
00-0037299,2023_08_BAL_ARI,2023,8,9.0,26.69701256893229,2,2022,27.306633975614687,29.89810723127532
00-0037746,2023_08_PHI_WAS,2023,8,59.0,44.33906210584716,2,2022,41.92381554395554,50.564087111367314
00-0038120,2023_08_NYJ_NYG,2023,8,17.0,68.71757462266825,2,2022,70.53573455206597,66.64316963433205
00-0038134,2023_08_CLE_SEA,2023,8,66.0,68.49915540834513,2,2022,67.6802094018757,70.35403020288362
00-0038542,2023_08_ATL_TEN,2023,8,62.0,34.519763283019486,2,2022,34.98482764017066,37.286828446464554
00-0038551,2023_08_NO_IND,2023,8,10.0,27.149538175870934,2,2022,28.67086441445987,28.960944847271488
00-0038705,2023_08_BAL_ARI,2023,8,78.0,30.47446605352593,2,2022,33.301881063615056,30.073168476318884
00-0038794,2023_08_KC_DEN,2023,8,33.0,21.465869066956113,2,2022,24.9378247953563,20.855354046603452
00-0039021,2023_08_CHI_LAC,2023,8,21.0,14.052776329293078,2,2022,16.012513890165383,16.299549936710452
00-0039032,2023_08_ATL_TEN,2023,8,27.0,26.15822592411332,2,2022,27.622380205054615,28.136595852771705
00-0039139,2023_08_LV_DET,2023,8,152.0,53.309278006895575,2,2022,54.04142081217379,54.12277066514547
00-0039165,2023_08_CLE_SEA,2023,8,53.0,29.890739139977924,2,2022,32.701473941894406,29.56256554141882
00-0030513,2023_09_BUF_CIN,2023,9,4.0,27.26999075612959,2,2022,29.480998635542537,28.048524521778315
00-0030578,2023_09_MIN_ATL,2023,9,0.0,28.198789044042428,2,2022,30.08639874909144,29.379976899978665
00-0031376,2023_09_MIA_KC,2023,9,2.0,13.48820806803488,2,2022,15.197217511093733,16.153641438252606
00-0031687,2023_09_MIA_KC,2023,9,85.0,55.57977230139706,2,2022,53.35679428262561,60.58789699683862
00-0032764,2023_09_TEN_PIT,2023,9,75.0,90.2535171452945,2,2022,95.20089808221692,81.75295470119605
00-0033045,2023_09_WAS_NE,2023,9,17.0,29.482265494377174,2,2022,32.06879526910769,29.52047576672671
00-0033293,2023_09_LA_GB,2023,9,73.0,34.272662093003476,2,2022,37.361874806362486,33.168252184736396
00-0033308,2023_09_NYG_LV,2023,9,5.0,20.750261152035886,2,2022,22.22668625738083,23.15869721444514
00-0033699,2023_09_LAC_NYJ,2023,9,47.0,49.24520477697113,2,2022,50.79442821338593,49.18372977640477
00-0033893,2023_09_LAC_NYJ,2023,9,7.0,18.31475600916974,2,2022,20.898228079820115,19.283174428448643
00-0033897,2023_09_BUF_CIN,2023,9,37.0,62.60217549939356,2,2022,60.766558221571856,66.45370731655676
00-0033906,2023_09_CHI_NO,2023,9,26.0,56.157039685108366,2,2022,53.328976386886026,62.01473585055379
00-0033923,2023_09_ARI_CLE,2023,9,38.0,48.05131645166816,2,2022,49.67176259461702,47.983170029496605
00-0033925,2023_09_CHI_NO,2023,9,83.0,42.302974814205264,2,2022,43.13076417701438,43.88692184846432
00-0033948,2023_09_CHI_NO,2023,9,6.0,27.25233715646151,2,2022,28.265750485226132,29.808524503523454
00-0034184,2023_09_SEA_BAL,2023,9,52.0,55.30713109510253,2,2022,54.49752171993669,58.24164333397456
00-0034838,2023_09_LA_GB,2023,9,32.0,53.59726443051887,2,2022,56.87214376064665,50.61567314247364
00-0034844,2023_09_NYG_LV,2023,9,90.0,73.31711360070051,2,2022,74.84729866622821,71.28855813307267
00-0034959,2023_09_TB_HOU,2023,9,0.0,11.684084767913559,2,2022,13.09614682567245,14.93947368473428
00-0034972,2023_09_MIN_ATL,2023,9,44.0,51.57379540341725,2,2022,50.76966136684934,54.80964262473192
00-0034975,2023_09_SEA_BAL,2023,9,40.0,25.158069580250796,2,2022,27.166676341535627,26.411847658832382
00-0035243,2023_09_IND_CAR,2023,9,39.0,28.640538880942255,2,2022,31.02862647202059,29.04283561068597
00-0035250,2023_09_TB_HOU,2023,9,26.0,28.026409274756915,2,2022,30.594618662144164,28.212466793314885
00-0035261,2023_09_DAL_PHI,2023,9,51.0,56.48145779673262,2,2022,55.80280115903309,59.12441013506215
00-0035664,2023_09_LA_GB,2023,9,19.0,43.76332541579092,2,2022,46.34358501521676,42.62708028954291
00-0035700,2023_09_NYG_LV,2023,9,98.0,69.11208787812487,2,2022,73.24164755898678,63.57687182072788
00-0035860,2023_09_ARI_CLE,2023,9,2.0,27.918326535762823,2,2022,30.787238462115337,27.667361589702953
00-0036020,2023_09_MIA_KC,2023,9,4.0,11.39435896525788,2,2022,14.22920092350132,12.563593432992883
00-0036139,2023_09_DAL_PHI,2023,9,8.0,17.304430903507882,2,2022,20.236936196033987,17.83893282999989
00-0036223,2023_09_IND_CAR,2023,9,47.0,59.71009661989992,2,2022,59.88921604089109,60.81323282902444
00-0036251,2023_09_IND_CAR,2023,9,26.0,60.694378922928436,2,2022,62.20538836382263,59.7405599946898
00-0036265,2023_09_LA_GB,2023,9,40.0,53.31924629518877,2,2022,55.87207393730515,51.43159753655117
00-0036275,2023_09_DAL_PHI,2023,9,43.0,60.033983028358726,2,2022,58.48561848803816,63.67235832898045
00-0036297,2023_09_CHI_NO,2023,9,2.0,26.95144694891041,2,2022,30.17034395770513,26.26155258314167
00-0036328,2023_09_WAS_NE,2023,9,34.0,15.06842664443558,2,2022,14.117554477537562,21.54783030462563
00-0036370,2023_09_LAC_NYJ,2023,9,18.0,40.44065181329004,2,2022,39.113288703032715,45.3753411739021
00-0036414,2023_09_MIN_ATL,2023,9,25.0,34.755797859887174,2,2022,37.49254930762578,34.13408732871166
00-0036493,2023_09_NYG_LV,2023,9,2.0,34.49957239169189,2,2022,36.45422392275933,35.059057422247356
00-0036555,2023_09_IND_CAR,2023,9,58.0,57.75640383556772,2,2022,59.04938742256433,57.369474242624726
00-0036875,2023_09_WAS_NE,2023,9,87.0,46.44128047255302,2,2022,46.85480690257549,48.29661040850277
00-0036893,2023_09_TEN_PIT,2023,9,69.0,52.38107877569421,2,2022,54.38288348033117,51.388434090895366
00-0036919,2023_09_DAL_PHI,2023,9,22.0,25.527230520740833,2,2022,28.75274524053879,24.945574302892375
00-0037197,2023_09_MIA_KC,2023,9,66.0,54.66401568446384,2,2022,53.951375580872856,57.508017475029575
00-0037228,2023_09_TEN_PIT,2023,9,88.0,26.105134011964406,2,2022,28.88489670913363,26.13668435510678
00-0037248,2023_09_BUF_CIN,2023,9,20.0,69.2899671147274,2,2022,70.99184488989684,67.34057833253223
00-0037256,2023_09_TB_HOU,2023,9,73.0,48.68810435841303,2,2022,48.500457608396,51.248814320706344
00-0037263,2023_09_MIN_ATL,2023,9,39.0,44.39106502118766,2,2022,45.353898870963434,45.60164183353855
00-0037267,2023_09_ARI_CLE,2023,9,44.0,51.59009582389637,2,2022,52.21268133351007,52.70857911597001
00-0037299,2023_09_ARI_CLE,2023,9,8.0,18.689998537465552,2,2022,20.71270447762489,20.459003107761664
00-0037746,2023_09_WAS_NE,2023,9,63.0,50.4334240151113,2,2022,49.885658360337885,53.3835684093708
00-0038120,2023_09_LAC_NYJ,2023,9,50.0,60.553655445886385,2,2022,64.40896385697681,56.1345972705776
00-0038134,2023_09_SEA_BAL,2023,9,16.0,59.38919080337782,2,2022,62.21529707234525,56.59309710711798
00-0038542,2023_09_MIN_ATL,2023,9,51.0,55.855249242830105,2,2022,55.24296199359044,58.45167337851798
00-0038551,2023_09_CHI_NO,2023,9,0.0,22.834155505666374,2,2022,25.903149587536262,22.7078685661547
00-0039021,2023_09_CHI_NO,2023,9,6.0,19.19921194578315,2,2022,21.049472423492343,21.18176720198219
00-0039032,2023_09_TEN_PIT,2023,9,18.0,25.259396038769317,2,2022,25.433351199840985,29.225804877123032
00-0039165,2023_09_SEA_BAL,2023,9,8.0,44.641634134465775,2,2022,47.0499300570599,43.68763088830115
00-0030513,2023_10_DEN_BUF,2023,10,68.0,26.319812427971343,2,2022,25.37280459226897,31.86085911343553
00-0030578,2023_10_ATL_ARI,2023,10,13.0,30.1931412308638,2,2022,31.540581430859323,32.010159978227165
00-0032764,2023_10_TEN_TB,2023,10,24.0,76.42477227648436,2,2022,81.27505039160992,69.21448865951017
00-0033045,2023_10_IND_NE,2023,10,54.0,29.213174304326508,2,2022,32.51260654987552,28.216361349160863
00-0033280,2023_10_SF_JAX,2023,10,95.0,61.874161695176404,2,2022,59.15563345498857,67.09551158149819
00-0033293,2023_10_GB_PIT,2023,10,35.0,46.61502901662279,2,2022,50.98962209334181,42.58117399697363
00-0033308,2023_10_NYG_DAL,2023,10,3.0,23.154648024297042,2,2022,26.074182975492405,23.223463062481944
00-0033526,2023_10_DEN_BUF,2023,10,8.0,15.651097695451707,2,2022,18.299151616282604,16.74452296847479
00-0033553,2023_10_ATL_ARI,2023,10,73.0,43.27009613070102,2,2022,42.88335913397214,46.57518100292823
00-0033699,2023_10_DET_LAC,2023,10,67.0,52.72931257556591,2,2022,54.09030507123855,52.65821165663441
00-0033893,2023_10_NYJ_LV,2023,10,26.0,20.665005921601804,2,2022,22.279694135175745,22.87544639739525
00-0033897,2023_10_HOU_CIN,2023,10,46.0,63.65903737520423,2,2022,63.213543537049105,65.36123012236432
00-0033906,2023_10_NO_MIN,2023,10,42.0,48.77838075230721,2,2022,47.60908855024117,52.78751707115927
00-0033923,2023_10_CLE_BAL,2023,10,32.0,40.36946510637444,2,2022,42.47244845361789,40.222400020719014
00-0033925,2023_10_CAR_CHI,2023,10,80.0,76.8894819027027,2,2022,77.0714944753865,76.56433054359431
00-0033948,2023_10_NO_MIN,2023,10,7.0,32.71773292572518,2,2022,34.99616203870786,32.94470960870317
00-0034184,2023_10_CLE_BAL,2023,10,24.0,40.98141790590538,2,2022,40.93456058441721,43.97212469566088
00-0034844,2023_10_NYG_DAL,2023,10,66.0,61.63777395324555,2,2022,60.184274332468505,65.0025141107022
00-0034972,2023_10_NO_MIN,2023,10,27.0,48.065449652213715,2,2022,47.81198788231326,50.77538370205928
00-0034975,2023_10_CLE_BAL,2023,10,7.0,38.73708590654876,2,2022,42.47813138690849,36.2958668344313
00-0035243,2023_10_CAR_CHI,2023,10,-5.0,30.12966377714733,2,2022,32.49049161767099,30.448956966262312
00-0035250,2023_10_HOU_CIN,2023,10,150.0,39.12048409424782,2,2022,39.009698710128035,42.36025713316678
00-0035261,2023_10_NYG_DAL,2023,10,55.0,62.927270996674146,2,2022,64.52146912475648,61.664988215080015
00-0035685,2023_10_DET_LAC,2023,10,116.0,56.43260771596125,2,2022,57.45383364421065,56.55845974388906
00-0035700,2023_10_NYJ_LV,2023,10,116.0,72.15381727775411,2,2022,73.62901949715835,70.3032340605962
00-0035860,2023_10_ATL_ARI,2023,10,13.0,23.824321587200203,2,2022,26.83187646488802,23.707082354087955
00-0036139,2023_10_NYG_DAL,2023,10,79.0,16.442935069083912,2,2022,18.893912796801256,17.76301498439449
00-0036223,2023_10_IND_NE,2023,10,69.0,53.40316471565887,2,2022,54.12170644963344,54.22904729697696
00-0036251,2023_10_IND_NE,2023,10,2.0,47.06258023203547,2,2022,48.44087147759836,47.435537576669375
00-0036265,2023_10_GB_PIT,2023,10,70.0,52.84439015263997,2,2022,54.09272327224791,52.93083914723687
00-0036297,2023_10_CAR_CHI,2023,10,5.0,24.155670492441033,2,2022,25.162162507855236,26.978805288464013
00-0036328,2023_10_WAS_SEA,2023,10,13.0,17.510290415067033,2,2022,17.186584390085763,22.85711845717655
00-0036370,2023_10_DET_LAC,2023,10,16.0,39.62637910744388,2,2022,39.43460835375636,42.94433054306654
00-0036555,2023_10_CAR_CHI,2023,10,23.0,52.194424767791645,2,2022,51.74636986787548,54.85071590877474
00-0036567,2023_10_SF_JAX,2023,10,23.0,22.614464365372395,2,2022,23.519796734973777,25.71538256735772
00-0036875,2023_10_IND_NE,2023,10,88.0,54.47190973637757,2,2022,55.56436692646682,54.654638390137976
00-0036893,2023_10_GB_PIT,2023,10,82.0,56.73844600968539,2,2022,57.49856378067795,57.22620489704518
00-0036973,2023_10_SF_JAX,2023,10,35.0,65.43831486367833,2,2022,65.73231220318972,65.89626086352717
00-0036997,2023_10_DEN_BUF,2023,10,79.0,61.31998897862474,2,2022,61.38830240635741,62.45402131993393
00-0037228,2023_10_GB_PIT,2023,10,101.0,29.60149190906653,2,2022,33.98764041606725,26.960748179567613
00-0037248,2023_10_DEN_BUF,2023,10,109.0,64.61830542650083,2,2022,65.3017668994461,64.56659533559767
00-0037256,2023_10_TEN_TB,2023,10,51.0,55.749477752843376,2,2022,53.4843241936883,60.80608746423347
00-0037263,2023_10_ATL_ARI,2023,10,31.0,53.36098271619977,2,2022,54.47930129753629,53.59744009676157
00-0037267,2023_10_CLE_BAL,2023,10,107.0,53.75396199912259,2,2022,53.18739655150841,56.45675006903654
00-0037299,2023_10_ATL_ARI,2023,10,2.0,24.608381681003518,2,2022,28.28551007921788,23.433086203746303
00-0037746,2023_10_WAS_SEA,2023,10,38.0,60.24083128318743,2,2022,62.93033462090275,57.57674535544602
00-0038120,2023_10_NYJ_LV,2023,10,28.0,63.03191404718857,2,2022,63.80751717142122,62.97504150614904
00-0038134,2023_10_WAS_SEA,2023,10,63.0,57.310053963487185,2,2022,57.21562244133678,59.01784138256721
00-0038542,2023_10_ATL_ARI,2023,10,95.0,57.08820852083892,2,2022,57.57003696563788,57.95971532983361
00-0038794,2023_10_DEN_BUF,2023,10,8.0,19.159922408335873,2,2022,22.633644626875128,18.73792701991569
00-0039021,2023_10_CAR_CHI,2023,10,18.0,22.625303170921708,2,2022,23.813103467232953,25.306385848443977
00-0039032,2023_10_TEN_TB,2023,10,18.0,23.389165061667157,2,2022,23.102403737098054,28.193900223641144
00-0039139,2023_10_DET_LAC,2023,10,77.0,49.53469304900023,2,2022,48.88273392598326,52.713865738258995
00-0039165,2023_10_WAS_SEA,2023,10,44.0,30.436068079813936,2,2022,31.12634116063927,33.207615953783005
00-0030513,2023_11_NYJ_BUF,2023,11,35.0,33.53999088035909,2,2022,35.02486631186777,34.87575523761488
00-0031376,2023_11_PHI_KC,2023,11,7.0,11.443224242544694,2,2022,14.418899013431604,12.39953468537284
00-0031687,2023_11_LV_MIA,2023,11,86.0,65.64762003703117,2,2022,67.77496600297975,63.369119549731025
00-0032764,2023_11_TEN_JAX,2023,11,38.0,63.13382193662762,2,2022,63.76280293134205,63.285962174127725
00-0033280,2023_11_TB_SF,2023,11,78.0,65.3712697753196,2,2022,63.48265156612089,69.07187914160248
00-0033293,2023_11_LAC_GB,2023,11,14.0,40.74101715255329,2,2022,43.73860180555089,39.23634274160795
00-0033308,2023_11_NYG_WAS,2023,11,-1.0,22.065946013214976,2,2022,25.49356477007883,21.471448267564288
00-0033526,2023_11_MIN_DEN,2023,11,7.0,17.589468177101303,2,2022,20.43458279883027,18.229955269296653
00-0033553,2023_11_ARI_HOU,2023,11,62.0,59.206825884802434,2,2022,56.35532531212635,64.84648629564005
00-0033699,2023_11_LAC_GB,2023,11,64.0,65.56504037852278,2,2022,67.79172977008403,63.14604553654809
00-0033893,2023_11_NYJ_BUF,2023,11,13.0,18.543927790263442,2,2022,21.245467066114372,19.31824099678831
00-0033897,2023_11_CIN_BAL,2023,11,69.0,62.482473891558705,2,2022,62.48951396859539,63.61102447489658
00-0033923,2023_11_PIT_CLE,2023,11,36.0,45.482753299198414,2,2022,48.134032894624056,44.098653058525414
00-0033925,2023_11_CHI_DET,2023,11,14.0,61.43733197197853,2,2022,61.74324230917509,62.209250294752984
00-0034184,2023_11_CIN_BAL,2023,11,62.0,58.78251696598407,2,2022,60.69277086700138,57.39503992575078
00-0034838,2023_11_SEA_LA,2023,11,73.0,36.80361174982405,2,2022,38.24059684380678,37.93988273873136
00-0034844,2023_11_NYG_WAS,2023,11,83.0,58.827862036405804,2,2022,57.0659250892981,62.88296850073612
00-0034959,2023_11_ARI_HOU,2023,11,0.0,11.727769574139813,2,2022,13.1973387314778,14.89424686953333
00-0034972,2023_11_MIN_DEN,2023,11,81.0,49.328160313949034,2,2022,49.09469439193975,51.90377199519983
00-0034975,2023_11_CIN_BAL,2023,11,1.0,28.581975064486112,2,2022,32.39347549066217,26.878017637824183
00-0035243,2023_11_DAL_CAR,2023,11,50.0,32.281991850609785,2,2022,34.72236386673916,32.304904414306364
00-0035250,2023_11_ARI_HOU,2023,11,112.0,61.10445410746192,2,2022,64.01492113497766,58.041064392122074
00-0035261,2023_11_DAL_CAR,2023,11,61.0,62.793790825734426,2,2022,62.473757720796065,64.38162895501155
00-0035567,2023_11_CHI_DET,2023,11,0.0,22.21456535915662,2,2022,25.2222074770825,22.230629187179577
00-0035664,2023_11_SEA_LA,2023,11,1.0,38.44000989396334,2,2022,39.10309778039856,40.588431463282866
00-0035685,2023_11_CHI_DET,2023,11,76.0,61.97321229423442,2,2022,60.76697138560539,64.94343081831741
00-0035700,2023_11_LV_MIA,2023,11,39.0,68.24661951957043,2,2022,68.93602471606246,67.88534369914288
00-0035860,2023_11_ARI_HOU,2023,11,10.0,14.975147413346999,2,2022,17.30786977788003,16.592280286671354
00-0036020,2023_11_LV_MIA,2023,11,6.0,13.28332033169036,2,2022,15.246297909782106,15.589068658385266
00-0036139,2023_11_DAL_CAR,2023,11,23.0,20.21801141102384,2,2022,22.95082083786647,20.8071823319237
00-0036265,2023_11_LAC_GB,2023,11,29.0,48.81788649874285,2,2022,47.07679736721933,53.67179826570819
00-0036275,2023_11_PHI_KC,2023,11,76.0,61.44199073537185,2,2022,61.37510470438034,62.76642895402016
00-0036370,2023_11_LAC_GB,2023,11,13.0,42.69337275813899,2,2022,46.163330473445754,40.32627648879094
00-0036555,2023_11_DAL_CAR,2023,11,57.0,43.70414390164128,2,2022,43.12750919303431,47.25489391003122
00-0036567,2023_11_TB_SF,2023,11,24.0,28.459154490470056,2,2022,30.038479701487375,30.075987157338687
00-0036893,2023_11_PIT_CLE,2023,11,35.0,52.20448134763055,2,2022,52.94005097391316,53.10446800721402
00-0036906,2023_11_CHI_DET,2023,11,35.0,48.795601850556615,2,2022,49.09365140088493,50.62704984915197
00-0036919,2023_11_PHI_KC,2023,11,1.0,26.902263552237297,2,2022,30.799135125292175,25.21092051590409
00-0036973,2023_11_TEN_JAX,2023,11,52.0,68.06329896864975,2,2022,68.86798699027332,67.54623896434427
00-0036997,2023_11_MIN_DEN,2023,11,37.0,58.97704810729999,2,2022,58.281668644467466,61.437943492605285
00-0037197,2023_11_PHI_KC,2023,11,89.0,55.99998123731398,2,2022,54.87064364943762,59.35126223656617
00-0037228,2023_11_PIT_CLE,2023,11,129.0,34.94479327451527,2,2022,37.43674189743582,34.670491738141926
00-0037248,2023_11_NYJ_BUF,2023,11,73.0,56.87605510370561,2,2022,56.66859176027065,58.78745768424811
00-0037256,2023_11_TB_SF,2023,11,30.0,54.132687986043415,2,2022,54.57217746294656,55.311971704057406
00-0037267,2023_11_PIT_CLE,2023,11,31.0,62.97329199884992,2,2022,62.35338540257191,64.9910031428591
00-0037276,2023_11_MIN_DEN,2023,11,73.0,41.972661995117164,2,2022,44.21434667773888,41.48699583394882
00-0037746,2023_11_NYG_WAS,2023,11,73.0,58.65774556170393,2,2022,60.4401772148297,57.47018801451494
00-0038120,2023_11_NYJ_BUF,2023,11,23.0,60.65022065109251,2,2022,64.08364690970033,56.84886493657833
00-0038134,2023_11_SEA_LA,2023,11,18.0,63.72985724312786,2,2022,66.05369659757098,61.31889427698895
00-0038794,2023_11_MIN_DEN,2023,11,1.0,20.911903549469752,2,2022,24.35539983209348,20.389515749227005
00-0039021,2023_11_CHI_DET,2023,11,30.0,19.509118107559228,2,2022,20.986219858383823,22.0194287746409
00-0039032,2023_11_TEN_JAX,2023,11,14.0,23.541796421712558,2,2022,23.592658649135657,27.833139847152275
00-0039040,2023_11_LV_MIA,2023,11,1.0,59.09825123240746,2,2022,60.526595084163674,58.399339031031715
00-0039139,2023_11_CHI_DET,2023,11,36.0,50.39704047731719,2,2022,50.0040352417749,53.12067063511683
00-0039165,2023_11_SEA_LA,2023,11,47.0,32.14417851600849,2,2022,32.10421771800295,35.857174288418896
00-0030513,2023_12_BUF_PHI,2023,12,30.0,25.74562257168517,2,2022,28.071185994692588,26.480610042850248
00-0030578,2023_12_NO_ATL,2023,12,43.0,34.18817727194816,2,2022,35.62987957312652,35.534244989643994
00-0031687,2023_12_MIA_NYJ,2023,12,94.0,67.41550005625507,2,2022,67.73777743033834,67.66761446314487
00-0032764,2023_12_CAR_TEN,2023,12,76.0,93.91225633851599,2,2022,96.0557346265726,89.26697807380779
00-0033045,2023_12_NE_NYG,2023,12,46.0,32.76411528082761,2,2022,36.32688494222519,31.082401332993467
00-0033280,2023_12_SF_SEA,2023,12,114.0,64.23845159002812,2,2022,63.36047537054609,66.53404505069014
00-0033308,2023_12_NE_NYG,2023,12,6.0,19.194791017263466,2,2022,21.54719705850979,20.432964789278643
00-0033526,2023_12_CLE_DEN,2023,12,55.0,15.328688772465718,2,2022,17.15150799283039,17.67277010305194
00-0033553,2023_12_LA_ARI,2023,12,27.0,64.20362591459818,2,2022,65.60320002111156,63.124199296428536
00-0033699,2023_12_BAL_LAC,2023,12,32.0,56.23902105363219,2,2022,57.873381824137056,55.47155981402306
00-0033893,2023_12_MIA_NYJ,2023,12,2.0,23.884068686059955,2,2022,26.83577466414619,23.84470829070722
00-0033897,2023_12_PIT_CIN,2023,12,16.0,66.56381104975372,2,2022,67.11184093835415,66.55170114976616
00-0033906,2023_12_NO_ATL,2023,12,69.0,52.075261153483325,2,2022,51.025768016401585,55.63344178087273
00-0033923,2023_12_CLE_DEN,2023,12,22.0,46.18770806257908,2,2022,45.47066441292381,49.74084074602967
00-0033948,2023_12_NO_ATL,2023,12,6.0,25.19928217148736,2,2022,26.807589501998084,27.04334086487859
00-0034184,2023_12_BAL_LAC,2023,12,26.0,47.2014727365212,2,2022,48.022668869821565,48.38916264684059
00-0034838,2023_12_LA_ARI,2023,12,77.0,64.19320110513706,2,2022,67.65426270129021,60.057181436146394
00-0034844,2023_12_NE_NYG,2023,12,46.0,63.35067603795627,2,2022,62.79184097499519,65.24652875749659
00-0034959,2023_12_JAX_HOU,2023,12,0.0,9.668126967659264,2,2022,12.923050843451673,10.357411793398228
00-0034972,2023_12_CHI_MIN,2023,12,52.0,54.686329493790325,2,2022,54.574500712030456,56.637399461532794
00-0034975,2023_12_BAL_LAC,2023,12,31.0,24.376503648893088,2,2022,27.606285477238043,23.88390232376532
00-0035243,2023_12_CAR_TEN,2023,12,28.0,36.0799659228474,2,2022,38.90467654538526,35.21804027316591
00-0035250,2023_12_JAX_HOU,2023,12,18.0,56.677369737503646,2,2022,57.08432646671803,57.69397551553854
00-0035261,2023_12_WAS_DAL,2023,12,79.0,55.47309182195928,2,2022,55.53933804870407,57.09483851388831
00-0035685,2023_12_GB_DET,2023,12,71.0,73.65247785523343,2,2022,74.42090027102957,72.72591832434341
00-0035700,2023_12_KC_LV,2023,12,110.0,69.25623667163708,2,2022,71.71857470481149,66.18178119004367
00-0035973,2023_12_GB_DET,2023,12,11.0,11.128080192825252,2,2022,13.625707146786244,12.819520683888085
00-0036139,2023_12_WAS_DAL,2023,12,11.0,16.643304871890187,2,2022,20.165116235784268,16.35858900053972
00-0036223,2023_12_TB_IND,2023,12,91.0,55.59965048179336,2,2022,55.45127667640346,57.52921648919633
00-0036251,2023_12_TB_IND,2023,12,55.0,42.97963098722429,2,2022,45.17381202421912,42.48095147500834
00-0036265,2023_12_GB_DET,2023,12,43.0,58.72501327453652,2,2022,61.9962266292072,55.32382078550464
00-0036275,2023_12_BUF_PHI,2023,12,80.0,62.33442946637913,2,2022,61.17311412920913,65.20807622078593
00-0036297,2023_12_MIA_NYJ,2023,12,16.0,19.92838931705261,2,2022,21.7253689315187,21.92952570136388
00-0036328,2023_12_WAS_DAL,2023,12,21.0,17.20061589947493,2,2022,17.100023822825815,22.24220547645249
00-0036370,2023_12_BAL_LAC,2023,12,8.0,36.177899829266735,2,2022,38.99081011981922,35.325357897733966
00-0036555,2023_12_CAR_TEN,2023,12,45.0,44.139414922032906,2,2022,43.94959392296597,47.08038976003238
00-0036567,2023_12_SF_SEA,2023,12,39.0,22.863192310857347,2,2022,24.070693329244367,25.495337630891683
00-0036875,2023_12_NE_NYG,2023,12,98.0,62.64890082993936,2,2022,64.42163017945664,61.144906819884675
00-0036893,2023_12_PIT_CIN,2023,12,99.0,56.483656499743844,2,2022,57.36794730972008,56.80836989765034
00-0036906,2023_12_CHI_MIN,2023,12,24.0,37.98058807213693,2,2022,38.62575176765615,40.19367497995213
00-0036919,2023_12_BUF_PHI,2023,12,26.0,24.057195527020227,2,2022,27.383734518113453,23.447558001768265
00-0036973,2023_12_JAX_HOU,2023,12,56.0,66.36215343519751,2,2022,68.05425591659844,64.66994873209497
00-0036997,2023_12_CLE_DEN,2023,12,65.0,55.33880625267257,2,2022,55.79646835255372,56.39116261956353
00-0037197,2023_12_KC_LV,2023,12,55.0,69.85011991023379,2,2022,71.29501294102913,68.23544233315127
00-0037228,2023_12_PIT_CIN,2023,12,49.0,37.8904402483357,2,2022,41.107812400661494,36.296075947847534
00-0037248,2023_12_BUF_PHI,2023,12,43.0,53.466791569611466,2,2022,53.36264070250056,55.507561493594814
00-0037256,2023_12_TB_IND,2023,12,100.0,49.998611515578,2,2022,48.407161175069376,54.532719150825216
00-0037258,2023_12_JAX_HOU,2023,12,14.0,42.512829802446426,2,2022,44.47615068795538,42.39523934692757
00-0037263,2023_12_NO_ATL,2023,12,64.0,42.54927477361353,2,2022,42.905649431906205,44.81197606886953
00-0037267,2023_12_CLE_DEN,2023,12,65.0,58.93139756980298,2,2022,59.064695552956,60.1670392459269
00-0037276,2023_12_CHI_MIN,2023,12,8.0,30.31587664315449,2,2022,30.97781077983359,33.13941754961363
00-0037746,2023_12_WAS_DAL,2023,12,53.0,55.31578458105181,2,2022,57.11058845659465,54.38689203972055
00-0037840,2023_12_LA_ARI,2023,12,143.0,71.95918408663266,2,2022,71.73657308690488,72.64281435782111
00-0038120,2023_12_MIA_NYJ,2023,12,25.0,58.17832652985611,2,2022,60.88093566584035,55.665763685611054
00-0038454,2023_12_BAL_LAC,2023,12,64.0,20.298270948572533,2,2022,24.480779151636593,18.73069515735113
00-0038542,2023_12_NO_ATL,2023,12,91.0,56.02667310792205,2,2022,56.66849865251886,56.74887367785735
00-0038705,2023_12_LA_ARI,2023,12,15.0,33.89663884800482,2,2022,36.72679756575751,33.207608606842996
00-0038794,2023_12_CLE_DEN,2023,12,4.0,21.243016328063103,2,2022,24.96768035264839,20.276173887286298
00-0039021,2023_12_CHI_MIN,2023,12,35.0,17.10547336312537,2,2022,19.470910557506983,18.49750344447667
00-0039032,2023_12_CAR_TEN,2023,12,6.0,27.13972275389678,2,2022,28.468255728358493,29.237880799213052
00-0039139,2023_12_GB_DET,2023,12,54.0,54.151750616146586,2,2022,55.275087091117385,54.315219168846106
00-0039165,2023_12_SF_SEA,2023,12,47.0,36.65383480475829,2,2022,38.35858866349856,37.40538447547448
00-0030578,2023_13_ATL_NYJ,2023,13,11.0,37.62205733816929,2,2022,39.29256100177341,38.34414873519404
00-0031687,2023_13_MIA_WAS,2023,13,43.0,60.225088868302045,2,2022,58.48516003799464,64.13173847953891
00-0032764,2023_13_IND_TEN,2023,13,102.0,91.09006149281598,2,2022,93.74054242889468,85.92676290176198
00-0033045,2023_13_LAC_NE,2023,13,52.0,23.951781932630304,2,2022,26.919191590098595,23.883518173987223
00-0033280,2023_13_SF_PHI,2023,13,93.0,68.41842290301716,2,2022,67.50993979254604,70.4127849076571
00-0033526,2023_13_DEN_HOU,2023,13,1.0,13.983644764312054,2,2022,16.194991249626522,15.862979539417374
00-0033553,2023_13_ARI_PIT,2023,13,105.0,50.84303722799842,2,2022,49.511665791553305,54.92141931249097
00-0033699,2023_13_LAC_NE,2023,13,18.0,54.08991003364302,2,2022,54.494530375832234,55.32445512390443
00-0033893,2023_13_ATL_NYJ,2023,13,35.0,24.329645170073444,2,2022,27.38669416951784,24.09711344758852
00-0033897,2023_13_CIN_JAX,2023,13,68.0,56.93516961533665,2,2022,56.53579189437838,59.126306473578126
00-0033906,2023_13_DET_NO,2023,13,51.0,53.1765632065361,2,2022,53.21980121714117,55.02279301905881
00-0033923,2023_13_CLE_LA,2023,13,48.0,34.877552426253224,2,2022,36.977904403802015,35.18961381814795
00-0033948,2023_13_DET_NO,2023,13,10.0,26.928637012908634,2,2022,28.933591659271045,28.041069592126235
00-0034838,2023_13_CLE_LA,2023,13,0.0,40.90062167092558,2,2022,43.47363096500012,40.01241878113245
00-0034959,2023_13_DEN_HOU,2023,13,0.0,12.426492298990095,2,2022,13.956319913503446,15.44568135382032
00-0035243,2023_13_CAR_TB,2023,13,23.0,34.8365238008053,2,2022,38.14302007873077,33.363115368363026
00-0035250,2023_13_DEN_HOU,2023,13,36.0,61.84541497029681,2,2022,62.94391183385431,61.40799726185767
00-0035261,2023_13_SEA_DAL,2023,13,68.0,58.1032308359023,2,2022,57.747140228774526,60.13334679174295
00-0035567,2023_13_DET_NO,2023,13,0.0,19.52826876836409,2,2022,20.584410568226883,22.66133102991599
00-0035628,2023_13_CIN_JAX,2023,13,4.0,27.485936081055907,2,2022,32.73833806018609,23.735782587973603
00-0035685,2023_13_DET_NO,2023,13,56.0,62.71327566264562,2,2022,62.8244473287279,63.66825427576896
00-0035973,2023_13_KC_GB,2023,13,29.0,12.880518887154949,2,2022,13.93881386878406,16.561418677476723
00-0036139,2023_13_SEA_DAL,2023,13,15.0,15.681022986813876,2,2022,18.303872500987,16.80934920799886
00-0036251,2023_13_IND_TEN,2023,13,51.0,54.5486281614255,2,2022,55.46241495030804,54.98998934787963
00-0036265,2023_13_KC_GB,2023,13,73.0,54.161302090994425,2,2022,56.204180788781784,52.960176829629035
00-0036275,2023_13_SF_PHI,2023,13,13.0,59.99420651228924,2,2022,58.14877444926536,64.07646910143382
00-0036328,2023_13_MIA_WAS,2023,13,35.0,18.636078159257686,2,2022,19.085716227172956,22.742618792902437
00-0036370,2023_13_LAC_NE,2023,13,16.0,30.080690782754488,2,2022,31.674122607313063,31.542192588213105
00-0036555,2023_13_CAR_TB,2023,13,104.0,49.711705769227,2,2022,50.37965494062779,50.918608249791475
00-0036567,2023_13_SF_PHI,2023,13,13.0,27.608131591270517,2,2022,28.667527347460428,30.066629202091917
00-0036875,2023_13_LAC_NE,2023,13,39.0,56.59376101846737,2,2022,58.279556634949046,55.720610793428065
00-0036893,2023_13_ARI_PIT,2023,13,63.0,66.0918773437609,2,2022,68.68166299491072,63.09069354270477
00-0036919,2023_13_SF_PHI,2023,13,5.0,21.08691822423244,2,2022,23.75319811046003,21.70273765254179
00-0036924,2023_13_ARI_PIT,2023,13,25.0,14.857353530371494,2,2022,17.594938359128466,15.88378602162694
00-0036973,2023_13_CIN_JAX,2023,13,45.0,72.16760840931374,2,2022,75.6213355216091,67.38146933140145
00-0036997,2023_13_DEN_HOU,2023,13,46.0,59.58567459638656,2,2022,57.62625875936224,63.870853266992384
00-0037197,2023_13_KC_GB,2023,13,110.0,72.45282188684615,2,2022,73.6567226147752,70.97983002791102
00-0037228,2023_13_ARI_PIT,2023,13,59.0,45.5859418101579,2,2022,49.389178584613894,42.484784238510834
00-0037256,2023_13_CAR_TB,2023,13,84.0,62.76296997910496,2,2022,65.42460126932193,59.93116227028738
00-0037258,2023_13_DEN_HOU,2023,13,41.0,38.991868598000565,2,2022,40.46251486841357,39.896831355057955
00-0037263,2023_13_ATL_NYJ,2023,13,26.0,45.99489291910494,2,2022,49.30061846349682,43.59771206002184
00-0037267,2023_13_CLE_LA,2023,13,19.0,55.227675127629205,2,2022,53.64634111408634,59.313342628387275
00-0037746,2023_13_MIA_WAS,2023,13,53.0,46.89002700358223,2,2022,47.618910242233845,48.24044477120947
00-0037840,2023_13_CLE_LA,2023,13,88.0,65.66878068514504,2,2022,66.42051308248087,65.42874209641747
00-0038120,2023_13_ATL_NYJ,2023,13,16.0,54.082365708874995,2,2022,55.275050473750255,54.1487329284608
00-0038542,2023_13_ATL_NYJ,2023,13,53.0,68.67735528398893,2,2022,69.6110880897158,67.91800585243962
00-0038794,2023_13_DEN_HOU,2023,13,15.0,18.90990909475419,2,2022,22.47505075388604,18.37305021424904
00-0039032,2023_13_IND_TEN,2023,13,75.0,20.18162048965932,2,2022,21.30342215275725,23.163144310450072
00-0039040,2023_13_MIA_WAS,2023,13,73.0,33.75963783524014,2,2022,31.42248588737555,40.74576512897926
00-0039139,2023_13_DET_NO,2023,13,60.0,52.07523832366356,2,2022,52.392842614470986,53.60583549902239
00-0039165,2023_13_SEA_DAL,2023,13,60.0,40.92959148099891,2,2022,43.94464852239005,39.38337232183553
00-0030513,2023_14_BUF_KC,2023,14,9.0,29.47723752316636,2,2022,31.180215641927667,30.826287911404
00-0030578,2023_14_TB_ATL,2023,14,7.0,34.59477493232333,2,2022,37.201002465634,34.17999570437712
00-0031376,2023_14_BUF_KC,2023,14,19.0,11.570302864759174,2,2022,14.905163180946518,11.983360360793906
00-0031687,2023_14_TEN_MIA,2023,14,96.0,53.16593015100555,2,2022,55.37693262566874,51.79796143905957
00-0032764,2023_14_TEN_MIA,2023,14,34.0,75.65740991566145,2,2022,80.83951594608502,68.01858839401513
00-0033045,2023_14_NE_PIT,2023,14,68.0,44.11716283548547,2,2022,46.621591170318695,43.06405592106646
00-0033280,2023_14_SEA_SF,2023,14,145.0,74.94509186899634,2,2022,77.65516406821911,71.03166568109035
00-0033308,2023_14_GB_NYG,2023,14,16.0,20.922216952925897,2,2022,22.35770460206756,23.377115258434223
00-0033526,2023_14_DEN_LAC,2023,14,8.0,11.138686911522795,2,2022,12.523715920234286,14.479377342313509
00-0033699,2023_14_DEN_LAC,2023,14,51.0,59.76943656509121,2,2022,62.01990539603842,57.79557040816152
00-0033893,2023_14_HOU_NYJ,2023,14,13.0,23.242137433458524,2,2022,26.32158014727786,23.066536237926268
00-0033897,2023_14_IND_CIN,2023,14,79.0,71.05508277864237,2,2022,71.04482742894332,71.4987025032462
00-0033906,2023_14_CAR_NO,2023,14,56.0,64.50766285622086,2,2022,65.58615540126648,63.87924085998512
00-0033923,2023_14_JAX_CLE,2023,14,27.0,31.720257871964762,2,2022,32.59287202978159,34.114923642163745
00-0033925,2023_14_DET_CHI,2023,14,50.0,52.39417758663506,2,2022,54.711232181612175,50.93289008092597
00-0033948,2023_14_CAR_NO,2023,14,43.0,31.899537630136194,2,2022,33.86682478971628,32.65579884874637
00-0034184,2023_14_LA_BAL,2023,14,15.0,47.87535845925008,2,2022,49.22208583727617,48.22775810793543
00-0034838,2023_14_LA_BAL,2023,14,9.0,32.889357636560064,2,2022,34.35312344684409,34.31036123034391
00-0034844,2023_14_GB_NYG,2023,14,86.0,67.8918129429293,2,2022,68.52841071879985,67.63826733815196
00-0034959,2023_14_HOU_NYJ,2023,14,0.0,12.500229234680084,2,2022,12.206741659563004,18.217522552308917
00-0034972,2023_14_MIN_LV,2023,14,66.0,60.616511266072735,2,2022,62.30931372453355,59.39952381390968
00-0034975,2023_14_LA_BAL,2023,14,0.0,27.932247025514933,2,2022,31.548916274195687,26.571105726291275
00-0035243,2023_14_CAR_NO,2023,14,74.0,36.61280725998534,2,2022,40.38308693183114,34.30431117098267
00-0035250,2023_14_HOU_NYJ,2023,14,65.0,47.46865642586877,2,2022,51.36967901937054,44.066411690334625
00-0035261,2023_14_PHI_DAL,2023,14,59.0,56.27807568533289,2,2022,54.53538472940114,60.51598921707907
00-0035567,2023_14_DET_CHI,2023,14,0.0,18.968091413396294,2,2022,21.096010594999285,20.55799982815003
00-0035628,2023_14_JAX_CLE,2023,14,12.0,18.17350720268164,2,2022,21.83139429358338,17.560134886314497
00-0035685,2023_14_DET_CHI,2023,14,66.0,73.04962071037374,2,2022,73.17892522121748,73.12092785392554
00-0035700,2023_14_MIN_LV,2023,14,34.0,67.85782692370779,2,2022,67.52437457805617,69.04581036740558
00-0035726,2023_14_MIN_LV,2023,14,0.0,8.080237721564854,2,2022,10.423029945187103,10.253953688907878
00-0035973,2023_14_GB_NYG,2023,14,30.0,13.865267292619478,2,2022,15.92998316838565,15.971886843478613
00-0036139,2023_14_PHI_DAL,2023,14,46.0,13.464225554659976,2,2022,16.30196995198672,14.45758439534395
00-0036251,2023_14_IND_CIN,2023,14,28.0,64.86828676874813,2,2022,65.25100516119166,65.24189731716729
00-0036265,2023_14_GB_NYG,2023,14,53.0,66.8773260773134,2,2022,70.569975387028,62.17534464850536
00-0036275,2023_14_PHI_DAL,2023,14,39.0,52.595401460490656,2,2022,53.88571515795327,52.64022637003075
00-0036370,2023_14_DEN_LAC,2023,14,6.0,38.284888505433315,2,2022,40.272773290818975,38.481319968340195
00-0036425,2023_14_SEA_SF,2023,14,0.0,12.82061483376297,2,2022,14.750584604977652,15.213671669277437
00-0036555,2023_14_CAR_NO,2023,14,87.0,57.463436814116186,2,2022,57.591666808067416,58.828274029646245
00-0036893,2023_14_NE_PIT,2023,14,29.0,56.10770456773036,2,2022,56.41031606514393,57.326287512077
00-0036906,2023_14_DET_CHI,2023,14,8.0,30.95890389738664,2,2022,30.78850910956506,34.96359767050743
00-0036919,2023_14_PHI_DAL,2023,14,28.0,25.435770815484627,2,2022,25.24776694490494,29.924392839509014
00-0036973,2023_14_JAX_CLE,2023,14,35.0,67.31874193705076,2,2022,69.04819631468412,65.49184798171645
00-0036997,2023_14_DEN_LAC,2023,14,66.0,59.38517336564804,2,2022,58.519313735046275,62.06508382772276
00-0037228,2023_14_NE_PIT,2023,14,11.0,38.29603639423546,2,2022,40.538451095977265,38.11404245776588
00-0037248,2023_14_BUF_KC,2023,14,58.0,56.32169218356429,2,2022,56.46164914843616,57.763775797856034
00-0037256,2023_14_TB_ATL,2023,14,102.0,60.14778981408874,2,2022,61.48834051661385,59.4920903092694
00-0037258,2023_14_HOU_NYJ,2023,14,9.0,54.78708817168754,2,2022,56.67753814981768,53.76016344205535
00-0037263,2023_14_TB_ATL,2023,14,40.0,30.20680789832995,2,2022,31.973763565913195,31.400497186737777
00-0037267,2023_14_JAX_CLE,2023,14,51.0,47.61737883827368,2,2022,46.11285286337364,52.21994621922825
00-0037276,2023_14_MIN_LV,2023,14,35.0,35.18818810688725,2,2022,35.627937373294735,37.93739324803035
00-0037840,2023_14_LA_BAL,2023,14,114.0,69.29010918289481,2,2022,69.86072350785851,69.01852115325632
00-0038120,2023_14_HOU_NYJ,2023,14,40.0,52.26160004416768,2,2022,52.76562105138262,53.50026920885332
00-0038134,2023_14_SEA_SF,2023,14,21.0,45.76227724186775,2,2022,47.51433689273357,45.688668785387165
00-0038454,2023_14_LA_BAL,2023,14,54.0,33.771819491525626,2,2022,36.839034324652566,32.74155010110553
00-0038542,2023_14_TB_ATL,2023,14,34.0,65.11349416439322,2,2022,65.69912452539215,65.16583436394822
00-0038794,2023_14_DEN_LAC,2023,14,25.0,19.240523317458038,2,2022,22.95002869387832,18.462149488518325
00-0039021,2023_14_DET_CHI,2023,14,6.0,29.04583643219197,2,2022,30.978695690866953,30.08970161726672
00-0039032,2023_14_TEN_MIA,2023,14,29.0,32.56686945854391,2,2022,35.70817468180413,31.52659239773499
00-0039040,2023_14_TEN_MIA,2023,14,47.0,59.191851757126116,2,2022,57.25436348067539,63.47715288604276
00-0039139,2023_14_DET_CHI,2023,14,66.0,46.41586315050747,2,2022,48.75506259063672,45.417273503980546
00-0039165,2023_14_SEA_SF,2023,14,44.0,44.29241291238717,2,2022,44.85390399546236,46.10641110778906
00-0030513,2023_15_DAL_BUF,2023,15,11.0,27.571878885667243,2,2022,29.350700257753317,28.966378639917753
00-0030578,2023_15_ATL_CAR,2023,15,-2.0,31.740882855915906,2,2022,33.37505603375833,33.00434680497077
00-0031376,2023_15_KC_NE,2023,15,11.0,14.106713629199795,2,2022,15.551789179295936,17.112327854229108
00-0031687,2023_15_NYJ_MIA,2023,15,42.0,78.41678005863912,2,2022,81.76687204713252,73.26635261248092
00-0032764,2023_15_HOU_TEN,2023,15,9.0,72.24193231165754,2,2022,73.4676760417931,70.75402501166941
00-0033045,2023_15_KC_NE,2023,15,25.0,43.78453766161937,2,2022,47.35721283394681,41.17465139618603
00-0033280,2023_15_SF_ARI,2023,15,115.0,84.72519632130988,2,2022,86.3933663804684,81.54637670593121
00-0033293,2023_15_TB_GB,2023,15,53.0,28.793315432796273,2,2022,32.47871961052088,27.258857361018556
00-0033308,2023_15_NYG_NO,2023,15,10.0,20.090390057315,2,2022,22.814154314556134,20.703554669415475
00-0033526,2023_15_DEN_DET,2023,15,37.0,12.808088711167189,2,2022,13.829577456462076,16.549580718610535
00-0033553,2023_15_SF_ARI,2023,15,86.0,55.224195215227184,2,2022,52.659429938377976,60.768709111610576
00-0033699,2023_15_LAC_LV,2023,15,9.0,59.96785704658769,2,2022,63.001533781326565,56.81594348384847
00-0033893,2023_15_NYJ_MIA,2023,15,4.0,23.043518593349333,2,2022,26.06070096417125,22.976721163180603
00-0033897,2023_15_MIN_CIN,2023,15,47.0,68.6112349951733,2,2022,71.22481079374006,65.365938101529
00-0033906,2023_15_NYG_NO,2023,15,66.0,61.69663794045869,2,2022,62.18185330766853,62.18112948144959
00-0033923,2023_15_CHI_CLE,2023,15,8.0,32.60351805144403,2,2022,34.006938365732026,34.137715154907006
00-0033925,2023_15_CHI_CLE,2023,15,-6.0,58.65675354318311,2,2022,58.2316781171883,60.74330164786747
00-0033948,2023_15_NYG_NO,2023,15,24.0,39.60889388760654,2,2022,42.67485381253317,38.09665147869471
00-0034184,2023_15_BAL_JAX,2023,15,58.0,46.025147508620414,2,2022,46.83821411621879,47.32239999504006
00-0034838,2023_15_WAS_LA,2023,15,16.0,32.997341145415874,2,2022,33.81927188633722,35.36131985183553
00-0034844,2023_15_NYG_NO,2023,15,14.0,67.36878120228229,2,2022,68.2486316906294,66.7978138437036
00-0034959,2023_15_HOU_TEN,2023,15,0.0,9.711683006108919,2,2022,12.451831295112976,11.160837398817794
00-0034975,2023_15_BAL_JAX,2023,15,23.0,23.21091094514381,2,2022,25.263369828714836,24.56105024137298
00-0035243,2023_15_ATL_CAR,2023,15,2.0,30.78363747250898,2,2022,33.623995598089365,30.33751638011492
00-0035250,2023_15_HOU_TEN,2023,15,121.0,51.81208091177218,2,2022,52.17277897494563,53.3005774311922
00-0035261,2023_15_DAL_BUF,2023,15,52.0,56.340453408439345,2,2022,54.75284388383227,60.343190294602735
00-0035567,2023_15_DEN_DET,2023,15,0.0,19.665832238928576,2,2022,19.69115436208341,24.316333083073275
00-0035628,2023_15_BAL_JAX,2023,15,5.0,16.886209939303136,2,2022,20.326353836251844,16.70248330157235
00-0035685,2023_15_DEN_DET,2023,15,85.0,72.99571918298241,2,2022,75.18311896274054,70.01906816390118
00-0035726,2023_15_LAC_LV,2023,15,0.0,7.689111041515808,2,2022,10.423029945187103,9.315155115979294
00-0035973,2023_15_TB_GB,2023,15,6.0,13.344189600426283,2,2022,14.359422203327057,17.050522968615677
00-0036139,2023_15_DAL_BUF,2023,15,4.0,17.244739452986693,2,2022,20.468597889103336,17.352074151661046
00-0036251,2023_15_PIT_IND,2023,15,13.0,61.54985921125424,2,2022,61.022329546711944,63.548551340286735
00-0036275,2023_15_PHI_SEA,2023,15,74.0,55.807995909071714,2,2022,54.13047056044921,59.9882251132679
00-0036328,2023_15_WAS_LA,2023,15,15.0,22.915136413245786,2,2022,22.753825718846866,27.573103948930488
00-0036360,2023_15_KC_NE,2023,15,37.0,37.25418853122236,2,2022,40.650498859409794,35.44717418281551
00-0036370,2023_15_LAC_LV,2023,15,22.0,27.2724065710978,2,2022,29.213230144748188,28.451458961793374
00-0036425,2023_15_PHI_SEA,2023,15,0.0,8.768718396311096,2,2022,10.64806305458592,11.572720016576376
00-0036555,2023_15_ATL_CAR,2023,15,87.0,56.04228271347243,2,2022,55.31480968532612,58.794039337365845
00-0036893,2023_15_PIT_IND,2023,15,33.0,61.85386049431039,2,2022,63.39510423528615,60.75909086954323
00-0036906,2023_15_CHI_CLE,2023,15,8.0,29.59637654730362,2,2022,30.78233197800771,31.702364187093465
00-0036919,2023_15_PHI_SEA,2023,15,21.0,22.92831082660126,2,2022,24.166432985777544,25.509643302344156
00-0036924,2023_15_SF_ARI,2023,15,27.0,10.071713006404853,2,2022,13.183844924282091,10.93932390619322
00-0036973,2023_15_BAL_JAX,2023,15,31.0,66.30375636206767,2,2022,66.94250610406712,66.1786528778211
00-0036997,2023_15_DEN_DET,2023,15,27.0,59.389013701833875,2,2022,58.25958882493636,62.45950777459785
00-0037228,2023_15_PIT_IND,2023,15,40.0,44.23503599586833,2,2022,47.08431878510688,42.660694067225
00-0037248,2023_15_DAL_BUF,2023,15,179.0,56.33948946464777,2,2022,58.8135467525515,54.31832000574698
00-0037256,2023_15_TB_GB,2023,15,89.0,67.11031361237275,2,2022,68.16402209437425,66.30291631537578
00-0037258,2023_15_HOU_TEN,2023,15,3.0,33.255221194712966,2,2022,35.93677983746305,32.83975142710071
00-0037263,2023_15_ATL_CAR,2023,15,45.0,39.1417822490382,2,2022,42.10134297477825,37.82606266363032
00-0037267,2023_15_CHI_CLE,2023,15,20.0,49.89559034862693,2,2022,49.32469914555771,52.924613924605566
00-0037276,2023_15_MIN_CIN,2023,15,132.0,45.75063595352538,2,2022,48.55747121107202,44.11362144799003
00-0037840,2023_15_WAS_LA,2023,15,152.0,71.20594801837476,2,2022,71.38734707470624,71.3528138474245
00-0038120,2023_15_NYJ_MIA,2023,15,12.0,51.351449107408115,2,2022,51.78220991331367,52.77421506220706
00-0038134,2023_15_PHI_SEA,2023,15,86.0,59.821440652210796,2,2022,61.5337710662559,58.64139395550885
00-0038396,2023_15_NYG_NO,2023,15,0.0,21.070170106126785,2,2022,23.68434610498789,21.76465470329386
00-0038454,2023_15_BAL_JAX,2023,15,73.0,28.00798497068228,2,2022,31.00451776504836,27.560309713142345
00-0038542,2023_15_ATL_CAR,2023,15,11.0,66.44911875339852,2,2022,67.54877693153787,65.62837835346784
00-0038705,2023_15_SF_ARI,2023,15,64.0,20.291475877995115,2,2022,22.258054324524046,22.01097869146771
00-0038794,2023_15_DEN_DET,2023,15,2.0,20.099674074792226,2,2022,23.038885400116328,20.392532789356533
00-0039021,2023_15_CHI_CLE,2023,15,36.0,22.044528028889232,2,2022,25.0555875941286,22.069617701485647
00-0039032,2023_15_HOU_TEN,2023,15,30.0,29.831227549057623,2,2022,31.323466225278793,31.46349007638057
00-0039040,2023_15_NYJ_MIA,2023,15,32.0,53.28095788765711,2,2022,54.73839653274985,53.02108884408142
00-0039139,2023_15_DEN_DET,2023,15,100.0,58.63941812012503,2,2022,60.43375268815935,57.43572614300486
00-0039165,2023_15_PHI_SEA,2023,15,16.0,38.51932507266883,2,2022,40.554914374621646,38.62557204983439
00-0030578,2023_16_IND_ATL,2023,16,26.0,35.65558830835395,2,2022,37.32164153892335,36.54728060306691
00-0031687,2023_16_DAL_MIA,2023,16,46.0,64.24245342562708,2,2022,64.75633038021554,64.4734138018355
00-0032764,2023_16_SEA_TEN,2023,16,88.0,84.57145581202772,2,2022,90.1387341713703,75.62248913834864
00-0033045,2023_16_NE_DEN,2023,16,27.0,46.172808652881415,2,2022,48.70924387287231,44.90183914646512
00-0033280,2023_16_BAL_SF,2023,16,103.0,68.83291707460015,2,2022,66.6649440598889,72.66091094984654
00-0033293,2023_16_GB_CAR,2023,16,127.0,42.507130773130434,2,2022,46.468708465677736,39.42633496867827
00-0033308,2023_16_NYG_PHI,2023,16,0.0,22.322515652945963,2,2022,25.385838192640687,22.247050106527983
00-0033526,2023_16_NE_DEN,2023,16,2.0,15.236371498697928,2,2022,17.2438065664328,17.31429540393924
00-0033553,2023_16_ARI_CHI,2023,16,45.0,50.787720604888406,2,2022,48.27901985785526,56.61682213594565
00-0033699,2023_16_BUF_LAC,2023,16,65.0,39.888928883396886,2,2022,40.4952374737191,42.001460943339175
00-0033897,2023_16_CIN_PIT,2023,16,43.0,68.47697033152457,2,2022,70.69570955127853,65.8283972075995
00-0033906,2023_16_NO_LA,2023,16,19.0,52.58901170165282,2,2022,52.78725605962969,54.25404876322549
00-0033923,2023_16_CLE_HOU,2023,16,11.0,32.16430086976892,2,2022,34.232278510632014,32.74927867271434
00-0033948,2023_16_NO_LA,2023,16,8.0,31.727352260978783,2,2022,35.28231346577076,30.14315641125067
00-0034184,2023_16_BAL_SF,2023,16,31.0,47.41171644883321,2,2022,48.27348367086895,48.52180702745754
00-0034844,2023_16_NYG_PHI,2023,16,80.0,56.16192043046229,2,2022,55.5536460509951,58.726973024047965
00-0034959,2023_16_CLE_HOU,2023,16,0.0,8.949823365141325,2,2022,11.114640952636046,11.315419310394066
00-0034972,2023_16_DET_MIN,2023,16,-1.0,39.90747036711804,2,2022,40.51649695045163,42.01443438506148
00-0034975,2023_16_BAL_SF,2023,16,26.0,20.42340603405103,2,2022,22.390844272664136,22.130697992096543
00-0035243,2023_16_GB_CAR,2023,16,3.0,38.406599855639335,2,2022,41.66355127885857,36.71074989760812
00-0035250,2023_16_CLE_HOU,2023,16,44.0,55.908271408827986,2,2022,55.3237978131759,58.45904923770272
00-0035261,2023_16_DAL_MIA,2023,16,38.0,54.29774215124403,2,2022,53.60524058017845,57.14223620628077
00-0035628,2023_16_JAX_TB,2023,16,2.0,17.287469709191974,2,2022,20.83316060045561,16.913942631319305
00-0035685,2023_16_DET_MIN,2023,16,55.0,60.648532826715474,2,2022,59.28474050100112,63.96222331059434
00-0035973,2023_16_GB_CAR,2023,16,4.0,13.1887922363801,2,2022,13.295609078543196,18.25530655520757
00-0036139,2023_16_DAL_MIA,2023,16,4.0,16.898974429252934,2,2022,19.892410661358745,17.376715981847827
00-0036223,2023_16_IND_ATL,2023,16,43.0,56.63499056332835,2,2022,54.32832571350845,61.679766957388225
00-0036265,2023_16_GB_CAR,2023,16,12.0,60.44871825373828,2,2022,61.43201790609415,60.29792514440514
00-0036275,2023_16_NYG_PHI,2023,16,92.0,62.750452944995196,2,2022,63.68265060984965,62.48466036635876
00-0036328,2023_16_WAS_NYJ,2023,16,30.0,22.446790783002612,2,2022,23.404750494114808,25.483554151582172
00-0036360,2023_16_LV_KC,2023,16,6.0,45.0089547835205,2,2022,47.29744076566844,44.20219828858357
00-0036370,2023_16_BUF_LAC,2023,16,-2.0,25.94637183560121,2,2022,28.4613973911024,26.38372196208055
00-0036425,2023_16_SEA_TEN,2023,16,2.0,9.298613433960456,2,2022,10.842074048675364,12.556852361189538
00-0036555,2023_16_GB_CAR,2023,16,43.0,65.77364889680189,2,2022,65.17468808971716,67.52817352070159
00-0036893,2023_16_CIN_PIT,2023,16,78.0,48.085127957717525,2,2022,50.00717273058689,47.56686845767294
00-0036906,2023_16_ARI_CHI,2023,16,112.0,38.75091761327136,2,2022,40.97917484024436,38.55221603914006
00-0036919,2023_16_NYG_PHI,2023,16,41.0,27.18779417813163,2,2022,28.55218121334163,29.228791301233688
00-0036924,2023_16_ARI_CHI,2023,16,0.0,12.77481419728903,2,2022,16.433759864527786,12.607368718331632
00-0036973,2023_16_JAX_TB,2023,16,12.0,64.90855281431999,2,2022,65.72683262464109,64.63283083003579
00-0036984,2023_16_IND_ATL,2023,16,3.0,46.3173780518284,2,2022,46.79841466173146,48.082851762087735
00-0036997,2023_16_NE_DEN,2023,16,24.0,49.43964701336692,2,2022,49.58631607319991,51.44222738938999
00-0037197,2023_16_LV_KC,2023,16,26.0,71.74785140744845,2,2022,71.47420693434741,72.52468836750708
00-0037228,2023_16_CIN_PIT,2023,16,24.0,42.29356085851486,2,2022,45.44701058420998,40.429027926154454
00-0037248,2023_16_BUF_LAC,2023,16,70.0,65.60429071472112,2,2022,69.00152593801099,61.44596894987038
00-0037256,2023_16_JAX_TB,2023,16,39.0,62.78803377861862,2,2022,61.5597531580273,65.72339966573658
00-0037258,2023_16_CLE_HOU,2023,16,6.0,32.15143744128813,2,2022,34.48134796027427,32.34900057305639
00-0037263,2023_16_IND_ATL,2023,16,69.0,49.6514112593425,2,2022,50.22046806756897,51.009981927817
00-0037267,2023_16_CLE_HOU,2023,16,25.0,46.867872529991786,2,2022,44.688813109472264,52.532988218497145
00-0037276,2023_16_DET_MIN,2023,16,17.0,55.299605101777466,2,2022,56.0201673522141,55.96529533503821
00-0037840,2023_16_NO_LA,2023,16,104.0,69.88962659428435,2,2022,71.12795862021653,68.57803146005139
00-0038040,2023_16_LV_KC,2023,16,145.0,50.64772745569869,2,2022,50.55935505770149,52.89876763148208
00-0038045,2023_16_BUF_LAC,2023,16,1.0,30.836771934966073,2,2022,32.67294370148905,31.875587018833865
00-0038120,2023_16_WAS_NYJ,2023,16,95.0,45.01306573703625,2,2022,45.23664090561083,47.26850288725798
00-0038134,2023_16_SEA_TEN,2023,16,54.0,65.9753564139734,2,2022,67.54113468785347,64.50256867665446
00-0038389,2023_16_WAS_NYJ,2023,16,43.0,14.619939157785218,2,2022,17.198824012893397,15.901423830314467
00-0038542,2023_16_IND_ATL,2023,16,72.0,60.61262851550518,2,2022,60.925387828852095,61.44274845015529
00-0038705,2023_16_ARI_CHI,2023,16,10.0,23.974956126984846,2,2022,26.767805980717316,24.1636666173564
00-0038794,2023_16_NE_DEN,2023,16,37.0,19.532441332252972,2,2022,22.904765983202008,19.229953839520384
00-0039021,2023_16_ARI_CHI,2023,16,37.0,26.278730845576252,2,2022,27.31206300423015,28.886078026961055
00-0039032,2023_16_SEA_TEN,2023,16,40.0,32.422056664924085,2,2022,35.82917965692705,30.999540391930648
00-0039040,2023_16_DAL_MIA,2023,16,24.0,46.62703222458914,2,2022,47.74243874391987,47.42598471236921
00-0039139,2023_16_DET_MIN,2023,16,80.0,46.65155178270986,2,2022,48.44657979864188,46.44050375583108
00-0039165,2023_16_SEA_TEN,2023,16,0.0,36.67974858966676,2,2022,39.96547199845177,35.08436443156694
00-0030513,2023_17_NE_BUF,2023,17,0.0,22.751204801680835,2,2022,23.498086860928545,26.07579126599717
00-0032144,2023_17_MIA_BAL,2023,17,10.0,18.726562483864782,2,2022,21.37262449382289,19.568017212353695
00-0032764,2023_17_TEN_HOU,2023,17,42.0,67.55769469935495,2,2022,71.73942261080997,62.07394970772098
00-0033045,2023_17_NE_BUF,2023,17,39.0,44.40350462624466,2,2022,45.16302110811733,45.91459672716964
00-0033280,2023_17_SF_WAS,2023,17,64.0,75.49388387507418,2,2022,73.16083911799238,79.01457433247325
00-0033293,2023_17_GB_MIN,2023,17,120.0,46.407859312538314,2,2022,47.35897570650867,47.46864288013463
00-0033526,2023_17_LAC_DEN,2023,17,10.0,15.377983325091186,2,2022,17.23232478471902,17.671227009704133
00-0033553,2023_17_ARI_PHI,2023,17,128.0,51.5317837677896,2,2022,49.05676287854831,57.24925835587617
00-0033699,2023_17_LAC_DEN,2023,17,46.0,56.67556068814485,2,2022,58.26905508486417,55.93252495316948
00-0033854,2023_17_TEN_HOU,2023,17,0.0,12.737498736198045,2,2022,14.38876106002855,15.550804864383435
00-0033897,2023_17_CIN_KC,2023,17,65.0,57.789239398501486,2,2022,58.7178181702766,57.94004835372329
00-0033906,2023_17_NO_TB,2023,17,45.0,53.43470518476956,2,2022,52.29366534042554,57.01597751333214
00-0033923,2023_17_NYJ_CLE,2023,17,31.0,32.114594673455116,2,2022,33.57868125469977,33.59934250634836
00-0033948,2023_17_NO_TB,2023,17,58.0,24.760591709647358,2,2022,26.904881788144586,25.84608045844069
00-0034184,2023_17_MIA_BAL,2023,17,68.0,46.130091675777756,2,2022,46.95036865326746,47.40795142891585
00-0034844,2023_17_LA_NYG,2023,17,39.0,62.161708322907636,2,2022,61.93514753472823,63.66330793188155
00-0034972,2023_17_GB_MIN,2023,17,17.0,37.15469115813247,2,2022,36.632759713131755,41.16719217544734
00-0034975,2023_17_MIA_BAL,2023,17,48.0,31.470410996560098,2,2022,32.77580395393906,33.24391863917738
00-0035243,2023_17_CAR_JAX,2023,17,10.0,30.029152038801875,2,2022,33.245417703089785,29.088049794453568
00-0035250,2023_17_TEN_HOU,2023,17,80.0,46.125263933722714,2,2022,46.16780275371686,48.55701186645384
00-0035261,2023_17_DET_DAL,2023,17,49.0,54.28499247195668,2,2022,54.46286395802571,55.83966559374389
00-0035628,2023_17_CAR_JAX,2023,17,0.0,20.658420704881046,2,2022,22.19929002480035,22.97889015938302
00-0035685,2023_17_DET_DAL,2023,17,65.0,58.19373643168131,2,2022,60.08634793458254,56.88122931822903
00-0035726,2023_17_LV_IND,2023,17,0.0,10.155747778923947,2,2022,12.692412226199394,11.869887018021863
00-0035973,2023_17_GB_MIN,2023,17,30.0,10.302496239392513,2,2022,12.93138618065574,11.867688979827086
00-0036223,2023_17_LV_IND,2023,17,96.0,62.07614986254949,2,2022,61.60370951243081,63.94951313824096
00-0036265,2023_17_GB_MIN,2023,17,27.0,35.93191139905242,2,2022,37.40326478458561,37.089464800034534
00-0036275,2023_17_ARI_PHI,2023,17,61.0,69.52243549848404,2,2022,69.4979324721955,70.1142273028074
00-0036328,2023_17_SF_WAS,2023,17,19.0,20.2534818244627,2,2022,21.296084550671765,23.346511513118365
00-0036370,2023_17_LAC_DEN,2023,17,2.0,27.76073017629416,2,2022,28.60456541650916,30.52628351840276
00-0036425,2023_17_PIT_SEA,2023,17,0.0,9.104354615613818,2,2022,10.64806305458592,12.378328070890207
00-0036555,2023_17_CAR_JAX,2023,17,45.0,55.09294765089892,2,2022,54.20057708796484,58.1679592527487
00-0036567,2023_17_SF_WAS,2023,17,80.0,23.64567755054488,2,2022,24.113205877017915,27.31043964240446
00-0036893,2023_17_PIT_SEA,2023,17,122.0,51.79569799286915,2,2022,51.22896057495327,54.66106132419269
00-0036906,2023_17_ATL_CHI,2023,17,124.0,45.0505630833047,2,2022,42.797975873584825,50.97536666143562
00-0036919,2023_17_ARI_PHI,2023,17,5.0,28.562346950298387,2,2022,29.880385509165215,30.558148490482996
00-0036924,2023_17_ARI_PHI,2023,17,61.0,9.238172850682398,2,2022,12.621585307871843,9.772531037547296
00-0036973,2023_17_CAR_JAX,2023,17,102.0,64.41648187780501,2,2022,65.75752549041329,63.40622008397267
00-0036984,2023_17_LV_IND,2023,17,32.0,34.29172953002637,2,2022,31.60687987521107,41.74943326719628
00-0036997,2023_17_LAC_DEN,2023,17,41.0,47.17069046190546,2,2022,48.35499222327,47.822398492781126
00-0037197,2023_17_CIN_KC,2023,17,130.0,60.557227969840675,2,2022,59.33802519690626,63.66404137013069
00-0037228,2023_17_PIT_SEA,2023,17,75.0,38.789631009211526,2,2022,41.486319366577504,37.89297549318593
00-0037248,2023_17_NE_BUF,2023,17,48.0,65.67332822836329,2,2022,64.03957080026905,68.97090794671762
00-0037256,2023_17_NO_TB,2023,17,42.0,63.39310584071752,2,2022,65.41360556523918,61.45994872662143
00-0037258,2023_17_TEN_HOU,2023,17,16.0,33.50083957311592,2,2022,35.83891554593643,33.57444052428916
00-0037263,2023_17_ATL_CHI,2023,17,13.0,30.218910184163505,2,2022,31.355837897897565,32.34601065957792
00-0037267,2023_17_NYJ_CLE,2023,17,64.0,48.14706868374739,2,2022,46.36090734293357,53.123432453970224
00-0037276,2023_17_GB_MIN,2023,17,40.0,62.084930842401114,2,2022,64.89378789574671,59.09097051879356
00-0037746,2023_17_SF_WAS,2023,17,44.0,39.221269030436,2,2022,40.920838852306375,39.76769307582121
00-0037840,2023_17_LA_NYG,2023,17,87.0,76.25104437778256,2,2022,76.07746377232414,76.50620447433212
00-0038040,2023_17_LV_IND,2023,17,71.0,59.258166723088245,2,2022,56.30353649761971,65.04652634270967
00-0038045,2023_17_LAC_DEN,2023,17,-1.0,35.277209775543305,2,2022,36.43123043842675,36.95967747171299
00-0038120,2023_17_NYJ_CLE,2023,17,84.0,54.035763155419275,2,2022,53.29417145257401,56.97477973358606
00-0038134,2023_17_PIT_SEA,2023,17,53.0,69.36156231468851,2,2022,69.80974927752702,69.26562743066815
00-0038389,2023_17_NYJ_CLE,2023,17,3.0,12.430451884297307,2,2022,14.976052459297367,13.94278779161295
00-0038396,2023_17_LA_NYG,2023,17,2.0,21.932801035863665,2,2022,24.04225273373238,23.30435482713259
00-0038542,2023_17_ATL_CHI,2023,17,75.0,64.13827525679153,2,2022,65.94608492294634,62.458798501286054
00-0038705,2023_17_ARI_PHI,2023,17,0.0,25.14026511086333,2,2022,28.66010900015321,24.154155516165257
00-0038794,2023_17_LAC_DEN,2023,17,44.0,24.360696405448397,2,2022,28.131208600483728,23.067431066664454
00-0039021,2023_17_ATL_CHI,2023,17,21.0,25.135845870900432,2,2022,28.537929227702335,24.324756948889696
00-0039032,2023_17_TEN_HOU,2023,17,0.0,29.46630448239616,2,2022,31.182077305382,30.797284879058076
00-0039040,2023_17_MIA_BAL,2023,17,107.0,51.257011634872946,2,2022,51.397539546252375,53.11805906382784
00-0039139,2023_17_DET_DAL,2023,17,43.0,54.35447292915964,2,2022,55.62790033461509,54.278533263788134
00-0039165,2023_17_PIT_SEA,2023,17,2.0,34.78630116067044,2,2022,37.20975245655655,34.62672755927972
00-0030578,2023_18_ATL_NO,2023,18,20.0,29.842297819614288,2,2022,30.82037373380525,32.23621375454552
00-0032104,2023_18_DEN_LV,2023,18,0.0,18.863298937284608,2,2022,19.425928212524852,22.78342444918472
00-0032144,2023_18_PIT_BAL,2023,18,18.0,18.99677879739611,2,2022,21.48860148512647,20.04459254357375
00-0032764,2023_18_JAX_TEN,2023,18,153.0,62.48730922208531,2,2022,62.779722789984845,63.19221257419301
00-0033045,2023_18_NYJ_NE,2023,18,54.0,50.07503912519612,2,2022,51.19475466380575,50.58179600081602
00-0033293,2023_18_CHI_GB,2023,18,111.0,50.151962995397206,2,2022,51.33024603501755,50.565480353780075
00-0033526,2023_18_DEN_LV,2023,18,7.0,15.296767530082736,2,2022,16.511545669746962,18.54529972573163
00-0033553,2023_18_SEA_ARI,2023,18,150.0,65.67443156246921,2,2022,64.77579416589128,67.881640104618
00-0033699,2023_18_KC_LAC,2023,18,11.0,56.01150525681967,2,2022,58.514216151079445,53.975025291252805
00-0033854,2023_18_HOU_IND,2023,18,0.0,9.960191642285489,2,2022,10.991595341558488,13.923040225163554
00-0033897,2023_18_CLE_CIN,2023,18,111.0,58.30281581468786,2,2022,58.02714065222246,60.19712151777577
00-0033923,2023_18_CLE_CIN,2023,18,0.0,31.93978328323672,2,2022,34.21024563537934,32.24305984868475
00-0033948,2023_18_ATL_NO,2023,18,26.0,38.988238485947306,2,2022,41.35596730532865,38.56301069985018
00-0034115,2023_18_BUF_MIA,2023,18,45.0,14.727197119141934,2,2022,16.063762683960356,17.84231414570279
00-0034184,2023_18_PIT_BAL,2023,18,48.0,61.04829040955501,2,2022,63.0880096790271,59.28098957760559
00-0034838,2023_18_LA_SF,2023,18,2.0,37.60390674538323,2,2022,40.03307222414457,37.20230735892909
00-0034844,2023_18_PHI_NYG,2023,18,46.0,59.968064187510855,2,2022,59.81382507204119,61.54423207110716
00-0034959,2023_18_HOU_IND,2023,18,0.0,9.848860499972012,2,2022,11.4442347107263,12.984494838442776
00-0034972,2023_18_MIN_DET,2023,18,24.0,39.95706235228475,2,2022,39.504574737999896,43.63428090867897
00-0034975,2023_18_PIT_BAL,2023,18,0.0,23.047230643128522,2,2022,23.33662454765664,27.025794692051157
00-0035243,2023_18_TB_CAR,2023,18,18.0,30.42050118754068,2,2022,34.4743844208581,28.204663017558936
00-0035250,2023_18_HOU_IND,2023,18,63.0,60.44445999958343,2,2022,61.602846038581866,60.034343710088734
00-0035261,2023_18_DAL_WAS,2023,18,70.0,57.85307273468484,2,2022,57.67160929528826,59.644929193497944
00-0035567,2023_18_MIN_DET,2023,18,0.0,18.65714528780272,2,2022,20.29039593366247,21.00648649816661
00-0035628,2023_18_JAX_TEN,2023,18,-1.0,14.742342572177023,2,2022,17.6906492168138,15.46578012828423
00-0035685,2023_18_MIN_DET,2023,18,40.0,57.23056010305107,2,2022,58.652587097728045,56.69582926656758
00-0035726,2023_18_DEN_LV,2023,18,0.0,9.010089739729313,2,2022,10.535555220729208,12.318933503050843
00-0035973,2023_18_CHI_GB,2023,18,0.0,10.495828147168885,2,2022,13.233431794006412,11.883758907035483
00-0036139,2023_18_DAL_WAS,2023,18,46.0,14.515060316592276,2,2022,17.002603272436787,15.940710434161964
00-0036223,2023_18_HOU_IND,2023,18,188.0,62.45816194231771,2,2022,63.68572577463355,61.77853043514196
00-0036251,2023_18_HOU_IND,2023,18,30.0,43.69944397447659,2,2022,45.23799180792402,44.11348957042995
00-0036328,2023_18_DAL_WAS,2023,18,8.0,22.143041616000215,2,2022,23.25428077882678,24.97764911428984
00-0036360,2023_18_KC_LAC,2023,18,1.0,29.58026236722681,2,2022,33.4793543501775,27.66364725480215
00-0036370,2023_18_KC_LAC,2023,18,1.0,24.735937939472237,2,2022,27.149325892830714,25.424362683917337
00-0036425,2023_18_SEA_ARI,2023,18,0.0,10.200826623109496,2,2022,10.907938368202934,14.624696641606583
00-0036555,2023_18_TB_CAR,2023,18,83.0,52.62233340056205,2,2022,50.70564792743185,57.42132761666501
00-0036567,2023_18_LA_SF,2023,18,52.0,37.611353532178136,2,2022,37.56108017841259,40.88647087264109
00-0036893,2023_18_PIT_BAL,2023,18,112.0,61.9912648083286,2,2022,64.1590856023284,59.95580955707446
00-0036906,2023_18_CHI_GB,2023,18,28.0,54.266098278500884,2,2022,53.27538823048681,57.5554976937396
00-0036919,2023_18_PHI_NYG,2023,18,62.0,28.97180943392137,2,2022,27.927139453948655,34.43787829793895
00-0036924,2023_18_SEA_ARI,2023,18,17.0,11.222070180454093,2,2022,13.506846938772144,13.22140469893477
00-0036973,2023_18_JAX_TEN,2023,18,57.0,65.8989543894348,2,2022,65.39348527156328,67.50443198492356
00-0036997,2023_18_DEN_LV,2023,18,32.0,53.02390733850413,2,2022,54.18111904509933,53.230621224423096
00-0037228,2023_18_PIT_BAL,2023,18,33.0,41.68684807610893,2,2022,43.932573330478505,41.21888028790015
00-0037248,2023_18_BUF_MIA,2023,18,36.0,62.67470812748666,2,2022,63.35840575272761,62.78375227734624
00-0037256,2023_18_TB_CAR,2023,18,75.0,68.08608297736424,2,2022,70.19917144879541,65.62660440645641
00-0037258,2023_18_HOU_IND,2023,18,0.0,38.267626490430125,2,2022,40.63864532264107,37.89725060160946
00-0037263,2023_18_ATL_NO,2023,18,24.0,31.762478509386504,2,2022,33.41869021681398,32.99146635917674
00-0037267,2023_18_CLE_CIN,2023,18,6.0,44.34529897736695,2,2022,43.589175265308874,48.10910954480645
00-0037276,2023_18_MIN_DET,2023,18,69.0,50.64197281339543,2,2022,50.89092193122892,52.39319780375
00-0037746,2023_18_DAL_WAS,2023,18,25.0,54.15016876422445,2,2022,57.04119519880447,51.69205166448124
00-0038040,2023_18_DEN_LV,2023,18,112.0,58.92051670711325,2,2022,58.00064255374014,61.71905313278313
00-0038120,2023_18_NYJ_NE,2023,18,178.0,52.98331736836842,2,2022,53.0448505153162,54.818431204991526
00-0038134,2023_18_SEA_ARI,2023,18,78.0,64.21043865052468,2,2022,66.97786838943537,61.101737464278344
00-0038389,2023_18_NYJ_NE,2023,18,6.0,13.963872740714411,2,2022,16.937960478847632,14.713600789741918
00-0038396,2023_18_PHI_NYG,2023,18,19.0,19.341813980960815,2,2022,21.33711230203777,21.097438772802587
00-0038542,2023_18_ATL_NO,2023,18,28.0,63.82070471604627,2,2022,65.95382715911822,61.68506968740702
00-0038551,2023_18_ATL_NO,2023,18,73.0,22.136855609596385,2,2022,24.87001228285774,22.566458813432433
00-0038794,2023_18_DEN_LV,2023,18,6.0,26.09457688492768,2,2022,29.55104236353636,25.1233630531089
00-0039021,2023_18_CHI_GB,2023,18,20.0,26.661285014971003,2,2022,28.13419509466134,28.58497045031489
00-0039032,2023_18_JAX_TEN,2023,18,25.0,30.158422236817202,2,2022,31.38887921878912,32.151820339277734
00-0039040,2023_18_BUF_MIA,2023,18,56.0,48.94877222827915,2,2022,49.79639815322156,49.95242989024335
00-0039139,2023_18_MIN_DET,2023,18,30.0,50.273789389289234,2,2022,51.73848509438662,50.25242091225282
00-0039165,2023_18_SEA_ARI,2023,18,32.0,39.93957741075263,2,2022,41.43747114793982,40.72557314991385
00-0030513,2023_19_PIT_BUF,2023,19,0.0,27.294364570016285,2,2022,29.548716760717586,28.006592677795258
00-0031687,2023_19_MIA_KC,2023,19,33.0,55.35390465320983,2,2022,55.9197811027034,56.24451339853586
00-0033293,2023_19_GB_DAL,2023,19,118.0,53.681550321126004,2,2022,54.109563310528785,54.9152499126827
00-0033854,2023_19_CLE_HOU,2023,19,0.0,9.050942305004305,2,2022,10.991595341558488,11.740622037355976
00-0033923,2023_19_CLE_HOU,2023,19,26.0,23.255039630842337,2,2022,24.039746412344176,26.481764263073774
00-0034115,2023_19_MIA_KC,2023,19,0.0,21.44592435270593,2,2022,22.9261506076488,23.791059392852723
00-0034959,2023_19_CLE_HOU,2023,19,0.0,9.808650954423262,2,2022,12.14795973179934,11.844265419800514
00-0035250,2023_19_CLE_HOU,2023,19,66.0,56.64228080602054,2,2022,56.28648795587835,58.79305307574021
00-0035261,2023_19_GB_DAL,2023,19,56.0,54.92967720041857,2,2022,53.967594479175375,58.12161456745748
00-0035685,2023_19_LA_DET,2023,19,57.0,57.46229675277441,2,2022,55.30104438065579,62.22283202684885
00-0035973,2023_19_GB_DAL,2023,19,6.0,8.814092472211646,2,2022,10.451507077301262,11.97314714000882
00-0036139,2023_19_GB_DAL,2023,19,11.0,27.303296377398937,2,2022,30.03586949083707,27.3055195846316
00-0036275,2023_19_PHI_TB,2023,19,34.0,54.83489843681547,2,2022,55.65712052955908,55.38833321436813
00-0036360,2023_19_MIA_KC,2023,19,21.0,24.011484913262663,2,2022,27.15757541521328,23.673265183523373
00-0036893,2023_19_PIT_BUF,2023,19,37.0,60.9543757583116,2,2022,62.088346092118826,60.53820433181255
00-0036919,2023_19_PHI_TB,2023,19,3.0,22.877045867473107,2,2022,23.429333470651585,26.47981056460377
00-0037197,2023_19_MIA_KC,2023,19,89.0,57.870658723725924,2,2022,54.281463160054365,64.71517255281805
00-0037228,2023_19_PIT_BUF,2023,19,38.0,32.43846299574817,2,2022,34.258952001851156,33.367773747189574
00-0037248,2023_19_PIT_BUF,2023,19,79.0,65.65395470616198,2,2022,65.75370329943456,66.38212279866761
00-0037256,2023_19_PHI_TB,2023,19,72.0,60.61288752812951,2,2022,60.412812206978714,62.20358722605761
00-0037258,2023_19_CLE_HOU,2023,19,0.0,32.098307716137725,2,2022,33.90195435189447,33.080793338225796
00-0037267,2023_19_CLE_HOU,2023,19,17.0,40.0625428531779,2,2022,40.32915130239975,42.66450407853578
00-0037557,2023_19_LA_DET,2023,19,9.0,39.093246865202325,2,2022,39.34183657401368,41.80227705078828
00-0037840,2023_19_LA_DET,2023,19,61.0,71.96486326068393,2,2022,70.25863645487324,74.8484202147034
00-0039040,2023_19_MIA_KC,2023,19,9.0,56.80382954880768,2,2022,56.46662996010769,58.91363481481446
00-0039139,2023_19_LA_DET,2023,19,25.0,48.730161760160364,2,2022,48.52272970371377,51.3167298032345
00-0030513,2023_20_KC_BUF,2023,20,0.0,22.47621437061086,2,2022,22.983226355924867,26.179353627664785
00-0033280,2023_20_GB_SF,2023,20,98.0,66.17410811709988,2,2022,64.9027874228013,68.89263690701645
00-0033293,2023_20_GB_SF,2023,20,108.0,58.74552905722224,2,2022,60.175329635568175,58.07369342633161
00-0033854,2023_20_HOU_BAL,2023,20,7.0,9.059641322248286,2,2022,10.991595341558488,11.761501781416154
00-0033893,2023_20_HOU_BAL,2023,20,23.0,15.300367067953633,2,2022,17.99332806023399,16.35626125451037
00-0034184,2023_20_HOU_BAL,2023,20,40.0,45.27676395845714,2,2022,46.88081739082356,45.46291231860057
00-0034975,2023_20_HOU_BAL,2023,20,66.0,25.311675005089622,2,2022,25.83783798609751,28.75137991351834
00-0035250,2023_20_HOU_BAL,2023,20,22.0,56.01820441550401,2,2022,53.95492575662792,60.75313237824317
00-0035567,2023_20_TB_DET,2023,20,1.0,18.386912342525026,2,2022,19.699037653254862,21.234924240853665
00-0035685,2023_20_TB_DET,2023,20,33.0,61.90734485961321,2,2022,61.08677308564784,64.31102505905076
00-0035973,2023_20_GB_SF,2023,20,0.0,7.9544324226772645,2,2022,10.192988101285732,10.293172882068925
00-0036360,2023_20_KC_BUF,2023,20,31.0,28.103611870982355,2,2022,31.63820117651508,26.85000152001301
00-0037197,2023_20_KC_BUF,2023,20,97.0,58.783275272692,2,2022,55.84499017658165,64.58675659545183
00-0037248,2023_20_KC_BUF,2023,20,61.0,63.93855209107033,2,2022,64.50340191254382,64.119103335152
00-0037256,2023_20_TB_DET,2023,20,55.0,64.4219788826544,2,2022,66.63793895421315,62.113645228054025
00-0037258,2023_20_HOU_BAL,2023,20,0.0,33.294528035776395,2,2022,35.06417729135012,34.22828172437477
00-0039139,2023_20_TB_DET,2023,20,74.0,41.00203496614488,2,2022,41.16044208327126,43.686598643320856
00-0033280,2023_21_DET_SF,2023,21,90.0,68.63718443819701,2,2022,65.85451211484342,73.39308250815246
00-0034184,2023_21_KC_BAL,2023,21,20.0,44.99272557213372,2,2022,47.15038849330794,44.381342124910375
00-0034975,2023_21_KC_BAL,2023,21,3.0,30.453141682166176,2,2022,33.06480823998365,30.373595018007386
00-0035567,2023_21_DET_SF,2023,21,0.0,17.930489489989093,2,2022,19.36411883306353,20.636127744074383
00-0035685,2023_21_DET_SF,2023,21,93.0,59.062278478524284,2,2022,59.10938581444528,60.41490352525791
00-0036360,2023_21_KC_BAL,2023,21,1.0,27.9359118252267,2,2022,31.91539562268852,26.03636504265856
00-0036567,2023_21_DET_SF,2023,21,7.0,46.617250817288046,2,2022,44.50789240343646,52.199764738662445
00-0037197,2023_21_KC_BAL,2023,21,68.0,61.07713023948083,2,2022,58.90513120114382,65.55397123330229
00-0039139,2023_21_DET_SF,2023,21,45.0,40.133090348176374,2,2022,41.28090382473894,41.42226091322921
00-0031376,2023_22_SF_KC,2023,22,0.0,12.822767325749467,2,2022,13.865893625211369,16.5309512855321
00-0033280,2023_22_SF_KC,2023,22,80.0,71.47625502647776,2,2022,69.11628504071432,75.36989978700625
00-0036360,2023_22_SF_KC,2023,22,0.0,24.022110451032475,2,2022,27.48609465873445,23.211531783539503
00-0036567,2023_22_SF_KC,2023,22,8.0,27.613213064219394,2,2022,28.674762922456505,30.06809465578267
00-0037197,2023_22_SF_KC,2023,22,59.0,60.6400971829803,2,2022,57.925353213134954,65.9581259189874
00-0032764,2024_02_LV_BAL,2024,2,84.0,69.54349659635508,3,2023,65.65322481239329,73.57299054505717
00-0033045,2024_02_NO_DAL,2024,2,16.0,41.10392201280399,3,2023,41.92528701575001,42.97138915654012
00-0033293,2024_02_SF_MIN,2024,2,32.0,60.78573222473357,3,2023,60.025747536747915,62.49217755616765
00-0033553,2024_02_LA_ARI,2024,2,122.0,73.02917898610559,3,2023,72.91563462489871,73.02676481436592
00-0033699,2024_02_NYG_WAS,2024,2,38.0,17.42359825061302,3,2023,15.138549471427512,24.427897197045432
00-0033897,2024_02_CHI_HOU,2024,2,25.0,82.16689118428735,3,2023,78.07516900534274,85.29102240136032
00-0033906,2024_02_NO_DAL,2024,2,115.0,57.95721966711813,3,2023,57.3895175967406,59.7213217305935
00-0034184,2024_02_LAC_CAR,2024,2,59.0,44.423406936325314,3,2023,45.691263691113406,45.559905570401
00-0034844,2024_02_ATL_PHI,2024,2,95.0,77.7819255882709,3,2023,75.5826450232816,79.42207450952596
00-0034972,2024_02_LV_BAL,2024,2,1.0,26.680212234047847,3,2023,27.666985015153426,29.646082935563264
00-0034975,2024_02_LV_BAL,2024,2,22.0,20.467651502627515,3,2023,19.435775288476098,25.96901069056464
00-0035243,2024_02_LAC_CAR,2024,2,20.0,21.11535651600961,3,2023,26.5166972088458,20.211519741786397
00-0035250,2024_02_NYG_WAS,2024,2,95.0,51.03939603359917,3,2023,52.856341351646925,51.05533628501144
00-0035261,2024_02_NYJ_TEN,2024,2,62.0,72.05178166784606,3,2023,71.65114023417937,72.41817815867884
00-0035685,2024_02_TB_DET,2024,2,35.0,65.29588437846348,3,2023,63.700367591292135,67.43236375531177
00-0035700,2024_02_IND_GB,2024,2,151.0,79.3491969978846,3,2023,79.15555179800043,78.87302075492383
00-0036139,2024_02_NO_DAL,2024,2,30.0,23.31111207488936,3,2023,29.00362697582251,21.927872020874013
00-0036158,2024_02_LAC_CAR,2024,2,131.0,75.03763645621379,3,2023,82.59741567272226,67.28721790512927
00-0036223,2024_02_IND_GB,2024,2,103.0,74.27109138400633,3,2023,75.44716559997318,72.88740345136767
00-0036251,2024_02_CIN_KC,2024,2,34.0,40.863276044983934,3,2023,43.345366843611686,41.11292539052693
00-0036275,2024_02_CHI_HOU,2024,2,18.0,52.833946855176166,3,2023,56.36349378177526,51.00285871786995
00-0036555,2024_02_LAC_CAR,2024,2,64.0,35.98034544332926,3,2023,40.92899657695547,34.22300717717509
00-0036875,2024_02_SEA_NE,2024,2,81.0,64.68860122147825,3,2023,62.25192658843656,67.70828568126925
00-0036893,2024_02_PIT_DEN,2024,2,69.0,75.97927051937793,3,2023,77.75748957623509,73.85194978497054
00-0036973,2024_02_CLE_JAX,2024,2,52.0,55.54511674816873,3,2023,59.05537679569457,53.49591704697281
00-0036997,2024_02_PIT_DEN,2024,2,17.0,32.10118827230337,3,2023,36.29947795823453,31.42364284775482
00-0037197,2024_02_CIN_KC,2024,2,90.0,60.17258481714225,3,2023,59.64530954290996,61.7030153820035
00-0037248,2024_02_BUF_MIA,2024,2,78.0,65.633388412047,3,2023,61.38090654379562,70.3623400376431
00-0037256,2024_02_TB_DET,2024,2,18.0,48.464533723780725,3,2023,50.054526511011595,48.92966114233086
00-0037267,2024_02_CLE_JAX,2024,2,64.0,51.92025452081194,3,2023,56.10613901436847,49.52138785127882
00-0037276,2024_02_SF_MIN,2024,2,82.0,18.721108782251402,3,2023,21.280817854156577,20.830925047273688
00-0037525,2024_02_SF_MIN,2024,2,100.0,65.90897071968004,3,2023,69.80735529867536,62.57023428283624
00-0037746,2024_02_NYG_WAS,2024,2,133.0,54.75262295124277,3,2023,54.69807401274513,56.29063047863558
00-0037840,2024_02_LA_ARI,2024,2,25.0,63.5295167790316,3,2023,68.60715003329149,59.23518275407211
00-0038040,2024_02_LV_BAL,2024,2,24.0,35.47438668173963,3,2023,39.0180508054869,35.14779863338817
00-0038120,2024_02_NYJ_TEN,2024,2,62.0,61.471900174353515,3,2023,62.72050652393913,61.136173222147406
00-0038542,2024_02_ATL_PHI,2024,2,97.0,62.03855040077091,3,2023,61.44616613362197,63.470017965557425
00-0038794,2024_02_PIT_DEN,2024,2,6.0,34.57882464707781,3,2023,35.89943529475539,36.52436411001599
00-0039032,2024_02_NYJ_TEN,2024,2,20.0,27.9379234519664,3,2023,29.964341700740928,29.767821388964514
00-0039040,2024_02_BUF_MIA,2024,2,96.0,46.54799032601256,3,2023,47.02191621142125,48.282133767702305
00-0039139,2024_02_TB_DET,2024,2,84.0,44.777180377384276,3,2023,48.29675569181778,43.66065367187791
00-0039165,2024_02_SEA_NE,2024,2,38.0,22.9672168226689,3,2023,28.731199697463076,21.543529805682617
00-0032764,2024_03_BAL_DAL,2024,3,151.0,80.92022857516594,3,2023,79.00898732668031,82.00162372513833
00-0033045,2024_03_BAL_DAL,2024,3,6.0,32.38819773162083,3,2023,33.58364513949487,34.648865977710564
00-0033293,2024_03_HOU_MIN,2024,3,102.0,62.082228821727234,3,2023,64.12227741076109,60.912091638288615
00-0033553,2024_03_DET_ARI,2024,3,17.0,70.2804358802936,3,2023,66.22413415287629,74.40931476509371
00-0033699,2024_03_WAS_CIN,2024,3,35.0,26.15388713866428,3,2023,28.458501866993338,27.865298981923292
00-0033906,2024_03_PHI_NO,2024,3,87.0,77.61765254417762,3,2023,75.082146920715,79.60396993439221
00-0033925,2024_03_NYG_CLE,2024,3,5.0,33.530785088540156,3,2023,35.45714845286303,34.970216341167884
00-0034184,2024_03_LAC_PIT,2024,3,9.0,32.196566630400405,3,2023,30.383314262286245,37.443095382065096
00-0034844,2024_03_PHI_NO,2024,3,147.0,70.14859004295224,3,2023,66.25215235131112,74.13124154120769
00-0034972,2024_03_CAR_LV,2024,3,7.0,19.51681647600162,3,2023,19.502367361807796,24.09730918674834
00-0034975,2024_03_BAL_DAL,2024,3,33.0,21.94715592776283,3,2023,22.85028970147006,25.409562673964547
00-0035243,2024_03_CAR_LV,2024,3,17.0,31.974589179997857,3,2023,33.376067016125226,34.06811693324274
00-0035250,2024_03_NYG_CLE,2024,3,65.0,60.26203377800396,3,2023,60.86318007778931,60.67107123855352
00-0035261,2024_03_GB_TEN,2024,3,14.0,69.4488165218109,3,2023,69.50334654792614,69.59371258903354
00-0035685,2024_03_DET_ARI,2024,3,105.0,46.607524480593526,3,2023,48.53045159481107,46.90653133232789
00-0035700,2024_03_GB_TEN,2024,3,43.0,79.60107875102128,3,2023,82.39691985252372,76.15273249288575
00-0036139,2024_03_BAL_DAL,2024,3,32.0,21.63786515713047,3,2023,25.44844946341753,22.258143346330098
00-0036158,2024_03_LAC_PIT,2024,3,44.0,53.107873825300615,3,2023,53.473472172966275,54.375129462771234
00-0036223,2024_03_CHI_IND,2024,3,110.0,59.730030206159405,3,2023,54.99697482017532,65.44959353425553
00-0036251,2024_03_WAS_CIN,2024,3,58.0,51.47986025705831,3,2023,52.90463491439334,51.84428216550168
00-0036275,2024_03_CHI_IND,2024,3,20.0,58.1398421852856,3,2023,56.360501058339295,61.08366156236957
00-0036555,2024_03_CAR_LV,2024,3,114.0,48.710125014284316,3,2023,51.99175259972385,47.48440154918806
00-0036875,2024_03_NE_NYJ,2024,3,23.0,70.46161578852144,3,2023,64.54711030838558,76.40839264658042
00-0036893,2024_03_LAC_PIT,2024,3,70.0,53.61167449275894,3,2023,57.52186763455233,51.336922864190626
00-0036973,2024_03_JAX_BUF,2024,3,68.0,62.32025117217854,3,2023,64.44767299990768,61.043071086945034
00-0036997,2024_03_DEN_TB,2024,3,12.0,49.30861303269033,3,2023,47.654227617472735,52.90158429679468
00-0037228,2024_03_LAC_PIT,2024,3,5.0,24.292448454248625,3,2023,26.25509014331321,26.504151264785563
00-0037248,2024_03_JAX_BUF,2024,3,39.0,60.61294284668931,3,2023,60.0920189678668,62.09858773249215
00-0037256,2024_03_DEN_TB,2024,3,17.0,51.94133053351968,3,2023,54.35951510940134,51.28505343513291
00-0037267,2024_03_NYG_CLE,2024,3,37.0,55.150223508168075,3,2023,53.66203616782398,58.06822167784093
00-0037276,2024_03_HOU_MIN,2024,3,13.0,33.005359807198865,3,2023,33.77429775207115,35.63294087114178
00-0037525,2024_03_SF_LA,2024,3,77.0,91.01467661425204,3,2023,99.47791675359144,80.97518549948052
00-0037746,2024_03_WAS_CIN,2024,3,33.0,65.4518751372097,3,2023,61.150041798984766,70.24540552769918
00-0037840,2024_03_SF_LA,2024,3,89.0,52.25033830183898,3,2023,52.98868136401464,53.224763544319096
00-0038040,2024_03_CAR_LV,2024,3,34.0,68.55357552390333,3,2023,73.38442727587875,64.06332307139562
00-0038120,2024_03_NE_NYJ,2024,3,54.0,58.624012091562264,3,2023,60.16437993271417,58.24946712620417
00-0038542,2024_03_KC_ATL,2024,3,31.0,63.42348016978969,3,2023,62.64598723133598,64.9164808980523
00-0038794,2024_03_DEN_TB,2024,3,7.0,27.809986552422917,3,2023,27.7870220010202,31.67348345357733
00-0039032,2024_03_GB_TEN,2024,3,7.0,22.608064833210914,3,2023,23.89716680042504,25.631774231052574
00-0039040,2024_03_MIA_SEA,2024,3,30.0,57.37310191303997,3,2023,57.77037876060703,58.23601878300762
00-0039139,2024_03_DET_ARI,2024,3,83.0,53.88821809003268,3,2023,53.70687203971531,55.62696283125714
00-0039165,2024_03_MIA_SEA,2024,3,91.0,57.97929779105827,3,2023,55.51802624507714,61.61011460781971
00-0039361,2024_03_DEN_TB,2024,3,70.0,28.70506806870423,3,2023,29.993848113934284,31.195793529124245
00-0039794,2024_03_NE_NYJ,2024,3,55.0,29.730779238469495,3,2023,31.94442398500706,31.219094852605764
00-0030578,2024_04_PIT_IND,2024,4,43.0,17.423041995229717,3,2023,21.900168716029913,17.75421927638489
00-0032104,2024_04_CLE_LV,2024,4,0.0,10.431729694099236,3,2023,12.314644650286487,13.934499537124292
00-0032764,2024_04_BUF_BAL,2024,4,199.0,106.73135344693907,3,2023,107.44993375234944,102.95985597812872
00-0033045,2024_04_DAL_NYG,2024,4,19.0,25.24140101285303,3,2023,26.758771917491696,27.809509485554127
00-0033293,2024_04_MIN_GB,2024,4,93.0,58.56175463862795,3,2023,59.02145145554979,59.25910230389533
00-0033526,2024_04_KC_LAC,2024,4,14.0,15.982504222483684,3,2023,20.584930118269227,16.316034613721133
00-0033553,2024_04_WAS_ARI,2024,4,104.0,73.83429265913276,3,2023,72.27157490399355,75.19155469193147
00-0033854,2024_04_JAX_HOU,2024,4,7.0,7.629234268920818,3,2023,8.903289624412986,11.97798255483588
00-0033906,2024_04_NO_ATL,2024,4,77.0,70.474720665354,3,2023,67.61734560762008,73.40345941946163
00-0033925,2024_04_CLE_LV,2024,4,2.0,24.692197500431323,3,2023,24.77779782676044,28.72126982369027
00-0034184,2024_04_KC_LAC,2024,4,19.0,24.12143296604545,3,2023,28.15588745359248,24.303551248447036
00-0034844,2024_04_PHI_TB,2024,4,84.0,93.0236616199767,3,2023,100.0071773117111,84.2686936604184
00-0034972,2024_04_CLE_LV,2024,4,60.0,19.364512887919457,3,2023,20.409878553616835,22.91246223795304
00-0034975,2024_04_BUF_BAL,2024,4,18.0,19.271072397645476,3,2023,22.80060955990248,20.375720629865405
00-0035243,2024_04_CIN_CAR,2024,4,32.0,30.007241479761845,3,2023,31.935903883993404,31.75260643370118
00-0035250,2024_04_DAL_NYG,2024,4,24.0,71.02678669660244,3,2023,68.05066863382972,74.02441661388437
00-0035261,2024_04_TEN_MIA,2024,4,88.0,63.25031340357301,3,2023,63.298586972777755,63.94356334172803
00-0035685,2024_04_SEA_DET,2024,4,40.0,68.24785787194622,3,2023,67.28881247196006,69.49803568463284
00-0035700,2024_04_MIN_GB,2024,4,51.0,67.74961774364522,3,2023,68.47008165341475,67.38597310050932
00-0036139,2024_04_DAL_NYG,2024,4,46.0,38.564078698480266,3,2023,42.48762062340273,37.59235916730967
00-0036158,2024_04_KC_LAC,2024,4,32.0,67.26571256069232,3,2023,65.78889405600759,69.11275616604472
00-0036223,2024_04_PIT_IND,2024,4,88.0,79.60222567629947,3,2023,78.15771589569775,80.33831758718117
00-0036251,2024_04_CIN_CAR,2024,4,51.0,55.54555781372266,3,2023,54.92035725511793,57.57734833466653
00-0036275,2024_04_LA_CHI,2024,4,93.0,55.033382136595115,3,2023,54.37622624388311,57.14150712219866
00-0036328,2024_04_NE_SF,2024,4,12.0,22.55809085610583,3,2023,25.540735884818144,23.91491916034311
00-0036414,2024_04_JAX_HOU,2024,4,53.0,31.556621369710314,3,2023,36.34844297392172,30.340989195718947
00-0036555,2024_04_CIN_CAR,2024,4,104.0,66.958367116977,3,2023,70.40406340382295,63.974570450204965
00-0036727,2024_04_NO_ATL,2024,4,0.0,6.348504465110734,3,2023,8.40404775090618,10.038075682671092
00-0036875,2024_04_NE_SF,2024,4,43.0,63.49470204542745,3,2023,67.78230577831297,59.98304423293549
00-0036893,2024_04_PIT_IND,2024,4,19.0,69.42636268731562,3,2023,71.22844852086342,67.84866866994612
00-0036973,2024_04_JAX_HOU,2024,4,50.0,55.39015984405356,3,2023,55.41327390866426,56.79576157306428
00-0036997,2024_04_DEN_NYJ,2024,4,77.0,40.472927378960506,3,2023,41.25400932341243,42.43534013127124
00-0037248,2024_04_BUF_BAL,2024,4,39.0,58.45096677482545,3,2023,57.82451840899967,60.22985410637065
00-0037256,2024_04_PHI_TB,2024,4,49.0,46.81229813488571,3,2023,46.744833130435,49.05758770230323
00-0037267,2024_04_CLE_LV,2024,4,58.0,58.59550717296939,3,2023,54.99897063505468,63.29274687845077
00-0037276,2024_04_MIN_GB,2024,4,5.0,22.775082902000072,3,2023,24.96816046306872,24.892106041878716
00-0037525,2024_04_NE_SF,2024,4,123.0,66.05258581192348,3,2023,65.70150729459792,66.8948182068262
00-0037746,2024_04_WAS_ARI,2024,4,101.0,72.82712649845266,3,2023,70.49267009847101,75.03406567644623
00-0037840,2024_04_LA_CHI,2024,4,94.0,68.85222201991789,3,2023,69.45910816564252,68.50421599819757
00-0038040,2024_04_CLE_LV,2024,4,50.0,30.997778128038128,3,2023,34.40820629288067,31.194238922163613
00-0038120,2024_04_DEN_NYJ,2024,4,4.0,63.0850877143584,3,2023,65.06981484239309,61.881824306555046
00-0038134,2024_04_SEA_DET,2024,4,80.0,64.29479418696187,3,2023,63.03915600768289,66.18343333508682
00-0038542,2024_04_NO_ATL,2024,4,28.0,61.58092768475968,3,2023,60.07769966176245,63.95127830285465
00-0038738,2024_04_DAL_NYG,2024,4,8.0,6.643803499817359,3,2023,8.209166646167656,10.79127335338332
00-0038794,2024_04_DEN_NYJ,2024,4,46.0,24.8168272486737,3,2023,25.589938470005222,28.15653654262389
00-0038797,2024_04_MIN_GB,2024,4,27.0,39.19580229233402,3,2023,42.578785098986835,38.702270400441385
00-0039021,2024_04_LA_CHI,2024,4,26.0,24.473162499510735,3,2023,25.58580124041963,27.50787337903976
00-0039032,2024_04_TEN_MIA,2024,4,39.0,18.57944536570401,3,2023,18.616532447249263,23.191071562212436
00-0039040,2024_04_TEN_MIA,2024,4,15.0,53.00417896635159,3,2023,54.15573934276491,53.504887706995945
00-0039139,2024_04_SEA_DET,2024,4,78.0,52.11782094918091,3,2023,55.41140266002129,50.58223135489639
00-0039165,2024_04_SEA_DET,2024,4,15.0,60.058391271182174,3,2023,59.66759993430233,61.46412277762346
00-0039325,2024_04_KC_LAC,2024,4,6.0,47.77847480189443,3,2023,46.136713871133416,51.49282812287444
00-0039361,2024_04_PHI_TB,2024,4,49.0,25.844866076962937,3,2023,27.51309872779239,28.21131371017571
00-0039794,2024_04_DEN_NYJ,2024,4,34.0,30.157588333323183,3,2023,30.581540824682236,33.37470713196136
00-0031687,2024_05_MIA_NE,2024,5,80.0,17.75748496022304,3,2023,21.68414879353563,18.602626272478016
00-0032104,2024_05_LV_DEN,2024,5,42.0,6.136446852158315,3,2023,8.158248627508165,9.877864033631129
00-0032764,2024_05_BAL_CIN,2024,5,92.0,106.55112643909106,3,2023,107.92560346553694,102.1481296604284
00-0033045,2024_05_DAL_PIT,2024,5,17.0,21.514197271260947,3,2023,22.73585630008311,24.700141921737064
00-0033293,2024_05_NYJ_MIN,2024,5,29.0,68.78672549846374,3,2023,70.60490232858771,67.24910100147318
00-0033526,2024_05_NO_KC,2024,5,0.0,15.318695123438232,3,2023,18.93731971045951,16.681140851198993
00-0033553,2024_05_ARI_SF,2024,5,86.0,64.11682550756481,3,2023,59.9846981352961,68.85965971707633
00-0033699,2024_05_CLE_WAS,2024,5,67.0,18.497127072272317,3,2023,21.117709614748502,20.56646265692394
00-0033854,2024_05_BUF_HOU,2024,5,30.0,8.656802691075846,3,2023,10.779417686237624,12.078279396162966
00-0033906,2024_05_NO_KC,2024,5,26.0,68.46385639294243,3,2023,65.1989982500482,71.97060407970179
00-0033923,2024_05_NO_KC,2024,5,102.0,43.10291402216748,3,2023,43.769221357578,44.94854716650009
00-0033925,2024_05_CLE_WAS,2024,5,44.0,25.123306198429006,3,2023,27.534661435292648,26.819526839582792
00-0033955,2024_05_CLE_WAS,2024,5,44.0,37.40565020746627,3,2023,41.73970421974186,36.13014895802577
00-0034972,2024_05_LV_DEN,2024,5,38.0,21.50592374244129,3,2023,22.573779702399932,24.844370754522576
00-0034975,2024_05_BAL_CIN,2024,5,17.0,17.734422101405077,3,2023,18.153086111069733,22.043407500133217
00-0035243,2024_05_CAR_CHI,2024,5,6.0,25.637449012297274,3,2023,27.484174435904333,27.845895892288087
00-0035700,2024_05_GB_LA,2024,5,73.0,84.76737143925706,3,2023,88.3040906934969,80.13600575593253
00-0036139,2024_05_DAL_PIT,2024,5,87.0,32.88346696073034,3,2023,34.535572070241045,34.650167194710434
00-0036251,2024_05_BAL_CIN,2024,5,24.0,42.067041516735415,3,2023,42.42155542378666,44.31097141434184
00-0036275,2024_05_CAR_CHI,2024,5,73.0,63.93434214344156,3,2023,65.19778137096851,63.36858906065201
00-0036328,2024_05_MIA_NE,2024,5,52.0,20.966136441457866,3,2023,21.664693584926923,24.716236388573233
00-0036414,2024_05_BUF_HOU,2024,5,42.0,45.160059754995935,3,2023,49.94494215033858,42.76138995208101
00-0036555,2024_05_CAR_CHI,2024,5,97.0,65.66045643606694,3,2023,63.678761963264186,68.1461416229494
00-0036727,2024_05_NO_KC,2024,5,0.0,5.545225719739518,3,2023,8.034762256553513,8.8767783604982
00-0036875,2024_05_MIA_NE,2024,5,89.0,75.22891976441727,3,2023,81.09249095838086,69.13565193935707
00-0036893,2024_05_DAL_PIT,2024,5,42.0,73.15291850457857,3,2023,75.77903877814313,70.43607631178585
00-0036973,2024_05_IND_JAX,2024,5,17.0,59.805759794158035,3,2023,61.01602316283689,59.65360755516244
00-0036997,2024_05_LV_DEN,2024,5,61.0,60.66429339478121,3,2023,65.72930978608042,56.63302972870952
00-0037248,2024_05_BUF_HOU,2024,5,82.0,55.691648339381345,3,2023,56.25628051954957,56.53648849048117
00-0037256,2024_05_TB_ATL,2024,5,72.0,45.63736584367375,3,2023,45.29720772848011,48.25452997868937
00-0037263,2024_05_TB_ATL,2024,5,12.0,36.25426778303111,3,2023,36.152749961118225,39.456667243082045
00-0037267,2024_05_CLE_WAS,2024,5,47.0,59.57763169179139,3,2023,60.06097755826278,60.16278335709083
00-0037276,2024_05_NYJ_MIN,2024,5,30.0,22.70602580260456,3,2023,23.01196213673793,26.69139160645852
00-0037525,2024_05_ARI_SF,2024,5,89.0,87.23396591526642,3,2023,86.38523649265684,86.71457500521235
00-0037746,2024_05_CLE_WAS,2024,5,18.0,70.72155246137541,3,2023,69.46075931266705,72.05313360849962
00-0037840,2024_05_GB_LA,2024,5,102.0,63.50294003457983,3,2023,64.06412958695813,63.66792798113229
00-0038120,2024_05_NYJ_MIN,2024,5,23.0,51.240226654530446,3,2023,53.73403324307118,50.570648078835504
00-0038134,2024_05_NYG_SEA,2024,5,19.0,66.91716422293939,3,2023,63.90292817351695,70.31187689649336
00-0038542,2024_05_TB_ATL,2024,5,61.0,59.13832319257232,3,2023,58.26590477889648,61.099820362974384
00-0038597,2024_05_BAL_CIN,2024,5,46.0,47.377747154891736,3,2023,49.51255862372719,47.40028755189474
00-0038738,2024_05_DAL_PIT,2024,5,6.0,11.58913895190687,3,2023,10.244771667101674,18.17547489611005
00-0038794,2024_05_LV_DEN,2024,5,22.0,30.390811752338394,3,2023,32.66022859911339,31.766356658305742
00-0038797,2024_05_GB_LA,2024,5,24.0,33.0857551177283,3,2023,34.137058749321646,35.4276549166926
00-0039021,2024_05_CAR_CHI,2024,5,25.0,28.087788610184955,3,2023,30.114198432510328,29.904586237237435
00-0039040,2024_05_MIA_NE,2024,5,18.0,51.02192629382534,3,2023,53.042066825902566,50.8388738982707
00-0039165,2024_05_NYG_SEA,2024,5,11.0,43.58093827575822,3,2023,44.120631776080494,45.50970621060439
00-0039325,2024_05_NO_KC,2024,5,12.0,29.648079661589634,3,2023,28.8285500102003,34.1368800807527
00-0039361,2024_05_TB_ATL,2024,5,44.0,27.43991405104576,3,2023,29.249334953990655,29.52751378583553
00-0039794,2024_05_NYJ_MIN,2024,5,13.0,28.43226790966058,3,2023,31.814388806136147,28.881067196839332
00-0039874,2024_05_MIA_NE,2024,5,86.0,26.41572276733509,3,2023,30.60184042649964,26.24749379510698
00-0032104,2024_06_PIT_LV,2024,6,24.0,17.271548824006906,3,2023,20.459198775855167,18.888481535982574
00-0032764,2024_06_WAS_BAL,2024,6,132.0,94.68467588422106,3,2023,93.38829714302834,93.9553326096523
00-0033045,2024_06_DET_DAL,2024,6,17.0,24.346393577116572,3,2023,28.21740963821133,24.670121890244268
00-0033553,2024_06_ARI_GB,2024,6,24.0,71.22695072826158,3,2023,72.40611692887606,70.10648086840825
00-0033699,2024_06_WAS_BAL,2024,6,21.0,24.199086968774616,3,2023,22.57140211847298,29.962025963308555
00-0033854,2024_06_HOU_NE,2024,6,8.0,19.503539963447302,3,2023,20.188560075234697,23.394931299082373
00-0033897,2024_06_HOU_NE,2024,6,102.0,65.09523195168188,3,2023,65.79883750543287,64.98040148128322
00-0033906,2024_06_TB_NO,2024,6,40.0,63.55687359590302,3,2023,58.732709286710374,69.03161470145567
00-0033925,2024_06_CLE_PHI,2024,6,31.0,34.73455492356064,3,2023,34.86853338919854,37.83748622137384
00-0033955,2024_06_WAS_BAL,2024,6,9.0,29.82747192613534,3,2023,31.98064513252669,31.36700548342406
00-0034844,2024_06_CLE_PHI,2024,6,47.0,71.11395363606519,3,2023,69.93334089937892,72.33208660112263
00-0034972,2024_06_PIT_LV,2024,6,33.0,32.920805569580565,3,2023,35.70417402144258,33.56786639957532
00-0034975,2024_06_WAS_BAL,2024,6,2.0,25.176327233012977,3,2023,22.105441136759612,32.277993069616706
00-0035243,2024_06_ATL_CAR,2024,6,1.0,17.591660936763308,3,2023,18.473248772425368,21.45630285342633
00-0035261,2024_06_IND_TEN,2024,6,93.0,64.49063385378369,3,2023,62.66104448251389,66.92853973608703
00-0035537,2024_06_BUF_NYJ,2024,6,34.0,11.30801716755272,3,2023,14.103110150382165,13.83396686531962
00-0035685,2024_06_DET_DAL,2024,6,80.0,59.541714210282365,3,2023,60.50404397408227,59.657328148233205
00-0035700,2024_06_ARI_GB,2024,6,62.0,85.11452455294659,3,2023,86.53151184077977,82.54462517930438
00-0036139,2024_06_DET_DAL,2024,6,25.0,38.378736419904996,3,2023,39.387083482083646,40.300053132479505
00-0036158,2024_06_LAC_DEN,2024,6,96.0,61.859128646012245,3,2023,59.37624310305969,65.1719082355312
00-0036251,2024_06_CIN_NYG,2024,6,13.0,44.352535066673575,3,2023,43.88181543467178,47.210925703308234
00-0036275,2024_06_JAX_CHI,2024,6,91.0,58.93014950518225,3,2023,57.329344065769334,61.628655359191825
00-0036328,2024_06_HOU_NE,2024,6,19.0,28.326809553846505,3,2023,29.831327334317617,30.63772293518685
00-0036414,2024_06_HOU_NE,2024,6,-1.0,33.33925855808397,3,2023,34.98891983904048,35.06850260643071
00-0036555,2024_06_ATL_CAR,2024,6,92.0,63.67415002691333,3,2023,62.868682739475446,65.17283094113186
00-0036893,2024_06_PIT_LV,2024,6,106.0,64.03978077913592,3,2023,61.72122710543529,66.99965099070451
00-0036919,2024_06_CLE_PHI,2024,6,23.0,16.4710620263308,3,2023,18.78260547004551,19.022587901291455
00-0036973,2024_06_JAX_CHI,2024,6,-1.0,42.992174187124164,3,2023,45.16873931239907,43.357114227300414
00-0036984,2024_06_IND_TEN,2024,6,29.0,42.52542437515674,3,2023,46.303852232370424,41.350412095523176
00-0036997,2024_06_LAC_DEN,2024,6,23.0,51.54440529773456,3,2023,54.239442449520254,50.64963845414728
00-0037120,2024_06_IND_TEN,2024,6,51.0,19.63743023568113,3,2023,21.148283078460505,22.70214731408437
00-0037228,2024_06_PIT_LV,2024,6,7.0,17.503068516457656,3,2023,19.491999248077153,20.28269174954772
00-0037263,2024_06_ATL_CAR,2024,6,105.0,31.499937123132142,3,2023,33.644143205322,32.9020301383892
00-0037267,2024_06_CLE_PHI,2024,6,14.0,55.139770997995214,3,2023,55.60418862388449,56.13177907508646
00-0037525,2024_06_SF_SEA,2024,6,73.0,77.240718292965,3,2023,78.66297690983215,75.35433460802734
00-0038120,2024_06_BUF_NYJ,2024,6,113.0,61.98126723106912,3,2023,64.61985974691504,60.22929533865573
00-0038134,2024_06_SF_SEA,2024,6,32.0,56.644477108509115,3,2023,58.57093650391175,56.062071276839234
00-0038396,2024_06_CIN_NYG,2024,6,13.0,18.446235124211487,3,2023,21.4302121867133,20.161410755673145
00-0038542,2024_06_ATL_CAR,2024,6,95.0,67.17890686842765,3,2023,68.13816091886488,66.62953486675359
00-0038555,2024_06_JAX_CHI,2024,6,24.0,54.810386474658706,3,2023,55.54071675600864,55.56879298334746
00-0038597,2024_06_CIN_NYG,2024,6,53.0,40.57388592376999,3,2023,41.75733157777587,42.13040017240189
00-0038794,2024_06_LAC_DEN,2024,6,8.0,21.141268295954273,3,2023,25.25080975488701,21.509961332240213
00-0038797,2024_06_ARI_GB,2024,6,54.0,30.382362982062155,3,2023,33.434294695171374,30.986431656745573
00-0039021,2024_06_JAX_CHI,2024,6,8.0,22.56228070373292,3,2023,23.221879076928655,26.21121274998807
00-0039032,2024_06_IND_TEN,2024,6,27.0,31.939426644398722,3,2023,32.077873720985146,35.28243652833092
00-0039139,2024_06_DET_DAL,2024,6,63.0,60.154184028440476,3,2023,56.91565578351818,64.36179098805651
00-0039165,2024_06_SF_SEA,2024,6,20.0,33.711422885953944,3,2023,35.41321581926129,35.35666843441931
00-0039361,2024_06_TB_NO,2024,6,81.0,29.361419640167583,3,2023,33.22009102733952,29.258668488200627
00-0039384,2024_06_CIN_NYG,2024,6,50.0,69.36369338548425,3,2023,72.80079173238985,66.17798888452322
00-0039794,2024_06_BUF_NYJ,2024,6,8.0,28.54457628826364,3,2023,31.557747851852923,29.347645165441797
00-0031687,2024_07_MIA_IND,2024,7,50.0,41.98469646688357,3,2023,43.05089494363167,43.53351181472296
00-0032764,2024_07_BAL_TB,2024,7,169.0,103.57340180691276,3,2023,106.56313950666,97.8368647423252
00-0033293,2024_07_DET_MIN,2024,7,93.0,45.39210363625084,3,2023,49.06483718269456,44.07064759008109
00-0033526,2024_07_KC_SF,2024,7,6.0,11.17323533351451,3,2023,13.37650777632176,14.295005199764676
00-0033553,2024_07_LAC_ARI,2024,7,101.0,51.94411091417531,3,2023,56.22061732491415,49.45372840622855
00-0033699,2024_07_CAR_WAS,2024,7,17.0,36.31596906827172,3,2023,38.10063035367377,37.65161872948856
00-0033854,2024_07_HOU_GB,2024,7,6.0,10.369336002087786,3,2023,14.988234146899089,11.177591786915285
00-0033897,2024_07_HOU_GB,2024,7,115.0,65.03237705832638,3,2023,67.10489970092331,63.5721453583714
00-0033906,2024_07_DEN_NO,2024,7,10.0,61.37770622457909,3,2023,61.19250842232648,62.465150486293865
00-0033923,2024_07_KC_SF,2024,7,78.0,67.35765731451846,3,2023,62.3048788550604,72.72555097733998
00-0033925,2024_07_CIN_CLE,2024,7,5.0,33.30077143524363,3,2023,34.060841322139396,35.91126433631754
00-0033955,2024_07_CAR_WAS,2024,7,42.0,30.083552992099932,3,2023,31.744415681188457,32.08651789758508
00-0034844,2024_07_PHI_NYG,2024,7,176.0,71.39520429394298,3,2023,69.60432713181919,73.1909684103442
00-0034972,2024_07_LV_LA,2024,7,92.0,45.6277308669363,3,2023,46.92058983407437,46.63421480096363
00-0034975,2024_07_BAL_TB,2024,7,4.0,14.278986335329673,3,2023,15.41961881848262,18.17775108588812
00-0035243,2024_07_CAR_WAS,2024,7,34.0,20.151487371020767,3,2023,21.18325514136888,23.64401939960187
00-0035250,2024_07_PHI_NYG,2024,7,18.0,61.98256474173237,3,2023,61.16408025606902,63.64205358204257
00-0035261,2024_07_TEN_BUF,2024,7,61.0,68.61337587253479,3,2023,66.76943779780827,70.70482755142397
00-0035537,2024_07_TEN_BUF,2024,7,0.0,14.914253679132827,3,2023,17.798287231166398,17.036997877325298
00-0035628,2024_07_NE_JAX,2024,7,38.0,34.050015343433046,3,2023,36.14210189657029,35.28048789723914
00-0035685,2024_07_DET_MIN,2024,7,31.0,49.27180720273337,3,2023,53.25641023905329,47.30323095627794
00-0035700,2024_07_HOU_GB,2024,7,76.0,69.8999937127191,3,2023,70.42915216324938,69.53704428656748
00-0036158,2024_07_LAC_ARI,2024,7,40.0,79.10997091894635,3,2023,75.75480326638366,81.77462948129056
00-0036251,2024_07_CIN_CLE,2024,7,7.0,39.15853848038341,3,2023,38.71666165875003,42.442782053860725
00-0036328,2024_07_NE_JAX,2024,7,4.0,27.627782185983012,3,2023,32.23039419018304,26.942522663980895
00-0036414,2024_07_DET_MIN,2024,7,0.0,16.70648245010396,3,2023,20.191206065352244,18.079677699300667
00-0036555,2024_07_CAR_WAS,2024,7,52.0,69.89654042284573,3,2023,68.96482401758729,70.97553956711349
00-0036727,2024_07_DEN_NO,2024,7,0.0,2.719607961442768,3,2023,6.378578800800443,5.144273919207592
00-0036875,2024_07_NE_JAX,2024,7,18.0,57.485766729034005,3,2023,57.138365563337665,59.07370527189772
00-0036893,2024_07_NYJ_PIT,2024,7,102.0,57.340537216104536,3,2023,54.18802574727674,61.70936775705597
00-0036919,2024_07_PHI_NYG,2024,7,56.0,10.252412365355541,3,2023,12.764560344978715,13.149916073773312
00-0036984,2024_07_MIA_IND,2024,7,36.0,50.33951121045926,3,2023,53.07679975484852,49.508440539391145
00-0036997,2024_07_DEN_NO,2024,7,88.0,56.018922393021825,3,2023,59.114123109428625,54.33787539740636
00-0037120,2024_07_MIA_IND,2024,7,51.0,26.04965703208875,3,2023,29.19432486673484,26.941189676941583
00-0037228,2024_07_NYJ_PIT,2024,7,44.0,18.60512908344415,3,2023,18.56470962810822,23.29099511836088
00-0037248,2024_07_TEN_BUF,2024,7,32.0,61.59816541875173,3,2023,61.42664576790194,62.65282811560614
00-0037256,2024_07_BAL_TB,2024,7,40.0,41.572050370147444,3,2023,40.940441596219166,44.83242000581112
00-0037263,2024_07_SEA_ATL,2024,7,36.0,53.01822899211499,3,2023,57.30984654579181,50.41898170170118
00-0037276,2024_07_DET_MIN,2024,7,4.0,46.09663037740375,3,2023,51.28641418616332,43.21646722584538
00-0037525,2024_07_KC_SF,2024,7,58.0,48.415526230777374,3,2023,55.35556793776557,43.60530986048532
00-0037746,2024_07_CAR_WAS,2024,7,71.0,70.91523141189484,3,2023,76.05203520178426,65.91648114535656
00-0037840,2024_07_LV_LA,2024,7,76.0,85.26054785956313,3,2023,84.24146135230868,85.08188558343866
00-0038040,2024_07_LV_LA,2024,7,13.0,61.76013300099576,3,2023,63.17110293432616,61.23896795709307
00-0038098,2024_07_CIN_CLE,2024,7,6.0,37.68678546026657,3,2023,38.779244214473344,39.58562215813783
00-0038120,2024_07_NYJ_PIT,2024,7,38.0,57.42021053785094,3,2023,56.46104481106304,59.6175956327872
00-0038134,2024_07_SEA_ATL,2024,7,69.0,60.57931676077478,3,2023,59.0700499700749,63.04323703651974
00-0038396,2024_07_PHI_NYG,2024,7,2.0,13.906130257448048,3,2023,16.713998409391763,16.192217368861545
00-0038542,2024_07_SEA_ATL,2024,7,103.0,72.55859655817426,3,2023,72.78651818500117,72.26037243977922
00-0038555,2024_07_NE_JAX,2024,7,118.0,51.943383586841705,3,2023,48.89871830269114,56.67787358762224
00-0038597,2024_07_CIN_CLE,2024,7,44.0,64.34183102033211,3,2023,65.9948319977751,63.35600084669947
00-0038705,2024_07_LAC_ARI,2024,7,14.0,19.3208038537437,3,2023,22.15113631199181,21.111103726322227
00-0038794,2024_07_DEN_NO,2024,7,35.0,23.988933657039677,3,2023,26.595958723742164,25.59128287726983
00-0038797,2024_07_HOU_GB,2024,7,11.0,25.08452725011244,3,2023,25.63293210251656,28.622569704002572
00-0038951,2024_07_BAL_TB,2024,7,29.0,36.80650250237357,3,2023,36.11817997928112,40.53967933997343
00-0039040,2024_07_MIA_IND,2024,7,77.0,35.65203296090627,3,2023,39.817080820068234,34.69670133552762
00-0039139,2024_07_DET_MIN,2024,7,116.0,54.51752276967883,3,2023,59.46451387256513,51.14038566752989
00-0039165,2024_07_SEA_ATL,2024,7,14.0,28.57914327040793,3,2023,32.8792426027649,28.109199637887937
00-0039325,2024_07_KC_SF,2024,7,17.0,24.467566011236514,3,2023,23.632861955315704,29.424477873063523
00-0039361,2024_07_BAL_TB,2024,7,23.0,61.186917398083686,3,2023,63.593337742560166,59.7335431343388
00-0039384,2024_07_PHI_NYG,2024,7,23.0,69.60229769873376,3,2023,68.21091299714749,71.16065214251181
00-0039794,2024_07_NYJ_PIT,2024,7,4.0,21.68451413312207,3,2023,25.54342097215743,22.25302545987784
00-0039874,2024_07_MIA_IND,2024,7,33.0,26.75414799679629,3,2023,28.576941295357127,28.888534937387604
00-0039875,2024_07_TEN_BUF,2024,7,41.0,53.701474426540244,3,2023,50.56124476587511,58.37649169700006
00-0031687,2024_08_ARI_MIA,2024,8,19.0,35.34053636015734,3,2023,34.77959844551164,39.07623252921252
00-0032104,2024_08_KC_LV,2024,8,2.0,16.272840592031912,3,2023,19.7848749646753,17.6570149758951
00-0032764,2024_08_BAL_CLE,2024,8,73.0,98.65811228125409,3,2023,103.3917533951966,91.6305631808797
00-0033045,2024_08_DAL_SF,2024,8,34.0,24.58118534926014,3,2023,27.642030213129072,25.68388410441494
00-0033293,2024_08_MIN_LA,2024,8,58.0,77.0796363934399,3,2023,72.14760152790483,81.4779993885173
00-0033526,2024_08_KC_LV,2024,8,0.0,15.325703071918074,3,2023,19.69670534117649,15.945061089573848
00-0033553,2024_08_ARI_MIA,2024,8,53.0,80.89205522260099,3,2023,78.22947530806005,82.71736406885691
00-0033699,2024_08_CHI_WAS,2024,8,52.0,24.403295143214752,3,2023,24.532035810145693,28.415065083276943
00-0033854,2024_08_IND_HOU,2024,8,4.0,9.134422676089555,3,2023,13.199280018776234,10.597444071408887
00-0033897,2024_08_IND_HOU,2024,8,102.0,88.1100173672589,3,2023,85.67589772038764,89.07852168773488
00-0033906,2024_08_NO_LAC,2024,8,67.0,52.40285203143599,3,2023,52.18795969489877,54.30462569276586
00-0033923,2024_08_KC_LV,2024,8,59.0,84.73707752757448,3,2023,81.95336514116029,86.34560242365285
00-0033925,2024_08_BAL_CLE,2024,8,26.0,20.865126839685885,3,2023,21.061211991507143,25.119920392188224
00-0033955,2024_08_CHI_WAS,2024,8,-1.0,23.11566177363501,3,2023,25.008045277572705,25.499630919768965
00-0034791,2024_08_BAL_CLE,2024,8,52.0,22.299337003966553,3,2023,27.487322167619343,21.50248538647251
00-0034844,2024_08_PHI_CIN,2024,8,108.0,71.49916800610984,3,2023,71.46322292836345,71.554005173683
00-0034972,2024_08_KC_LV,2024,8,15.0,48.97548892160311,3,2023,47.931695677866195,51.99504294547731
00-0034975,2024_08_BAL_CLE,2024,8,5.0,18.90119378183878,3,2023,21.05439691545455,21.39641352940635
00-0035243,2024_08_CAR_DEN,2024,8,7.0,15.89758180155146,3,2023,18.448567616282244,18.26297890594855
00-0035250,2024_08_NYG_PIT,2024,8,11.0,34.01784651079451,3,2023,33.8668065039831,37.46473491057205
00-0035261,2024_08_TEN_DET,2024,8,94.0,55.71203118977175,3,2023,52.3747631352699,60.40563106510572
00-0035537,2024_08_BUF_SEA,2024,8,0.0,13.787059271623235,3,2023,15.603689934196284,17.061752071270558
00-0035628,2024_08_GB_JAX,2024,8,3.0,20.89993081093524,3,2023,23.279647365240475,22.996790092957852
00-0035685,2024_08_TEN_DET,2024,8,33.0,47.84674938831155,3,2023,47.56757433686323,50.210479530874075
00-0035700,2024_08_GB_JAX,2024,8,127.0,66.50297032822965,3,2023,63.36798229130313,70.05307494530442
00-0036158,2024_08_NO_LAC,2024,8,57.0,72.7339285141928,3,2023,66.16316156663211,79.12957100534749
00-0036223,2024_08_IND_HOU,2024,8,105.0,80.98898534025966,3,2023,79.77504951087896,81.37623903445721
00-0036251,2024_08_PHI_CIN,2024,8,11.0,37.43346749354807,3,2023,37.425774563452386,40.44013303483376
00-0036275,2024_08_CHI_WAS,2024,8,129.0,70.04564418853528,3,2023,69.16652314681596,71.05969821363993
00-0036328,2024_08_NYJ_NE,2024,8,7.0,25.504512030414425,3,2023,29.469700473142343,25.634007475023942
00-0036555,2024_08_CAR_DEN,2024,8,56.0,67.54910400498119,3,2023,66.29495736567085,69.15161850045584
00-0036727,2024_08_NO_LAC,2024,8,0.0,2.9924238345342973,3,2023,5.87547061604744,6.158937915176331
00-0036875,2024_08_NYJ_NE,2024,8,48.0,60.32792506398831,3,2023,65.13872538212716,56.576953384084355
00-0036893,2024_08_NYG_PIT,2024,8,114.0,65.69806405298172,3,2023,67.47044476358514,64.47579646715303
00-0036919,2024_08_PHI_CIN,2024,8,19.0,25.8301596170124,3,2023,28.6715827652516,27.04014489965275
00-0036984,2024_08_IND_HOU,2024,8,0.0,34.55426884434143,3,2023,35.12452171778493,37.242437597292074
00-0036997,2024_08_CAR_DEN,2024,8,44.0,74.44755772195433,3,2023,80.56765300727426,68.16948755094818
00-0037120,2024_08_IND_HOU,2024,8,0.0,26.252116848470187,3,2023,28.651065750568037,27.861844063898
00-0037228,2024_08_NYG_PIT,2024,8,46.0,28.58053787013941,3,2023,33.96048690444753,27.04483576017462
00-0037248,2024_08_BUF_SEA,2024,8,111.0,67.37989091792019,3,2023,68.36820097538386,66.78426538286081
00-0037256,2024_08_ATL_TB,2024,8,29.0,39.5344971447183,3,2023,41.43764071695628,40.47170107314582
00-0037263,2024_08_ATL_TB,2024,8,33.0,34.59831574772303,3,2023,35.509388112991424,36.94629818768857
00-0037525,2024_08_DAL_SF,2024,8,18.0,86.13074493357334,3,2023,90.44562023197943,80.61221190734267
00-0037746,2024_08_CHI_WAS,2024,8,65.0,62.988079635154456,3,2023,67.43605707085266,59.36247298443682
00-0037840,2024_08_MIN_LA,2024,8,97.0,65.88551628740876,3,2023,65.18041142871479,67.09172873657968
00-0038040,2024_08_KC_LV,2024,8,-1.0,20.297822665092752,3,2023,24.811226551702138,20.34174473572834
00-0038098,2024_08_BAL_CLE,2024,8,0.0,19.563514371706965,3,2023,20.76949288568753,22.935558339939416
00-0038120,2024_08_NYJ_NE,2024,8,80.0,63.64794579994031,3,2023,62.1920846873668,65.79075198843161
00-0038134,2024_08_BUF_SEA,2024,8,12.0,60.715752621775145,3,2023,58.38293550459606,63.980449508987306
00-0038396,2024_08_NYG_PIT,2024,8,0.0,12.67125719986464,3,2023,15.488316896046218,15.056287436018684
00-0038542,2024_08_ATL_TB,2024,8,63.0,71.19982565431837,3,2023,72.67231496300555,69.79226608272633
00-0038555,2024_08_GB_JAX,2024,8,78.0,82.66371032136388,3,2023,84.32175639873229,80.07029643889601
00-0038597,2024_08_PHI_CIN,2024,8,32.0,59.08791920411034,3,2023,59.46251818674613,59.823221294029246
00-0038705,2024_08_ARI_MIA,2024,8,0.0,12.840096318294766,3,2023,16.515702930296822,14.363111746442382
00-0038738,2024_08_DAL_SF,2024,8,0.0,5.169776088342649,3,2023,5.318232249803559,10.844435690147414
00-0038794,2024_08_CAR_DEN,2024,8,47.0,24.596993419457835,3,2023,25.33631303468058,27.989278295104413
00-0038797,2024_08_GB_JAX,2024,8,5.0,19.770150212110416,3,2023,19.557100036705037,24.52447098821278
00-0038951,2024_08_ATL_TB,2024,8,3.0,27.010986043989195,3,2023,26.873806454231342,31.05708280954884
00-0039021,2024_08_CHI_WAS,2024,8,6.0,27.143625569494954,3,2023,29.581282075899612,28.63717486577083
00-0039040,2024_08_ARI_MIA,2024,8,97.0,57.327664557709234,3,2023,57.983359403459914,57.93953916290237
00-0039139,2024_08_TEN_DET,2024,8,127.0,62.831883281297955,3,2023,62.883657796696426,63.558278213147325
00-0039165,2024_08_BUF_SEA,2024,8,4.0,35.74792941202421,3,2023,36.635793973157035,38.0182580958513
00-0039325,2024_08_KC_LV,2024,8,6.0,34.15544817133456,3,2023,33.75521772846054,37.83621116624696
00-0039361,2024_08_ATL_TB,2024,8,44.0,42.67314915156894,3,2023,42.63478231087888,45.25177270604493
00-0039384,2024_08_NYG_PIT,2024,8,145.0,52.98272639789691,3,2023,53.8177509350379,53.79768111109834
00-0039794,2024_08_NYJ_NE,2024,8,32.0,25.455575148574237,3,2023,29.681551958903245,25.331995260011592
00-0039874,2024_08_ARI_MIA,2024,8,18.0,16.01527656206612,3,2023,17.32961487308761,19.59074945710309
00-0039875,2024_08_BUF_SEA,2024,8,29.0,39.760352828442855,3,2023,38.15864099797365,44.13652503773653
00-0031687,2024_09_MIA_BUF,2024,9,56.0,34.47291932645032,3,2023,34.604168016352986,37.60142959629514
00-0032104,2024_09_LV_CIN,2024,9,12.0,15.671463782034483,3,2023,16.604075462016624,19.653712062282786
00-0032764,2024_09_DEN_BAL,2024,9,106.0,90.1428311583307,3,2023,93.62375733721736,85.09633559460784
00-0033293,2024_09_IND_MIN,2024,9,64.0,75.59907567724031,3,2023,74.52671838858029,76.31806684173928
00-0033526,2024_09_TB_KC,2024,9,10.0,14.892558974551218,3,2023,18.947887021975777,15.861323126643672
00-0033553,2024_09_CHI_ARI,2024,9,107.0,75.57136453140643,3,2023,72.2292282228472,78.53268328504335
00-0033699,2024_09_WAS_NYG,2024,9,42.0,36.12575562974794,3,2023,36.66416759104828,38.70788908681211
00-0033854,2024_09_HOU_NYJ,2024,9,-1.0,8.005035741539446,3,2023,10.838945142024192,10.781589955768002
00-0033897,2024_09_HOU_NYJ,2024,9,106.0,79.45694240786645,3,2023,76.94938253626584,81.25480017039385
00-0033906,2024_09_NO_CAR,2024,9,155.0,64.17313852385806,3,2023,65.59087314847767,63.434233520443456
00-0033923,2024_09_TB_KC,2024,9,106.0,74.3607546583919,3,2023,74.17502673425294,74.3131017402296
00-0033955,2024_09_WAS_NYG,2024,9,20.0,20.485729521914262,3,2023,21.198847848884142,24.26348088000394
00-0034791,2024_09_LAC_CLE,2024,9,39.0,36.009705062967015,3,2023,38.269417895340034,36.90334465506121
00-0034844,2024_09_JAX_PHI,2024,9,159.0,90.28739684587586,3,2023,93.49141619107606,85.5015183261147
00-0034972,2024_09_LV_CIN,2024,9,36.0,52.48394830857334,3,2023,53.26856923149204,53.392271066535955
00-0034975,2024_09_DEN_BAL,2024,9,15.0,16.281301439690054,3,2023,17.670168899790635,19.759957099812016
00-0035243,2024_09_NO_CAR,2024,9,-5.0,21.603152326588944,3,2023,21.4024435657877,26.184962410756615
00-0035250,2024_09_WAS_NYG,2024,9,33.0,42.704722979039076,3,2023,42.986268517329535,44.96488316284758
00-0035261,2024_09_NE_TEN,2024,9,128.0,71.36031571783494,3,2023,70.05762873874187,72.67736699845152
00-0035537,2024_09_MIA_BUF,2024,9,23.0,13.097075078734335,3,2023,15.359247748758156,15.992442738215214
00-0035628,2024_09_JAX_PHI,2024,9,6.0,20.90030286823382,3,2023,24.263801824068075,22.026295956416753
00-0035685,2024_09_DET_GB,2024,9,73.0,47.976698744104034,3,2023,44.37475117571726,53.60809977045695
00-0035700,2024_09_DET_GB,2024,9,95.0,67.213963454605,3,2023,66.2429346906327,68.5664010971467
00-0036139,2024_09_DAL_ATL,2024,9,75.0,32.69233964914553,3,2023,35.57723592850075,33.25919277456056
00-0036158,2024_09_LAC_CLE,2024,9,85.0,63.14036872254372,3,2023,60.91179663262029,66.09011279994867
00-0036223,2024_09_IND_MIN,2024,9,48.0,86.53983976515289,3,2023,85.56467458476301,86.20593528303885
00-0036275,2024_09_CHI_ARI,2024,9,51.0,88.61709929378148,3,2023,90.40862999193894,85.37121798405902
00-0036328,2024_09_NE_TEN,2024,9,-1.0,21.914139606664882,3,2023,26.98538630140121,21.26618293271377
00-0036414,2024_09_IND_MIN,2024,9,46.0,22.07619513254866,3,2023,22.48917614838552,26.011016152259803
00-0036555,2024_09_NO_CAR,2024,9,72.0,74.27489832018236,3,2023,73.93321199761905,74.38866085125565
00-0036727,2024_09_NO_CAR,2024,9,0.0,7.354167210870129,3,2023,8.45245781527135,11.90042676407948
00-0036875,2024_09_NE_TEN,2024,9,16.0,63.86555563367049,3,2023,64.9910208325001,63.4419772556627
00-0036919,2024_09_JAX_PHI,2024,9,9.0,18.008669089126375,3,2023,21.615218634262337,19.147740335990807
00-0036973,2024_09_JAX_PHI,2024,9,24.0,26.592861789202896,3,2023,29.056676862009848,28.10877183784671
00-0036984,2024_09_IND_MIN,2024,9,4.0,19.962302889742276,3,2023,21.883218974382338,22.593937627277743
00-0036997,2024_09_DEN_BAL,2024,9,42.0,49.40580855254475,3,2023,50.688320366471366,50.092037007611935
00-0037120,2024_09_IND_MIN,2024,9,0.0,14.308798681665142,3,2023,15.410896353923365,18.24298336977588
00-0037248,2024_09_MIA_BUF,2024,9,44.0,74.34340241755956,3,2023,74.47476071374616,73.9843546259967
00-0037256,2024_09_TB_KC,2024,9,19.0,39.11280075885378,3,2023,42.43042729074583,38.69102500853554
00-0037263,2024_09_DAL_ATL,2024,9,18.0,46.19717622810448,3,2023,47.437895759622535,47.205304245385825
00-0037267,2024_09_LAC_CLE,2024,9,5.0,29.69772187574314,3,2023,29.771002287171104,33.301121408329664
00-0037840,2024_09_LA_SEA,2024,9,69.0,73.5556101004349,3,2023,71.6675280372952,75.25833014244886
00-0038040,2024_09_LV_CIN,2024,9,10.0,23.47016272711843,3,2023,25.301183704004305,25.88367872440046
00-0038098,2024_09_LAC_CLE,2024,9,8.0,13.627640619624199,3,2023,14.963781351558284,17.39044330465106
00-0038120,2024_09_HOU_NYJ,2024,9,74.0,60.141008868530356,3,2023,61.13527801892619,60.17268382859995
00-0038134,2024_09_LA_SEA,2024,9,83.0,60.228193302046854,3,2023,58.71389598256246,62.727790475418544
00-0038396,2024_09_WAS_NYG,2024,9,0.0,13.329550894586085,3,2023,14.13590928377506,17.641236564801925
00-0038542,2024_09_DAL_ATL,2024,9,86.0,74.40661600716743,3,2023,74.16176317612249,74.41329831369835
00-0038555,2024_09_JAX_PHI,2024,9,22.0,81.41359642447986,3,2023,81.90277017566623,80.08301672027045
00-0038597,2024_09_LV_CIN,2024,9,120.0,59.10293683301649,3,2023,60.11680589677411,59.20606946538133
00-0038705,2024_09_CHI_ARI,2024,9,59.0,11.639543886010072,3,2023,14.649635744612322,13.924326103227608
00-0038738,2024_09_DAL_ATL,2024,9,5.0,8.709998785343005,3,2023,9.158755056033682,13.778649499530488
00-0038794,2024_09_DEN_BAL,2024,9,10.0,18.641908051656028,3,2023,21.76886753969685,20.198867815768807
00-0038797,2024_09_DET_GB,2024,9,28.0,19.906071943332755,3,2023,20.605172525510543,23.7483588810387
00-0038951,2024_09_TB_KC,2024,9,11.0,26.169599338798232,3,2023,26.41681175711209,29.909959191414785
00-0039021,2024_09_CHI_ARI,2024,9,13.0,27.10778156278644,3,2023,29.431000231287083,28.71739769817664
00-0039040,2024_09_MIA_BUF,2024,9,63.0,58.34383992813474,3,2023,57.22869088163998,60.61436588713754
00-0039139,2024_09_DET_GB,2024,9,65.0,53.2127279847081,3,2023,53.64891170838846,54.40115576834491
00-0039165,2024_09_LA_SEA,2024,9,8.0,36.634106242980415,3,2023,38.958152898820344,37.409642748656495
00-0039325,2024_09_TB_KC,2024,9,9.0,29.27170040441389,3,2023,28.582379147695484,33.66492795219043
00-0039361,2024_09_TB_KC,2024,9,24.0,43.463717711687714,3,2023,43.895696560997074,45.50903575484416
00-0039384,2024_09_WAS_NYG,2024,9,66.0,67.60138095275545,3,2023,66.05916999370496,69.48359556792333
00-0039794,2024_09_HOU_NYJ,2024,9,9.0,27.830785328901356,3,2023,32.10553890852511,27.451312313107557
00-0039874,2024_09_MIA_BUF,2024,9,18.0,12.051139238194876,3,2023,15.448883233573165,13.91736965177411
00-0039875,2024_09_MIA_BUF,2024,9,20.0,38.37510506542227,3,2023,34.99577936903272,44.62666069546865
00-0030578,2024_10_PIT_WAS,2024,10,14.0,11.734626522134851,3,2023,15.809575987738288,12.960250185152988
00-0031687,2024_10_MIA_LA,2024,10,0.0,28.844012408790107,3,2023,28.708174977779056,32.728450842585474
00-0032764,2024_10_CIN_BAL,2024,10,68.0,102.31915540256455,3,2023,103.2234699917626,98.75030093420123
00-0033045,2024_10_PHI_DAL,2024,10,22.0,26.996403027269924,3,2023,29.959343682583818,27.984459552602587
00-0033293,2024_10_MIN_JAX,2024,10,88.0,74.36796309211363,3,2023,75.43624553176524,73.0821748410507
00-0033526,2024_10_DEN_KC,2024,10,0.0,13.300952519270641,3,2023,16.72225987029311,15.034609221740984
00-0033553,2024_10_NYJ_ARI,2024,10,33.0,69.2435067899616,3,2023,69.16956885676245,69.53313822691561
00-0033699,2024_10_PIT_WAS,2024,10,44.0,27.699740053943913,3,2023,29.199967136008674,30.06973709342851
00-0033854,2024_10_DET_HOU,2024,10,11.0,9.350291761523028,3,2023,12.030650861957248,12.160706387582938
00-0033897,2024_10_DET_HOU,2024,10,46.0,71.76508286193337,3,2023,67.12399181653727,76.34119266454172
00-0033906,2024_10_ATL_NO,2024,10,55.0,61.97913151550444,3,2023,64.52296601523373,60.320857224126975
00-0033923,2024_10_DEN_KC,2024,10,35.0,72.95276516436138,3,2023,73.34925766174838,72.45371122291817
00-0033955,2024_10_PIT_WAS,2024,10,7.0,17.84923414484397,3,2023,19.04092961797824,21.385320334949945
00-0034184,2024_10_TEN_LAC,2024,10,55.0,22.691106166681426,3,2023,27.30973885858947,22.4218452439051
00-0034844,2024_10_PHI_DAL,2024,10,66.0,94.42879976366851,3,2023,93.07656194591767,93.77696168455392
00-0034975,2024_10_CIN_BAL,2024,10,-2.0,15.390725192598811,3,2023,16.35551968811559,19.36577030904783
00-0035243,2024_10_NYG_CAR,2024,10,5.0,16.526617382740472,3,2023,17.37248266016615,20.519670461607426
00-0035250,2024_10_NYG_CAR,2024,10,40.0,42.35091062282508,3,2023,42.71895926020278,44.55665405772267
00-0035261,2024_10_TEN_LAC,2024,10,44.0,57.81332806772418,3,2023,52.844353185591515,63.93335858392977
00-0035537,2024_10_BUF_IND,2024,10,0.0,15.915421753077052,3,2023,18.26115809276962,18.48180634460884
00-0035685,2024_10_DET_HOU,2024,10,32.0,53.22307171692417,3,2023,50.72656280779645,57.30468665400456
00-0036139,2024_10_PHI_DAL,2024,10,53.0,56.641864220658306,3,2023,57.04093726731113,57.566969504561584
00-0036158,2024_10_TEN_LAC,2024,10,50.0,65.07456675558734,3,2023,61.233708331777336,69.44619264362223
00-0036223,2024_10_BUF_IND,2024,10,114.0,86.41613305247085,3,2023,88.24107723502338,83.32979539729173
00-0036275,2024_10_NE_CHI,2024,10,59.0,81.09036433977226,3,2023,83.39778605436365,77.99374177323324
00-0036328,2024_10_NE_CHI,2024,10,26.0,25.05743675655456,3,2023,29.53559852659302,24.719816172750885
00-0036414,2024_10_MIN_JAX,2024,10,38.0,21.249908540344947,3,2023,23.562055294474725,23.3828358892
00-0036555,2024_10_NYG_CAR,2024,10,153.0,74.88755215382412,3,2023,74.0521134139948,75.43497972459497
00-0036875,2024_10_NE_CHI,2024,10,74.0,68.04332270966498,3,2023,66.8244571946574,69.56779141184141
00-0036893,2024_10_PIT_WAS,2024,10,53.0,70.25338603165721,3,2023,68.45827061924798,72.15320684820621
00-0036919,2024_10_PHI_DAL,2024,10,30.0,26.175504242024534,3,2023,28.30960411488112,28.05329575177994
00-0036973,2024_10_MIN_JAX,2024,10,44.0,30.85996173990671,3,2023,32.43278599733832,32.8818942374494
00-0036984,2024_10_BUF_IND,2024,10,0.0,26.00404704994519,3,2023,26.54753364561275,29.46651311881934
00-0036997,2024_10_DEN_KC,2024,10,1.0,48.56487018547221,3,2023,50.57047299996693,48.611081546738184
00-0037120,2024_10_BUF_IND,2024,10,0.0,15.168888741129305,3,2023,15.00547473570578,20.276696556542355
00-0037228,2024_10_PIT_WAS,2024,10,66.0,27.673785818732817,3,2023,31.429897452183607,27.81986093793587
00-0037248,2024_10_BUF_IND,2024,10,80.0,67.49236530710724,3,2023,68.97734406641155,66.39677025350191
00-0037256,2024_10_SF_TB,2024,10,31.0,37.30583606301209,3,2023,38.42271226676497,39.21389813961795
00-0037263,2024_10_ATL_NO,2024,10,59.0,42.456301739582855,3,2023,45.23850703343886,42.270445652010565
00-0037276,2024_10_MIN_JAX,2024,10,18.0,24.011493923612225,3,2023,24.20778364215197,27.99087455069928
00-0037525,2024_10_SF_TB,2024,10,5.0,48.66756829792091,3,2023,50.33407774739298,49.03942685672159
00-0037840,2024_10_MIA_LA,2024,10,62.0,79.01753247209402,3,2023,77.58041730555477,79.79746990120665
00-0038120,2024_10_NYJ_ARI,2024,10,52.0,70.44380015876706,3,2023,72.10260497413647,68.9185065514629
00-0038396,2024_10_NYG_CAR,2024,10,0.0,13.264762710578132,3,2023,14.76277824658678,16.89956195904821
00-0038542,2024_10_ATL_NO,2024,10,116.0,70.2488593033454,3,2023,69.42640426800338,71.18921805425151
00-0038555,2024_10_MIN_JAX,2024,10,4.0,61.57958172975683,3,2023,58.09321745625042,65.907083870968
00-0038597,2024_10_CIN_BAL,2024,10,42.0,56.99022721285747,3,2023,55.50861260259313,59.74079502111567
00-0038705,2024_10_NYJ_ARI,2024,10,22.0,15.911329715525511,3,2023,19.814337665162395,16.941297762647075
00-0038738,2024_10_PHI_DAL,2024,10,0.0,5.318279725446429,3,2023,6.884147209289394,9.581194737515894
00-0038794,2024_10_DEN_KC,2024,10,12.0,18.64334628317232,3,2023,22.846373424619507,19.13827602181597
00-0038951,2024_10_SF_TB,2024,10,0.0,25.263561768756453,3,2023,25.552254315752783,29.04223808605725
00-0039021,2024_10_NE_CHI,2024,10,-4.0,28.93472961028337,3,2023,30.678971593261327,30.955899646397377
00-0039032,2024_10_TEN_LAC,2024,10,47.0,18.335383656720605,3,2023,19.808825259027486,21.550908880998072
00-0039040,2024_10_MIA_LA,2024,10,37.0,60.117368931430754,3,2023,62.17004916664585,59.10663160917833
00-0039139,2024_10_DET_HOU,2024,10,71.0,49.27716998578824,3,2023,50.46571337075706,50.06738198438997
00-0039325,2024_10_DEN_KC,2024,10,3.0,29.250230521098416,3,2023,28.881003225120512,33.32945521156538
00-0039361,2024_10_SF_TB,2024,10,73.0,38.466934805105446,3,2023,41.07904939141163,38.79787845403939
00-0039363,2024_10_SF_TB,2024,10,0.0,59.80671480371084,3,2023,64.06601903151504,56.64557028991625
00-0039384,2024_10_NYG_CAR,2024,10,103.0,71.20855199505957,3,2023,70.50625556632583,71.94638988421207
00-0039794,2024_10_NYJ_ARI,2024,10,27.0,30.706287006252488,3,2023,36.8282534180862,28.2523959643706
00-0039874,2024_10_MIA_LA,2024,10,3.0,15.107660488155197,3,2023,16.886423332443073,18.30421039759095
00-0039875,2024_10_BUF_IND,2024,10,6.0,31.782748251162005,3,2023,29.1348824490754,37.889101551842714
00-0030578,2024_11_BAL_PIT,2024,11,0.0,9.05323534547728,3,2023,13.125775108870696,10.515776850251704
00-0031687,2024_11_LV_MIA,2024,11,-2.0,25.875746780576524,3,2023,23.516202715411495,32.214255564942675
00-0032104,2024_11_LV_MIA,2024,11,1.0,17.425321933124632,3,2023,17.46453672478145,22.135798986181214
00-0032764,2024_11_BAL_PIT,2024,11,65.0,100.73920581033974,3,2023,100.0147364913554,98.91589420145628
00-0033045,2024_11_HOU_DAL,2024,11,8.0,22.148686063285613,3,2023,25.505124890508434,23.17245094072232
00-0033280,2024_11_SEA_SF,2024,11,79.0,42.93719647636349,3,2023,45.879763968817905,42.55102530503175
00-0033293,2024_11_MIN_TEN,2024,11,39.0,65.19458706532293,3,2023,66.69010177671298,64.2895801737307
00-0033526,2024_11_KC_BUF,2024,11,0.0,13.34706880709409,3,2023,16.68384851860419,15.160106811360176
00-0033699,2024_11_WAS_PHI,2024,11,7.0,38.44787541250849,3,2023,42.34701531549153,37.510400958187304
00-0033854,2024_11_HOU_DAL,2024,11,0.0,6.735605274425414,3,2023,9.664687577998905,9.529275677499337
00-0033897,2024_11_HOU_DAL,2024,11,109.0,86.4923614294197,3,2023,81.24195621922418,90.38157827136256
00-0033906,2024_11_CLE_NO,2024,11,67.0,62.58467725918013,3,2023,62.34157128995407,63.623694375505835
00-0033923,2024_11_KC_BUF,2024,11,60.0,76.61792258740749,3,2023,74.6353765695415,78.14600438919545
00-0033955,2024_11_WAS_PHI,2024,11,5.0,15.916064556093424,3,2023,18.21929967720045,18.524334730575685
00-0034184,2024_11_CIN_LAC,2024,11,27.0,22.339683042986305,3,2023,25.091345202953026,23.943557985723903
00-0034791,2024_11_CLE_NO,2024,11,50.0,30.50931983949362,3,2023,29.8549801487105,34.759772343968635
00-0034844,2024_11_WAS_PHI,2024,11,146.0,77.7831009862752,3,2023,73.44046609159727,81.5382901442918
00-0034972,2024_11_LV_MIA,2024,11,19.0,42.23172172616718,3,2023,41.7440440000477,45.29235366302627
00-0034975,2024_11_BAL_PIT,2024,11,13.0,13.515969307256913,3,2023,14.67207846957384,17.466201778584043
00-0035261,2024_11_MIN_TEN,2024,11,15.0,53.69214170754164,3,2023,50.75501425206835,58.16754637480154
00-0035537,2024_11_KC_BUF,2024,11,18.0,14.558610233932768,3,2023,17.268144707099765,16.884664659861908
00-0035628,2024_11_JAX_DET,2024,11,3.0,17.364932436816368,3,2023,21.3194790514778,18.216894326688827
00-0035685,2024_11_JAX_DET,2024,11,75.0,52.925043370206915,3,2023,52.72290422646268,54.76855590097597
00-0035700,2024_11_GB_CHI,2024,11,76.0,73.85179685342163,3,2023,76.34269540936715,71.20726604495246
00-0036139,2024_11_HOU_DAL,2024,11,28.0,47.57489364631514,3,2023,46.91082474875027,50.342230657862935
00-0036158,2024_11_CIN_LAC,2024,11,56.0,63.05443265653765,3,2023,61.80052688542946,65.049855960542
00-0036223,2024_11_IND_NYJ,2024,11,57.0,83.6208936826699,3,2023,83.2343939418899,82.96139055705584
00-0036275,2024_11_GB_CHI,2024,11,71.0,70.06260660260273,3,2023,70.47920361290149,69.79651339650319
00-0036328,2024_11_LA_NE,2024,11,18.0,22.042893712403707,3,2023,24.42399642014274,24.03841073025117
00-0036414,2024_11_MIN_TEN,2024,11,25.0,24.549970441495475,3,2023,28.244214192376393,25.030337590643843
00-0036875,2024_11_LA_NE,2024,11,73.0,62.81055452013282,3,2023,61.88333270168685,64.50492564508251
00-0036893,2024_11_BAL_PIT,2024,11,63.0,56.14982880323485,3,2023,56.2888402518795,57.374610775192245
00-0036919,2024_11_WAS_PHI,2024,11,43.0,27.710360213181886,3,2023,29.687729565835657,29.608566289554897
00-0036973,2024_11_JAX_DET,2024,11,27.0,47.701942116880836,3,2023,50.813535330202264,46.732200216146545
00-0036984,2024_11_IND_NYJ,2024,11,0.0,24.27884295181931,3,2023,25.53706400373343,27.18688473263725
00-0036997,2024_11_ATL_DEN,2024,11,59.0,39.38214937643753,3,2023,42.24381960896117,39.386768752594854
00-0037120,2024_11_IND_NYJ,2024,11,0.0,18.80685845237278,3,2023,18.05660394414415,24.175571381246264
00-0037228,2024_11_BAL_PIT,2024,11,41.0,23.77509867102147,3,2023,26.699700513511896,25.08275516014361
00-0037248,2024_11_KC_BUF,2024,11,20.0,62.439532466704314,3,2023,62.06438577304981,63.62154809721973
00-0037263,2024_11_ATL_DEN,2024,11,0.0,31.228197517106445,3,2023,32.65675299455536,33.36029051144368
00-0037267,2024_11_CLE_NO,2024,11,10.0,44.251397803651095,3,2023,44.861626013435384,46.051914684321034
00-0037276,2024_11_MIN_TEN,2024,11,0.0,24.612281875692304,3,2023,27.24671493680813,26.133059914981033
00-0037525,2024_11_SEA_SF,2024,11,13.0,49.153147279797565,3,2023,50.62661700565253,49.673031398038646
00-0037746,2024_11_WAS_PHI,2024,11,63.0,55.93863734749911,3,2023,56.78788062819197,56.48100851252313
00-0037840,2024_11_LA_NE,2024,11,86.0,70.35559540306161,3,2023,72.70430115910315,68.15719669964479
00-0038040,2024_11_LV_MIA,2024,11,9.0,25.14124884015331,3,2023,27.47334727645532,26.914113653848048
00-0038098,2024_11_CLE_NO,2024,11,5.0,16.53814997337918,3,2023,16.898959168110398,21.008865974979784
00-0038120,2024_11_IND_NYJ,2024,11,78.0,65.92373187127933,3,2023,65.70953961666604,66.64215051479982
00-0038134,2024_11_SEA_SF,2024,11,54.0,56.75949055182111,3,2023,54.425170800850715,60.371722428695946
00-0038542,2024_11_ATL_DEN,2024,11,35.0,72.50897807335465,3,2023,76.70628644495982,68.29795321764458
00-0038597,2024_11_CIN_LAC,2024,11,86.0,57.6417801223735,3,2023,57.26158754723172,59.248432058907355
00-0038794,2024_11_ATL_DEN,2024,11,19.0,16.22286551737831,3,2023,19.341810429377222,17.999326728678835
00-0038797,2024_11_GB_CHI,2024,11,17.0,27.87442188007351,3,2023,29.86694893853391,29.74331937303045
00-0039021,2024_11_GB_CHI,2024,11,33.0,21.86931051838337,3,2023,23.571762490253967,24.54972895748893
00-0039032,2024_11_MIN_TEN,2024,11,0.0,25.243302838875174,3,2023,27.46016201967854,27.120963495841195
00-0039040,2024_11_LV_MIA,2024,11,73.0,60.797581933163464,3,2023,62.73386014984624,59.84221665295403
00-0039139,2024_11_JAX_DET,2024,11,69.0,66.84317689205017,3,2023,70.37467005393668,63.78478825434925
00-0039165,2024_11_SEA_SF,2024,11,3.0,23.88173325475936,3,2023,26.823744194734097,25.16288251842399
00-0039325,2024_11_KC_BUF,2024,11,2.0,30.909555210650424,3,2023,29.631045695596256,35.740953710082024
00-0039363,2024_11_SEA_SF,2024,11,0.0,36.82882012049434,3,2023,36.521768983400285,40.183791836289785
00-0039373,2024_11_ATL_DEN,2024,11,16.0,33.6695498107032,3,2023,34.83288323692339,35.849830164286466
00-0039794,2024_11_IND_NYJ,2024,11,6.0,28.786206895027753,3,2023,34.667946971312226,26.737328662606775
00-0039874,2024_11_LV_MIA,2024,11,4.0,16.561058758510928,3,2023,18.055316492526902,19.911241090202346
00-0039875,2024_11_KC_BUF,2024,11,11.0,31.77697669094148,3,2023,28.897735462700116,38.112164840940906
00-0030578,2024_12_PIT_CLE,2024,12,-2.0,9.798136071454675,3,2023,14.248611964515854,10.822559852231992
00-0031687,2024_12_NE_MIA,2024,12,5.0,26.904389792300805,3,2023,26.58757074989127,31.13708547546974
00-0032104,2024_12_DEN_LV,2024,12,28.0,12.570645220626405,3,2023,14.277378724911085,16.06018777747072
00-0032764,2024_12_BAL_LAC,2024,12,140.0,90.18095080019319,3,2023,90.79743596046754,87.95785957384395
00-0033045,2024_12_DAL_WAS,2024,12,6.0,32.339208375518446,3,2023,36.651090946026024,31.528745708364447
00-0033280,2024_12_SF_GB,2024,12,31.0,53.73633459763741,3,2023,53.96333131354716,55.085396434297806
00-0033293,2024_12_MIN_CHI,2024,12,106.0,71.96546372968265,3,2023,74.93514436040931,69.01344922960025
00-0033526,2024_12_KC_CAR,2024,12,13.0,16.550954853360956,3,2023,19.36490315246079,18.599700448563272
00-0033553,2024_12_ARI_SEA,2024,12,8.0,75.02831363776446,3,2023,74.53447428792558,75.22632568977366
00-0033699,2024_12_DAL_WAS,2024,12,22.0,38.876145631820506,3,2023,41.04761985073356,39.60613639391905
00-0033854,2024_12_TEN_HOU,2024,12,0.0,6.170163888973331,3,2023,9.696786089012978,8.423618198158053
00-0033897,2024_12_TEN_HOU,2024,12,22.0,83.8379340944781,3,2023,83.4752770977507,83.13591763893555
00-0033923,2024_12_KC_CAR,2024,12,68.0,82.32579214628169,3,2023,81.84915119265843,81.86852561673035
00-0033955,2024_12_DAL_WAS,2024,12,22.0,18.114287072884547,3,2023,17.022093685944927,23.881017058167032
00-0034184,2024_12_BAL_LAC,2024,12,11.0,16.874800995572695,3,2023,20.974109001908467,17.62677840955933
00-0034791,2024_12_PIT_CLE,2024,12,59.0,28.76682658355989,3,2023,31.01667227110839,30.303734165865144
00-0034844,2024_12_PHI_LA,2024,12,255.0,88.21148952773584,3,2023,86.91335346792219,88.05008660081
00-0034975,2024_12_BAL_LAC,2024,12,55.0,15.061503209800875,3,2023,17.13141733525358,17.97477138513445
00-0035250,2024_12_TB_NYG,2024,12,3.0,32.853079033907854,3,2023,32.91302467595712,36.19364041258029
00-0035261,2024_12_TEN_HOU,2024,12,119.0,55.285182231937625,3,2023,55.667229588992,56.34575735991994
00-0035685,2024_12_DET_IND,2024,12,37.0,60.359976563258115,3,2023,60.62608331699721,61.09107670552012
00-0035700,2024_12_SF_GB,2024,12,106.0,67.36615680778726,3,2023,67.62541005848287,67.49119339541613
00-0036139,2024_12_DAL_WAS,2024,12,86.0,49.74533429835596,3,2023,52.62014164550064,48.83052721369991
00-0036158,2024_12_BAL_LAC,2024,12,40.0,60.120943389084964,3,2023,56.81171767117005,64.40122482765273
00-0036223,2024_12_DET_IND,2024,12,35.0,74.34956519659877,3,2023,74.0538289955006,74.41145133952247
00-0036275,2024_12_MIN_CHI,2024,12,30.0,59.82988970502139,3,2023,57.514337660476784,63.15503472312737
00-0036328,2024_12_NE_MIA,2024,12,31.0,21.547041627401075,3,2023,25.76710786149904,21.771171861959395
00-0036414,2024_12_MIN_CHI,2024,12,19.0,30.829217945164004,3,2023,33.34203803628049,31.92621617566298
00-0036555,2024_12_KC_CAR,2024,12,58.0,67.1537021936303,3,2023,65.99414452586785,68.69745830315722
00-0036875,2024_12_NE_MIA,2024,12,13.0,62.53365985965481,3,2023,62.58647326105591,63.2851150232221
00-0036893,2024_12_PIT_CLE,2024,12,41.0,60.734732686162495,3,2023,60.45371604097201,61.97297515559036
00-0036919,2024_12_PHI_LA,2024,12,22.0,18.815505365624098,3,2023,22.68149990619417,19.627972947858115
00-0036997,2024_12_DEN_LV,2024,12,-2.0,57.93494313352106,3,2023,59.7493509089673,57.35023769961058
00-0037120,2024_12_DET_IND,2024,12,0.0,16.360696405546864,3,2023,19.11202423107387,18.487880055436975
00-0037228,2024_12_PIT_CLE,2024,12,45.0,22.447953355303394,3,2023,24.52177255992998,24.711278995028053
00-0037256,2024_12_TB_NYG,2024,12,37.0,41.446441103073816,3,2023,45.22963216023629,40.36110640924866
00-0037267,2024_12_PIT_CLE,2024,12,19.0,40.54158211499093,3,2023,41.9107540594717,41.917640238663004
00-0037276,2024_12_MIN_CHI,2024,12,0.0,27.246360077665248,3,2023,27.267932749463167,31.11520607117088
00-0037525,2024_12_SF_GB,2024,12,8.0,44.081348042929626,3,2023,44.40407941014569,46.1804518340267
00-0037746,2024_12_DAL_WAS,2024,12,13.0,81.53913446249786,3,2023,84.2590196128712,77.99622370750386
00-0037840,2024_12_PHI_LA,2024,12,72.0,63.823642267300336,3,2023,63.920657956880206,64.41864286912106
00-0038134,2024_12_ARI_SEA,2024,12,41.0,67.36180226416207,3,2023,64.66454249682054,70.40481851188304
00-0038396,2024_12_TB_NYG,2024,12,-1.0,12.268065238227386,3,2023,14.98438799845783,14.787773475456998
00-0038705,2024_12_ARI_SEA,2024,12,14.0,11.72053723860175,3,2023,15.688483948964771,13.05298764615895
00-0038738,2024_12_DAL_WAS,2024,12,0.0,8.39958566672093,3,2023,9.077826731433992,13.268923784098035
00-0038794,2024_12_DEN_LV,2024,12,44.0,20.368526552808504,3,2023,23.597450646543017,21.673837391165936
00-0038797,2024_12_SF_GB,2024,12,41.0,19.021571952835362,3,2023,18.887048954436647,23.763876884398652
00-0038951,2024_12_TB_NYG,2024,12,3.0,25.907042858972886,3,2023,25.42738589016103,30.387670565923315
00-0039021,2024_12_MIN_CHI,2024,12,2.0,25.130163001200597,3,2023,29.268789604266388,25.121247225087515
00-0039040,2024_12_NE_MIA,2024,12,32.0,63.99615356723316,3,2023,65.89063243825265,62.80226010547478
00-0039139,2024_12_DET_IND,2024,12,90.0,61.712250734288965,3,2023,62.38550858351394,61.92327608887547
00-0039165,2024_12_ARI_SEA,2024,12,22.0,31.40372298007386,3,2023,34.135013824418756,32.23487436636216
00-0039325,2024_12_KC_CAR,2024,12,4.0,34.77697517047743,3,2023,33.28142536519922,39.48427606823247
00-0039361,2024_12_TB_NYG,2024,12,88.0,55.89378522412475,3,2023,57.43041966655618,55.76173600609514
00-0039363,2024_12_SF_GB,2024,12,0.0,34.19919605853291,3,2023,36.02411166494077,35.680274241140495
00-0039373,2024_12_DEN_LV,2024,12,15.0,28.36515447857895,3,2023,31.271253696480063,29.28958032269005
00-0039384,2024_12_TB_NYG,2024,12,42.0,72.33674161652746,3,2023,73.63109464619632,71.00552822366737
00-0039874,2024_12_NE_MIA,2024,12,28.0,21.217470454220763,3,2023,22.067119663915022,24.79648298864587
00-0030578,2024_13_PIT_CIN,2024,13,16.0,9.777407962704693,3,2023,14.29285099689792,10.73953279017665
00-0031687,2024_13_MIA_GB,2024,13,19.0,28.620884377299614,3,2023,29.800926707409772,31.226279826714013
00-0032104,2024_13_LV_KC,2024,13,39.0,25.488751414376242,3,2023,25.03345627039085,29.98192568160757
00-0032764,2024_13_PHI_BAL,2024,13,82.0,104.621239632915,3,2023,105.13387764147556,101.23754433527176
00-0033045,2024_13_NYG_DAL,2024,13,4.0,27.22516716910517,3,2023,29.65055872999344,28.72368757685774
00-0033280,2024_13_SF_BUF,2024,13,53.0,57.58396847122509,3,2023,62.561274837058015,53.908694751467806
00-0033293,2024_13_ARI_MIN,2024,13,22.0,76.67711079957297,3,2023,77.92466791223042,75.0124276077629
00-0033526,2024_13_LV_KC,2024,13,0.0,16.89920955188297,3,2023,20.91038484492094,17.736024654410986
00-0033553,2024_13_ARI_MIN,2024,13,68.0,58.62294733556059,3,2023,56.686837956783336,61.67921459778739
00-0033897,2024_13_HOU_JAX,2024,13,101.0,91.67303425494504,3,2023,92.9877993885585,88.63034221922176
00-0033906,2024_13_LA_NO,2024,13,112.0,68.559022688059,3,2023,73.2406253285402,64.21557843823504
00-0033923,2024_13_LV_KC,2024,13,15.0,73.1468149327988,3,2023,74.44788784715878,71.73811342272803
00-0033955,2024_13_TEN_WAS,2024,13,32.0,16.357545696046746,3,2023,18.0240511095953,19.5555486875365
00-0034184,2024_13_LAC_ATL,2024,13,32.0,21.61599017165477,3,2023,25.62242628087363,22.0449077939531
00-0034791,2024_13_CLE_DEN,2024,13,21.0,55.86426611994352,3,2023,60.849116448181874,52.33196918075772
00-0034844,2024_13_PHI_BAL,2024,13,107.0,79.68361717409135,3,2023,75.60572854192935,83.01130757807714
00-0034975,2024_13_PHI_BAL,2024,13,6.0,18.667667019552134,3,2023,19.52855125141934,22.458622356457436
00-0035250,2024_13_NYG_DAL,2024,13,23.0,35.227993082034985,3,2023,36.872776410821906,36.79684427614448
00-0035261,2024_13_TEN_WAS,2024,13,35.0,68.53944822688328,3,2023,65.46344232256544,71.85321741062833
00-0035537,2024_13_SF_BUF,2024,13,28.0,15.606701792547227,3,2023,18.36221381894258,17.795707821686097
00-0035685,2024_13_CHI_DET,2024,13,88.0,50.1638455048349,3,2023,51.91176493486116,50.32448704890426
00-0035700,2024_13_MIA_GB,2024,13,43.0,74.86093842236181,3,2023,73.32839290853376,76.09862518972824
00-0036139,2024_13_NYG_DAL,2024,13,112.0,59.170946075235065,3,2023,60.18214167709428,59.27076824867365
00-0036223,2024_13_IND_NE,2024,13,96.0,87.86104654071883,3,2023,94.98898214153007,79.41513074574264
00-0036275,2024_13_CHI_DET,2024,13,39.0,58.22421157681816,3,2023,60.474650178296145,57.18391229001752
00-0036328,2024_13_IND_NE,2024,13,62.0,36.951614291844656,3,2023,42.251708407287815,34.76250244216446
00-0036414,2024_13_ARI_MIN,2024,13,22.0,20.489775214070086,3,2023,22.811339121336857,22.679897817103218
00-0036555,2024_13_TB_CAR,2024,13,43.0,78.00402924664556,3,2023,79.37854842271017,76.09799024379214
00-0036875,2024_13_IND_NE,2024,13,73.0,63.82724131007124,3,2023,69.24860869847471,59.16765564610944
00-0036893,2024_13_PIT_CIN,2024,13,75.0,57.345985846005085,3,2023,63.68413964884935,52.34859266339895
00-0036919,2024_13_PHI_BAL,2024,13,0.0,20.564378894332556,3,2023,24.592454455205807,21.063925765728552
00-0036973,2024_13_HOU_JAX,2024,13,46.0,46.04288727372355,3,2023,49.0935124152579,45.27842761271787
00-0036984,2024_13_IND_NE,2024,13,0.0,26.584003206293303,3,2023,28.81476278992423,28.330676074162128
00-0036997,2024_13_CLE_DEN,2024,13,1.0,52.53227786749352,3,2023,53.98235542304291,52.77967551254706
00-0037120,2024_13_IND_NE,2024,13,0.0,19.562600664170457,3,2023,19.46331178757855,24.222811739951137
00-0037197,2024_13_LV_KC,2024,13,44.0,62.01699395304026,3,2023,64.63132105623073,60.285843089484
00-0037228,2024_13_PIT_CIN,2024,13,9.0,37.37709948154319,3,2023,36.69123595984186,41.05793987011023
00-0037248,2024_13_SF_BUF,2024,13,107.0,56.47990210758777,3,2023,58.44919940267962,55.86961750527659
00-0037256,2024_13_TB_CAR,2024,13,76.0,45.524486711154054,3,2023,50.69208997941306,42.71625725657726
00-0037263,2024_13_LAC_ATL,2024,13,16.0,26.81581097810223,3,2023,28.458071637224453,29.12296072137966
00-0037267,2024_13_CLE_DEN,2024,13,41.0,18.823648064420947,3,2023,20.264724238530068,22.02840448889973
00-0037276,2024_13_ARI_MIN,2024,13,2.0,23.721985767404018,3,2023,22.396240532677833,29.228691126931786
00-0037525,2024_13_SF_BUF,2024,13,78.0,48.314145856264375,3,2023,48.78694969097075,49.89491189743849
00-0037617,2024_13_LAC_ATL,2024,13,0.0,10.087173855672475,3,2023,12.465535841994985,13.131155962285902
00-0037746,2024_13_TEN_WAS,2024,13,103.0,48.17755884505472,3,2023,51.72629316346868,46.73482764097575
00-0037840,2024_13_LA_NO,2024,13,104.0,79.13999355612867,3,2023,81.51671326475338,76.14558300290547
00-0038098,2024_13_CLE_DEN,2024,13,0.0,11.869494112156207,3,2023,12.21684948259038,16.76185169492383
00-0038120,2024_13_SEA_NYJ,2024,13,60.0,68.40573140944699,3,2023,68.83379647948044,68.27324707836289
00-0038134,2024_13_SEA_NYJ,2024,13,49.0,61.60449240270815,3,2023,60.01356574665356,64.05932615265128
00-0038396,2024_13_NYG_DAL,2024,13,0.0,15.92413078500244,3,2023,19.821024193386155,16.959013189774446
00-0038542,2024_13_LAC_ATL,2024,13,102.0,64.53260185499036,3,2023,66.43207375780648,63.28685823506644
00-0038555,2024_13_HOU_JAX,2024,13,28.0,49.17572209481136,3,2023,49.4923102328019,50.83528607456265
00-0038597,2024_13_PIT_CIN,2024,13,70.0,59.351042356744514,3,2023,59.93928807580863,59.852494531746515
00-0038685,2024_13_MIA_GB,2024,13,28.0,12.048381483262768,3,2023,15.307247162720634,14.0519034864473
00-0038705,2024_13_ARI_MIN,2024,13,12.0,11.898209559408812,3,2023,14.860528952112102,14.207510102722573
00-0038738,2024_13_NYG_DAL,2024,13,4.0,5.9907786765823,3,2023,7.9483319990041,9.808340176952726
00-0038794,2024_13_CLE_DEN,2024,13,84.0,21.034478937884725,3,2023,24.269903499184675,22.275124369151783
00-0038797,2024_13_MIA_GB,2024,13,20.0,23.061324830135376,3,2023,23.88277510703955,26.506884177900417
00-0038951,2024_13_TB_CAR,2024,13,0.0,25.617872186544425,3,2023,24.85737355055813,30.40093866798356
00-0039021,2024_13_CHI_DET,2024,13,0.0,18.752786040535327,3,2023,20.402313221947,21.75803339725655
00-0039032,2024_13_TEN_WAS,2024,13,3.0,27.878477779759745,3,2023,28.401381071852292,31.197300773902917
00-0039040,2024_13_MIA_GB,2024,13,14.0,55.604324819099425,3,2023,57.10411266324885,55.53395616395096
00-0039139,2024_13_CHI_DET,2024,13,87.0,86.59652033832711,3,2023,87.27720977494242,84.62359812720416
00-0039165,2024_13_SEA_NYJ,2024,13,28.0,29.16181756714675,3,2023,30.892256397645124,31.17674581323
00-0039325,2024_13_LV_KC,2024,13,0.0,32.5638256878187,3,2023,30.519687827249353,38.006077014481214
00-0039361,2024_13_TB_CAR,2024,13,152.0,69.93311702431484,3,2023,74.3932623720211,65.68802390074586
00-0039363,2024_13_SF_BUF,2024,13,19.0,28.42393729444336,3,2023,29.64430064786691,31.006769290681525
00-0039373,2024_13_CLE_DEN,2024,13,12.0,20.49744017358542,3,2023,20.639489708477345,24.837719471476927
00-0039384,2024_13_NYG_DAL,2024,13,32.0,60.39069052708932,3,2023,60.25037851967304,61.52017352706214
00-0039794,2024_13_SEA_NYJ,2024,13,11.0,26.264013348866214,3,2023,30.949873332165513,25.6158897082604
00-0039875,2024_13_SF_BUF,2024,13,63.0,32.85691570034724,3,2023,30.689824882027903,38.39486522488651
00-0030578,2024_14_CLE_PIT,2024,14,3.0,10.04796260972086,3,2023,14.380643389219694,11.166778865846176
00-0032104,2024_14_LV_TB,2024,14,1.0,23.996393273468108,3,2023,23.25712544286973,28.900338289839752
00-0033045,2024_14_CIN_DAL,2024,14,4.0,21.960174336614507,3,2023,26.17022944913801,22.158047426454576
00-0033293,2024_14_ATL_MIN,2024,14,73.0,60.0890298009348,3,2023,63.422375163799416,57.81696254403218
00-0033526,2024_14_LAC_KC,2024,14,3.0,12.172506554900394,3,2023,15.270982702478223,14.323449855302467
00-0033553,2024_14_SEA_ARI,2024,14,90.0,69.33560019760654,3,2023,70.21127819896547,68.68005938384084
00-0033906,2024_14_NO_NYG,2024,14,44.0,72.24286770766065,3,2023,75.1003613380945,69.37729920087793
00-0033923,2024_14_LAC_KC,2024,14,16.0,55.008344468754586,3,2023,57.12807991567552,54.37831817534169
00-0034184,2024_14_LAC_KC,2024,14,36.0,30.849576777896296,3,2023,34.36185947954934,30.958486759173667
00-0034791,2024_14_CLE_PIT,2024,14,48.0,37.29049152551193,3,2023,38.139192690404606,39.464541043100965
00-0034844,2024_14_CAR_PHI,2024,14,124.0,115.92238859699486,3,2023,119.49263971985704,108.53281965905516
00-0035250,2024_14_NO_NYG,2024,14,8.0,30.012655651224144,3,2023,29.4244544225276,34.24128317372795
00-0035261,2024_14_JAX_TEN,2024,14,102.0,66.36945585088779,3,2023,64.89071905480137,68.29678759522541
00-0035537,2024_14_BUF_LA,2024,14,0.0,12.80343383300701,3,2023,13.819677118457186,16.954016335068964
00-0035685,2024_14_GB_DET,2024,14,51.0,59.58111405138457,3,2023,62.00305652561149,58.25288072598448
00-0035700,2024_14_GB_DET,2024,14,66.0,76.997749829286,3,2023,72.99792277875933,80.48333749922472
00-0036139,2024_14_CIN_DAL,2024,14,131.0,58.67296816201077,3,2023,58.95776144147984,59.533189459909266
00-0036275,2024_14_CHI_SF,2024,14,38.0,67.5324130100096,3,2023,67.58476399912061,67.84708622667895
00-0036414,2024_14_ATL_MIN,2024,14,37.0,22.925907359631093,3,2023,26.32781198985965,23.836821732153577
00-0036555,2024_14_CAR_PHI,2024,14,92.0,62.2761536999352,3,2023,58.880740085342154,66.45297351514496
00-0036893,2024_14_CLE_PIT,2024,14,53.0,61.792685822926934,3,2023,64.37375449131811,60.113975752184615
00-0036919,2024_14_CAR_PHI,2024,14,26.0,24.20526696604254,3,2023,25.967799921302344,26.62207035533835
00-0036973,2024_14_JAX_TEN,2024,14,20.0,44.127882368764595,3,2023,48.3464467742725,42.37836056456264
00-0037197,2024_14_LAC_KC,2024,14,55.0,35.99219538918374,3,2023,35.15494004345122,39.94357177323558
00-0037228,2024_14_CLE_PIT,2024,14,47.0,24.012592450469036,3,2023,26.196348794274847,26.030569819396387
00-0037248,2024_14_BUF_LA,2024,14,20.0,69.05598409913495,3,2023,69.85530458023152,68.50025364290155
00-0037256,2024_14_LV_TB,2024,14,90.0,41.240998848868095,3,2023,41.64220132515914,43.51110821375253
00-0037263,2024_14_ATL_MIN,2024,14,63.0,32.682076060848516,3,2023,34.27089712168597,34.52884294014823
00-0037267,2024_14_CLE_PIT,2024,14,28.0,32.34240385327756,3,2023,35.96079380540137,32.216026401745296
00-0037276,2024_14_ATL_MIN,2024,14,0.0,20.455126098415032,3,2023,21.686874482830728,23.723750582334624
00-0037509,2024_14_LV_TB,2024,14,78.0,27.95311062246778,3,2023,27.306621220550255,32.41940642252442
00-0037840,2024_14_BUF_LA,2024,14,87.0,75.53100201874409,3,2023,74.23311344764289,76.47851034201753
00-0038098,2024_14_CLE_PIT,2024,14,0.0,12.45401661175846,3,2023,12.451730662810304,17.64028558977717
00-0038542,2024_14_ATL_MIN,2024,14,92.0,65.8937371812194,3,2023,65.4786809739461,66.81299958326133
00-0038555,2024_14_JAX_TEN,2024,14,55.0,57.71795940110842,3,2023,57.30346168914456,59.35180158212868
00-0038597,2024_14_CIN_DAL,2024,14,58.0,70.25909321292667,3,2023,72.05611151415148,68.61356153287264
00-0038685,2024_14_GB_DET,2024,14,3.0,10.607264257467483,3,2023,15.077742295970062,11.54117515423945
00-0038705,2024_14_SEA_ARI,2024,14,0.0,16.625040259620775,3,2023,20.61043152600899,17.51128145581695
00-0038738,2024_14_CIN_DAL,2024,14,0.0,8.101042603930109,3,2023,10.288470175234544,11.507171848165536
00-0038797,2024_14_GB_DET,2024,14,7.0,18.366580441637236,3,2023,18.733214357878563,22.671616549766387
00-0038951,2024_14_LV_TB,2024,14,47.0,26.508341223249342,3,2023,25.162876138305045,31.790785850079583
00-0039032,2024_14_JAX_TEN,2024,14,21.0,18.73584106022548,3,2023,18.998088301211375,23.11159085476135
00-0039040,2024_14_NYJ_MIA,2024,14,24.0,54.81283307947151,3,2023,58.180846531694435,52.968060155967635
00-0039139,2024_14_GB_DET,2024,14,43.0,56.46101733179232,3,2023,58.26526765877886,56.01525915587139
00-0039165,2024_14_SEA_ARI,2024,14,134.0,28.987323771184073,3,2023,29.484921309082033,32.23412927219688
00-0039361,2024_14_LV_TB,2024,14,3.0,72.53530736875595,3,2023,74.71325732802478,70.31475869486302
00-0039363,2024_14_CHI_SF,2024,14,78.0,38.94935474083714,3,2023,41.35360440074482,39.44323033963078
00-0039384,2024_14_NO_NYG,2024,14,45.0,73.27927556642805,3,2023,73.86103598834575,72.56883254515036
00-0039794,2024_14_NYJ_MIA,2024,14,43.0,27.33392540290587,3,2023,33.826583209147685,24.809200756252743
00-0039874,2024_14_NYJ_MIA,2024,14,7.0,15.27664745050755,3,2023,17.90202536501374,17.622944416243026
00-0039875,2024_14_BUF_LA,2024,14,0.0,44.33295612196226,3,2023,42.43368598114358,48.60280694434381
00-0030578,2024_15_PIT_PHI,2024,15,9.0,8.89213723386552,3,2023,12.977392551356129,10.356221715274309
00-0031687,2024_15_MIA_HOU,2024,15,8.0,23.9248009400599,3,2023,25.73073664538805,26.32330506918621
00-0032104,2024_15_ATL_LV,2024,15,8.0,14.478713297873206,3,2023,15.98759311093288,17.99660765658192
00-0032764,2024_15_BAL_NYG,2024,15,67.0,106.91821109766445,3,2023,107.1904280855338,103.57085747923963
00-0033045,2024_15_DAL_CAR,2024,15,30.0,27.803941641716218,3,2023,29.544980923131114,29.927181645455818
00-0033293,2024_15_CHI_MIN,2024,15,86.0,70.6315712937143,3,2023,72.37024698698815,69.01103384477904
00-0033526,2024_15_KC_CLE,2024,15,11.0,11.821574211813545,3,2023,14.712038018189904,14.208487816074008
00-0033553,2024_15_NE_ARI,2024,15,110.0,72.39478467792242,3,2023,72.27199249191847,72.45698674105013
00-0033854,2024_15_MIA_HOU,2024,15,35.0,6.483232519244879,3,2023,10.558537891177112,8.167841593936238
00-0033897,2024_15_MIA_HOU,2024,15,23.0,80.96914375140884,3,2023,80.07651734220451,81.04105270094564
00-0033906,2024_15_WAS_NO,2024,15,12.0,64.14173480784274,3,2023,64.61157738228229,64.34099236593117
00-0033923,2024_15_KC_CLE,2024,15,45.0,50.61862986918021,3,2023,55.1542689797376,47.98846454091721
00-0033955,2024_15_WAS_NO,2024,15,4.0,17.652507018384405,3,2023,18.32186653479978,21.721261686102636
00-0034184,2024_15_TB_LAC,2024,15,23.0,25.273123695313583,3,2023,27.17610432616688,27.45792315217924
00-0034791,2024_15_KC_CLE,2024,15,41.0,40.413839672039536,3,2023,43.29949997934006,40.30454333576274
00-0034844,2024_15_PIT_PHI,2024,15,65.0,80.9858168991297,3,2023,79.55118993919837,81.59113408255382
00-0034972,2024_15_ATL_LV,2024,15,21.0,37.15671886413672,3,2023,40.63237392317165,36.750092031845774
00-0034975,2024_15_BAL_NYG,2024,15,7.0,22.85327194814783,3,2023,23.19278786224344,26.792620611707555
00-0035250,2024_15_BAL_NYG,2024,15,25.0,21.321978503427136,3,2023,21.006088999109057,26.04204742228159
00-0035261,2024_15_CIN_TEN,2024,15,45.0,62.879414267696866,3,2023,62.850845348811696,63.68093762657436
00-0035537,2024_15_BUF_DET,2024,15,9.0,14.13865709599354,3,2023,16.114713617474777,17.225268359261104
00-0035685,2024_15_BUF_DET,2024,15,4.0,63.21630389246764,3,2023,65.6440926860959,61.56433308097013
00-0035700,2024_15_GB_SEA,2024,15,94.0,87.9772837831423,3,2023,87.64025447482688,86.88791024598102
00-0036139,2024_15_DAL_CAR,2024,15,149.0,65.36747416982587,3,2023,63.07490745316967,68.18556683717406
00-0036223,2024_15_IND_DEN,2024,15,107.0,76.19121843524289,3,2023,79.84258874088117,72.19686229244302
00-0036275,2024_15_CHI_MIN,2024,15,79.0,61.2520427647358,3,2023,59.83243676556954,63.568639398303546
00-0036328,2024_15_NE_ARI,2024,15,33.0,25.559811334550705,3,2023,29.07172978180378,26.131773738760465
00-0036414,2024_15_CHI_MIN,2024,15,24.0,29.96525634466058,3,2023,32.60559554187002,31.01198416296897
00-0036555,2024_15_DAL_CAR,2024,15,32.0,83.17506717480032,3,2023,83.33370496033518,82.01659794484064
00-0036727,2024_15_WAS_NO,2024,15,0.0,5.837448367703468,3,2023,8.353236184960709,9.117534693695902
00-0036875,2024_15_NE_ARI,2024,15,69.0,66.60289900347055,3,2023,66.67992118708096,66.9745298476555
00-0036893,2024_15_PIT_PHI,2024,15,14.0,57.554256738903334,3,2023,60.64618604669863,55.74214321630689
00-0036919,2024_15_PIT_PHI,2024,15,20.0,20.657416313185493,3,2023,23.7358610549159,22.085956829286467
00-0036973,2024_15_NYJ_JAX,2024,15,65.0,33.507983355255575,3,2023,35.52780562208281,34.85718028660708
00-0036984,2024_15_IND_DEN,2024,15,3.0,19.927170769310536,3,2023,20.921650490142607,23.47612090779009
00-0036997,2024_15_IND_DEN,2024,15,15.0,50.95664467593974,3,2023,52.622310353396614,51.12911161055783
00-0037120,2024_15_IND_DEN,2024,15,3.0,14.214040792478482,3,2023,14.87652262129582,18.59034342967505
00-0037197,2024_15_KC_CLE,2024,15,32.0,46.008104253778846,3,2023,46.002912660085634,48.26228247619733
00-0037228,2024_15_PIT_PHI,2024,15,12.0,29.161397417854474,3,2023,31.647735650220103,30.430412319570365
00-0037248,2024_15_BUF_DET,2024,15,105.0,53.267250967622104,3,2023,57.40952594498035,50.793598755633305
00-0037256,2024_15_TB_LAC,2024,15,64.0,48.45246486581075,3,2023,50.09095536331397,48.87078856774584
00-0037263,2024_15_ATL_LV,2024,15,43.0,31.567928776877878,3,2023,34.07997272612275,32.60107829092232
00-0037267,2024_15_KC_CLE,2024,15,84.0,30.310086753514973,3,2023,33.542930550878516,30.741946510106622
00-0037276,2024_15_CHI_MIN,2024,15,4.0,28.575667007749296,3,2023,28.075501502373054,32.84311018214973
00-0037509,2024_15_ATL_LV,2024,15,8.0,45.076170490796486,3,2023,43.404278774756065,49.05662712658241
00-0037746,2024_15_WAS_NO,2024,15,65.0,73.94171593212579,3,2023,78.43459067363766,69.31369419677519
00-0037840,2024_15_LA_SF,2024,15,108.0,73.25578953158166,3,2023,75.0075321288283,71.39281819793584
00-0038098,2024_15_KC_CLE,2024,15,0.0,15.030596532753204,3,2023,14.701438086609818,20.314063571351525
00-0038120,2024_15_NYJ_JAX,2024,15,30.0,63.525249739357356,3,2023,63.601157315553216,64.16718086044618
00-0038542,2024_15_ATL_LV,2024,15,125.0,76.39285741013254,3,2023,77.38371806778805,75.00635547288974
00-0038555,2024_15_NYJ_JAX,2024,15,42.0,65.56414220486718,3,2023,65.73512575643898,65.93390792375041
00-0038597,2024_15_CIN_TEN,2024,15,97.0,61.08626973550562,3,2023,62.665292227215446,60.45820653696228
00-0038685,2024_15_GB_SEA,2024,15,6.0,13.261894147685613,3,2023,16.543343058476445,15.13698485905351
00-0038738,2024_15_DAL_CAR,2024,15,0.0,7.571813015819565,3,2023,9.29350092823645,11.483843185274566
00-0038794,2024_15_IND_DEN,2024,15,21.0,31.946039431047637,3,2023,33.245998631720475,34.14224684138632
00-0038797,2024_15_GB_SEA,2024,15,9.0,24.10484326300655,3,2023,23.185680252000672,29.176829578739188
00-0038951,2024_15_TB_LAC,2024,15,17.0,26.08692336830164,3,2023,26.708805365589757,29.464776744977986
00-0039032,2024_15_CIN_TEN,2024,15,5.0,21.12955447884873,3,2023,21.49119269146267,25.19784467023217
00-0039040,2024_15_MIA_HOU,2024,15,41.0,58.57413941381598,3,2023,59.5697872046036,58.74150711522767
00-0039139,2024_15_BUF_DET,2024,15,31.0,65.42066242593566,3,2023,68.63686205167329,62.79784394629231
00-0039165,2024_15_GB_SEA,2024,15,54.0,41.29648357916291,3,2023,41.35031761646005,43.90453602664909
00-0039361,2024_15_TB_LAC,2024,15,117.0,48.534064641070614,3,2023,49.15570878738914,49.948713259338014
00-0039363,2024_15_LA_SF,2024,15,57.0,58.72334126122161,3,2023,60.190133040635416,58.41271566445809
00-0039373,2024_15_IND_DEN,2024,15,13.0,26.86161506430897,3,2023,24.64278010937268,32.97503340828406
00-0039384,2024_15_BAL_NYG,2024,15,31.0,53.89555263081518,3,2023,51.05008833375844,58.262708384467686
00-0039391,2024_15_TB_LAC,2024,15,9.0,24.826599519385674,3,2023,31.073189695048615,22.764018167460865
00-0039794,2024_15_NYJ_JAX,2024,15,5.0,38.49416104487948,3,2023,39.66774848442788,40.242316178358344
00-0039798,2024_15_NYJ_JAX,2024,15,24.0,36.160048918369746,3,2023,38.41122479188618,37.04896260719698
00-0039874,2024_15_MIA_HOU,2024,15,3.0,12.830744458829031,3,2023,17.625667343748933,13.249994292947648
00-0039875,2024_15_BUF_DET,2024,15,15.0,34.17245932349747,3,2023,32.711996116365334,38.89801211912605
00-0030578,2024_16_PIT_BAL,2024,16,0.0,9.250576222056289,3,2023,13.369870863230544,10.649716945350896
00-0031687,2024_16_SF_MIA,2024,16,31.0,25.01819144551053,3,2023,28.4602905575718,25.706429411017677
00-0032104,2024_16_JAX_LV,2024,16,38.0,17.267362553020412,3,2023,18.634908047377586,20.680809294844455
00-0032764,2024_16_PIT_BAL,2024,16,162.0,90.4027302885597,3,2023,88.98990774674007,90.16283765496787
00-0033045,2024_16_TB_DAL,2024,16,1.0,18.654760885420146,3,2023,21.68051170348335,20.310472959145812
00-0033293,2024_16_MIN_SEA,2024,16,67.0,68.37927409951249,3,2023,70.10846804931077,66.96510082804068
00-0033526,2024_16_HOU_KC,2024,16,0.0,11.73679838514645,3,2023,13.909280746939462,14.839658507229244
00-0033553,2024_16_ARI_CAR,2024,16,117.0,84.32592458417867,3,2023,88.24839169168415,79.35250146318843
00-0033854,2024_16_HOU_KC,2024,16,0.0,7.761853960510656,3,2023,11.57121068627126,9.597070873502233
00-0033897,2024_16_HOU_KC,2024,16,57.0,69.2093685911945,3,2023,71.9863986312253,66.68854314638921
00-0033923,2024_16_HOU_KC,2024,16,55.0,50.537313916693236,3,2023,52.84833168693924,50.10960165673484
00-0033925,2024_16_CLE_CIN,2024,16,1.0,19.78061213984235,3,2023,19.86743576994662,24.23809101343372
00-0033955,2024_16_PHI_WAS,2024,16,3.0,16.348304781678998,3,2023,18.419325344029637,19.14792523587662
00-0034184,2024_16_DEN_LAC,2024,16,68.0,21.612980122951157,3,2023,26.420213266157507,21.251904257980556
00-0034844,2024_16_PHI_WAS,2024,16,150.0,76.10472751671026,3,2023,72.20908073355372,79.56561834745662
00-0034972,2024_16_JAX_LV,2024,16,27.0,42.8658444677726,3,2023,43.23365711882994,45.02677979402436
00-0034975,2024_16_PIT_BAL,2024,16,30.0,16.68599524066117,3,2023,18.81704396631468,19.396840030497863
00-0035250,2024_16_NYG_ATL,2024,16,12.0,27.495145631780712,3,2023,26.196376708306783,32.64519346639244
00-0035261,2024_16_TEN_IND,2024,16,35.0,63.927352035206546,3,2023,68.21570260843721,60.37711354851437
00-0035537,2024_16_NE_BUF,2024,16,30.0,17.00831656944798,3,2023,18.1169707404992,20.699905666472898
00-0035628,2024_16_JAX_LV,2024,16,0.0,20.843813370980726,3,2023,23.61120872793063,22.563005123030916
00-0035700,2024_16_NO_GB,2024,16,69.0,89.83599633540788,3,2023,90.70598966154344,87.39290665422561
00-0036139,2024_16_TB_DAL,2024,16,23.0,58.93261086891983,3,2023,58.13980851289099,60.83353345227604
00-0036223,2024_16_TEN_IND,2024,16,218.0,76.63416960911829,3,2023,80.89893848414616,71.99574387519331
00-0036275,2024_16_DET_CHI,2024,16,20.0,60.68246247489075,3,2023,59.92988455377302,62.39063147884097
00-0036328,2024_16_NE_BUF,2024,16,28.0,27.201418993064692,3,2023,30.47348260340031,27.86648866765303
00-0036414,2024_16_MIN_SEA,2024,16,3.0,33.73152700942094,3,2023,37.7081630607361,33.130112907557056
00-0036555,2024_16_ARI_CAR,2024,16,152.0,76.24376765265973,3,2023,74.30831664166065,77.75810145463839
00-0036727,2024_16_NO_GB,2024,16,0.0,3.230353400052815,3,2023,6.384970313019138,6.108060240320484
00-0036875,2024_16_NE_BUF,2024,16,60.0,69.25504627851436,3,2023,71.62427329837695,67.1326608616086
00-0036893,2024_16_PIT_BAL,2024,16,42.0,53.30741101876997,3,2023,58.46944945443431,49.82390491181046
00-0036919,2024_16_PHI_WAS,2024,16,7.0,27.896792419360988,3,2023,29.43340919284004,30.213642670881963
00-0036973,2024_16_JAX_LV,2024,16,22.0,48.68112973242039,3,2023,51.288020781890005,48.1237979806231
00-0036984,2024_16_TEN_IND,2024,16,25.0,24.22521886933102,3,2023,26.67858629474499,25.958535515048897
00-0036997,2024_16_DEN_LAC,2024,16,24.0,43.884122797537195,3,2023,46.65255101807099,43.58697169989212
00-0037120,2024_16_TEN_IND,2024,16,22.0,16.435505046476607,3,2023,17.803483587751934,19.921286573803872
00-0037197,2024_16_HOU_KC,2024,16,26.0,37.81332440554774,3,2023,38.96903746195213,39.6386710736049
00-0037228,2024_16_PIT_BAL,2024,16,48.0,26.911426361726583,3,2023,29.687513451505136,28.091309910204792
00-0037248,2024_16_NE_BUF,2024,16,100.0,66.51938124474563,3,2023,68.76551209067036,64.75775894588705
00-0037256,2024_16_TB_DAL,2024,16,10.0,45.90768698676418,3,2023,51.334597020552565,42.81004549317342
00-0037263,2024_16_NYG_ATL,2024,16,22.0,44.766193446817205,3,2023,47.032371581751505,44.887527463885434
00-0037267,2024_16_CLE_CIN,2024,16,92.0,38.37122298250891,3,2023,38.48354930557082,41.17742401672048
00-0037276,2024_16_MIN_SEA,2024,16,0.0,20.815119740970868,3,2023,19.771139673031385,26.29803060767676
00-0037617,2024_16_DEN_LAC,2024,16,0.0,5.724619076651987,3,2023,9.377071644308922,7.8928707912197
00-0037746,2024_16_PHI_WAS,2024,16,24.0,69.05552441090282,3,2023,70.13614717254332,68.22223444272299
00-0037840,2024_16_LA_NYJ,2024,16,122.0,66.94284659652041,3,2023,66.53484414499873,67.7633830446399
00-0038098,2024_16_CLE_CIN,2024,16,6.0,14.26629552743072,3,2023,15.024680108283118,18.543387011025064
00-0038120,2024_16_LA_NYJ,2024,16,52.0,58.90855684227649,3,2023,59.120231641543285,59.82032740327665
00-0038134,2024_16_MIN_SEA,2024,16,31.0,60.02004134734816,3,2023,59.68042366187717,61.378627208157766
00-0038396,2024_16_NYG_ATL,2024,16,0.0,11.487889782500028,3,2023,13.793930888212785,14.48072099176381
00-0038542,2024_16_NYG_ATL,2024,16,94.0,88.03537267068859,3,2023,87.95060512309081,86.69197669125737
00-0038551,2024_16_NO_GB,2024,16,15.0,23.861681465377814,3,2023,28.49657130238946,23.47398778022047
00-0038555,2024_16_JAX_LV,2024,16,50.0,50.15312236450593,3,2023,51.6589368164265,50.553620197292446
00-0038597,2024_16_CLE_CIN,2024,16,91.0,65.97384140183561,3,2023,67.40157488660206,65.06756262474346
00-0038685,2024_16_NO_GB,2024,16,23.0,11.643734918944654,3,2023,15.377478792914506,13.214023393745066
00-0038738,2024_16_TB_DAL,2024,16,0.0,4.775392798099054,3,2023,7.140160266134274,8.29740914604826
00-0038797,2024_16_NO_GB,2024,16,52.0,24.24398063008296,3,2023,24.59843396335619,28.04694393701592
00-0038951,2024_16_TB_DAL,2024,16,0.0,24.032506247210208,3,2023,24.92201097878222,27.325958166649315
00-0039021,2024_16_DET_CHI,2024,16,3.0,14.867882035933647,3,2023,16.61822811868672,18.113447972869277
00-0039032,2024_16_TEN_IND,2024,16,27.0,29.997754855016545,3,2023,30.245239489228933,33.40299935279478
00-0039040,2024_16_SF_MIA,2024,16,120.0,57.080036022576024,3,2023,61.51106123349305,53.98793189261765
00-0039139,2024_16_DET_CHI,2024,16,109.0,75.53948865954129,3,2023,75.06642814490847,75.67228316514753
00-0039165,2024_16_MIN_SEA,2024,16,-1.0,43.35083643241454,3,2023,46.19347198486746,43.027101009414395
00-0039361,2024_16_TB_DAL,2024,16,68.0,62.30263974641513,3,2023,63.01401742867705,62.42440599713616
00-0039373,2024_16_DEN_LAC,2024,16,48.0,24.58603150059711,3,2023,25.648690770482787,27.660191419471055
00-0039384,2024_16_NYG_ATL,2024,16,26.0,56.515247602278166,3,2023,54.44249195915727,59.89072193379751
00-0039391,2024_16_DEN_LAC,2024,16,24.0,25.80979525024512,3,2023,30.119546678724117,25.57255995928601
00-0039794,2024_16_LA_NYJ,2024,16,5.0,24.279666625395176,3,2023,27.70828606041514,25.04580521784089
00-0039798,2024_16_LA_NYJ,2024,16,12.0,27.794383638002234,3,2023,33.687893133859674,25.820645149060063
00-0039875,2024_16_NE_BUF,2024,16,12.0,42.269245271575016,3,2023,41.46713624160067,45.6368877366779
00-0030578,2024_17_KC_PIT,2024,17,2.0,9.83404977033525,3,2023,13.78646027269079,11.34684194806472
00-0031687,2024_17_MIA_CLE,2024,17,3.0,21.385612547605167,3,2023,25.474339440580497,21.7534735227317
00-0032104,2024_17_LV_NO,2024,17,115.0,22.84745839225746,3,2023,24.7694552848416,25.225663534176693
00-0032764,2024_17_BAL_HOU,2024,17,147.0,105.7264360937913,3,2023,106.7941098045374,101.69833964570924
00-0033045,2024_17_DAL_PHI,2024,17,2.0,18.662989557406963,3,2023,20.48498421842932,21.505893938340424
00-0033293,2024_17_GB_MIN,2024,17,47.0,62.95251058048955,3,2023,62.28080701550708,64.38230981617806
00-0033526,2024_17_KC_PIT,2024,17,9.0,10.109321766616258,3,2023,13.040288634135228,12.606035228003094
00-0033553,2024_17_ARI_LA,2024,17,4.0,70.33699661750109,3,2023,70.74898605088728,70.05144959411203
00-0033854,2024_17_BAL_HOU,2024,17,12.0,5.696307184928624,3,2023,9.70527231472089,7.515215256927675
00-0033897,2024_17_BAL_HOU,2024,17,26.0,68.31197984844545,3,2023,70.26944177125264,66.6784293074034
00-0033923,2024_17_KC_PIT,2024,17,20.0,52.231507859781104,3,2023,53.44380748720132,52.739861941961664
00-0033925,2024_17_MIA_CLE,2024,17,49.0,17.282069360190192,3,2023,17.019707860618006,22.302683519935588
00-0033955,2024_17_ATL_WAS,2024,17,5.0,16.761586878589053,3,2023,18.190091798113063,20.159116484622498
00-0034844,2024_17_DAL_PHI,2024,17,167.0,91.42031482150892,3,2023,95.882460851162,85.29377361464138
00-0034972,2024_17_LV_NO,2024,17,32.0,57.11766030147343,3,2023,59.82125182687611,55.72696203511601
00-0035250,2024_17_IND_NYG,2024,17,21.0,31.000341465751823,3,2023,29.919294922462583,35.62893501734839
00-0035537,2024_17_NYJ_BUF,2024,17,16.0,15.5155790191187,3,2023,15.624360325053315,20.324449401471465
00-0035628,2024_17_TEN_JAX,2024,17,0.0,19.674354518043174,3,2023,22.62134687975178,21.318605101301895
00-0035700,2024_17_GB_MIN,2024,17,69.0,68.18512268862796,3,2023,71.37479509835998,65.34667640296212
00-0036139,2024_17_DAL_PHI,2024,17,104.0,55.85149014374041,3,2023,55.60582179243607,57.48198420250965
00-0036158,2024_17_LAC_NE,2024,17,76.0,62.64931587623443,3,2023,65.90138030274758,60.23351286095571
00-0036223,2024_17_IND_NYG,2024,17,125.0,104.40211524178068,3,2023,112.83472437606105,93.22185984150433
00-0036275,2024_17_SEA_CHI,2024,17,53.0,66.82423698805687,3,2023,66.66179372417142,67.4128210695417
00-0036328,2024_17_LAC_NE,2024,17,63.0,32.22876986014518,3,2023,32.25423681944439,35.65796409643653
00-0036414,2024_17_GB_MIN,2024,17,18.0,21.156760052539113,3,2023,25.479882744625716,21.31332800119472
00-0036727,2024_17_LV_NO,2024,17,0.0,3.6199207206487545,3,2023,6.425064653017178,6.808425458654881
00-0036875,2024_17_LAC_NE,2024,17,1.0,50.07012887696496,3,2023,51.499300831109146,50.55351981892108
00-0036893,2024_17_KC_PIT,2024,17,74.0,55.27360419896712,3,2023,65.52545941608439,46.59529268279288
00-0036919,2024_17_DAL_PHI,2024,17,4.0,19.299337770264255,3,2023,21.165155726955543,22.04333462809432
00-0036924,2024_17_ARI_LA,2024,17,70.0,17.428860196028893,3,2023,19.17499765339917,20.45457196933492
00-0036973,2024_17_TEN_JAX,2024,17,49.0,43.80987084279823,3,2023,45.789509077968255,44.29762228934983
00-0036984,2024_17_IND_NYG,2024,17,0.0,29.443728976291688,3,2023,31.81423703327806,30.80235408131975
00-0036997,2024_17_DEN_CIN,2024,17,0.0,45.11907877159635,3,2023,50.58965809334277,42.047321914530414
00-0037197,2024_17_KC_PIT,2024,17,18.0,32.980129431116495,3,2023,33.38880237731565,35.96544049742241
00-0037228,2024_17_KC_PIT,2024,17,71.0,34.14211797696056,3,2023,37.68922215168002,33.92866798957926
00-0037248,2024_17_NYJ_BUF,2024,17,53.0,60.70421630392433,3,2023,62.82737184546624,59.57260005940665
00-0037256,2024_17_CAR_TB,2024,17,30.0,50.577738970997004,3,2023,55.77179728702587,47.30139739469659
00-0037263,2024_17_ATL_WAS,2024,17,19.0,44.68960753379347,3,2023,46.522799183711165,45.24492790547022
00-0037267,2024_17_MIA_CLE,2024,17,22.0,39.24200730896689,3,2023,40.313155721640285,41.025839431273546
00-0037276,2024_17_GB_MIN,2024,17,7.0,15.555358882453316,3,2023,16.268155675207968,19.764684433709498
00-0037617,2024_17_LAC_NE,2024,17,30.0,9.687569051160319,3,2023,12.181804996516863,12.652155575402762
00-0037746,2024_17_ATL_WAS,2024,17,60.0,64.44953398883416,3,2023,66.78489585505686,62.78090358304681
00-0037840,2024_17_ARI_LA,2024,17,56.0,80.13076460153994,3,2023,78.56153658543363,80.94370216223707
00-0038098,2024_17_MIA_CLE,2024,17,33.0,13.371939492929489,3,2023,14.523025214798931,17.339727496187248
00-0038120,2024_17_NYJ_BUF,2024,17,45.0,67.14255657012052,3,2023,67.2727320687018,67.41453015485102
00-0038542,2024_17_ATL_WAS,2024,17,90.0,80.45010679911564,3,2023,78.97080987773928,81.14636426535381
00-0038551,2024_17_LV_NO,2024,17,3.0,22.298142371189915,3,2023,25.89448705149415,23.072086223388737
00-0038555,2024_17_TEN_JAX,2024,17,33.0,53.247762225351146,3,2023,55.87871643449734,52.26724312894351
00-0038597,2024_17_DEN_CIN,2024,17,67.0,67.3180746325377,3,2023,68.59613013657716,66.44192437906966
00-0038738,2024_17_DAL_PHI,2024,17,0.0,5.923253040228984,3,2023,8.106536265013412,9.523962174202268
00-0038794,2024_17_DEN_CIN,2024,17,69.0,23.03315788603998,3,2023,25.757111735598063,24.6037185617898
00-0038797,2024_17_GB_MIN,2024,17,29.0,27.529788554171663,3,2023,27.68570802746793,31.24126470937831
00-0038951,2024_17_CAR_TB,2024,17,39.0,25.643731724014636,3,2023,23.662027019036344,31.62966858278992
00-0039021,2024_17_SEA_CHI,2024,17,5.0,21.948437044057915,3,2023,25.66195247925645,22.63734090604498
00-0039032,2024_17_TEN_JAX,2024,17,95.0,34.419906433361874,3,2023,32.353398830858076,39.72188267351494
00-0039040,2024_17_MIA_CLE,2024,17,25.0,56.53072979029468,3,2023,57.18950224238913,57.20927475644254
00-0039139,2024_17_DET_SF,2024,17,117.0,73.86240826241632,3,2023,70.13649100303861,77.351938054764
00-0039165,2024_17_SEA_CHI,2024,17,57.0,33.96976997890772,3,2023,34.897090708554956,36.35669648216086
00-0039361,2024_17_CAR_TB,2024,17,113.0,80.91876513349689,3,2023,82.76057473933557,78.29663588206711
00-0039363,2024_17_DET_SF,2024,17,34.0,57.53077592031417,3,2023,57.91052404645763,58.39719913363167
00-0039373,2024_17_DEN_CIN,2024,17,24.0,21.488449382635107,3,2023,21.568707528325092,25.803023711310683
00-0039384,2024_17_IND_NYG,2024,17,59.0,68.36087374917182,3,2023,72.13409625606948,64.9311853241686
00-0039391,2024_17_LAC_NE,2024,17,24.0,20.582744712636732,3,2023,24.13370430233437,21.551521205888506
00-0039794,2024_17_NYJ_BUF,2024,17,26.0,22.491390752013967,3,2023,24.685301328838875,24.63240624156527
00-0039798,2024_17_NYJ_BUF,2024,17,35.0,15.57500238815383,3,2023,17.714893935436113,18.374298699892268
00-0039875,2024_17_NYJ_BUF,2024,17,9.0,41.68681542307298,3,2023,42.02888087837611,43.976288096964794
00-0030578,2024_18_CIN_PIT,2024,18,1.0,9.609883441162712,3,2023,13.072710318372527,11.625422950454617
00-0031687,2024_18_MIA_NYJ,2024,18,0.0,26.911952065095154,3,2023,31.445872871580377,26.357092891790792
00-0032764,2024_18_CLE_BAL,2024,18,138.0,101.66557577233769,3,2023,102.61810367363358,98.10631084743288
00-0033293,2024_18_MIN_DET,2024,18,45.0,49.88840208768701,3,2023,49.845357831239966,51.840527165503275
00-0033526,2024_18_KC_DEN,2024,18,1.0,10.34676150789389,3,2023,13.369464742681137,12.732177327844637
00-0033699,2024_18_WAS_DAL,2024,18,12.0,37.42662290276336,3,2023,39.83158417285884,38.05298879971673
00-0033854,2024_18_HOU_TEN,2024,18,-3.0,8.760149063319503,3,2023,10.916346070067195,12.139446118258231
00-0033897,2024_18_HOU_TEN,2024,18,23.0,66.06139620334372,3,2023,66.30229155951086,66.3186757694203
00-0033925,2024_18_CLE_BAL,2024,18,27.0,24.914990797235138,3,2023,27.04273829175073,26.909307512922364
00-0033948,2024_18_NO_TB,2024,18,15.0,14.469842275213086,3,2023,17.00175324379057,16.978946773742422
00-0034972,2024_18_LAC_LV,2024,18,20.0,37.2083373505515,3,2023,39.300307967712634,38.16266757235543
00-0035243,2024_18_CAR_ATL,2024,18,66.0,12.03537362595031,3,2023,13.097999783422845,16.207365573924566
00-0035250,2024_18_NYG_PHI,2024,18,22.0,26.26709995112223,3,2023,26.645310570977728,29.869657501564788
00-0035261,2024_18_HOU_TEN,2024,18,62.0,48.51099182895112,3,2023,49.777469246909966,49.291312773599635
00-0035537,2024_18_BUF_NE,2024,18,13.0,18.20647701982631,3,2023,17.98940213716111,23.101543189551
00-0035567,2024_18_MIN_DET,2024,18,39.0,15.037084236285875,3,2023,19.24889610508163,15.83878269246387
00-0035628,2024_18_JAX_IND,2024,18,26.0,18.659196643688666,3,2023,20.304625557238555,21.67667454064826
00-0035700,2024_18_CHI_GB,2024,18,44.0,99.33529874012396,3,2023,103.13496522149369,93.1701979628394
00-0035973,2024_18_SF_ARI,2024,18,109.0,29.136989810983486,3,2023,32.0447959227618,29.992219202717106
00-0036139,2024_18_WAS_DAL,2024,18,72.0,69.34107681916518,3,2023,71.51417050951846,67.40471813802145
00-0036158,2024_18_LAC_LV,2024,18,63.0,69.30018866360717,3,2023,67.93473964380907,70.85937411273144
00-0036223,2024_18_JAX_IND,2024,18,177.0,93.35111435800323,3,2023,89.67684699828878,95.0850073463864
00-0036275,2024_18_CHI_GB,2024,18,65.0,62.32237323156759,3,2023,64.45841837939875,61.03649771278566
00-0036328,2024_18_BUF_NE,2024,18,41.0,38.19958147214673,3,2023,39.88813154580336,39.465318736420386
00-0036360,2024_18_NO_TB,2024,18,26.0,19.617532683291998,3,2023,22.349431782156337,21.479015602118732
00-0036414,2024_18_MIN_DET,2024,18,65.0,26.338805544399303,3,2023,30.528958328837117,26.17332246654672
00-0036893,2024_18_CIN_PIT,2024,18,36.0,58.076727093723456,3,2023,60.633139817316575,56.74738136980033
00-0036919,2024_18_NYG_PHI,2024,18,14.0,24.387878731593133,3,2023,26.754413943939852,26.19265691506141
00-0036924,2024_18_SF_ARI,2024,18,43.0,45.008867811555355,3,2023,46.90674361626207,45.47242988865113
00-0036973,2024_18_JAX_IND,2024,18,31.0,41.742741672248826,3,2023,46.82207128059745,39.35241122326069
00-0036984,2024_18_JAX_IND,2024,18,0.0,24.316811522820704,3,2023,24.645275465397965,28.139051663255223
00-0036997,2024_18_KC_DEN,2024,18,28.0,32.59248313347701,3,2023,34.2956293319286,34.33426629231067
00-0037120,2024_18_JAX_IND,2024,18,0.0,16.841906223843104,3,2023,17.29101254188114,21.19891789021528
00-0037228,2024_18_CIN_PIT,2024,18,21.0,34.50471142388235,3,2023,36.93517411943591,35.3614895896643
00-0037248,2024_18_BUF_NE,2024,18,28.0,72.95179943204286,3,2023,75.7726009250492,70.06043023309778
00-0037263,2024_18_CAR_ATL,2024,18,52.0,39.153347270181996,3,2023,39.57197671689718,41.58886481259146
00-0037429,2024_18_CAR_ATL,2024,18,47.0,27.191134104471015,3,2023,32.13291178917357,26.209366447024006
00-0037594,2024_18_HOU_TEN,2024,18,11.0,8.88809571694205,3,2023,11.88046027407614,11.431039609476809
00-0037617,2024_18_LAC_LV,2024,18,33.0,15.026765264858888,3,2023,18.644808812066113,16.415319333743597
00-0037746,2024_18_WAS_DAL,2024,18,10.0,68.96219133254661,3,2023,71.19876463224674,66.99632948555518
00-0038120,2024_18_MIA_NYJ,2024,18,57.0,51.3708297954635,3,2023,51.7357732894695,52.7906699824024
00-0038396,2024_18_NYG_PHI,2024,18,6.0,12.751296010343712,3,2023,15.702245127780303,14.997198153950777
00-0038542,2024_18_CAR_ATL,2024,18,170.0,109.50344705922211,3,2023,112.8170871735567,102.9285729554737
00-0038555,2024_18_JAX_IND,2024,18,39.0,58.70623303623871,3,2023,61.8067782608857,56.78485424878859
00-0038678,2024_18_NO_TB,2024,18,12.0,16.016293545462702,3,2023,20.1055601024673,16.853273430028782
00-0038685,2024_18_CHI_GB,2024,18,59.0,14.872580262109896,3,2023,17.40055925230441,17.350337708512377
00-0038738,2024_18_WAS_DAL,2024,18,15.0,7.316884024944459,3,2023,9.388336213939471,10.906052091865824
00-0038794,2024_18_KC_DEN,2024,18,39.0,21.34900895052908,3,2023,24.62305845975972,22.524026051067473
00-0038797,2024_18_CHI_GB,2024,18,73.0,35.975379334483904,3,2023,35.76219860114243,39.31236619908182
00-0038951,2024_18_NO_TB,2024,18,16.0,29.536387929373426,3,2023,26.85579580240389,35.871524743780114
00-0039021,2024_18_CHI_GB,2024,18,3.0,18.6977765168273,3,2023,20.479204417176785,21.57767091338575
00-0039040,2024_18_MIA_NYJ,2024,18,121.0,58.142493403126124,3,2023,61.86455102067291,55.65709270503467
00-0039139,2024_18_MIN_DET,2024,18,139.0,65.7112478173303,3,2023,62.89093536456028,69.0200702225152
00-0039165,2024_18_SEA_LA,2024,18,59.0,46.24894987609481,3,2023,45.843679222709326,48.87687459511863
00-0039325,2024_18_KC_DEN,2024,18,25.0,23.749070301827427,3,2023,22.7318141430596,28.94897791385673
00-0039361,2024_18_NO_TB,2024,18,89.0,82.88048464975756,3,2023,87.28296235750211,77.55980078961358
00-0039363,2024_18_SF_ARI,2024,18,5.0,55.752468068931584,3,2023,56.05243785494854,56.85316720264619
00-0039373,2024_18_KC_DEN,2024,18,34.0,26.38694071925659,3,2023,27.83778141210536,28.920503971737126
00-0039384,2024_18_NYG_PHI,2024,18,59.0,53.56010288286618,3,2023,53.66587557554719,55.04420806073605
00-0039794,2024_18_MIA_NYJ,2024,18,15.0,25.36707667449674,3,2023,29.10402607698402,25.733828426292337
00-0039798,2024_18_MIA_NYJ,2024,18,41.0,14.883890241774896,3,2023,18.969265332040465,15.823761085971846
00-0039874,2024_18_MIA_NYJ,2024,18,-4.0,13.23650258689701,3,2023,16.124651870332944,15.50193721930382
00-0039875,2024_18_BUF_NE,2024,18,64.0,40.08041301266165,3,2023,38.4115651778818,44.494842074361955
00-0030578,2024_19_PIT_BAL,2024,19,0.0,9.300841954073308,3,2023,13.170135305789374,10.942296680377076
00-0032764,2024_19_PIT_BAL,2024,19,186.0,105.41321868587116,3,2023,107.63745785640766,100.2711766960449
00-0033293,2024_19_MIN_LA,2024,19,48.0,61.30362910411426,3,2023,62.82456837846298,60.71387231130136
00-0033699,2024_19_WAS_TB,2024,19,27.0,29.6602870226602,3,2023,30.754186752928256,32.25977524965969
00-0033854,2024_19_LAC_HOU,2024,19,5.0,4.964752452394194,3,2023,8.412368435588895,7.401609777598615
00-0033897,2024_19_LAC_HOU,2024,19,106.0,47.90573997241367,3,2023,51.08304513416028,46.85332494800869
00-0033955,2024_19_WAS_TB,2024,19,1.0,16.323229604997916,3,2023,18.329311631760486,19.189127172424325
00-0034184,2024_19_LAC_HOU,2024,19,22.0,30.416097932668933,3,2023,31.166635857907263,33.28831818692801
00-0034844,2024_19_GB_PHI,2024,19,119.0,78.99744067665267,3,2023,77.94371644024054,79.40079086651113
00-0034975,2024_19_PIT_BAL,2024,19,12.0,12.241500027612462,3,2023,14.23273952746731,15.47907147131091
00-0035537,2024_19_DEN_BUF,2024,19,44.0,11.049837414094965,3,2023,12.290564109655428,15.132277347787404
00-0035700,2024_19_GB_PHI,2024,19,81.0,59.789899081098675,3,2023,63.013083130293026,57.65270797600776
00-0036158,2024_19_LAC_HOU,2024,19,26.0,60.856830717233514,3,2023,59.16904835797462,63.47264290418816
00-0036414,2024_19_MIN_LA,2024,19,39.0,30.941926230043244,3,2023,33.667371508476705,31.819239357176063
00-0036893,2024_19_PIT_BAL,2024,19,17.0,52.0036909344701,3,2023,52.25414691097768,53.481155703669785
00-0036919,2024_19_GB_PHI,2024,19,14.0,25.78604969637548,3,2023,28.60077754370018,27.02623718199205
00-0036997,2024_19_DEN_BUF,2024,19,29.0,32.72668674985258,3,2023,34.57865228854342,34.3098706412037
00-0037228,2024_19_PIT_BAL,2024,19,6.0,20.723593533285957,3,2023,23.183991741995086,22.756257237503274
00-0037248,2024_19_DEN_BUF,2024,19,120.0,52.05853468424382,3,2023,53.77573985544851,52.08375876727567
00-0037256,2024_19_WAS_TB,2024,19,1.0,37.77100756405784,3,2023,39.5648599600007,38.97031564864109
00-0037258,2024_19_LAC_HOU,2024,19,15.0,52.80960866707617,3,2023,54.824794236319455,52.475078392060674
00-0037276,2024_19_MIN_LA,2024,19,0.0,18.492051748038833,3,2023,18.010132764198666,23.623497015838023
00-0037557,2024_19_MIN_LA,2024,19,8.0,42.73514696577088,3,2023,44.84952169860969,43.18394086933839
00-0037617,2024_19_LAC_HOU,2024,19,5.0,18.921074137559522,3,2023,22.56094656804661,19.947453518804867
00-0037746,2024_19_WAS_TB,2024,19,16.0,47.489098862015766,3,2023,47.31207603768813,49.78330482744643
00-0037840,2024_19_MIN_LA,2024,19,76.0,63.57180206208616,3,2023,62.47727382460134,65.36469156710862
00-0038685,2024_19_GB_PHI,2024,19,0.0,10.84449505971127,3,2023,14.964704584724574,12.10331371017875
00-0038794,2024_19_DEN_BUF,2024,19,-2.0,30.696046033345738,3,2023,32.780236946238496,32.22768021059482
00-0038797,2024_19_GB_PHI,2024,19,6.0,43.656219362354,3,2023,45.25403133288569,44.534211208833014
00-0039361,2024_19_WAS_TB,2024,19,77.0,80.12790153777942,3,2023,79.36904092179277,80.14138835555727
00-0039746,2024_19_GB_PHI,2024,19,0.0,28.588854665822858,3,2023,30.98759406320097,29.99439541744611
00-0039875,2024_19_DEN_BUF,2024,19,3.0,50.41698151016211,3,2023,47.18556415487206,55.46927908775402
00-0032764,2024_20_BAL_BUF,2024,20,84.0,110.41945489794449,3,2023,112.19724862158384,105.28008933369728
00-0033526,2024_20_HOU_KC,2024,20,0.0,12.04315089919715,3,2023,13.619814132760569,15.70719136148698
00-0033699,2024_20_WAS_DET,2024,20,47.0,26.073697393912553,3,2023,31.746344533894764,24.46842173229431
00-0033854,2024_20_HOU_KC,2024,20,9.0,6.307964012702161,3,2023,9.574659103347908,8.805870912526139
00-0033897,2024_20_HOU_KC,2024,20,88.0,67.74999952079546,3,2023,68.93181105692562,66.9310462121619
00-0033923,2024_20_HOU_KC,2024,20,44.0,52.54966645680224,3,2023,50.975065249511815,55.78041043460396
00-0033955,2024_20_WAS_DET,2024,20,8.0,12.293234516374925,3,2023,14.892020913838271,14.926730534649334
00-0034844,2024_20_LA_PHI,2024,20,205.0,84.3912130538136,3,2023,84.22704340305016,83.44492676901922
00-0034975,2024_20_BAL_BUF,2024,20,50.0,16.52155506794833,3,2023,17.555414238137754,20.329531467271536
00-0035537,2024_20_BAL_BUF,2024,20,31.0,22.517586913965424,3,2023,25.793887832769656,23.58816734705971
00-0035567,2024_20_WAS_DET,2024,20,0.0,21.01239399819726,3,2023,22.739628178426607,23.743310448723243
00-0035685,2024_20_WAS_DET,2024,20,28.0,50.12570131931147,3,2023,52.197026071363375,49.970530721945075
00-0036919,2024_20_LA_PHI,2024,20,10.0,21.230248616981946,3,2023,22.715280895337667,24.18112342954565
00-0037197,2024_20_HOU_KC,2024,20,18.0,34.0251135839007,3,2023,35.57923498942223,35.7886486182797
00-0037248,2024_20_BAL_BUF,2024,20,67.0,59.88097344267863,3,2023,60.26828555413214,60.53436170525523
00-0037258,2024_20_HOU_KC,2024,20,10.0,29.62422432301816,3,2023,30.425679761481696,32.51546201351812
00-0037746,2024_20_WAS_DET,2024,20,77.0,47.06538924554148,3,2023,48.95587120993934,47.35636501032933
00-0037840,2024_20_LA_PHI,2024,20,106.0,63.56162237986482,3,2023,61.68804161300494,66.12420077202857
00-0039139,2024_20_WAS_DET,2024,20,105.0,85.73964577482508,3,2023,85.17455318556466,85.0710587051518
00-0039875,2024_20_BAL_BUF,2024,20,29.0,28.994494250058295,3,2023,30.519777882466553,31.226513079601297
00-0033526,2024_21_BUF_KC,2024,21,0.0,8.263295608824917,3,2023,10.090954688937815,12.010265811706432
00-0033699,2024_21_WAS_PHI,2024,21,15.0,23.96749297217643,3,2023,28.33749095534282,23.831949302363856
00-0033923,2024_21_BUF_KC,2024,21,64.0,53.93877079132928,3,2023,53.679808438441256,55.74968841516037
00-0033955,2024_21_WAS_PHI,2024,21,0.0,13.219804273560065,3,2023,15.124362309783828,16.45734451041394
00-0034844,2024_21_WAS_PHI,2024,21,118.0,91.37557346579845,3,2023,87.93937554803624,93.04733004092736
00-0035537,2024_21_BUF_KC,2024,21,19.0,19.7731634371193,3,2023,21.87146908746971,22.24628737487601
00-0036919,2024_21_WAS_PHI,2024,21,8.0,22.136788867152298,3,2023,24.34404694037832,24.29564938066544
00-0037197,2024_21_BUF_KC,2024,21,12.0,31.50451194030316,3,2023,33.114218948889835,33.43366868286951
00-0037248,2024_21_BUF_KC,2024,21,85.0,60.54250184708579,3,2023,60.42727261017952,61.63395336604418
00-0037746,2024_21_WAS_PHI,2024,21,36.0,58.943418005031006,3,2023,60.093350273346005,58.92623135224939
00-0039746,2024_21_WAS_PHI,2024,21,77.0,17.713498978059953,3,2023,18.928508079730666,21.23845108118977
00-0039875,2024_21_BUF_KC,2024,21,4.0,31.354704472962972,3,2023,32.14719054655124,34.10342929561095
00-0033526,2024_22_KC_PHI,2024,22,8.0,6.2518196834640385,3,2023,9.022822163179114,9.24380569812869
00-0033923,2024_22_KC_PHI,2024,22,9.0,56.33777010658678,3,2023,56.95111212021628,57.07802562684356
00-0034844,2024_22_KC_PHI,2024,22,57.0,78.08579642374917,3,2023,76.44972017700803,79.14357462075111
00-0036919,2024_22_KC_PHI,2024,22,10.0,17.8279332565695,3,2023,22.217742843602213,18.20986276222276
00-0037197,2024_22_KC_PHI,2024,22,7.0,31.25108780146674,3,2023,34.43005917582554,31.653802040935425
00-0039746,2024_22_KC_PHI,2024,22,0.0,13.971681479094048,3,2023,16.480434844870658,16.547212634401276
00-0032764,2025_02_CLE_BAL,2025,2,23.0,100.78882878998559,4,2024,95.83586054111292,101.8852281811703
00-0033280,2025_02_SF_NO,2025,2,55.0,64.31223001303553,4,2024,61.96635973979895,67.38041516110923
00-0033293,2025_02_ATL_MIN,2025,2,23.0,31.515136621919794,4,2024,35.67398602730552,31.288971246080298
00-0033553,2025_02_CAR_ARI,2025,2,34.0,58.05442452988916,4,2024,60.06123124167944,56.70445142816427
00-0033699,2025_02_WAS_GB,2025,2,17.0,26.09633794752082,4,2024,29.075468708575464,28.07157472014529
00-0033906,2025_02_SF_NO,2025,2,99.0,51.16978958092403,4,2024,52.40617753490459,51.72956434724093
00-0033923,2025_02_PHI_KC,2025,2,31.0,36.339425991165896,4,2024,37.576379158928795,38.99113462241643
00-0034791,2025_02_TB_HOU,2025,2,43.0,54.59069961405971,4,2024,53.306933663042194,57.73708559250996
00-0034844,2025_02_PHI_KC,2025,2,88.0,62.6512729695451,4,2024,62.74952253068864,62.97711314689279
00-0034975,2025_02_CLE_BAL,2025,2,7.0,17.236848706758376,4,2024,19.56813101102513,21.25121368348257
00-0035261,2025_02_LA_TEN,2025,2,92.0,59.817075180182066,4,2024,59.7469127222672,60.74794204245056
00-0035685,2025_02_CHI_DET,2025,2,57.0,36.75122966618387,4,2024,39.15991157324294,37.91777367248291
00-0035700,2025_02_WAS_GB,2025,2,84.0,68.06084551053229,4,2024,67.0645377242026,68.95644374873817
00-0036139,2025_02_CAR_ARI,2025,2,9.0,13.870859738844928,4,2024,16.937904603333152,17.464087982083427
00-0036158,2025_02_DEN_IND,2025,2,76.0,57.06337272288034,4,2024,58.85412119382888,56.116379909962355
00-0036223,2025_02_DEN_IND,2025,2,165.0,60.818855382293584,4,2024,59.86207224779638,62.68818934133286
00-0036275,2025_02_CHI_DET,2025,2,63.0,58.20569056933876,4,2024,57.66168690677816,59.94102497315518
00-0036555,2025_02_CAR_ARI,2025,2,38.0,56.424594265363325,4,2024,57.22666300333061,56.77185630176492
00-0036875,2025_02_NE_MIA,2025,2,54.0,43.041739909069165,4,2024,43.25655042940274,45.99260131758147
00-0036919,2025_02_SEA_PIT,2025,2,20.0,33.53719136499598,4,2024,33.796715141022965,37.77472508551688
00-0036973,2025_02_JAX_CIN,2025,2,71.0,70.81720277513648,4,2024,69.7561029160267,71.4027790023659
00-0036997,2025_02_NYG_DAL,2025,2,97.0,79.83698871458569,4,2024,78.14835794903387,79.914112663429
00-0037197,2025_02_PHI_KC,2025,2,22.0,29.566136369109948,4,2024,30.843569423537183,33.12428186069913
00-0037228,2025_02_SEA_PIT,2025,2,48.0,41.29407647745441,4,2024,41.715119134779705,44.24036830527486
00-0037248,2025_02_BUF_NYJ,2025,2,132.0,52.50656413304635,4,2024,51.482553741930296,55.63067145973692
00-0037267,2025_02_CLE_BAL,2025,2,31.0,26.704909691992622,4,2024,31.16279323317451,26.79329013622679
00-0037525,2025_02_ATL_MIN,2025,2,30.0,50.69055802409986,4,2024,50.788228986195776,52.70480648976901
00-0037840,2025_02_LA_TEN,2025,2,66.0,74.68451756811942,4,2024,75.73847690745757,72.1484535702602
00-0038120,2025_02_BUF_NYJ,2025,2,29.0,82.14402397160592,4,2024,79.0424091211016,83.61650050611587
00-0038134,2025_02_SEA_PIT,2025,2,105.0,33.82899684631647,4,2024,34.976116083968684,36.94434627796893
00-0038542,2025_02_ATL_MIN,2025,2,143.0,48.11505686225914,4,2024,46.06808083673841,53.104700800544535
00-0038597,2025_02_JAX_CIN,2025,2,47.0,51.98329210336219,4,2024,53.55757322008672,52.016755782461345
00-0039040,2025_02_NE_MIA,2025,2,30.0,54.34076812481528,4,2024,55.75742547207623,54.23355393796986
00-0039139,2025_02_CHI_DET,2025,2,94.0,37.0360921872344,4,2024,38.0978631884992,39.802854215412594
00-0039165,2025_02_SEA_PIT,2025,2,10.0,66.679744574149,4,2024,68.53732326617944,64.29445107838828
00-0039361,2025_02_TB_HOU,2025,2,71.0,50.881631714508586,4,2024,52.05935802236842,51.553511155269945
00-0039384,2025_02_NYG_DAL,2025,2,15.0,50.14493460349346,4,2024,51.42398084827529,50.79736654797382
00-0040122,2025_02_LAC_LV,2025,2,43.0,53.06987690108028,4,2024,51.83533320618852,56.3709087386059
00-0040162,2025_02_CLE_BAL,2025,2,6.0,41.405913596968084,4,2024,42.95817596294773,42.95870351529454
00-0040666,2025_02_LAC_LV,2025,2,24.0,54.1395513134543,4,2024,53.84005139060336,56.15085085170402
00-0040734,2025_02_NE_MIA,2025,2,10.0,26.244940569441876,4,2024,26.258805720751056,31.81062891122673
00-0032764,2025_03_DET_BAL,2025,3,50.0,80.69485279126536,4,2024,78.87354317419566,80.81251936940083
00-0033280,2025_03_ARI_SF,2025,3,52.0,60.55272548731987,4,2024,58.29963814570944,64.03839036006508
00-0033553,2025_03_ARI_SF,2025,3,22.0,43.389496914009044,4,2024,45.085983496849295,44.48674368457675
00-0033906,2025_03_NO_SEA,2025,3,42.0,64.08186741001217,4,2024,62.617238156516514,66.10928735001919
00-0033923,2025_03_KC_NYG,2025,3,34.0,30.199316497850106,4,2024,33.025914398168055,31.781377920996267
00-0034791,2025_03_HOU_JAX,2025,3,38.0,53.22104219266169,4,2024,54.961795531219344,52.877106688554335
00-0034844,2025_03_LA_PHI,2025,3,46.0,67.13668519522312,4,2024,65.35008982401172,69.12518344227588
00-0034975,2025_03_DET_BAL,2025,3,0.0,13.159383349364841,4,2024,17.104560819137006,15.7835191815373
00-0035261,2025_03_IND_TEN,2025,3,45.0,59.34895190957714,4,2024,59.287090174613894,60.335763279387145
00-0035685,2025_03_DET_BAL,2025,3,151.0,35.32005944107208,4,2024,38.00622939297859,36.35059231601847
00-0035700,2025_03_GB_CLE,2025,3,30.0,67.70656968143848,4,2024,67.6082590661026,67.55847990534889
00-0035726,2025_03_HOU_JAX,2025,3,0.0,6.781899178867212,4,2024,11.493791175912731,9.372135375549348
00-0036139,2025_03_ATL_CAR,2025,3,30.0,12.792233214900001,4,2024,16.812251743025808,15.37702586015289
00-0036158,2025_03_DEN_LAC,2025,3,83.0,53.929775595796016,4,2024,53.01059329707951,56.725391278152856
00-0036223,2025_03_IND_TEN,2025,3,102.0,80.2051414545324,4,2024,80.77319962310358,77.48187866150855
00-0036275,2025_03_DAL_CHI,2025,3,33.0,54.4210970493817,4,2024,55.11078287206556,55.18793239438599
00-0036555,2025_03_ATL_CAR,2025,3,73.0,50.13672793806894,4,2024,51.354196121865606,50.86531427307228
00-0036875,2025_03_PIT_NE,2025,3,18.0,48.40579346192078,4,2024,49.31125015837301,49.75862262395673
00-0036893,2025_03_DEN_LAC,2025,3,28.0,27.625003278998577,4,2024,29.309563530414575,30.961206863203017
00-0036919,2025_03_PIT_NE,2025,3,16.0,22.641285380097774,4,2024,26.27877183634367,24.302227062246324
00-0036973,2025_03_HOU_JAX,2025,3,56.0,71.89938425636518,4,2024,70.07583437860411,73.26085423861107
00-0036997,2025_03_DAL_CHI,2025,3,76.0,83.9959497411175,4,2024,82.13861064935736,83.6916992192001
00-0037197,2025_03_KC_NYG,2025,3,45.0,49.97956823618901,4,2024,50.654383595265145,51.39123150225761
00-0037228,2025_03_PIT_NE,2025,3,47.0,43.086393053242276,4,2024,44.574762144628195,44.47987686940811
00-0037248,2025_03_MIA_BUF,2025,3,108.0,82.56855338592021,4,2024,81.86889498094682,81.05576578095949
00-0037267,2025_03_GB_CLE,2025,3,0.0,22.662692463038404,4,2024,26.111987141719197,24.549813747342128
00-0037525,2025_03_CIN_MIN,2025,3,116.0,50.74817813261484,4,2024,51.91345385041695,51.45405206534748
00-0037840,2025_03_LA_PHI,2025,3,94.0,59.61651372384002,4,2024,61.87371121681661,57.741170859917105
00-0038120,2025_03_NYJ_TB,2025,3,21.0,57.51967746364201,4,2024,55.60466436547729,61.02157401970314
00-0038134,2025_03_NO_SEA,2025,3,38.0,42.51907613687509,4,2024,43.483995199996045,44.63012443480374
00-0038542,2025_03_ATL_CAR,2025,3,72.0,66.35884340197711,4,2024,65.19230040014912,67.70193157625444
00-0038597,2025_03_CIN_MIN,2025,3,3.0,55.632832015929615,4,2024,58.15058388405476,54.00227101090534
00-0039040,2025_03_MIA_BUF,2025,3,62.0,43.51425179764057,4,2024,46.26680960202147,43.3076978369091
00-0039139,2025_03_DET_BAL,2025,3,67.0,54.41610505898082,4,2024,55.44892181256359,54.765742971849555
00-0039361,2025_03_NYJ_TB,2025,3,66.0,62.99207363183732,4,2024,65.16751126345555,60.74000204607867
00-0039384,2025_03_KC_NYG,2025,3,29.0,32.20599188445643,4,2024,34.755742889684896,33.84207755096849
00-0039921,2025_03_ARI_SF,2025,3,42.0,18.168051334613025,4,2024,19.71454973954518,23.00681437889115
00-0040122,2025_03_LV_WAS,2025,3,63.0,44.96978165009479,4,2024,45.66105498775524,47.06830107643128
00-0040162,2025_03_GB_CLE,2025,3,2.0,33.067953088271835,4,2024,35.17147629216305,35.125876960769894
00-0040236,2025_03_DAL_CHI,2025,3,16.0,25.992765508471802,4,2024,30.04757463175286,26.672539738397123
00-0040666,2025_03_DEN_LAC,2025,3,70.0,50.57283088808289,4,2024,51.23726551623435,51.91342524884317
00-0040715,2025_03_KC_NYG,2025,3,60.0,37.77413449639237,4,2024,41.62902209016218,37.03499751460009
00-0040734,2025_03_PIT_NE,2025,3,28.0,25.41169573737975,4,2024,25.756730295472728,30.69162439185712
00-0032764,2025_04_BAL_KC,2025,4,42.0,68.95307322112257,4,2024,66.61919102550011,71.35181688856453
00-0033280,2025_04_JAX_SF,2025,4,49.0,61.477308975749175,4,2024,59.571980245627216,64.40897359646803
00-0033906,2025_04_NO_BUF,2025,4,70.0,60.45004643426561,4,2024,60.26661456567553,61.429550273218055
00-0033923,2025_04_BAL_KC,2025,4,34.0,33.06094583431651,4,2024,35.09125577963783,35.20902545305462
00-0034791,2025_04_TEN_HOU,2025,4,47.0,56.17925112881506,4,2024,57.11784654136151,56.39485514467369
00-0034844,2025_04_PHI_TB,2025,4,43.0,63.18496819547237,4,2024,62.77361059146556,64.05615640943768
00-0034975,2025_04_BAL_KC,2025,4,76.0,15.479052129953363,4,2024,18.513418150877477,18.88515796074683
00-0035243,2025_04_GB_DAL,2025,4,8.0,25.540238516077306,4,2024,29.64548411869456,26.222439093321256
00-0035261,2025_04_TEN_HOU,2025,4,64.0,64.05435658061197,4,2024,62.5423941621506,66.14330583477687
00-0035685,2025_04_CLE_DET,2025,4,12.0,43.53448413059859,4,2024,43.979541059840955,46.135398517542065
00-0035700,2025_04_GB_DAL,2025,4,86.0,63.12746178145863,4,2024,64.87320577570624,61.37961361177116
00-0036139,2025_04_CAR_NE,2025,4,32.0,21.863026575682547,4,2024,28.096534348698754,20.472069123668938
00-0036158,2025_04_CIN_DEN,2025,4,101.0,76.49043168871486,4,2024,75.4977473809447,76.19216932103946
00-0036223,2025_04_IND_LA,2025,4,76.0,85.1169785637214,4,2024,86.50593778524016,80.70085460665776
00-0036275,2025_04_CHI_LV,2025,4,38.0,51.78250630622866,4,2024,51.444116035995,54.17375895936938
00-0036555,2025_04_CAR_NE,2025,4,49.0,48.93797845001863,4,2024,49.926665880153934,50.114346875094085
00-0036875,2025_04_CAR_NE,2025,4,38.0,37.88884048598866,4,2024,39.580074052717464,39.76864905809046
00-0036919,2025_04_MIN_PIT,2025,4,99.0,18.71526494649357,4,2024,20.73619335975603,22.899002026208144
00-0036973,2025_04_JAX_SF,2025,4,124.0,62.74467814745024,4,2024,61.90048981213022,64.20514091132688
00-0036997,2025_04_GB_DAL,2025,4,85.0,61.7549630607626,4,2024,61.043561759366206,63.19335613179639
00-0037157,2025_04_SEA_ARI,2025,4,0.0,9.272665519088665,4,2024,16.74140447545129,8.153859564814674
00-0037197,2025_04_BAL_KC,2025,4,35.0,51.34517298276388,4,2024,52.759015322386816,51.664077393567105
00-0037248,2025_04_NO_BUF,2025,4,117.0,86.16607504949107,4,2024,84.84436617402865,84.90326317424135
00-0037267,2025_04_CLE_DET,2025,4,-1.0,11.943398186005396,4,2024,16.192079947244725,14.369474045410476
00-0037525,2025_04_MIN_PIT,2025,4,57.0,66.10327060952454,4,2024,67.28965615724078,64.61677117749312
00-0037840,2025_04_IND_LA,2025,4,77.0,61.832088430283186,4,2024,62.41268033218521,61.68607026954816
00-0038120,2025_04_NYJ_MIA,2025,4,81.0,59.24784311338804,4,2024,59.46885453865091,59.904407914037094
00-0038134,2025_04_SEA_ARI,2025,4,81.0,59.091144293710705,4,2024,60.24615072155482,58.632300153894505
00-0038542,2025_04_WAS_ATL,2025,4,75.0,58.832313349822755,4,2024,56.63626121713027,62.491271473428
00-0038597,2025_04_CIN_DEN,2025,4,40.0,49.00512324949499,4,2024,53.54037230086056,45.852632381413514
00-0038611,2025_04_WAS_ATL,2025,4,59.0,22.194348770284876,4,2024,26.55668327079455,23.03555690040929
00-0039040,2025_04_NYJ_MIA,2025,4,99.0,56.40597212350383,4,2024,58.553416817660384,55.11731800737572
00-0039139,2025_04_CLE_DET,2025,4,91.0,58.80665500516827,4,2024,58.382835146426025,60.31081819257196
00-0039165,2025_04_SEA_ARI,2025,4,39.0,35.878010057366076,4,2024,39.72850411841933,35.41177455944299
00-0039299,2025_04_SEA_ARI,2025,4,0.0,18.534921176589762,4,2024,23.925852975342917,18.639752211592647
00-0039361,2025_04_PHI_TB,2025,4,63.0,60.73800013505767,4,2024,61.59406239316408,60.41086462436361
00-0039921,2025_04_SEA_ARI,2025,4,35.0,29.98076856017343,4,2024,33.03500365027581,31.316426852562465
00-0040122,2025_04_CHI_LV,2025,4,138.0,62.862180475237345,4,2024,64.36892779912682,61.44284043236646
00-0040162,2025_04_CLE_DET,2025,4,-2.0,22.074444052042878,4,2024,25.08467815170085,24.579304769164924
00-0040236,2025_04_CHI_LV,2025,4,18.0,21.489521574854123,4,2024,25.67263698919256,22.648455890707083
00-0040242,2025_04_WAS_ATL,2025,4,47.0,34.035385422346586,4,2024,37.57298075318424,34.21023324920728
00-0040583,2025_04_TEN_HOU,2025,4,69.0,34.330143826230554,4,2024,36.39100272602729,36.26192884114525
00-0040666,2025_04_LAC_NYG,2025,4,128.0,62.02646307347948,4,2024,61.44406647260117,63.269430606894005
00-0040715,2025_04_LAC_NYG,2025,4,79.0,53.40605301524834,4,2024,55.671310650492714,52.39721391115424
00-0040734,2025_04_CAR_NE,2025,4,32.0,32.40312307339787,4,2024,33.82705721736861,35.38253384423462
00-0040784,2025_04_CLE_DET,2025,4,82.0,66.32516224518079,4,2024,63.75535718263292,69.38204670734606
00-0032764,2025_05_HOU_BAL,2025,5,33.0,60.502560967449604,4,2024,60.397393163152614,61.37933638981493
00-0033280,2025_05_SF_LA,2025,5,57.0,58.14487370543731,4,2024,57.32401481507344,60.225973735117265
00-0033906,2025_05_NYG_NO,2025,5,27.0,68.09826810181534,4,2024,67.81068767413562,68.1254213203959
00-0033923,2025_05_KC_JAX,2025,5,49.0,31.912121753209924,4,2024,33.94195896427274,34.22288068484589
00-0034791,2025_05_HOU_BAL,2025,5,61.0,50.380503121897114,4,2024,51.16876694680961,51.59742314292566
00-0034844,2025_05_DEN_PHI,2025,5,30.0,63.2901291943246,4,2024,61.97750422408312,65.24413929453976
00-0034975,2025_05_HOU_BAL,2025,5,3.0,22.088610602013187,4,2024,22.43032041475748,27.841488785175343
00-0035261,2025_05_TEN_ARI,2025,5,67.0,58.432118844360026,4,2024,55.813304086772774,62.66243185529423
00-0035685,2025_05_DET_CIN,2025,5,65.0,54.16020667044854,4,2024,52.31442876823005,58.05181559851363
00-0036139,2025_05_MIA_CAR,2025,5,206.0,24.57291929700488,4,2024,27.996421066703927,26.221913495836073
00-0036158,2025_05_DEN_PHI,2025,5,79.0,60.551837002394215,4,2024,59.21368248188424,62.92332346634563
00-0036223,2025_05_LV_IND,2025,5,66.0,84.12590836731431,4,2024,84.1304498946549,81.5357213319096
00-0036875,2025_05_NE_BUF,2025,5,14.0,43.88833810430657,4,2024,45.00455798780946,45.62190774669233
00-0036973,2025_05_KC_JAX,2025,5,49.0,74.25750569902863,4,2024,72.23193542102413,75.53227774476744
00-0036997,2025_05_DAL_NYJ,2025,5,135.0,69.78343003631923,4,2024,66.79947707764092,72.85673333619425
00-0037157,2025_05_TEN_ARI,2025,5,11.0,8.885624177759556,4,2024,16.552534575025437,7.580076734318595
00-0037197,2025_05_KC_JAX,2025,5,36.0,21.39185872014863,4,2024,26.14910813693948,21.86533139276104
00-0037248,2025_05_NE_BUF,2025,5,49.0,83.89381898819929,4,2024,82.10742853172472,83.51757062146095
00-0037256,2025_05_TB_SEA,2025,5,41.0,24.82830837507244,4,2024,27.727890547820664,27.07935191696978
00-0037267,2025_05_MIN_CLE,2025,5,18.0,11.696446959763676,4,2024,15.474406641940996,14.730664672216896
00-0037525,2025_05_MIN_CLE,2025,5,52.0,51.94822643785483,4,2024,52.07435674836938,53.75035211564368
00-0037840,2025_05_SF_LA,2025,5,65.0,65.0726134344292,4,2024,65.96430222134791,64.09045722661708
00-0038120,2025_05_DAL_NYJ,2025,5,113.0,56.25683172118647,4,2024,54.5272141139094,59.71112613934768
00-0038134,2025_05_TB_SEA,2025,5,86.0,54.591124896927745,4,2024,54.162802711191496,56.69559927119433
00-0038440,2025_05_MIN_CLE,2025,5,18.0,11.84374773321463,4,2024,15.24484595186469,15.316163229774585
00-0038597,2025_05_DET_CIN,2025,5,27.0,43.674301309196,4,2024,47.080133117559235,42.64953626195036
00-0038611,2025_05_WAS_LAC,2025,5,7.0,27.828744278258682,4,2024,31.302774590153714,28.95678974871569
00-0038705,2025_05_TEN_ARI,2025,5,81.0,14.412801416392885,4,2024,16.279782861908064,19.391126115247538
00-0039040,2025_05_MIA_CAR,2025,5,16.0,66.32746927695473,4,2024,64.27496699722751,68.75400113740159
00-0039139,2025_05_DET_CIN,2025,5,54.0,77.0169402892285,4,2024,74.10995314367872,78.9758297712303
00-0039165,2025_05_TB_SEA,2025,5,36.0,30.327919341851384,4,2024,33.22106835888716,31.810781280162793
00-0039299,2025_05_TB_SEA,2025,5,0.0,12.502069989596666,4,2024,18.192102684613396,13.093882595918362
00-0040122,2025_05_LV_IND,2025,5,67.0,69.94816806546476,4,2024,70.99691755443399,68.08676660401136
00-0040162,2025_05_MIN_CLE,2025,5,-4.0,22.520256151896128,4,2024,25.42386500026883,25.092070760333236
00-0040242,2025_05_WAS_LAC,2025,5,111.0,31.732370498632115,4,2024,35.53697887327545,31.906985472313437
00-0040583,2025_05_HOU_BAL,2025,5,24.0,55.28152301361035,4,2024,56.186216017053134,55.66508998079049
00-0040666,2025_05_WAS_LAC,2025,5,44.0,62.759141567716476,4,2024,60.52410261475295,65.91149123879691
00-0040715,2025_05_NYG_NO,2025,5,59.0,63.402212001200134,4,2024,61.27414791064643,66.3335364072628
00-0040730,2025_05_DEN_PHI,2025,5,12.0,44.72710725457641,4,2024,48.13870450220028,43.54676540205326
00-0040734,2025_05_NE_BUF,2025,5,24.0,26.894907194031397,4,2024,28.51702490662197,30.41017944046724
00-0040784,2025_05_MIN_CLE,2025,5,110.0,70.7307993795342,4,2024,67.18810721483057,74.35091797546293
00-0031687,2025_06_TEN_LV,2025,6,-4.0,31.101529243273653,4,2024,34.954949454488705,31.305710068453692
00-0032764,2025_06_LA_BAL,2025,6,122.0,69.38341036460812,4,2024,66.4573421619412,72.44265970979387
00-0033280,2025_06_SF_TB,2025,6,54.0,59.63376694095461,4,2024,58.42738410025205,61.97431092674264
00-0033526,2025_06_CIN_GB,2025,6,16.0,21.61186120631278,4,2024,24.34700863591807,24.51702435879335
00-0033906,2025_06_NE_NO,2025,6,31.0,50.268057170275014,4,2024,50.882808161231566,51.71216638033861
00-0033923,2025_06_DET_KC,2025,6,23.0,28.577810017503666,4,2024,31.683235369313135,30.04908622479647
00-0034844,2025_06_PHI_NYG,2025,6,58.0,64.65440464978946,4,2024,64.79351746924546,64.64782744186537
00-0034975,2025_06_LA_BAL,2025,6,16.0,15.495588250956928,4,2024,18.390558339246457,19.069132157746395
00-0035261,2025_06_TEN_LV,2025,6,34.0,55.612814528777534,4,2024,53.421090637892746,59.720785115014635
00-0035685,2025_06_DET_KC,2025,6,24.0,53.23810319144128,4,2024,53.64379133725234,54.51774656450175
00-0035700,2025_06_CIN_GB,2025,6,93.0,88.09450971231692,4,2024,87.44892866649627,85.73612684532822
00-0036139,2025_06_DAL_CAR,2025,6,183.0,53.486527696593164,4,2024,54.091236040746445,54.48872915858368
00-0036158,2025_06_DEN_NYJ,2025,6,40.0,72.00726974523727,4,2024,72.90798155621127,70.03561722803472
00-0036223,2025_06_ARI_IND,2025,6,123.0,87.10478781071669,4,2024,86.35085760161463,85.01801785691598
00-0036275,2025_06_CHI_WAS,2025,6,108.0,50.5352213015369,4,2024,51.68654862443513,51.28813213344809
00-0036875,2025_06_NE_NO,2025,6,18.0,40.10119900790732,4,2024,41.78912404965634,41.67286462734308
00-0036919,2025_06_CLE_PIT,2025,6,22.0,50.48203715688496,4,2024,51.44706879301173,51.46934344090424
00-0036924,2025_06_ARI_IND,2025,6,34.0,45.380581270029005,4,2024,46.03106416324461,47.47081426363298
00-0036973,2025_06_SEA_JAX,2025,6,27.0,62.7548950223131,4,2024,63.08915233405619,62.778678053643134
00-0036997,2025_06_DAL_CAR,2025,6,29.0,75.28904282896761,4,2024,72.85116697215835,76.92041111713547
00-0037157,2025_06_ARI_IND,2025,6,34.0,8.01324999407709,4,2024,16.74140447545129,5.538300556979976
00-0037197,2025_06_DET_KC,2025,6,51.0,30.50866733568219,4,2024,33.37448023342857,31.999317897555933
00-0037228,2025_06_CLE_PIT,2025,6,52.0,43.73031283655517,4,2024,45.84143560708386,44.27448052071779
00-0037248,2025_06_BUF_ATL,2025,6,87.0,74.81471412569923,4,2024,68.49242541933137,81.2438685774568
00-0037256,2025_06_SF_TB,2025,6,65.0,41.18061406940094,4,2024,42.11825793769278,43.51374326556298
00-0037267,2025_06_CLE_PIT,2025,6,17.0,12.190099931905415,4,2024,16.741269234744035,14.212963288631313
00-0037840,2025_06_LA_BAL,2025,6,50.0,74.69745585144824,4,2024,73.7057780066484,74.65096360032271
00-0038120,2025_06_DEN_NYJ,2025,6,59.0,56.38950236786299,4,2024,55.09273214233469,59.29790825678469
00-0038134,2025_06_SEA_JAX,2025,6,34.0,54.22141656995312,4,2024,53.35670614050906,56.90953885946736
00-0038542,2025_06_BUF_ATL,2025,6,170.0,60.63347804912721,4,2024,55.87936600421375,67.15376579977523
00-0038551,2025_06_NE_NO,2025,6,21.0,23.99883718191983,4,2024,27.279065517975265,25.903330435888535
00-0038597,2025_06_CIN_GB,2025,6,42.0,41.850447915539,4,2024,45.04783855654584,41.33689782178143
00-0038705,2025_06_ARI_IND,2025,6,1.0,9.880358192105858,4,2024,14.861297661815074,11.70571471343354
00-0039040,2025_06_LAC_MIA,2025,6,128.0,55.84049799255962,4,2024,55.83453782893597,57.25428296000795
00-0039139,2025_06_DET_KC,2025,6,65.0,56.615958988827636,4,2024,55.90782891175263,58.77550156249151
00-0039165,2025_06_SEA_JAX,2025,6,24.0,35.192317264588425,4,2024,37.29955927686442,36.94595588657271
00-0039299,2025_06_SEA_JAX,2025,6,0.0,11.938598630202677,4,2024,17.857052265095835,12.331723612836516
00-0039384,2025_06_PHI_NYG,2025,6,6.0,17.09010447956346,4,2024,20.308496183317843,20.04475822350467
00-0039798,2025_06_DEN_NYJ,2025,6,2.0,11.37266663563298,4,2024,13.998819148137542,15.855365900207229
00-0040122,2025_06_TEN_LV,2025,6,75.0,76.5140977176656,4,2024,78.01985967866985,73.16961889638534
00-0040162,2025_06_CLE_PIT,2025,6,12.0,21.57838432133411,4,2024,25.11763833089804,23.508943554055097
00-0040236,2025_06_CHI_WAS,2025,6,19.0,20.89301926527032,4,2024,25.30827530374826,21.85339652124808
00-0040242,2025_06_CHI_WAS,2025,6,61.0,62.60629682615109,4,2024,61.95910797301184,63.846358538161894
00-0040715,2025_06_PHI_NYG,2025,6,98.0,57.87460492234929,4,2024,57.13032867760869,59.9005703352847
00-0040730,2025_06_DEN_NYJ,2025,6,4.0,30.59818309027004,4,2024,31.10263574500612,34.95212158011681
00-0040734,2025_06_NE_NO,2025,6,27.0,31.49458990394845,4,2024,34.44776221930352,32.73972722742694
00-0040784,2025_06_CLE_PIT,2025,6,36.0,73.1205173226086,4,2024,68.87742392948559,77.25646146761139
00-0031687,2025_07_LV_KC,2025,7,0.0,19.443408069327205,4,2024,24.959252194908665,19.267916362949624
00-0033280,2025_07_ATL_SF,2025,7,129.0,60.97658371747304,4,2024,58.394627874387105,64.8029720360685
00-0033526,2025_07_PIT_CIN,2025,7,31.0,20.36232610571948,4,2024,22.68275532811244,23.948892063111774
00-0033906,2025_07_NO_CHI,2025,7,28.0,59.08288066867643,4,2024,57.473023849506774,61.99255094677357
00-0033923,2025_07_LV_KC,2025,7,18.0,20.941539315355378,4,2024,24.924868762823714,22.42111694718531
00-0034367,2025_07_IND_LAC,2025,7,0.0,10.302341828658491,4,2024,17.921437228632403,8.855124245683228
00-0034791,2025_07_HOU_SEA,2025,7,16.0,42.558500452328595,4,2024,42.86961954828987,45.4602538750894
00-0034844,2025_07_PHI_MIN,2025,7,44.0,63.23459088767995,4,2024,62.90565714514981,63.99839248587179
00-0035261,2025_07_NE_TEN,2025,7,18.0,44.51750373997404,4,2024,44.08359144627347,48.05021365189985
00-0035685,2025_07_TB_DET,2025,7,21.0,42.76564978100702,4,2024,44.311955916860406,44.13382975027687
00-0035700,2025_07_GB_ARI,2025,7,55.0,74.53035372759118,4,2024,72.16310255731896,76.18276165870267
00-0036139,2025_07_CAR_NYJ,2025,7,79.0,66.59727754990433,4,2024,67.72070433651288,65.11774977190692
00-0036158,2025_07_NYG_DEN,2025,7,81.0,61.79628323141237,4,2024,61.62186774806902,62.57484667317435
00-0036223,2025_07_IND_LAC,2025,7,94.0,89.6351931043566,4,2024,89.19014248588495,86.81518622902071
00-0036275,2025_07_NO_CHI,2025,7,124.0,57.531579022943234,4,2024,55.4361357320907,61.251543553274374
00-0036555,2025_07_CAR_NYJ,2025,7,31.0,45.87977264635209,4,2024,47.93927547175696,46.18351148508267
00-0036875,2025_07_NE_TEN,2025,7,88.0,52.07761860862035,4,2024,52.611341246205896,53.3650766898569
00-0036919,2025_07_PIT_CIN,2025,7,14.0,33.34779817767479,4,2024,35.67190893147002,35.0975795272012
00-0036924,2025_07_GB_ARI,2025,7,11.0,31.427324898717757,4,2024,34.47059341693001,32.572224713138226
00-0036973,2025_07_LA_JAX,2025,7,44.0,59.52101144346105,4,2024,57.993307166549904,62.26880553925268
00-0036997,2025_07_WAS_DAL,2025,7,116.0,70.04183388696936,4,2024,68.94361440757507,70.78202596698512
00-0037157,2025_07_GB_ARI,2025,7,57.0,11.067947760707739,4,2024,19.01231665644729,9.116547076815216
00-0037197,2025_07_LV_KC,2025,7,57.0,45.48606697153528,4,2024,46.56317960187353,47.04181985547568
00-0037228,2025_07_PIT_CIN,2025,7,127.0,49.47662121665423,4,2024,50.03567467006322,51.10023959470551
00-0037256,2025_07_TB_DET,2025,7,38.0,43.58000898732406,4,2024,45.2161649805634,44.72385085293329
00-0037267,2025_07_MIA_CLE,2025,7,0.0,15.919138600236973,4,2024,18.750649174247133,19.51020573250185
00-0037525,2025_07_PHI_MIN,2025,7,57.0,59.8496309689175,4,2024,60.0555952942017,60.43960713177348
00-0037840,2025_07_LA_JAX,2025,7,54.0,61.65859669603419,4,2024,59.60283978578435,64.74788855819281
00-0038120,2025_07_CAR_NYJ,2025,7,38.0,60.3878397371902,4,2024,58.491741744074226,63.46199053773364
00-0038134,2025_07_HOU_SEA,2025,7,66.0,49.56045858132704,4,2024,50.87326351333608,50.25424740907206
00-0038440,2025_07_PHI_MIN,2025,7,4.0,13.1964168388374,4,2024,15.78794692105402,17.463944750860357
00-0038542,2025_07_ATL_SF,2025,7,40.0,67.47084034470754,4,2024,65.50651868817677,69.62864221569369
00-0038551,2025_07_NO_CHI,2025,7,7.0,29.37466788736137,4,2024,31.8927006197264,31.448894362021505
00-0038597,2025_07_PIT_CIN,2025,7,108.0,44.950379646968315,4,2024,47.4415475863414,44.85953117938681
00-0038611,2025_07_WAS_DAL,2025,7,12.0,27.21968894151135,4,2024,30.522118903666176,28.64266789608875
00-0039032,2025_07_NE_TEN,2025,7,22.0,26.934717111569178,4,2024,28.688284368281792,30.28427860402096
00-0039040,2025_07_MIA_CLE,2025,7,82.0,63.20034309147369,4,2024,62.65042829079663,64.2381117317848
00-0039139,2025_07_TB_DET,2025,7,136.0,59.75110587711577,4,2024,58.717711268543255,61.864409171265585
00-0039165,2025_07_HOU_SEA,2025,7,49.0,34.193565328845935,4,2024,37.11189209797471,35.10030533621099
00-0039299,2025_07_HOU_SEA,2025,7,0.0,12.486601383822393,4,2024,18.299396566216625,12.931083285537998
00-0039384,2025_07_NYG_DEN,2025,7,46.0,19.230253344837475,4,2024,23.197100913901785,20.971373520435172
00-0039391,2025_07_IND_LAC,2025,7,20.0,56.39209896827315,4,2024,55.16768910111511,59.21201022516878
00-0039798,2025_07_CAR_NYJ,2025,7,10.0,8.927566016889736,4,2024,12.912020396467964,12.100992154920617
00-0040122,2025_07_LV_KC,2025,7,21.0,67.22597078765565,4,2024,65.52157481631157,69.10175920228903
00-0040162,2025_07_MIA_CLE,2025,7,8.0,25.699451692032948,4,2024,28.385277168466985,28.087909446418116
00-0040236,2025_07_NO_CHI,2025,7,81.0,17.755321589192935,4,2024,20.419833063047847,21.290685626984093
00-0040242,2025_07_WAS_DAL,2025,7,33.0,67.0428313839806,4,2024,65.6900311063719,68.51625036219764
00-0040583,2025_07_HOU_SEA,2025,7,15.0,24.96417437876575,4,2024,30.079531240685142,24.497437520989557
00-0040715,2025_07_NYG_DEN,2025,7,60.0,61.07154627075523,4,2024,57.88741658409634,65.61792719560209
00-0040730,2025_07_NYG_DEN,2025,7,0.0,36.75544693984872,4,2024,40.95904674554091,35.73535144526789
00-0040734,2025_07_NE_TEN,2025,7,5.0,26.310083257520073,4,2024,27.491213480144307,30.44495852982542
00-0040784,2025_07_MIA_CLE,2025,7,84.0,71.64702475568245,4,2024,71.79693394371911,70.64061255037457
00-0032764,2025_08_CHI_BAL,2025,8,71.0,74.40403590292965,4,2024,70.83250874696355,77.54096483391328
00-0033280,2025_08_SF_HOU,2025,8,25.0,63.49275713513003,4,2024,63.63284508501253,63.648905311050896
00-0033293,2025_08_MIN_LAC,2025,8,15.0,19.667422005302665,4,2024,24.719612113736755,20.025008880159387
00-0033526,2025_08_NYJ_CIN,2025,8,94.0,19.82993704614212,4,2024,22.16775984853687,23.470441403869373
00-0033906,2025_08_TB_NO,2025,8,21.0,52.06506870588586,4,2024,53.742685370476245,51.96114022183498
00-0033923,2025_08_WAS_KC,2025,8,40.0,18.07706971413862,4,2024,21.181642537792015,21.031079704173656
00-0033955,2025_08_WAS_KC,2025,8,4.0,13.297995162452718,4,2024,16.969727198361433,16.235603640538812
00-0034367,2025_08_MIN_LAC,2025,8,-2.0,9.430475938524749,4,2024,17.246705071758054,7.866191336563418
00-0034791,2025_08_SF_HOU,2025,8,56.0,38.80893996999825,4,2024,40.121891795282,41.01963117639321
00-0034844,2025_08_NYG_PHI,2025,8,150.0,66.3560328519875,4,2024,66.70474906312995,65.85407166058732
00-0034975,2025_08_CHI_BAL,2025,8,2.0,20.751646421668237,4,2024,23.470380189079588,23.7981795674932
00-0035261,2025_08_TEN_IND,2025,8,44.0,49.89518617526333,4,2024,50.42892762007177,51.49057109391741
00-0035537,2025_08_BUF_CAR,2025,8,6.0,10.500823038953978,4,2024,14.26020325512812,13.726376033526211
00-0035700,2025_08_GB_PIT,2025,8,33.0,71.48586178406183,4,2024,68.65109554598128,74.13724964925338
00-0036139,2025_08_BUF_CAR,2025,8,54.0,64.48479090703333,4,2024,63.08615492367269,66.37498305200154
00-0036158,2025_08_DAL_DEN,2025,8,111.0,64.31390361999493,4,2024,63.76280460940273,65.19598677760652
00-0036223,2025_08_TEN_IND,2025,8,153.0,103.57681622118128,4,2024,101.74445890157531,100.4792034445229
00-0036275,2025_08_CHI_BAL,2025,8,45.0,74.56091686819605,4,2024,72.30976634908977,76.06761233742611
00-0036555,2025_08_BUF_CAR,2025,8,34.0,54.40692376503995,4,2024,57.86898197579579,51.79926518657951
00-0036875,2025_08_CLE_NE,2025,8,34.0,46.4258070497451,4,2024,47.847088074690305,47.42979358060555
00-0036919,2025_08_GB_PIT,2025,8,31.0,26.48664049287215,4,2024,30.873204905595024,26.69267969343761
00-0036997,2025_08_DAL_DEN,2025,8,41.0,67.36880888696072,4,2024,67.16093913923649,67.40181139545868
00-0037197,2025_08_WAS_KC,2025,8,58.0,45.82247171320947,4,2024,47.225320623281426,46.93403983285504
00-0037228,2025_08_GB_PIT,2025,8,62.0,52.99343983280761,4,2024,52.74145427172382,55.10859206907616
00-0037248,2025_08_BUF_CAR,2025,8,216.0,71.78824755182956,4,2024,69.1825489639833,74.11798433631859
00-0037256,2025_08_TB_NO,2025,8,35.0,45.61379889537157,4,2024,46.34599891880076,47.57160004433622
00-0037267,2025_08_CLE_NE,2025,8,0.0,9.982836498992667,4,2024,14.929548746243874,11.83541853048667
00-0037525,2025_08_MIN_LAC,2025,8,3.0,63.39002734626644,4,2024,62.305040388047104,65.05269932693432
00-0038120,2025_08_NYJ_CIN,2025,8,133.0,66.39495989004547,4,2024,64.05456186604252,69.16259902069184
00-0038440,2025_08_MIN_LAC,2025,8,16.0,10.17072326130126,4,2024,13.688872431436227,13.736651785715974
00-0038542,2025_08_MIA_ATL,2025,8,25.0,73.77073260637206,4,2024,73.76532047142203,72.65382396990384
00-0038597,2025_08_NYJ_CIN,2025,8,73.0,50.41315760964592,4,2024,52.26722836630031,50.32741542811311
00-0038611,2025_08_WAS_KC,2025,8,2.0,19.521164851593788,4,2024,23.78433641042681,20.86034099210114
00-0038797,2025_08_GB_PIT,2025,8,61.0,19.308175260707323,4,2024,23.308799026346023,20.99716405782413
00-0039032,2025_08_TEN_IND,2025,8,59.0,20.628479051517992,4,2024,24.368375768577927,22.448709319685292
00-0039040,2025_08_MIA_ATL,2025,8,67.0,63.717990398601195,4,2024,63.40079273420402,64.39928897664782
00-0039384,2025_08_NYG_PHI,2025,8,39.0,23.44659244369852,4,2024,27.00351377348646,25.092023045163053
00-0039391,2025_08_MIN_LAC,2025,8,117.0,54.823390364246244,4,2024,53.99812470277969,57.37853171075092
00-0039798,2025_08_NYJ_CIN,2025,8,65.0,13.842963450365044,4,2024,14.447812345532864,20.438855532554125
00-0040078,2025_08_WAS_KC,2025,8,8.0,25.96777030657155,4,2024,27.42832579581118,29.810633074676215
00-0040162,2025_08_CLE_NE,2025,8,0.0,20.964402507677534,4,2024,24.718348001909263,22.720122549107135
00-0040236,2025_08_CHI_BAL,2025,8,24.0,34.702781181314684,4,2024,37.39297129307675,35.81551824649229
00-0040242,2025_08_WAS_KC,2025,8,25.0,46.75530732353116,4,2024,46.422164043252806,49.849527044113614
00-0040547,2025_08_MIA_ATL,2025,8,14.0,23.044141476032863,4,2024,29.6349049212855,21.051419643601587
00-0040583,2025_08_SF_HOU,2025,8,62.0,35.330008018633684,4,2024,38.86104665532233,35.33016498785095
00-0040715,2025_08_NYG_PHI,2025,8,12.0,60.976364973999885,4,2024,57.21221371491589,66.24258912240397
00-0040730,2025_08_DAL_DEN,2025,8,46.0,35.953143651964176,4,2024,38.70344143360568,36.81624409025929
00-0040734,2025_08_CLE_NE,2025,8,75.0,18.07025053380409,4,2024,21.191924461492604,21.004395169614565
00-0040784,2025_08_CLE_NE,2025,8,19.0,76.01082792925237,4,2024,75.51286768710877,75.17771125002966
00-0031687,2025_09_JAX_LV,2025,9,0.0,18.55619179167182,4,2024,25.226374705440342,17.10001160710177
00-0032764,2025_09_BAL_MIA,2025,9,119.0,88.69179618443695,4,2024,82.27633387733297,93.27631699224318
00-0033280,2025_09_SF_NYG,2025,9,106.0,69.26930907369612,4,2024,66.76448561218129,71.83162132010114
00-0033293,2025_09_MIN_DET,2025,9,78.0,19.20350123875134,4,2024,23.137257986830623,20.988697808509485
00-0033526,2025_09_CHI_CIN,2025,9,5.0,29.583259688120613,4,2024,33.31438773719261,30.1506148518168
00-0033906,2025_09_NO_LA,2025,9,14.0,40.87538254060749,4,2024,42.22629200828997,42.7482617199036
00-0033923,2025_09_KC_BUF,2025,9,49.0,26.15854725367036,4,2024,28.99326558721885,28.300887065429933
00-0033955,2025_09_SEA_WAS,2025,9,0.0,11.24505207883656,4,2024,13.907055056081802,15.702095696948229
00-0034791,2025_09_DEN_HOU,2025,9,34.0,44.974872857787936,4,2024,44.29436722723978,48.74337413740434
00-0034975,2025_09_BAL_MIA,2025,9,2.0,17.7593258525786,4,2024,20.909572350208816,20.70254442116747
00-0035261,2025_09_LAC_TEN,2025,9,56.0,45.933313487031484,4,2024,46.0626473236893,48.58026528248131
00-0035537,2025_09_KC_BUF,2025,9,8.0,8.29710090241461,4,2024,12.989525404914028,10.69724582873543
00-0035685,2025_09_MIN_DET,2025,9,40.0,53.52711212716568,4,2024,56.04884159833206,52.18883207168416
00-0035700,2025_09_CAR_GB,2025,9,87.0,67.37050027579932,4,2024,65.93723109795344,68.89568759079232
00-0036139,2025_09_CAR_GB,2025,9,130.0,52.134055337211116,4,2024,53.62723848128263,52.24501558475079
00-0036158,2025_09_DEN_HOU,2025,9,61.0,57.94949241487085,4,2024,58.19561614463324,58.7586751012215
00-0036187,2025_09_KC_BUF,2025,9,0.0,6.425286203077025,4,2024,11.37787422838616,8.772696324639355
00-0036223,2025_09_IND_PIT,2025,9,45.0,95.37160460530657,4,2024,92.04099100339396,95.25651718870498
00-0036555,2025_09_CAR_GB,2025,9,17.0,39.95123810912503,4,2024,43.71215638867419,39.01934925831808
00-0036919,2025_09_IND_PIT,2025,9,-1.0,23.77742797147314,4,2024,28.035175011069548,24.52263532103586
00-0036973,2025_09_JAX_LV,2025,9,84.0,58.32317345615214,4,2024,56.05333908734414,62.14383316540538
00-0036997,2025_09_ARI_DAL,2025,9,83.0,70.71621411726056,4,2024,67.5767965183277,73.84723952991226
00-0037157,2025_09_ARI_DAL,2025,9,27.0,16.64069565930214,4,2024,22.545869782091778,16.386509601296936
00-0037228,2025_09_IND_PIT,2025,9,31.0,51.826799956041384,4,2024,50.35923186516466,55.587037025895334
00-0037248,2025_09_KC_BUF,2025,9,114.0,76.54780460758178,4,2024,75.67945697868994,76.09001609155362
00-0037263,2025_09_ATL_NE,2025,9,6.0,15.742818302319318,4,2024,19.67126171385428,18.022801908709997
00-0037525,2025_09_MIN_DET,2025,9,36.0,39.09032739177422,4,2024,41.159969332176885,40.339734974794986
00-0037840,2025_09_NO_LA,2025,9,114.0,64.87200320416585,4,2024,64.31501049940323,65.68251430584631
00-0038134,2025_09_SEA_WAS,2025,9,42.0,57.272732874096434,4,2024,56.53482970495251,59.37586296630299
00-0038440,2025_09_MIN_DET,2025,9,0.0,10.803886725321972,4,2024,13.713479771404124,15.021638633675256
00-0038542,2025_09_ATL_NE,2025,9,46.0,58.84131856196541,4,2024,55.38714840485891,64.03127771272186
00-0038597,2025_09_CHI_CIN,2025,9,37.0,58.95032682346162,4,2024,59.36061627908065,59.41834915409338
00-0038611,2025_09_SEA_WAS,2025,9,65.0,18.925255786902156,4,2024,23.78433641042681,19.622754753841747
00-0038705,2025_09_ARI_DAL,2025,9,79.0,8.202302034934752,4,2024,11.60071077949467,12.191815277615838
00-0038797,2025_09_CAR_GB,2025,9,16.0,27.605899870123736,4,2024,31.600333857205975,28.131585885817948
00-0039032,2025_09_LAC_TEN,2025,9,26.0,29.41123467119641,4,2024,32.49854022264962,30.78697964911129
00-0039040,2025_09_BAL_MIA,2025,9,67.0,67.06835010585536,4,2024,63.79484410467452,70.87741068719683
00-0039139,2025_09_MIN_DET,2025,9,25.0,71.20995208277333,4,2024,69.72958761321436,72.25073546843754
00-0039165,2025_09_SEA_WAS,2025,9,25.0,37.19817031121452,4,2024,38.818926044867275,39.26127064276256
00-0039299,2025_09_SEA_WAS,2025,9,9.0,14.309615041878356,4,2024,19.39513102483997,15.3826215706551
00-0039384,2025_09_SF_NYG,2025,9,18.0,34.42570454050028,4,2024,39.15286147718703,33.09670051086458
00-0039391,2025_09_LAC_TEN,2025,9,30.0,69.05394560240697,4,2024,67.80178758697896,70.12101551567197
00-0039738,2025_09_NO_LA,2025,9,58.0,26.993848094460514,4,2024,28.09206455763256,31.13322278745197
00-0040078,2025_09_KC_BUF,2025,9,7.0,20.869360600603024,4,2024,22.50198475383675,25.22206513701747
00-0040122,2025_09_JAX_LV,2025,9,42.0,59.621942136539666,4,2024,59.02940025548549,61.21655298376201
00-0040202,2025_09_NO_LA,2025,9,11.0,9.930939183712015,4,2024,13.130615888117898,13.918572263830333
00-0040236,2025_09_CHI_CIN,2025,9,176.0,34.54591578784471,4,2024,36.40429842071681,36.69385195152794
00-0040242,2025_09_SEA_WAS,2025,9,38.0,48.7944764375811,4,2024,50.68383637099329,48.894157531426906
00-0040583,2025_09_DEN_HOU,2025,9,27.0,30.08501399233264,4,2024,37.19864935602294,26.461987775930307
00-0040649,2025_09_SEA_WAS,2025,9,0.0,8.008100884207847,4,2024,13.877147780797308,9.016007304536975
00-0040730,2025_09_DEN_HOU,2025,9,5.0,37.149787233135655,4,2024,40.45662874950171,37.16621765683528
00-0040734,2025_09_ATL_NE,2025,9,55.0,22.40827438085164,4,2024,25.092380608842273,25.263223998138088
00-0031687,2025_10_LV_DEN,2025,10,4.0,16.377754958818322,4,2024,21.161021121012197,17.52705126576107
00-0032764,2025_10_BAL_MIN,2025,10,75.0,81.51921850808358,4,2024,78.53294896556255,82.93937758952984
00-0033280,2025_10_LA_SF,2025,10,30.0,63.341885670674905,4,2024,60.69307916588877,66.91593858195341
00-0033293,2025_10_BAL_MIN,2025,10,47.0,28.271170972703636,4,2024,32.26460245515828,28.70420559483943
00-0033906,2025_10_NO_CAR,2025,10,83.0,46.34155105546477,4,2024,47.76714380846686,47.352175149262514
00-0033955,2025_10_DET_WAS,2025,10,25.0,9.375562747234303,4,2024,12.283743263567729,13.796577080141128
00-0034791,2025_10_JAX_HOU,2025,10,47.0,37.31517037367917,4,2024,38.821551881316815,39.501058796063184
00-0034844,2025_10_PHI_GB,2025,10,60.0,61.26457326701951,4,2024,60.938593980688374,62.30275379302317
00-0034975,2025_10_BAL_MIN,2025,10,1.0,14.09229432983841,4,2024,16.829692366980556,18.055756714373537
00-0035250,2025_10_NYG_CHI,2025,10,20.0,29.92731667444533,4,2024,34.94703691943862,28.87673762562499
00-0035537,2025_10_BUF_MIA,2025,10,2.0,7.843343995632845,4,2024,11.8606396585809,11.129760443126711
00-0035685,2025_10_DET_WAS,2025,10,71.0,40.92431422311165,4,2024,39.38734868253234,46.30745431686628
00-0035700,2025_10_PHI_GB,2025,10,74.0,69.34839524887559,4,2024,65.91400674454928,73.03167260075409
00-0036139,2025_10_NO_CAR,2025,10,53.0,77.33767551754596,4,2024,78.39366229463369,74.42477133525765
00-0036158,2025_10_LV_DEN,2025,10,77.0,58.2397092945235,4,2024,57.141666759476585,60.64501176229723
00-0036223,2025_10_ATL_IND,2025,10,244.0,95.70920946179601,4,2024,93.7372307948747,93.89179265835917
00-0036275,2025_10_NYG_CHI,2025,10,80.0,68.20711055369418,4,2024,62.3083482787805,75.05280755965032
00-0036555,2025_10_NO_CAR,2025,10,14.0,31.05082390608102,4,2024,33.50938858964469,32.960964815703626
00-0036919,2025_10_PIT_LAC,2025,10,0.0,24.06067280297061,4,2024,25.563658320776582,28.120958618855855
00-0036924,2025_10_ARI_SEA,2025,10,4.0,25.723749856064963,4,2024,30.061524865078837,26.096856899122404
00-0036973,2025_10_JAX_HOU,2025,10,58.0,59.34214765658871,4,2024,58.91225876348877,60.778142262769045
00-0037157,2025_10_ARI_SEA,2025,10,28.0,27.97952562891684,4,2024,33.639773364604196,26.42368410867188
00-0037228,2025_10_PIT_LAC,2025,10,70.0,53.58627454142666,4,2024,52.671209304018305,56.425345363685274
00-0037248,2025_10_BUF_MIA,2025,10,53.0,99.03227438200798,4,2024,95.56709833382378,98.56453680481556
00-0037256,2025_10_NE_TB,2025,10,38.0,42.673519450784624,4,2024,43.87569729307748,44.47381588679606
00-0037263,2025_10_ATL_IND,2025,10,57.0,13.194217644867631,4,2024,17.62569808787749,15.221166059802098
00-0037267,2025_10_CLE_NYJ,2025,10,1.0,11.666572218490462,4,2024,15.376448822626854,14.78792428233792
00-0037525,2025_10_BAL_MIN,2025,10,25.0,58.07564139988829,4,2024,59.67095887715519,57.223830444454215
00-0037840,2025_10_LA_SF,2025,10,73.0,67.40034731231773,4,2024,67.08436008496696,67.56057674259377
00-0038120,2025_10_CLE_NYJ,2025,10,83.0,61.47664099540845,4,2024,60.142374764056896,63.71289842531685
00-0038134,2025_10_ARI_SEA,2025,10,67.0,59.3843673553892,4,2024,58.60421188646317,61.24099697589395
00-0038542,2025_10_ATL_IND,2025,10,84.0,57.12612423651356,4,2024,53.949845386444366,62.219658029979506
00-0038611,2025_10_DET_WAS,2025,10,16.0,30.900211762354623,4,2024,34.07852361733227,31.955018972677347
00-0038705,2025_10_ARI_SEA,2025,10,64.0,25.229950633108647,4,2024,31.37582609108596,23.470635118388586
00-0038797,2025_10_PHI_GB,2025,10,2.0,22.299568305531782,4,2024,25.344775599469084,24.730068986444145
00-0038951,2025_10_NE_TB,2025,10,53.0,21.09634729106175,4,2024,25.969576239322457,21.470265410132313
00-0039040,2025_10_BUF_MIA,2025,10,174.0,66.28402782452753,4,2024,64.2005325132499,68.75443609708776
00-0039139,2025_10_DET_WAS,2025,10,142.0,63.74553201344444,4,2024,61.7467988641247,66.47089946826371
00-0039165,2025_10_ARI_SEA,2025,10,83.0,27.317221992270934,4,2024,30.54592065711055,28.8162365710701
00-0039299,2025_10_ARI_SEA,2025,10,31.0,12.788784057077695,4,2024,18.09442966654524,13.808288200461917
00-0039384,2025_10_NYG_CHI,2025,10,71.0,29.21582065750787,4,2024,31.630446144116647,31.438401583357777
00-0039391,2025_10_PIT_LAC,2025,10,95.0,61.14229867476519,4,2024,60.5589631815072,62.51116874348508
00-0039738,2025_10_LA_SF,2025,10,56.0,22.420163411856006,4,2024,25.785089294652863,24.44425990354558
00-0039798,2025_10_CLE_NYJ,2025,10,10.0,18.290350042866965,4,2024,21.32363221113625,21.30109078725659
00-0040122,2025_10_LV_DEN,2025,10,60.0,62.2848111461688,4,2024,59.46095275105236,66.22121845737318
00-0040162,2025_10_CLE_NYJ,2025,10,-4.0,29.704668772901286,4,2024,32.23620142402882,31.71588917758972
00-0040202,2025_10_NO_CAR,2025,10,22.0,8.106910471185179,4,2024,11.754411568519007,11.80651232821425
00-0040236,2025_10_NYG_CHI,2025,10,28.0,60.86170732962291,4,2024,57.854732363841,65.22193924061403
00-0040242,2025_10_DET_WAS,2025,10,30.0,40.987033434099885,4,2024,40.85634554397263,44.648607146952855
00-0040583,2025_10_JAX_HOU,2025,10,63.0,28.981055951796407,4,2024,33.42462162347019,28.76570111040786
00-0040649,2025_10_ARI_SEA,2025,10,0.0,4.801927830129786,4,2024,10.774467629533286,6.136192985716519
00-0040730,2025_10_LV_DEN,2025,10,9.0,39.45365401337719,4,2024,43.37784651937145,38.39312327602294
00-0040734,2025_10_NE_TB,2025,10,147.0,36.147604797438625,4,2024,38.15867109897665,37.88358176021382
00-0040784,2025_10_CLE_NYJ,2025,10,75.0,71.09442475019972,4,2024,70.95303483519392,70.52076200103345
00-0031687,2025_11_DAL_LV,2025,11,6.0,18.774910205466348,4,2024,22.28422604780671,21.13751251482542
00-0032764,2025_11_BAL_CLE,2025,11,103.0,75.96641601420805,4,2024,75.73284380876373,74.81756578966878
00-0033280,2025_11_SF_ARI,2025,11,81.0,62.5191937371299,4,2024,60.10529879218372,65.9232310840969
00-0033293,2025_11_CHI_MIN,2025,11,70.0,37.85926830249008,4,2024,40.3356771694829,38.78697853853723
00-0033376,2025_11_BAL_CLE,2025,11,0.0,11.511226521474942,4,2024,16.561473815519577,13.02205061320577
00-0033923,2025_11_KC_DEN,2025,11,59.0,38.00013176357179,4,2024,39.50134239561121,40.095667107257654
00-0033955,2025_11_WAS_MIA,2025,11,13.0,12.05176684994926,4,2024,13.390463634657928,18.006644735319835
00-0034791,2025_11_HOU_TEN,2025,11,17.0,39.80337211047296,4,2024,41.038941835315335,41.967989316877485
00-0034844,2025_11_DET_PHI,2025,11,83.0,62.754609492969884,4,2024,62.369273877643224,63.65483061942831
00-0035250,2025_11_GB_NYG,2025,11,44.0,17.67752093434346,4,2024,22.887244350956767,18.12402958705316
00-0035261,2025_11_HOU_TEN,2025,11,22.0,51.16981664704385,4,2024,51.388781805555475,52.9687147062356
00-0035537,2025_11_TB_BUF,2025,11,9.0,8.339580785257589,4,2024,12.49104136842658,11.392575786297552
00-0035685,2025_11_DET_PHI,2025,11,27.0,51.5054618271377,4,2024,53.97807969971622,50.512257924111275
00-0035700,2025_11_GB_NYG,2025,11,40.0,83.99344966755191,4,2024,77.69371706691469,89.09997741792569
00-0036139,2025_11_CAR_ATL,2025,11,45.0,84.35761166663778,4,2024,83.0489261654939,83.3341197716147
00-0036187,2025_11_TB_BUF,2025,11,0.0,4.434617062337951,4,2024,10.401189858075371,5.827978462339452
00-0036275,2025_11_CHI_MIN,2025,11,90.0,65.99150438683711,4,2024,64.87996698424668,67.31943378546376
00-0036555,2025_11_CAR_ATL,2025,11,21.0,33.244136043533516,4,2024,35.97528062760643,34.5128148670239
00-0036919,2025_11_CIN_PIT,2025,11,24.0,32.87864479606239,4,2024,31.86803654355447,38.7560056568779
00-0036924,2025_11_SF_ARI,2025,11,6.0,19.174152521898367,4,2024,23.050737022769106,21.03312083347324
00-0036973,2025_11_LAC_JAX,2025,11,73.0,60.23526764672322,4,2024,59.72300985266945,61.64555725615533
00-0036997,2025_11_DAL_LV,2025,11,93.0,71.2367475290173,4,2024,68.39650077224003,73.92996115507711
00-0037157,2025_11_SF_ARI,2025,11,24.0,29.729125265371252,4,2024,34.72504706634298,28.735496108198493
00-0037228,2025_11_CIN_PIT,2025,11,62.0,56.43869329538979,4,2024,53.975498827657574,60.760755281645245
00-0037248,2025_11_TB_BUF,2025,11,48.0,72.21386076641647,4,2024,69.06537999811626,75.14460048997577
00-0037256,2025_11_TB_BUF,2025,11,51.0,55.02961867338377,4,2024,55.9377494007832,55.44454349646964
00-0037263,2025_11_CAR_ATL,2025,11,10.0,25.578431604645843,4,2024,30.767935249001365,24.934716711173877
00-0037267,2025_11_BAL_CLE,2025,11,2.0,9.251838403813233,4,2024,13.31614012313813,12.28226174691294
00-0037525,2025_11_CHI_MIN,2025,11,45.0,41.76758259861041,4,2024,45.14609655641633,41.04513363280214
00-0037840,2025_11_SEA_LA,2025,11,91.0,63.68541856591633,4,2024,61.9504400392296,66.0980394628997
00-0038120,2025_11_NYJ_NE,2025,11,58.0,61.47770224098864,4,2024,59.93611280120495,63.96631046819674
00-0038134,2025_11_SEA_LA,2025,11,67.0,51.664837133928955,4,2024,50.81483373514737,54.69579096346589
00-0038542,2025_11_CAR_ATL,2025,11,104.0,62.979145675351695,4,2024,59.83955363230808,67.20211412990263
00-0038597,2025_11_CIN_PIT,2025,11,99.0,56.1834674725999,4,2024,58.583858066271176,54.61814485957747
00-0038611,2025_11_WAS_MIA,2025,11,79.0,34.67146501766258,4,2024,36.5865162415406,36.732668578099144
00-0038705,2025_11_SF_ARI,2025,11,8.0,29.93587945200757,4,2024,35.654351450081904,28.033076983406456
00-0038797,2025_11_GB_NYG,2025,11,40.0,24.17642963309981,4,2024,26.814555700486466,26.837885230441724
00-0038951,2025_11_TB_BUF,2025,11,106.0,26.66725620140781,4,2024,29.391437869172133,28.87243865556316
00-0039032,2025_11_HOU_TEN,2025,11,3.0,27.218951076559794,4,2024,31.6033638378463,27.32427890567559
00-0039040,2025_11_WAS_MIA,2025,11,120.0,76.52151813485409,4,2024,74.67852103687821,77.2544718889547
00-0039139,2025_11_DET_PHI,2025,11,39.0,64.4070611863308,4,2024,60.39863746975256,69.48670201595236
00-0039165,2025_11_SEA_LA,2025,11,37.0,30.10747043812203,4,2024,34.76809888790745,29.46881167129675
00-0039299,2025_11_SEA_LA,2025,11,6.0,12.262397994723187,4,2024,18.0691967164574,12.745819006515926
00-0039384,2025_11_GB_NYG,2025,11,88.0,31.60544845004297,4,2024,36.6991719641669,30.227949296083608
00-0039391,2025_11_LAC_JAX,2025,11,13.0,64.2344308228408,4,2024,64.03509000282567,64.69931887467794
00-0039738,2025_11_SEA_LA,2025,11,10.0,26.200594026648258,4,2024,29.94777071577465,27.225710767728003
00-0039798,2025_11_NYJ_NE,2025,11,11.0,16.24317610333886,4,2024,20.46385711229861,18.096638833156877
00-0040078,2025_11_KC_DEN,2025,11,0.0,18.21175965232328,4,2024,21.11110820415219,21.39670859788808
00-0040122,2025_11_DAL_LV,2025,11,7.0,73.80569817053717,4,2024,72.69060100899796,74.03534975507957
00-0040162,2025_11_BAL_CLE,2025,11,19.0,23.537117636823197,4,2024,26.695339158586982,25.655354367698695
00-0040236,2025_11_CHI_MIN,2025,11,23.0,43.07162810592317,4,2024,44.35938759684224,44.711519301837775
00-0040242,2025_11_WAS_MIA,2025,11,28.0,47.33505589287516,4,2024,47.149248689628365,50.16802907460075
00-0040583,2025_11_HOU_TEN,2025,11,44.0,49.73370221145772,4,2024,51.09325488292423,50.34611125176512
00-0040730,2025_11_KC_DEN,2025,11,30.0,37.48889507729382,4,2024,40.381736990182894,37.96168938667868
00-0040734,2025_11_NYJ_NE,2025,11,62.0,57.04088042838876,4,2024,57.53988906229919,57.67028133017425
00-0040784,2025_11_BAL_CLE,2025,11,59.0,69.77315161098531,4,2024,67.14071541414441,72.41979024682107
00-0031687,2025_12_CLE_LV,2025,12,2.0,20.011415877678793,4,2024,25.226374705440342,20.122226587767948
00-0032764,2025_12_NYJ_BAL,2025,12,64.0,79.5327103056718,4,2024,76.62177818372139,81.14141942685407
00-0033280,2025_12_CAR_SF,2025,12,89.0,68.43128096331091,4,2024,64.40999185302107,72.95875752296175
00-0033293,2025_12_MIN_GB,2025,12,41.0,36.56768070469336,4,2024,40.145485427268895,36.33624044381068
00-0033906,2025_12_ATL_NO,2025,12,11.0,55.96843735604616,4,2024,56.767252432901174,56.38402757360787
00-0033923,2025_12_IND_KC,2025,12,104.0,47.76065806484524,4,2024,48.0667022918549,49.934547446446814
00-0034791,2025_12_BUF_HOU,2025,12,16.0,45.494398806991285,4,2024,46.06723952550214,47.66313270809093
00-0034844,2025_12_PHI_DAL,2025,12,22.0,72.30241002162632,4,2024,70.00685672178562,74.18186812162477
00-0034975,2025_12_NYJ_BAL,2025,12,0.0,12.450876317664665,4,2024,17.153992420018387,14.251885922162549
00-0035250,2025_12_NYG_DET,2025,12,47.0,32.48827571212223,4,2024,36.90940991179461,31.80535792390485
00-0035261,2025_12_SEA_TEN,2025,12,20.0,42.35008265762708,4,2024,42.155177205397045,45.89753586659839
00-0035537,2025_12_BUF_HOU,2025,12,7.0,6.814454468477747,4,2024,11.48174762520307,9.454414260064809
00-0035685,2025_12_NYG_DET,2025,12,18.0,44.7031573422848,4,2024,45.49284659358368,46.71943699575892
00-0036139,2025_12_CAR_SF,2025,12,38.0,70.5850246614126,4,2024,69.07067191533756,71.75538233328082
00-0036187,2025_12_BUF_HOU,2025,12,0.0,4.4486213114046365,4,2024,10.401189858075371,5.857062540681262
00-0036223,2025_12_IND_KC,2025,12,58.0,93.97616868721761,4,2024,94.66496534683878,89.16271180521719
00-0036275,2025_12_PIT_CHI,2025,12,15.0,62.88167511594575,4,2024,60.9720027867966,65.62046829050922
00-0036555,2025_12_CAR_SF,2025,12,16.0,23.476820627067223,4,2024,26.927077802688935,25.247893014225735
00-0036875,2025_12_NE_CIN,2025,12,5.0,47.90467774216792,4,2024,46.93862357384817,51.60754388454247
00-0036919,2025_12_PIT_CHI,2025,12,92.0,32.809454843044186,4,2024,33.36134688365201,36.79359745345615
00-0036924,2025_12_JAX_ARI,2025,12,28.0,27.773628826261294,4,2024,31.378649167617635,28.7499175297076
00-0036973,2025_12_JAX_ARI,2025,12,86.0,62.42955276883388,4,2024,59.08981069397965,66.97383520546293
00-0036997,2025_12_PHI_DAL,2025,12,87.0,74.90050840937386,4,2024,73.37634434100423,75.47388374976725
00-0037157,2025_12_JAX_ARI,2025,12,12.0,29.071436910243726,4,2024,34.52304980393847,27.61562043410265
00-0037228,2025_12_PIT_CHI,2025,12,68.0,46.95391186863558,4,2024,49.34626361356223,46.70070618645505
00-0037248,2025_12_BUF_HOU,2025,12,116.0,84.9566025428417,4,2024,84.71015453337466,82.55488341696338
00-0037256,2025_12_TB_LA,2025,12,38.0,42.47216840162891,4,2024,43.99002351521805,43.9164104607634
00-0037263,2025_12_ATL_NO,2025,12,44.0,21.924418088461078,4,2024,27.343834630594937,21.516286076949008
00-0037267,2025_12_CLE_LV,2025,12,-3.0,12.010425853244218,4,2024,15.674903460313024,15.13855061639438
00-0037525,2025_12_MIN_GB,2025,12,42.0,34.09547341376998,4,2024,37.8599648298939,33.985504088591384
00-0037840,2025_12_TB_LA,2025,12,46.0,72.66308879678775,4,2024,73.22693054867945,71.00917430634566
00-0038120,2025_12_NYJ_BAL,2025,12,44.0,66.3843400036032,4,2024,65.81122296744462,67.00109242258274
00-0038134,2025_12_SEA_TEN,2025,12,71.0,60.87732471891281,4,2024,58.997076781898734,63.863103369936255
00-0038542,2025_12_ATL_NO,2025,12,70.0,71.59753774959393,4,2024,69.01049895247121,73.93145852844556
00-0038597,2025_12_NE_CIN,2025,12,107.0,56.25107458644025,4,2024,56.42431124746125,57.38868039013069
00-0038797,2025_12_MIN_GB,2025,12,107.0,38.609511195696335,4,2024,41.69723616979765,38.68683260121212
00-0038951,2025_12_TB_LA,2025,12,42.0,42.76963302573259,4,2024,43.87424855942514,44.675189352985655
00-0039032,2025_12_SEA_TEN,2025,12,4.0,25.010234248945768,4,2024,27.890543957315675,27.25907942308533
00-0039139,2025_12_NYG_DET,2025,12,219.0,77.44588144192028,4,2024,73.842222500676,80.19272763363256
00-0039165,2025_12_SEA_TEN,2025,12,35.0,39.6914299394471,4,2024,41.234154152582285,41.497756790467704
00-0039384,2025_12_NYG_DET,2025,12,62.0,34.42548291931601,4,2024,38.825713184858294,33.49467668917182
00-0039738,2025_12_TB_LA,2025,12,24.0,26.14163067995975,4,2024,30.235411229913165,26.752935849846928
00-0039798,2025_12_NYJ_BAL,2025,12,7.0,17.461637868758558,4,2024,20.901812465535073,20.093755694758308
00-0040078,2025_12_IND_KC,2025,12,5.0,16.992506457063918,4,2024,20.776057784634627,19.272619375017992
00-0040122,2025_12_CLE_LV,2025,12,50.0,58.88189626078962,4,2024,58.55488552243026,60.25753803466356
00-0040162,2025_12_CLE_LV,2025,12,23.0,17.321598708317907,4,2024,20.6012611725772,20.168965577827112
00-0040202,2025_12_ATL_NO,2025,12,18.0,11.437376511179368,4,2024,16.050387865361408,13.491134169507372
00-0040236,2025_12_PIT_CHI,2025,12,48.0,39.743998877009105,4,2024,42.33258916555698,40.26913964234689
00-0040583,2025_12_BUF_HOU,2025,12,74.0,51.29231248266204,4,2024,53.75075870947587,50.34644454216125
00-0040734,2025_12_NE_CIN,2025,12,66.0,78.14284060274426,4,2024,76.79760660192913,78.0407898864498
00-0040784,2025_12_CLE_LV,2025,12,47.0,68.87728271083432,4,2024,69.05646110137977,68.2260447404469
00-0031687,2025_13_LV_LAC,2025,13,6.0,17.999076748898272,4,2024,22.457699176942914,19.314984338134888
00-0032764,2025_13_CIN_BAL,2025,13,60.0,99.88957605023566,4,2024,96.3692287882724,99.36806330734515
00-0033280,2025_13_SF_CLE,2025,13,53.0,62.37064903751962,4,2024,59.113418793333786,66.82275122237468
00-0033293,2025_13_MIN_SEA,2025,13,3.0,35.85886530720729,4,2024,40.457554668941725,34.48409834989262
00-0033526,2025_13_CIN_BAL,2025,13,39.0,16.652272047257956,4,2024,21.102103047228702,18.16892619014263
00-0033923,2025_13_KC_DAL,2025,13,58.0,56.315658053829246,4,2024,58.037665051252226,55.55789147560601
00-0033955,2025_13_DEN_WAS,2025,13,30.0,9.389046159696484,4,2024,12.283743263567729,13.82457948301883
00-0034791,2025_13_HOU_IND,2025,13,34.0,27.402011643460146,4,2024,31.405021226239484,27.946022800009096
00-0034844,2025_13_CHI_PHI,2025,13,56.0,72.73869628277012,4,2024,70.49211817763506,74.49694541739608
00-0035250,2025_13_NYG_NE,2025,13,68.0,23.16885235802658,4,2024,27.989664160825427,23.31417116300622
00-0035261,2025_13_JAX_TEN,2025,13,60.0,41.93881207850916,4,2024,44.93866986765267,41.6533702481417
00-0035537,2025_13_BUF_PIT,2025,13,5.0,7.787693308681741,4,2024,11.704518878288516,11.204325591282046
00-0035685,2025_13_GB_DET,2025,13,32.0,35.32614559245648,4,2024,38.203972138378624,36.122399635648904
00-0035700,2025_13_GB_DET,2025,13,83.0,55.571736777469084,4,2024,59.83213566615077,51.82741322992884
00-0036139,2025_13_LA_CAR,2025,13,58.0,59.16486621907319,4,2024,57.19161079433748,62.50555399532361
00-0036187,2025_13_BUF_PIT,2025,13,0.0,2.5686040170624596,4,2024,9.455459642407702,3.1044475537338343
00-0036223,2025_13_HOU_IND,2025,13,85.0,96.2154831797501,4,2024,94.51872333734656,93.99143803624052
00-0036275,2025_13_CHI_PHI,2025,13,125.0,58.52015688978817,4,2024,56.76992208815406,61.68019712496633
00-0036555,2025_13_LA_CAR,2025,13,83.0,28.91439671361327,4,2024,33.075238113322634,29.05277983431918
00-0036875,2025_13_NYG_NE,2025,13,40.0,33.89989703817643,4,2024,34.735978734311196,37.384057209452486
00-0036919,2025_13_BUF_PIT,2025,13,20.0,36.98246535734635,4,2024,39.57147310773093,37.89676086132084
00-0036924,2025_13_ARI_TB,2025,13,17.0,31.468664295386034,4,2024,32.856511982310465,34.62388082649436
00-0036973,2025_13_JAX_TEN,2025,13,28.0,71.41595878695358,4,2024,69.88375817067602,72.49080546685347
00-0036997,2025_13_KC_DAL,2025,13,59.0,69.61261661597402,4,2024,65.95782505332687,73.52704189447175
00-0037157,2025_13_ARI_TB,2025,13,62.0,30.795509117163334,4,2024,33.47729213783973,32.469816597317134
00-0037197,2025_13_KC_DAL,2025,13,16.0,40.422720140063596,4,2024,45.75200267579656,37.514180343476795
00-0037228,2025_13_BUF_PIT,2025,13,35.0,61.21335956949074,4,2024,59.93644169465071,63.416922029116755
00-0037248,2025_13_BUF_PIT,2025,13,144.0,79.54774335774584,4,2024,75.6143868593711,82.39954983278739
00-0037256,2025_13_ARI_TB,2025,13,7.0,46.93206689133141,4,2024,48.51732451789343,47.66490980600619
00-0037263,2025_13_ATL_NYJ,2025,13,20.0,25.428839340882558,4,2024,29.63713627254714,26.001251764232965
00-0037267,2025_13_SF_CLE,2025,13,0.0,7.759016143288177,4,2024,12.608125054728427,10.04425977473415
00-0037525,2025_13_MIN_SEA,2025,13,47.0,37.32598969317743,4,2024,42.06304992197623,35.57568280113423
00-0037840,2025_13_LA_CAR,2025,13,72.0,69.78645620752383,4,2024,71.47469348177741,67.16903578853481
00-0038120,2025_13_ATL_NYJ,2025,13,68.0,71.20803450319485,4,2024,72.42811735073619,68.96019273923598
00-0038134,2025_13_MIN_SEA,2025,13,56.0,65.92353103705409,4,2024,63.83253106333485,68.45394680133086
00-0038440,2025_13_MIN_SEA,2025,13,17.0,7.772613540807164,4,2024,11.52813016147861,11.387833057317051
00-0038542,2025_13_ATL_NYJ,2025,13,142.0,64.5264071513931,4,2024,63.855977617670725,65.52383879994119
00-0038597,2025_13_CIN_BAL,2025,13,78.0,61.118696478333995,4,2024,59.688814054224125,63.52191298065074
00-0038611,2025_13_DEN_WAS,2025,13,41.0,42.239195922640114,4,2024,43.465672538638536,44.07118344041282
00-0038685,2025_13_GB_DET,2025,13,0.0,20.7755840041765,4,2024,26.058558081740728,20.695731305946723
00-0038797,2025_13_GB_DET,2025,13,14.0,45.18615435893704,4,2024,47.61600641471139,45.13671424844688
00-0038951,2025_13_ARI_TB,2025,13,0.0,38.053930416995854,4,2024,39.18937988280369,40.58733792107565
00-0039032,2025_13_JAX_TEN,2025,13,-1.0,20.868562927963414,4,2024,24.818299957631893,22.399350279289763
00-0039040,2025_13_NO_MIA,2025,13,134.0,74.38198803726192,4,2024,72.07201213065214,75.98557495918354
00-0039139,2025_13_GB_DET,2025,13,68.0,71.55433283000741,4,2024,71.45548594585935,70.86396176679452
00-0039165,2025_13_MIN_SEA,2025,13,52.0,32.131094108420086,4,2024,33.952941174151995,34.664267996051905
00-0039361,2025_13_ARI_TB,2025,13,61.0,50.77706582195855,4,2024,49.80663596973912,54.07995596350905
00-0039384,2025_13_NYG_NE,2025,13,36.0,47.22316688695725,4,2024,49.99996773197382,46.4637447296048
00-0039391,2025_13_LV_LAC,2025,13,126.0,57.66186090611761,4,2024,58.60767500206754,57.65947119950576
00-0039738,2025_13_LA_CAR,2025,13,81.0,27.035498840292888,4,2024,29.899315229277555,29.01865860967166
00-0039798,2025_13_ATL_NYJ,2025,13,0.0,18.589379382788607,4,2024,21.46121207214665,21.75455649133397
00-0040078,2025_13_KC_DAL,2025,13,0.0,18.742756133553183,4,2024,21.33514798199953,22.22662435035523
00-0040122,2025_13_LV_LAC,2025,13,31.0,60.60834049698345,4,2024,59.55348669509292,62.62681995508784
00-0040162,2025_13_SF_CLE,2025,13,23.0,24.108333299879224,4,2024,27.736888123257916,25.57314669387263
00-0040198,2025_13_NO_MIA,2025,13,10.0,29.270664624331182,4,2024,32.6834771222157,30.269807150911685
00-0040202,2025_13_NO_MIA,2025,13,47.0,21.765819124752138,4,2024,21.876609374812094,27.84548317248248
00-0040236,2025_13_CHI_PHI,2025,13,130.0,53.03737263941983,4,2024,55.327283815747734,52.05053003789375
00-0040242,2025_13_DEN_WAS,2025,13,20.0,34.915949334886946,4,2024,38.41477038588345,35.013769649504006
00-0040583,2025_13_HOU_IND,2025,13,64.0,49.78205369379574,4,2024,50.26702487189567,51.45279973358547
00-0040730,2025_13_DEN_WAS,2025,13,35.0,44.266407289559844,4,2024,45.61825545630237,45.65965637953837
00-0040734,2025_13_NYG_NE,2025,13,67.0,68.94207312644173,4,2024,68.51337968755814,69.02202478996901
00-0040784,2025_13_SF_CLE,2025,13,91.0,64.84658517665807,4,2024,64.02783343571166,65.97948122125354
00-0031687,2025_14_DEN_LV,2025,14,0.0,15.826535446628327,4,2024,21.161021121012197,16.382276462076216
00-0032764,2025_14_PIT_BAL,2025,14,94.0,73.82004880625291,4,2024,68.90648171400336,78.6738614431427
00-0033293,2025_14_WAS_MIN,2025,14,76.0,29.298408799798345,4,2024,30.03830865490103,33.548997549055485
00-0033376,2025_14_PIT_BAL,2025,14,0.0,5.802180750429109,4,2024,12.06165068672549,6.645851872412749
00-0033526,2025_14_CIN_BUF,2025,14,31.0,31.22703782929009,4,2024,35.70202136817674,30.65650210607042
00-0033923,2025_14_HOU_KC,2025,14,30.0,50.703822801458934,4,2024,52.841133752216464,50.23210619703347
00-0033955,2025_14_WAS_MIN,2025,14,0.0,18.714989111304174,4,2024,19.277178683317196,24.67537445870781
00-0034791,2025_14_HOU_KC,2025,14,3.0,30.061727929000043,4,2024,31.355710501620816,33.52978772872681
00-0034844,2025_14_PHI_LAC,2025,14,122.0,64.72526532803238,4,2024,61.993483082238086,68.20517476333245
00-0035261,2025_14_TEN_CLE,2025,14,161.0,40.60241310990186,4,2024,41.060357433608225,43.601358515507506
00-0035537,2025_14_CIN_BUF,2025,14,25.0,9.876642690846763,4,2024,11.7320825723886,15.50909366842987
00-0035685,2025_14_DAL_DET,2025,14,60.0,35.483892736726055,4,2024,36.16038244967459,38.93891324028026
00-0035700,2025_14_CHI_GB,2025,14,86.0,70.04860997114471,4,2024,67.6126464492751,72.41709476181832
00-0036187,2025_14_CIN_BUF,2025,14,0.0,3.408448581248769,4,2024,9.057423691195895,5.333411047337918
00-0036223,2025_14_IND_JAX,2025,14,74.0,94.58768533390133,4,2024,93.55735405547928,91.78168031031102
00-0036275,2025_14_CHI_GB,2025,14,63.0,59.7725503290499,4,2024,58.37012988385133,62.33226715521701
00-0036919,2025_14_PIT_BAL,2025,14,15.0,29.02288621790565,4,2024,31.550739073644024,31.13479045609525
00-0036924,2025_14_LA_ARI,2025,14,13.0,30.235595032190645,4,2024,33.28474690604722,31.54148720228047
00-0036973,2025_14_IND_JAX,2025,14,74.0,56.11802371911291,4,2024,55.31069346719164,58.468643566888005
00-0036997,2025_14_DAL_DET,2025,14,67.0,68.66166732051005,4,2024,65.53943984587097,72.06166132740606
00-0037157,2025_14_LA_ARI,2025,14,16.0,32.94345534362,4,2024,37.076495265643096,32.547182185779924
00-0037197,2025_14_HOU_KC,2025,14,30.0,23.195306878602775,4,2024,27.33895972284065,24.1616099939038
00-0037228,2025_14_PIT_BAL,2025,14,13.0,54.54982934429345,4,2024,55.79892674014883,54.61718836672763
00-0037248,2025_14_CIN_BUF,2025,14,80.0,99.89342238591908,4,2024,97.05319831558668,98.54303960106527
00-0037256,2025_14_NO_TB,2025,14,53.0,38.04474824636331,4,2024,39.27289805662719,40.46655092225321
00-0037263,2025_14_SEA_ATL,2025,14,34.0,18.406471857584144,4,2024,26.29306166092904,15.489946357446602
00-0037267,2025_14_TEN_CLE,2025,14,0.0,11.489373767735296,4,2024,15.135011185745617,14.713966628193273
00-0037525,2025_14_WAS_MIN,2025,14,52.0,45.568810330363576,4,2024,48.41631737235045,44.95671072097547
00-0037840,2025_14_LA_ARI,2025,14,84.0,68.8606162122829,4,2024,70.43499317031859,66.51250679581126
00-0038120,2025_14_MIA_NYJ,2025,14,43.0,72.66118548348445,4,2024,71.13020905851282,73.55883485945016
00-0038134,2025_14_SEA_ATL,2025,14,29.0,63.80157280570504,4,2024,65.16613175416059,62.42285315991165
00-0038440,2025_14_WAS_MIN,2025,14,15.0,8.193033669771218,4,2024,11.668422764339365,12.090099749783136
00-0038542,2025_14_SEA_ATL,2025,14,86.0,72.94331333565103,4,2024,73.3799368655964,71.40479812696513
00-0038597,2025_14_CIN_BUF,2025,14,23.0,63.945138177736844,4,2024,62.86689965874012,65.52126287486605
00-0038611,2025_14_WAS_MIN,2025,14,52.0,42.53125621287046,4,2024,44.15931274608919,43.83294558748642
00-0038685,2025_14_CHI_GB,2025,14,0.0,18.3711488817686,4,2024,24.09720252398836,18.090941335616275
00-0038797,2025_14_CHI_GB,2025,14,10.0,30.698708038807297,4,2024,30.54571571722835,35.83916940035919
00-0038951,2025_14_NO_TB,2025,14,29.0,27.53409686711627,4,2024,27.08910194089273,33.476729465270424
00-0039032,2025_14_TEN_CLE,2025,14,19.0,20.367255248744883,4,2024,22.77658537203109,23.844852588235906
00-0039040,2025_14_MIA_NYJ,2025,14,92.0,80.27214706491478,4,2024,77.52993342378966,81.57103522437438
00-0039139,2025_14_DAL_DET,2025,14,43.0,72.62857470953892,4,2024,71.20030524919893,73.40573798446898
00-0039165,2025_14_SEA_ATL,2025,14,46.0,34.4597938622518,4,2024,36.507685445563354,36.389077745854735
00-0039361,2025_14_NO_TB,2025,14,55.0,53.59491300823634,4,2024,52.98179387549547,56.065022406821264
00-0039391,2025_14_PHI_LAC,2025,14,44.0,71.93086286506667,4,2024,71.11424321349222,72.0615429621226
00-0039738,2025_14_LA_ARI,2025,14,128.0,25.895472027725877,4,2024,29.1969204298597,27.506498611975186
00-0039796,2025_14_PIT_BAL,2025,14,2.0,16.759544031557468,4,2024,20.807694505623655,18.75027150561034
00-0039798,2025_14_MIA_NYJ,2025,14,22.0,13.736249854982567,4,2024,16.05495805102068,18.25987711007816
00-0040078,2025_14_HOU_KC,2025,14,7.0,17.5021004651364,4,2024,20.64189594894955,20.494342911614016
00-0040122,2025_14_DEN_LV,2025,14,30.0,62.10066122191669,4,2024,62.506635703828245,62.12941430084
00-0040162,2025_14_TEN_CLE,2025,14,4.0,19.324214229373716,4,2024,21.949900711716325,22.685486644360942
00-0040198,2025_14_MIA_NYJ,2025,14,17.0,27.063742746568337,4,2024,30.55876129239091,28.27417118907763
00-0040202,2025_14_NO_TB,2025,14,70.0,24.984120093488283,4,2024,26.36643438741504,29.061070308154456
00-0040236,2025_14_CHI_GB,2025,14,57.0,53.280518677489425,4,2024,56.4231659139408,51.22081336004439
00-0040242,2025_14_WAS_MIN,2025,14,32.0,36.475371982469795,4,2024,39.9024137494178,36.44057221565428
00-0040583,2025_14_HOU_KC,2025,14,68.0,48.46997574976128,4,2024,49.42201851277717,49.75701100851898
00-0040649,2025_14_SEA_ATL,2025,14,0.0,7.549795747634223,4,2024,13.00463844881514,9.126833314738208
00-0040666,2025_14_PHI_LAC,2025,14,56.0,57.24371757276589,4,2024,55.67052640089046,60.36824557295603
00-0040730,2025_14_DEN_LV,2025,14,75.0,38.53021998327032,4,2024,39.294872757751634,41.44801733437353
00-0040784,2025_14_TEN_CLE,2025,14,26.0,71.95441787674707,4,2024,70.45620542487991,72.9118914263841
00-0031687,2025_15_LV_PHI,2025,15,0.0,22.77594036367642,4,2024,27.015295549351787,23.684861108912276
00-0032764,2025_15_BAL_CIN,2025,15,100.0,96.15480220591263,4,2024,90.14691188125654,99.1898786290494
00-0033280,2025_15_TEN_SF,2025,15,73.0,67.41465167119355,4,2024,63.7476227684902,71.6541223419637
00-0033293,2025_15_MIN_DAL,2025,15,34.0,33.313912256311056,4,2024,36.88494153737976,33.54984329837546
00-0033526,2025_15_BAL_CIN,2025,15,42.0,22.747828424871763,4,2024,26.617981037687745,24.110370550898796
00-0033923,2025_15_LAC_KC,2025,15,12.0,53.16363146740585,4,2024,55.062264499464405,52.63551393796742
00-0033955,2025_15_WAS_NYG,2025,15,6.0,14.383146618404869,4,2024,15.75183788286571,19.972527200514808
00-0034844,2025_15_LV_PHI,2025,15,78.0,71.58351167890302,4,2024,68.90228953489238,74.0341182196289
00-0035250,2025_15_WAS_NYG,2025,15,13.0,50.42211530594637,4,2024,52.23063168687395,50.39059018590907
00-0035261,2025_15_TEN_SF,2025,15,104.0,55.4715076815229,4,2024,55.16139415600667,57.307789361412226
00-0035291,2025_15_CLE_CHI,2025,15,3.0,9.876442043363461,4,2024,14.485146713772696,12.15569879706895
00-0035537,2025_15_BUF_NE,2025,15,13.0,6.30800738016592,4,2024,11.354349926526512,8.557781643647118
00-0035685,2025_15_DET_LA,2025,15,32.0,33.224177714821074,4,2024,36.125291957477245,34.28866537128245
00-0035700,2025_15_GB_DEN,2025,15,73.0,67.32298655790868,4,2024,63.28044087316392,72.03273633500977
00-0036139,2025_15_CAR_NO,2025,15,49.0,58.51847009757879,4,2024,58.61254869325513,59.43254475777154
00-0036187,2025_15_BUF_NE,2025,15,0.0,4.393126243644721,4,2024,10.401189858075371,5.741810170445071
00-0036223,2025_15_IND_SEA,2025,15,87.0,92.4932646818938,4,2024,90.91853798995652,90.64581399051168
00-0036275,2025_15_CLE_CHI,2025,15,98.0,62.65219069044428,4,2024,59.82017692920999,66.54669179627237
00-0036555,2025_15_CAR_NO,2025,15,29.0,51.084644540318095,4,2024,53.89486048897749,49.73965628585274
00-0036875,2025_15_BUF_NE,2025,15,50.0,42.588631683950425,4,2024,43.83767254748198,44.34383127855286
00-0036919,2025_15_MIA_PIT,2025,15,80.0,30.324148999569047,4,2024,31.27345453958453,34.1749649917285
00-0036924,2025_15_ARI_HOU,2025,15,56.0,27.212692800708446,4,2024,30.77368921380987,28.32174885247487
00-0036973,2025_15_NYJ_JAX,2025,15,32.0,83.20594724998125,4,2024,80.40368351172015,84.16400022022873
00-0036997,2025_15_MIN_DAL,2025,15,91.0,75.39944538764306,4,2024,72.30588668624686,77.81379666423899
00-0037157,2025_15_ARI_HOU,2025,15,-2.0,31.44695248426911,4,2024,37.3617912287643,29.09177512405892
00-0037197,2025_15_LAC_KC,2025,15,21.0,26.054423222269406,4,2024,28.934640661334097,28.15604162823907
00-0037228,2025_15_MIA_PIT,2025,15,33.0,53.13281669456717,4,2024,52.600932030059504,55.569193599594186
00-0037248,2025_15_BUF_NE,2025,15,107.0,80.41793945593605,4,2024,76.1610709215337,83.54096567904813
00-0037256,2025_15_ATL_TB,2025,15,20.0,38.52024573177782,4,2024,38.74473485359813,42.09731998990547
00-0037263,2025_15_ATL_TB,2025,15,18.0,23.330733499198494,4,2024,28.140222049881604,23.467000919261945
00-0037525,2025_15_MIN_DAL,2025,15,29.0,43.19903417139363,4,2024,46.137055195011015,42.811081556400815
00-0037840,2025_15_DET_LA,2025,15,78.0,57.490457118905546,4,2024,56.49765546908805,59.87330830571722
00-0038120,2025_15_NYJ_JAX,2025,15,23.0,64.776630399753,4,2024,64.09299843852324,65.7548339091986
00-0038134,2025_15_IND_SEA,2025,15,17.0,54.31976451929673,4,2024,52.99601240703495,57.55307995397726
00-0038542,2025_15_ATL_TB,2025,15,93.0,71.15813974565708,4,2024,72.51392588654012,68.75206423367453
00-0038597,2025_15_BAL_CIN,2025,15,53.0,55.29012793398039,4,2024,56.3986961236513,55.42417954305986
00-0038685,2025_15_GB_DEN,2025,15,10.0,11.392560885059384,4,2024,18.10299021788992,10.898180583104388
00-0038705,2025_15_ARI_HOU,2025,15,1.0,18.77858578449597,4,2024,23.628520462956622,19.507919379213227
00-0038797,2025_15_GB_DEN,2025,15,3.0,25.734609887056667,4,2024,29.09486586847,27.296712541009303
00-0038951,2025_15_ATL_TB,2025,15,7.0,26.037666199805678,4,2024,26.820344642259062,30.696258096046662
00-0039032,2025_15_TEN_SF,2025,15,34.0,20.6201027348333,4,2024,23.944676850003138,22.947339551391003
00-0039040,2025_15_MIA_PIT,2025,15,60.0,69.01407351401485,4,2024,69.29076470536164,68.22477223063127
00-0039139,2025_15_DET_LA,2025,15,38.0,67.35321509815378,4,2024,64.87942709749632,70.14809736204832
00-0039165,2025_15_IND_SEA,2025,15,31.0,36.38561477219954,4,2024,40.84888324210888,35.10145156166875
00-0039361,2025_15_ATL_TB,2025,15,60.0,48.984366889585665,4,2024,48.7191228423535,51.68136259425866
00-0039384,2025_15_WAS_NYG,2025,15,70.0,49.108789600188,4,2024,50.34494744519263,49.959659767402506
00-0039391,2025_15_LAC_KC,2025,15,33.0,61.69253619173714,4,2024,61.84561093880798,62.08688585504491
00-0039738,2025_15_DET_LA,2025,15,71.0,22.776623984000896,4,2024,26.947564651024308,23.76877084051152
00-0039796,2025_15_BAL_CIN,2025,15,0.0,12.167883427957563,4,2024,15.08677106930526,16.181850112930587
00-0039798,2025_15_NYJ_JAX,2025,15,58.0,14.752601209041192,4,2024,18.67521064908321,17.179413555086875
00-0039874,2025_15_MIA_PIT,2025,15,2.0,49.71601452906147,4,2024,48.67637612444173,53.252912786087975
00-0040078,2025_15_LAC_KC,2025,15,1.0,18.677973650653566,4,2024,21.20098614631445,22.255480580637283
00-0040122,2025_15_LV_PHI,2025,15,35.0,61.12615219324241,4,2024,60.682588027005714,62.32707201057877
00-0040198,2025_15_MIA_PIT,2025,15,0.0,26.14297641170865,4,2024,29.790408517320536,27.29770292507474
00-0040202,2025_15_CAR_NO,2025,15,28.0,36.506492381904366,4,2024,37.331250513196366,39.6366428239156
00-0040236,2025_15_CLE_CHI,2025,15,33.0,50.31333412339562,4,2024,52.40471500982261,49.95265557854697
00-0040242,2025_15_WAS_NYG,2025,15,96.0,41.12872640705021,4,2024,43.41882239651634,41.82201522938275
00-0040583,2025_15_ARI_HOU,2025,15,30.0,68.06029728139617,4,2024,68.71195456551568,66.94890343874823
00-0040666,2025_15_LAC_KC,2025,15,61.0,42.92618079767242,4,2024,45.45972045021902,43.06934985802081
00-0040730,2025_15_GB_DEN,2025,15,65.0,51.88371173553484,4,2024,51.485334520697855,54.33374247219107
00-0040734,2025_15_BUF_NE,2025,15,148.0,62.17009589283372,4,2024,59.2773614982731,66.20657458827279
00-0040784,2025_15_CLE_CHI,2025,15,21.0,65.53482536539028,4,2024,65.0747391799671,66.1337864691993
00-0031687,2025_16_LV_HOU,2025,16,6.0,19.415838506156344,4,2024,25.226374705440342,18.885329211158485
00-0032764,2025_16_NE_BAL,2025,16,128.0,69.80763186488505,4,2024,68.84102127912577,70.42058327312573
00-0033280,2025_16_SF_IND,2025,16,117.0,64.02522506315347,4,2024,60.61831860290961,68.42615193070985
00-0033293,2025_16_MIN_NYG,2025,16,85.0,47.01813719980122,4,2024,48.14523488303869,48.29683180537101
00-0033526,2025_16_CIN_MIA,2025,16,25.0,31.595046286325164,4,2024,33.99855742594318,33.49544542994934
00-0033923,2025_16_KC_TEN,2025,16,2.0,42.823957230006386,4,2024,42.7098190953912,46.2061777430193
00-0033955,2025_16_PHI_WAS,2025,16,3.0,14.579909053729871,4,2024,18.298103669735337,17.28004733686939
00-0034791,2025_16_LV_HOU,2025,16,33.0,27.28676375627804,4,2024,27.697348748015205,32.22227860616236
00-0034844,2025_16_PHI_WAS,2025,16,132.0,75.98793209007366,4,2024,75.577710743497,75.05118822194541
00-0035250,2025_16_MIN_NYG,2025,16,47.0,33.97510911831441,4,2024,37.71484326509462,33.91227573578436
00-0035261,2025_16_KC_TEN,2025,16,102.0,53.67182414828987,4,2024,54.07873019137326,54.888784513305026
00-0035291,2025_16_BUF_CLE,2025,16,17.0,10.692995577097214,4,2024,14.455803912956007,13.88725714219296
00-0035537,2025_16_BUF_CLE,2025,16,16.0,6.681563978145213,4,2024,11.329742586558616,9.36355489371649
00-0035685,2025_16_PIT_DET,2025,16,14.0,35.92180466001724,4,2024,39.17142109563073,36.1812030919717
00-0035700,2025_16_GB_CHI,2025,16,36.0,64.89110133952008,4,2024,61.447289163042235,69.21479743957346
00-0036139,2025_16_TB_CAR,2025,16,29.0,56.58686925504931,4,2024,55.04638156202832,59.76425129861674
00-0036223,2025_16_SF_IND,2025,16,46.0,95.48395108194345,4,2024,94.304038809668,92.73365531199954
00-0036275,2025_16_GB_CHI,2025,16,58.0,62.80222893048764,4,2024,60.0078918804935,66.62967229568586
00-0036555,2025_16_TB_CAR,2025,16,27.0,34.011461421383224,4,2024,37.762070081383875,33.93025443289006
00-0036875,2025_16_NE_BAL,2025,16,51.0,39.99639436416423,4,2024,42.35981159293624,40.76016115574389
00-0036919,2025_16_PIT_DET,2025,16,50.0,33.23932977505177,4,2024,35.57365802380159,34.99197247362811
00-0036924,2025_16_ATL_ARI,2025,16,65.0,38.59068933589669,4,2024,37.85225003619242,43.330581717684616
00-0036973,2025_16_JAX_DEN,2025,16,50.0,62.37281267671943,4,2024,61.37060498469142,64.07820011122061
00-0036997,2025_16_LAC_DAL,2025,16,34.0,58.09459310411211,4,2024,60.39381752364331,56.38281426587569
00-0037197,2025_16_KC_TEN,2025,16,34.0,32.43273489893273,4,2024,34.85974253646602,34.18631633954681
00-0037228,2025_16_PIT_DET,2025,16,143.0,45.81645480103998,4,2024,44.93146922712391,49.71524328911958
00-0037248,2025_16_BUF_CLE,2025,16,117.0,86.71679998943503,4,2024,84.62954153892164,86.30864743729578
00-0037256,2025_16_TB_CAR,2025,16,45.0,29.321140917624625,4,2024,32.920680396567185,30.08574480384698
00-0037263,2025_16_ATL_ARI,2025,16,79.0,19.18515876584481,4,2024,23.331896483684705,20.713552355600953
00-0037525,2025_16_MIN_NYG,2025,16,5.0,45.97549693784433,4,2024,45.462500783842835,49.39879516002594
00-0037563,2025_16_LAC_DAL,2025,16,23.0,27.398942882655454,4,2024,31.553631007167542,27.758656581205017
00-0037840,2025_16_LA_SEA,2025,16,70.0,62.229439829276195,4,2024,62.41426515531146,62.50936101537678
00-0038120,2025_16_NYJ_NO,2025,16,54.0,66.39723590133994,4,2024,67.59998525882327,64.84932720733663
00-0038134,2025_16_LA_SEA,2025,16,100.0,47.36821408699692,4,2024,47.79022285460689,49.45624473388841
00-0038440,2025_16_MIN_NYG,2025,16,4.0,7.8533386225577,4,2024,10.914122839974295,12.303287495740468
00-0038454,2025_16_NE_BAL,2025,16,13.0,29.850417626360496,4,2024,33.98814839460375,29.88487115661224
00-0038542,2025_16_ATL_ARI,2025,16,76.0,76.61009954875462,4,2024,73.21915071467016,79.21581654197492
00-0038555,2025_16_PHI_WAS,2025,16,37.0,35.940153546739744,4,2024,37.04300824255425,38.81152064864079
00-0038597,2025_16_CIN_MIA,2025,16,66.0,57.55781449472659,4,2024,57.44423515199912,58.86034962708732
00-0038611,2025_16_PHI_WAS,2025,16,63.0,40.347101209319796,4,2024,42.70228527741704,41.07140912510158
00-0038685,2025_16_GB_CHI,2025,16,4.0,16.45674830456651,4,2024,22.72869475529787,15.781823074712054
00-0038705,2025_16_ATL_ARI,2025,16,30.0,18.249679399452972,4,2024,22.543388034807226,19.73107576252795
00-0038797,2025_16_GB_CHI,2025,16,82.0,28.963883721133868,4,2024,30.368806969247153,32.45173811880177
00-0038951,2025_16_TB_CAR,2025,16,3.0,25.310903520347143,4,2024,27.16759186339287,28.763999483911235
00-0039032,2025_16_KC_TEN,2025,16,52.0,20.08966702467137,4,2024,23.205553022419913,22.745913268728405
00-0039040,2025_16_CIN_MIA,2025,16,81.0,85.20112982885394,4,2024,81.70716455344837,86.72008340800866
00-0039139,2025_16_PIT_DET,2025,16,2.0,70.87302680867302,4,2024,68.15357448789665,73.47044636910934
00-0039165,2025_16_LA_SEA,2025,16,32.0,33.62874459783404,4,2024,39.09142304621789,31.516397377191694
00-0039361,2025_16_TB_CAR,2025,16,71.0,59.88899800786148,4,2024,58.8247122799639,62.02046671739828
00-0039373,2025_16_NYJ_NO,2025,16,19.0,13.925367196532328,4,2024,16.22417678452085,18.44654392491724
00-0039384,2025_16_MIN_NYG,2025,16,71.0,59.07093070219038,4,2024,58.91248578842673,60.21460135295881
00-0039391,2025_16_LAC_DAL,2025,16,11.0,66.00288168768864,4,2024,66.70352855882851,65.12213242550632
00-0039405,2025_16_LV_HOU,2025,16,53.0,49.222514339568924,4,2024,52.64151949814293,47.39883083208237
00-0039738,2025_16_LA_SEA,2025,16,48.0,34.130498053590266,4,2024,35.33301465793652,37.13583560449812
00-0039796,2025_16_NE_BAL,2025,16,0.0,7.67267932545397,4,2024,14.271050625415777,7.839665191907592
00-0039798,2025_16_NYJ_NO,2025,16,8.0,22.910308451914347,4,2024,24.05863165846392,27.564861151125413
00-0039874,2025_16_CIN_MIA,2025,16,35.0,30.921624755572942,4,2024,26.254580448195615,41.52833061432486
00-0040078,2025_16_KC_TEN,2025,16,0.0,18.39202296675803,4,2024,21.20098614631445,21.661617100152885
00-0040122,2025_16_LV_HOU,2025,16,128.0,55.2771235120955,4,2024,54.15695830530803,58.12740178173897
00-0040198,2025_16_CIN_MIA,2025,16,-1.0,24.352425742134546,4,2024,25.903389928190556,28.313110486352755
00-0040236,2025_16_GB_CHI,2025,16,50.0,48.37225602325878,4,2024,51.0358044760598,47.58862386607716
00-0040242,2025_16_PHI_WAS,2025,16,25.0,54.37802754832219,4,2024,54.98784481759896,55.248212698713715
00-0040666,2025_16_LAC_DAL,2025,16,85.0,44.83011242036867,4,2024,46.633112886622705,45.59435863010515
00-0040730,2025_16_JAX_DEN,2025,16,50.0,54.26088065019939,4,2024,57.046617837001214,52.49752594529231
00-0040734,2025_16_NE_BAL,2025,16,3.0,61.99392813847286,4,2024,58.768456189150555,66.46050844041442
00-0040784,2025_16_BUF_CLE,2025,16,22.0,76.8432933620739,4,2024,75.20096985426632,77.28644145292134
00-0032764,2025_17_BAL_GB,2025,17,216.0,87.14149237246306,4,2024,84.1357805762902,87.79200551749784
00-0033280,2025_17_CHI_SF,2025,17,140.0,63.12437292854546,4,2024,59.44577347824453,67.98331055121066
00-0033293,2025_17_DET_MIN,2025,17,53.0,43.40606422903517,4,2024,46.076442733558856,43.31486276345094
00-0033376,2025_17_BAL_GB,2025,17,0.0,4.426308140268027,4,2024,10.654240417059276,5.502530222998622
00-0033526,2025_17_ARI_CIN,2025,17,5.0,29.105768685604637,4,2024,30.55493067093811,32.51972385935491
00-0033923,2025_17_DEN_KC,2025,17,38.0,32.00474154260132,4,2024,34.384865518720325,33.87581449270545
00-0033955,2025_17_DAL_WAS,2025,17,-2.0,9.633521251548444,4,2024,15.441515501384936,10.486430999601184
00-0034791,2025_17_HOU_LAC,2025,17,1.0,28.514832710686406,4,2024,30.54387011977778,31.30593648409551
00-0034844,2025_17_PHI_BUF,2025,17,68.0,80.60367750987129,4,2024,75.51559019958304,84.71284316059094
00-0035250,2025_17_NYG_LV,2025,17,45.0,37.508688197258195,4,2024,37.989904285495896,40.91582741241584
00-0035261,2025_17_NO_TEN,2025,17,85.0,65.09537440327531,4,2024,64.4487428453816,65.9835388103892
00-0035291,2025_17_PIT_CLE,2025,17,10.0,8.037234318176415,4,2024,13.95780565101922,8.978277886702088
00-0035537,2025_17_PHI_BUF,2025,17,15.0,7.939037177341184,4,2024,11.40724759500468,11.88068612104034
00-0035685,2025_17_DET_MIN,2025,17,25.0,32.25914071373851,4,2024,33.481099952019306,35.50485476186227
00-0035700,2025_17_BAL_GB,2025,17,3.0,58.271286429308994,4,2024,60.08644305766355,57.12412538904929
00-0036139,2025_17_SEA_CAR,2025,17,59.0,53.859571885764566,4,2024,52.933105827267084,56.673964533403094
00-0036187,2025_17_PHI_BUF,2025,17,0.0,3.3485330144802132,4,2024,9.221686251653855,5.008921521629063
00-0036223,2025_17_JAX_IND,2025,17,70.0,91.51002395520362,4,2024,88.2883436752152,91.8071499176462
00-0036275,2025_17_CHI_SF,2025,17,54.0,62.4313146178851,4,2024,58.92168557108266,67.1822551112211
00-0036555,2025_17_SEA_CAR,2025,17,12.0,29.724422824401643,4,2024,34.66665476090065,28.796846502290645
00-0036875,2025_17_NE_NYJ,2025,17,47.0,42.25001157497076,4,2024,42.098596864124616,45.75861749350006
00-0036919,2025_17_PIT_CLE,2025,17,26.0,34.055243564578305,4,2024,35.65610197490154,36.58605624353317
00-0036924,2025_17_ARI_CIN,2025,17,29.0,37.34671224673572,4,2024,38.29355204789555,40.20962017077807
00-0036973,2025_17_JAX_IND,2025,17,76.0,66.3139217215647,4,2024,64.49341247703329,68.4598190784958
00-0036997,2025_17_DAL_WAS,2025,17,54.0,72.40278866286715,4,2024,70.87650898417809,73.33117863603356
00-0037197,2025_17_DEN_KC,2025,17,32.0,36.08827922694294,4,2024,39.86302953160939,35.684622835936885
00-0037228,2025_17_PIT_CLE,2025,17,64.0,54.20297218358369,4,2024,51.745876867337394,58.83307494955229
00-0037248,2025_17_PHI_BUF,2025,17,74.0,91.73925512983936,4,2024,86.42811578725389,94.54880407260237
00-0037256,2025_17_TB_MIA,2025,17,10.0,26.056030832651878,4,2024,27.72241488393123,29.63575949393605
00-0037263,2025_17_LA_ATL,2025,17,23.0,29.34689659124998,4,2024,33.1729039025241,29.83204932220144
00-0037563,2025_17_DAL_WAS,2025,17,103.0,24.189208446239178,4,2024,27.155521059101872,26.449159964527222
00-0037840,2025_17_LA_ATL,2025,17,92.0,69.3235064656516,4,2024,68.426627283282,69.91984344224402
00-0038120,2025_17_NE_NYJ,2025,17,111.0,58.58596086617119,4,2024,57.438983859674074,61.00200355664915
00-0038134,2025_17_SEA_CAR,2025,17,51.0,55.63128167388495,4,2024,53.22164928463248,60.00203892368957
00-0038440,2025_17_DET_MIN,2025,17,0.0,7.917556191564403,4,2024,11.110963610909534,12.196920888839294
00-0038454,2025_17_BAL_GB,2025,17,31.0,24.122020531429413,4,2024,28.557108380277032,24.602619777753407
00-0038542,2025_17_LA_ATL,2025,17,195.0,71.07756182596859,4,2024,70.85028150932638,70.61088508746649
00-0038555,2025_17_PHI_BUF,2025,17,7.0,26.11303189414092,4,2024,27.693214690985467,29.78970265915897
00-0038597,2025_17_ARI_CIN,2025,17,101.0,62.92040823867135,4,2024,61.97908180642989,64.47438004159699
00-0038685,2025_17_BAL_GB,2025,17,0.0,15.228936008941034,4,2024,21.90122129178639,14.239684122950788
00-0038705,2025_17_ARI_CIN,2025,17,11.0,28.928651108713552,4,2024,30.696139725469052,31.979905791731603
00-0038797,2025_17_BAL_GB,2025,17,16.0,48.03766016321003,4,2024,51.16331452123417,46.738438423829855
00-0038951,2025_17_TB_MIA,2025,17,8.0,25.769281538477184,4,2024,26.721992777576254,30.25865929746095
00-0039032,2025_17_NO_TEN,2025,17,2.0,30.879747834384133,4,2024,32.796613960887925,33.47376711923938
00-0039040,2025_17_TB_MIA,2025,17,83.0,72.16613182090975,4,2024,70.7401952925143,73.00570629823554
00-0039139,2025_17_DET_MIN,2025,17,41.0,67.4215362897078,4,2024,63.931864854748056,71.44403047865892
00-0039165,2025_17_SEA_CAR,2025,17,110.0,39.42236790667864,4,2024,39.71964774465775,42.78349682378021
00-0039361,2025_17_TB_MIA,2025,17,19.0,66.90703369562377,4,2024,67.12696687870418,66.48416998098423
00-0039373,2025_17_NO_TEN,2025,17,94.0,17.173911881820317,4,2024,19.26597239075507,21.488507569964845
00-0039384,2025_17_NYG_LV,2025,17,62.0,57.177664202534494,4,2024,55.95093981034301,59.88954801374106
00-0039405,2025_17_HOU_LAC,2025,17,36.0,44.312373238529645,4,2024,47.701533301036235,43.21787839773192
00-0039738,2025_17_LA_ATL,2025,17,18.0,28.67863612316645,4,2024,30.84601131216477,31.2781439402497
00-0039796,2025_17_BAL_GB,2025,17,0.0,7.471442988775518,4,2024,13.818103772140908,7.973384278546966
00-0039798,2025_17_NE_NYJ,2025,17,11.0,20.241667576111453,4,2024,22.973748335516085,23.34390532443277
00-0039874,2025_17_TB_MIA,2025,17,56.0,35.80720417541056,4,2024,37.095829274350486,38.471079738538194
00-0040078,2025_17_DEN_KC,2025,17,0.0,17.84960246385667,4,2024,21.11110820415219,20.64457915551263
00-0040122,2025_17_NYG_LV,2025,17,60.0,67.4773811063834,4,2024,64.74158526481831,70.57384444254384
00-0040162,2025_17_PIT_CLE,2025,17,27.0,20.451161475943003,4,2024,22.17756510225686,24.748660795247776
00-0040198,2025_17_TB_MIA,2025,17,0.0,18.91825996068254,4,2024,23.39847509797456,20.07816927955561
00-0040236,2025_17_CHI_SF,2025,17,38.0,46.02401839266041,4,2024,47.15380612988418,47.43971080822574
00-0040242,2025_17_DAL_WAS,2025,17,105.0,39.30561186201721,4,2024,41.83155718908087,39.96890653226209
00-0040583,2025_17_HOU_LAC,2025,17,71.0,39.35152189490277,4,2024,41.1615964579757,40.88020303468766
00-0040666,2025_17_HOU_LAC,2025,17,29.0,53.412537245829,4,2024,54.098704757479425,54.32596929774109
00-0040730,2025_17_DEN_KC,2025,17,43.0,51.05424881394269,4,2024,52.944806938710784,50.83360791024792
00-0040734,2025_17_NE_NYJ,2025,17,82.0,54.29861100806653,4,2024,53.709879836129886,56.63972358302631
00-0032764,2025_18_BAL_PIT,2025,18,126.0,107.58708378886942,4,2024,102.51441619041132,107.87000560569156
00-0033280,2025_18_SEA_SF,2025,18,23.0,62.50042289395825,4,2024,62.22434716472806,63.30344228010591
00-0033376,2025_18_BAL_PIT,2025,18,0.0,11.038760132302622,4,2024,16.398526160477623,12.23928581102145
00-0033526,2025_18_CLE_CIN,2025,18,42.0,23.386851130459025,4,2024,25.74704211658953,26.498218629979274
00-0033923,2025_18_KC_LV,2025,18,14.0,49.8123179807081,4,2024,49.87305344056621,51.995473582275736
00-0033955,2025_18_WAS_PHI,2025,18,3.0,13.436471316283157,4,2024,17.024615810191165,16.456342183618148
00-0034367,2025_18_NO_ATL,2025,18,0.0,5.846071602861052,4,2024,10.434276196916093,8.718996573909514
00-0035250,2025_18_DAL_NYG,2025,18,26.0,35.78396064481304,4,2024,38.95034942027983,36.16417301852034
00-0035261,2025_18_TEN_JAX,2025,18,48.0,50.14301413310394,4,2024,49.445718155443934,53.20271958133515
00-0035291,2025_18_CLE_CIN,2025,18,7.0,9.142993966394155,4,2024,13.779852341373646,11.491454494155754
00-0035537,2025_18_NYJ_BUF,2025,18,36.0,16.18127688354313,4,2024,18.786784996434623,20.01060542977571
00-0035685,2025_18_DET_CHI,2025,18,42.0,36.060071201094914,4,2024,37.2672237019827,38.7874923479049
00-0036139,2025_18_CAR_TB,2025,18,10.0,56.10659751841753,4,2024,55.410133947296,58.32380425751144
00-0036187,2025_18_NYJ_BUF,2025,18,4.0,3.931935112786311,4,2024,9.221686251653855,6.220533243979517
00-0036223,2025_18_IND_HOU,2025,18,26.0,91.00016928938382,4,2024,88.02181670293572,91.0728870523217
00-0036275,2025_18_DET_CHI,2025,18,40.0,62.757254301229004,4,2024,58.40498867341244,68.48845705791283
00-0036555,2025_18_CAR_TB,2025,18,10.0,25.6366331542601,4,2024,27.69823278003427,28.794204353707812
00-0036875,2025_18_MIA_NE,2025,18,131.0,34.07650727424803,4,2024,34.712475239996586,37.77946711519745
00-0036919,2025_18_BAL_PIT,2025,18,10.0,36.50126069032226,4,2024,38.08941268190836,38.70240604241304
00-0036924,2025_18_ARI_LA,2025,18,18.0,35.78990558053229,4,2024,36.05878307712319,39.69818055531767
00-0036973,2025_18_TEN_JAX,2025,18,32.0,67.39700304147195,4,2024,64.78321766385027,70.35621054647677
00-0037228,2025_18_BAL_PIT,2025,18,66.0,48.0511799506661,4,2024,47.86424430575531,50.78447956786908
00-0037248,2025_18_NYJ_BUF,2025,18,15.0,86.45051097846456,4,2024,85.69058675643493,84.4633621967092
00-0037256,2025_18_CAR_TB,2025,18,23.0,29.28436536931555,4,2024,30.67592742307456,32.74327125654787
00-0037263,2025_18_NO_ATL,2025,18,16.0,28.054057769589456,4,2024,29.902568233832273,31.13004385337883
00-0037525,2025_18_GB_MIN,2025,18,94.0,36.17330915553651,4,2024,37.21708250976038,39.08373271418002
00-0037840,2025_18_ARI_LA,2025,18,60.0,73.64955539874967,4,2024,73.22966013979894,73.05454755045332
00-0038134,2025_18_SEA_SF,2025,18,97.0,53.31714245579339,4,2024,52.629394946191205,55.91733684341901
00-0038440,2025_18_GB_MIN,2025,18,9.0,6.746927174546702,4,2024,11.110963610909534,9.765754042404572
00-0038454,2025_18_BAL_PIT,2025,18,2.0,19.001904786059782,4,2024,23.276824055397256,20.40004292278959
00-0038542,2025_18_NO_ATL,2025,18,33.0,76.96486008816078,4,2024,75.26599637102828,77.45971539837592
00-0038555,2025_18_WAS_PHI,2025,18,75.0,26.937170594258724,4,2024,28.05619836968646,31.059196445388167
00-0038597,2025_18_CLE_CIN,2025,18,72.0,63.282747800650746,4,2024,61.397268276271014,65.93548344792654
00-0038611,2025_18_WAS_PHI,2025,18,65.0,49.411722939521916,4,2024,51.22633428945552,49.51534501986886
00-0038685,2025_18_GB_MIN,2025,18,61.0,13.416312049701926,4,2024,17.197299591737295,16.204162424633186
00-0038705,2025_18_ARI_LA,2025,18,29.0,23.48395007377043,4,2024,27.759765820085775,24.248562283262924
00-0038738,2025_18_DAL_NYG,2025,18,12.0,22.007832249484906,4,2024,25.53650493167001,23.89068178240156
00-0038797,2025_18_GB_MIN,2025,18,44.0,40.74371354841885,4,2024,42.357568074165194,42.31492891175702
00-0038951,2025_18_CAR_TB,2025,18,-4.0,26.878175416047746,4,2024,27.02707460020841,32.19005285128958
00-0039032,2025_18_TEN_JAX,2025,18,18.0,26.059615719379167,4,2024,31.422868035341203,25.136394012932644
00-0039139,2025_18_DET_CHI,2025,18,80.0,66.18848663373953,4,2024,63.49479420154879,69.41553994680508
00-0039165,2025_18_SEA_SF,2025,18,74.0,44.1684919737702,4,2024,47.27465360034701,43.43896533113454
00-0039361,2025_18_CAR_TB,2025,18,85.0,63.65003757911426,4,2024,65.78296308802472,61.3569005536969
00-0039373,2025_18_NO_ATL,2025,18,63.0,37.375946636535616,4,2024,39.1939046101598,39.173787896799624
00-0039384,2025_18_DAL_NYG,2025,18,103.0,56.109321447332476,4,2024,56.899873815682774,56.51509558595387
00-0039391,2025_18_LAC_DEN,2025,18,12.0,48.17231183860167,4,2024,50.2157502627312,48.17212939947844
00-0039405,2025_18_IND_HOU,2025,18,3.0,26.062048281062754,4,2024,29.905611346218393,26.98932465335269
00-0039738,2025_18_ARI_LA,2025,18,59.0,30.65380603856508,4,2024,31.84592343797549,34.16238368819216
00-0039796,2025_18_BAL_PIT,2025,18,0.0,5.9684274149137515,4,2024,11.941284995860196,7.137707893091232
00-0039874,2025_18_MIA_NE,2025,18,23.0,24.0497247571742,4,2024,23.938923463895105,30.07699885611269
00-0040078,2025_18_KC_LV,2025,18,56.0,18.50671162489276,4,2024,21.20098614631445,21.899802946621637
00-0040122,2025_18_KC_LV,2025,18,87.0,60.22765060513493,4,2024,58.3352655087521,63.31988275233119
00-0040162,2025_18_CLE_CIN,2025,18,32.0,27.098758210570516,4,2024,27.75827425659913,31.757626316162693
00-0040198,2025_18_MIA_NE,2025,18,9.0,18.550237354500453,4,2024,23.39847509797456,19.313858515101984
00-0040236,2025_18_DET_CHI,2025,18,14.0,43.7225499813597,4,2024,44.94462211057941,45.35059470474068
00-0040242,2025_18_WAS_PHI,2025,18,29.0,65.44150395802774,4,2024,66.08551114389844,64.70894919863498
00-0040466,2025_18_CLE_CIN,2025,18,26.0,24.15164504450742,4,2024,29.76399548143254,23.1942669214214
00-0040583,2025_18_IND_HOU,2025,18,48.0,57.35114659198437,4,2024,56.72167645777934,59.3111507681677
00-0040730,2025_18_LAC_DEN,2025,18,28.0,50.37513015617053,4,2024,51.94190009005975,50.644659696756754
00-0040734,2025_18_MIA_NE,2025,18,53.0,65.09470700394164,4,2024,63.45343837936862,67.1943417799387
00-0033280,2025_19_SF_PHI,2025,19,48.0,64.48156857931525,4,2024,62.28683647555489,67.34178704552211
00-0034791,2025_19_HOU_PIT,2025,19,48.0,25.43201979751668,4,2024,26.978803337026275,29.245461244507197
00-0034844,2025_19_SF_PHI,2025,19,106.0,79.95912507773807,4,2024,79.6893169486261,78.29102001766061
00-0035700,2025_19_GB_CHI,2025,19,55.0,58.929754972070484,4,2024,62.77232437144895,55.22047971284933
00-0036139,2025_19_LA_CAR,2025,19,9.0,54.48778601512294,4,2024,53.970211480834266,56.7155430367384
00-0036275,2025_19_GB_CHI,2025,19,54.0,66.96053551728343,4,2024,64.00220234552556,70.40095772539159
00-0036555,2025_19_LA_CAR,2025,19,46.0,28.918312778350902,4,2024,31.44841154920588,31.04223741998305
00-0036755,2025_19_LAC_NE,2025,19,0.0,30.499144557575555,4,2024,31.35319724901438,34.441277175712415
00-0036875,2025_19_LAC_NE,2025,19,53.0,36.43953164474272,4,2024,38.34830475547109,38.258900259135736
00-0036919,2025_19_HOU_PIT,2025,19,20.0,35.78226296713671,4,2024,37.54623145122587,37.870733437462754
00-0036973,2025_19_BUF_JAX,2025,19,67.0,69.67137982026162,4,2024,68.72697977978304,70.27650652899631
00-0037228,2025_19_HOU_PIT,2025,19,43.0,47.32571961005586,4,2024,48.27351268761999,48.77938960547916
00-0037248,2025_19_BUF_JAX,2025,19,46.0,60.21091391736251,4,2024,61.532268314650274,59.391469426928566
00-0037840,2025_19_LA_CAR,2025,19,57.0,69.36058340737131,4,2024,69.97145579452348,68.11538635454261
00-0038555,2025_19_SF_PHI,2025,19,19.0,52.285091831126756,4,2024,50.91215920592185,55.86540485943396
00-0038685,2025_19_GB_CHI,2025,19,16.0,24.88832993407089,4,2024,28.18713077314059,26.644692690118717
00-0038797,2025_19_GB_CHI,2025,19,3.0,52.696785708205674,4,2024,57.80554323491349,48.32490642498407
00-0039391,2025_19_LAC_NE,2025,19,31.0,41.20992449213316,4,2024,43.73379005030218,41.607046176983935
00-0039738,2025_19_LA_CAR,2025,19,45.0,32.211922561040915,4,2024,33.55095638984975,35.32171322335026
00-0039746,2025_19_SF_PHI,2025,19,0.0,11.769427461808775,4,2024,14.41003358858034,16.178539054813363
00-0039875,2025_19_BUF_JAX,2025,19,0.0,52.55892852490708,4,2024,51.725894458034794,55.44305548513845
00-0040236,2025_19_GB_CHI,2025,19,27.0,46.24821819425821,4,2024,48.03787852514615,46.82861119321498
00-0040583,2025_19_HOU_PIT,2025,19,112.0,47.38616462017594,4,2024,45.98204911005386,51.69571329488276
00-0040666,2025_19_LAC_NE,2025,19,-1.0,59.03039113747162,4,2024,60.86645205429897,57.750657962118815
00-0040734,2025_19_LAC_NE,2025,19,27.0,62.29612074666637,4,2024,61.90553470075351,63.26743096661981
00-0033280,2025_20_SF_SEA,2025,20,35.0,61.121869970204806,4,2024,60.14775450925305,62.96955656183295
00-0034791,2025_20_HOU_NE,2025,20,14.0,26.980114632756305,4,2024,30.54387011977778,28.118628075157226
00-0036275,2025_20_LA_CHI,2025,20,76.0,58.27528027033146,4,2024,55.1715188128835,63.11834416299871
00-0036875,2025_20_HOU_NE,2025,20,70.0,38.964738079974076,4,2024,40.54638193954947,40.82620345228041
00-0037248,2025_20_BUF_DEN,2025,20,117.0,74.49317489551078,4,2024,72.80005627991281,75.32979763931417
00-0037840,2025_20_LA_CHI,2025,20,87.0,66.6894949285981,4,2024,67.03100855570473,66.1492530183353
00-0038134,2025_20_SF_SEA,2025,20,116.0,58.060928937640746,4,2024,56.83653804099004,60.64533866158784
00-0039165,2025_20_SF_SEA,2025,20,20.0,53.700918230355136,4,2024,56.13248781993129,52.44791987358756
00-0039471,2025_20_BUF_DEN,2025,20,0.0,9.713723194033339,4,2024,16.74140447545129,9.06984984107045
00-0039738,2025_20_LA_CHI,2025,20,19.0,29.753297933070634,4,2024,31.2070734194963,33.07026538142026
00-0039875,2025_20_BUF_DEN,2025,20,0.0,36.78223770630463,4,2024,37.63514253064835,39.83919933000928
00-0040236,2025_20_LA_CHI,2025,20,36.0,41.351405570850666,4,2024,42.94694557196774,42.859178617197465
00-0040583,2025_20_HOU_NE,2025,20,17.0,57.93424159087809,4,2024,58.26078183246784,58.647636334748626
00-0040649,2025_20_SF_SEA,2025,20,0.0,4.925834556146661,4,2024,10.877257988241947,6.2683337760893565
00-0040730,2025_20_BUF_DEN,2025,20,20.0,53.071431560612574,4,2024,54.9172844990904,52.62060508348301
00-0040734,2025_20_HOU_NE,2025,20,25.0,59.23067359704035,4,2024,61.95971468628611,56.83511230772935
00-0036875,2025_21_NE_DEN,2025,21,71.0,44.995489492481,4,2024,46.98462105393198,45.50970984707367
00-0037840,2025_21_LA_SEA,2025,21,39.0,65.18026270337819,4,2024,66.36850030400095,63.8217476634024
00-0038134,2025_21_LA_SEA,2025,21,62.0,65.77062411132965,4,2024,62.76285761450136,69.43915269760076
00-0039299,2025_21_LA_SEA,2025,21,4.0,13.656945867400147,4,2024,18.486988877146413,15.133189081700202
00-0039738,2025_21_LA_SEA,2025,21,55.0,23.343657867882833,4,2024,28.10428855683609,23.537605977690415
00-0040730,2025_21_NE_DEN,2025,21,37.0,40.32040750775658,4,2024,43.32755071358715,40.254455919781826
00-0040734,2025_21_NE_DEN,2025,21,5.0,52.778731171146624,4,2024,55.39246240575644,51.43400093129722
00-0036875,2025_22_SEA_NE,2025,22,23.0,49.228803364047245,4,2024,50.562961395176856,49.94338393369498
00-0038134,2025_22_SEA_NE,2025,22,135.0,64.46689135511758,4,2024,63.449096715082895,65.89577957159548
00-0039299,2025_22_SEA_NE,2025,22,6.0,13.160597097967614,4,2024,17.150945139253345,15.729548076157393
00-0040734,2025_22_SEA_NE,2025,22,19.0,44.005231560898316,4,2024,46.77556696656405,43.70774695890723
